sample,d_goal,d_hazard,d_agent,speed
0,0.789164425850718,0.5964015180573957,1.2523710676770363,0.0
1,1.3135703513447516,0.5993568773889589,1.2523710676770363,0.0
2,0.7881272063579556,0.5957158807749335,1.2523473748267906,0.0771981080582744
3,1.314087602007326,0.5999517750106571,1.2523473748267906,0.07719810805827433
4,0.7863527392050136,0.5939647483714398,1.2533789050317545,0.12065825942934387
5,1.314430759093897,0.6004690789391732,1.2533789050317545,0.12065825942934381
6,0.7840540813061955,0.5912167322795236,1.2556074884262252,0.16677241880614552
7,1.3144332991440397,0.600736420147081,1.2556074884262252,0.1667724188061455
8,0.7812137069910967,0.5875131135165643,1.2589390260803575,0.21289685539273026
9,1.3141655603350388,0.6008295641426038,1.2589390260803575,0.2128968553927302
10,0.7778099817819816,0.5828972548019589,1.2632720225523304,0.25789991251737315
11,1.313707651296909,0.6008362075579773,1.2632720225523304,0.25789991251737304
12,0.7738256015710667,0.5774152430830738,1.2685077374960128,0.30137019363805245
13,1.3131397039047272,0.6008455942507989,1.2685077374960128,0.30137019363805223
14,0.7692474536575208,0.5711159162393581,1.2745840009934915,0.34314307160756097
15,1.3124400967131156,0.6008467717163302,1.2745840009934915,0.34358802836418184
16,0.7640661893934838,0.5640509433126166,1.281442811623907,0.3831529887787707
17,1.3116313843425098,0.6008761835940335,1.281442811623907,0.38495233395547546
18,0.7582758300669387,0.5562749597012273,1.2889841155379878,0.4213801851951916
19,1.3108624386593255,0.6010964960746487,1.2889841155379878,0.4264410828045754
20,0.7518734149865856,0.5478457550551307,1.2970061830727193,0.45782847946286337
21,1.3104934472222756,0.6018739287144852,1.2970061830727193,0.46057995530975177
22,0.7448586885652628,0.5388245128280694,1.305589092706066,0.4925148963171712
23,1.3102056082428144,0.6029090647144697,1.305589092706066,0.4974801319979647
24,0.7372338228766929,0.5292761004159563,1.3144870038025351,0.5254643789861284
25,1.310428362335513,0.6046284650649193,1.3144870038025351,0.5300868416099928
26,0.7290031723694952,0.5192694079832637,1.3238605086396873,0.5567068953764172
27,1.310771153013162,0.6066710007176299,1.3238605086396873,0.56397684977549
28,0.7201730576940777,0.5088777322825017,1.3339875012975666,0.5862757579172598
29,1.3107508549582534,0.6086105005313198,1.3339875012975666,0.6079058852962539
30,0.7113325087022803,0.49694377339407797,1.346308633990473,0.6568207577283101
31,1.3104311284850352,0.6105328327251106,1.346308633990473,0.6569718757145175
32,0.7014568914437238,0.4855107442912102,1.3572145036582166,0.6492527665197844
33,1.3117232710383782,0.614216679938446,1.3572145036582166,0.6674012927775113
34,0.6908371689301529,0.4742197181868588,1.3676549290644084,0.674692936703892
35,1.3139907082499356,0.6190577073987436,1.3676549290644084,0.6892547248670313
36,0.6796933598946789,0.4628063646916126,1.378430767290748,0.6995870432726745
37,1.3165622731135003,0.6244406320518591,1.378430767290748,0.7206259710669162
38,0.6680425624600386,0.45135303907318947,1.389273874114437,0.7229748800974634
39,1.3198720895739238,0.630749392763723,1.389273874114437,0.7411635695528863
40,1.323520946951352,0.6376348158321693,1.4004127594928697,0.7707475304773482
41,1.327984957041109,0.6258005436459734,1.4114958117096936,0.7877290520453002
42,1.3329356536934087,0.6097840111091436,1.4227399285067772,0.8123857046767231
43,1.338728490143069,0.5933931505709142,1.433829723677264,0.8285976895410786
44,1.3451774053423333,0.5765943463431948,1.4448909634159224,0.8482587189686528
45,1.3523903573805842,0.559465770923484,1.4557900314203116,0.8635474320769277
46,1.3603439533680175,0.5420307522294295,1.4665157945198377,0.8788202193421878
47,1.3690415516704135,0.5243247592516207,1.4770332546126685,0.8927943140639842
48,1.3784942147719406,0.5064026600161736,1.4872853725844684,0.9049754204414074
49,1.388703417380037,0.4883065856979788,1.4972370050916872,0.9163679103691648
50,1.3996659101846962,0.47009038417405236,1.5068464548272178,0.9265139017370876
51,1.411372626699712,0.45181738243827035,1.516069416207535,0.9347547974279814
52,1.5227604997509439,0.4636929906489711,1.58522796619135,0.9179677163425454
53,1.5125940333936605,0.47950895818435735,1.585730522588726,0.9151402492053781
54,1.5033586205732423,0.49584505670120116,1.5854456248804139,0.9118674293855036
55,1.4950990762624656,0.5126035922996134,1.5843606908074357,0.9081872408300792
56,1.4878556123570392,0.5296938572004894,1.58246498672824,0.90413694152126
57,1.4816633622065853,0.5470319389206107,1.5797496389389583,0.8997530237632655
58,1.4765519467887467,0.5645403795133817,1.5762076462571697,0.895071174106853
59,1.4725450948779188,0.5821477513885693,1.5718338940156322,0.8901262328628538
60,1.4696603286689858,0.599788196819015,1.5666251696384752,0.8849521531902261
61,1.4679087248100342,0.6174009629578444,1.5605801799996,0.879581959780621
62,1.4672947587240208,0.6294343873156103,1.5536995707914845,0.8740477072009563
63,1.467816237554594,0.620681890469489,1.545985948162381,0.8683804379980545
64,1.4694643241960916,0.6115467839809178,1.5374439029109597,0.8626101407149286
65,1.4722236518339507,0.6020320740870553,1.5280800375597643,0.8567657080162815
66,1.476072525416965,0.592141532689057,1.5179029966622335,0.8508748951707378
67,1.4809832036919548,0.5818797162239577,1.506923500732235,0.8449642791881439
68,1.4869222530190294,0.5712519872182908,1.4951543842195787,0.8390592189609662
69,1.493850962280794,0.5602645392250926,1.4826106379891297,0.8331838168077965
70,1.5017258068848502,0.5489244259982932,1.4693094567939087,0.8273608818626949
71,1.5104989491688243,0.537239595947034,1.4552702922625238,0.8216118957946708
72,1.5201187624351722,0.5252189331473196,1.4405149119464384,0.8159569813750817
73,1.5305303663113594,0.512872306482715,1.4250674649903003,0.8104148744351581
74,1.9716060480028075,0.46120862716061445,1.4250674649903003,0.8302624872540291
75,1.5416761620600024,0.5002106288565838,1.4089545549952385,0.8050028997692457
76,1.983280507795459,0.4777320820235076,1.4089545549952385,0.8234082209971291
77,1.5534963577438101,0.4872459288878084,1.3922053206360243,0.7997369515399725
78,1.9942352387852076,0.4940737274327109,1.3922053206360243,0.8167125390723275
79,1.565929474664811,0.4739914380990186,1.374851524562118,0.7946314787279092
80,2.0044486484080437,0.5101882101833316,1.374851524562118,0.8101948465938368
81,1.578912828132828,0.46046169736897447,1.3569276510519976,0.7896994761392523
82,2.0139010685913727,0.5260347976467672,1.3569276510519976,0.8038729089751193
83,2.022574759453779,0.5415767305762018,1.3384710127896577,0.79776282433907
84,2.030453912161028,0.5567806879000252,1.3195218669790347,0.7918790025897107
85,2.037524651210227,0.5716163440138042,1.3001235407903122,0.7862341519202158
86,2.0437750363741287,0.5860560022037381,1.2803225658220128,0.7808392734653683
87,2.0491950645025594,0.6000742906282148,1.260168820840536,0.7757036647128972
88,2.0537766713471157,0.6136479096895315,1.239715681495968,0.7708349321687835
89,2.057513733548063,0.6267554216505511,1.2190201749765732,0.766239013628924
90,2.0604020708980415,0.639377075026598,1.1981431366171975,0.7619202102473936
91,2.062439448975244,0.6514946576576008,1.177149364278938,0.7578812284147677
92,2.0636255822184912,0.66309137348668,1.1561077648286806,0.7541232312744086
93,2.063962137497598,0.6741517389826742,1.1350914852316,0.7506458995168969
94,2.0634527382139742,0.6846614958835788,1.1141780186030728,0.7474475009096117
95,2.06210296894802,0.6946075375377155,1.093449273046156,0.7445249678466729
96,2.05992038065094,0.7039778466063814,1.0729915882610894,0.7418739820503418
97,2.0569144963586137,0.7127614422875391,1.0528956818443067,0.7394890654239844
98,2.053096817383425,0.7209483355425363,1.0332565040657857,0.7373636759532622
99,2.0484808299159702,0.7285294910711616,1.014172977000091,0.7354903074793063
100,2.0430820119415785,0.7354967949960636,0.9957475915930516,0.7338605921268836
101,2.0369178403460086,0.741843027394907,0.9780858351228239,0.7324654041620093
102,2.030007798049783,0.7475618389650429,0.9612954222532215,0.7312949640758802
103,2.022373380970636,0.7526477312268968,0.9454853062745096,0.7303389417427509
104,2.014038104567783,0.7570960397735483,0.930764453994754,0.7295865575749846
105,2.0050275096693473,0.7609029201589502,0.9172403787627057,0.7290266806946362
106,1.9953691672245433,0.7578637126753982,0.905017441605533,0.7286479232528343
107,1.9850926815544037,0.7438632443219512,0.894194950186575,0.7284387301510489
108,1.9742296915982493,0.7301801264951041,0.884865108120714,0.7283874635471957
109,1.9628138695671427,0.7168859838026487,0.8771108910221214,0.7284824816600172
110,1.9508809163198948,0.7040549011348672,0.8710039474400416,0.7287122115132407
111,1.9384685526715866,0.691762999700142,0.866602638869026,0.7290652153832937
112,1.925616505729253,0.680087870911806,0.8639503396015193,0.7295302508280794
113,1.912366489224921,0.6691078519815126,0.8630741114675178,0.7300963242775506
114,1.8987621766839176,0.6589011323338964,0.8639838493324895,0.7307527382580796
115,1.8848491661280904,0.6495446882172827,0.8666719617652686,0.7314891324012748
116,1.870674934872338,0.6411130543359556,0.8711136110924702,0.7322955184536806
117,1.8562887828324872,0.6336769557101353,0.8772674934967387,0.7331623095569622
118,1.8417417626284576,0.627301839399552,0.8850770989885113,0.7340803441093654
119,1.8270865946454795,0.6220463626107955,0.8944723584871415,0.7350409045493196
120,1.8123775651163612,0.6179609087932015,0.9053715646601581,0.7360357314220598
121,1.797670405219383,0.6150862139579032,0.9176834460063666,0.7370570331012982
122,1.7830221491612679,0.6134521890468223,0.9313092790043098,0.7380974915414776
123,1.7684909692460742,0.6130770188364456,0.9461449382718028,0.739150264433158
124,1.754135986033504,0.6139666029766702,0.9620828059499973,0.7402089841258767
125,1.7400170518792653,0.6161143814016488,0.9790134852178018,0.7412677536703566
126,1.7261945064410957,0.6195015572369292,0.9968272858206572,0.7423211403162824
127,1.712728903140786,0.6240976993999898,1.0154154695560844,0.7433641667838627
128,1.6996807061065031,0.629861678674021,1.0346712595912209,0.7443923006078094
129,1.687109957787914,0.6367428689078691,1.0544906289518787,0.7454014418318596
130,1.675075918239877,0.6446825316267547,1.074772890799609,0.7463879093110666
131,1.6636212062042774,0.640914548326239,1.0954213117742542,0.7476760999568535
132,1.884421931161236,0.46034745919158215,1.1163459560613722,0.750382066617062
133,1.6528020719554077,0.6288459557516485,1.1163459560613722,0.749276038997472
134,1.87384917183065,0.47317332586271355,1.1374553588192704,0.7510817504219818
135,1.6427133248518542,0.6163675629544555,1.1374553588192704,0.7494437502278841
136,1.8626971673606956,0.4856602126039084,1.1586645424288247,0.7517533990771779
137,1.633384901480741,0.6034953787883293,1.1586645424288247,0.7503890620115967
138,1.8509967097532456,0.4977900414125388,1.179893782038081,0.7523957539571341
139,1.6248611479244888,0.5902516915928959,1.179893782038081,0.7513221794128059
140,1.8387806285801604,0.509545853588774,1.2010671944604934,0.7530077995622392
141,1.6171878421562729,0.5766622544140249,1.2010671944604934,0.7522098933730382
142,1.8260837921180606,0.5209117118039089,1.222112922008793,0.753588749527533
143,1.6104071619218965,0.5627548016565694,1.222112922008793,0.7530499913362374
144,1.8129431050063995,0.5318726203024496,1.2429630908770246,0.7541380326252078
145,1.6045569529266643,0.5485590873464176,1.2429630908770246,0.7538459531800992
146,1.79939750147672,0.5424144597799677,1.2635568381709144,0.7546552788345394
147,1.5996651747221524,0.5341026775423872,1.2635568381709144,0.7547167254638815
148,1.7854879330588094,0.5325649671735082,1.283851420458726,0.7551403055446567
149,1.5957374229994348,0.5193968239004179,1.283851420458726,0.756490325006751
150,1.7712573495153958,0.5217151934594567,1.3037513328872845,0.7555931039479308
151,1.5928555604198888,0.5045323199106311,1.3037513328872845,0.7562130106006621
152,1.756750671592805,0.5117469116266012,1.32321849807267,0.7560138256747742
153,1.5910091548740664,0.48952773943130623,1.32321849807267,0.7569009381455791
154,1.742014754003339,0.5027513437822658,1.3422056016205213,0.7564027697142274
155,1.590205581521524,0.4744236059918328,1.3422056016205213,0.7575713205720402
156,1.7270983368801827,0.4948165268433728,1.3606652600513889,0.7567603696588665
157,1.5904507866418691,0.45926894260464557,1.3606652600513889,0.758185352165366
158,1.712051983772961,0.4880250606753099,1.3785528270159273,0.7570871813072232
159,1.6969280040892831,0.48245166743704754,1.3958263984841697,0.7573838706520517
160,1.6817803577442343,0.47816069847757253,1.4124467023808889,0.7576512022783576
161,1.6666645396678246,0.47520376294497174,1.428376991849506,0.7578900281910804
162,1.651637441754152,0.4736176729744056,1.4435829472544741,0.7581012770886716
163,1.636757189832145,0.4734228953765299,1.4580325868756923,0.7582859440954907
164,1.622082953314925,0.47462266501129646,1.4716961859256883,0.7584450809629121
165,1.607674725363151,0.4772028531357419,1.4845462034465613,0.7585797867462976
166,1.593593071697856,0.4811326047380449,1.4965572166098637,0.7586911989624877
167,1.5798988466398474,0.48636567693258836,1.5077058619321144,0.7587804852301693
168,1.5666528755526914,0.4928423413867638,1.5179707829249312,0.7588488353934157
169,1.5539156036363904,0.5004916692704723,1.527332583717051,0.7588974541267846
170,1.5417467119631567,0.5092340024620279,1.5357737882121503,0.758927554018622
171,1.5302047027586152,0.5189834276393918,1.5432788043786707,0.7589403491276425
172,1.5193464571914097,0.5296501030283887,1.5498338933038025,0.7589370490063918
173,1.5092267703060613,0.5411423312473876,1.5554271426818993,0.7589188531838842
174,1.4998978691655611,0.5533683167233051,1.5600484444469156,0.7588869460984816
175,1.4914089216923985,0.5662375858269627,1.5636894762982492,0.7588424924709941
176,1.4838055450256364,0.5796620785052092,1.5663436869091858,0.7587866331069545
177,1.4771293233528522,0.5935569407969954,1.568006284646788,0.7587204811161321
178,1.4714173460310407,0.607841059111677,1.5686742296713492,0.758645118536512
179,1.466701777286237,0.6224373814007848,1.5683462293225272,0.7585615933492403
180,1.4630094687983957,0.6320927513445921,1.5670227367379985,0.7584709168703854
181,1.4603616259810956,0.6273997536062346,1.5647059526890807,0.7583740615047788
182,1.4587735377331954,0.6221707003458904,1.561399830656373,0.7582719588467285
183,1.4582543778894381,0.6164111111153531,1.557110085207302,0.7581654981119488
184,1.4588070845886674,0.6101271204518193,1.551844203776594,0.7580555248847275
185,1.4604283214108467,0.6033254832216828,1.5456114619903354,0.7579428401640788
186,1.463108521538814,0.5960135812633471,1.538422942714503,0.7578281996924039
187,1.4668320135302961,0.5881994316147298,1.530291559049659,0.75771231355008
188,1.471577224699732,0.5798916966711263,1.5212320815348632,0.7575958459993086
189,1.477316955759627,0.5710996966922994,1.511261169865558,0.7574794155605736
190,1.4840187183873066,0.5618334251674988,1.5003974094718424,0.7573635953051022
191,1.491645125861936,0.5521035676580193,1.4886613533445734,0.7572489133468656
192,1.5001543259156043,0.5419215248745128,1.4760755695361756,0.7571358535178351
193,1.9921080733040524,0.4560229857456065,1.4760755695361756,0.758053624526073
194,1.5095004644765253,0.531299440917918,1.462664694799569,0.7570248562104447
195,2.0036191710903024,0.47117914310223274,1.462664694799569,0.7578488135884408
196,1.519634169028135,0.5202502378280728,1.448455494860372,0.75691631937151
197,2.01456412050464,0.4862983774234075,1.448455494860372,0.7576492808370316
198,1.5305030408084634,0.5087876578552167,1.4334769318419152,0.7568105996321952
199,2.024912572716552,0.5013310517604025,1.4334769318419152,0.7574556258461306
200,1.5420521459492842,0.4969263152129343,1.4177602393761666,0.7567080135590197
201,2.034636239004088,0.5162319754331574,1.4177602393761666,0.7572683754735925
202,1.554224496809914,0.4846817595079816,1.4013390059318422,0.756608839011313
203,2.0437088908273338,0.5309598716491873,1.4013390059318422,0.7570879865190845
204,1.5669615160979287,0.47207055360105843,1.3842492668676964,0.75651331659102
205,2.0521063580655,0.5454769158938498,1.3842492668676964,0.7569148485364688
206,1.5802034777944962,0.4591103693702177,1.3665296056665115,0.756421651171254
207,2.0598065259180767,0.5597483382679094,1.3665296056665115,0.7567492867762201
208,2.0667893308966123,0.5737420824615383,1.348221264713555,0.7565915652346771
209,2.073036756268486,0.5874285142047739,1.329368265839627,0.7564418897878803
210,2.078532827256693,0.6007801725282658,1.3100175406372632,0.7563004113887687
211,2.0832636062495253,0.6137715578208292,1.2902190702595737,0.7561672293075733
212,2.0872171882302757,0.6263789513709671,1.270026034000547,0.7560423943963425
213,2.0903836965988893,0.6385802617647685,1.2494949654047067,0.7559259123596764
214,2.0927552795241446,0.650354894148873,1.2286859139292965,0.7558177470149048
215,2.0943261069356067,0.661683638939407,1.2076626092456275,0.7557178235261168
216,2.0950923682386215,0.6725485770616546,1.1864926240766107,0.7556260315976466
217,2.095052270812209,0.6829329992426194,1.1652475299827134,0.7555422286137988
218,2.094206039328238,0.6928213372546291,1.1440030386900586,0.7554662427127825
219,2.0925559159100313,0.7021991053291862,1.1228391193741198,0.7553978757839998
220,2.090106161128906,0.7110528502331829,1.1018400797633232,0.7553369063789822
221,2.0868630558173966,0.7193701087309605,1.081094596037429,0.755283092527402
222,2.0828349036575156,0.7271393713515236,1.060695673349517,0.7552361744506828
223,2.0780320344804912,0.7343500515459431,1.0407405155607432,0.7551958771668
224,2.0724668081906032,0.7409924594602662,1.0213302797130526,0.7551619129808954
225,2.0661536191990035,0.7470577796681955,1.0025696882787964,0.7551339838573058
226,2.059108901223318,0.7525380523088587,0.984566470870823,0.7551117836695562
227,2.051351132274458,0.7574261571611144,0.9674306075760328,0.7550950003257518
228,2.0429008396127286,0.7617158002595351,0.9512733492101598,0.7550833177676506
229,2.0337806044102344,0.7654015027205914,0.9362059964346388,0.7550764178424867
230,2.0240150658049276,0.7684785915024045,0.9223384305643132,0.755073982047356
231,2.013630923972657,0.7709431918692838,0.9097774044318373,0.7550756931466505
232,2.002656941776506,0.7566418373291147,0.8986246216683245,0.7550812366636745
233,1.9911239444768853,0.7424980893192543,0.8889746561581212,0.7550903022481356
234,1.9790648169006653,0.7287481234160718,0.8809127881401915,0.7551025849217404
235,1.96651449737275,0.7154664389017917,0.874512856352451,0.7551177862045938
236,1.9535099676087093,0.7027295945735688,0.8698352429290296,0.7551356151255219
237,1.9400902376526459,0.6906156577834599,0.8669251155638695,0.7551557891198089
238,1.926296324820969,0.6792034955075457,0.8658110466464848,0.7551780348181729
239,1.912171225481503,0.6685718956174727,0.8665041102780343,0.7552020887310683
240,1.897759878360283,0.6587985144673887,0.8689975262994908,0.7552276978326553
241,1.8831091179284662,0.6499586580751693,0.8732668792427748,0.7552546200489583
242,1.8682676162830105,0.642123918376764,0.8792708949639517,0.7552826246548947
243,1.8532858118024418,0.6353607024656881,0.8869527150030944,0.7553114925849721
244,1.8382158227399765,0.6297287098772513,0.8962415742744438,0.7553410166625303
245,1.8231113438188455,0.6252794286320774,0.9070547656041293,0.7553710017524637
246,1.8080275238290213,0.6220547322538238,0.9192997665270648,0.7554012648423658
247,1.7930208222024442,0.6200856646576084,0.9328764087765173,0.7554316350570403
248,1.778148842578653,0.6193914956150854,0.9476789862801795,0.7554619536112884
249,1.7634701414790008,0.6199791156207176,0.9635982194205236,0.755492073705818
250,1.7490440104006373,0.6218428162602745,0.9805230179176264,0.7555218603710504
251,1.734930229936281,0.6249644731855981,0.9983420086324986,0.7555511902635034
252,1.7211887949363278,0.6293141174088757,1.0169448155259555,0.7555799514193056
253,1.707879610267225,0.634850851242037,1.0362230956534688,0.7556080429692883
254,1.6950621573910436,0.6415240417857395,1.056071347054814,0.7556353748199381
255,1.6827951327963586,0.6492747101285256,1.0763875119954556,0.7556618673043578
256,1.6711220782748306,0.6383896069049997,1.0970734798776567,0.7559871751062834
257,1.8818462030929852,0.4575459508122353,1.1180369747791583,0.7557746852013589
258,1.6601120666806042,0.6261901892448779,1.1180369747791583,0.7562549789232408
259,1.8712151604442397,0.47053660886585813,1.1391867249308474,0.7557877194700109
260,1.6498308888582538,0.6135903856190499,1.1391867249308474,0.7559023558366907
261,1.8600104060696498,0.4831794552120656,1.1604370099472834,0.7558002125761486
262,1.6403200680335301,0.6006093295441617,1.1604370099472834,0.7559750310571698
263,1.8482628792452567,0.49545661245867123,1.1817070566352215,0.7558121424167861
264,1.6316256820980297,0.5872698222342695,1.1817070566352215,0.7560580399478363
265,1.8360055596282987,0.507351321711784,1.2029202067431597,0.7558234913156834
266,1.6237929454697266,0.5735973785193599,1.2029202067431597,0.7561346634888118
267,1.823273468138608,0.5188478444974673,1.224003942985785,0.75583424578433
268,1.6168633759386166,0.5596195059135591,1.224003942985785,0.7562043623301511
269,1.8101036641965897,0.5299313830417002,1.2448897657115068,0.7558443962797963
270,1.6108742738037607,0.5453658742322527,1.2448897657115068,0.7562672763720905
271,1.796535238352301,0.5405880153427297,1.2655149802217738,0.7558539369608953
272,1.6058551079886876,0.5308657627385652,1.2655149802217738,0.7564118842713922
273,1.7826092991961076,0.5338290575219644,1.2858157493972433,0.7558628654439808
274,1.6018390983836255,0.5161583173820263,1.2858157493972433,0.7564544584440612
275,1.768368953285728,0.5230341278008969,1.3057353507490383,0.7558711825596308
276,1.5988469637716198,0.5012802348655103,1.3057353507490383,0.7564510449101871
277,1.7538592766590206,0.5131364611443858,1.3252200666946912,0.7558788921113445
278,1.5968949774024597,0.48627231462262077,1.3252200666946912,0.7564988164705992
279,1.7391272763295091,0.5042261286295108,1.3442193060181675,0.7558860006373168
280,1.5959939869060458,0.4711794228174966,1.3442193060181675,0.7565421439921424
281,1.7242218399867328,0.4963897305247495,1.362685378702882,0.7558925171762286
282,1.5961491945891073,0.45605107627779534,1.362685378702882,0.7565790460949384
283,1.7091936719518328,0.48970813714304817,1.3805735200902711,0.7558984530379291
284,1.6940952132782279,0.4842540606533695,1.3978417664635905,0.7559038215797783
285,1.6789805437476288,0.4800895976459824,1.4144508332655716,0.7559086379893413
286,1.6639052634052582,0.4772639174841152,1.4303640027105835,0.7559129190740435
287,1.6489263512196028,0.4758112887237987,1.4455470209207473,0.7559166830583156
288,1.634101998458213,0.47574962724597203,1.4599680042755079,0.7559199493886731
289,1.6194914144609058,0.477079711964922,1.473597354548408,0.7559227385471238
290,1.605154602685368,0.4797851505505671,1.4864076823427324,0.7559250718731968
291,1.5911521052181765,0.48383309882249886,1.4983737383075808,0.7559269713948508
292,1.5775447144059165,0.48917565799963136,1.5094723516089987,0.7559284596684385
293,1.5643931508827689,0.4957518086814189,1.519682375140639,0.7559295596278545
294,1.5517577080633975,0.5034897001122253,1.5289846369801863,0.7559302944429278
295,1.5396978641360117,0.5123091020782995,1.5373618976276868,0.7559306873870967
296,1.528271863721791,0.5221238419930561,1.5447988125972905,0.7559307617143154
297,1.5175362726415926,0.5328440837394673,1.5512818999726745,0.755930540545137
298,1.5075455106112639,0.544378348132605,1.5567995125771197,0.7559300467618539
299,1.4983513681183414,0.5566352187052165,1.5613418144508568,0.755929302912551
300,1.4900025151442509,0.5695247146390607,1.564900761370203,0.7559283311238841
301,1.4825440107018613,0.5829593417590887,1.5674700851847165,0.7559271530223811
302,1.4760168232634538,0.5968548518341292,1.5690452817899463,0.7559257896640199
303,1.4704573729608363,0.6111307509839635,1.5696236025941535,0.7559242614718277
304,1.4658971068555595,0.6257106016562383,1.5692040493777617,0.7559225881812162
305,1.4623621185266322,0.6311029985029099,1.5677873724842304,0.7559207887927548
306,1.4598728226551347,0.6263836309466871,1.5653760723207517,0.7559188815320739
307,1.4584436941831582,0.6211262472164634,1.5619744041867922,0.7559168838165552
308,1.4580830800118039,0.6153365475322015,1.5575883864881754,0.7559148122284979
309,1.4587930891445653,0.609020845337892,1.5522258124343555,0.7559126824943933
310,1.4605695647818264,0.6021860727178037,1.54589626535685,0.7559105094699777
311,1.4634021392640513,0.5948397871498249,1.5386111378276095,0.7559083071307044
312,1.4672743700994384,0.5869901798876527,1.530383654797427,0.7559060885672825
313,1.472163952755259,0.5786460863249683,1.5212289010162197,0.7559038659859356
314,1.4780430035899201,0.5698169987697057,1.5111638530389873,0.7559016507130292
315,1.4848784043804935,0.5605130821486063,1.5002074161630303,0.755899453203718
316,1.4926321984496782,0.5507451932760058,1.4883804666829488,0.7558972830542836
317,1.5012620274682502,0.5405249044620538,1.475705899889107,0.7558951490178215
318,1.995054620898471,0.4582710089476631,1.475705899889107,0.7559977423305226
319,1.5107215976139272,0.5298645324118787,1.4622086842711814,0.755893059022953
320,2.006454895601598,0.47338565365177204,1.4622086842711814,0.7559755442831888
321,1.5209611638766878,0.5187771735884179,1.4479159224192122,0.7558910201952554
322,2.0172876709300804,0.48845652566548214,1.4479159224192122,0.7559544702744638
323,1.5319280218538653,0.5072767474905284,1.4328569191375673,0.7558890388810903
324,2.027522740441804,0.5034348676396987,1.4328569191375673,0.755934542050723
325,1.5435669972932637,0.49537804965139803,1.4170632572987918,0.7558871206735482
326,2.0371319611958145,0.518276249465838,1.4170632572987918,0.7559157740710238
327,1.5558209248241228,0.4830968166122787,1.400568881959778,0.7558852704402138
328,2.0460892534722013,0.5329400529063534,1.400568881959778,0.7558981739715577
329,1.5686311086661555,0.4704498057023414,1.3834101932357847,0.7558834923524913
330,2.054370598709899,0.5473890249390542,1.3834101932357847,0.7558817430298564
331,1.5819377595335844,0.4574548931956053,1.3656261483705523,0.7558817899162157
332,2.0619540361565427,0.5615888930506464,1.3656261483705523,0.7558664766264576
333,2.0688196586512433,0.5755080353251165,1.3472583733428345,0.7558523647019249
334,2.074949607896526,0.5891171983653802,1.3283512841980551,0.7558393922072967
335,2.080328069518866,0.602389256589931,1.3089522180722284,0.7558275395461956
336,2.0849412681675803,0.6152990070904835,1.289111573563654,0.7558167830070197
337,2.088777462858493,0.6278229949199159,1.2688829596817959,0.7558070951837873
338,2.0918269427309655,0.6399393643441413,1.2483233520330672,0.7557984453843759
339,2.094082023353817,0.6516277322064554,1.2274932541561419,0.7557908000250503
340,2.0955370436866185,0.6628690801049065,1.2064568609566888,0.7557841230103185
341,2.096188363777012,0.6736456625688452,1.1852822199720336,0.755778376097309
342,2.0960343632514733,0.6839409288421916,1.164041384678677,0.7557735192439847
343,2.0950754406355516,0.6937394562431654,1.1428105522028298,0.755769510940653
344,2.093314013519395,0.7030268933795435,1.1216701755805703,0.7557663085243537
345,2.0907545195647113,0.7117899117615665,1.1007050381369858,0.7557638684758088
346,2.087403418329514,0.7200161645777043,1.080004274647291,0.7557621466987472
347,2.08326919386639,0.727694251587447,1.0596613207996184,0.7557610987815089
348,2.0783623580280146,0.7348136892452838,1.039773769272995,0.7557606802409329
349,2.072695454389443,0.7413648853055813,1.0204431077577518,0.7557608467486123
350,2.0662830626697355,0.747339117273096,1.0017743118962872,0.7557615543397002
351,2.0591418035049176,0.7527285141616566,0.9838752649772902,0.7557627596045078
352,2.051290343389434,0.7575260411070097,0.9668559769905347,0.7557644198632072
353,2.042749399563385,0.7617254864512858,0.9508275791639226,0.7557664933240195
354,2.03354174457707,0.765321450978111,0.9359010771979238,0.7557689392253195
355,2.0236922102120154,0.7683093390307176,0.9221858577843678,0.7557717179621312
356,2.013227690377872,0.7706853512920268,0.9097879589864438,0.755774791197543
357,2.0021771425366337,0.7564735550598849,0.8988081353806838,0.755778121959596
358,1.9905715871288685,0.7423541458788042,0.889339772357671,0.755781674724241
359,1.9784441043905163,0.7286361121277699,0.8814667284503879,0.7557854154849736
360,1.9658298278529072,0.7153941515867799,0.8752612068252236,0.7557893118097917
361,1.9527659337128869,0.7027049659329178,0.8707817733040193,0.7557933328861208
362,1.93929162514457,0.6906466951262645,0.8680716446741031,0.7557974495543807
363,1.9254481104998895,0.679298192825402,0.867157364676217,0.7558016343308572
364,1.911278574213237,0.6687381317339728,0.8680479648245257,0.7558058614205639
365,1.8968281390880257,0.6590439360083141,0.8707346744040055,0.7558101067207577
366,1.8821438185030983,0.6502905492959663,0.8751912023690498,0.755814347815797
367,1.8672744569386093,0.6425490613802989,0.8813745690472264,0.7558185639639898
368,1.8522706570898706,0.6358852329127604,0.8892264238431223,0.755822736077106
369,1.8371846917205434,0.6303579747389122,0.898674752172104,0.7558268466931795
370,1.8220703983121083,0.6260178536153671,0.9096358544251527,0.7558308799432508
371,1.8069830545050307,0.6229057070034718,0.9220164732051981,0.7558348215126449
372,1.7919792323103856,0.6210514534961341,0.9357159513003006,0.7558386585973931
373,1.7771166291124436,0.6204731803402096,0.9506283189783199,0.7558423798563682
374,1.7624538735974877,0.6211765747913058,0.96664423139558,0.7558459753596843
375,1.7480503049472154,0.6231547426928267,0.9836527013767891,0.7558494365339028
376,1.7339657239414767,0.6263884284073901,1.0015425963506335,0.7558527561045453
377,1.720260115038484,0.6308466189880204,1.020203888604329,0.7558559280363972
378,1.7069933390517154,0.6364874866275788,1.0395286640751795,0.7558589474720658
379,1.6942247967277884,0.6432596008204506,1.0594119063329976,0.7558618106692268
380,1.6820130643482702,0.6481457667993975,1.0797520795569129,0.7558645149369605
381,1.6703977835904993,0.636321077883573,1.1004517370498652,0.7562474050458301
382,1.8804742454208452,0.4591689341394148,1.1214189584522036,0.7558706072551548
383,1.6594588503398306,0.6240753794756266,1.1214189584522036,0.756289368411968
384,1.8697675038468125,0.4721193609531667,1.1425728994678683,0.7558708497354858
385,1.6491802958183177,0.6113996389839969,1.1425728994678683,0.7593762662579118
386,1.8584909785620904,0.48471946877683,1.1638171129595185,0.7558710816455421
387,1.6397294676543748,0.5983637857894016,1.1638171129595185,0.7565466038761043
388,1.8466758714209275,0.49695153233716355,1.1850711092570985,0.7558713026136412
389,1.6311137492994243,0.5849782323154472,1.1850711092570985,0.756693583616883
390,1.8343554249958964,0.5087989312508624,1.2062612532056343,0.7558715123498096
391,1.6233607110152477,0.5712609936813129,1.2062612532056343,0.7569378866651713
392,1.8215649230386435,0.5202460544996395,1.227315854740423,0.7558717106411992
393,1.6165111063978517,0.5572393624549841,1.227315854740423,0.7571634497348773
394,1.8083416871786882,0.5312782227674093,1.2481670514892333,0.755871897347455
395,1.6106021168523919,0.5429431201278196,1.2481670514892333,0.757366174907805
396,1.794725068876859,0.5418816251762082,1.2687526829981193,0.755872072396071
397,1.605663167130505,0.5284017316791113,1.2687526829981193,0.7576323808935629
398,1.7807564355043484,0.532430050698549,1.289009397957361,0.7558722357777425
399,1.60172734816415,0.5136545266824474,1.289009397957361,0.7577776254424402
400,1.7664791492612983,0.5217454829541778,1.3088810925266303,0.7558723875417571
401,1.598815009273844,0.4987381516809354,1.3088810925266303,0.7578754690872205
402,1.7519385374822714,0.5119700610668566,1.3283144267102829,0.7558725277914278
403,1.596942352807606,0.4836936584115372,1.3283144267102829,0.7580030535702476
404,1.7371818527030225,0.5031935084138369,1.3472591795302724,0.7558726566795965
405,1.5961200672374447,0.46856614191703205,1.3472591795302724,0.7581126061770108
406,1.7222582206881079,0.49550179758396845,1.3656680190097004,0.7558727744042266
407,1.596353152471751,0.45340535358979417,1.3656680190097004,0.7582030916165274
408,1.7072185744481647,0.4889748633467204,1.3834965091504667,0.7558728812040905
409,1.692115572117263,0.4836841624275226,1.4007029880931472,0.7558729773545791
410,1.6770034964246874,0.4796902250972676,1.4172484495036792,0.7558730631636313
411,1.6619381333944878,0.47704037700379115,1.4330964331030278,0.7558731389678094
412,1.6469766278549918,0.47576682392891373,1.4482129244447508,0.7558732051285173
413,1.6321773133564423,0.4758852797910177,1.4625662636451426,0.755873262028374
414,1.6175995141970791,0.4773942767677865,1.4761270626586427,0.7558733100677543
415,1.6033033174666405,0.48027523031307323,1.488868130630178,0.7558733496614862
416,1.5893493133518783,0.48449325212677696,1.5007644068260895,0.7558733812357338
417,1.5757983024303086,0.48999862573951924,1.5117929006378703,0.7558734052250405
418,1.562710969321785,0.4967287968438601,1.5219326381619271,0.7558734220695588
419,1.5501475228825536,0.5046106938874151,1.5311646148791969,0.7558734322124487
420,1.5381673041146289,0.5135631869464762,1.5394717539871652,0.7558734360974598
421,1.5268283641148144,0.5234995110315578,1.5468388699709101,0.7558734341666833
422,1.5161870156785706,0.5343295157192876,1.5532526370372965,0.75587342685848
423,1.5062973635643775,0.5459616468035838,1.5587015620759404,0.7558734146055817
424,1.497210819857371,0.5583046090328676,1.563175961851058,0.7558733978333568
425,1.488975612273671,0.5712686960645117,1.5666679441691342,0.7558733769582421
426,1.4816362945319634,0.5847668015859436,1.569171392808078,0.7558733523863361
427,1.4752332689907584,0.5987151436566736,1.5706819560339558,0.7558733245121437
428,1.4698023325106258,0.6130337438732567,1.57119703857136,0.7558732937174744
429,1.4653742568601344,0.627646705885926,1.5707157969330816,0.7558732603704823
430,1.4619744148686469,0.6305141001210436,1.5692391380539725,0.7558732248248469
431,1.4596224628919274,0.6257253867802143,1.5667697212129257,0.7558731874190833
432,1.4583320889860252,0.6203993137273691,1.563311963265879,0.7558731484759814
433,1.4581108345098595,0.6145416624203208,1.5588720472518003,0.7558731083021625
434,1.4589599947675442,0.6081588281305824,1.5534579344729302,0.7558730671877509
435,1.460874601865898,0.6012578255171132,1.5470793801902387,0.7558730254061482
436,1.4638434903386424,0.5938462955720363,1.5397479531151508,0.7558729832139109
437,1.467849443431844,0.5859325142373712,1.5314770589191418,0.7558729408507185
438,1.4728694154137196,0.5775254030547906,1.5222819680236694,0.7558728985394289
439,1.4788748230127073,0.5686345422873811,1.512179847973822,0.75587285648621
440,1.4858318972223872,0.5592701870470032,1.5011898007396347,0.7558728148807505
441,1.4937020853269758,0.5494432870777975,1.4893329053284852,0.7558727738965313
442,1.5024424921427626,0.5391655109917163,1.4766322661293418,0.7558727336911595
443,1.9964485776489793,0.45758601364740736,1.4766322661293418,0.7561783934340471
444,1.5120063491435616,0.5284492759334823,1.4631130674434032,0.7558726944067569
445,2.007835838061722,0.47270154944887893,1.4631130674434032,0.7561133856660899
446,1.522343500308987,0.5173077838802608,1.4488026346837908,0.755872656170397
447,2.0186537935778484,0.48776684500563033,1.4488026346837908,0.7560519721750392
448,1.5334008941396104,0.5057550660688449,1.4337305027466791,0.755872619094582
449,2.0288723335246877,0.5027336932953461,1.4337305027466791,0.7559941930468225
450,1.5451230722380485,0.493806037407695,1.417928492063838,0.7558725832777604
451,2.0384634110427253,0.517558172822391,1.417928492063838,0.7559400673874034
452,1.5574526460639628,0.4814765631956719,1.401430792837173,0.7558725488048736
453,2.0474010427390836,0.5322001339384621,1.401430792837173,0.7558895947660007
454,1.570330754836226,0.4687835410639651,1.3842740579230697,0.7558725157479314
455,2.0556613065801894,0.5466227546915882,1.3842740579230697,0.7558427566501211
456,1.5836974989857808,0.455745001822644,1.3664975047700116,0.7558724841666048
457,2.0632223385143837,0.5607921590209461,1.3664975047700116,0.7557995178258358
458,2.0700643282423585,0.574677089870642,1.348143026706568,0.7557598277972847
459,2.076169514489037,0.5882486300897906,1.3292553137152512,0.7557236221599316
460,2.0815221800740473,0.6014799645588643,1.3098819825944694,0.7556908239425975
461,2.0861086470285697,0.6143461776729625,1.290073716085734,0.7556613449138317
462,2.0899172719632184,0.6268240810263703,1.2698844101018836,0.7556350868486723
463,2.0929384418540464,0.6388920668264925,1.249371327605648,0.7556119427523345
464,2.0951645703808586,0.6505299831920122,1.2285952569227845,0.7555917980378323
465,2.096590094923107,0.6617190280489766,1.2076206712931807,0.7555745316549964
466,2.097211474292965,0.6724416588276562,1.1865158852269237,0.755560017168769
467,2.097027187261962,0.6826815155858057,1.1653532017012074,0.7555481237850931
468,2.0960377319162693,0.6924233555462438,1.1442090423742042,0.7555387173230687
469,2.0942456258554905,0.7016529973452679,1.1231640507826037,0.7555316611324591
470,2.091655407230146,0.7103572735503099,1.1023031559333494,0.755526816955939
471,2.0882736365931702,0.7185239902269585,1.0817155808391727,0.7555240457358292
472,2.084108899520092,0.7261418925229894,1.06149477748284,0.7555232083653508
473,2.079171809930393,0.7332006353956184,1.0417382666099446,0.7555241663847128
474,2.0734750140182587,0.7396907587424049,1.022547357936434,0.7555267826226095
475,2.0670331946737415,0.7456036663100127,1.0040267242378242,0.7555309217839409
476,2.059863076244633,0.7509316078517165,0.9862838019300401,0.7555364509847694
477,2.0519834294542454,0.7556676640869878,0.9694279918610406,0.7555432402357327
478,2.0434150762501684,0.7598057340870744,0.9535696379044992,0.7555511628753068
479,2.034180894312998,0.7633405247712612,0.9388187683757008,0.7555600959544422
480,2.024305820901364,0.7662675422511481,0.9252835969097787,0.755569920574259
481,2.013816855649422,0.7685830848063075,0.9130687955106658,0.7555805221785775
482,2.0027430618646758,0.7594321102664818,0.9022735726227445,0.7555917908031693
483,1.9911155657968167,0.7453289609576874,0.8929896120591856,0.7556036212836788
484,1.9789675532617377,0.7316293557798259,0.8852989522115301,0.7556159134242512
485,1.9663342629085867,0.7184079401782352,0.8792719060177029,0.755628572128929
486,1.953252975311568,0.7057413205791897,0.8749651369783883,0.7556415074979178
487,1.9397629969525034,0.6937074947302565,0.8724200114844257,0.7556546348908552
488,1.9259056380355817,0.6823851242744298,0.8716613402066229,0.7556678749592021
489,1.911724182943673,0.6718526390069597,0.8726966004524618,0.7556811536498964
490,1.8972638520081573,0.6621871705074708,0.8755156986887511,0.7556944021823735
491,1.8825717531244945,0.6534633242253146,0.8800912916651915,0.7557075570010484
492,1.8676968216079604,0.6457518133568458,0.8863796412374141,0.7557205597053148
493,1.8526897465536027,0.6391179941139703,0.8943219381201387,0.7557333569590783
494,1.8376028818485637,0.6336203586690285,0.9038459986964907,0.7557459003817913
495,1.822490139892119,0.6293090569517802,0.9148682201427115,0.7557581464229007
496,1.807406866019428,0.6262245289589531,0.9272956736087018,0.7557700562215747
497,1.79240969161113,0.6243963327758532,0.9410282218565611,0.7557815954534809
498,1.777556363916049,0.6238422482353149,0.9559605637560148,0.7557927341663552
499,1.762905550733098,0.6245677214447022,0.971984129700096,0.7558034466059937
500,1.7485166183062304,0.6265656923287392,0.9889887756834481,0.7558137110342558
501,1.7344493810979205,0.6298168185340656,1.0068642464557513,0.7558235095405661
502,1.7207638225356596,0.6342900783829265,1.0255013977455556,0.7558328278483369
503,1.7075197863828935,0.6399437073097382,1.0447931829509223,0.7558416551176474
504,1.694776639076603,0.6467264001109163,1.0646354206512314,0.7558499837454389
505,1.6825929041976793,0.6449039069543406,1.0849273661393224,0.7558578091643966
506,1.6710050706935906,0.6330493000517018,1.1055723436808795,0.7563117472375456
507,1.8791172592733205,0.4608674675792014,1.1264792117226983,0.7558722920495445
508,1.6600995568311259,0.6207766151399127,1.1264792117226983,0.7566054758885898
509,1.868334882148927,0.4737735390972163,1.147557944337338,0.755872296554703
510,1.6499256081927642,0.6081062719070027,1.147557944337338,0.7560783288709171
511,1.8569866564551858,0.48632692243103126,1.168723746224074,0.7558723008540271
512,1.6405304724609724,0.5950597645728148,1.168723746224074,0.7561349564217318
513,1.8451040487496828,0.4985100418541213,1.1898969707794587,0.755872304941354
514,1.6319587983613706,0.5816596927126875,1.1898969707794587,0.7562082486831136
515,1.8327205665502282,0.5103064129851058,1.2110019439510256,0.7558723088120282
516,1.6242552104597043,0.5679317638655133,1.2110019439510256,0.7562753692571969
517,1.8198717583580934,0.5217005498056936,1.2319670590436465,0.7558723124628118
518,1.6174606091534898,0.553903723034349,1.2319670590436465,0.7563355788739307
519,1.806595209799423,0.5326778890443105,1.252724661637907,0.7558723158917972
520,1.6116116189863607,0.5396055131378423,1.252724661637907,0.7563890540177398
521,1.7929305348832116,0.542397345617497,1.273213258798584,0.7558723190983184
522,1.6067363510746553,0.5250661214982482,1.273213258798584,0.7565425418593471
523,1.7789193612270526,0.5309960116720472,1.2933685578027083,0.755872322082863
524,1.6028690994297854,0.5103267841182358,1.2933685578027083,0.756501579173877
525,1.7646053079434314,0.5204242849340356,1.3131354661151042,0.7558723248469841
526,1.6000281385309776,0.4954232286106662,1.3131354661151042,0.7565449846090757
527,1.7500339547117618,0.5107734883257775,1.3324608767482033,0.755872327393214
528,1.5982290559811456,0.4803968259204636,1.3324608767482033,0.7565852835345844
529,1.735252800387875,0.5021329790158116,1.3512946173946603,0.7558723297249792
530,1.5974820703445614,0.4652932871417205,1.3512946173946603,0.7566192172393227
531,1.720311209327955,0.4945880792242191,1.369589541518919,0.7558723318465193
532,1.5977915093402693,0.4501628653924815,1.369589541518919,0.7566469534790721
533,1.7052603434343103,0.4882177626019588,1.3873014021748942,0.7558723337628036
534,1.6901530777742089,0.4830922039167583,1.4043887246322648,0.755872335479455
535,1.6750438974907644,0.4792703421412631,1.4208126878664926,0.7558723370026713
536,1.6599887736294072,0.4767976384947821,1.436537015410699,0.7558723383391545
537,1.645045015460031,0.475704222132922,1.4515278754354588,0.7558723394960376
538,1.630271096900948,0.47600360004517395,1.4657537897515371,0.7558723404808216
539,1.615726454765605,0.4776920626710917,1.4791855513297585,0.7558723413013062
540,1.6014712567770037,0.4807488481356718,1.4917961498723733,0.7558723419655332
541,1.587566137648311,0.48513704758029785,1.5035607049407302,0.7558723424817259
542,1.5740719020299763,0.49080515696651356,1.5144564061368384,0.7558723428582368
543,1.5610491937889184,0.4976891211287341,1.5244624598454386,0.7558723431034957
544,1.548558131923006,0.505714682988597,1.5335600420637767,0.7558723432259615
545,1.5366579144242791,0.5147998469946076,1.5417322568748693,0.7558723432340794
546,1.5254063925755867,0.5248572867848104,1.5489641001539989,0.7558723431362405
547,1.5148596194717414,0.5357965643973421,1.5552424281355235,0.7558723429407413
548,1.5050713779558398,0.5475260725302975,1.5605559305064614,0.755872342655753
549,1.4960926945950408,0.5599546541756629,1.5648951077336466,0.7558723422892877
550,1.4879713477126253,0.5729928899223273,1.5682522523719997,0.7558723418491708
551,1.4807513787561677,0.586554069763418,1.570621434142085,0.755872341343017
552,1.4744726173185891,0.6005548831477215,1.5719984886054907,0.7558723407782074
553,1.4691702308424874,0.6149158695857561,1.5723810093065096,0.7558723401618688
554,1.464874310339584,0.6295616743431407,1.5717683432881702,0.7558723395008603
555,1.461609503275816,0.6299229663065103,1.5701615899299048,0.7558723388017553
556,1.4593947040660085,0.6250642152787695,1.5675636030931874,0.7558723380708325
557,1.4582428113835841,0.6196688195421165,1.5639789966004731,0.7558723373140656
558,1.4581605597545197,0.6137426399877203,1.5594141531118608,0.7558723365371152
559,1.4591484307461808,0.6072921519746689,1.5538772365032327,0.755872335745326
560,1.461200646593359,0.6003244510667997,1.5473782078893086,0.7558723349437216
561,1.4643052464666069,0.5928472601771759,1.5399288454751399,0.7558723341370043
562,1.4684442429384665,0.5848689384267451,1.5315427684600451,0.7558723333295546
563,1.4735938536992124,0.5763984920883178,1.5222354652587102,0.7558723325254343
564,1.4797248013594446,0.5674455880660423,1.5120243263448971,0.7558723317283883
565,1.4868026723698327,0.5580205704577738,1.5009286820633907,0.7558723309418507
566,1.4947883247701026,0.5481344808679987,1.4889698457947853,0.7558723301689512
567,1.5036383336905201,0.5377990832885221,1.4761711628943095,0.7558723294125195
568,1.9982628048994229,0.4588259031701131,1.4761711628943095,0.7559648871858226
569,1.5133054632690717,0.5270268945510254,1.4625580658586301,0.7558723286750966
570,2.009581415555279,0.47393339603690277,1.4625580658586301,0.7559439481462202
571,1.523739153878814,0.5158312215904144,1.4481581362012774,0.7558723279589404
572,2.0203279406810557,0.48898371893680354,1.4481581362012774,0.7559241971687011
573,1.5348860142156309,0.5042262070542873,1.433001173535148,0.7558723272660379
574,2.030472469497529,0.5039293700717539,1.433001173535148,0.7559056447184291
575,1.5466903087901216,0.4922268851699532,1.417119272365629,0.7558723265981137
576,2.039987155195422,0.5187270502348883,1.417119272365629,0.7558882945416244
577,1.5590944326020215,0.47984925025992337,1.4005469070851595,0.7558723259566403
578,2.0488462144217063,0.5333371593249576,1.4005469070851595,0.7558721441414448
579,1.5720393661542102,0.4671103409110634,1.3833210256230202,0.7558723253428518
580,2.0570259250549783,0.5477233615833828,1.3833210256230202,0.7558571852498968
581,1.5854651053959574,0.4540283435931843,1.3654811521342745,0.7558723247577539
582,2.0645046227530406,0.5618522122316532,1.3654811521342745,0.7558434042937311
583,2.071262696683898,0.5756928380555931,1.3470694989984535,0.7558307828524375
584,2.077282584787895,0.5892166648421282,1.3281310882281596,0.7558192981066445
585,2.0825487688630493,0.6023971851808168,1.3087138821435857,0.7558089232753983
586,2.0870477697168948,0.6152097608478443,1.2888689228303485,0.7557996280409575
587,2.090768142585635,0.6276314547071181,1.26865047944033,0.7557913789599083
588,2.0937004729843114,0.6396408877434656,1.24811620178912,0.7557841398595544
589,2.0958373731192173,0.6512181174629833,1.227327277915586,0.7557778722186942
590,2.0971734789652294,0.6623445344462114,1.2063485922617985,0.7557725355320339
591,2.097705448085278,0.673002774320417,1.185248879865703,0.7557680876576249
592,2.097431958246223,0.6831766428318395,1.1641008703963363,0.7557644851468438
593,2.096353706864173,0.6928510520534628,1.142981413969988,0.7557616835565549
594,2.0944734112921575,0.7020119660657131,1.1219715784475683,0.755759637743218
595,2.0917958099433642,0.7106463547034254,1.1011567053361058,0.7557583021387942
596,2.088327664223233,0.7187421541789792,1.0806264085496053,0.7557576310084287
597,2.0840777612228765,0.7262882335745996,1.0604744972362496,0.7557575786899627
598,2.079056917103966,0.7332743663516185,1.0407988008451583,0.755758099815419
599,2.07327798108061,0.7396912061554966,1.0217008718915233,0.7557591495146944
600,2.066755839876249,0.745530266306478,1.0032855399211287,0.7557606836017521
601,2.0595074225024286,0.7507839024601496,0.9856602895538434,0.7557626587436743
602,2.051551705170712,0.7554452980026959,0.9689344369114667,0.7557650326130085
603,2.0429097161082934,0.7595084518146171,0.9532180830003614,0.7557677640238681
604,2.033604540001145,0.7629681680960915,0.9386208304959132,0.7557708130523202
605,2.0236613217351063,0.7658200479986991,0.9252502624532898,0.7557741411416126
606,2.0131072690443825,0.7680604828533002,0.9132101979333078,0.7557777111928464
607,2.0019716536077103,0.7592063167484581,0.9025987599158567,0.7557814876417029
608,1.9902858100543472,0.7451365255165268,0.8935063138334637,0.7557854365218873
609,1.9780831322545307,0.7314776754791551,0.8860133582696252,0.7557895255159428
610,1.9653990661717415,0.7183045825976059,0.8801884696317323,0.7557937239941246
611,1.9522710984469984,0.7056939656334948,0.8760864162467676,0.7557980030420157
612,1.9387387397687645,0.6937238618900767,0.8737465608567091,0.7558023354775817
613,1.9248435019566668,0.6824728843979452,0.87319166147559,0.7558066958583618
614,1.9106288675545664,0.6720193107704217,0.8744271584277534,0.7558110604794825
615,1.8961402505907494,0.6624400024755612,0.8774410018578774,0.7558154073631896
616,1.8814249470233544,0.6538091649096037,0.8822040330746612,0.7558197162405704
617,1.8665320732519113,0.6461969730906126,0.8886708903004049,0.755823968526139
618,1.8515124909467506,0.6396681040830124,0.8967813706873904,0.7558281472859365
619,1.8364187163341938,0.6342802337802992,0.9064621508957067,0.7558322371997803
620,1.8213048119856983,0.6300825701572025,0.9176287512902208,0.75583622451829
621,1.8062262591040281,0.6271145049466309,0.9301876247416663,0.7558400970152775
622,1.7912398082911953,0.6254044684191425,0.9440382587429688,0.7558438439360969
623,1.7764033068351084,0.6249690657892429,0.9590751961421159,0.7558474559424879
624,1.761775500679235,0.6258125582878296,0.9751899015948051,0.7558509250544664
625,1.747415809457474,0.627926728311216,0.9922724242908066,0.7558542445897541
626,1.7333840732996266,0.6312911390717918,1.0102128297105284,0.7558574091012374
627,1.7197402705546287,0.6358737687409698,1.0289023921715474,0.7558604143129073
628,1.706544206149183,0.6416319714103881,1.0482345547390115,0.7558632570547146
629,1.6938551710039618,0.6485136959291112,1.0681056735084986,0.7558659351967393
630,1.6817315737666245,0.6428121279261181,1.0884155696929467,0.7558684475830557
631,1.670205877184785,0.6309097862803373,1.1090683285413763,0.7564010809861955
632,1.8777507562435563,0.4625618600971506,1.129973214572485,0.7558723214854505
633,1.6593734319679823,0.6185935400500199,1.129973214572485,0.7562942851381336
634,1.8668932294554832,0.4754231893439211,1.1510404859614367,0.755872321569047
635,1.6492781979874198,0.6058824469713273,1.1510404859614367,0.7560775198634414
636,1.8554738231435672,0.4879294836889936,1.1721863114103748,0.7558723216486479
637,1.6399650179017793,0.5927971202449597,1.1721863114103748,0.7561427263782043
638,1.8435242686569675,0.5000633150216427,1.1933314659977727,0.7558723217241523
639,1.6314800126334368,0.5793610130463208,1.1933314659977727,0.756212615589652
640,1.8310783384955365,0.511808333387538,1.2144007768164755,0.7558723217954871
641,1.6238674964487068,0.5656000398179192,1.2144007768164755,0.7562761035245881
642,1.8181718458809064,0.5231491764795491,1.2353231224620036,0.7558723218626063
643,1.6171679460286912,0.5515421428922224,1.2353231224620036,0.756332926130378
644,1.804842640323631,0.5340713960124804,1.256031309358635,0.7558723219254869
645,1.6114175179209314,0.5372174856603538,1.256031309358635,0.756383276387933
646,1.7911305981663468,0.5408738974330847,1.2764647743485527,0.7558723219841299
647,1.6066430820045756,0.5226546030830089,1.2764647743485527,0.7565551222943757
648,1.7770776069342016,0.5295750622886152,1.2965587749536864,0.7558723220385567
649,1.6028798089974017,0.5078962739493164,1.2965587749536864,0.7564952634976833
650,1.7627275421640334,0.5191177334247202,1.3162589502780024,0.7558723220888076
651,1.6001447686533388,0.49297803185884576,1.3162589502780024,0.7565380318270318
652,1.7481262352152274,0.5095930850191696,1.3355126168302027,0.7558723221349418
653,1.5984528820425805,0.4779415451769699,1.3355126168302027,0.7565784580449169
654,1.7333214303912354,0.5010900733849049,1.3542699537415563,0.7558723221770328
655,1.5978137656274078,0.462832954874295,1.3542699537415563,0.7566125711570643
656,1.7183627295262942,0.4936933315495208,1.3724841451183434,0.7558723222151705
657,1.703301522023504,0.48748083085389454,1.390111257690856,0.755872322249457
658,1.688190898176728,0.4825214230824851,1.4071101151129064,0.7558723222800057
659,1.673085543480535,0.47887241812655423,1.4234421809629425,0.7558723223069408
660,1.6580416115427885,0.4765773815106627,1.4390714510181608,0.7558723223303947
661,1.6431165731790425,0.47566434402155194,1.453964354662903,0.7558723223505089
662,1.6283690393043306,0.4761445957435389,1.4680896651231452,0.7558723223674279
663,1.6138585553657756,0.47801218824178954,1.4814184181216543,0.7558723223813048
664,1.5996453652991083,0.4812441977171641,1.4939238384912084,0.7558723223922948
665,1.5857901433639787,0.48580172108377206,1.5055812742554697,0.7558723224005552
666,1.572353692735226,0.49163150136323336,1.5163681376810334,0.7558723224062471
667,1.5593966104145585,0.4986680222755801,1.5262638528138306,0.7558723224095326
668,1.546978918887362,0.5068358828337364,1.5352498090339968,0.755872322410571
669,1.5351596659814026,0.5160522624725065,1.5433093201919508,0.7558723224095227
670,1.523996495574768,0.5262293108328864,1.550427588922335,0.7558723224065478
671,1.5135451931216266,0.5372763350697669,1.5565916757696003,0.7558723224018028
672,1.5038592113720552,0.549101701966031,1.5617904727981533,0.7558723223954431
673,1.494989183095057,0.5616144143162608,1.5660146814000613,0.7558723223876193
674,1.4869824289948452,0.574725355876963,1.5692567940537305,0.755872322378477
675,1.4798824702496751,0.5883482244403409,1.5715110798273533,0.7558723223681572
676,1.4737285561028908,0.602400188315936,1.5727735734609984,0.7558723223567986
677,1.4685552176007128,0.6168023091325984,1.5730420679009165,0.7558723223445334
678,1.464391858813561,0.6314797754257718,1.5723161101989898,0.7558723223314907
679,1.4612623966299125,0.6293228176962009,1.5705970007292809,0.7558723223177913
680,1.459184959435617,0.6243941033496956,1.5678877957125286,0.7558723223035518
681,1.4581716536856726,0.618929470464994,1.56419331307826,0.7558723222888832
682,1.4582284055792956,0.612934859408055,1.559520141733152,0.7558723222738896
683,1.4593548828432774,0.6064168256872503,1.5538766543434541,0.755872322258669
684,1.4615444991299493,0.5993825458575601,1.5472730237788488,0.7558723222433158
685,1.4647845008882483,0.591839824868983,1.5397212434050154,0.7558723222279158
686,1.4690561339269876,0.5837971051733758,1.5312351514524727,0.7558723222125501
687,1.4743348844153852,0.5752634779702351,1.5218304597297172,0.7558723221972911
688,1.4805907868985089,0.5662486970530993,1.5115247869890447,0.7558723221822075
689,1.4877887901579547,0.556763195818157,1.5003376972931723,0.7558723221673596
690,1.4958891704971928,0.5468181081203308,1.4882907437690807,0.7558723221528044
691,1.504847981311656,0.5364252938159944,1.4754075181712538,0.7558723221385917
692,1.9997922107064194,0.45993751277529055,1.4754075181712538,0.7559656370895698
693,1.5146175276102236,0.5255973700239491,1.4617137067080455,0.7558723221247665
694,2.011054108332875,0.47504044357383174,1.4617137067080455,0.7559447574014836
695,1.5251468544454,0.5143477493782341,1.447237152610051,0.7558723221113682
696,2.021740774434001,0.49007971430991715,1.447237152610051,0.7559250573841585
697,1.5363822389143014,0.5026906868519766,1.4320079259351401,0.755872322098434
698,2.031822506662695,0.505008419635088,1.4320079259351401,0.7559065478680176
699,1.5482676764229042,0.4906413371195291,1.4160584011071726,0.7558723220859944
700,2.041271666751701,0.5197837912046103,1.4160584011071726,0.7558892329774913
701,1.5607453531647892,0.47821582491915904,1.3994233426692408,0.7558723220740736
702,2.0500626798178234,0.5343667018888583,1.3994233426692408,0.7558731106040691
703,1.573756098156122,0.46543133151312177,1.3821399996907233,0.7558723220626938
704,2.058172032006338,0.5487212382076377,1.3821399996907233,0.7558581728755408
705,1.5872398096022098,0.4523062011591161,1.364248209191879,0.7558723220518698
706,2.0655782669510727,0.5628143335132496,1.364248209191879,0.7558444066193744
707,2.0722619814546173,0.5766154544175485,1.345790508829092,0.755831793818362
708,2.0782058207304535,0.5900963333771291,1.3268122589044073,0.7558203120568234
709,2.0833944734938807,0.6032307409905566,1.307361773507529,0.7558099349558496
710,2.087814667140508,0.6159942922832322,1.2874904602460446,0.7558006325962214
711,2.091455163209195,0.6283642819783248,1.2672529675452076,0.7557923719278038
712,2.094306753289682,0.6403195444323309,1.2467073378725444,0.7557851171643648
713,2.096362255503137,0.6518403345302599,1.2259151644312036,0.7557788301629352
714,2.0976165116555974,0.6629082263808013,1.2049417478319981,0.7557734707869459
715,2.0980663851391363,0.6735060271265426,1.1838562479588357,0.75576899725253
716,2.0977107596328075,0.683617703592974,1.1627318246484426,0.755765366457511
717,2.096550538634342,0.6932283198491501,1.1416457588830202,0.7557625342926986
718,2.0945886458334813,0.7023239840496371,1.1206795439289778,0.7557604559352541
719,2.0918300263181595,0.7108918031787896,1.0999189332587462,0.7557590861239818
720,2.088281648584731,0.7189198445309997,1.0794539292215186,0.7557583794165046
721,2.0839525073024983,0.7263971029402249,1.0593786934018754,0.7557582904283806
722,2.0788536267602407,0.7333134729239545,1.039791356629026,0.7557587740542991
723,2.072998064897573,0.739659725035258,1.0207937039921713,0.7557597856715752
724,2.0664009177961016,0.7454274858254946,1.0024907084300907,0.7557612813262342
725,2.0590793244737515,0.7506092209128564,0.9849898860867432,0.7557632179020485
726,2.0510524717895655,0.755198220730901,0.9684004483753927,0.7557655532729349
727,2.0423415992249585,0.7591885885989247,0.9528322303570146,0.7557682464391875
728,2.032970003260057,0.7625752308143676,0.9383943833622673,0.7557712576480599
729,2.0229630410095805,0.7653538485180699,0.9251938323113443,0.7557745484992496
730,2.0123481327209647,0.7675209311275412,0.9133335150247307,0.7557780820358755
731,2.001154762667349,0.7589470234661508,0.9029104414069122,0.7557818228215694
732,1.989414477889007,0.7449145648079778,0.8940136332771612,0.7557857370043173
733,1.9771608841483228,0.7313002581326029,0.8867220284028324,0.7557897923677185
734,1.9644296383650943,0.7181790846475612,0.8811024517191977,0.7557939583703308
735,1.9512584366909047,0.7056278690483676,0.8772077691497367,0.7557982061737882
736,1.9376869972637034,0.6937246807078327,0.8750753415182362,0.7558025086603853
737,1.9237570365576193,0.6825480756146377,0.874725885552504,0.7558068404408107
738,1.9095122381097582,0.6721761700857783,0.8761628256031813,0.7558111778527226
739,1.8949982122676783,0.6626855460721993,0.8793721854354644,0.7558154989508522
740,1.8802624454616883,0.654149999757188,0.8843230284532859,0.7558197834893093
741,1.8653542373695107,0.6466391597381667,0.8909684125558044,0.7558240128967475
742,1.8503246242130242,0.6402170173847166,0.8992467883254097,0.7558281702450528
743,1.8352262863151185,0.6349404282893292,0.9090837412343787,0.7558322402121751
744,1.8201134379580786,0.6308576577825543,0.9203939629286844,0.7558362090397303
745,1.8050416975341568,0.628007052672545,0.9330833339713539,0.7558400644859665
746,1.790067935976313,0.6264159232722951,0.9470510091552468,0.7558437957746691
747,1.7752501015164064,0.6260997127588462,0.9621914136161382,0.7558473935405607
748,1.760647018954154,0.6270615146632559,0.9783960798649154,0.7558508497717225
749,1.7463181618482289,0.6292919751571667,0.9955552790452671,0.7558541577495499
750,1.7323233963756541,0.6327695876787699,1.0135594214406622,0.7558573119867101
751,1.7187226960601623,0.6374613572708215,1.0323002196751652,0.7558603081635752
752,1.7055758271541475,0.6433237849538135,1.0516716222869535,0.7558631430635413
753,1.6929420051769497,0.6503041020317597,1.0715705352776266,0.7558658145076448
754,1.6808795239621752,0.6407216048636166,1.0918973552563702,0.7558683212888561
755,1.886718637793286,0.4510954328381842,1.1125569772326047,0.7558723219952633
756,1.6694167978265806,0.6287716500907152,1.1125569772326047,0.7564852587388705
757,1.8763742947182553,0.4642506104001814,1.1334590015792634,0.7558723219968945
758,1.6586578912584806,0.6164118910197208,1.1334590015792634,0.7564342046680188
759,1.8654421182723604,0.47706688259821245,1.1545143932809132,0.7558723219984504
760,1.6486393959489305,0.6036589854206265,1.1545143932809132,0.7561041012717008
761,1.8539520656864275,0.4895257932244464,1.1756397275371897,0.7558723219999293
762,1.639408511736613,0.5905347078261667,1.1756397275371897,0.7561715519883724
763,1.8419361331482014,0.5016100599123295,1.1967563872675313,0.755872322001329
764,1.6310103444997566,0.5770623853139109,1.1967563872675313,0.7562477312156777
765,1.8294283581341777,0.5133034656152092,1.217789722823874,0.7558723220026484
766,1.6234888121149933,0.5632680950236141,1.217789722823874,0.7563170480241552
767,1.8164648185136714,0.5245907705008935,1.238669105496845,0.7558723220038879
768,1.6168839782888202,0.5491799739677508,1.238669105496845,0.7563790740718106
769,1.8030836275245168,0.535457640262859,1.2593278075280452,0.7558723220050441
770,1.6112315472442411,0.5348284045635234,1.2593278075280452,0.7564340158821576
771,1.7893249235817408,0.5393630651139347,1.2797061814165647,0.755872322006117
772,1.6065572116690627,0.5202414956133784,1.2797061814165647,0.7566299592643349
773,1.7752308537303034,0.5281682740819784,1.2997390667647728,0.7558723220071079
774,1.6028969479125081,0.5054635163056552,1.2997390667647728,0.7565581267294226
775,1.7608455493919475,0.5178268818552966,1.3193728248050605,0.7558723220080172
776,1.600266679227262,0.4905298230515512,1.3193728248050605,0.7566054264163701
777,1.7462150928867246,0.5084298834532462,1.338555193944101,0.7558723220088464
778,1.5986806852482984,0.4754823812771219,1.338555193944101,0.7566503629223196
779,1.731387473035451,0.500065798774583,1.3572367043908435,0.7558723220095976
780,1.5981480010235851,0.46036775809595365,1.3572367043908435,0.7566883242858988
781,1.7164125279752611,0.49281853210820853,1.3753708700635914,0.7558723220102732
782,1.7013418731534418,0.48676501086693696,1.3929140700816918,0.7558723220108748
783,1.6862288123136702,0.4819727227900435,1.4098254248168658,0.7558723220114054
784,1.671128229164749,0.47849731131683804,1.4260666804753457,0.7558723220118674
785,1.6560964573384385,0.4763804158758482,1.441602102853797,0.7558723220122641
786,1.6411911262158,0.4756479483964474,1.456398380127005,0.7558723220125972
787,1.6264709802486554,0.4763089735986493,1.4704245343572835,0.7558723220128708
788,1.6119956695439255,0.4783553086476385,1.4836518413217346,0.755872322013088
789,1.5978255097343275,0.48176188474792836,1.496053758198756,0.7558723220132509
790,1.584021209549241,0.4864878321948508,1.5076058586290073,0.755872322013364
791,1.5706435650425548,0.49247817662268667,1.5182857746609624,0.7558723220134295
792,1.5577531201437553,0.4996659809056728,1.5280731451014058,0.7558723220134503
793,1.545409794081381,0.5079747419072017,1.536949569812352,0.7558723220134307
794,1.5336724772816255,0.5173208544827511,1.5448985695245403,0.7558723220133733
795,1.5225985985543162,0.5276159812367288,1.5519055507713786,0.755872322013281
796,1.5122436677138118,0.5387692065375644,1.5579577755841407,0.7558723220131572
797,1.5026607991971141,0.5506888978139007,1.5630443356280217,0.7558723220130047
798,1.4939002236722991,0.563284238605691,1.5671561304984338,0.7558723220128262
799,1.4860087959982036,0.5764664315045498,1.5702858499370238,0.7558723220126243
800,1.479029509110086,0.5901495930996747,1.5724279597669437,0.7558723220124026
801,1.4730010243681573,0.6042513776210228,1.5735786913867018,0.7558723220121627
802,1.4679572295204963,0.6186933726917543,1.5737360347013392,0.755872322011908
803,1.4639268356137927,0.6331715489150985,1.5728997344087863,0.7558723220116401
804,1.4609330238704497,0.6287135517947324,1.571071289598071,0.7558723220113613
805,1.4589931527049596,0.6237149636629046,1.5682539566547253,0.7558723220110743
806,1.458118533679795,0.6181811934625346,1.5644527555073935,0.7558723220107809
807,1.45831428334632,0.6121182611129187,1.5596744792884274,0.7558723220104833
808,1.4595792556650962,0.6055328023701709,1.5539277075202864,0.7558723220101826
809,1.46190605717338,0.5984320749031465,1.5472228229789093,0.7558723220098817
810,1.4652811444118343,0.5908239658510633,1.5395720324249684,0.7558723220095808
811,1.4696850004958912,0.5827170011849117,1.5309893914339225,0.7558723220092821
812,1.4750923852754307,0.5741203572627946,1.521490833595969,0.7558723220089868
813,1.4814726514079066,0.5650438750526832,1.5110942043969249,0.7558723220086958
814,1.4887901169836748,0.5554980775987687,1.49981930013027,0.7558723220084101
815,1.497004484159286,0.5454941914347914,1.4876879122281692,0.7558723220081316
816,1.5060712926045867,0.535044172806099,1.4747238774340707,0.7558723220078609
817,2.001312628829346,0.4609636098104245,1.4747238774340707,0.7559764053516896
818,1.5159423964418972,0.5241607397604118,1.4609531342697677,0.7558723220075979
819,2.0125198189762803,0.476061310001226,1.4609531342697677,0.7559532922405507
820,1.5265664537044132,0.5128574114165865,1.4464037862732757,0.7558723220073444
821,2.023148723173646,0.49108894664669406,1.4464037862732757,0.7559314810548683
822,1.5378894180933058,0.5011485560358474,1.4311061724974379,0.7558723220071001
823,2.0331698415636685,0.5060002002053746,1.4311061724974379,0.7559109840961454
824,1.5498550238785636,0.4890494499203311,1.4150929457587027,0.7558723220068659
825,2.0425557384684336,0.5207528244406767,1.4150929457587027,0.7558918062376617
826,1.5624052560698343,0.47657634967490065,1.3983991591056357,0.7558723220066424
827,2.0512810415238776,0.5353081580674419,1.3983991591056357,0.7558739454468556
828,1.5754807993844078,0.4637465810237488,1.3810623609304695,0.7558723220064301
829,2.0593224392026723,0.5496307041389848,1.3810623609304695,0.7558573933036222
830,1.5890214609728095,0.4505786482180373,1.3631226990654666,0.7558723220062283
831,2.0666586771941584,0.5636877695554959,1.3631226990654666,0.7558421355122611
832,2.073270554039292,0.5774491571401374,1.3446230340777467,0.7558281524049926
833,2.0791409163567485,0.5908869032050738,1.325609061787391,0.7558154194351416
834,2.084254653942075,0.603975054201146,1.3061294447666527,0.7558039076583111
835,2.0885986949743556,0.616689476782166,1.286235952211621,0.7557935842000163
836,2.0921620015234765,0.6290076963433161,1.265983607086338,0.755784412708454
837,2.094935565514963,0.6409087597731303,1.2454308387933184,0.755776353791235
838,2.096912405277704,0.6523731187715494,1.2246396387898366,0.7557693654350908
839,2.0980875627719784,0.6633825306269089,1.2036757155091942,0.7557634034077099
840,2.098458101570308,0.6739199738138201,1.182608643622267,0.7557584216410113
841,2.0980231056410608,0.6839695761769299,1.1615120010511124,0.7557543725953257
842,2.096783678963766,0.6935165538093608,1.1404634851954363,0.7557512076040509
843,2.0947429459850895,0.7025471590265256,1.1195449975431886,0.7557488771985252
844,2.0919060529046964,0.7110486360830917,1.0988426832260734,0.7557473314129379
845,2.0882801697601776,0.7190091834896728,1.0784469092123001,0.7557465200692407
846,2.0838744932590982,0.7264179219621898,1.0584521618310188,0.7557463930421038
847,2.078700250283488,0.733264867185861,1.0389568414135948,0.7557469005040753
848,2.0727707019669257,0.7395409067018494,1.0200629293474148,0.7557479931511772
849,2.0661011482161813,0.7452377803314638,1.0018755012318692,0.7557496224092579
850,2.058708932517346,0.7503480636436612,0.9845020597047651,0.7557517406214918
851,2.050613446829831,0.7548651540491036,0.9680516625893387,0.7557543012174885
852,2.041836136329709,0.7587832591704811,0.9526338270730998,0.755757258864516
853,2.0324005037158948,0.762097387196105,0.938357199389475,0.7557605696014151
854,2.022332112737752,0.7648033389735416,0.9253279924213,0.7557641909558153
855,2.011658590540156,0.7668977016436694,0.9136482108175782,0.7557680820452881
856,2.0004096283511306,0.7588586160569788,0.9034137039528084,0.7557722036631433
857,1.9886169799572018,0.7448630179245677,0.8947121098143626,0.7557765183495525
858,1.976314457322198,0.7312925217818648,0.8876207751842148,0.7557809904487466
859,1.9635379226059477,0.7182222564424978,0.8822047560156459,0.7557855861530227
860,1.9503252757303455,0.7057291345798321,0.8785150130973431,0.7557902735343165
861,1.9367164365218112,0.6938912399107822,0.8765869187358837,0.755795022564106
862,1.922753320332292,0.6827870546089332,0.8764391782806623,0.7557998051224067
863,1.9084798059071684,0.6724945187782464,0.8780732458106044,0.7558045949966175
864,1.8939416941301173,0.6630899228688772,0.881473278432857,0.7558093678709789
865,1.8791866561356032,0.65464664601513,0.8866066327113253,0.755814101307382
866,1.864264169143743,0.6472337679944764,0.8934248653233967,0.755818774718272
867,1.8492254382458353,0.6409145987878543,0.9018651638167954,0.7558233693323543
868,1.8341233022593395,0.6357451858248445,0.9118521068878632,0.7558278681538139
869,1.8190121216876658,0.6317728726071236,0.9232996395376222,0.7558322559157268
870,1.8039476467737097,0.6290349909377364,0.9361131471012725,0.7558365190283209
871,1.7889868636390422,0.6275577700926024,0.9501915217784698,0.7558406455227349
872,1.7741878165670406,0.6273555384345599,0.965429132850254,0.7558446249908672
873,1.7596094046328374,0.6284302760312978,0.9817176336671385,0.7558484485219279
874,1.7453111511210508,0.6307715522760031,0.9989475613671074,0.7558521086362264
875,1.7313529445184297,0.6343568533164651,1.0170097064897787,0.7558555992167494
876,1.7177947503355,0.6391522742392998,1.0357962474876619,0.7558589154390181
877,1.7046962936083692,0.6451135245381936,1.0552016588013313,0.755862053699706
878,1.6921167126630685,0.650122595295929,1.0751234105988883,0.7558650115444616
879,1.6801134481707363,0.6385704289786791,1.0954624567969935,0.755883523255951
880,1.8854101888067458,0.45282137390155314,1.1161245577427328,0.7558723220053036
881,1.6687153944643605,0.6265750002880386,1.1161245577427328,0.75642166390371
882,1.8749879274337713,0.46593364990118785,1.1370326660410641,0.7558723220053338
883,1.6578786182156222,0.6141118296000754,1.1370326660410641,0.7596003081875641
884,1.8639816060046082,0.47870455428023323,1.1581196456325915,0.7558723220053623
885,1.6476693606088568,0.6011916142133422,1.1581196456325915,0.7677155955231588
886,1.8524214461725539,0.49111579015878054,1.1792609101707878,0.7558723220053896
887,1.6384480658512819,0.5879732516587792,1.1792609101707878,0.7587351704643077
888,1.8403397090043025,0.5031502190931549,1.2003819212745561,0.7558723220054151
889,1.6300999398246951,0.5744240399772512,1.2003819212745561,0.7594691393703313
890,1.827770696939151,0.5147917554655514,1.2214171163175316,0.7558723220054393
891,1.6226120192603952,0.5605447559207613,1.2214171163175316,0.7604967057612219
892,1.814750752410894,0.5260252807153101,1.2422978805846439,0.755872322005462
893,1.616023622459462,0.5463621962924564,1.2422978805846439,0.7614405468741214
894,1.8013182522146034,0.5368365735335663,1.2629588674700325,0.755872322005483
895,1.6103719823654412,0.5319063697678152,1.2629588674700325,0.762288079650057
896,1.7875135965607993,0.5378650647278658,1.2833392450075147,0.7558723220055027
897,1.6056880733097045,0.5172083021574733,1.2833392450075147,0.7630836031950198
898,1.7733791916077688,0.5267758635039826,1.303379009968306,0.7558723220055208
899,1.602002474638646,0.5023055980523083,1.303379009968306,0.7637257700507695
900,1.758959424100498,0.5165519434541789,1.3230236267407063,0.7558723220055373
901,1.5993361309752667,0.48723558984545545,1.3230236267407063,0.7642961313492033
902,1.7443006265743342,0.5072840893123571,1.3422212788103614,0.7558723220055523
903,1.5977053764625908,0.4720398121994508,1.3422212788103614,0.7647935576654713
904,1.7294510314068978,0.4990603484001903,1.3609230903243836,0.7558723220055658
905,1.5971208976353648,0.4567639124058887,1.3609230903243836,0.765211281690102
906,1.714460711828171,0.49196385632274076,1.3790830495126305,0.7558723220055782
907,1.6993815078332273,0.4860704548515056,1.3966579197814983,0.7558723220055891
908,1.6842669347938344,0.48144622690824007,1.4136071284482357,0.7558723220055985
909,1.6691720724455872,0.478145112826567,1.4298926620035355,0.755872322005607
910,1.6541534318500954,0.4762067966669844,1.4454789693182568,0.7558723220056138
911,1.6392687979131695,0.47565505247435014,1.4603328727934808,0.7558723220056198
912,1.6245770450981754,0.4764967127995305,1.4744234872536037,0.7558723220056245
913,1.6101379241286267,0.4787213665540042,1.4877221462812098,0.7558723220056286
914,1.596011817746122,0.48230181838456554,1.5002023356304854,0.7558723220056313
915,1.5822594639989624,0.48719526077810454,1.511839633321901,0.7558723220056331
916,1.5689416461007095,0.4933450383346609,1.52261165600779,0.7558723220056345
917,1.556118848629697,0.5006828337236222,1.5324980112008153,0.755872322005635
918,1.5438508807459155,0.5091310833950484,1.5414802549709223,0.755872322005634
919,1.5321964681767148,0.5186054377165282,1.549541854737998,0.7558723220056329
920,1.521212816950581,0.5290171086498756,1.5566681568146314,0.755872322005631
921,1.5109551532068548,0.5402749891815769,1.5628463583843097,0.7558723220056285
922,1.5014762448300247,0.5522874732138658,1.5680654836337111,0.7558723220056258
923,1.492825912084637,0.5649639452655412,1.5723163637925544,0.7558723220056225
924,1.4850505357800377,0.578215941788248,1.5755916208700254,0.7558723220056187
925,1.4781925726808571,0.5919580086136158,1.5778856549127318,0.7558723220056148
926,1.472290088801495,0.6061082924973206,1.5791946346451466,0.75587232200561
927,1.4673763217857878,0.6205889105739866,1.5795164913894233,0.7558723220056054
928,1.4634792836935402,0.6326236252994736,1.5788509161973165,0.7558723220056005
929,1.4606214151329862,0.6280951778106061,1.577199360162666,0.7558723220055955
930,1.458819300763157,0.6230268070073913,1.5745650379185887,0.7558723220055903
931,1.4580834547514532,0.6174240008972772,1.570952934359268,0.7558723220055846
932,1.4584181828598646,0.6112928590344658,1.5663698146620475,0.755872322005579
933,1.4598215255389264,0.6046400975247961,1.5608242377215558,0.7558723220055732
934,1.4622852838564895,0.5974730552778666,1.5543265731437599,0.7558723220055681
935,1.4657951274273504,0.5897997017792769,1.5468890219841878,0.7558723220055623
936,1.4703307808986412,0.5816286467131623,1.538525641450866,0.7558723220055567
937,1.4758662831387628,0.5729691518350389,1.529252373828592,0.7558723220055511
938,1.4823703112097824,0.5638311455805882,1.519087079916535,0.7558723220055464
939,1.4898065595790242,0.5542252410015608,1.5080495773051659,0.7558723220055408
940,1.4981341639110024,0.5441627577508099,1.496161683850275,0.7558723220055358
941,1.5073081582001302,0.5336557490014835,1.4834472667299459,0.7558723220055307
942,2.0018751173414344,0.4519655447889056,1.4834472667299459,0.7570714134946153
943,1.5172799539421773,0.5227170343895405,1.4699322974931028,0.7558723220055262
944,2.0132705830303053,0.46708123478299607,1.4699322974931028,0.7568082128484381
945,1.5279978304482753,0.5113602403257231,1.455644913523118,0.7558723220055215
946,2.0240922324102053,0.4821207821446651,1.455644913523118,0.7565597377216465
947,1.539407426203603,0.49959984934812707,1.4406154863439098,0.7558723220055171
948,2.0343101428092076,0.49703823274286457,1.4406154863439098,0.7563261403531769
949,1.5514522222720086,0.4874512605996812,1.424876697184637,0.7558723220055128
950,2.0438964566369813,0.5117917621052965,1.424876697184637,0.756107488115845
951,1.5640740100498587,0.47493086404259394,1.408463620187296,0.7558723220055088
952,2.0528253810174517,0.5263431644761152,1.408463620187296,0.7559037692959669
953,1.5772133370821864,0.462056131699147,1.3914138135822343,0.7558723220055049
954,2.0610731856905717,0.5406574156298442,1.3914138135822343,0.7557148988599686
955,2.068618199667931,0.5547023003722903,1.3737674190611964,0.7555407241796732
956,2.0754408070548744,0.5684480960404291,1.355567269435085,0.7553810306899686
957,2.0815234423881916,0.5818673040492182,1.336859004460679,0.755235547454604
958,2.086850585782637,0.59493442241252,1.3176911944407013,0.7551039526179308
959,2.091408758130648,0.6076257530652237,1.2981154708250797,0.7549858787224786
960,2.0951865165570043,0.6199192386676273,1.2781866625447624,0.75488091787432
961,2.098174450292928,0.6317943243489278,1.2579629361662739,0.7547886267402384
962,2.100365177101536,0.6432318405322752,1.2375059371355326,0.754708531362698
963,2.101753340357834,0.6542139035788714,1.2168809283516082,0.754640131780606
964,2.1023356068609043,0.6647238314987045,1.1961569210436203,0.7545829064457368
965,2.1021106654328303,0.674746072409159,1.1754067913892317,0.7545363164265408
966,2.10107922633756,0.6842661437893601,1.1547073744928606,0.7544998093928034
967,2.0992440215326593,0.6932705808869193,1.134139525235066,0.754472823376313
968,2.0966098057470974,0.7017468928933435,1.1137881331392288,0.7544547903042584
969,2.0931833583581803,0.7096835257223887,1.0937420758485916,0.7544451393035831
970,2.0889734860198144,0.7170698304087422,1.0740940931972995,0.7544432997759017
971,2.083991025971867,0.7238960362983545,1.0549405614049707,0.7544487042438837
972,2.0782488499356906,0.7301532283313443,1.0363811449356701,0.7544607909711862
973,2.07176186847332,0.7358333278277891,1.0185183024607258,0.754479006359108
974,2.064547035656606,0.7409290762793148,1.0014566236833373,0.7545028071241218
975,2.056623353856969,0.7454340217281143,0.985301976141527,0.7545316622613121
976,2.048011878425693,0.7493425073822242,0.970160446154048,0.754565054799548
977,2.038735721988024,0.752649662173664,0.9561370663878741,0.7546024833548883
978,2.02882005802097,0.7553513930160123,0.9433343344601239,0.7546434634893276
979,2.0182921233238464,0.7574443785616518,0.9318505424879774,0.7546875288824879
980,2.007181218921599,0.7589260642974603,0.9217779559133681,0.7547342323242887
981,1.9955187088630655,0.7597946588521843,0.9132008998555892,0.7547831465369744
982,1.9833380162891057,0.7489505754304204,0.9061938305119173,0.7548338648351257
983,1.97067461604867,0.7357585962737901,0.9008194849474901,0.7548860016325063
984,1.9575660230342071,0.7231207407766278,0.8971272119755737,0.7549391928047058
985,1.944051775291815,0.7111141446195014,0.8951515870681136,0.7549930959166101
986,1.9301734108368644,0.6998164743340052,0.8949114037225446,0.7550473903237566
987,1.91597443697402,0.6893050503926654,0.8964091124181376,0.7551017771565811
988,1.9015002907837946,0.6796558105854742,0.8996307480787972,0.755155979196484
989,1.8867982892992263,0.6709421234019785,0.9045463513847534,0.7552097406525141
990,1.8719175677602462,0.6632334743445086,0.9111108529910452,0.7552628268473042
991,1.8569090042054988,0.6565940629952042,0.9192653575101624,0.7553150238207027
992,1.8418251285488865,0.6510813638057259,0.9289387399612973,0.7553661378593058
993,1.8267200141997455,0.6467447169812546,0.9400494536689694,0.7554159949598485
994,1.8116491502317187,0.6436240251755451,0.9525074458180163,0.7554644402341407
995,1.7966692920982077,0.6417486347702648,0.9662160838242406,0.7555113372629366
996,1.7818382889452578,0.6411364756485934,0.9810740099299843,0.7555565674058224
997,1.767214885700529,0.6417935200619601,0.9969768600027716,0.7556000290738848
998,1.7528584983346578,0.6437136003278616,1.013818802501101,0.7556416369715899
999,1.7388289610135652,0.6468785990124083,1.0314938725983023,0.7556813213139731
1000,1.725186244300145,0.6512589973260723,1.0498970928957618,0.7557190270248937
1001,1.7119901441312735,0.65245490262017,1.068925385151899,0.7557547129217604
1002,1.699299941996473,0.6414080942016168,1.088478286794218,0.7557883508918072
1003,1.6871732006739342,0.6299098500137735,1.1084584391356722,0.7558376760832464
1004,1.8840914225727712,0.45454189188913363,1.1287722687109472,0.7558723220054845
1005,1.6756397820299733,0.6179684464938273,1.1287722687109472,0.7563784806832593
1006,1.873591717751717,0.46761093658935454,1.1493425702497448,0.7558723220054849
1007,1.664629279896359,0.605549250036282,1.1493425702497448,0.760743176556497
1008,1.8625117604735693,0.4803361650823246,1.170074322693881,0.7558723220054853
1009,1.6545016700810111,0.5927878878957413,1.170074322693881,0.7570533526462467
1010,1.8508820368909358,0.4926994376282151,1.190881320662133,0.7558723220054859
1011,1.6451682135974168,0.5796606163912477,1.190881320662133,0.7574392745248828
1012,1.8387350729835548,0.504683757933765,1.2116875204401938,0.7558723220054865
1013,1.636652665958464,0.566181622429195,1.2116875204401938,0.7579431337190149
1014,1.8261054361315718,0.5162731703703918,1.232419693681095,0.7558723220054872
1015,1.628999217078667,0.5523760197140923,1.232419693681095,0.7584058427890888
1016,1.8130297332398173,0.5274526764771672,1.253008300270183,0.7558723220054877
1017,1.6222491537893378,0.5382712726325041,1.253008300270183,0.7588221752217308
1018,1.7995466044778652,0.5382081669874555,1.2733874849287852,0.755872322005488
1019,1.61643952432424,0.5238970240864412,1.2733874849287852,0.7591932755467873
1020,1.7856967115593432,0.5363800968082569,1.2934951224414153,0.7558723220054883
1021,1.6116024425669901,0.5092851077533089,1.2934951224414153,0.7595289179807568
1022,1.7715227193307388,0.5253980313280053,1.3132721112130374,0.7558723220054889
1023,1.6077657691484792,0.4944707414153288,1.3132721112130374,0.7598077157884124
1024,1.7570692692764407,0.5152931155052455,1.3326630327121105,0.7558723220054893
1025,1.604951301911422,0.4794916666697852,1.3326630327121105,0.7600531870556542
1026,1.7423829433756208,0.506155891962629,1.351615569695807,0.7558723220054896
1027,1.6031754373027658,0.4643892962725756,1.351615569695807,0.7602602627390981
1028,1.7275122165717465,0.4980738987040206,1.3700804378466618,0.7558723220054897
1029,1.7125073959425559,0.4911294623460823,1.3880112775456486,0.7558723220054898
1030,1.697420544494514,0.48539729726184216,1.405364534671436,0.7558723220054903
1031,1.6823053873605818,0.480942041131998,1.4220993475810468,0.7558723220054906
1032,1.6672171980652257,0.47781589530793495,1.438177441558288,0.7558723220054907
1033,1.6522126624501052,0.4760565603923707,1.4535630310106593,0.7558723220054905
1034,1.6373497178441876,0.47568565501689836,1.4682227294385402,0.7558723220054907
1035,1.6226873651316827,0.4767077744274288,1.4821254670373387,0.7558723220054905
1036,1.6082854515401102,0.47911028708988274,1.4952424156815594,0.7558723220054906
1037,1.594204422259584,0.48286389101025046,1.5075469209669534,0.7558723220054909
1038,1.5805050394327553,0.48792387083024075,1.5190144409438722,0.7558723220054909
1039,1.5672480676399902,0.4942319272124311,1.5296224911544742,0.7558723220054907
1040,1.5544939257584591,0.5017184035784665,1.539350595582782,0.7558723220054907
1041,1.5423023060017436,0.5103047176295763,1.548180243135376,0.7558723220054907
1042,1.5307317620426637,0.5199058149568709,1.5560948492882711,0.7558723220054909
1043,1.5198392693676588,0.5304324926829771,1.5630797225596413,0.7558723220054907
1044,1.5096797623721603,0.5417934831126563,1.569122035496593,0.7558723220054907
1045,1.5003056541320632,0.5538972317142128,1.5742107998956325,0.7558723220054905
1046,1.4917663462090331,0.5666533435142842,1.5783368460098208,0.75587232200549
1047,1.4841077371843507,0.5799737032160523,1.5814928055300286,0.75587232200549
1048,1.4773717397739417,0.5937732957977698,1.5836730981627878,0.7558723220054897
1049,1.4715958172581358,0.6079707667034442,1.5848739216625183,0.75587232200549
1050,1.4668125504695197,0.622488765748501,1.5850932452113309,0.75587232200549
1051,1.4630492466402882,0.6320665226035921,1.584330806074964,0.7558723220054898
1052,1.4603276009596697,0.6274677069620991,1.58258810949873,0.7558723220054896
1053,1.4586634207075821,0.6223296459377861,1.579868431842643,0.7558723220054895
1054,1.4580664203268419,0.6166579066694776,1.5761768269902006,0.7558723220054894
1055,1.4585400938288327,0.6104586684302884,1.5715201361006235,0.7558723220054896
1056,1.4600816685920452,0.603738727780735,1.5659070008098088,0.7558723220054892
1057,1.4626821420379938,0.5965055050016445,1.5593478800207035,0.7558723220054894
1058,1.4663264000054477,0.5887670520865583,1.5518550704592702,0.7558723220054893
1059,1.4709934130507794,0.5805320626321102,1.5434427312074643,0.7558723220054889
1060,1.4766565045321063,0.5718098840365305,1.5341269124593726,0.7558723220054888
1061,1.4832836823194522,0.5626105325043844,1.5239255887803864,0.7558723220054887
1062,1.4908380244122945,0.5529447114641463,1.5128586971813496,0.7558723220054887
1063,1.4992781077000588,0.542823834139794,1.5009481803488975,0.7558723220054887
1064,1.5085584685893842,0.5322600511854071,1.4882180353984542,0.7558723220054885
1065,1.5186300842237472,0.5212662845020248,1.4746943685355733,0.7558723220054888
1066,2.015657212151338,0.4644787417066678,1.4746943685355733,0.7562099752440087
1067,1.5294408634825356,0.5098562686208553,1.4604054560220718,0.7558723220054885
1068,2.0264588905565737,0.4794852103907895,1.4604054560220718,0.7560983532091462
1069,1.5409361377894413,0.4980446013721448,1.445381811842406,0.7558723220054885
1070,2.036658974793481,0.49436268856785226,1.445381811842406,0.7559938331741662
1071,1.5530591428910476,0.48584680598539176,1.4296562624487301,0.7558723220054883
1072,2.046229503181506,0.509070290960911,1.4296562624487301,0.7558964113938255
1073,1.565751484087748,0.47327940731157386,1.4132640289246117,0.7558723220054886
1074,2.0551445795298244,0.5235706532435069,1.4132640289246117,0.7558060491559442
1075,1.5789535788163291,0.4603600255579082,1.396242816840488,0.755872322005488
1076,2.063380371214674,0.5378295045920364,1.396242816840488,0.755722675528174
1077,2.0709151059821873,0.5518153044898922,1.378632913969963,0.7556461900664814
1078,2.077729067892498,0.5654989348628049,1.3604772958840654,0.7555764654744717
1079,2.083804592757061,0.5788534394881372,1.341821739227315,0.755513350203661
1080,2.089126063364991,0.5918538035796396,1.3227149421887336,0.7554566709858203
1081,2.0936799047451236,0.604476767396604,1.3032086512934675,0.7554062352894816
1082,2.097454579667589,0.6167006686068355,1.2833577931340576,0.755361833693639
1083,2.100440584551201,0.628505308921647,1.2632206090089122,0.7553232421726193
1084,2.1026304459101763,0.6398718412112531,1.2428587896111323,0.7552902242869738
1085,2.1040187174447573,0.6507826739034405,1.2223376058840911,0.7552625332761105
1086,2.1046019778546063,0.6612213899750674,1.2017260309026931,0.755239914049198
1087,2.1043788294305594,0.6711726782746702,1.181096846127341,0.755222105071661
1088,2.1033498974588682,0.6806222752755288,1.160526723597983,0.7552088401453292
1089,2.101517830451692,0.6895569156617266,1.140096273593111,0.7551998500809851
1090,2.098887301197696,0.6979642904039353,1.1198900450074092,0.7551948642627225
1091,2.0954650086065203,0.7058330111946638,1.0999964632790613,0.7551936121041309
1092,2.091259680299928,0.7131525802912766,1.0805076882601794,0.7551958243968765
1093,2.0862820758799723,0.7199133649649654,1.0615193721853051,0.7552012345527856
1094,2.0805449907798512,0.7261065758798749,1.0431302961606914,0.7552095797409905
1095,2.074063260575578,0.7317242488328346,1.0254418627814692,0.7552206019221427
1096,2.066853765605404,0.7367592293739978,1.0085574230944208,0.7552340487820735
1097,2.058935435708437,0.7412051599050249,0.9925814187432542,0.7552496745676338
1098,2.050329254853235,0.7450564689165758,0.9776183253564592,0.7552672408277395
1099,2.0410582653806553,0.7483083620828511,0.9637713915738035,0.7552865170629233
1100,2.031147571532021,0.7509568149793343,0.9511411798363144,0.755307281286911
1101,2.0206243418730487,0.7529985672321957,0.9398239300659115,0.7553293205039306
1102,2.0095178101551956,0.75443111794518,0.9299097849424539,0.7553524311056206
1103,1.997859274078489,0.7552527222832415,0.9214809342624459,0.7553764191915296
1104,1.9856820913330149,0.755462389122622,0.9146097537497582,0.7554011008172805
1105,1.9730216721996965,0.7431988189122845,0.9093570280670199,0.7554263021745439
1106,1.9599154678847508,0.7305227466818814,0.9057703558687211,0.7554518597070047
1107,1.9464029536465992,0.718473700539557,0.9038828341490753,0.7554776201665064
1108,1.9325256056497788,0.7071289728007217,0.903712108468746,0.7555034406135591
1109,1.9183268703490362,0.6965655233096986,0.9052598549959615,0.7555291883663525
1110,1.9038521250704108,0.6868589620564874,0.9085117314960326,0.7555547409023764
1111,1.8891486283179661,0.6780823848729544,0.9134378008178099,0.7555799857166706
1112,1.8742654581991234,0.6703050841842995,0.9199933963765167,0.7556048201406542
1113,1.8592534372339424,0.663591171167604,0.9281203690338456,0.7556291511253714
1114,1.844165041701289,0.6579981603340439,0.9377486322517569,0.7556528949928976
1115,1.8290542935862728,0.6535755806139384,0.9487979096178701,0.7556759771595132
1116,1.8139766331390974,0.6503636862765076,0.9611795862564035,0.7556983318341354
1117,1.7989887700474894,0.6483923443114464,0.9747985721218705,0.7557199016953473
1118,1.7841485112766733,0.6476801706367951,0.9895550984834612,0.7557406375502368
1119,1.7695145637569807,0.6482339751037208,1.0053463862983099,0.7557604979780864
1120,1.7551463103146328,0.6500485555169808,1.022068143954799,0.7557794489618219
1121,1.7411035575607174,0.6531068559228221,1.039615869828305,0.7557974635099635
1122,1.727446254889867,0.6573804774165062,1.0578859506983513,0.7558145212716596
1123,1.7142341843037687,0.6474369418191882,1.0767765595008785,0.7558306081472298
1124,1.701526621470603,0.6363871949237103,1.0961883649079267,0.7558457158964931
1125,1.6893788655763593,0.6248867554419598,1.1160248531557673,0.7559259395867932
1126,1.882762398787605,0.4562569426799049,1.1361936115771032,0.7558723220054885
1127,1.677826729200215,0.6129455841790943,1.1361936115771032,0.7566502303173492
1128,1.8721857298128652,0.4692824292974737,1.1566073755249895,0.7558723220054886
1129,1.666972730819477,0.6005984764046547,1.1566073755249895,0.7560500206009149
1130,1.861032650276517,0.48196167648020305,1.1771787327967331,0.7558723220054884
1131,1.6568499451901355,0.5878602806521385,1.1771787327967331,0.7561113162339324
1132,1.849333910902448,0.4942766994998169,1.1978263477477564,0.7558723220054886
1133,1.6475052326228035,0.5747516868442571,1.1978263477477564,0.7561919765688415
1134,1.8371223026110581,0.5062106424884469,1.2184728779153893,0.7558723220054889
1135,1.6389863459640264,0.5612963603145272,1.2184728779153893,0.7562661211264058
1136,1.8244326576930292,0.5177476784052182,1.239044860580523,0.7558723220054885
1137,1.6313377498177581,0.5475198159236554,1.239044860580523,0.7563328873347006
1138,1.8113018474202502,0.5288729277478746,1.2594726450042817,0.7558723220054885
1139,1.6246000334363093,0.5334495525971092,1.2594726450042817,0.7563924491147037
1140,1.7977687751410358,0.5395723923614647,1.2796902925978424,0.7558723220054887
1141,1.6188094866635732,0.5191152793891526,1.2796902925978424,0.7564450411907774
1142,1.7838743637638723,0.5349083618185753,1.299636185281816,0.7558723220054889
1143,1.613996491229906,0.5045480919178607,1.299636185281816,0.7565247287295884
1144,1.7696615363792476,0.5240349778197121,1.319250186575777,0.7558723220054888
1145,1.6101899511260407,0.4897849380104679,1.319250186575777,0.7565382561035261
1146,1.7551751886044558,0.5140505942520143,1.338477246350666,0.7558723220054893
1147,1.6074100314907642,0.47486317377512377,1.338477246350666,0.7565742884241374
1148,1.740462151064392,0.5050454791129929,1.3572651007758543,0.7558723220054892
1149,1.605672230306842,0.45982446357199214,1.3572651007758543,0.7566052729301045
1150,1.725571140246445,0.4971066237929394,1.375564477772434,0.7558723220054894
1151,1.7105526957953532,0.49031550529192397,1.3933290424205351,0.7558723220054892
1152,1.6954591021519294,0.4847456688308386,1.410515279247596,0.7558723220054893
1153,1.6803442922975804,0.4804602668293821,1.4270823783532827,0.7558723220054892
1154,1.6652637312565663,0.47750972661270286,1.4429921289175345,0.7558723220054889
1155,1.6502742769443695,0.4759297384657276,1.4582088204827977,0.755872322005489
1156,1.6354340159500722,0.47573974960784077,1.4726991520467292,0.7558723220054888
1157,1.6208020719220162,0.4769421145227021,1.48643214883228,0.7558723220054888
1158,1.606438384409332,0.4795219906864177,1.49937908648845,0.7558723220054885
1159,1.5924034563177412,0.48344799082409595,1.5115134224007403,0.7558723220054886
1160,1.5787580685858522,0.48867352279866433,1.5228107337461436,0.7558723220054884
1161,1.5655629612946624,0.4951386811198485,1.5332486619060786,0.7558723220054887
1162,1.5528784811995835,0.5027725111811406,1.5428068628463367,0.7558723220054884
1163,1.5407641966246173,0.5114954534825881,1.5514669630813545,0.7558723220054883
1164,1.5292784817751828,0.5212217881371585,1.5592125208575003,0.7558723220054885
1165,1.5184780737889783,0.5318619326210366,1.566028992213961,0.7558723220054883
1166,1.5084176072170006,0.5433244885448355,1.5719037016081832,0.7558723220054886
1167,1.499149132056264,0.5555179773009978,1.576825816824238,0.7558723220054886
1168,1.4907216228722278,0.568352243255877,1.580786327915821,0.7558723220054882
1169,1.4831804878681176,0.5817395331333821,1.5837780299701192,0.7558723220054884
1170,1.4765670878858366,0.5955952804339978,1.5857955095139327,0.7558723220054887
1171,1.4709182761610453,0.6098386350226506,1.5868351344189147,0.755872322005488
1172,1.4662659701103014,0.6243927822287649,1.5868950471983438,0.755872322005488
1173,1.4626367664227715,0.6315002509221852,1.5859751616233997,0.7558723220054878
1174,1.4600516102095622,0.626831150669156,1.5840771626224233,0.755872322005488
1175,1.4585255279101867,0.6216234932070647,1.5812045094621174,0.7558723220054878
1176,1.458067432087664,0.6158829248749981,1.5773624422451256,0.7558723220054878
1177,1.4586800042223558,0.6096157047514801,1.5725579917939339,0.7558723220054877
1178,1.4603596592402213,0.6028287099596955,1.5667999930266026,0.7558723220054879
1179,1.463096592915926,0.5955294422858816,1.5600991019654067,0.7558723220054882
1180,1.4668749106278045,0.5877260363975811,1.5524678165549526,0.7558723220054883
1181,1.4716728333691966,0.5794272700087489,1.543920501501566,0.755872322005488
1182,1.477462974589729,0.5706425764122801,1.5344734173803276,0.7558723220054882
1183,1.4842126794787946,0.5613820598908856,1.5241447542896418,0.7558723220054878
1184,1.4918844168069618,0.5516565146287772,1.5129546703648167,0.755872322005488
1185,1.5004362124643489,0.5414774478850795,1.5009253354908334,0.7558723220054882
1186,1.509822113391868,0.5308571083626156,1.4880809805788104,0.7558723220054879
1187,2.0063832740207714,0.4508008113956753,1.4880809805788104,0.7559357769254591
1188,1.519992670666321,0.5198085209223258,1.4744479527886547,0.755872322005488
1189,2.0176715612245366,0.46587262676968594,1.4744479527886547,0.7559169834794948
1190,0.7544023927787725,0.6937122900656416,1.821018455973956,0.0
1191,0.8693553615908395,0.6023151950813168,1.821018455973956,0.0
1192,0.7535278989309472,0.6944430480623417,1.8206288704933298,0.0771981080582743
1193,0.8683163596850044,0.6022235546896324,1.8206288704933298,0.07897125228243321
1194,0.7523273598119746,0.695276974229932,1.8203971963844,0.12065825942934379
1195,0.8662797326508654,0.6028743070663032,1.8203971963844,0.126161187571472
1196,0.7510199044004732,0.696022987266695,1.8205487827250044,0.16677241880614543
1197,0.8635059008397232,0.6044702573942367,1.8205487827250044,0.17587264599912306
1198,0.7495675543964931,0.6967496013758941,1.8211377975245737,0.2128968553927302
1199,0.8600886778166235,0.6070310036575982,1.8211377975245737,0.22542830745950784
1200,0.7479275053326785,0.6975365830629497,1.8222096287332548,0.25789991251737304
1201,0.8561171317893157,0.6105650875273968,1.8222096287332548,0.2737499252949231
1202,0.7460618900631787,0.6984640591985816,1.8238084722327652,0.3013701936380523
1203,0.8516824821141346,0.6150758908356854,1.8238084722327652,0.32045072771673205
1204,0.7439377306541101,0.6996113068529112,1.82597779962879,0.3431430716075609
1205,0.8468783095627594,0.6205613255662502,1.82597779962879,0.365377562331989
1206,0.7415265153237391,0.7010558986226261,1.828760444588865,0.3831529887787705
1207,0.8418004236851298,0.6270134835347357,1.828760444588865,0.40847053286348095
1208,0.7388037849870148,0.7028728317060767,1.8321986103240473,0.42138018519519127
1209,0.8365466494670982,0.6344184776426451,1.8321986103240473,0.44971280282485027
1210,0.7357487468697318,0.7051336403814201,1.8363338063682402,0.45782847946286315
1211,0.8312165327307285,0.6427564731558626,1.8363338063682402,0.48910977238644865
1212,0.7323439167142071,0.7079055113275273,1.8412067116109596,0.4925148963171712
1213,0.8259109526134989,0.6520018900437197,1.8412067116109596,0.5266793876516791
1214,0.7285747895904475,0.7112504258424893,1.846856962375349,0.5254643789861282
1215,0.8207316299562545,0.6621237501195881,1.846856962375349,0.5624472058458357
1216,0.7244295386418778,0.7152243557269009,1.8533228668903237,0.556706895376417
1217,0.8157805224651081,0.673086138318401,1.8533228668903237,0.5964436917359571
1218,0.7198987406365838,0.7198765405506511,1.8606410501573285,0.5862757579172596
1219,0.8111591008776099,0.6848487457439655,1.8606410501573285,0.6287026421675266
1220,0.7149751268970819,0.7252488729485757,1.868846035842166,0.614206597240965
1221,0.8069675052021285,0.697367462876327,1.868846035842166,0.6592602169654036
1222,0.7096533580054266,0.7313754154024334,1.877969774327821,0.6405367064085821
1223,0.80330358645185,0.7105949940725977,1.877969774327821,0.6881543128261263
1224,0.7039298205953407,0.738282066811904,1.888041128337821,0.6653046043393297
1225,0.8002618470207103,0.7244814686199664,1.888041128337821,0.7154241398319312
1226,0.6978024445244598,0.7459863904254693,1.8990853294743286,0.6885497337788578
1227,0.7979323015733107,0.7389750284820189,1.8990853294743286,0.7411099222525028
1228,0.6912705387484338,0.7544976069855426,1.9111234205110372,0.7103122445241815
1229,0.7963992894067741,0.7540223779579676,1.9111234205110372,0.7652526781637863
1230,0.6843346442796034,0.7638167489582316,1.9241716992532083,0.7306328322107999
1231,0.7957402778028663,0.7695692853053789,1.9241716992532083,0.7878940505750331
1232,0.6769964026949368,0.7739369642065089,1.938241180163557,0.7495526142189217
1233,0.7960247028592826,0.7855610306557428,1.938241180163557,0.8090761731681587
1234,0.6692584387523626,0.7848439510839423,1.9533370897201954,0.7671130309322436
1235,0.797312898562191,0.8019427981083164,1.9533370897201954,0.8288415599186826
1236,0.6611242557753773,0.7965165021629985,1.9694584106223716,0.7833557646603467
1237,0.7996551654714948,0.8186600126637533,1.9694584106223716,0.8472330116222627
1238,0.652598142568335,0.8089271309342297,1.9865974885283362,0.7983226710910293
1239,0.8030910267136645,0.8356586246818206,1.9865974885283362,0.8642935346952134
1240,0.6436850907260736,0.8220427548544855,2.004739713069022,0.8120557197774063
1241,0.807648710911145,0.8528853458982214,2.004739713069022,0.8800662691135744
1242,0.6343907212993722,0.8358254089118363,2.0238632825335015,0.8245969412372594
1243,0.8133448897328133,0.8702878418237969,2.0238632825335015,0.8945944233288047
1244,0.6247212198708918,0.8502329660886948,2.0439390589923128,0.8359883789574679
1245,0.8201846830282751,0.8878148856933564,2.0439390589923128,0.907921214642391
1246,0.614683279183968,0.8652198443345802,2.064930517850934,0.8462720450814476
1247,0.8281619285527468,0.9054164791440966,2.064930517850934,0.9200898139543274
1248,0.6042840485486027,0.8807376834788985,2.0867937930486367,0.8554898788913842
1249,0.8372596978325588,0.9230439445847222,2.0867937930486367,0.9311432940947629
1250,0.5935310893252209,0.8967359795292528,2.1094778164701538,0.8636837074298428
1251,0.8474510263954457,0.94064999384872,2.1094778164701538,0.9411245811505534
1252,0.5824323358574711,0.9131626676895259,2.132924547734153,0.8708952077695568
1253,0.858699816658018,0.9581887772738631,2.132924547734153,0.950076408339074
1254,0.5709960612909045,0.9299646489590775,2.1570692884538487,0.8771658705571244
1255,0.8709618659428343,0.9756159168635921,2.1570692884538487,0.9580412720801025
1256,0.5592308477753192,0.9470882581935196,2.1818410733927807,0.882536964540338
1257,0.8841859705053599,0.9928885266989759,2.1818410733927807,0.9650613899860961
1258,0.5471455606055226,0.9644796739513029,2.2071631296943024,0.8870495018495735
1259,0.8983150586646577,1.0099652233054732,2.2071631296943024,0.971178660540666
1260,0.534749325908963,0.9820852723142998,2.2329533945493014,0.8907442038478262
1261,0.9132873113407556,1.0268061282507286,2.2329533945493014,0.9764346242706018
1262,0.5220515115399825,0.9998519281949283,2.2591250812610344,0.8936614673962833
1263,0.9290372354980537,1.0433728648654592,2.2591250812610344,0.9808704262427566
1264,0.5090617108903402,1.0177272684947956,2.2855872836268305,0.8958413314061533
1265,0.9454966641539515,1.059628550641777,2.2855872836268305,0.9845267797363924
1266,0.4957897293753223,1.0356598819411413,2.3122456088284125,0.8973234435652253
1267,0.9625956648366871,1.0755377865714013,2.3122456088284125,0.9874439309564562
1268,0.48224557340569013,1.0535994905805082,2.3390028295428413,0.8981470271412375
1269,0.980263345978085,1.0910666444376016,2.3390028295428413,0.9896616246652075
1270,0.46843944170978835,1.0714970878319439,2.3657595466898047,0.8983508477748309
1271,0.9984285572566283,1.1061826528655543,2.3657595466898047,0.9912190706198271
1272,0.45438171892976237,1.0893050477630772,2.392414855055837,0.897973180183898
1273,1.017020485140048,1.1208547827618602,2.392414855055837,0.9921549107129993
1274,0.4400829714843528,1.093911884563004,2.4188670049260614,0.897051774709256
1275,1.0359691487739502,1.1350534326308068,2.4188670049260614,0.9925071867225433
1276,0.4255539457726222,1.0763705943413409,2.445014053761133,0.8956238236395798
1277,1.0552058040144483,1.148750414138353,2.445014053761133,0.992313308585585
1278,0.41080556889461056,1.0590774448970837,2.4707545028427225,0.8937259272619895
1279,1.0746632649781962,1.1619189382007664,2.4707545028427225,0.9916100231228091
1280,0.39584895219540106,1.0420948859650874,2.4959879146460797,0.8913940595941683
1281,1.0942761531885443,1.1745336017998589,2.4959879146460797,0.9904333831493622
1282,0.3806953981116577,1.0254873267454148,2.5206155074627885,0.8886635337647834
1283,1.1139810844412974,1.1865703756676689,2.5206155074627885,0.9888187169211998
1284,0.3653564110340511,1.0093209054057286,2.5445407244786957,0.8855689670217893
1285,1.1337168030902063,1.1980065929375439,2.5445407244786957,0.9868005978792654
1286,0.34984371322475244,0.9936631906384018,2.56766977510568,0.8821442453631141
1287,1.1534242727248036,1.2088209388235573,2.56766977510568,0.9844128146689624
1288,0.33416926729184615,0.9785828066599652,2.589912146871209,0.8784224878016542
1289,1.1730467313129163,1.2189934413641195,2.589912146871209,0.9816883414289646
1290,0.3183453073931928,0.9641489740821714,2.611181086590327,0.8744360102965626
1291,1.1925297179067036,1.2285054632468444,2.611181086590327,0.9786593083615704
1292,0.3023843823342463,0.9504309609544734,2.6313940498872297,0.8702162894056008
1293,1.2118210770356295,1.2373396947189284,2.6313940498872297,0.9753569726163688
1294,1.6600941959210147,0.937497441122074,2.6504731184061443,0.8657939257389107
1295,1.2308709459800042,1.2454801475793045,2.6504731184061443,0.9718116895399528
1296,1.6536968221196613,0.9254157609547116,2.6683453842627656,0.8611986073227812
1297,1.2496317292637587,1.2529121502448455,2.6683453842627656,0.9680528843664812
1298,1.646639193909245,0.9142511204824907,2.6849433014471193,0.8564590730126431
1299,1.2680580639400967,1.259622343882088,2.6849433014471193,0.9641090244468588
1300,1.6389326289089448,0.9040656809010703,2.7002050040053946,0.8516030761272166
1301,1.2861067785739244,1.265598679597868,2.7002050040053946,0.9600075921377822
1302,1.6305903278023532,0.8949176169919678,2.71407459091001,0.846657348509955
1303,1.303736848248999,1.270830416686346,2.71407459091001,0.9557750584955332
1304,1.6216273923394966,0.8868601397774116,2.726502377581564,0.8416475652589946
1305,1.3209093474400113,1.2753081219358724,2.726502377581564,0.9514368579426056
1306,1.6120608444773468,0.8799405210565857,2.7374451140596805,0.8365983104018203
1307,1.337587402182264,1.2790236700067372,2.7374451140596805,0.947017364097567
1308,1.6019096465538427,0.8741991565928056,2.746866169837779,0.8315330438248799
1309,1.3537361426351897,1.2819702448998158,2.746866169837779,0.9425398669793087
1310,1.591194722344015,0.8696687078474448,2.7547356853841474,0.8264740698002174
1311,1.3693226568614079,1.2841423425463871,2.7547356853841474,0.9380265518153291
1312,1.5799389787899476,0.8663733625835465,2.7610306903722646,0.8214425074796029
1313,1.3843159464214478,1.2855357745608367,2.7610306903722646,0.9334984796993494
1314,1.5681673281273056,0.8643282519144403,2.7657351886404395,0.8164582637503224
1315,1.3986868842074456,1.28614767321052,2.7657351886404395,0.9289755703555377
1316,1.5559067100481592,0.8635390553259717,2.768840209897092,0.8115400088643663
1317,1.4124081747997477,1.285976497670723,2.768840209897092,0.9244765872743259
1318,1.5431861134408291,0.8640018161593351,2.7703438281857324,0.8067051552628975
1319,1.4254543175219463,1.2850220416474292,2.7703438281857324,0.9200191254875807
1320,1.530036597130466,0.8657029787404209,2.7702511471247995,0.8019698400194104
1321,1.4378015722868838,1.2832854424664606,2.7702511471247995,0.9156196022481873
1322,1.5164913089069307,0.8686196458644463,2.7685742519437837,0.7973489113167735
1323,1.449427928263925,1.2807691917445874,2.7685742519437837,0.9112932508704364
1324,1.5025855019674006,0.8727200429641372,2.7653321283501344,0.792855919354643
1325,1.4603130753523084,1.2774771477763476,2.7653321283501344,0.9070541179727272
1326,1.4883565477182363,0.8779641642662679,2.760550548283087,0.7885031120539641
1327,1.4704383784133694,1.2734145497896494,2.760550548283087,0.9029150643427943
1328,1.473843943672868,0.8843045676237657,2.754261922642552,0.7843014358843353
1329,1.4797868541932173,1.2685880342437306,2.754261922642552,0.8988877696180613
1330,1.4590893149493314,0.8705795122111881,2.746505121125621,0.7802605420881553
1331,1.488343150854735,1.2630056533646508,2.746505121125621,0.8949827409399668
1332,1.4441364076132988,0.8554005484307171,2.737325259362418,0.7763887985133735
1333,1.4960935300318765,1.2566768961361827,2.737325259362418,0.8912093257017898
1334,1.4290310718322945,0.8405516499355443,2.7267734536195296,0.7726933071955611
1335,1.503025851318598,1.2496127119875151,2.7267734536195296,0.8875757284651671
1336,1.4138212325085653,0.8260987925250596,2.7149065434361117,0.769179927751374
1337,1.5091295591082792,1.241825537443428,2.7149065434361117,0.8840890320721243
1338,1.3985568447489745,0.8121100539998476,2.701786782678264,0.7658533065613513
1339,1.5143956717062266,1.2333293260271159,2.701786782678264,0.8807552229280321
1340,1.3832898312207471,0.7986552510378283,2.687481499645012,0.7627169116325924
1341,1.5188167726470467,1.2241395817301348,2.687481499645012,0.8775792203776326
1342,1.368073998146627,0.7858054691951153,2.672062727038061,0.7597730729436738
1343,1.5223870041597753,1.2142733963872758,2.672062727038061,0.8745649100425199
1344,1.3529649264314574,0.7736324750000545,2.655606802821221,0.7570230279878296
1345,1.5251020627361584,1.2037494913154627,2.655606802821221,0.8717151809354718
1346,1.3380198342092173,0.7622080024825355,2.6381939432478827,0.7544669721484498
1347,1.5269591967710723,1.1925882635936789,2.6381939432478827,0.8690319661162568
1348,1.3232974069855834,0.751602911646517,2.6199077896293903,0.7521041134658648
1349,1.5279572062583977,1.1808118373735137,2.6199077896293903,0.8665162866061932
1350,1.3088575915620455,0.7418862234792831,2.6008349307563683,0.7499327312883549
1351,1.528096444540536,1.1684441206147547,2.6008349307563683,0.8641682982361384
1352,1.2947613501039674,0.7331240450017813,2.5810644032702705,0.7479502382451905
1353,1.5273788221249192,1.155510867634236,2.5810644032702705,0.8619873410656523
1354,1.281070371100075,0.7253784081979313,2.560687172713633,0.7461532449367841
1355,1.525807812596146,1.1420397478347046,2.560687172713633,0.8599719909808066
1356,1.2678467345979423,0.7187060576474,2.5397955984621343,0.7445376267075777
1357,1.5233884606675805,1.1280604209383711,2.5397955984621343,0.8581201130550541
1358,1.2551525300282427,0.7131572321878754,2.518482886254625,0.7430985918516141
1359,1.5201273924311685,1.1136046189802116,2.518482886254625,0.8564289162421836
1360,1.2430494261792449,0.7087744945275846,2.4968425325800436,0.7418307505987669
1361,1.5160328278786057,1.0987062352103252,2.4968425325800436,0.8548950089628246
1362,1.231598194465437,0.7055916678964655,2.474967765740467,0.7407281842407569
1363,1.5111145957805818,1.0834014199020177,2.474967765740467,0.853514455146141
1364,1.220858188539876,0.7036329392188833,2.452950988970602,0.7397845137794635
1365,1.505384151023226,1.0677286828495784,2.452950988970602,0.852282830295956
1366,1.2108867854877814,0.7029121830516261,2.43088323153489,0.7389929675142459
1367,1.4988545945116996,1.0517290020509666,2.43088323153489,0.8511952771651011
1368,1.201738796231457,0.7034325495564074,2.4088536142185646,0.7383464470284865
1369,1.4915406957595185,1.0354459376869147,2.4088536142185646,0.850246560642537
1370,1.1934658552566058,0.7051863438692468,2.3869488360490054,0.7378375910865345
1371,1.4834589182879838,1.018925750007206,2.3869488360490054,0.8494311214840018
1372,1.1861158021820273,0.7081552050507723,2.3652526893962365,0.7374588370088211
1373,1.474627447962133,1.0022175190922762,2.3652526893962365,0.8487431285476389
1374,1.1797320698516713,0.7123105726154425,2.3438456107719987,0.737202479153227
1375,1.465066224386877,0.9853732636468989,2.3438456107719987,0.8481765292302793
1376,1.1743530953251586,0.7176144098992154,2.3228042746413737,0.7370607241930234
1377,1.4547969754779873,0.9684480549750591,2.3228042746413737,0.8477250978368437
1378,1.1700117711768458,0.7240201384183452,2.3022012373474126,0.7370257429441734
1379,1.4438432553058058,0.9515001210558782,2.3022012373474126,0.8473824816536554
1380,1.1667349547065962,0.7314737274187652,2.2821046378004537,0.7370897185559983
1381,1.4322304852828227,0.9345909341706812,2.2821046378004537,0.8471422445354827
1382,1.164543051891362,0.7399148786551838,2.262577960880106,0.7372448909378615
1383,1.4199859987271595,0.9177852738146063,2.262577960880106,0.8469979078548953
1384,1.1634496911140773,0.7492782478175753,2.2436798685295827,0.7374835973495928
1385,1.4071390887795165,0.9011512546778305,2.2436798685295827,0.8469429887004024
1386,1.1634614989350451,0.7594946499673574,2.225464102292057,0.7377983091339958
1387,1.393721059577721,0.8847603073499182,2.225464102292057,0.8469710352460643
1388,1.1645779865578085,0.7704922054514974,2.2079794595637816,0.7381816646154513
1389,1.3797652804964053,0.8686870971823044,2.2079794595637816,0.8470756592494011
1390,1.1667915514125728,0.7821973935041064,2.1912698441506344,0.7386264982289028
1391,1.365307243134662,0.8530093645992664,2.1912698441506344,0.8472505656659798
1392,1.1700875937300452,0.7945359917351058,2.1753743898599716,0.7391258659782929
1393,1.3503846205760803,0.8378076683188855,2.1753743898599716,0.8474895793977689
1394,1.1744447434381722,0.8074338898651214,2.1603276538977174,0.7396730673527937
1395,1.335037328246986,0.8231650117686912,2.1603276538977174,0.8477866692180034
1396,1.1798351885135387,0.8208177746913594,2.1461598748419375,0.7402616638530884
1397,1.3193075854529102,0.8091663328897768,2.1461598748419375,0.84813596893779
1398,1.1862250923494373,0.8346156900190956,2.1328972880062413,0.7408854942988063
1399,1.303239976372763,0.7958978390352677,2.1328972880062413,0.8485317958990026
1400,1.1935750849850868,0.8487574801210302,2.1205624891697696,0.7415386871023181
1401,1.2868815089271095,0.7834461723421025,2.1205624891697696,0.8489686668942288
1402,1.2018408113063823,0.8631751283523276,2.1091748360142812,0.7422156697038984
1403,1.2702816695038814,0.7718973973091597,2.1091748360142812,0.8494413116277084
1404,1.2109735186121195,0.877803004131961,2.0987508752459094,0.7429111753692035
1405,1.2534924710153224,0.7613358117113364,2.0987508752459094,0.8499446838416107
1406,1.2209206661844745,0.8925780319270947,2.089304782352534,0.7436202475525533
1407,1.236568491169679,0.7518425944654558,2.089304782352534,0.8504739702397046
1408,1.23162654057876,0.9074397954675675,2.0808488003071206,0.7443382420291272
1409,1.2195668971692473,0.7434943192036672,2.0808488003071206,0.8510245973458453
1410,1.243032862075263,0.9223305894564029,2.0733936633072907,0.7450608269963465
1411,1.2025474522976545,0.7363613790440614,2.0733936633072907,0.8515922364378482
1412,1.255079369911317,0.9371954297622571,2.0669489918597046,0.7457839813398154
1413,1.185572499046385,0.7305063846436204,2.0669489918597046,0.85217280669861
1414,1.267704376330486,0.9519820316585258,2.0615236461759623,0.7465039912526896
1415,1.1687069125772123,0.7259826117703427,2.0615236461759623,0.8527624767259143
1416,1.2808452819625837,0.9666407642385164,2.057126025930464,0.7472174453895263
1417,1.1520180174614854,0.7228325837580557,2.057126025930464,0.853357664540527
1418,1.294439047429928,0.9705814764245561,2.0537643059112636,0.7479212287269387
1419,1.135575459835076,0.7210868759308393,2.0537643059112636,0.8539550362291505
1420,1.3084226182469731,0.962307534335856,2.051446598931247,0.74861251529397
1421,1.1194510264366953,0.7207632218098192,2.051446598931247,0.8545515033547921
1422,1.322733301966955,0.954971222719526,2.050181039506578,0.7492887599252747
1423,1.1037184015580754,0.7218659843607584,2.050181039506578,0.8551442192622739
1424,1.337309098091389,0.9486230138061446,2.0499757841908437,0.749947689180181
1425,1.0884528528523814,0.7243860310304967,2.0499757841908437,0.8557305744011905
1426,1.352088982487327,0.9433078327119453,2.0508389270069407,0.750587291560651
1427,1.0737308373681014,0.7283010217033103,2.0508389270069407,0.8563081907827472
1428,1.3670131489675512,0.9390642969017196,2.0527783310682626,0.7512058071512112
1429,1.0596295202590673,0.7335760878719022,2.0527783310682626,0.8568749156807126
1430,1.3820232113104707,0.9359240277738639,2.055801380144199,0.7518017167942345
1431,1.0462262005254452,0.740164853401928,2.055801380144199,0.8574288146803181
1432,1.3970623693688273,0.9339110632532586,2.0599146565163857,0.7523737309045389
1433,1.0335976410015086,0.7480107258076759,2.0599146565163857,0.8579681641725015
1434,1.4120755430827643,0.9330413976747244,2.065123553903486,0.7529207780182869
1435,1.021819303707998,0.7570483741959544,2.065123553903486,0.8584914433843757
1436,1.4270094782165266,0.9333226705541613,2.0714318364158295,0.7534419931625731
1437,1.0109644966279914,0.7672053066124433,2.0714318364158295,0.8589973260304326
1438,1.4418128275192674,0.9347540193342242,2.0788411563532794,0.7539367061239876
1439,1.001103443821219,0.7784034645561153,2.0788411563532794,0.8594846716627161
1440,1.4564362108046949,0.9373261033514204,2.0873505451044294,0.7544044296867928
1441,0.9923022972856412,0.7905607639223099,2.0873505451044294,0.8599525167920994
1442,1.4708322571816743,0.9410212977786243,2.0969558923794804,0.7548448479042246
1443,0.9846221156616866,0.8035925270675004,2.0969558923794804,0.8604000658469408
1444,1.4849556323729467,0.945814047919871,2.1076494294670494,0.7552578044597221
1445,0.9781178411502939,0.8174127675491096,2.1076494294670494,0.8608266820297543
1446,1.4987630537509025,0.9516713667249416,2.119419232122454,0.7556432911687316
1447,0.9728373111626073,0.8319353052961537,2.119419232122454,0.8612318781271441
1448,1.512213295412343,0.9585534523799802,2.1322487580721994,0.7560014366659495
1449,0.9688203444842524,0.8470747040603561,2.1322487580721994,0.8616153073231752
1450,1.52526718531857,0.966414398744913,2.1461164329835563,0.7563324953175877
1451,0.9660979424450137,0.8627470341977538,2.1461164329835563,0.8619767540615015
1452,1.5378875962499416,0.9752029694317793,2.1609952971524216,0.7566368363933351
1453,0.9646916432630106,0.8788704719229679,2.1609952971524216,0.8623161249970392
1454,1.5500394320694182,0.9848634063896515,2.1768527231840538,0.7569149335281763
1455,0.964613062227162,0.8953657513596595,2.1768527231840538,0.8626334400736994
1456,1.5616896105597506,0.99533624571644,2.193650212675679,0.7571673545000999
1457,0.965863641932673,0.9121564884238628,2.193650212675679,0.8629288237606849
1458,1.5728070438944601,1.0065591166500691,2.211343277466212,0.7573947513459127
1459,0.9684346260353295,0.9291693963675843,2.211343277466212,0.8632024964761298
1460,1.5833626176231195,1.018467503829094,2.2298814085105017,0.7575978508338799
1461,0.9723072579226607,0.9463344122242514,2.2298814085105017,0.8634547662233525
1462,1.5933291688954758,1.0309954574856302,2.2492081329752898,0.7577774453087132
1463,0.9774531934955154,0.9635847519191086,2.2492081329752898,0.8636860204617626
1464,1.6026814645149168,1.0440762408267592,2.2692611578434065,0.7579343839214988
1465,0.9838351061152266,0.9808569098287678,2.2692611578434065,0.8638967182314313
1466,1.6113961792977851,1.0576429081481935,2.2899725962376243,0.7580695642544356
1467,0.991407452738767,0.9980906163897278,2.2899725962376243,0.8640873825475438
1468,1.6194518751189813,1.0716288109817396,2.311269270901707,0.7581839243478197
1469,1.0001173640641807,1.0152287651714689,2.311269270901707,0.8642585930783409
1470,1.626828980944155,1.0859680326806533,2.33307308784643,0.7582784351344084
1471,1.0099056184724726,1.0322173187773138,2.33307308784643,0.864410979117771
1472,1.6335097740826063,1.1005957542535398,2.3553014721025503,0.7583540932842482
1473,1.0207076596091742,1.0490052010900914,2.3553014721025503,0.8645452128618298
1474,1.6394783628408969,1.086913264262438,2.3778678568190834,0.7584119144611199
1475,1.0324546201887468,1.0655441817728413,2.3778678568190834,0.8646620029955245
1476,1.6447206707135065,1.0717812061491467,2.4006822165835695,0.7584529269900164
1477,1.0450743193871088,1.0817887575726457,2.4006822165835695,0.8647620885955026
1478,1.6492244222120334,1.0566145620198508,2.4236516357864635,0.7584781659334574
1479,1.058492207266692,1.0976960338458845,2.4236516357864635,0.8648462333516176
1480,1.652979130407097,1.0414682602937835,2.44668090305951,0.7584886675729698
1481,1.0726322363212908,1.1132256088037904,2.44668090305951,0.8649152201091235
1482,1.655976086236024,1.0263995758358744,2.469673123237573,0.7584854642907187
1483,1.0874176468011458,1.1283394622418244,2.469673123237573,0.8649698457316852
1484,1.6582083496134616,1.011468068369836,2.4925303388728595,0.7584695798450282
1485,1.1027716585002834,1.143001849937717,2.4925303388728595,0.8650109162840383
1486,1.6596707423703527,0.9967354825055402,2.5151541540197813,0.7584420250324135
1487,1.118618066844556,1.1571792044551394,2.5151541540197813,0.86503924253189
1488,1.6603598430382744,0.9822656015535909,2.5374463537620784,0.7584037937277103
1489,1.1348817452541269,1.1708400427492263,2.5374463537620784,0.8650556357555087
1490,1.660273983490319,0.9681240467693921,2.559309513731805,0.7583558592929531
1491,1.151489058841991,1.183954880715983,2.559309513731805,0.8650609038724115
1492,1.6594132474456658,0.9543780134301636,2.580647594639763,0.758299171344813
1493,1.1683681966185009,1.1964961546423751,2.580647594639763,0.8650558478636096
1494,1.6577794708421896,0.9410959353366268,2.601366517573812,0.7582346528696546
1495,1.1854494306274865,1.2084381493829204,2.601366517573812,0.8650412584970211
1496,1.6553762440791924,0.9283470700990837,2.621374716506889,0.7581631976745755
1497,1.202665310997608,1.219756932999882,2.621374716506889,0.8650179133408892
1498,1.652208916130072,0.9162009990734606,2.640583665078668,0.7580856681622199
1499,1.2199508059132391,1.230430297547842,2.640583665078668,0.8649865740593464
1500,1.6482846005217984,0.9047270382017675,2.6589083752670453,0.7580028934166171
1501,1.2372433951421435,1.2404377056518017,2.6589083752670453,0.8649479839816536
1502,1.6436121831738837,0.8939935593889728,2.6762678660460435,0.7579156675868646
1503,1.2544831251322777,1.2497602425147576,2.6762678660460435,0.8649028659361068
1504,1.6382023320833858,0.8840672264476055,2.692585600536622,0.757824748555087
1505,1.2716126329135338,1.2583805729911417,2.692585600536622,0.8648519203391108
1506,1.6320675088337013,0.8750121549864474,2.7077898905001567,0.7577308568748072
1507,1.288577145194448,1.266282903372814,2.7077898905001567,0.8647958235295484
1508,1.6252219818926483,0.8668890116918215,2.7218142673065495,0.7576346749656246
1509,1.3053244581892995,1.2734529475516132,2.7218142673065495,0.8647352263381822
1510,1.6176818416487633,0.8597540748659672,2.7345978187365967,0.7575368465499183
1511,1.3218049028893561,1.279877897244601,2.7345978187365967,0.8646707528815919
1512,1.6094650171127929,0.8536582842996439,2.7460854911583326,0.7574379763171957
1513,1.3379712997298783,1.2855463959934506,2.7460854911583326,0.8646029995698795
1514,1.6005912941829534,0.8486463138867362,2.7562283567565933,0.7573386298016445
1515,1.3537789059167673,1.2904485166767752,2.7562283567565933,0.8645325343172486
1516,1.5910823353363988,0.844755704096863,2.7649838456007374,0.7572393334584767
1517,1.3691853580697937,1.2945757423026572,2.7649838456007374,0.864459895944402
1518,1.5809617005639673,0.8420160928101046,2.772315942413557,0.757140574924699
1519,1.384150612313419,1.2979209498776503,2.772315942413557,0.8643855937616789
1520,1.5702548693092035,0.8404485815558295,2.7781953479606796,0.7570428034500873
1521,1.398636883497749,1.300478397177713,2.7781953479606796,0.8643101073217977
1522,1.5589892631039712,0.8400652696447074,2.782599605019249,0.7569464304843124
1523,1.4126085848550352,1.3022437122755857,2.782599605019249,0.8642338863311221
1524,1.5471942685098876,0.8408689811772628,2.7855131889119664,0.7568518304063749
1525,1.4260322690841276,1.3032138857079807,2.7855131889119664,0.864157350708422
1526,1.5349012598751803,0.8428531999981761,2.7869275626116656,0.7567593413827987
1527,1.438876571598677,1.3033872651945306,2.7869275626116656,0.8640808907802229
1528,1.5221436212983468,0.8460022162447651,2.7868411964360646,0.7566692663413284
1529,1.4511121564670468,1.3027635528487571,2.7868411964360646,0.8640048676019788
1530,1.508956767050986,0.8502914763461895,2.785259552365422,0.7565818740472323
1531,1.4627116654057333,1.3013438048494665,2.785259552365422,0.863929613394486
1532,1.4953781595504112,0.8556881173612041,2.7821950330305434,0.7564974002697126
1533,1.4736496700570096,1.2991304335690121,2.7821950330305434,0.863855432085178
1534,1.4814473237863575,0.8621516574614793,2.777666895437726,0.7564160490263263
1535,1.4839026276797465,1.2961272121828904,2.777666895437726,0.8637825999441884
1536,1.4672058568940325,0.8662617971434431,2.7717011295238145,0.7563379938937936
1537,1.4934488403048394,1.292339281813301,2.7717011295238145,0.863711366305333
1538,1.4526974313274668,0.8514489886323002,2.7643303016712824,0.7562633793740312
1539,1.502268417349025,1.287773161287648,2.7643303016712824,0.8636419543624788
1540,1.437967789823276,0.8368656087209762,2.755593363363467,0.7561923223047563
1541,1.5103432416394083,1.282436759621599,2.755593363363467,0.8635745620320738
1542,1.4230647300579118,0.8225784684307813,2.7455354252269117,0.7561249133045288
1543,1.5176569387726282,1.2763393913652858,2.7455354252269117,0.863509362872966
1544,1.408038076595727,0.8086567611389816,2.734207496794967,0.7560612182426231
1545,1.524194849714702,1.2694917949804754,2.734207496794967,0.8634465070549895
1546,1.3929396374081273,0.7951717885261946,2.721666192438159,0.7560012797246811
1547,1.529944006538053,1.2619061544460342,2.721666192438159,0.8633861223681822
1548,1.3778231419265814,0.7821965876766044,2.7079734040465455,0.7559451185856386
1549,1.534893111189294,1.2535961243184706,2.7079734040465455,0.8633283152648712
1550,1.3627441572896137,0.7698054455433565,2.6931959412217443,0.7558927353819931
1551,1.5390325171836399,1.2445768585035202,2.6931959412217443,0.8632731719272664
1552,1.3477599791763204,0.7580732889624905,2.6774051399458814,0.755844111876028
1553,1.542354214128125,1.2348650430230652,2.6774051399458814,0.863220759353612
1554,1.332929493412272,0.7470749420391405,2.660676440945693,0.7557992125051837
1555,1.544851814985252,1.224478933088394,2.660676440945693,0.8631711264563386
1556,1.3183130044196245,0.7368842483265796,2.643088939266348,0.7557579858303144
1557,1.5465205460005282,1.2134383948149168,2.643088939266348,0.8631243051660853
1558,1.3039720265991466,0.7275730629090372,2.624724906914323,0.7557203659571244
1559,1.5473572392309407,1.201764951933396,2.624724906914323,0.8630803115358672
1560,1.2899690349198283,0.7192101291704247,2.605669290823877,0.7556862739256234
1561,1.547360327626322,1.1894818378666465,2.605669290823877,0.86303914684007
1562,1.276367171396703,0.7118598662245201,2.5860091888476453,0.7556556190629643
1563,1.546529842631372,1.1766140535458578,2.5860091888476453,0.8630007986633728
1564,1.263229904804313,0.7055811048288768,2.565833306966562,0.7556283002955556
1565,1.5448674142924397,1.1631884313337448,2.565833306966562,0.8629652419750891
1566,1.250620641942138,0.7004258208287051,2.545231401453077,0.7556042074168324
1567,1.542376273869829,1.1492337053982589,2.545231401453077,0.8629324401848302
1568,1.2386022900692337,0.6964379241976543,2.5242937102959924,0.7555832223075614
1569,1.539061258973006,1.1347805888348252,2.5242937102959924,0.8629023461757591
1570,1.2272367717709767,0.693652166891261,2.503110378793101,0.755565220106027
1571,1.5349288212524272,1.1198618577597934,2.503110378793101,0.8628749033121114
1572,1.2165844954989569,0.6920932325620335,2.4817708848222964,0.7555500703258878
1573,1.5299870366974804,1.1045124424839246,2.4817708848222964,0.8628500464180007
1574,1.2067037872912232,0.6917750648333911,2.4603634698916124,0.7555376379199185
1575,1.5242456186048714,1.0887695257109562,2.4603634698916124,0.8628277027248995
1576,1.1976502916513783,0.6927004782935189,2.438974582617574,0.7555277842882658
1577,1.5177159332953132,1.07267264747874,2.438974582617574,0.8628077927855275
1578,1.1894763521174285,0.6948610786609842,2.4176883417590735,0.755520368230224
1579,1.5104110186680972,1.0562638162524767,2.4176883417590735,0.8627902313521991
1580,1.1822303845210578,0.6982374976296929,2.396586026306971,0.7555152468388957
1581,1.5023456056924203,1.0395876251713396,2.396586026306971,0.8627749282180123
1582,1.1759562581295209,0.7027999262705663,2.375745600362012,0.7555122763384527
1583,1.4935361429404834,1.0226913719184612,2.375745600362012,0.8627617890195566
1584,1.170692701562496,0.7085089112325755,2.3552412805894525,0.7555113128640026
1585,1.484000824269403,1.0056251800042029,2.3552412805894525,0.8627507160000927
1586,1.1664727513753064,0.7153163626456087,2.3351431538840512,0.7555122131843873
1587,1.473759619755738,0.9884421183963666,2.3351431538840512,0.8627416087324424
1588,1.1633232613169548,0.7231667130876498,2.3155168524844765,0.7555148353684817
1589,1.462834309976496,0.9711983153709354,2.3155168524844765,0.8627343648010751
1590,1.1612644893813522,0.7319981637458596,2.2964232931198283,0.7555190393958221
1591,1.4512485237120663,0.9539530611683182,2.2964232931198283,0.8627288804431064
1592,1.160309777827513,0.7417439565163712,2.277918485841152,0.7555246877126076
1593,1.439027779117499,0.9367688925057697,2.277918485841152,0.8627250511481555
1594,1.1604653384000898,0.7523336180547191,2.260053416988249,0.7555316457343236
1595,1.426199528366264,0.9197116502138406,2.260053416988249,0.8627227722172194
1596,1.1617301511869687,0.7636941321095668,2.242874009281832,0.7555397822964128
1597,1.4127932057119894,0.9028504992546864,2.242874009281832,0.8627219392808873
1598,1.1640959811486271,0.7757510081876313,2.226421160343332,0.7555489700545757
1599,1.3988402788349337,0.8862578982004546,2.226421160343332,0.8627224487774185
1600,1.1675475116557776,0.7884292262574342,2.210730859074439,0.7555590858364211
1601,1.38437430323669,0.870009503010342,2.210730859074439,0.862724198391353
1602,1.1720625897225692,0.801654047722928,2.195834377334404,0.7555700109463135
1603,1.3694309793137907,0.8541839878237119,2.195834377334404,0.8627270874534595
1604,1.1776125733618845,0.8153516916238015,2.181758532304791,0.7555816314253522
1605,1.3540482115725807,0.8388627637478506,2.181758532304791,0.8627310173029769
1606,1.1841627679120916,0.8294498816705826,2.168526012905501,0.7555938382685047
1607,1.3382661692374553,0.8241295756238002,2.168526012905501,0.8627358916131918
1608,1.1916729355100415,0.8438782743232194,2.1561557617026037,0.7556065276009873
1609,1.3221273472450956,0.8100699569612886,2.1561557617026037,0.8627416166815155
1610,1.2000978602367924,0.8585687808947318,2.144663402006166,0.7556196008160319
1611,1.3056766263010997,0.796770525181131,2.144663402006166,0.8627481016852944
1612,1.20938795086318,0.8734557979354267,2.134061698367239,0.7556329646762111
1613,1.2889613302947427,0.7843181035557024,2.134061698367239,0.8627552589046849
1614,1.2194898635021514,0.8884763602879922,2.124361037509956,0.7556465313805181
1615,1.272031278915223,0.7727986632993131,2.124361037509956,0.8627630039139572
1616,1.2303471276903435,0.9035702305403555,2.1155699159265784,0.7556602185994112
1617,1.2549388327828777,0.7622960894429208,2.1155699159265784,0.8627712557426646
1618,1.2419007612809914,0.9186799374345351,2.1076954199545805,0.7556739494800189
1619,1.2377389277978987,0.7528907873883718,2.1076954199545805,0.8627799370081485
1620,1.2540898618208256,0.9337507743493659,2.1007436841639047,0.755687652623695
1621,1.2204890947177933,0.7446581628079424,2.1007436841639047,0.8627889740208771
1622,1.2668521645950552,0.9487307674367479,2.094720314312201,0.7557012620380907
1623,1.203249459209861,0.7376670246137754,2.094720314312201,0.8627982968641286
1624,1.280124560069071,0.9635706214755567,2.0896307619647163,0.7557147170658626
1625,1.1860827168018717,0.7319779771709413,2.0896307619647163,0.8628078394495641
1626,1.29384356587996,0.9745128406568094,2.08548063909956,0.755727962292123
1627,1.1690540763002084,0.727641881336743,2.08548063909956,0.8628175395502108
1628,1.3079457507229353,0.9661509939069391,2.08227596259399,0.7557409474326504
1629,1.1522311644026548,0.7246984716587075,2.08227596259399,0.8628273388123802
1630,1.322368109365659,0.9587402796784191,2.080023320370365,0.7557536272048581
1631,1.135683883464265,0.7231752168674501,2.080023320370365,0.8628371827480499
1632,1.3370483895724488,0.9523303299173934,2.07872995312201,0.7557659611834356
1633,1.1194842137628163,0.7230865012964315,2.07872995312201,0.8628470207091924
1634,1.3519253729260272,0.9469651568983802,2.0784037478844035,0.7557779136425201
1635,1.1037059512625362,0.724433186112127,2.0784037478844035,0.8628568058455233
1636,1.366939112415097,0.9426823989323183,2.079053142206145,0.7557894533861803
1637,1.0884243719218971,0.7272025829582609,2.079053142206145,0.8628664950471223
1638,1.3820311302450718,0.9395126409067166,2.080686940242545,0.7558005535689226
1639,1.0737158141832575,0.7313688419917549,2.080686940242545,0.8628760488733133
1640,1.3971445796688482,0.9374788383662764,2.0833140446739558,0.755811191507853
1641,1.0596571725788668,0.7368937253947536,2.0833140446739558,0.8628854314691958
1642,1.4122243747697754,0.936595871052051,2.0869431108681513,0.7558213484880416
1643,1.046325297542856,0.743727710421186,2.0869431108681513,0.8628946104711271
1644,1.4272172921044222,0.9368702469597926,2.091582132085235,0.7558310095625669
1645,1.0337962996559977,0.7518113462142866,2.091582132085235,0.8629035569024592
1646,1.4420720479692053,0.9382999713329897,2.0972379666865795,0.7558401633486227
1647,1.022144760732514,0.7610767779296257,2.0972379666865795,0.8629122450607382
1648,1.4567393548282983,0.9408745870857255,2.1039158201790067,0.7558488018209916
1649,1.0114428593533156,0.7714493503822963,2.1039158201790067,0.8629206523975625
1650,1.4711719601605036,0.9445753846425802,2.111618696428303,0.755856920104109
1651,1.0017594244941443,0.7828492103006802,2.111618696428303,0.8629287593922207
1652,1.4853246706741718,0.9493757708578616,2.1203468334471567,0.7558645162638487
1653,0.9931589374685424,0.7951928391093741,2.1203468334471567,0.8629365494201745
1654,1.499154364520603,0.9552417792790739,2.130097139749658,0.7558715911000883
1655,0.985700509015326,0.8083944643719633,2.130097139749658,0.862944008617419
1656,1.5126199938215683,0.9621326981647126,2.140862647333141,0.7558781479410251
1657,0.9794368643705272,0.8223673151232299,2.140862647333141,0.862951125741665
1658,1.5256825795255347,0.9700017887617941,2.152631996885921,0.7558841924401296
1659,0.9744133738412655,0.8370247023334291,2.152631996885921,0.8629578920312576
1660,1.5383052003263298,0.9787970645555938,2.1653889698388054,0.7558897323765543
1661,0.9706671690044489,0.8522809193664134,2.1653889698388054,0.862964301062675
1662,1.5504529771212006,0.9884621024431516,2.179112080417323,0.7558947774597284
1663,0.968226384557951,0.8680519678738344,2.179112080417323,0.8629703486074015
1664,1.5620930542543106,0.998936858773747,2.1937742389739276,0.7558993391387983
1665,0.9671095626631091,0.8842561220091875,2.1937742389739276,0.8629760324889013
1666,1.57319457858702,1.01015846653,2.209342495670208,0.755903430417501
1667,0.9673252502845605,0.9008143484253095,2.209342495670208,0.8629813524403872
1668,1.5837286772570742,1.0220619941182996,2.2257778711402545,0.7559070656749881
1669,0.9688718109075307,0.9176506017250541,2.2257778711402545,0.8629863099639905
1670,1.5936684348336982,1.0345811508296854,2.2430352782097196,0.7559102604930463
1671,0.9717374608358795,0.9346920154304588,2.2430352782097196,0.8629909081919218
1672,1.6029888704426691,1.0476489286138575,2.261063536184769,0.7559130314901016
1673,0.9759005280930214,0.9518690076647677,2.261063536184769,0.8629951517501295
1674,1.6116669153227146,1.0611981740617922,2.2798054767696883,0.7559153961623224
1675,0.9813299199626483,0.9691153190746292,2.2798054767696883,0.8629990466249312
1676,1.6196813911798666,1.0751620882007922,2.299198138417456,0.755917372732098
1677,0.9879857745870914,0.9863679984304519,2.299198138417456,0.8630026000330338
1678,1.6270129896276198,1.0894746547520338,2.319173043942166,0.755918980004084
1679,0.9958202637506222,1.003567349106997,2.319173043942166,0.8630058202953165
1680,1.6336442529358628,1.0985384174585222,2.3396565545818606,0.7559202372289775
1681,1.0047785086351235,1.0206568474520912,2.3396565545818606,0.8630087167146997
1682,1.6395595562587217,1.08353245386914,2.360570292427953,0.7559211639751285
1683,1.0147995681656738,1.0375830420161252,2.360570292427953,0.8630112994583884
1684,1.6447450914689088,1.068444966647867,2.381831622242601,0.7559217800080411
1685,1.0258174603937367,1.0542954408020302,2.381831622242601,0.8630135794447198
1686,1.6491888526924487,1.0533288266068848,2.403354183157073,0.7559221051777808
1687,1.037762180714036,1.070746392129796,2.403354183157073,0.8630155682348263
1688,1.6528806236112465,1.0382392799995634,2.425048460553904,0.7559221593142648
1689,1.050560685899851,1.0868909633909327,2.425048460553904,0.8630172779292693
1690,1.6558119665807773,1.0232339142083666,2.4468223885421825,0.7559219621303703
1691,1.0641378192213569,1.1026868208808576,2.4468223885421825,0.8630187210697715
1692,1.6579762135949851,1.008372591231703,2.46858197378887,0.7559215331327683
1693,1.078417158572078,1.11809411301686,2.46858197378887,0.8630199105461402
1694,1.6593684591194293,0.9937173417513192,2.4902319320162296,0.7559208915403495
1695,1.0933217759755598,1.1330753585486968,2.4902319320162296,0.8630208595084436
1696,1.659985554805878,0.9793322118719123,2.511676329162585,0.7559200562100911
1697,1.1087749026423133,1.147595340820362,2.511676329162585,0.863021581284469
1698,1.6598261060961588,0.9652830541279455,2.532819219980478,0.7559190455701865
1699,1.1247004986272444,1.1616210087192387,2.532819219980478,0.8630220893024657
1700,1.658890470719468,0.9516372541651251,2.553565277667992,0.7559178775602223
1701,1.141023729982149,1.1751213846294288,2.553565277667992,0.863022397019155
1702,1.65718075908481,0.9384633847637988,2.5738204089574652,0.755916569578196
1703,1.1576713591085694,1.188067479469421,2.5738204089574652,0.8630225178529531
1704,1.654700836568205,0.9258307797326543,2.5934923498907025,0.7559151384341183
1705,1.1745720558797987,1.2004322147233182,2.5934923498907025,0.8630224651223505
1706,1.6514563276921357,0.9138090218210181,2.6124912382679972,0.7559136003099544
1707,1.1916566381533886,1.2121903512553653,2.6124912382679972,0.8630222519893482
1708,1.6474546221918196,0.9024673413179808,2.630730159454017,0.7559119707256328
1709,1.2088582506950518,1.2233184246179916,2.630730159454017,0.8630218914078556
1710,1.6427048829586224,0.8918739255239718,2.6481256628471055,0.7559102645108391
1711,1.22611249143937,1.2337946865145517,2.6481256628471055,0.8630213960769253
1712,1.637218055844641,0.8820951438152509,2.664598246865357,0.7559084957823166
1713,1.243357493566842,1.2435990520520521,2.664598246865357,0.8630207783986894
1714,1.6310068813034184,0.8731946984799824,2.6800728107726917,0.7559066779263741
1715,1.2605339712039305,1.2527130524104202,2.6800728107726917,0.8630200504408491
1716,1.6240859078291288,0.8652327176456169,2.6944790720639418,0.7559048235863041
1717,1.277585235752496,1.2611197925588165,2.6944790720639418,0.8630192239035623
1718,1.6164715071394502,0.8582648130347962,2.707751948454766,0.7559029446544185
1719,1.294457189003442,1.2688039136624687,2.707751948454766,0.8630183100905585
1720,1.6081818910247543,0.8523411314132465,2.719831903786604,0.7559010522683931
1721,1.3110982983416013,1.2757515598428977,2.719831903786604,0.8630173198843034
1722,1.5992371297570054,0.8475054337366099,2.7306652573661845,0.7558991568116252
1723,1.3274595585421998,1.2819503489781185,2.7306652573661845,0.8630162637250388
1724,1.5896591719145838,0.8437942394235053,2.7402044564208006,0.7558972679173096
1725,1.3434944439167953,1.2873893472559386,2.7402044564208006,0.8630151515935022
1726,1.579471865432704,0.8412360741981282,2.7484083114722897,0.7558953944759336
1727,1.3591588539007857,1.2920590472217315,2.7484083114722897,0.863013992997138
1728,1.5687009796315403,0.8398508580615655,2.755242194521308,0.7558935446459047
1729,1.3744110545899062,1.2959513490912555,2.755242194521308,0.8630127969596117
1730,1.5573742279038194,0.8396494649750564,2.76067819999579,0.7558917258670286
1731,1.3892116182287346,1.2990595451286504,2.76067819999579,0.8630115720134248
1732,1.545521290658582,0.8406334779650825,2.7646952684593766,0.7558899448765595
1733,1.4035233622256729,1.3013783069193685,2.7646952684593766,0.86301032619544
1734,1.5331738380159627,0.842795153187628,2.767279273102457,0.755888207727551
1735,1.4173112889097683,1.3029036753972172,2.767279273102457,0.8630090670451193
1736,1.5203655516270624,0.8461175949591601,2.76842306905521,0.7558865198092534
1737,1.4305425269476215,1.3036330535138436,2.76842306905521,0.8630078016052848
1738,1.5071321448511963,0.8505751320281518,2.768126505573026,0.755884885869297
1739,1.4431862750958362,1.3035652014678618,2.768126505573026,0.8630065364252066
1740,1.4935113803579534,0.8561338746088637,2.766396401153955,0.7558833100374299
1741,1.455213748768436,1.3027002344393754,2.766396401153955,0.8630052775658361
1742,1.4795430840319408,0.8627524229601079,2.7632464816591704,0.7558817958505682
1743,1.4665981297425104,1.3010396228040717,2.7632464816591704,0.8630040306069929
1744,1.465269153842615,0.8640157355338558,2.7586972815245066,0.7558803462789422
1745,1.4773145192026207,1.2985861948293234,2.7586972815245066,0.8630028006563315
1746,1.4507335620999016,0.8492393212577164,2.7527760081774906,0.7558789637531299
1747,1.4873398942296814,1.2953441418830507,2.7527760081774906,0.8630015923599083
1748,1.4359823492492338,0.8347000493518711,2.7455163698137697,0.7558776501917756
1749,1.4966530677682055,1.2913190262145073,2.7455163698137697,0.8630004099141824
1750,1.4210636070697944,0.8204651058924036,2.736958366743141,0.755876407029804
1751,1.5052346520528217,1.28651779139478,2.736958366743141,0.8629992570792853
1752,1.4060274488319435,0.8066040296935539,2.7271480465927986,0.7558752352469588
1753,1.5130670254372758,1.280948775533699,2.7271480465927986,0.8629981371933962
1754,1.390925963651873,0.7931884263738898,2.7161372237581127,0.7558741353964926
1755,1.5201343025438065,1.274621727419067,2.7161372237581127,0.8629970531880824
1756,1.3758131519648282,0.7802915816636341,2.7039831636239726,0.7558731076338654
1757,1.5264223076353078,1.267547825753588,2.7039831636239726,0.8629960076044465
1758,1.3607448387386911,0.7679879603176412,2.690748232247135,0.7558721517452929
1759,1.5319185511051174,1.2597397016945058,2.690748232247135,0.8629950026099547
1760,1.3457785607882176,0.756352579165805,2.676499512397054,0.7558712671760311
1761,1.5366122089778842,1.2512114649305128,2.676499512397054,0.8629940400158066
1762,1.3309734243534155,0.7454602467139003,2.6613083871039294,0.7558704530582644
1763,1.5404941053184456,1.2419787335595516,2.6613083871039294,0.8629931212947253
1764,1.3163899290058598,0.7353846675766019,2.645250092162598,0.7558697082384941
1765,1.5435566974529307,1.2320586680591903,2.645250092162598,0.8629922475990518
1766,1.3020897539822391,0.7261974179918403,2.628403239392851,0.7558690313043216
1767,1.5457940639164676,1.2214700096673847,2.628403239392851,0.8629914197790348
1768,1.2881355032577284,0.7179668085795602,2.610849312863211,0.7558684206105477
1769,1.5472018950542623,1.210233123514563,2.610849312863211,0.8629906384012089
1770,1.2745904061080415,0.7107566618588332,2.592672140746696,0.7558678743044998
1771,1.547777486216842,1.1983700468664136,2.592672140746696,0.8629899037667745
1772,1.2615179706127944,0.704625043900305,2.573957345991979,0.7558673903505233
1773,1.547519733505457,1.1859045428484418,2.573957345991979,0.8629892159298799
1774,1.248981588563404,0.6996230005405104,2.5547917795569344,0.7558669665535754
1775,1.5464291320396524,1.1728621600253906,2.5547917795569344,0.8629885747157362
1776,1.2370440915843337,0.695793357211274,2.535262940555664,0.7558666005818706
1777,1.5445077767355058,1.1592702981973497,2.535262940555664,0.8629879797384857
1778,1.2257672599669853,0.6931696459795924,2.5154583883022688,0.7558662899885343
1779,1.541759365599701,1.145158280744972,2.5154583883022688,0.8629874304187495
1780,1.2152112877349912,0.691775222459325,2.495465151877944,0.7558660322322354
1781,1.538189205561218,1.1305574338025606,2.495465151877944,0.8629869260008092
1782,1.2054342097588646,0.6916226280731148,2.475369143480427,0.7558658246967606
1783,1.5338042208786327,1.1155011724521382,2.475369143480427,0.8629864655693504
1784,1.1964912992288559,0.6927132398392202,2.4552545824097822,0.755865664709523
1785,1.5286129641765789,1.1000250940042315,2.4552545824097822,0.8629860480657312
1786,1.1884344463479395,0.6950372315767842,2.4352034370707076,0.7558655495589821
1787,1.5226256301794496,1.08416707824997,2.4352034370707076,0.8629856723037341
1788,1.1813115315536482,0.6985738492078961,2.4152948927942837,0.7558654765109744
1789,1.5158540722234837,1.067967394319591,2.4152948927942837,0.86298533698475
1790,1.175165808718996,0.7032919812858114,2.3956048535643326,0.7558654428239522
1791,1.5083118216394638,1.051468813446873,2.3956048535643326,0.8629850407123829
1792,1.1700353154048888,0.7091509866605881,2.376205485838059,0.7558654457631351
1793,1.50001411010674,1.034716726496791,2.376205485838059,0.8629847820064296
1794,1.1659523281315327,0.7161017265253582,2.3571648125419977,0.755865482613587
1795,1.4909778950843091,1.0177592645409252,2.3571648125419977,0.8629845593162307
1796,1.1629428806291,0.7240877393526352,2.338546364971831,0.7558655506922246
1797,1.4812218884253192,1.0006474200356896,2.338546364971831,0.8629843710333617
1798,1.1610263620021481,0.7330464948048817,2.3204088997051233,0.7558656473587887
1799,1.4707665882762935,0.9834351652443786,2.3204088997051233,0.8629842155036604
1800,1.160215209664249,0.7429106660140686,2.302806186736563,0.7558657700257925
1801,1.4596343143501422,0.9661795634183828,2.302806186736563,0.8629840910385771
1802,1.160514708832835,0.7536093673996986,2.285786873865499,0.7558659161674701
1803,1.4478492466406998,0.9489408668924867,2.285786873865499,0.8629839959258497
1804,1.161922906483614,0.7650693158060464,2.2693944309196605,0.7558660833277652
1805,1.4354374676138624,0.9317825946403067,2.2693944309196605,0.8629839284394959
1806,1.164430643202618,0.7772158845393996,2.2536671757163527,0.7558662691273804
1807,1.422427007863623,0.9147715799818242,2.2536671757163527,0.8629838868491294
1808,1.1680217016598071,0.789974031464415,2.238638381787587,0.7558664712699268
1809,1.4088478951570889,0.897977977066233,2.238638381787587,0.8629838694286032
1810,1.172673065808184,0.8032690926474094,2.224336465886603,0.7558666875472114
1811,1.394732206707039,0.8814752125413503,2.224336465886603,0.8629838744639912
1812,1.1783552807226194,0.8170274415053504,2.2107852512189905,0.7558669158436909
1813,1.3801141243990864,0.865339866593803,2.2107852512189905,0.8629839002609163
1814,1.1850328995200412,0.8311770198006023,2.1980043002783174,0.7558671541401448
1815,1.3650299925577665,0.8496514655043373,2.1980043002783174,0.8629839451512406
1816,1.192665001254987,0.8456477511692232,2.186009309192906,0.7558674005165922
1817,1.3495183776558082,0.8344921663019752,2.186009309192906,0.8629840074991304
1818,1.201205762172294,0.8603718504273693,2.174812553684428,0.7558676531545073
1819,1.33362012914669,0.8199463134103806,2.174812553684428,0.8629840857065163
1820,1.2106050622319535,0.875284043003337,2.1644233751713653,0.7558679103383623
1821,1.3173784403250537,0.8060998478452547,2.1644233751713653,0.8629841782179635
1822,1.2208091093192122,0.8903217088523424,2.1548486942817893,0.7558681704565503
1823,1.3008389077849105,0.7930395520951627,2.1548486942817893,0.862984283524979
1824,1.231761064864548,0.9054249644635763,2.146093538117951,0.7558684320017212
1825,1.2840495876442928,0.7808521188582797,2.146093538117951,0.8629844001697681
1826,1.2434016565270838,0.9205366953503311,2.138161567072309,0.7558686935705764
1827,1.2670610462301053,0.7696230397768414,2.138161567072309,0.8629845267484706
1828,1.255669765927177,0.9356025499497995,2.131055586847727,0.7558689538631623
1829,1.249926402363137,0.759435321434598,2.131055586847727,0.8629846619138984
1830,1.2685029819410647,0.9505709043160283,2.124778031585706,0.7558692116817026
1831,1.232701357748059,0.75036804997804,2.124778031585706,0.8629848043777909
1832,1.281838112608556,0.9653928054817769,2.1193314046442158,0.7558694659290099
1833,1.2154442112590038,0.7424948420371352,2.1193314046442158,0.8629849529126286
1834,1.2956116511057585,0.9734705270844252,2.1147186645685827,0.755869715606514
1835,1.1982158521269866,0.7358822367290252,2.1147186645685827,0.8629851063530124
1836,1.309760193391552,0.965225307843443,2.110943545133999,0.7558699598119483
1837,1.1810797261997648,0.7305880993482351,2.110943545133999,0.8629852635966444
1838,1.3242208069824744,0.957938077157443,2.10801079996939,0.7558701977367283
1839,1.1641017685891455,0.7266601193473724,2.10801079996939,0.8629854236049324
1840,1.3389313518153747,0.9516577787404953,2.105926364158468,0.7558704286630552
1841,1.1473502951932486,0.724134490811873,2.105926364158468,0.8629855854032432
1842,1.3538307553195936,0.9464276361046849,2.1046974273107306,0.7558706519607864
1843,1.1308958448494855,0.7230348607569229,2.1046974273107306,0.8629857480808322
1844,1.3688592446612615,0.9422844062894907,2.1043324148568994,0.7558708670840998
1845,1.1148109633285403,0.7233716182424133,2.1043324148568994,0.8629859107904648
1846,1.3839585396765097,0.9392577122113328,2.1048408767014326,0.7558710735679877
1847,1.0991699201348821,0.7251415760594068,2.1048408767014326,0.8629860727477672
1848,1.3990720103207899,0.9373694821004174,2.1062332848081615,0.7558712710246038
1849,1.084048349272447,0.728328068777763,2.1062332848081615,0.8629862332303198
1850,1.4141448025734213,0.9366335214281419,2.108520743749053,0.7558714591395004
1851,1.0695228059192676,0.7329014597869113,2.108520743749053,0.8629863915765219
1852,1.4291239366940747,0.9370552376193844,2.111714620651371,0.7558716376677782
1853,1.055670232492015,0.7388200198000641,2.111714620651371,0.8629865471842467
1854,1.4439583815714645,0.9386315310012179,2.1158261032713255,0.7558718064301726
1855,1.04256733001813,0.7460311141080626,2.1158261032713255,0.8629866995093145
1856,1.4585991086691776,0.9413508574021866,2.1208656970347146,0.7558719653091054
1857,1.0302898341786175,0.754472618627036,2.1208656970347146,0.8629868480637944
1858,1.4729991287886224,0.9451934592883121,2.126842673746641,0.7558721142447191
1859,1.0189116998771899,0.7640744769150423,2.126842673746641,0.8629869924141677
1860,1.487113514558024,0.9501317540768335,2.1337644862128293,0.7558722532309209
1861,1.0085042036629344,0.7747603116301198,2.1337644862128293,0.8629871321793652
1862,1.5008994112373566,0.9561308610396474,2.1416361641682777,0.7558723823114459
1863,0.9991349795757117,0.7864490128041768,2.1416361641682777,0.8629872670286952
1864,1.5143160381154501,0.9631492425873471,2.150459707617395,0.7558725015759682
1865,0.990867010624395,0.7990562394272988,2.150459707617395,0.8629873966796893
1866,1.5273246824766378,0.9711394320887826,2.1602334939098453,0.7558726111562681
1867,0.9837576046111794,0.8124957875553235,2.1602334939098453,0.8629875208958699
1868,1.5398886878362892,0.9800488188595002,2.17095171458296,0.7558727112224748
1869,0.9778573887070451,0.8266807951113736,2.17095171458296,0.8629876394844689
1870,1.55197343789099,0.9898204614368182,2.1826038571924986,0.7558728019793929
1871,0.9732093613181856,0.841524768962289,2.1826038571924986,0.8629877522940994
1872,1.5635463374015495,1.0003939024488644,2.195174246051562,0.7558728836629309
1873,0.9698480416415421,0.8569424326093537,2.195174246051562,0.862987859212411
1874,1.5745767910256074,1.0117059618539739,2.2086416540512395,0.7558729565366361
1875,0.9677987563183144,0.8728504024720612,2.2086416540512395,0.8629879601637215
1876,1.5850361809405764,1.0236914895985698,2.222978995618706,0.7558730208883493
1877,0.9670770984570852,0.8891677072942096,2.222978995618706,0.8629880551066553
1878,1.5948978439454582,1.036284063353943,2.2381531084718005,0.755873077026986
1879,0.9676885870786934,0.9058161690196697,2.2381531084718005,0.8629881440317919
1880,1.6041370485998847,1.04941662154724,2.2541246292605703,0.7558731252794485
1881,0.9696285452052094,0.9227206650936759,2.2541246292605703,0.8629882269593321
1882,1.6127309728484185,1.063022026094544,2.2708479655598013,0.755873165987676
1883,0.9728822032204111,0.9398092921099677,2.2708479655598013,0.8629883039367985
1884,1.6206586824856197,1.0770335528715844,2.288271364105265,0.7558731995058424
1885,0.9774250218792772,0.9570134495709736,2.288271364105265,0.862988375036776
1886,1.627901110740505,1.0913853109144358,2.3063370727547494,0.7558732261976929
1887,0.983223217650177,0.9742678607004872,2.3063370727547494,0.8629884403546979
1888,1.634441039195798,1.0965690782138953,2.3249815914923193,0.7558732464340356
1889,0.9902344630610614,0.9915105450901669,2.3249815914923193,0.8629885000066886
1890,1.640263080205969,1.0815506465135565,2.3441360059497858,0.7558732605903788
1891,0.9984087272620779,1.0086827557209452,2.3441360059497858,0.8629885541274662
1892,1.6453536609367554,1.066457397430351,2.3637263954392385,0.7558732690447221
1893,1.0076892176168453,1.025728890743479,2.3637263954392385,0.8629886028683127
1894,1.6497010091161306,1.0513425113237802,2.3836743063968364,0.7558732721754955
1895,1.0180133818918626,1.0425963884275653,2.3836743063968364,0.8629886463951133
1896,1.6532951405611909,1.0362615411444296,2.403897281430376,0.7558732703596494
1897,1.029313932255003,1.0592356119493813,2.403897281430376,0.862988684886475
1898,1.656127848525922,1.0212723743168874,2.424309433821164,0.7558732639708944
1899,1.041519856266584,1.075599729193802,2.424309433821164,0.862988718531921
1900,1.6581926949002392,1.0064351615270046,2.4448220573181594,0.7558732533780845
1901,1.0545573856382011,1.0916445915010524,2.4448220573181594,0.8629887475301686
1902,1.659485003280083,0.9918122050980563,2.4653442613319516,0.7558732389437441
1903,1.0683508999975886,1.1073286142636563,2.4653442613319516,0.8629887720874893
1904,1.6600018539208976,0.9774677989698699,2.48578362213388,0.7558732210227351
1905,1.0828237495497979,1.1226126614555567,2.48578362213388,0.8629887924161558
1906,1.6597420805816976,0.9634680118314212,2.5060468413356998,0.7558731999610625
1907,1.097898986816409,1.137459935522644,2.5060468413356998,0.8629888087329771
1908,1.6587062692634917,0.9498804048197885,2.526040403713052,0.7558731760948084
1909,1.1135000031797737,1.151835873555467,2.526040403713052,0.8629888212579172
1910,1.65689675884342,0.936773675527375,2.5456712272918582,0.7558731497491957
1911,1.1295510705371627,1.1657080502754245,2.5456712272918582,0.8629888302128048
1912,1.6543176436039313,0.9242172210102595,2.5648472994970515,0.7558731212377757
1913,1.1459777919014766,1.179046088072875,2.5648472994970515,0.8629888358201254
1914,1.6509747776541184,0.912280614220069,2.5834782940319023,0.7558730908617316
1915,1.1627074673019442,1.1918215741201554,2.5834782940319023,0.8629888383019089
1916,1.6468757812372994,0.9010329909270727,2.601476163985556,0.7558730589092953
1917,1.1796693829445477,1.204007984428181,2.601476163985556,0.8629888378786902
1918,1.6420300489144335,0.8905423478527434,2.61875570743594,0.7558730256552727
1919,1.1967950324332433,1.215580614608855,2.61875570743594,0.8629888347685636
1920,1.6364487596063777,0.8808747573929495,2.6352351025115355,0.7558729913606691
1921,1.214018279089093,1.2265165170359085,2.6352351025115355,0.862988829186318
1922,1.6301448884684928,0.8720935098768505,2.6508364094913777,0.75587295627241
1923,1.2312754681904194,1.2367944440553784,2.6508364094913777,0.8629888213426458
1924,1.6231332205579645,0.8642582005100107,2.6654860380556937,0.7558729206231569
1925,1.2485054974318048,1.246394796876691,2.6654860380556937,0.8629888114434393
1926,1.615430366236436,0.8574237845650531,2.67911517825137,0.7558728846312008
1927,1.2656498531796847,1.2552995797708024,2.67911517825137,0.8629887996891555
1928,1.6070547782271687,0.8516396304226189,2.691660194111429,0.7558728485004398
1929,1.2826526192798156,1.2634923592088134,2.691660194111429,0.8629887862742578
1930,1.5980267702157551,0.8469486050266113,2.7030629791721545,0.7558728124204291
1931,1.2994604643165895,1.2709582275896267,2.7030629791721545,0.8629887713867279
1932,1.5883685368451004,0.8433862294613355,2.713271273373067,0.7558727765664957
1933,1.3160226123854435,1.277683771226094,2.713271273373067,0.8629887552076422
1934,1.5781041749075229,0.8409799430198537,2.722238941011631,0.7558727410999195
1935,1.332290801650181,1.2836570422837925,2.722238941011631,0.8629887379108193
1936,1.5672597054776933,0.8397485118501258,2.7299262095645753,0.7558727061681657
1937,1.3482192342365278,1.2888675343937377,2.7299262095645753,0.8629887196625193
1938,1.5558630966580023,0.8397016128933595,2.736299869288974,0.7558726719051745
1939,1.3637645203714153,1.2933061616889583,2.736299869288974,0.8629887006212109
1940,1.543944286520816,0.8408396156149088,2.7413334335862727,0.755872638431691
1941,1.378885619116999,1.2969652410441972,2.7413334335862727,0.8629886809373882
1942,1.5315352057278937,0.8431535736199823,2.7450072601581628,0.7558726058556408
1943,1.3935437775671655,1.2998384773276472,2.7450072601581628,0.8629886607534387
1944,1.518669799183871,0.8466254266225887,2.7473086330110332,0.7558725742725377
1945,1.4077024699671608,1.301920951503197,2.7473086330110332,0.8629886402035643
1946,1.5053840459360173,0.8512284015646928,2.7482318053814008,0.7558725437659252
1947,1.4213273378771019,1.3032091114510245,2.7482318053814008,0.8629886194137438
1948,1.491715976364524,0.8569275911392412,2.74777800366365,0.7558725144078451
1949,1.4343861322200189,1.3037007654034594,2.74777800366365,0.86298859850174
1950,1.4777056855147048,0.863680679554611,2.7459553924284426,0.755872486259327
1951,1.446848657826935,1.3033950779217878,2.7459553924284426,0.8629885775771438
1952,1.4633953412035974,0.8620811341384953,2.7427790006300854,0.7558724593708986
1953,1.4586867209080712,1.3022925683682138,2.7427790006300854,0.862988556741456
1954,1.4488291852884079,0.8473319753904882,2.7382706091184335,0.7558724337831078
1955,1.4698740797336454,1.3003951118555295,2.7382706091184335,0.8629885360882007
1956,1.4340535262139915,0.8328285238288332,2.7324585996000352,0.755872409527058
1957,1.480386398693894,1.297705942685341,2.7324585996000352,0.8629885157030692
1958,1.4191167206640825,0.8186382848692276,2.725377765238908,0.7558723866249497
1959,1.4902012058204377,1.2942296603140184,2.725377765238908,0.8629884956640915
1960,1.404069141831346,0.8048310847532122,2.717069083154125,0.7558723650906276
1961,1.499297853785295,1.2899722379140173,2.717069083154125,0.8629884760418299
1962,1.3889631315028048,0.7914787723486868,2.707579449164334,0.7558723449301266
1963,1.5076574843457762,1.2849410336269182,2.707579449164334,0.8629884568995962
1964,1.3738529328417293,0.7786548183498815,2.6969613752535317,0.7558723261422174
1965,1.5152629961697528,1.2791448046335445,2.6969613752535317,0.862988438293686
1966,1.358794600451162,0.7664337984373242,2.6852726503930553,0.755872308718951
1967,1.5220990159536372,1.2725937241957996,2.6852726503930553,0.862988420273631
1968,1.343845884049516,0.7548907493292326,2.67257596555729,0.7558722926461898
1969,1.528151872732495,1.2652994018544208,2.67257596555729,0.8629884028824624
1970,1.3290660819025197,0.7441003907820083,2.6589385040199938,0.755872277904136
1971,1.5334095752761159,1.2572749069964724,2.6589385040199938,0.8629883861569887
1972,1.314515860071376,0.73413621273704,2.6444314983193107,0.7558722644678484
1973,1.5378617924650775,1.2485347960358597,2.6444314983193107,0.8629883701280813
1974,1.3002570335930876,0.725069435046546,2.629129755636292,0.7558722523077422
1975,1.5414998365455472,1.2390951434789892,2.629129755636292,0.8629883548209685
1976,1.2863523059485602,0.7169678573491026,2.6131111537468534,0.7558722413900811
1977,1.5443166491697788,1.2289735771752632,2.6131111537468534,0.8629883402555334
1978,1.2728649636426121,0.7098946281444054,2.5964561101814807,0.7558722316774489
1979,1.5463067901401766,1.2181893180775045,2.5964561101814807,0.8629883264466142
1980,1.2598585234615818,0.7039069739571495,2.5792470277591915,0.7558722231292079
1981,1.5474664287877085,1.2067632248592979,2.5792470277591915,0.8629883134043107
1982,1.2473963310270113,0.6990549403100846,2.5615677202478246,0.7558722157019377
1983,1.547793337929882,1.1947178437529344,2.5615677202478246,0.8629883011342875
1984,1.235541110654156,0.695380204414719,2.543502822533399,0.7558722093498539
1985,1.5472868903689783,1.1820774639807747,2.543502822533399,0.8629882896380758
1986,1.2243544682588083,0.6929150233885482,2.5251371903446738,0.755872204025214
1987,1.5459480579074145,1.1688681791513487,2.5251371903446738,0.8629882789133742
1988,1.213896351115253,0.6916813800893346,2.50655529525778,0.7558721996786937
1989,1.5437794128736975,1.1551179549753874,2.50655529525778,0.8629882689543444
1990,1.2042244705981278,0.6916903806508748,2.4878406213775923,0.7558721962597518
1991,1.5407851321690988,1.1408567036210537,2.4878406213775923,0.8629882597519024
1992,1.1953936965481256,0.6929419437686568,2.469075070730013,0.7558721937169706
1993,1.5369710038617086,1.1261163649653396,2.469075070730013,0.862988251294004
1994,1.187455434451071,0.6954248029898324,2.4503383849704665,0.7558721919983724
1995,1.5323444363705783,1.110930994901613,2.4503383849704665,0.8629882435659223
1996,1.180456999038834,0.6991168218493871,2.4317075914830224,0.7558721910517228
1997,1.5269144702979582,1.0953368607212675,2.4317075914830224,0.8629882365505187
1998,1.1744410000068832,0.703985600301544,2.4132564822734683,0.7558721908248074
1999,1.520691792981765,1.079372543387563,2.4132564822734683,0.8629882302285018
2000,1.1694447570824094,0.7099893321568016,2.39505513420989,0.7558721912656878
2001,1.5136887558529568,1.063079046246556,2.39505513420989,0.8629882245786864
2002,1.1654997624638628,0.7170778592795006,2.3771694790992144,0.7558721923229421
2003,1.5059193946928797,1.0464999093549596,2.3771694790992144,0.8629882195782289
2004,1.1626312085183337,0.725193860386322,2.3596609317758315,0.7558721939458796
2005,1.4973994528931789,1.0296813281262196,2.3596609317758315,0.8629882152028665
2006,1.1608575974607922,0.7342741106557776,2.342586083794482,0.7558721960847391
2007,1.4881464078247137,1.0126722743794683,2.342586083794482,0.8629882114271351
2008,1.1601904475271037,0.7442507523318715,2.3259964694500432,0.7558721986908687
2009,1.478179500420977,0.9955246170944072,2.3259964694500432,0.8629882082245827
2010,1.1606341069679387,0.7550525247438239,2.309938409690603,0.7558722017168827
2011,1.467519768074493,0.9782932392007684,2.309938409690603,0.8629882055679703
2012,1.1621856832099489,0.7666059130197589,2.294452938060727,0.7558722051168062
2013,1.4561900809299415,0.9610361455374281,2.294452938060727,0.8629882034294613
2014,1.164835090017496,0.778836186616323,2.279575811138082,0.7558722088461981
2015,1.4442151816333082,0.9438145556825903,2.279575811138082,0.8629882017807988
2016,1.1685652107664692,0.7916683102516494,2.265337604052696,0.7558722128622577
2017,1.4316217285597852,0.9266929736731009,2.265337604052696,0.8629882005934746
2018,1.1733521713592736,0.8050277199425093,2.251763889661945,0.7558722171239183
2019,1.4184383424915665,0.9097392247080833,2.251763889661945,0.8629881998388822
2020,1.179165712198573,0.8188409650522915,2.2388754978644916,0.7558722215919206
2021,1.4046956566465354,0.8930244468109259,2.2388754978644916,0.8629881994884635
2022,1.185969645275068,0.8330362233657136,2.2266888494487236,0.7558722262288772
2023,1.3904263698660928,0.8766230231907407,2.2266888494487236,0.862988199513842
2024,1.1937223800072079,0.8475437003048875,2.2152163568642464,0.7558722309993181
2025,1.3756653026501504,0.860612438848226,2.2152163568642464,0.8629881998869456
2026,1.202377500095716,0.8622959257492646,2.204466882455192,0.7558722358697246
2027,1.3604494555741076,0.8450730430389529,2.204466882455192,0.8629882005801195
2028,1.2118843733205777,0.8772279628627658,2.1944462430712592,0.7558722408085551
2029,1.3448180694301568,0.8300876978605178,2.1944462430712592,0.8629882015662264
2030,1.2221887768215423,0.8922775432245431,2.1851577486358567,0.7558722457862525
2031,1.3288126861965712,0.8157412928893315,2.1851577486358567,0.8629882028187398
2032,1.2332335218066286,0.9073851417361372,2.1766027612461243,0.7558722507752461
2033,1.3124772096462805,0.8021201069676686,2.1766027612461243,0.862988204311826
2034,1.2449590636265881,0.9224940035156836,2.168781260737459,0.7558722557499427
2035,1.2958579640523182,0.7893110014942859,2.168781260737459,0.8629882060204171
2036,1.2573040855222042,0.9375501335071426,2.1616924023802766,0.7558722606867061
2037,1.2790037490251462,0.7774004354447388,2.1616924023802766,0.8629882079202728
2038,1.2702060468895942,0.9525022579884961,2.155335052489158,0.7558722655638311
2039,1.2619658880189013,0.7664733012489744,2.155335052489158,0.8629882099880372
2040,1.2836016894365585,0.9673017656657639,2.1497082882014102,0.7558722703615095
2041,1.244798267465633,0.7566115927055491,2.1497082882014102,0.8629882122012831
2042,1.2974274969774735,0.9723498626658383,2.1448118485003658,0.7558722750617857
2043,1.2275573628373935,0.7478929309773064,2.1448118485003658,0.8629882145385549
2044,1.3116201067335926,0.9642259690517331,2.1406465246880146,0.755872279648514
2045,1.2103022471995717,0.7403889914454513,2.1406465246880146,0.862988216979394
2046,1.3261166718082853,0.9570667143546754,2.137214479916944,0.7558722841073015
2047,1.1930945770167596,0.7341638911666181,2.137214479916944,0.8629882195043673
2048,1.3408551759665537,0.9509203439339924,2.134519489036125,0.7558722884254507
2049,1.1759985491268574,0.7292726116352809,2.134519489036125,0.8629882220950816
2050,1.3557747029672944,0.9458292826931581,2.132567091851572,0.7558722925919001
2051,1.1590808219460733,0.7257595419043543,2.132567091851572,0.8629882247341973
2052,1.3708156634981943,0.9418293973514958,2.131364654914622,0.7558722965971548
2053,1.1424103931604497,0.7236572303674915,2.131364654914622,0.8629882274054311
2054,1.3859199832832019,0.9389493411286329,2.130921339091376,0.7558723004332206
2055,1.126058425472813,0.7229854278508296,2.130921339091376,0.8629882300935546
2056,1.4010312562145764,0.9372100090313025,2.1312479724003235,0.7558723040935323
2057,1.1100980115051704,0.7237504895397106,2.1312479724003235,0.8629882327843935
2058,1.4160948664509847,0.9366241285940238,2.1323568298933626,0.7558723075728814
2059,1.0946038688271442,0.7259451797198795,2.1323568298933626,0.8629882354648135
2060,1.4310580833637234,0.9371960055684333,2.134261324657088,0.7558723108673412
2061,1.079651956434009,0.729548893981539,2.134261324657088,0.8629882381227072
2062,1.4458701330445856,0.93892143702346,2.1369756162803357,0.7558723139741921
2063,1.0653190049907162,0.7345282822275737,2.1369756162803357,0.8629882407469763
2064,1.4604822498455992,0.9417877961751986,2.1405141453187153,0.755872316891846
2065,1.0516819549494658,0.7408382267654388,2.1405141453187153,0.862988243327509
2066,1.4748477111312988,0.9457742847301451,2.144891104329199,0.7558723196197716
2067,1.0388172993769917,0.7484231066990655,2.144891104329199,0.8629882458551565
2068,1.488921858111191,0.9508523403728585,2.150119857884558,0.7558723221584178
2069,1.0268003320855426,0.7572182653163275,2.150119857884558,0.8629882483217037
2070,1.5026621053010638,0.9569861799793169,2.156212325542058,0.7558723245091398
2071,1.0157043064589257,0.7671515921232728,2.156212325542058,0.8629882507198411
2072,1.516027940849612,0.9641334537576487,2.163178342967133,0.7558723266741258
2073,1.0055995160951847,0.7781451349535997,2.163178342967133,0.8629882530431309
2074,1.5289809196703799,0.9722459821543595,2.171025017239236,0.7558723286563245
2075,0.9965523147949864,0.7901166683113144,2.171025017239236,0.8629882552859739
2076,1.5414846510440385,0.9812705461137569,2.1797560927418407,0.7558723304593744
2077,0.9886241000878219,0.8029811592699039,2.1797560927418407,0.8629882574435735
2078,1.5535047821057348,0.9911497020043275,2.1893713439251883,0.7558723320875347
2079,0.9818702908246224,0.816652089266198,2.1893713439251883,0.8629882595119024
2080,1.5650089784080856,1.001822594907298,2.1998660106121055,0.7558723335456186
2081,0.9763393346719034,0.8310426067801056,2.1998660106121055,0.862988261487658
2082,1.5759669025523393,1.0132257475630677,2.211230290401353,0.7558723348389288
2083,0.9720717848694505,0.8460665005956822,2.211230290401353,0.86298826336823
2084,1.586350191707375,1.0252938066122523,2.2234489011421443,0.7558723359731943
2085,0.9690994866724376,0.8616389951905291,2.2234489011421443,0.862988265151661
2086,1.5961324346869818,1.037960232393622,2.236500724466158,0.7558723369545124
2087,0.9674449119871542,0.877677378497555,2.236500724466158,0.8629882668366036
2088,1.6052891491283736,1.0511579230841461,2.2503585390506755,0.7558723377892884
2089,0.9671206756280204,0.8941014779712114,2.2503585390506755,0.862988268422285
2090,1.6137977592069996,1.06481976809489,2.2649888497478017,0.7558723384841834
2091,0.9681292585580435,0.9108340039908285,2.2649888497478017,0.8629882699084679
2092,1.6216375742323528,1.0788791291811808,2.2803518160610596,0.7558723390460618
2093,0.9704629530155737,0.9278007806932913,2.2803518160610596,0.862988271295409
2094,1.62878976839444,1.0932702505918606,2.296401280796865,0.7558723394819415
2095,0.9741040325157178,0.9449308839066582,2.296401280796865,0.8629882725838244
2096,1.6352373618690357,1.0946252568853965,2.313084897175288,0.755872339798949
2097,0.979025137504273,0.962156704460002,2.313084897175288,0.8629882737748498
2098,1.6409652034398015,1.079594214221195,2.3303443503514245,0.7558723400042742
2099,0.9851898561405,0.9794139531870011,2.3303443503514245,0.8629882748700034
2100,1.6459599547552635,1.0644951216923575,2.3481156672573227,0.7558723401051332
2101,0.9925534703579331,0.9966416217362583,2.3481156672573227,0.8629882758711539
2102,1.6502100763069303,1.0493814687735223,2.366329606984503,0.7558723401087262
2103,1.0010638307711646,1.0137819110719215,2.366329606984503,0.8629882767804811
2104,1.6537058151901651,1.0343091142142438,2.3849121226243555,0.7558723400222069
2105,1.0106623205457113,1.030780137437858,2.3849121226243555,0.8629882776004435
2106,1.6564391946906318,1.0193362440123819,2.4037848845798844,0.7558723398526486
2107,1.02128486800881,1.047584623650442,2.4037848845798844,0.8629882783337469
2108,1.6584040057251122,1.0045232953849137,2.422865854846947,0.7558723396070148
2109,1.0328629701831713,1.06414658191787,2.422865854846947,0.8629882789833132
2110,1.65959580015537,0.9899328393256036,2.4420699016073932,0.7558723392921338
2111,1.045324693959442,1.080419992966284,2.4420699016073932,0.8629882795522473
2112,1.6600118859865802,0.9756294136894417,2.461309443637196,0.7558723389146738
2113,1.058595627551654,1.0963614850743726,2.461309443637196,0.8629882800438132
2114,1.6596513244570208,0.9616792983152893,2.480495114457211,0.7558723384811216
2115,1.0725997614657226,1.1119302156570716,2.480495114457211,0.8629882804614019
2116,1.658514929022427,0.9481502236127781,2.4995364367855397,0.7558723379977641
2117,1.0872602848059114,1.1270877572689435,2.4995364367855397,0.862988280808509
2118,1.6566052662360935,0.9351110044402905,2.5183424986309877,0.7558723374706728
2119,1.1025002888457673,1.1417979892909411,2.5183424986309877,0.8629882810887078
2120,1.6539266585237904,0.9226310921441917,2.5368226232423754,0.7558723369056881
2121,1.1182433750629737,1.156026996093818,2.5368226232423754,0.8629882813056287
2122,1.6504851888502732,0.9107800394708275,2.554887026049663,0.7558723363084073
2123,1.1344141691060408,1.1697429721129589,2.554887026049663,0.8629882814629349
2124,1.646288707270982,0.8996268758349334,2.572447452658437,0.755872335684176
2125,1.1509387453826057,1.182916134001518,2.572447452658437,0.8629882815643043
2126,1.641346839357811,0.889239394211805,2.5894177928558166,0.7558723350380798
2127,1.1677449691909758,1.195518639833082,2.5894177928558166,0.8629882816134105
2128,1.6356709964808838,0.8796833557096565,2.6057146664280286,0.7558723343749371
2129,1.1847627646784464,1.2075245151863345,2.6057146664280286,0.8629882816139048
2130,1.6292743879183769,0.8710216235437419,2.6212579773601536,0.7558723336992954
2131,1.2019243175539331,1.2189095858497445,2.6212579773601536,0.8629882815694001
2132,1.6221720347527187,0.8633132443924536,2.6359714336761497,0.7558723330154306
2133,1.219164221568642,1.2296514168239676,2.6359714336761497,0.8629882814834567
2134,1.614380785493081,0.856612501517882,2.64978303077734,0.7558723323273417
2135,1.2364195774580649,1.239729257265169,2.64978303077734,0.8629882813595696
2136,1.6059193333398556,0.8509679699742284,2.6626254966498917,0.7558723316387562
2137,1.2536300524441477,1.249123990997467,2.6626254966498917,0.8629882812011569
2138,1.596808234975664,0.8464216089941297,2.674436697739673,0.7558723309531286
2139,1.2707379076372305,1.2578180922219804,2.674436697739673,0.8629882810115478
2140,1.5870699307279814,0.8430079294989355,2.6851600046423107,0.7558723302736429
2141,1.2876879998388389,1.2657955860596857,2.6851600046423107,0.8629882807939733
2142,1.576728765899208,0.8407532749789073,2.694744617034594,0.7558723296032187
2143,1.3044277633916666,1.273042013582372,2.694744617034594,0.8629882805515587
2144,1.565811012999336,0.8396752513059051,2.7031458474892696,0.7558723289445153
2145,1.320907176896313,1.2795444010081722,2.7031458474892696,0.8629882802873174
2146,1.5543448945423701,0.8397823352773566,2.7103253639774105,0.7558723282999384
2147,1.337078718843921,1.2852912327637098,2.7103253639774105,0.8629882800041421
2148,1.5423606059784551,0.8410736831468092,2.7162513909798176,0.7558723276716451
2149,1.3528973155161705,1.290272428142578,2.7162513909798176,0.8629882797048027
2150,1.5298903382270947,0.8435391497695467,2.720898869209682,0.7558723270615538
2151,1.3683202838864823,1.2944793213187757,2.720898869209682,0.8629882793919388
2152,1.5169682991508346,0.8471595172936953,2.7242495740010937,0.7558723264713492
2153,1.3833072717198287,1.2979046445031999,2.7242495740010937,0.8629882790680606
2154,1.5036307331611727,0.8519069207378542,2.726292192449209,0.7558723259024954
2155,1.3978201966100245,1.3005425140609186,2.726292192449209,0.8629882787355442
2156,1.4899159379773543,0.8577454474782867,2.727022359405014,0.7558723253562408
2157,1.4118231853070737,1.3023884194364965,2.727022359405014,0.8629882783966297
2158,1.4758642773625028,0.8646318795864487,2.7264426524368717,0.7558723248336311
2159,1.4252825143659045,1.303439214763909,2.7264426524368717,0.8629882780534223
2160,1.4615181884392494,0.8601550963626908,2.724562545878579,0.7558723243355168
2161,1.438166552884001,1.3036931130665677,2.724562545878579,0.8629882777078908
2162,1.4469221819385893,0.8454341076402722,2.7213983240950634,0.7558723238625636
2163,1.450445707881394,1.303149682981669,2.7213983240950634,0.8629882773618675
2164,1.4321228334623888,0.8309674484782127,2.716972954117765,0.7558723234152643
2165,1.462092372704997,1.3018098479715396,2.716972954117765,0.8629882770170533
2166,1.4171687635448738,0.8168229391347364,2.711315917837644,0.7558723229939477
2167,1.473080878703751,1.2996758880129726,2.711315917837644,0.862988276675015
2168,1.4021106039871336,0.8030706872794862,2.7044630040002082,0.7558723225987883
2169,1.483387450315575,1.2967514437838368,2.7044630040002082,0.8629882763371901
2170,1.3870009476197567,0.7897827772816898,2.6964560603295653,0.7558723222298197
2171,1.492990163626536,1.293041523394599,2.6964560603295653,0.8629882760048889
2172,1.3718942783347834,0.7770328550728253,2.6873427062231596,0.7558723218869416
2173,1.5018689084025219,1.2885525117409389,2.6873427062231596,0.862988275679297
2174,1.3568468779362166,0.7648955953645831,2.6771760066112886,0.7558723215699324
2175,1.510005353550221,1.2832921825824222,2.6771760066112886,0.8629882753614808
2176,1.3419167061108612,0.753446040583307,2.6660141077717068,0.7558723212784578
2177,1.5173829159341934,1.2772697134812931,2.6660141077717068,0.8629882750523885
2178,1.3271632496462784,0.7427588052578489,2.6539198361351466,0.7558723210120828
2179,1.5239867324576515,1.27049570376482,2.6539198361351466,0.8629882747528577
2180,1.3126473369541947,0.7329071460095379,2.6409602614177596,0.7558723207702779
2181,1.5298036353040085,1.2629821957042289,2.6409602614177596,0.8629882744636163
2182,1.298430914035098,0.7239619057933654,2.6272062257755615,0.7558723205524325
2183,1.534822130232542,1.2547426991328647,2.6272062257755615,0.8629882741852893
2184,1.2845767782865571,0.7159903513918137,2.612731841097161,0.7558723203578604
2185,1.5390323778231882,1.2457922197555518,2.612731841097161,0.8629882739184028
2186,1.2711482670593222,0.709054934752884,2.5976139570355623,0.7558723201858123
2187,1.5424261775713322,1.2361472914296665,2.5976139570355623,0.8629882736633893
2188,1.2582088986452638,0.7032120205579185,2.5819316029265673,0.7558723200354809
2189,1.5449969547425657,1.2258260127254739,2.5819316029265673,0.8629882734205893
2190,1.2458219644766524,0.6985106329874364,2.5657654073457814,0.7558723199060114
2191,1.5467397499089393,1.214848088097771,2.5657654073457814,0.8629882731902635
2192,1.234050072751347,0.6949912823748529,2.549196999710554,0.7558723197965087
2193,1.5476512111016634,1.2032348740214578,2.549196999710554,0.8629882729725898
2194,1.2229546454771358,0.6926849356734608,2.5323083990245507,0.7558723197060437
2195,1.5477295885300006,1.1910094304583467,2.5323083990245507,0.8629882727676732
2196,1.2125953730267465,0.6916121921477062,2.5151813955736966,0.7558723196336624
2197,1.5469747318317963,1.178196578028863,2.5151813955736966,0.8629882725755504
2198,1.2030296326541732,0.6917827168748482,2.4978969320901325,0.7558723195783901
2199,1.5453880898374508,1.164822961256876,2.4978969320901325,0.8629882723961928
2200,1.1943118799441126,0.693194969896719,2.4805344915776217,0.7558723195392398
2201,1.5429727128457615,1.1509171182344928,2.4805344915776217,0.8629882722295132
2202,1.1864930247094492,0.695836249591527,2.4631714996047567,0.7558723195152173
2203,1.5397332574267224,1.136509557010594,2.4631714996047567,0.8629882720753698
2204,1.1796198052393578,0.6996830472714441,2.4458827493846775,0.7558723195053263
2205,1.5356759937827915,1.1216328389352153,2.4458827493846775,0.8629882719335711
2206,1.1737341768280634,0.7047016888206826,2.428739858332674,0.7558723195085748
2207,1.5308088157159911,1.1063216690826465,2.428739858332674,0.8629882718038797
2208,1.1688727319668806,0.7108492209664269,2.4118107649862757,0.7558723195239775
2209,1.5251412532631994,1.0906129937182965,2.4118107649862757,0.8629882716860193
2210,1.1650661702579597,0.7180744865537476,2.3951592751485404,0.755872319550562
2211,1.518684488075699,1.0745461045543907,2.3951592751485404,0.8629882715796765
2212,1.1623388358447393,0.7263193261045006,2.378844665841074,0.7558723195873712
2213,1.5114513716310143,1.0581627492410717,2.378844665841074,0.8629882714845055
2214,1.1607083388546602,0.7355198420928112,2.3629213551035115,0.7558723196334695
2215,1.5034564463746738,1.041507247142961,2.3629213551035115,0.8629882714001325
2216,1.1601852750048276,0.7456076669822361,2.34743864483586,0.7558723196879429
2217,1.4947159698960735,1.0246266089342129,2.34743864483586,0.8629882713261595
2218,1.160773054221177,0.7565111847438087,2.3324405427473827,0.7558723197499035
2219,1.4852479422451534,1.0075706578821566,2.3324405427473827,0.8629882712621695
2220,1.162467845055384,0.7681566666468478,2.3179656680636347,0.7558723198184919
2221,1.4750721364939954,0.9903921498534162,2.3179656680636347,0.862988271207727
2222,1.165258637124395,0.7804692939789367,2.3040472439804267,0.755872319892879
2223,1.464210132638315,0.9731468880392444,2.3040472439804267,0.8629882711623837
2224,1.1691274190740841,0.7933740516874094,2.290713177983967,0.7558723199722673
2225,1.4526853549164203,0.9558938271334423,2.290713177983967,0.862988271125681
2226,1.1740494650292683,0.8067964868233145,2.2779862291378996,0.7558723200558959
2227,1.4405231125954188,0.9386951601884137,2.2779862291378996,0.8629882710971521
2228,1.1799937184638685,0.820663333606338,2.265884259339151,0.755872320143035
2229,1.4277506442337402,0.9216163796178927,2.265884259339151,0.8629882710763265
2230,1.1869232591762737,0.83490301276792,2.2544205634411103,0.7558723202329944
2231,1.4143971653723058,0.9047263018268104,2.2544205634411103,0.8629882710627313
2232,1.1947958367695553,0.849446016684007,2.243604271113074,0.7558723203251195
2233,1.4004939195302546,0.8880970427827568,2.243604271113074,0.862988271055894
2234,1.203564452798303,0.8642251939538241,2.233440811424971,0.755872320418794
2235,1.3860742322807398,0.8718039296027391,2.233440811424971,0.8629882710553451
2236,1.21317797353858,0.879175947865814,2.2239324294852727,0.7558723205134379
2237,1.3711735680528458,0.8559253310837507,2.2239324294852727,0.8629882710606188
2238,1.2235817560635518,0.8942363629742639,2.215078743075721,0.7558723206085106
2239,1.3558295891414578,0.8405423883102049,2.215078743075721,0.8629882710712574
2240,1.2347182717992164,0.9093472731150875,2.206877326163286,0.7558723207035084
2241,1.3400822162014148,0.8257386253762651,2.206877326163286,0.8629882710868109
2242,1.2465277137890238,0.9244522828874852,2.1993243054561744,0.7558723207979655
2243,1.3239736892483809,0.8115994203156792,2.1993243054561744,0.862988271106838
2244,1.2589485762982886,0.9394977531297474,2.1924149558194483,0.7558723208914528
2245,1.3075486278790174,0.7982113180665458,2.1924149558194483,0.8629882711309109
2246,1.2719181979357088,0.9544327593743819,2.1861442803746804,0.7558723209835777
2247,1.2908540890495541,0.7856611712792128,2.1861442803746804,0.8629882711586125
2248,1.285373261984458,0.9692090307824347,2.180507561462001,0.7558723210739833
2249,1.2739396203074056,0.7740351015185604,2.180507561462001,0.8629882711895397
2250,1.2992502499815382,0.9712428035885289,2.175500869317069,0.755872321162348
2251,1.2568573058490242,0.7634172832575147,2.175500869317069,0.8629882712233043
2252,1.3134858466650041,0.9632412047281482,2.1711215162781223,0.7558723212483838
2253,1.239661802174912,0.7538885660098962,2.1711215162781223,0.8629882712595319
2254,1.3280172961676284,0.9562108080889842,2.167368445554427,0.7558723213318352
2255,1.2224103594297533,0.7455249655025165,2.167368445554427,0.8629882712978655
2256,1.3427827107505357,0.9501991473802757,2.164242545021247,0.7558723214124785
2257,1.205162823757954,0.7383960717902056,2.164242545021247,0.8629882713379654
2258,1.3577213344465633,0.9452478364827374,2.161746878123844,0.7558723214901205
2259,1.1879816151869282,0.7325634388435144,2.161746878123844,0.8629882713795056
2260,1.3727737647457545,0.9413918407612946,2.159886825742438,0.7558723215645975
2261,1.170931674698169,0.7280790340000013,2.159886825742438,0.8629882714221808
2262,1.387882135942013,0.9386588345631061,2.158670134763301,0.7558723216357722
2263,1.1540803733003384,0.7249838341447069,2.158670134763301,0.8629882714657012
2264,1.402990268014453,0.9370686727769871,2.158106871092348,0.7558723217035355
2265,1.1374973751386768,0.723306656222364,2.158106871092348,0.8629882715097951
2266,1.4180437849847196,0.9366330007196474,2.158209276912076,0.7558723217678031
2267,1.1212544460419465,0.7230633011952484,2.158209276912076,0.8629882715542073
2268,1.4329902066158564,0.9373550210153365,2.1589915340948638,0.755872321828513
2269,1.105425198526719,0.7242560727409898,2.1589915340948638,0.8629882715987015
2270,1.447779017138218,0.9392294289227289,2.1604694378169835,0.7558723218856264
2271,1.0900847642774338,0.7268737063725268,2.1604694378169835,0.8629882716430567
2272,1.4623617144371461,0.9422425193258158,2.1626599865342664,0.7558723219391251
2273,1.0753093856476121,0.7308917143080406,2.1626599865342664,0.86298827168707
2274,1.4766918428433404,0.946372460076384,2.165580896541605,0.75587232198901
2275,1.0611759189423298,0.736273120343934,2.165580896541605,0.8629882717305567
2276,1.4907250123522076,0.9515897183278746,2.16925005129592,0.7558723220353001
2277,1.0477612442997923,0.7429695313611367,2.16925005129592,0.8629882717733466
2278,1.5044189067797114,0.9578576196395646,2.1736848974798626,0.7558723220780306
2279,1.0351415800187627,0.7509224713820569,2.1736848974798626,0.8629882718152848
2280,1.5177332830516659,0.965133014497761,2.1789018013593697,0.7558723221172513
2281,1.0233917032499715,0.760064892378955,2.1789018013593697,0.8629882718562338
2282,1.5306299635294933,0.9733670238112316,2.184915380276978,0.7558723221530274
2283,1.0125840840625897,0.7703227737541619,2.184915380276978,0.8629882718960716
2284,1.5430728230035238,0.9825058339564475,2.191737825060288,0.7558723221854348
2285,1.0027879458631208,0.7816167284996965,2.191737825060288,0.8629882719346872
2286,1.5550277717380006,0.9924915129104644,2.1993782296527056,0.7558723222145608
2287,0.9940682716795524,0.7938635463730502,2.1993782296527056,0.8629882719719871
2288,1.5664627357311924,1.0032628215752104,2.2078419443449078,0.7558723222405027
2289,0.9864847824567302,0.8069776204034421,2.2078419443449078,0.8629882720078903
2290,1.5773476351593032,1.0147559981206504,2.2171299685703856,0.7558723222633671
2291,0.9800909196157251,0.820872220155901,2.2171299685703856,0.862988272042327
2292,1.5876543618031862,1.0269054975769532,2.2272383983188773,0.7558723222832666
2293,0.9749328689837354,0.8354605913871467,2.2272383983188773,0.8629882720752405
2294,1.5973567561105761,1.0396446735380038,2.2381579418340656,0.7558723223003223
2295,0.9710486660580342,0.8506568756456494,2.2381579418340656,0.8629882721065883
2296,1.6064305844217184,1.0529063933246612,2.2498735154393685,0.7558723223146576
2297,0.9684674227813762,0.8663768542870534,2.2498735154393685,0.8629882721363341
2298,1.614853516780802,1.0666235820174463,2.262363929145777,0.7558723223264024
2299,0.9672087131538112,0.882538529144906,2.262363929145777,0.8629882721644537
2300,1.6226051056673145,1.080729694228479,2.2756016692276577,0.7558723223356903
2301,0.9672821489964288,0.8990625569607016,2.2756016692276577,0.8629882721909353
2302,1.629666765908292,1.0951591152581965,2.2895527823114645,0.755872322342656
2303,0.9686871683238727,0.9158725571095293,2.2895527823114645,0.8629882722157712
2304,1.6360217559724655,1.092679950266549,2.304176862822282,0.7558723223474351
2305,0.9714130477779837,0.9328953127186709,2.304176862822282,0.8629882722389649
2306,1.6416551607986627,1.0776371385366181,2.319427142988663,0.7558723223501659
2307,0.9754391384451573,0.9500608845157684,2.319427142988663,0.8629882722605279
2308,1.6465538762718936,1.0625330850728614,2.3352506821247685,0.7558723223509866
2309,0.9807353123173547,0.9673026551406168,2.3352506821247685,0.8629882722804774
2310,1.6507065954298343,1.0474215882200812,2.3515886496833764,0.7558723223500339
2311,0.9872625958432608,0.9845573195947652,2.3515886496833764,0.862988272298837
2312,1.6541037964585683,1.032358811821623,2.368376694677094,0.7558723223474412
2313,0.9949739584434797,1.0017648352717947,2.368376694677094,0.8629882723156365
2314,1.6567377325183423,1.0174032391714398,2.385545392547912,0.7558723223433432
2315,1.0038152181943523,1.0188683428052747,2.385545392547912,0.8629882723309127
2316,1.6586024234266206,1.0026155920435713,2.403020759452154,0.7558723223378712
2317,1.0137260243814263,1.0358140669149527,2.403020759452154,0.8629882723447053
2318,1.6596936492160237,0.9880587072953728,2.420724823220365,0.7558723223311542
2319,1.0246408771544768,1.0525512045930034,2.420724823220365,0.862988272357057
2320,1.660008945577941,0.9737973629139499,2.438576239929833,0.7558723223233176
2321,1.036490147627344,1.0690318063795536,2.438576239929833,0.862988272368015
2322,1.6595476011979986,0.9598980449839204,2.4564909450544965,0.7558723223144829
2323,1.0492010667946774,1.0852106551321032,2.4564909450544965,0.8629882723776325
2324,1.6583106569864587,0.9464286470238741,2.474382828483489,0.7558723223047678
2325,1.0626986578367985,1.101045145582283,2.474382828483489,0.8629882723859623
2326,1.6563009072043517,0.9334580936141026,2.4921644232688767,0.7558723222942854
2327,1.0769065930343749,1.1164951670722094,2.4921644232688767,0.8629882723930603
2328,1.6535229024841498,0.9210558813765369,2.50974759871569,0.7558723222831442
2329,1.0917479630074713,1.1315229911442057,2.50974759871569,0.8629882723989842
2330,1.6499829547414093,0.9092915323232814,2.527044249304818,0.7558723222714483
2331,1.1071459518755369,1.146093165094184,2.527044249304818,0.8629882724037907
2332,1.645689143970465,0.8982339574904807,2.5439669718880715,0.7558723222592969
2333,1.1230244169200125,1.1601724121643593,2.5439669718880715,0.8629882724075405
2334,1.6406513269122973,0.8879507326910676,2.560429724567398,0.7558723222467834
2335,1.1393083752868232,1.1737295387215876,2.560429724567398,0.8629882724102942
2336,1.63488114757541,0.8785072931330415,2.5763484616279384,0.7558723222339964
2337,1.155924403183187,1.1867353485230565,2.5763484616279384,0.8629882724121146
2338,1.6283920495802078,0.869966059411572,2.5916417398065126,0.7558723222210199
2339,1.172800954981045,1.1991625639938386,2.5916417398065126,0.8629882724130624
2340,1.6211992902831087,0.8623855136894643,2.6062312920210227,0.7558723222079315
2341,1.189868610770533,1.2109857543164728,2.6062312920210227,0.8629882724131975
2342,1.6133199566175043,0.8558192512600027,2.620042565447366,0.7558723221948044
2343,1.207060261367994,1.2221812700494668,2.620042565447366,0.86298827241258
2344,1.604772982563646,0.8503150385164333,2.6330052215007904,0.7558723221817067
2345,1.2243112397328078,1.2327271839397125,2.6330052215007904,0.8629882724112676
2346,1.5955791681273743,0.8459139129119094,2.645053595855668,0.7558723221687007
2347,1.2415594073323262,1.2426032375657925,2.645053595855668,0.8629882724093191
2348,1.5857611996669718,0.842649363051012,2.6561271171232206,0.7558723221558441
2349,1.2587452033402458,1.251790793438848,2.6561271171232206,0.8629882724067902
2350,1.5753436713567803,0.8405466269847489,2.666170683205944,0.7558723221431893
2351,1.2758116637630086,1.2602727921904548,2.666170683205944,0.862988272403737
2352,1.5643531075139099,0.8396221436951602,2.6751349946675367,0.7558723221307839
2353,1.2927044167397577,1.2680337144891645,2.6751349946675367,0.8629882724002118
2354,1.5528179854385349,0.839883186605342,2.682976844706807,0.7558723221186721
2355,1.3093716594111529,1.2750595473461486,2.682976844706807,0.8629882723962669
2356,1.5407687583269127,0.8413276990896309,2.689659365512673,0.7558723221068938
2357,1.3257641209400177,1.2813377544937807,2.689659365512673,0.8629882723919532
2358,1.5282378777073045,0.8439443411304086,2.695152230914544,0.7558723220954827
2359,1.3418350155168015,1.2868572505472582,2.695152230914544,0.8629882723873182
2360,1.515259814720274,0.8477127445158418,2.6994318153375927,0.755872322084468
2361,1.3575399885086126,1.2916083786875183,2.6994318153375927,0.862988272382408
2362,1.5018710794142767,0.8526039624853823,2.702481309134662,0.755872322073875
2363,1.3728370583172775,1.2955828916328165,2.702481309134662,0.8629882723772672
2364,1.488110237053189,0.8585810896536035,2.7042907904045044,0.7558723220637247
2365,1.3876865559991551,1.2987739356959056,2.7042907904045044,0.8629882723719368
2366,1.4740179202328478,0.8656000203052115,2.7048572534276363,0.7558723220540348
2367,1.4020510642631212,1.3011760377533708,2.7048572534276363,0.8629882723664574
2368,1.4596368353779918,0.8582323379056137,2.704184593864038,0.7558723220448194
2369,1.4158953570970405,1.3027850949831448,2.704184593864038,0.8629882723608657
2370,1.4450117619392149,0.8435406165463802,2.702283550868312,0.7558723220360882
2371,1.4291863409697179,1.303598367255418,2.702283550868312,0.8629882723551978
2372,1.4301895423331903,0.8291118897501211,2.699171606294709,0.7558723220278485
2373,1.4418929983071318,1.3036144720910527,2.699171606294709,0.862988272349486
2374,1.4152190603718642,0.8150142889023761,2.6948728411932663,0.7558723220201061
2375,1.4539863337411423,1.3028333821302194,2.6948728411932663,0.8629882723437615
2376,1.4001512056134535,0.8013181978677404,2.689417749845887,0.7558723220128636
2377,1.4654393234687528,1.3012564250823813,2.689417749845887,0.8629882723380529
2378,1.385038820749034,0.7880959295225263,2.682843011664027,0.7558723220061209
2379,1.476226867934045,1.2988862861570616,2.682843011664027,0.8629882723323864
2380,1.369936628826334,0.7754212960553717,2.675191221374502,0.7558723219998745
2381,1.4863257479473626,1.2957270130031162,2.675191221374502,0.8629882723267861
2382,1.3549011368248152,0.7633690600614699,2.666510578063252,0.7558723219941179
2383,1.4957145842822748,1.2917840232126423,2.666510578063252,0.8629882723212741
2384,1.3399905118563338,0.752014256251738,2.6568545338354266,0.7558723219888438
2385,1.5043738007360365,1.287064114474253,2.6568545338354266,0.8629882723158706
2386,1.3252644261024789,0.7414313782276813,2.6462814030900086,0.7558723219840423
2387,1.5122855906001305,1.2815754774893373,2.6462814030900086,0.8629882723105938
2388,1.3107838665478553,0.7316934314577429,2.6348539337042456,0.7558723219797024
2389,1.519433886460927,1.2753277117940864,2.6348539337042456,0.86298827230546
2390,1.296610905668005,0.7228708623523474,2.622638841782261,0.7558723219758114
2391,1.5258043332341171,1.2683318446595417,2.622638841782261,0.862988272300483
2392,1.2828084295253863,0.7150303838912893,2.6097063120469386,0.7558723219723554
2393,1.5313842643282283,1.2606003532715302,2.6097063120469386,0.862988272295675
2394,1.2694398202621036,0.7082337299410136,2.596129466446127,0.7558723219693189
2395,1.536162680830561,1.2521471904219252,2.596129466446127,0.8629882722910467
2396,1.256568590797144,0.7025363821230146,2.5819838041025838,0.7558723219666862
2397,1.5401302336119178,1.2429878139718278,2.5819838041025838,0.8629882722866079
2398,1.2442579706743855,0.6979863234015017,2.56734661635766,0.75587232196444
2399,1.543279208253401,1.233139220375437,2.56734661635766,0.8629882722823651
2400,1.2325704434876137,0.6946228797855043,2.552296381333543,0.7558723219625635
2401,1.5456035127084762,1.2226199825797923,2.552296381333543,0.8629882722783243
2402,1.2215672381309508,0.6924757140894109,2.536912143155213,0.7558723219610379
2403,1.5470986676256488,1.2114502926390478,2.536912143155213,0.8629882722744903
2404,1.2113077782593944,0.6915640323757934,2.5212728817134917,0.7558723219598453
2405,1.5477617992710158,1.199652009401004,2.5212728817134917,0.862988272270863
2406,1.2018490967307505,0.6918960540670439,2.505456879591378,0.7558723219589687
2407,1.5475916350050156,1.1872487116360984,2.505456879591378,0.8629882722674445
2408,1.1932452243330451,0.6934687812794339,2.489541093488889,0.7558723219583904
2409,1.546588501283668,1.1742657569823027,2.489541093488889,0.8629882722642361
2410,1.1855465646351797,0.6962680832257672,2.473600538133236,0.7558723219580906
2411,1.544754324171037,1.160730347069687,2.473600538133236,0.8629882722612374
2412,1.1787992691514446,0.7002690898626204,2.4577076912138445,0.755872321958051
2413,1.5420926323663247,1.1466715991611804,2.4577076912138445,0.8629882722584469
2414,1.1730446289754688,0.7054368680133682,2.441931928295331,0.7558723219582513
2415,1.5386085627656239,1.1321206245953117,2.441931928295331,0.8629882722558634
2416,1.168318500401773,0.7117273355268979,2.4263389968952427,0.7558723219586742
2417,1.5343088685946322,1.1171106142348297,2.4263389968952427,0.8629882722534837
2418,1.1646507826150245,0.7190883565641064,2.410990538928355,0.7558723219593
2419,1.52920193016428,1.1016769310026666,2.410990538928355,0.862988272251304
2420,1.1620649651329822,0.7274609548382733,2.3959436704814214,0.7558723219601114
2421,1.523297768315868,1.0858572094118701,2.3959436704814214,0.8629882722493204
2422,1.1605777612524681,0.7367805815573201,2.381250627365058,0.7558723219610903
2423,1.5166080606355543,1.0696914617545992,2.381250627365058,0.8629882722475276
2424,1.1601988412715907,0.7469783800437555,2.366958484077351,0.755872321962219
2425,1.5091461605293672,1.0532221902897219,2.366958484077351,0.8629882722459203
2426,1.1609306758491826,0.7579823980891759,2.3531089527041855,0.7558723219634818
2427,1.5009271192586873,1.0364945043385962,2.3531089527041855,0.8629882722444924
2428,1.1627684957151758,0.7697187103620908,2.339738266886886,0.7558723219648618
2429,1.4919677110415988,1.0195562406408483,2.339738266886886,0.8629882722432379
2430,1.1657003693455819,0.7821124250504622,2.3268771543369056,0.7558723219663437
2431,1.4822864613266347,1.002458084610267,2.3268771543369056,0.8629882722421499
2432,1.1697073954966963,0.7950885601112367,2.3145508995140505,0.7558723219679124
2433,1.4719036783410635,0.9852536892376602,2.3145508995140505,0.862988272241221
2434,1.174764003002591,0.8085727841546043,2.3027794960668655,0.755872321969554
2435,1.4608414880044536,0.9679997872853369,2.3027794960668655,0.862988272240444
2436,1.1808383462991345,0.8224920246575742,2.291577886530202,0.7558723219712551
2437,1.4491238722779796,0.9507562910830428,2.291577886530202,0.8629882722398118
2438,1.1878927820057656,0.8367749517717774,2.280956284661594,0.7558723219730027
2439,1.4367767109886154,0.9335863726527308,2.280956284661594,0.8629882722393161
2440,1.1958844097441796,0.8513523496048533,2.2709205737530627,0.7558723219747847
2441,1.423827827122169,0.9165565150603864,2.2709205737530627,0.8629882722389494
2442,1.2047656592721336,0.8661573888027343,2.261472772354351,0.7558723219765894
2443,1.4103070355169567,0.8997365238444973,2.261472772354351,0.8629882722387042
2444,1.214484905933488,0.8811258148949767,2.2526115571557734,0.7558723219784069
2445,1.3962461948068081,0.8831994851689416,2.2526115571557734,0.8629882722385726
2446,1.224987097261494,0.8961960665423864,2.244332831361293,0.7558723219802272
2447,1.3816792623535843,0.8670216551145145,2.244332831361293,0.8629882722385467
2448,1.2362143751491996,0.911309336864347,2.2366303257781035,0.7558723219820404
2449,1.36664235177022,0.8512822624516212,2.2366303257781035,0.8629882722386187
2450,1.2481066801124245,0.9264095896854013,2.2294962190849543,0.7558723219838386
2451,1.3511737924594573,0.8360632056088447,2.2294962190849543,0.8629882722387815
2452,1.260602326602645,0.9414435410289596,2.222921763328619,0.7558723219856138
2453,1.3353141903742893,0.8214486237486659,2.222921763328619,0.8629882722390274
2454,1.273638540878646,0.9563606146455804,2.216897900631846,0.7558723219873595
2455,1.319106488936348,0.8075243223589468,2.216897900631846,0.8629882722393485
2456,1.2871519554459472,0.9711128788907731,2.2114158573596114,0.7558723219890683
2457,1.3025960287204505,0.7943770361144352,2.2114158573596114,0.8629882722397377
2458,1.3010790563893486,0.9701511920617869,2.206467702556187,0.755872321990735
2459,1.2858306041195782,0.7820935165182212,2.206467702556187,0.8629882722401889
2460,1.3153565819654753,0.9622727776849284,2.202046858299776,0.7558723219923541
2461,1.268860514737724,0.7707594394776833,2.202046858299776,0.8629882722406946
2462,1.3299218725371083,0.9553720422551829,2.198148550687451,0.7558723219939218
2463,1.251738608712731,0.7604581387607213,2.198148550687451,0.8629882722412492
2464,1.3447131733012725,0.9494957945596095,2.1947701914243107,0.7558723219954337
2465,1.2345203145446781,0.7512691850848385,2.1947701914243107,0.8629882722418453
2466,1.3596698922968355,0.9446848251402356,2.1919116814132598,0.7558723219968864
2467,1.21726365729918,0.7432668467279425,2.1919116814132598,0.8629882722424775
2468,1.3747328169018815,0.9409731871454612,2.1895756292961295,0.7558723219982776
2469,1.2000292542773383,0.7365184846616553,2.1895756292961295,0.8629882722431402
2470,1.3898442924850583,0.9383875671142548,2.1877674795585764,0.7558723219996046
2471,1.1828802844125839,0.7310829512778843,2.1877674795585764,0.8629882722438279
2472,1.4049483671028227,0.9369467732198069,2.186495546560843,0.7558723220008652
2473,1.1658824247992319,0.7270090743073578,2.186495546560843,0.8629882722445351
2474,1.4199909061812532,0.9366613646180941,2.1857709526782485,0.7558723220020588
2475,1.149103746924272,0.7243343139144365,2.1857709526782485,0.8629882722452575
2476,1.434919681029752,0.9375334397122771,2.1856074706154156,0.7558723220031833
2477,1.1326145644282564,0.7230836790397538,2.1856074706154156,0.8629882722459896
2478,1.4496844348429365,0.9395565937609306,2.1860212718823346,0.7558723220042362
2479,1.1164872236510455,0.7232689777294397,2.1860212718823346,0.8629882722467281
2480,1.4642369295891984,0.9427160479398199,2.187030585371176,0.7558723220052174
2481,1.1007958279356598,0.7248884558104197,2.187030585371176,0.8629882722474687
2482,1.4785309768868045,0.9469889434569103,2.1886552719273227,0.7558723220061268
2483,1.0856158868034123,0.7279268508680754,2.1886552719273227,0.8629882722482073
2484,1.4925224556523715,0.9523447863893654,2.190916322735947,0.7558723220069661
2485,1.0710238818287001,0.7323558574684217,2.190916322735947,0.8629882722489408
2486,1.5061693189882492,0.958746022248591,2.1938352912070798,0.7558723220077359
2487,1.0570967424924476,0.7381349691016306,2.1938352912070798,0.8629882722496658
2488,1.5194315924665283,0.9661487143997916,2.197433669788758,0.7558723220084375
2489,1.0439112276290528,0.7452126364520927,2.197433669788758,0.86298827225038
2490,1.532271365676058,0.974503297648192,2.201732224712307,0.7558723220090725
2491,1.031543211417522,0.7535276634248883,2.201732224712307,0.8629882722510793
2492,1.5446527786300668,0.9837553775883758,2.206750303013003,0.7558723220096428
2493,1.0200668772507824,0.7630107534843564,2.206750303013003,0.8629882722517639
2494,1.556542004388393,0.9938465475057976,2.21250512720759,0.7558723220101506
2495,1.0095538281926955,0.773586119245799,2.21250512720759,0.8629882722524294
2496,1.5679072290310077,1.004715197362321,2.219011093684197,0.7558723220105976
2497,1.0000721289077026,0.7851730764652163,2.219011093684197,0.862988272253075
2498,1.5787186299281109,1.0162972932364391,2.2262790911148693,0.7558723220109862
2499,0.9916853005694414,0.7976875572664363,2.2262790911148693,0.8629882722536985
2500,1.5889483530855353,1.0285271100454405,2.234315854994424,0.7558723220113189
2501,0.9844512968020802,0.811043494008546,2.234315854994424,0.862988272254299
2502,1.5985704902007982,1.0413379050093325,2.24312337371931,0.755872322011598
2503,0.9784214945200149,0.8251540422249264,2.24312337371931,0.8629882722548754
2504,1.6075610559429567,1.0546625237608085,2.2526983604471833,0.7558723220118262
2505,0.9736397378656726,0.8399326267025332,2.2526983604471833,0.8629882722554265
2506,1.6158979658662644,1.0684339349966296,2.263031803348756,0.7558723220120065
2507,0.970141475573846,0.8552938078401264,2.263031803348756,0.8629882722559511
2508,1.6235610152814632,1.0825856929400013,2.2741086048309307,0.7558723220121409
2509,0.9679530314215186,0.8711539753980005,2.2741086048309307,0.8629882722564495
2510,1.6305318593371876,1.0970523295684627,2.285907317951263,0.7558723220122328
2511,0.9670910436203737,0.8874318836152394,2.285907317951263,0.8629882722569204
2512,1.6367939945055618,1.0907327524226191,2.298399985655195,0.755872322012284
2513,0.9675621020992325,0.9040490457535786,2.298399985655195,0.8629882722573642
2514,1.6423327416187876,1.0756790374389478,2.311552085759196,0.7558723220122983
2515,0.9693626030349028,0.9209300079415261,2.311552085759196,0.8629882722577802
2516,1.6471352305657274,1.0605709290434946,2.3253225818907697,0.7558723220122777
2517,0.9724788285320211,0.9380025223041305,2.3253225818907697,0.8629882722581688
2518,1.6511903867277373,1.0454625341582504,2.339664077993311,0.7558723220122249
2519,0.976887247114752,0.9551976383058419,2.339664077993311,0.86298827225853
2520,1.6544889192099648,1.030410320953758,2.354523071612759,0.7558723220121428
2521,0.9825550188847717,0.9724497294592892,2.354523071612759,0.8629882722588639
2522,1.6570233109068717,1.0154730686661964,2.3698402990897405,0.7558723220120339
2523,0.9894406789637741,0.9896964704161813,2.3698402990897405,0.8629882722591715
2524,1.6587878104278193,1.0007117815589301,2.385551164049187,0.7558723220119007
2525,0.99749496508006,1.0068787772158387,2.385551164049187,0.8629882722594531
2526,1.6597784258992625,0.9861895594340085,2.4015862392487604,0.7558723220117455
2527,1.006661750424684,1.0239407212954406,2.4015862392487604,0.8629882722597091
2528,1.6599929206536483,0.9719714164965373,2.4178718309321967,0.755872322011571
2529,1.0168790413342175,1.0408294258695017,2.4178718309321967,0.8629882722599397
2530,1.659430810810719,0.9581240400227784,2.434330594325214,0.7558723220113795
2531,1.0280800007169597,1.0574949515191927,2.434330594325214,0.8629882722601465
2532,1.6580933647539637,0.9447154803091816,2.450882188781231,0.7558723220111727
2533,1.0401939618982068,1.0738901763142283,2.450882188781231,0.8629882722603298
2534,1.655983604502766,0.9318147639318293,2.4674439612876755,0.7558723220109532
2535,1.0531474030168568,1.0899706745170703,2.4674439612876755,0.8629882722604909
2536,1.653106308978779,0.9194914235818145,2.483931647526513,0.7558723220107227
2537,1.0668648585108655,1.1056945968733738,2.483931647526513,0.86298827226063
2538,1.6494680191625841,0.9078149398137985,2.500260080384762,0.7558723220104838
2539,1.0812697508897746,1.1210225546488142,2.500260080384762,0.8629882722607484
2540,1.6450770451331869,0.8968540930748279,2.516343896671063,0.7558723220102375
2541,1.096285132343054,1.1359175089030364,2.516343896671063,0.8629882722608465
2542,1.6399434749776631,0.8866762284301255,2.532098233754735,0.7558723220099861
2543,1.1118343313700578,1.150344665969049,2.532098233754735,0.8629882722609262
2544,1.634079185550647,0.8773464404372331,2.547439408851633,0.755872322009731
2545,1.1278415043031103,1.1642713797054742,2.547439408851633,0.8629882722609885
2546,1.6274978550525363,0.8689266914729348,2.5622855746917024,0.7558723220094737
2547,1.144232095237397,1.1776670607869988,2.5622855746917024,0.8629882722610335
2548,1.6202149773804637,0.86147488316327,2.5765573462799973,0.7558723220092158
2549,1.160933210501084,1.1905030930755591,2.5765573462799973,0.8629882722610631
2550,1.6122478781862564,0.8550439069130713,2.5901783943785923,0.7558723220089586
2551,1.1778739154949418,1.2027527569547378,2.5901783943785923,0.8629882722610779
2552,1.6036157325497211,0.8496807052387713,2.603076002172018,0.7558723220087034
2553,1.194985462645212,1.2143911593988903,2.603076002172018,0.8629882722610789
2554,1.5943395841424002,0.8454253799481949,2.615181582321821,0.7558723220084512
2555,1.2122014595057726,1.2253951704755028,2.615181582321821,0.8629882722610677
2556,1.5844423657151099,0.8423103854589327,2.6264311522613264,0.7558723220082031
2557,1.2294579858721448,1.2357433659352333,2.6264311522613264,0.8629882722610442
2558,1.5739489206905062,0.8403598451018468,2.636765766129419,0.7558723220079595
2559,1.2466936682715355,1.245415975521912,2.636765766129419,0.8629882722610107
2560,1.5628860255779775,0.8395890247671914,2.646131902196135,0.755872322007722
2561,1.2638497194887388,1.2543948366288196,2.646131902196135,0.8629882722609667
2562,1.5512824128504075,0.8400039917199661,2.6544818049996954,0.7558723220074911
2563,1.2808699499724223,1.2626633529334914,2.6544818049996954,0.8629882722609145
2564,1.5391687938288519,0.8416014772451131,2.6617737817030833,0.7558723220072673
2565,1.2977007571117984,1.270206457657704,2.6617737817030833,0.8629882722608542
2566,1.5265778810097603,0.8443689507712293,2.6679724523981543,0.7558723220070509
2567,1.3142910975314273,1.277010581119687,2.6679724523981543,0.8629882722607868
2568,1.5135444091379542,0.8482849013355159,2.6730489542469003,0.7558723220068434
2569,1.3305924467561296,1.2830636222699565,2.6730489542469003,0.8629882722607132
2570,1.5001051541750292,0.8533193108866663,2.6769810994633727,0.7558723220066444
2571,1.3465587498696474,1.2883549239291348,2.6769810994633727,0.8629882722606343
2572,1.4862989491353868,0.8594342941037063,2.6797534872160216,0.7558723220064542
2573,1.362146366140321,1.2928752514746102,2.6797534872160216,0.8629882722605505
2574,1.472166695559153,0.8665848720253954,2.6813575695787097,0.7558723220062736
2575,1.3773140100180477,1.2966167747522048,2.6813575695787097,0.8629882722604628
2576,1.4577513691621538,0.856312902238393,2.6817916716888073,0.7558723220061022
2577,1.3920226904173731,1.2995730530186151,2.6817916716888073,0.8629882722603723
2578,1.4430980179480308,0.841651554351281,2.681060966291403,0.7558723220059408
2579,1.4062356497869493,1.3017390227500096,2.681060966291403,0.8629882722602794
2580,1.428253750788228,0.8272619079889608,2.6791774028683544,0.7558723220057888
2581,1.419918304118974,1.3031109881815264,2.6791774028683544,0.8629882722601843
2582,1.4132677141756478,0.8132124017839288,2.6761595915778544,0.7558723220056467
2583,1.4330381847661884,1.303686614471549,2.6761595915778544,0.862988272260088
2584,1.3981910545435121,0.7995736903658648,2.672032642272321,0.7558723220055144
2585,1.4455648827007488,1.3034649234134128,2.672032642272321,0.8629882722599912
2586,1.3830768632219863,0.7864183078968986,2.6668279589276467,0.7558723220053916
2587,1.4574699956614867,1.3024462916457642,2.6668279589276467,0.8629882722598939
2588,1.36798010079502,0.7738202235895009,2.6605829899127866,0.7558723220052785
2589,1.4687270784867723,1.3006324513411367,2.6605829899127866,0.8629882722597974
2590,1.352957497337131,0.7618542765029512,2.6533409346630057,0.7558723220051745
2591,1.4793115968132713,1.2980264933806125,2.6533409346630057,0.8629882722597015
2592,1.3380674247782112,0.7505954799308735,2.6451504075001893,0.75587232200508
2593,1.4892008842308424,1.2946328730507513,2.6451504075001893,0.8629882722596066
2594,1.3233697374936628,0.7401181905793233,2.6360650595765462,0.7558723220049945
2595,1.4983741029159126,1.2904574183274173,2.6360650595765462,0.8629882722595136
2596,1.3089255771825596,0.7304951446937091,2.6261431602102365,0.7558723220049178
2597,1.5068122077158985,1.2855073408398212,2.6261431602102365,0.862988272259422
2598,1.2947971382188208,0.7217963723106439,2.6154471392384258,0.7558723220048493
2599,1.5144979136221275,1.2797912496370578,2.6154471392384258,0.8629882722593323
2600,1.2810473899837194,0.7140880115601852,2.6040430924391265,0.7558723220047895
2601,1.521415666545467,1.2733191679086888,2.6040430924391265,0.8629882722592456
2602,1.2677397532578718,0.7074310567032192,2.592000252569961,0.7558723220047373
2603,1.5275516172950565,1.2661025528404448,2.592000252569961,0.8629882722591616
2604,1.2549377286095384,0.7018800852172629,2.579390429139204,0.7558723220046926
2605,1.532893598654273,1.2581543188157478,2.579390429139204,0.8629882722590804
2606,1.2427044758980674,0.6974820192468183,2.5662874206581843,0.7558723220046556
2607,1.5374311054476981,1.2494888642032564,2.5662874206581843,0.8629882722590021
2608,1.231102345536176,0.6942749834393666,2.552766403816466,0.7558723220046251
2609,1.5411552774971613,1.2401221019995567,2.552766403816466,0.8629882722589268
2610,1.2201923640199868,0.6922873230296971,2.5389033047594793,0.7558723220046011
2611,1.5440588853728128,1.2300714946238849,2.5389033047594793,0.8629882722588551
2612,1.2100336784089563,0.6915368419014399,2.524774158414493,0.7558723220045835
2613,1.5461363188558366,1.2193560931874183,2.524774158414493,0.8629882722587873
2614,1.2006829668501544,0.6920303099137023,2.5104544625815937,0.7558723220045719
2615,1.5473835780421517,1.2079965815820461,2.5104544625815937,0.8629882722587225
2616,1.1921938247833288,0.6937632726871675,2.4960185342524506,0.7558723220045651
2617,1.5477982670307375,1.196015325750838,2.4960185342524506,0.8629882722586611
2618,1.1846161389843277,0.6967201769384554,2.4815388763070487,0.7558723220045641
2619,1.5473795901556036,1.18343642851252,2.4815388763070487,0.8629882722586035
2620,1.1779954639190344,0.700874802721404,2.4670855633287254,0.7558723220045676
2621,1.5461283507365549,1.1702857903120367,2.4670855633287254,0.8629882722585499
2622,1.1723724167787455,0.7061909732790022,2.4527256557297474,0.755872322004575
2623,1.5440469523404472,1.1565911762549292,2.4527256557297474,0.8629882722584995
2624,1.167782108837167,0.7126234961224089,2.4385226516513807,0.7558723220045863
2625,1.541139402561322,1.1423822897496956,2.4385226516513807,0.8629882722584523
2626,1.1642536312145872,0.7201192772560381,2.4245359861541296,0.7558723220046015
2627,1.537411319344339,1.127690853023133,2.4245359861541296,0.8629882722584095
2628,1.1618096126085196,0.72861854502637,2.4108205870103148,0.7558723220046198
2629,1.5328699398945684,1.1125506946808017,2.4108205870103148,0.8629882722583695
2630,1.1604658649762776,0.7380561207480935,2.3974264959251403,0.7558723220046412
2631,1.5275241322270774,1.0969978443479873,2.3974264959251403,0.8629882722583331
2632,1.1602311305493425,0.7483626790793012,2.3843985632274096,0.7558723220046651
2633,1.5213844094290276,1.0810706342334886,2.3843985632274096,0.8629882722583
2634,1.16110694003839,0.7594659505768565,2.3717762229840376,0.7558723220046915
2635,1.5144629467172255,1.0648098071938714,2.3717762229840376,0.8629882722582705
2636,1.1630875876644788,0.7712918302872733,2.3595933541156504,0.7558723220047194
2637,1.5067736013852235,1.0482586305214512,2.3595933541156504,0.8629882722582436
2638,1.1661602240168514,0.7837653680675786,2.3478782314521616,0.7558723220047493
2639,1.4983319357419236,1.0314630142137513,2.3478782314521616,0.8629882722582203
2640,1.1703050630289413,0.796811627361927,2.336653568811278,0.7558723220047806
2641,1.4891552431479251,1.014471631881358,2.336653568811278,0.8629882722581995
2642,1.1754956949278508,0.8103564085744892,2.3259366541674904,0.755872322004813
2643,1.4792625772554742,0.9973360416881655,2.3259366541674904,0.8629882722581816
2644,1.1816994931637415,0.8243268405736444,2.315739574873246,0.7558723220048467
2645,1.4686747845515677,0.9801108037652148,2.315739574873246,0.8629882722581665
2646,1.1888781003131588,0.8386518491669067,2.3060695287740076,0.7558723220048807
2647,1.4574145402899257,0.9628535893699549,2.3060695287740076,0.8629882722581542
2648,1.1969879759328432,0.8532625147657081,2.296929215003193,0.7558723220049155
2649,1.4455063878742294,0.9456252756551085,2.296929215003193,0.8629882722581441
2650,1.205980988376001,0.8680923332161526,2.2883172963275102,0.7558723220049502
2651,1.432976781719868,0.9284900182542142,2.2883172963275102,0.8629882722581367
2652,1.2158050326322605,0.8830773942628114,2.2802289232063653,0.7558723220049854
2653,1.419854133571565,0.9115152919919889,2.2802289232063653,0.8629882722581307
2654,1.2264046571952993,0.8981564916898562,2.2726563082877718,0.7558723220050204
2655,1.4061688621862738,0.8947718879242134,2.2726563082877718,0.8629882722581272
2656,1.237721684620482,0.9132711781596201,2.2655893389297628,0.755872322005055
2657,1.3919534462005552,0.8783338526849337,2.2655893389297628,0.8629882722581258
2658,1.2496958125999957,0.928365776398129,2.259016214536808,0.755872322005089
2659,1.377242479884588,0.8622783539095014,2.259016214536808,0.8629882722581261
2660,1.2622651848412327,0.9433873568546519,2.2529240950444316,0.7558723220051227
2661,1.3620727313355017,0.8466854535288002,2.2529240950444316,0.8629882722581279
2662,1.2753669235879093,0.958285690426193,2.2472997467661644,0.7558723220051555
2663,1.346483202474705,0.8316377693036686,2.2472997467661644,0.8629882722581314
2664,1.2889376181063024,0.9730131833791075,2.242130172015605,0.7558723220051877
2665,1.330515189980409,0.8172200044992131,2.242130172015605,0.8629882722581356
2666,1.302913765743933,0.9690751800427607,2.2374032094033574,0.7558723220052186
2667,1.3142123460002026,0.8035183265878717,2.2374032094033574,0.8629882722581415
2668,1.3172321641692886,0.9613208281327168,2.23310809244772,0.7558723220052491
2669,1.2976207371416508,0.7906195788771757,2.23310809244772,0.8629882722581489
2670,1.3318302550717487,0.954550543599924,2.2292359550902874,0.7558723220052782
2671,1.2807888998238903,0.778610314532247,2.2292359550902874,0.8629882722581566
2672,1.3466464209264306,0.9488103971319293,2.225780273834541,0.7558723220053064
2673,1.2637678895834312,0.7675756510333342,2.225780273834541,0.8629882722581657
2674,1.361620237420487,0.9441403437758645,2.2227372374917813,0.7558723220053334
2675,1.246611321357978,0.757597954835099,2.2227372374917813,0.8629882722581759
2676,1.3766926848243994,0.9405735138249083,2.2201060368945122,0.7558723220053588
2677,1.2293753971213257,0.7487553805964599,2.2201060368945122,0.862988272258186
2678,1.391806322013836,0.9381355973553496,2.217889068399158,0.7558723220053835
2679,1.2121189165136932,0.7411203059502366,2.217889068399158,0.8629882722581974
2680,1.406905427049335,0.9368443495555691,2.2160920465309304,0.7558723220054064
2681,1.1949032653158036,0.7347577198212579,2.2160920465309304,0.8629882722582091
2682,1.4219361082475626,0.9367092398391648,2.2147240227129052,0.7558723220054283
2683,1.1777923757726185,0.7297236375905332,2.2147240227129052,0.8629882722582211
2684,1.4368463895715387,0.9377312616710963,2.213797308662373,0.7558723220054485
2685,1.1608526519181601,0.7260636273627608,2.213797308662373,0.8629882722582332
2686,1.4515862739658116,0.9399029124930769,2.2133273047260937,0.7558723220054678
2687,1.144152852237885,0.723811535695105,2.2133273047260937,0.8629882722582456
2688,1.4661077879981692,0.9432083447475906,2.2133322351576057,0.7558723220054855
2689,1.12776392130147,0.7229884964796526,2.2133322351576057,0.8629882722582581
2690,1.4803650108683855,0.9476236805222145,2.2138327941066156,0.7558723220055021
2691,1.111758761501745,0.7236022925271096,2.2138327941066156,0.8629882722582707
2692,1.494314090527362,0.9531174745335698,2.214851707879279,0.7558723220055177
2693,1.0962119358638922,0.7256471166419833,2.214851707879279,0.8629882722582837
2694,1.50791324933237,0.9596513037144424,2.2164132208173575,0.7558723220055318
2695,1.0811992931839456,0.7291037500932575,2.2164132208173575,0.8629882722582962
2696,1.5211227813571808,0.9671804570454626,2.218542513902551,0.7558723220055444
2697,1.0667975076734335,0.7339401450866582,2.218542513902551,0.8629882722583085
2698,1.533905043187232,0.975654696734095,2.2212650668779097,0.755872322005556
2699,1.0530835269869887,0.7401123683542441,2.2212650668779097,0.8629882722583213
2700,1.546224439764333,0.9850190613906493,2.2246059762393204,0.755872322005566
2701,1.0401339251341877,0.7475658391363892,2.2246059762393204,0.8629882722583336
2702,1.5580474066052405,0.9952146832678455,2.2285892428263785,0.7558723220055754
2703,1.0280241604240723,0.7562367793372365,2.2285892428263785,0.8629882722583458
2704,1.5693423895044833,1.0061795945423733,2.233237043868048,0.7558723220055833
2705,1.0168277432813877,0.7660537875974093,2.233237043868048,0.8629882722583571
2706,1.58007982264373,1.017849501562631,2.2385690051481033,0.7558723220055904
2707,1.0066153244147487,0.7769394519470066,2.2385690051481033,0.8629882722583682
2708,1.590232105866555,1.0301585104899031,2.24460148938647,0.7558723220055961
2709,0.9974537201700432,0.7888119258113312,2.24460148938647,0.8629882722583794
2710,1.5997735817369383,1.0430397923869583,2.2513469169337124,0.7558723220056013
2711,0.9894048985633268,0.8015864069648149,2.2513469169337124,0.8629882722583899
2712,1.6086805128802155,1.0564261802064367,2.2588131344115228,0.7558723220056054
2713,0.9825249558898994,0.8151764759621205,2.2588131344115228,0.8629882722584002
2714,1.6169310600044076,1.0702506940495888,2.2670028459878444,0.7558723220056085
2715,0.9768631192565865,0.8294952673532128,2.2670028459878444,0.8629882722584097
2716,1.624505260915679,1.0844469943529773,2.275913120561742,0.7558723220056106
2717,0.9724608141331184,0.8444564619529333,2.275913120561742,0.8629882722584192
2718,1.631385010772149,1.0989497652549824,2.2855349862874377,0.7558723220056123
2719,0.9693508373653458,0.8599751006112478,2.2855349862874377,0.8629882722584279
2720,1.6375540437634042,1.0887837637215807,2.295853121652055,0.7558723220056133
2721,0.967556674509744,0.8759682289591505,2.295853121652055,0.8629882722584363
2722,1.6429979163570945,1.0737200168705539,2.3068456498235217,0.7558723220056133
2723,0.9670919955994393,0.8923553885938608,2.3068456498235217,0.8629882722584445
2724,1.6477039922173418,1.0586087650979115,2.3184840403071685,0.7558723220056128
2725,0.9679603556798341,0.909058973515403,2.3184840403071685,0.8629882722584516
2726,1.6516614288708595,1.0435044235544486,2.3307331192057203,0.7558723220056116
2727,0.970155116205793,0.9260044718743977,2.3307331192057203,0.8629882722584585
2728,1.6548611661744563,1.0284637639019396,2.3435511866838374,0.7558723220056102
2729,0.9736595915790094,0.943120612801036,2.3435511866838374,0.8629882722584651
2730,1.6572959166207544,1.013545859879812,2.3568902377054934,0.7558723220056083
2731,0.9784474128673298,0.960339436770455,2.3568902377054934,0.862988272258471
2732,1.6589601575065782,0.9988119960706356,2.3706962798370985,0.7558723220056055
2733,0.9844830892964274,0.9775963060445736,2.3706962798370985,0.8629882722584767
2734,1.6598501249795776,0.9843255321814478,2.384909739968908,0.7558723220056031
2735,0.9917227385266336,0.9948298695399371,2.384909739968908,0.8629882722584817
2736,1.6599638099725027,0.9701517145815194,2.399465950255735,0.7558723220055997
2737,1.0001149498319495,1.0119819942363404,2.399465950255735,0.8629882722584868
2738,1.6593009560303844,0.9563574265264878,2.4142957024439786,0.7558723220055963
2739,1.0096017405117526,1.028997673113283,2.4142957024439786,0.8629882722584905
2740,1.6578630590330528,0.9430108685847343,2.429325859039351,0.7558723220055924
2741,1.0201195652106925,1.0458249176693863,2.429325859039351,0.8629882722584948
2742,1.655653368813274,0.9301811614139337,2.4444800094598995,0.7558723220055883
2743,1.0316003399630607,1.0624146413864983,2.4444800094598995,0.8629882722584983
2744,1.6526768926687598,0.917937864371984,2.459679159375085,0.7558723220055839
2745,1.0439724471208975,1.078720539056556,2.459679159375085,0.862988272258501
2746,1.6489404007637234,0.906350405636654,2.4748424418032102,0.7558723220055794
2747,1.057161693142244,1.0946989656863584,2.4748424418032102,0.8629882722585038
2748,1.6444524334119621,0.8954874226686811,2.4898878391674186,0.7558723220055749
2749,1.0710921977651873,1.1103088177126346,2.4898878391674186,0.862988272258506
2750,1.639223310227949,0.8854160160349759,2.504732906332214,0.7558723220055702
2751,1.0856871997137438,1.1255114184709274,2.504732906332214,0.8629882722585079
2752,1.63326514112441,0.8762009247620597,2.5192954855963885,0.7558723220055651
2753,1.1008697702539008,1.1402704092390716,2.5192954855963885,0.8629882722585098
2754,1.6265918391235894,0.8679036373288231,2.5334944056469024,0.7558723220055605
2755,1.1165634312892572,1.1545516466923922,2.5334944056469024,0.8629882722585109
2756,1.6192191349339808,0.8605814587849103,2.5472501575311797,0.7558723220055558
2757,1.1326926790640475,1.1683231072385638,2.5472501575311797,0.8629882722585119
2758,1.6111645932237555,0.8542865607829473,2.5604855417402583,0.755872322005551
2759,1.149183417872174,1.1815547984235317,2.5604855417402583,0.8629882722585127
2760,1.6024476304953468,0.8490650468848104,2.5731262814790714,0.7558723220055464
2761,1.1659633105022091,1.1942186773974093,2.5731262814790714,0.862988272258513
2762,1.5930895344314462,0.8449560696101185,2.5851015981085506,0.7558723220055418
2763,1.1829620535950278,1.2062885762851483,2.5851015981085506,0.8629882722585135
2764,1.5831134845395527,0.8419910376233263,2.5963447455612925,0.7558723220055374
2765,1.2001115868028054,1.2177401342081986,2.5963447455612925,0.8629882722585135
2766,1.57254457386875,0.8401929506288268,2.6067935012494186,0.7558723220055332
2767,1.2173462447756882,1.228550735639849,2.6067935012494186,0.8629882722585128
2768,1.5614098315067253,0.8395758956510894,2.616390611597385,0.7558723220055289
2769,1.234602860718208,1.238699454740078,2.616390611597385,0.8629882722585128
2770,1.5497382454853794,0.8401447314723155,2.625084190846115,0.7558723220055242
2771,1.251820829686373,1.2481670052989395,2.625084190846115,0.8629882722585117
2772,1.5375607856276643,0.8418949785425998,2.632828072193662,0.7558723220055205
2773,1.2689421390500562,1.2569356959154907,2.632828072193662,0.862988272258511
2774,1.5249104257543982,0.8448129205002514,2.6395821106702555,0.7558723220055165
2775,1.2859113727117777,1.264989390048052,2.6395821106702555,0.8629882722585103
2776,1.5118221645356276,0.8488759116405956,2.645312437401965,0.7558723220055129
2777,1.3026756948175804,1.2723134705880148,2.645312437401965,0.8629882722585089
2778,1.4983330441145681,0.8540528734462185,2.6499916651084714,0.7558723220055091
2779,1.319184817864387,1.278894808631146,2.6499916651084714,0.8629882722585079
2780,1.4844821654514349,0.8603049537456637,2.6535990448179123,0.7558723220055058
2781,1.3353909593309143,1.284721736145624,2.6535990448179123,0.8629882722585065
2782,1.4703106991281853,0.8675863150474368,2.6561205738768847,0.7558723220055025
2783,1.351248790253398,1.2897840222635335,2.6561205738768847,0.8629882722585047
2784,1.4558618901226752,0.854396928737307,2.6575490553976016,0.7558723220054994
2785,1.3667153785411992,1.2940728529513652,2.6575490553976016,0.8629882722585034
2786,1.4411810548023616,0.8397670661019075,2.657884109327706,0.7558723220054963
2787,1.3817501292824423,1.2975808138444926,2.657884109327706,0.8629882722585022
2788,1.4263155681054274,0.8254176534826849,2.6571321353617137,0.7558723220054936
2789,1.3963147238233562,1.300301876060245,2.6571321353617137,0.8629882722585
2790,1.4113148385749599,0.8114174326918367,2.6553062279464483,0.7558723220054913
2791,1.41037305901138,1.3022313848337312,2.6553062279464483,0.862988272258499
2792,1.3962302685963481,0.7978373234755138,2.6524260436758405,0.7558723220054889
2793,1.4238911876643805,1.3033660508498912,2.6524260436758405,0.8629882722584971
2794,1.3811151968693587,0.7847500738113378,2.6485176214323576,0.7558723220054864
2795,1.4368372610587947,1.3037039441742546,2.6485176214323576,0.8629882722584953
2796,1.3660248198386555,0.7722298004274033,2.6436131557222575,0.7558723220054842
2797,1.4491814740105948,1.303244490713609,2.6436131557222575,0.8629882722584937
2798,1.3510160885289595,0.7603514071351771,2.6377507237786517,0.7558723220054824
2799,1.4608960129473139,1.3019884711662602,2.6377507237786517,0.862988272258492
2800,1.3361475770081013,0.7491898718116287,2.630973967178464,0.7558723220054804
2801,1.471955007230361,1.2999380224498995,2.630973967178464,0.8629882722584905
2802,1.3214793185633982,0.7388193980140008,2.623331728944928,0.7558723220054789
2803,1.4823344838784842,1.2970966416233807,2.623331728944928,0.8629882722584888
2804,1.307072605660155,0.7293124344431203,2.614877647393445,0.755872322005478
2805,1.4920123257602387,1.2934691923470474,2.614877647393445,0.8629882722584871
2806,1.292989749896916,0.7207385747399588,2.605669708331827,0.7558723220054768
2807,1.5009682332612433,1.2890619139547776,2.605669708331827,0.8629882722584856
2808,1.2792937985248896,0.7131633610303241,2.595769757650801,0.7558723220054755
2809,1.509183689386911,1.2838824332396626,2.595769757650801,0.8629882722584838
2810,1.2660482047039798,0.7066470264479375,2.5852429768398157,0.7558723220054742
2811,1.5166419282300663,1.2779397790843023,2.5852429768398157,0.8629882722584824
2812,1.2533164495668354,0.7012432233741186,2.5741573245365887,0.755872322005473
2813,1.5233279067126286,1.2712444000960457,2.5741573245365887,0.8629882722584814
2814,1.2411616153880962,0.6969977938024833,2.56258294786283,0.7558723220054724
2815,1.5292282794991916,1.2638081854370855,2.56258294786283,0.8629882722584797
2816,1.2296459107257727,0.6939476443931107,2.550591568005459,0.7558723220054722
2817,1.5343313769759561,1.2556444890689342,2.550591568005459,0.8629882722584783
2818,1.2188301503094365,0.6921197898957994,2.538255845259723,0.755872322005472
2819,1.5386271861896423,1.2467681576601932,2.538255845259723,0.8629882722584771
2820,1.208773194658866,0.6915306236686464,2.5256487295398276,0.7558723220054715
2821,1.542107334646465,1.2371955624351763,2.5256487295398276,0.8629882722584755
2822,1.1995313568530428,0.6921854627845848,2.5128428031602685,0.7558723220054715
2823,1.5447650768800476,1.2269446352681816,2.5128428031602685,0.8629882722584745
2824,1.1911577864179614,0.6940783984923325,2.4999096234673606,0.7558723220054713
2825,1.546595283708496,1.2160349093530511,2.4999096234673606,0.8629882722584734
2826,1.18370184280721,0.697192462335353,2.4869190736206717,0.7558723220054714
2827,1.5475944341141001,1.2044875647986848,2.4869190736206717,0.8629882722584722
2828,1.177208473221991,0.7015000964885778,2.473938730449041,0.7558723220054715
2829,1.547760609693787,1.1923254795166387,2.473938730449041,0.8629882722584711
2830,1.1717176113462606,0.7069638965502049,2.46103325879341,0.7558723220054714
2831,1.547093491644095,1.1795732857742642,2.46103325879341,0.8629882722584704
2832,1.1672636147452047,0.7135375785537115,2.4482638420561997,0.7558723220054717
2833,1.5455943602607258,1.1662574327828796,2.4482638420561997,0.8629882722584695
2834,1.1638747590016134,0.7211671110527723,2.4356876587633276,0.755872322005472
2835,1.5432660969493421,1.152406255670963,2.4356876587633276,0.8629882722584686
2836,1.1615728060049677,0.7297919485125499,2.4233574147741423,0.7558723220054726
2837,1.540113188760957,1.1380500511519018,2.4233574147741423,0.8629882722584675
2838,1.1603726620973145,0.7393463036539123,2.4113209403182982,0.7558723220054727
2839,1.5361417354817068,1.123221160127548,2.4113209403182982,0.8629882722584671
2840,1.1602821390468454,0.7497604027798056,2.3996208602797364,0.755872322005473
2841,1.5313594593227484,1.1079540573640394,2.3996208602797364,0.8629882722584666
2842,1.1613018271940383,0.7609616779220536,2.3882943450828087,0.7558723220054736
2843,1.5257757172711024,1.092285448224229,2.3882943450828087,0.8629882722584661
2844,1.1634250858206114,0.7728758612070133,2.3773729481760575,0.755872322005474
2845,1.5194015161761434,1.0762543722283617,2.3773729481760575,0.8629882722584653
2846,1.1666381511272899,0.7854279586334367,2.366882534483352,0.7558723220054746
2847,1.5122495306586055,1.0599023129252618,2.366882534483352,0.8629882722584648
2848,1.1709203575135791,0.7985430913140007,2.35684330234409,0.7558723220054749
2849,1.5043341239388572,1.043273313171128,2.35684330234409,0.8629882722584638
2850,1.176244463476003,0.812147201399305,2.347269899452171,0.7558723220054754
2851,1.495671371688111,1.0264140944098565,2.347269899452171,0.8629882722584634
2852,1.1825770696886655,0.8261676270242784,2.338171631196922,0.7558723220054762
2853,1.4862790890092186,1.0093741779024887,2.338171631196922,0.8629882722584629
2854,1.1898791139398672,0.840533555658337,2.329552757684609,0.7558723220054766
2855,1.47617686065173,0.9922060050367812,2.329552757684609,0.8629882722584624
2856,1.1981064257165799,0.8551763683907574,2.3214128736554835,0.7558723220054774
2857,1.4653860745575011,0.974965052833146,2.3214128736554835,0.8629882722584626
2858,1.2072103223997301,0.870029889254883,2.313747363584597,0.7558723220054778
2859,1.4539299588167047,0.9577099395247171,2.313747363584597,0.862988272258462
2860,1.2171382292067443,0.8850305540478034,2.3065479225334173,0.7558723220054787
2861,1.4418336220875154,0.9405025136077428,2.3065479225334173,0.8629882722584621
2862,1.2278343060644272,0.9001175125848099,2.299803131860409,0.7558723220054794
2863,1.4291240974935275,0.9234079180273963,2.299803131860409,0.8629882722584619
2864,1.2392400663315097,0.9152326772456498,2.2934990777440167,0.7558723220054805
2865,1.4158303899580604,0.9064946191985542,2.2934990777440167,0.8629882722584614
2866,1.2512949745053197,0.9303207292696221,2.287619999646419,0.7558723220054809
2867,1.4019835268603762,0.8898343884100053,2.287619999646419,0.8629882722584613
2868,1.2639370125282872,0.9453290927255913,2.282148955359232,0.7558723220054816
2869,1.3876166118011626,0.8735022209209269,2.282148955359232,0.8629882722584614
2870,1.2771032068631623,0.9602078845526565,2.277068489115799,0.7558723220054822
2871,1.372764881138512,0.8575761758928302,2.277068489115799,0.8629882722584615
2872,1.2907301109693063,0.974909847623153,2.2723612894076415,0.7558723220054826
2873,1.3574657627953517,0.8421371184530886,2.2723612894076415,0.8629882722584615
2874,1.3047542400645296,0.9680148865962972,2.268010823573767,0.755872322005483
2875,1.341758936638455,0.8272683439978263,2.268010823573767,0.8629882722584618
2876,1.3191124570171804,0.9603854644197308,2.2640019369024493,0.7558723220054833
2877,1.3256863954807252,0.8130550647515741,2.2640019369024493,0.8629882722584621
2878,1.3337423098391603,0.9537464080050809,2.2603214048545066,0.7558723220054839
2879,1.309292505454836,0.7995837401322909,2.2603214048545066,0.8629882722584621
2880,1.3485823225316977,0.9481430368673751,2.2569584280441233,0.7558723220054844
2881,1.2926240641399025,0.7869412361884479,2.2569584280441233,0.862988272258462
2882,1.3635722419860232,0.9436144585718319,2.2539050607604554,0.7558723220054846
2883,1.2757303543861838,0.7752138058065856,2.2539050607604554,0.8629882722584623
2884,1.3786532442913184,0.9401928701499188,2.251156565048916,0.7558723220054856
2885,1.258663191269715,0.7644858908990759,2.251156565048916,0.8629882722584626
2886,1.3937681041931482,0.9379029568494868,2.248711683670727,0.7558723220054859
2887,1.2414769590150843,0.7548387604195584,2.248711683670727,0.8629882722584625
2888,1.408861331622039,0.9367614149391118,2.2465728266062417,0.7558723220054864
2889,1.2242286340499395,0.7463490133735443,2.2465728266062417,0.862988272258463
2890,1.4238792792187873,0.9367766208730626,2.2447461671524076,0.7558723220054869
2891,1.206977789604521,0.739086992917272,2.2447461671524076,0.8629882722584632
2892,1.438770224662385,0.9379484628385075,2.243241645084548,0.7558723220054872
2893,1.1897865764568927,0.7331151744084922,2.243241645084548,0.8629882722584634
2894,1.4534844313951603,0.9402683430150303,2.24207287580899,0.7558723220054875
2895,1.1727196735742487,0.728486604548405,2.24207287580899,0.8629882722584639
2896,1.4679741910692177,0.9437193504339554,2.2412569659298227,0.755872322005488
2897,1.1558442015517285,0.7252434779164052,2.2412569659298227,0.8629882722584642
2898,1.4821938507340504,0.9482765958926537,2.240814237193773,0.7558723220054882
2899,1.1392295909598786,0.7234159388413419,2.240814237193773,0.8629882722584642
2900,1.496099827467196,0.9539076927166825,2.2407678623621834,0.7558723220054883
2901,1.122947397058827,0.7230211890685493,2.2407678623621834,0.8629882722584648
2902,1.5096506128330103,0.960573360921998,2.2411434181829937,0.7558723220054887
2903,1.1070710519236748,0.7240629648017642,2.2411434181829937,0.8629882722584649
2904,1.5228067692497198,0.9682281279690098,2.2419683622846445,0.7558723220054889
2905,1.0916755449774749,0.7265314217872081,2.2419683622846445,0.862988272258465
2906,1.5355309200590526,0.9768210970372694,2.2432714424640783,0.7558723220054893
2907,1.0768370233920592,0.7304034370735555,2.2432714424640783,0.8629882722584649
2908,1.5477877348303104,0.9862967535554795,2.2450820484574683,0.7558723220054893
2909,1.0626323049516964,0.7356433048812292,2.2450820484574683,0.8629882722584654
2910,1.559543911193957,0.9965957823561507,2.2474295178184716,0.7558723220054894
2911,1.0491382979367427,0.7422037758461493,2.2474295178184716,0.862988272258466
2912,1.5707681542892462,1.0076558708973564,2.250342408928439,0.7558723220054896
2913,1.036431325506427,0.7500273673362804,2.250342408928439,0.8629882722584661
2914,1.5814311547256152,1.019412478038638,2.2538477553620315,0.75587232200549
2915,1.0245863560205668,0.759047859825505,2.2538477553620315,0.8629882722584664
2916,1.5915055657972046,1.0317995524002765,2.2579703167625196,0.7558723220054898
2917,1.0136761457298187,0.7691918910619667,2.2579703167625196,0.8629882722584669
2918,1.6009659805521737,1.044750188950086,2.2627318419771427,0.75587232200549
2919,1.0037703061498189,0.7803805650601806,2.2627318419771427,0.8629882722584672
2920,1.609788909201437,1.0581972168099727,2.2681503604047846,0.7558723220054903
2921,0.9949343149294029,0.7925310047368281,2.2681503604047846,0.8629882722584673
2922,1.6179527572529222,1.0720737151172262,2.274239517269185,0.7558723220054899
2923,0.9872284956729748,0.8055577927270612,2.274239517269185,0.862988272258467
2924,1.6254378046752973,1.0863134569744386,2.281007967822817,0.7558723220054903
2925,0.9807069983723962,0.8193742620182173,2.281007967822817,0.8629882722584673
2926,1.6322261863273317,1.1008512840256106,2.288458844304469,0.7558723220054907
2927,0.9754168171251606,0.8338936144171625,2.288458844304469,0.8629882722584676
2928,1.6383018738336876,1.0868330948113138,2.296589307838514,0.7558723220054907
2929,0.9713968849161189,0.8490298590715,2.296589307838514,0.862988272258468
2930,1.6436506590432824,1.0717601927048739,2.3053901954237688,0.7558723220054906
2931,0.9686772857572046,0.8646985745152624,2.3053901954237688,0.8629882722584681
2932,1.6482601391707872,1.0566467143135403,2.3148457697879334,0.7558723220054904
2933,0.967278621960947,0.8808175058041703,2.3148457697879334,0.8629882722584677
2934,1.6521197036939397,1.0415473826112875,2.324933577274039,0.7558723220054905
2935,0.9672115686393842,0.8973070134559984,2.324933577274039,0.8629882722584682
2936,1.6552205230578556,1.0265192718436897,2.3356244161873883,0.7558723220054904
2937,0.9684766389347923,0.9140903935742002,2.3356244161873883,0.8629882722584681
2938,1.6575555392213588,1.0116217487270418,2.3468824152815277,0.7558723220054901
2939,0.9710641726666406,0.9310940892644232,2.3468824152815277,0.8629882722584686
2940,1.6591194580684294,0.9969163758881263,2.3586652194153164,0.7558723220054903
2941,0.9749545490133152,0.9482478128079441,2.3586652194153164,0.8629882722584684
2942,1.6599087436994096,0.9824667697758696,2.3709242769761985,0.75587232200549
2943,0.9801186117199919,0.9654845965223013,2.3709242769761985,0.8629882722584689
2944,1.6599216146107427,0.9683384047275724,2.38360522152726,0.75587232200549
2945,0.9865182843276122,0.9827407882125772,2.38360522152726,0.8629882722584686
2946,1.659158041768075,0.9545983546053937,2.3966483383656607,0.7558723220054898
2947,0.9941073440714723,0.9999560048928187,2.3966483383656607,0.8629882722584692
2948,1.6576197485748392,0.9413149635668188,2.4099891053209683,0.7558723220054899
2949,1.0028323171032367,1.0170730562415715,2.4099891053209683,0.8629882722584693
2950,1.6553102127363568,0.9285574382473585,2.423558796191461,0.7558723220054898
2951,1.012633454852895,1.0340378471792826,2.423558796191461,0.8629882722584691
2952,1.6522346700174084,0.9163953550728057,2.437285134707998,0.7558723220054903
2953,1.0234457515749806,1.050799267091724,2.437285134707998,0.8629882722584694
2954,1.6484001198885532,0.904898078728911,2.4510929868008082,0.7558723220054899
2955,1.0351999659915623,1.067309071604626,2.4510929868008082,0.8629882722584697
2956,1.6438153330525775,0.8941340911082198,2.464905079180038,0.7558723220054896
2957,1.0478236148060767,1.0835217614444286,2.464905079180038,0.8629882722584699
2958,1.6384908608366713,0.8841702343672165,2.4786427327699885,0.7558723220054895
2959,1.0612419119730856,1.099394461785314,2.4786427327699885,0.8629882722584696
2960,1.6324390464275473,0.8750708769961105,2.4922266002972107,0.7558723220054894
2961,1.075378634243073,1.114886804560617,2.4922266002972107,0.8629882722584693
2962,1.6256740379149628,0.866897017822644,2.505577398259864,0.7558723220054896
2963,1.09015690003514,1.129960815480294,2.505577398259864,0.8629882722584695
2964,1.6182118030930601,0.8597053492711335,2.51861662453849,0.7558723220054896
2965,1.105499854653153,1.1445808069176067,2.51861662453849,0.8629882722584697
2966,1.6100701459476603,0.8535473074445811,2.531267253990741,0.7558723220054892
2967,1.1213312599491934,1.1587132773811184,2.531267253990741,0.8629882722584693
2968,1.6012687247299824,0.8484681420218143,2.543454405456514,0.7558723220054892
2969,1.1375759906045144,1.1723268179486863,2.543454405456514,0.8629882722584692
2970,1.591829071481972,0.8445060428253885,2.5551059746464775,0.755872322005489
2971,1.1541604422222347,1.185392025787476,2.5551059746464775,0.8629882722584694
2972,1.5817746128340724,0.8416913615146302,2.5661532283661628,0.755872322005489
2973,1.171012858479374,1.1978814247004625,2.5661532283661628,0.8629882722584692
2974,1.571130691841309,0.8400459656439188,2.5765313564190793,0.7558723220054889
2975,1.188063585796871,1.2097693925105693,2.5765313564190793,0.8629882722584694
2976,1.5599245905561976,0.8395827580314749,2.586179978322814,0.7558723220054887
2977,1.2052452645102918,1.2210320950064646,2.586179978322814,0.862988272258469
2978,1.5481855529553528,0.8403053871134423,2.595043602656299,0.7558723220054889
2979,1.2224929655203802,1.231647426119252,2.595043602656299,0.8629882722584692
2980,1.5359448077387226,0.8422081642232905,2.6030720374343432,0.7558723220054887
2981,1.239744281019716,1.2415949539690416,2.6030720374343432,0.8629882722584689
2982,1.5232355904039723,0.8452761924125586,2.6102207503817576,0.7558723220054885
2983,1.2569393772577204,1.2508558724084737,2.6102207503817576,0.8629882722584694
2984,1.5100931638615778,0.8494856996366414,2.616451178361822,0.7558723220054885
2985,1.2740210165258332,1.2594129576918585,2.616451178361822,0.8629882722584692
2986,1.4965548366966022,0.8548045580635271,2.6217309855125333,0.7558723220054884
2987,1.2909345546987105,1.267250529909926,2.6217309855125333,0.8629882722584694
2988,1.4826599779991547,0.861192962004543,2.62603426987072,0.7558723220054883
2989,1.307627919815094,1.274354418848431,2.62603426987072,0.8629882722584692
2990,1.468450027475866,0.8673044219545937,2.629341718430931,0.7558723220054882
2991,1.324051576364268,1.2807119339517938,2.629341718430931,0.8629882722584689
2992,1.4539684993187736,0.8524845592234922,2.631640710705715,0.7558723220054882
2993,1.3401584791866967,1.2863118380990215,2.631640710705715,0.862988272258469
2994,1.4392609780464136,0.8378872991909143,2.6329253709389935,0.7558723220054879
2995,1.3559040202148358,1.291144324927137,2.6329253709389935,0.8629882722584694
2996,1.4243751042467665,0.8235792787481111,2.633196569187044,0.7558723220054878
2997,1.3712459706782483,1.295200999466391,2.633196569187044,0.862988272258469
2998,1.4093605478473283,0.8096295386283628,2.6324618715340944,0.7558723220054879
2999,1.3861444208760632,1.2984748618810675,2.6324618715340944,0.8629882722584686
3000,1.3942689662210161,0.7961092578225188,2.630735439763215,0.7558723220054879
3001,1.4005617191757358,1.3009602941393217,2.630735439763215,0.8629882722584685
3002,1.3791539441184615,0.7830913904002875,2.628037880869315,0.7558723220054879
3003,1.4144624115238953,1.3026530494649904,2.628037880869315,0.8629882722584685
3004,1.3640709121122645,0.7706501908191109,2.6243960468903205,0.7558723220054879
3005,1.4278131824454987,1.3035502444535192,2.6243960468903205,0.8629882722584683
3006,1.3490770399667869,0.7588606156364449,2.619842785655438,0.7558723220054879
3007,1.4405827982538726,1.3036503537630908,2.619842785655438,0.8629882722584684
3008,1.3342311011333357,0.7477975930158997,2.6144166432157054,0.7558723220054878
3009,1.4527420529889365,1.302953207320668,2.6144166432157054,0.8629882722584681
3010,1.3195933044463288,0.737535156829999,2.6081615189409906,0.7558723220054882
3011,1.464263717436843,1.3014599900110908,2.6081615189409906,0.862988272258468
3012,1.3052250890980803,0.7281454496678438,2.6011262745477337,0.7558723220054878
3013,1.4751224914549947,1.2991732438456876,2.6011262745477337,0.8629882722584685
3014,1.2911888791399528,0.7196976085695451,2.593364298670152,0.7558723220054879
3015,1.4852949597260998,1.2960968726351283,2.593364298670152,0.8629882722584682
3016,1.2775477941406514,0.7122565584072481,2.5849330290099246,0.7558723220054879
3017,1.494759550988616,1.2922361492196637,2.5849330290099246,0.8629882722584682
3018,1.264365313273359,0.7058817496838029,2.5758934345988656,0.7558723220054877
3019,1.5034965007342975,1.2875977253384436,2.5758934345988656,0.862988272258468
3020,1.2517048910432085,0.7006258888815119,2.5663094612862274,0.7558723220054878
3021,1.5114878173228858,1.2821896442484846,2.5663094612862274,0.8629882722584684
3022,1.2396295241364697,0.6965337188022402,2.5562474442138243,0.755872322005488
3023,1.5187172514362826,1.2760213562329754,2.5562474442138243,0.8629882722584682
3024,1.228201270487348,0.6936409119210871,2.5457754917607285,0.7558723220054877
3025,1.5251702687771567,1.269103737168067,2.5457754917607285,0.8629882722584682
3026,1.217480723607961,0.6919731401467814,2.5349628462121543,0.7558723220054877
3027,1.530834025907856,1.2614491103468821,2.5349628462121543,0.862988272258468
3028,1.2075264474705496,0.6915453786051766,2.523879227216352,0.7558723220054878
3029,1.5356973491229118,1.2530712717890886,2.523879227216352,0.862988272258468
3030,1.1983943796891752,0.6923614890493013,2.5125941649146024,0.7558723220054877
3031,1.539750716250984,1.2439855192935863,2.5125941649146024,0.8629882722584677
3032,1.1901372133007442,0.6944141111705534,2.5011763304329384,0.7558723220054878
3033,1.5429862412886475,1.2342086855201815,2.5011763304329384,0.8629882722584674
3034,1.1828037699317884,0.6976848693075183,2.489692872174421,0.7558723220054876
3035,1.545397661778041,1.2237591754127568,2.489692872174421,0.8629882722584675
3036,1.1764383793647362,0.7021448803375745,2.4782087670077817,0.7558723220054878
3037,1.5469803288523767,1.2126570083003125,2.4782087670077817,0.8629882722584681
3038,1.171080282272989,0.7077555285880918,2.466786195969073,0.755872322005488
3039,1.5477311998870193,1.200923865031851,2.466786195969073,0.8629882722584677
3040,1.1667630739667532,0.7144694577761155,2.4554839544339027,0.7558723220054878
3041,1.54764883370884,1.1885831405143836,2.4554839544339027,0.862988272258468
3042,1.1635142071964701,0.7222317198703719,2.444356906836939,0.7558723220054882
3043,1.546733388332423,1.1756600020277,2.444356906836939,0.862988272258468
3044,1.1613545712663425,0.7309810169676287,2.433455495875574,0.7558723220054878
3045,1.5449866212081043,1.1621814536814166,2.433455495875574,0.8629882722584681
3046,1.1602981628632747,0.740650974407304,2.4228253157068598,0.755872322005488
3047,1.5424118919834995,1.1481764073546978,2.4228253157068598,0.8629882722584681
3048,1.1603518611480395,0.7511713902689494,2.4125067579131114,0.7558723220054879
3049,1.5390141677968034,1.133675760411095,2.4125067579131114,0.8629882722584682
3050,1.1615153159281217,0.762469416527297,2.402534737967743,0.7558723220054879
3051,1.534800031136477,1.1187124804027657,2.402534737967743,0.862988272258468
3052,1.163780953370995,0.7744706388098417,2.392938508590421,0.7558723220054879
3053,1.5297776903176616,1.10332169686067,2.392938508590421,0.862988272258468
3054,1.1671340990288426,0.7871000334328146,2.3837415647674347,0.7558723220054878
3055,1.52395699264044,1.0875408000986693,2.3837415647674347,0.8629882722584676
3056,1.1715532132749389,0.8002827910636582,2.3749616433734544,0.7558723220054876
3057,1.5173494403084582,1.0714095467256959,2.3749616433734544,0.862988272258468
3058,1.1770102299399265,0.8139450052721582,2.3666108183229007,0.7558723220054876
3059,1.5099682091980076,1.0549701712443629,2.3666108183229007,0.8629882722584677
3060,1.18347098528394,0.8280142310797457,2.3586956900728224,0.7558723220054878
3061,1.5018281705767256,1.0382675026965,2.3586956900728224,0.862988272258468
3062,1.190895721675138,0.8424199233981841,2.351217666171312,0.7558723220054879
3063,1.4929459158769227,1.0213490847729492,2.351217666171312,0.8629882722584685
3064,1.199239648599575,0.8570937681748202,2.3441733274753687,0.7558723220054885
3065,1.4833397846301817,1.0042652971108035,2.3441733274753687,0.8629882722584682
3066,1.208453542933339,0.8719699204549805,2.3375548727262427,0.7558723220054883
3067,1.4730298956661425,0.9870694746284182,2.3375548727262427,0.8629882722584679
3068,1.2184843707034128,0.8869851637931396,2.3313506324373403,0.755872322005488
3069,1.462038181667782,0.969818020669564,2.3313506324373403,0.8629882722584681
3070,1.229275913711082,0.9020790048377263,2.3255456415767823,0.7558723220054882
3071,1.4503884271562872,0.9525705084187035,2.3255456415767823,0.8629882722584681
3072,1.240769386202285,0.917193715778255,2.3201222593553394,0.7558723220054884
3073,1.4381063099485447,0.935389763493271,2.3201222593553394,0.8629882722584685
3074,1.2529040290307825,0.9322743359172028,2.315060823585885,0.7558723220054879
3075,1.4252194460867222,0.9183419188149818,2.315060823585885,0.8629882722584683
3076,1.2656176712609883,0.9472686420918008,2.310340326570494,0.7558723220054882
3077,1.411757438179188,0.9014964308343304,2.310340326570494,0.8629882722584682
3078,1.2788472517071543,0.9621270961478036,2.3059390992875994,0.7558723220054882
3079,1.3977519270113314,0.8849260439921514,2.3059390992875994,0.8629882722584684
3080,1.292529295347641,0.9754205345619714,2.301835490772148,0.7558723220054882
3081,1.3832366461792531,0.8687066880641703,2.301835490772148,0.8629882722584683
3082,1.3066003417709142,0.9669704289085402,2.2980085299733535,0.7558723220054883
3083,1.3682474793636028,0.8529172909340915,2.2980085299733535,0.8629882722584682
3084,1.3209973247284117,0.9594667928080877,2.294438557997671,0.7558723220054883
3085,1.3528225196891857,0.837639487650001,2.294438557997671,0.8629882722584684
3086,1.335657903450617,0.9529597290681922,2.291107819455298,0.755872322005488
3087,1.3370021304016955,0.8229572057076936,2.291107819455298,0.8629882722584682
3088,1.3505207476197016,0.9474937930710752,2.2880010025839357,0.755872322005488
3089,1.3208290058288406,0.808956106839926,2.2880010025839357,0.8629882722584685
3090,1.3655257788014157,0.9431072330906105,2.2851057188837087,0.755872322005488
3091,1.3043482312716055,0.7957228677146483,2.2851057188837087,0.8629882722584681
3092,1.3806143717530461,0.9398313027300952,2.2824129141281824,0.7558723220054882
3093,1.2876073400847494,0.7833442864220497,2.2824129141281824,0.862988272258468
3094,1.3957295193846935,0.9376896743385418,2.2799172037916002,0.7558723220054884
3095,1.2706563657467802,0.7719062089532158,2.2799172037916002,0.8629882722584681
3096,1.4108159653030679,0.9366979796688046,2.277617127133656,0.7558723220054883
3097,1.2535478861827714,0.7614922803309432,2.277617127133656,0.8629882722584681
3098,1.4258203078550946,0.9368634993662797,2.2755153154002516,0.7558723220054883
3099,1.2363370569854286,0.7521825385638299,2.2755153154002516,0.8629882722584679
3100,1.4406910794541739,0.938185016378567,2.2736185708294543,0.7558723220054883
3101,1.2190816294817275,0.7440518855373758,2.2736185708294543,0.8629882722584681
3102,1.4553788047513316,0.9406528405472006,2.2719378544001727,0.7558723220054882
3103,1.2018419488217296,0.7371684860493196,2.2719378544001727,0.8629882722584676
3104,1.4698360409372868,0.9442490031572446,2.2704881815351956,0.7558723220054879
3105,1.184680926439168,0.7315921624880675,2.2704881815351956,0.862988272258468
3106,1.4840174031544437,0.9489476118465442,2.2692884262805855,0.7558723220054878
3107,1.16766398037865,0.7273728656790088,2.2692884262805855,0.8629882722584681
3108,1.4978795776792255,0.9547153487652388,2.2683610358399293,0.7558723220054882
3109,1.1508589361459733,0.7245493095704869,2.2683610358399293,0.8629882722584676
3110,1.5113813252193955,0.961512088858489,2.267731658751433,0.755872322005488
3111,1.1343358799794132,0.7231478564680122,2.267731658751433,0.8629882722584675
3112,1.5244834763682298,0.9692916110502539,2.2674286914593327,0.755872322005488
3113,1.118166955846396,0.7231817291958439,2.2674286914593327,0.8629882722584681
3114,1.5371489209743845,0.9780023731180928,2.2674827495414336,0.755872322005488
3115,1.1024260971511737,0.7246506070714985,2.2674827495414336,0.8629882722584679
3116,1.5493425929271138,0.9875883211096874,2.267926071394464,0.7558723220054882
3117,1.0871886842275817,0.7275406357746618,2.267926071394464,0.8629882722584682
3118,1.5610314516231074,0.9979897059975263,2.2687918637195503,0.7558723220054885
3119,1.0725311193380354,0.7318248503684726,2.2687918637195503,0.8629882722584676
3120,1.5721844611740454,1.0091438834946014,2.2701135996507906,0.7558723220054883
3121,1.0585303122656213,0.7374639800080178,2.2701135996507906,0.8629882722584675
3122,1.5827725682324438,1.0209860770893358,2.2719242817786993,0.755872322005488
3123,1.0452630718225082,0.7444075763469099,2.2719242817786993,0.8629882722584676
3124,1.5927686791560325,1.0334500889320253,2.2742556835760053,0.7558723220054883
3125,1.0328054018246684,0.7525953885623422,2.2742556835760053,0.8629882722584677
3126,1.6021476370960281,1.0464689478024893,2.27713758376853,0.755872322005488
3127,1.021231704356407,0.7619588980391768,2.27713758376853,0.8629882722584679
3128,1.6108861994801371,1.0599754876823793,2.280597008939609,0.7558723220054883
3129,1.0106138984256137,0.7724229252106948,2.280597008939609,0.8629882722584674
3130,1.6189630162648436,1.073902854220569,2.284657500047332,0.7558723220054883
3131,1.0010204682155441,0.7839072285330516,2.284657500047332,0.8629882722584675
3132,1.626358609251369,1.088184939489986,2.2893384185139682,0.7558723220054883
3133,0.9925154617350839,0.7963280288096741,2.2893384185139682,0.8629882722584675
3134,1.6330553526936078,1.0998757720890466,2.294654307075983,0.7558723220054883
3135,0.9851574672537161,0.8095994084636378,2.294654307075983,0.8629882722584674
3136,1.6390374553724865,1.0848808571976327,2.300614319641588,0.7558723220054885
3137,0.9789986008310646,0.8236345524341961,2.300614319641588,0.8629882722584676
3138,1.6442909442677702,1.069799681666633,2.3072217329961426,0.7558723220054882
3139,0.9740835427761283,0.8383468132249732,2.3072217329961426,0.8629882722584674
3140,1.648803649923873,1.0546848986059252,2.3144735513560994,0.755872322005488
3141,0.9704486632636734,0.8536505960071347,2.3144735513560994,0.8629882722584679
3142,1.652565193579209,1.0395915383480414,2.3223602125585274,0.7558723220054882
3143,0.9681212769817387,0.8694620699891366,2.3223602125585274,0.8629882722584675
3144,1.6555669761079062,1.0245769767414898,2.330865402168368,0.7558723220054882
3145,0.9671190632181315,0.8856997194447946,2.330865402168368,0.8629882722584675
3146,1.657802168807127,1.0097008718634453,2.3399659790912435,0.755872322005488
3147,0.9674496811981435,0.9022847521452225,2.3399659790912435,0.862988272258468
3148,1.6592657060518192,0.9950250620026911,2.34963201350966,0.7558723220054882
3149,0.9691106011470245,0.9191413849671575,2.34963201350966,0.8629882722584677
3150,1.659954279830652,0.9806134170610898,2.359826935232376,0.7558723220054879
3151,0.9720891602421403,0.9361970267151187,2.359826935232376,0.8629882722584677
3152,1.6598663361712973,0.9665316350030999,2.3705077879736747,0.7558723220054878
3153,0.9763628404077553,0.9533823772371488,2.3705077879736747,0.8629882722584677
3154,1.6590020734594868,0.9528469747617005,2.381625582761769,0.755872322005488
3155,0.9818997529951947,0.9706314601963076,2.381625582761769,0.8629882722584676
3156,1.6573634426536639,0.939627917221863,2.3931257416952745,0.7558723220054877
3157,0.9886593049413012,0.9878816047478428,2.3931257416952745,0.8629882722584673
3158,1.6549541493950135,0.9269437467023443,2.404948621681623,0.755872322005488
3159,0.9965930129457722,1.005073389132729,2.404948621681623,0.8629882722584676
3160,1.6517796580105197,0.9148640469009853,2.417030106633881,0.7558723220054879
3161,1.0056454271415174,1.022150557013532,2.417030106633881,0.8629882722584677
3162,1.6478471974039053,0.903458107701529,2.4293022558793393,0.7558723220054882
3163,1.0157551238354312,1.0390599153602271,2.4293022558793393,0.862988272258468
3164,1.6431657688252057,0.8927942426640519,2.441693996227713,0.755872322005488
3165,1.0268557279690702,1.055751220901113,2.441693996227713,0.8629882722584681
3166,1.6377461555036497,0.8829390214649645,2.454131845222377,0.7558723220054882
3167,1.0388769294858753,1.072177060609674,2.454131845222377,0.862988272258468
3168,1.6316009341197495,0.8739564269339684,2.466540653503534,0.7558723220054883
3169,1.0517454631048013,1.0882927304001744,2.466540653503534,0.8629882722584683
3170,1.6247444880802298,0.8659069524282887,2.47884435488678,0.7558723220054883
3171,1.0653860273398925,1.1040561151360815,2.47884435488678,0.8629882722584681
3172,1.6171930225427766,0.8588466616979319,2.490966713639125,0.7558723220054883
3173,1.0797221252683955,1.119427572191648,2.490966713639125,0.8629882722584686
3174,1.6089645811155324,0.8528262395756502,2.502832059452454,0.7558723220054883
3175,1.0946768159551625,1.1343698201205237,2.502832059452454,0.8629882722584686
3176,1.6000790641276874,0.8478900670890095,2.5143660017109575,0.7558723220054885
3177,1.1101733711672825,1.1488478334486056,2.5143660017109575,0.8629882722584682
3178,1.5905582483311396,0.8440753581994781,2.5254961157706455,0.7558723220054885
3179,1.12613583680547,1.1628287441957519,2.5254961157706455,0.8629882722584683
3180,1.5804258078475606,0.8414113966331158,2.5361525950705075,0.7558723220054883
3181,1.1424895022314914,1.1762817504194694,2.5361525950705075,0.8629882722584682
3182,1.5697073361187264,0.8399189096612508,2.5462688639407984,0.7558723220054885
3183,1.1591612833947906,1.1891780318433642,2.5462688639407984,0.8629882722584683
3184,1.5584303685488838,0.8396096109939216,2.5557821469380877,0.7558723220054882
3185,1.1760800274484584,1.2014906724671723,2.5557821469380877,0.8629882722584683
3186,1.5466244054442788,0.8404859373211708,2.5646339914020886,0.7558723220054885
3187,1.1931767475340511,1.2131945899396015,2.5646339914020886,0.8629882722584684
3188,1.5343209347547488,0.8425409930401137,2.5727707406865834,0.7558723220054883
3189,1.2103847967650958,1.224266471398685,2.5727707406865834,0.8629882722584684
3190,0.7889241435146516,0.5855440554199645,1.8804256042303886,0.0
3191,1.9439981335327783,0.5603997609113064,1.8804256042303886,0.0
3192,0.7881487079113432,0.5865511107918508,1.8802787641314416,0.07719810805827435
3193,1.9430809322362717,0.5593501207870166,1.8802787641314416,0.07897125228243318
3194,0.7872102909367937,0.5885567968917796,1.8814062293626626,0.12065825942934381
3195,1.9418256603673258,0.5573459586884297,1.8814062293626626,0.12616118757147207
3196,0.7863195514607966,0.5913919141033275,1.8841183303400617,0.16677241880614552
3197,1.9405776795784568,0.5546629977878206,1.8841183303400617,0.175872645999123
3198,0.7854320642886438,0.5950530893397424,1.8884091459830983,0.21289685539273026
3199,1.9394240805205267,0.5513997225770778,1.8884091459830983,0.22542830745950795
3200,0.7844982943980853,0.5995406262685957,1.8942568404174513,0.2578999125173731
3201,1.938440134481796,0.5476512121231644,1.8942568404174513,0.273749925294923
3202,0.783473439869577,0.604851760461969,1.9016357700357787,0.30137019363805245
3203,1.9376989450176851,0.543516582028303,1.9016357700357787,0.32045072771673205
3204,0.7823174686193164,0.6109799877290221,1.9105166519140016,0.3431430716075609
3205,1.9372714161332225,0.5390992744350399,1.9105166519140016,0.3653775623319889
3206,0.7809947609951495,0.617914757333,1.920866239955168,0.38315298877877063
3207,1.937225823068534,0.5345069436690639,1.920866239955168,0.40847053286348106
3208,0.7794737475500438,0.6256413142900269,1.9326469961829824,0.4213801851951914
3209,1.9376273692143082,0.5298511922212125,1.9326469961829824,0.4497128028248503
3210,0.7777265620007424,0.6341406744123864,1.9458167905165753,0.4578284794628635
3211,1.9385377501568488,0.5252471306071647,1.9458167905165753,0.48910977238644837
3212,0.7757287130139006,0.6433897183092275,1.9603286423867665,0.4925148963171714
3213,1.9400147316535894,0.5208127217117711,1.9603286423867665,0.5266793876516791
3214,0.7734587766994582,0.6533613870921378,1.9761305150128805,0.5254643789861285
3215,1.9421117481363281,0.5166678721745258,1.9761305150128805,0.5624472058458357
3216,0.7708981107557521,0.6640249602482763,1.9931651710000065,0.556706895376417
3217,1.944877528503386,0.5129332408755025,1.9931651710000065,0.596443691735957
3218,0.7680305905108576,0.6753463952961042,2.0113700955691884,0.5862757579172599
3219,1.9483557559156384,0.5097287485917374,2.0113700955691884,0.6287026421675266
3220,0.7648423665824813,0.6872887092949882,2.0306774913044534,0.6142065972409655
3221,1.9525847680156856,0.5071717942585758,2.0306774913044534,0.6592602169654036
3222,0.7613216435011652,0.6998123837948567,2.0510143459176207,0.6405367064085822
3223,1.9575973034392264,0.5053752117548216,2.0510143459176207,0.6881543128261266
3224,0.7574584783799077,0.7128757770847407,2.0723025723061905,0.6653046043393301
3225,1.9634202996928374,0.5044450348552612,2.0723025723061905,0.7154241398319314
3226,0.753244598542879,0.7264355303189959,2.094459218200599,0.6885497337788581
3227,1.9700747464577886,0.5044781731053348,2.094459218200599,0.7411099222525028
3228,0.748673236925994,0.7404469569839709,2.1173967410282675,0.7103122445241816
3229,1.9775755971841178,0.5055601321968716,2.1173967410282675,0.7652526781637865
3230,0.7437389840156728,0.7548644079838033,2.141023342299623,0.7306328322108002
3231,1.9859317405138335,0.5077629323141221,2.141023342299623,0.7878940505750329
3232,0.7384376550853892,0.7696416072022201,2.1652433548567585,0.7495526142189223
3233,1.9951460316764908,0.5111433807838293,2.1652433548567585,0.8090761731681587
3234,0.7327661715116363,0.7833484053012303,2.1899576757075674,0.767113030932244
3235,2.0052153825986068,0.5157418375375706,2.1899576757075674,0.8288415599186822
3236,0.7267224549931459,0.7914994747755347,2.2150642368683395,0.7833557646603468
3237,2.0161309081246657,0.5215815737202105,2.2150642368683395,0.8472330116222625
3238,0.7203053335529472,0.79953970528357,2.2404585066146643,0.7983226710910293
3239,2.0278781245213673,0.5286687701740146,2.2404585066146643,0.8642935346952135
3240,0.7135144582671306,0.8074392387252586,2.266034013745666,0.8120557197774065
3241,2.0404371953791363,0.5369931421369294,2.266034013745666,0.8800662691135744
3242,0.7063502297332359,0.8151693934342766,2.2916828878485833,0.8245969412372597
3243,2.0537832191748073,0.5465291195558137,2.2916828878485833,0.8945944233288045
3244,0.6988137333622669,0.8227026288791486,2.317296409059521,0.835988378957468
3245,2.067886552141871,0.5572374680969197,2.317296409059521,0.907921214642391
3246,0.6909066826495192,0.8300125147976082,2.3427655614056495,0.8462720450814479
3247,2.0827131597202495,0.5690672100906212,2.3427655614056495,0.9200898139543275
3248,0.6826313696493732,0.8370737045082367,2.3679815844441117,0.8554898788913845
3249,2.0982249897227194,0.5819576987692321,2.3679815844441117,0.9311432940947632
3250,0.6739906219471172,0.8438619121029202,2.3928365185503737,0.8636837074298432
3251,2.1143803604436897,0.5958407107222278,2.3928365185503737,0.9411245811505534
3252,0.6649877654862578,0.8503538932014537,2.417223739827852,0.8708952077695575
3253,2.131134357222125,0.6106424453325136,2.417223739827852,0.9500764083390743
3254,0.6556265926724996,0.8565274289415724,2.4410384811927375,0.8771658705571249
3255,2.148439231420724,0.6262853499942274,2.4410384811927375,0.9580412720801024
3256,0.6459113352356685,0.8623613128804146,2.4641783367204724,0.8825369645403385
3257,2.166244796360705,0.6426897206564673,2.4641783367204724,0.9650613899860961
3258,0.6358466413885983,0.8678353404940913,2.4865437468163645,0.8870495018495738
3259,0.6254375568777785,0.8729303009784205,2.508038462189657,0.8907442038478264
3260,0.6146895095749939,0.8776279710741701,2.528569984968702,0.8936614673962837
3261,0.6036082973129552,0.8819111106629589,2.5480499855978787,0.8958413314061533
3262,0.5922000787219807,0.8857634599042362,2.5663946944092455,0.8973234435652255
3263,0.5804713668802427,0.889169737708694,2.583525266969203,0.898147027141238
3264,0.5684290256483647,0.8921156413685266,2.599368122468831,0.898350847774831
3265,0.5560802686220111,0.8945878471897387,2.613855254561902,0.8979731801838983
3266,0.5434326607057942,0.8965740119959822,2.6269245141626625,0.8970517747092565
3267,0.5304941223912727,0.8980627753970646,2.638519863801534,0.8956238236395802
3268,0.5172729369148085,0.8990437627382718,2.64859160320551,0.8937259272619902
3269,0.5037777605826619,0.8995075886690367,2.65709656582527,0.8913940595941684
3270,0.49001763668768983,0.8994458612913586,2.6639982860763114,0.8886635337647835
3271,0.47600201361354477,0.8988511868698845,2.6692671370994567,0.8855689670217896
3272,0.46174076794093893,0.8977171751068987,2.672880438879306,0.882144245363114
3273,0.44724423365373533,0.896038445006836,2.6748225365893408,0.8784224878016541
3274,0.4325232389147424,0.8938106313766132,2.6750848490609536,0.8744360102965627
3275,0.4175891523765829,0.8910303920303269,2.6736658873018113,0.8702162894056013
3276,0.40245394166119025,0.8876954157900374,2.6705712430176356,0.865793925738911
3277,0.387130247553621,0.8838044313987786,2.6658135471215445,0.8611986073227812
3278,0.37163147871624913,0.8793572174879912,2.6594123982472353,0.8564590730126435
3279,0.3559719334923818,0.8743546137697377,2.6513942613174226,0.8516030761272166
3280,0.34016695786531465,0.8687985336547395,2.6417923362578146,0.8466573485099548
3281,0.3242331522211444,0.8626919785310506,2.630646396990685,0.841647565258995
3282,0.308188644771821,0.8560390539756267,2.6180026008920017,0.8365983104018205
3283,0.7471366757647345,0.8488449882127609,2.603913268953658,0.8315330438248798
3284,0.7537460173488121,0.8411161531800976,2.5884366369595906,0.8264740698002174
3285,0.7597553016373954,0.8328600886154078,2.571636578063717,0.8214425074796026
3286,0.7651566552396739,0.8240855296363565,2.553582297251413,0.8164582637503219
3287,0.7699430521515681,0.8148024383519519,2.534347998277833,0.811540008864366
3288,0.7741083153507352,0.8050220401190856,2.514012523809286,0.8067051552628978
3289,0.7776471184503815,0.7947568651414018,2.4926589696519748,0.8019698400194105
3290,0.7805549874509873,0.7840207962013442,2.4703742741399033,0.7973489113167732
3291,0.7828283026373158,0.7728291234201737,2.4472487839746364,0.7928559193546428
3292,0.7844643006770037,0.7611986070550812,2.4233757980681583,0.788503112053964
3293,0.785461076986859,0.749147549466776,2.3988510912394783,0.7843014358843353
3294,0.7858175884438787,0.7366958775235658,2.373772419958791,0.7802605420881552
3295,0.7855336565302103,0.7238652368460153,2.3482390127207955,0.7763887985133736
3296,0.7846099710150289,0.7106790994345366,2.322351048060586,0.7726933071955608
3297,0.7830480942919534,0.697162886352371,2.296209123697637,0.7691799277513741
3298,0.7808504665084495,0.6833441072453412,2.269913720798998,0.7658533065613514
3299,0.778020411644126,0.6692525185480281,2.2435646678808343,0.7627169116325926
3300,0.7745621447183714,0.6549203022251983,2.217260609402267,0.759773072943674
3301,0.770480780334931,0.6403822667865361,2.1910984846261723,0.7570230279878296
3302,0.7657823428024854,0.6256760720346668,2.1651730228022315,0.7544669721484497
3303,0.7604737781067524,0.6108424784818205,2.139576261136739,0.7521041134658653
3304,0.7545629680520388,0.5959256214920502,2.1143970923160875,0.7499327312883552
3305,0.7480587469395207,0.5809733088318381,2.0897208485077567,0.7479502382451906
3306,0.7409709212070685,0.566037338259796,2.0656289287343945,0.7461532449367843
3307,0.7333102925225699,0.5511738288300361,2.0421984762649674,0.7445376267075776
3308,0.7250886849010888,0.5364435554578756,2.0195021121583236,0.7430985918516142
3309,0.7163189765077688,0.5219122707125424,1.9976077303033586,0.7418307505987669
3310,0.7070151369152783,0.5076509904892301,1.9765783582125365,0.740728184240757
3311,0.6971922707093614,0.4937362109978872,1.9564720864430853,0.739784513779464
3312,0.686866668481387,0.4802500134413956,1.9373420678619093,0.738992967514246
3313,0.6760558664157461,0.4672800003207691,1.9192365860749228,0.7383464470284868
3314,0.6647787158756558,0.454918994675118,1.9021991902676172,0.7378375910865346
3315,0.38823090207421873,0.45015729466968635,1.8225329486833168,0.7450608269963463
3316,0.37566534737253676,0.46229150629073357,1.832423712916703,0.7457839813398153
3317,0.3638032673076059,0.475081308365259,1.8436254294113088,0.7465039912526896
3318,0.35276414745410534,0.48843111053781696,1.8561190470044144,0.7472174453895262
3319,0.3426727732746424,0.5022501802695241,1.8698806569437305,0.7479212287269387
3320,0.33365661412308945,0.5164530841949235,1.8848811287388643,0.7486125152939699
3321,0.3258421200959537,0.5309598563969715,1.9010858011498837,0.7492887599252746
3322,0.31934993275892437,0.5456959674913824,1.9184542392809087,0.749947689180181
3323,0.31428920906720353,0.560592156446617,1.9369400662443983,0.7505872915606507
3324,0.3107515046451036,0.5755841743994019,1.956490875174373,0.7512058071512111
3325,2.16384300259233,0.7592913945265013,1.956490875174373,0.8568749156807126
3326,0.30880489863623667,0.5906124779675438,1.977048224640403,0.7518017167942345
3327,2.15849698091023,0.7469956263506342,1.977048224640403,0.8574288146803181
3328,0.30848918037058165,0.6056218994830754,1.9985477178853877,0.7523737309045387
3329,2.154253853047568,0.7356370930424677,1.9985477178853877,0.8579681641725013
3330,0.30981287557149806,0.6205613133959751,2.0209191638966946,0.7529207780182869
3331,2.151136114853419,0.7253024028568663,2.0209191638966946,0.8584914433843751
3332,0.31275263553781973,0.6353833117465727,2.044086816214531,0.7534419931625735
3333,2.1491606022250194,0.7160746465380252,2.044086816214531,0.8589973260304321
3334,0.31725509902647714,0.6500438968378095,2.0679696836465524,0.7539367061239876
3335,2.1483383201740063,0.7080317548443926,2.0679696836465524,0.8594846716627156
3336,0.32324088816253627,0.6645021957718082,2.0924819057267925,0.7544044296867932
3337,2.1486743306254903,0.7012447659380653,2.0924819057267925,0.8599525167920988
3338,0.3306100578663579,0.6787201990704578,2.1175331848348353,0.7548448479042247
3339,2.150167701718035,0.6957760779634243,2.1175331848348353,0.860400065846941
3340,0.33924817412747243,0.6926625239321731,2.1430292663584463,0.7552578044597225
3341,2.152811519865178,0.6916777781114757,2.1430292663584463,0.860826682029754
3342,0.3490322564942087,0.7062962015846009,2.1688724581013163,0.7556432911687317
3343,2.156592964272774,0.688990148598323,2.1688724581013163,0.8612318781271437
3344,0.3598360205319557,0.7195904875159836,2.1949621802560153,0.7560014366659494
3345,2.161493442054572,0.6877404494336677,2.1949621802560153,0.8616153073231746
3346,0.37153410652371105,0.7325166929838414,2.2211955376223265,0.756332495317588
3347,0.3840052064604954,0.745048036017143,2.2474679062928113,0.7566368363933352
3348,0.39713416253189665,0.7571595100804209,2.2736735276930355,0.7569149335281761
3349,0.4108131999528029,0.7688277686073446,2.2997061036012822,0.7571673545001
3350,0.42494248818796815,0.7800310237033726,2.3254593865374797,0.7573947513459133
3351,0.43943021746575706,0.7907489574388801,2.350827760667452,0.7575978508338801
3352,0.45419235027395427,0.800962644289842,2.37570680908941,0.7577774453087136
3353,0.469152173539547,0.8106544834223834,2.3999938640357676,0.7579343839214989
3354,0.4842397442970079,0.8198081396536969,2.4235885371231083,0.7580695642544361
3355,0.4993912936095725,0.8284084920510373,2.446393227310611,0.7581839243478201
3356,0.5145486314535087,0.8364415892506307,2.4683136046815823,0.7582784351344085
3357,0.5296585789108412,0.8438946106883888,2.4892590685463776,0.7583540932842486
3358,0.544672442433067,0.85075583303421,2.5091431786830327,0.7584119144611203
3359,0.5595455370829742,0.8570146012116664,2.52788405879094,0.7584529269900164
3360,0.5742367605637921,0.8626613034656873,2.5454047714402033,0.758478165933458
3361,0.5887082167060385,0.8676873500132316,2.5616336639624704,0.7584886675729701
3362,0.6029248852881715,0.8720851548767726,2.576504684855379,0.7584854642907194
3363,0.6168543341660019,0.875848120558553,2.5899576703690714,0.7584695798450286
3364,0.6304664693573793,0.8789706252659115,2.601938601015668,0.7584420250324143
3365,0.6437333187520009,0.881448012445306,2.612399827796468,0.7584037937277113
3366,0.6566288453427983,0.8832765824257782,2.621300267981604,0.7583558592929537
3367,0.6691287862080005,0.8844535860122373,2.6286055703066196,0.7582991713448134
3368,0.6812105138497921,0.8849772199057588,2.634288249473258,0.7582346528696549
3369,0.692852916878568,0.8848466238627668,2.6383277898599866,0.758163197674576
3370,0.7040362973990447,0.8840618795380719,2.640710718363601,0.7580856681622206
3371,0.7147422827941831,0.8826240109888953,2.6414306463081556,0.7580028934166175
3372,0.7249537499097269,0.8805349868487629,2.640488280372782,0.757915667586865
3373,0.7346547599149215,0.8777977242120832,2.637891402506788,0.7578247485550874
3374,0.7438305023547265,0.8744160943029046,2.633654818819675,0.7577308568748077
3375,0.7524672471179116,0.8703949300353426,2.627800277456396,0.7576346749656252
3376,0.7605523032267948,0.8657400356091121,2.620356355495276,0.7575368465499189
3377,0.7680739835111517,0.8604581983221128,2.6113583149386637,0.7574379763171959
3378,0.7750215743640708,0.8545572028237866,2.6008479279060825,0.7573386298016452
3379,0.7813853098941351,0.8480458480787302,2.588873271187955,0.7572393334584776
3380,0.7871563498888795,0.8409339673605833,2.575488490377099,0.7571405749246997
3381,0.7923267610913491,0.8332324516523723,2.560753533867525,0.7570428034500878
3382,0.7968895013668367,0.8249532768921539,2.544733857098608,0.7569464304843126
3383,0.8008384064023115,0.816109535572954,2.5275000975308637,0.7568518304063748
3384,0.8041681786382427,0.806715473284527,2.5091277209711724,0.7567593413827989
3385,0.8068743781828428,0.7967865308724013,2.489696640024718,0.7566692663413287
3386,0.8089534155034169,0.7863393929878092,2.46929080564257,0.7565818740472326
3387,0.8104025457295426,0.7753920439111439,2.447997772962502,0.7564974002697129
3388,0.8112198644391497,0.7639638316518584,2.425908242910807,0.7564160490263269
3389,0.8114043048320745,0.7520755414589545,2.4031155813484797,0.756337993893794
3390,0.8109556362270348,0.7397494800172487,2.379715317909492,0.7562633793740319
3391,0.8098744638479618,0.727009571752838,2.355804627093438,0.7561923223047567
3392,0.8081622298948378,0.7138814688219156,2.3314817946392665,0.7561249133045292
3393,0.8058212159232938,0.7003926765024581,2.30684567271789,0.7560612182426235
3394,0.8028545465868483,0.6865726958360038,2.281995128032321,0.7560012797246812
3395,0.7992661948264317,0.6724531854579954,2.257028487493592,0.7559451185856391
3396,0.7950609886244747,0.6580681445822971,2.232042986733045,0.7558927353819934
3397,0.7902446194760007,0.6434541190283578,2.2071342272950814,0.7558441118760283
3398,0.7848236527677193,0.6286504319412145,2.182395648902089,0.7557992125051841
3399,0.7788055402988872,0.6136994403757929,2.157918023662427,0.7557579858303147
3400,0.7721986352257241,0.5986468180895314,2.133788979465719,0.7557203659571249
3401,0.7650122097655732,0.5835418635666821,2.110092560036674,0.7556862739256236
3402,0.7572564760590413,0.5684378302958375,2.086908829157064,0.7556556190629647
3403,0.7489426106595682,0.5533922734035606,2.0643135263745185,0.755628300295556
3404,0.7400827832019226,0.5384674026295699,2.0423777810600017,0.7556042074168329
3405,0.7306901898959682,0.5237304259996041,2.021167890924923,0.7555832223075615
3406,0.7207790926018879,0.5092538611045336,2.0007451700470944,0.7555652201060273
3407,0.710364864370348,0.49511578140540985,1.9811658700807755,0.7555500703258881
3408,0.6994640424786023,0.48139995344656544,1.9624811766563712,0.7555376379199188
3409,0.6880943901641835,0.46819580768770597,1.9447372810461614,0.7555277842882661
3410,0.6762749684546672,0.45559817198568914,1.9279755250399613,0.755520368230224
3411,0.37991255366197996,0.4612473049571569,1.841247565381913,0.7556876526236954
3412,0.3679161327158327,0.4741341561648467,1.8506311574568848,0.7557012620380904
3413,0.35676183588062743,0.48758394336413274,1.8612539913841553,0.7557147170658627
3414,0.3465737105401172,0.501504224285009,1.8731021558664802,0.7557279622921232
3415,0.33747817486403514,0.51580810713891,1.8861570926903852,0.7557409474326507
3416,0.3296002858240135,0.5304143999862523,1.9003951657833134,0.755753627204858
3417,0.32305894968391524,0.5452475565740886,1.9157872863084178,0.7557659611834358
3418,0.31796128491050707,0.5602374834565548,1.9322986060980711,0.7557779136425202
3419,0.31439658871744997,0.575319259564247,1.9498882891862632,0.7557894533861804
3420,0.3124305847281151,0.5904328068697451,1.9685093684147004,0.7558005535689227
3421,0.3121007557072445,0.6055225401679214,1.988108691206906,0.7558111915078534
3422,2.1657590095676076,0.7596481841080404,1.988108691206906,0.8628854314691954
3423,0.3134135138776078,0.6205370154442794,2.008626955774004,0.7558213484880416
3424,2.160587434558839,0.7474659148966063,2.008626955774004,0.862894610471127
3425,0.3163437053076179,0.635428589716421,2.029998836365623,0.755831009562567
3426,2.1565318265595828,0.736251694023652,2.029998836365623,0.862903556902459
3427,0.32083653828824116,0.6501531003295025,2.0521531938172815,0.7558401633486227
3428,2.1536128647046384,0.7260908791203635,2.0521531938172815,0.8629122450607379
3429,0.32681159063211523,0.6646695681500211,2.0750133656511744,0.7558488018209916
3430,2.1518455158589913,0.7170648782676886,2.0750133656511744,0.8629206523975622
3431,0.33416822302878346,0.6789399266315392,2.0984975284091156,0.7558569201041092
3432,2.1512388799376936,0.7092494827526926,2.0984975284091156,0.8629287593922207
3433,0.3427915907305951,0.6929287770591397,2.1225191237527343,0.7558645162638483
3434,2.1517960949458006,0.7027131288298278,2.1225191237527343,0.8629365494201743
3435,0.352558508160374,0.7066031692028097,2.1469873391476857,0.7558715911000883
3436,2.153514304093884,0.6975151681597774,2.1469873391476857,0.8629440086174189
3437,0.36334261787801014,0.7199324059560986,2.171807633623698,0.7558781479410249
3438,2.1563846858109916,0.6937042409368086,2.171807633623698,0.8629511257416644
3439,0.3750185595809565,0.7328878701781183,2.1968822991222647,0.7558841924401297
3440,2.160392545904694,0.6913168524392613,2.1968822991222647,0.862957892031257
3441,0.38746505446703955,0.7454428718000207,2.2221110482495354,0.7558897323765545
3442,2.1655174695808266,0.6903762502719729,2.2221110482495354,0.8629643010626746
3443,0.40056697712162126,0.7575725132331222,2.2473916197798114,0.7558947774597284
3444,0.41421657449864807,0.7692535711761544,2.272620393941794,0.7558993391387984
3445,0.4283140222251831,0.7804643930297087,2.2976930103064594,0.7559034304175011
3446,0.4427675016950639,0.791184806263543,2.322504981930609,0.7559070656749883
3447,0.45749295502245135,0.8013960392314383,2.3469523002507295,0.7559102604930468
3448,0.47241364177318884,0.8110806520786646,2.3709320260342484,0.7559130314901017
3449,0.4874595891935775,0.8202224765325521,2.3943428624551357,0.7559153961623226
3450,0.502567000126758,0.8288065635035103,2.4170857070517213,0.7559173727320984
3451,0.5176776610893211,0.8368191375502242,2.4390641799375836,0.7559189800040841
3452,0.5327383768181249,0.844247557377977,2.4601851261681458,0.7559202372289777
3453,0.5477004461219718,0.8510802816431463,2.4803590906172555,0.7559211639751287
3454,0.562519186064533,0.8573068394303951,2.4995007640941247,0.7559217800080412
3455,0.5771535064185005,0.8629178048527315,2.517529399737998,0.7559221051777814
3456,0.5915655331844846,0.8679047752993099,2.534369198973617,0.7559221593142652
3457,0.6057202781576306,0.8722603529225963,2.5499496665032333,0.7559219621303706
3458,0.6195853506048463,0.8759781290162438,2.564205933958809,0.7559215331327684
3459,0.6331307067687714,0.8790526709886761,2.57707905194893,0.7559208915403498
3460,0.6463284329217543,0.8814795116858115,2.588516250315962,0.7559200562100914
3461,0.6591525579061286,0.8832551408604135,2.598471166476464,0.7559190455701865
3462,0.6715788914187937,0.88437699862599,2.606904041757289,0.7559178775602228
3463,0.6835848846663399,0.884843470770681,2.613781885665782,0.7559165695781966
3464,0.6951495103934533,0.8846538858418717,2.6190786080489734,0.7559151384341183
3465,0.7062531596496644,0.883808513945944,2.6227751191066933,0.7559136003099546
3466,0.716877552995542,0.8823085672402652,2.6248593972298515,0.7559119707256334
3467,0.7270056641536521,0.8801562021267821,2.625326524639726,0.7559102645108398
3468,0.7366216543805028,0.8773545231890322,2.62417869080881,0.7559084957823173
3469,0.7457108160741683,0.873907588947568,2.621425163650067,0.7559066779263746
3470,0.754259524340524,0.8698204195433479,2.6170822284707733,0.7559048235863044
3471,0.7622551954218724,0.8650990064951368,2.6111730947007885,0.755902944654419
3472,0.7696862510482334,0.8597503247161172,2.60372777042466,0.7559010522683934
3473,0.7765420879067062,0.8537823470173463,2.5947829047740236,0.7558991568116252
3474,0.7828130515409158,0.847204061372214,2.584381598273256,0.7558972679173102
3475,0.7884904140932252,0.8400254912674254,2.5725731812795796,0.7558953944759338
3476,0.7935663553894184,0.8322577195231189,2.559412960721568,0.7558935446459051
3477,0.7980339469410014,0.8239129160284275,2.5449619354203734,0.7558917258670289
3478,0.8018871385059163,0.8150043699100805,2.5292864803797883,0.7558899448765597
3479,0.8051207469058973,0.8055465267314461,2.512458000558609,0.7558882077275513
3480,0.8077304468492592,0.7955550314087139,2.4945525547963108,0.7558865198092534
3481,0.8097127635528343,0.7850467776305361,2.4756504507558073,0.755884885869297
3482,0.8110650669970692,0.7740399646780263,2.455835811980059,0.7558833100374304
3483,0.8117855676849349,0.7625541626638546,2.4351961184376627,0.7558817958505684
3484,0.811873313809072,0.7506103873418914,2.4138217222607037,0.7558803462789425
3485,0.8113281897632948,0.7382311857811678,2.39180534075986,0.7558789637531302
3486,0.8101509159648722,0.7254407343469859,2.3692415292390536,0.7558776501917756
3487,0.8083430499835741,0.7122649505828211,2.346226136624893,0.7558764070298042
3488,0.8059069890029605,0.698731620730872,2.322855747471879,0.7558752352469584
3489,0.8028459736694199,0.6848705447537217,2.2992271144961838,0.7558741353964928
3490,0.7991640934157105,0.6707137008048735,2.2754365864177455,0.7558731076338657
3491,0.7948662933788944,0.6562954311128386,2.251579536536168,0.7558721517452931
3492,0.7899583830683301,0.6416526511500104,2.2277497981084307,0.7558712671760309
3493,0.784447046978594,0.6268250836943573,2.2040391132078407,0.7558704530582648
3494,0.778339857385765,0.6118555188764165,2.1805366022901604,0.7558697082384941
3495,0.7716452896144121,0.5967901004236805,2.1573282621357053,0.7558690313043218
3496,0.7643727401180559,0.5816786369195223,2.134496500132903,0.7558684206105479
3497,0.7565325477791145,0.5665749347903607,2.1121197129750677,0.7558678743045
3498,0.7481360189069547,0.5515371466807658,2.090271917714931,0.7558673903505233
3499,0.7391954564963144,0.5366281245842687,2.0690224427217743,0.7558669665535757
3500,0.7297241944050824,0.521915761252256,2.048435685383051,0.7558666005818705
3501,0.7197366372224155,0.5074732957028973,2.028570942367007,0.7558662899885346
3502,0.7092483067279545,0.4933795488911878,2.0094823169111486,0.7558660322322354
3503,0.6982758959932471,0.4797190438120295,1.991218705937769,0.7558658246967609
3504,0.6868373323503483,0.46658195097738375,1.9738238678561124,0.7558656647095232
3505,0.6749518506529876,0.45406378657392577,1.9573365697454645,0.7558655495589823
3506,0.39105761819102813,0.45052044807936265,1.8485117785866958,0.7558686935705766
3507,0.3784210473813237,0.46283807359092644,1.8549245809598325,0.7558689538631629
3508,0.3665227680504557,0.4758036087008968,1.8625113339174013,0.7558692116817028
3509,0.3554825392190768,0.48932007062202054,1.871270454662551,0.7558694659290097
3510,0.3454248642119329,0.5032956745778931,1.8811970427932114,0.7558697156065141
3511,0.3364761964106545,0.5176442238663591,1.892282321892924,0.7558699598119487
3512,0.3287610678970558,0.53228522888138,1.904513104207718,0.7558701977367287
3513,0.3223971756521933,0.5471438315427876,1.9178712955598143,0.7558704286630552
3514,0.3174896646121228,0.5621505982453154,1.932333456134686,0.7558706519607862
3515,0.31412509013059814,0.577241230847516,1.9478704307093373,0.7558708670841001
3516,0.3123657607400797,0.5923562329015678,1.9644470593784784,0.7558710735679879
3517,0.3122452693915494,0.607440557949774,1.9820219770165666,0.7558712710246039
3518,0.31376594365209953,0.6224432584220985,2.000547506735394,0.7558714591395004
3519,0.31689866536784256,0.6373171473079824,2.019969649608791,0.7558716376677781
3520,2.1641607496774773,0.7559875212541995,2.019969649608791,0.8629865471842472
3521,0.32158509254548684,0.6520184800608168,2.0402281700789966,0.7558718064301729
3522,2.159316977157471,0.7440821954071523,2.0402281700789966,0.8629866995093147
3523,0.3277418880897434,0.6665066608074788,2.061256773855481,0.7558719653091054
3524,2.15559602089008,0.7331707693817925,2.061256773855481,0.8629868480637944
3525,0.3352662538986986,0.6807439745800832,2.0829833728627927,0.7558721142447192
3526,2.1530168736723847,0.7233375849239609,2.0829833728627927,0.862986992414168
3527,0.34404196071811927,0.6946953457063235,2.105330429955225,0.7558722532309209
3528,2.151592763916676,0.7146625492612351,2.105330429955225,0.8629871321793651
3529,0.35394514808863115,0.7083281214806953,2.1282153747269645,0.7558723823114463
3530,2.15133101843136,0.7072194395511787,2.1282153747269645,0.8629872670286952
3531,0.36484937636794385,0.7216118796293992,2.1515510808109837,0.7558725015759681
3532,2.152232985780052,0.701074158239565,2.1515510808109837,0.8629873966796892
3533,0.3766296571685089,0.734518257754185,2.1752463945561744,0.7558726111562684
3534,2.1542940221258196,0.6962830238727673,2.1752463945561744,0.8629875208958702
3535,0.38916540146422274,0.7470208028041878,2.199206704857156,0.755872711222475
3536,2.157503539914683,0.6928911942993997,2.199206704857156,0.8629876394844688
3537,0.40234237235776643,0.7590948386143554,2.223334544127784,0.7558728019793933
3538,2.161845118183015,0.690931323106715,2.223334544127784,0.8629877522940994
3539,0.4160538086876357,0.7707173496177924,2.2475302108922213,0.7558728836629311
3540,0.4302009104389341,0.7818668789548269,2.271692405149203,0.7558729565366361
3541,0.4446928667643995,0.7925234393416627,2.29571886848078,0.7558730208883495
3542,0.45944657958123575,0.8026684352113932,2.3195070217676954,0.7558730770269863
3543,0.4743862023631296,0.8122845947903812,2.3429545942892718,0.7558731252794485
3544,0.4894425820172285,0.8213559109176739,2.3659602388855947,0.7558731659876762
3545,0.5045526649319524,0.8298675895508589,2.38842412871305,0.7558731995058426
3546,0.5196589073110273,0.8378060050268618,2.410248531909336,0.7558732261976931
3547,0.5347087144020474,0.8451586612600697,2.43133836118764,0.7558732464340358
3548,0.5496539222782773,0.8519141581629592,2.451601695995362,0.7558732605903791
3549,0.564450328421307,0.8580621626666369,2.470950275399692,0.7558732690447222
3550,0.5790572725527621,0.8635933838012229,2.4892999603038946,0.7558732721754955
3551,0.5934372662168226,0.8684995513696784,2.506571163960204,0.7558732703596495
3552,0.6075556679396508,0.8727733978145201,2.5226892500359943,0.7558732639708948
3553,0.6213803999597036,0.8764086429357912,2.5375848977178777,0.7558732533780848
3554,0.6348817022313589,0.879399981171623,2.551194433512887,0.7558732389437444
3555,0.6480319194443056,0.8817430712005762,2.563460129535441,0.7558732210227355
3556,0.6608053170323163,0.8834345276685209,2.5743304681617603,0.7558731999610628
3557,0.6731779224752906,0.8844719148828498,2.5837603729970056,0.7558731760948086
3558,0.6851273885693252,0.8848537423540419,2.5917114061411537,0.7558731497491956
3559,0.6966328757151042,0.8845794620996481,2.598151931763153,0.7558731212377762
3560,0.7076749506342987,0.8836494676593107,2.6030572460038397,0.7558730908617316
3561,0.7182354992557743,0.8820650948020327,2.6064096732303983,0.7558730589092957
3562,0.7282976518133536,0.8798286239391833,2.6081986286621563,0.7558730256552731
3563,0.7378457184635218,0.8769432842892408,2.6084206473818603,0.7558729913606692
3564,0.7468651339659186,0.8734132598736131,2.6070793797407075,0.7558729562724104
3565,0.7553424101740329,0.8692436974576474,2.6041855531613383,0.7558729206231571
3566,0.7632650952610732,0.8644407165877555,2.599756900342645,0.7558728846312008
3567,0.7706217387595921,0.8590114219151168,2.5938180538756077,0.75587284850044
3568,0.7774018616260592,0.8529639180393551,2.586400407292404,0.755872812420429
3569,0.7835959306560211,0.8463073271526879,2.577541942594072,0.7558727765664959
3570,0.7891953366742817,0.8390518098171108,2.5672870243376225,0.7558727410999192
3571,0.7941923760099908,0.8312085892650773,2.555686160414655,0.7558727061681659
3572,0.7985802348406275,0.8227899796787648,2.5427957297238533,0.7558726719051746
3573,0.8023529760533828,0.8138094189753522,2.528677677033021,0.7558726384316911
3574,0.8055055283289466,0.804281506706737,2.5133991754473164,0.755872605855641
3575,0.8080336772024743,0.794222047772691,2.4970322570538714,0.7558725742725378
3576,0.8099340579008089,0.7836481027474913,2.4796534125044936,0.7558725437659258
3577,0.8112041497948087,0.7725780457320855,2.46134316053319,0.7558725144078452
3578,0.8118422723418708,0.7610316307671467,2.44218558868928,0.7558724862593272
3579,0.811847582427211,0.7490300679764328,2.4222678669049316,0.7558724593708989
3580,0.8112200730439516,0.7365961107532594,2.4016797359121993,0.7558724337831078
3581,0.8099605732822378,0.7237541554525339,2.380512972981653,0.7558724095270581
3582,0.8080707496271364,0.7105303552013039,2.358860837972889,0.7558723866249503
3583,0.8055531085946018,0.6969527495833108,2.336817503264074,0.7558723650906278
3584,0.8024110007649433,0.6830514120738301,2.314477471756678,0.7558723449301267
3585,0.7986486263046921,0.6688586171793947,2.2919349878217736,0.755872326142218
3586,0.7942710421012031,0.6544090292422882,2.2692834467491227,0.755872308718951
3587,0.7892841706705037,0.6397399147580325,2.246614808957326,0.7558722926461896
3588,0.7836948110386208,0.6248913797633798,2.224019025893866,0.755872277904136
3589,0.7775106518408241,0.6099066332965252,2.201583485163133,0.7558722644678485
3590,0.7707402869329023,0.5948322769934493,2.17939248292833,0.7558722523077424
3591,0.763393233864959,0.579718619409394,2.1575267319953895,0.7558722413900812
3592,0.7554799556325911,0.5646200114424207,2.136062914157659,0.7558722316774491
3593,0.7470118861942379,0.5495951960384641,2.1150732853139003,0.7558722231292081
3594,0.7380014603287319,0.5347076608818698,2.0946253415282112,0.7558722157019376
3595,0.7284621485056466,0.5200259767053381,2.0747815535458214,0.7558722093498541
3596,0.718408497555186,0.5056240958936,2.0555991762922337,0.7558722040252138
3597,0.7078561780566642,0.49158157602206787,2.0371301385591885,0.7558721996786937
3598,0.6968220395178404,0.4779836809421455,2.019421016432009,0.7558721962597521
3599,0.6853241745945163,0.4649212985646073,2.0025130920715566,0.7558721937169703
3600,0.673381993803894,0.45249060096201,1.9864424972831805,0.7558721919983723
3601,0.38938192413245465,0.45207827879652246,1.866855911638351,0.7558722557499431
3602,0.3768345538608113,0.46448563960508205,1.8716612246401887,0.7558722606867061
3603,0.3650406801601537,0.47752805717830943,1.877552115539822,0.7558722655638314
3604,0.3541207993248209,0.4911091887665729,1.8845339090216535,0.7558722703615094
3605,0.3441998474488943,0.5051379586165706,1.8926095876332119,0.7558722750617862
3606,0.33540426999761425,0.5195289081323569,1.901779176400348,0.7558722796485146
3607,0.3278580094944186,0.53420228559478,1.9120391289665561,0.7558722841073017
3608,0.3216774690188025,0.5490839502557793,1.9233817339296913,0.7558722884254511
3609,0.3169657212106346,0.5641051521278708,1.9357945593610484,0.7558722925919001
3610,0.31380647677909046,0.5792022352985263,1.9492599521532923,0.7558722965971553
3611,0.3122585354786295,0.5943163005077843,1.9637546069168805,0.755872300433221
3612,0.3123515291936476,0.6093928526228278,1.9792492167247202,0.7558723040935325
3613,0.3140836621573933,0.624381450614878,1.995708215214862,0.7558723075728814
3614,0.31742185010603763,0.6392353715136723,2.0130896165430343,0.7558723108673412
3615,0.322304233092544,0.6539112952901661,2.0313449565814334,0.7558723139741922
3616,0.32864461760548913,0.6683690143819352,2.0504193357352505,0.7558723168918462
3617,2.1626010811383916,0.7523394140416759,2.0504193357352505,0.8629882433275093
3618,0.336338120604557,0.6825711693344176,2.0702515609285914,0.755872319619772
3619,2.158089788419274,0.740721417947659,2.0702515609285914,0.8629882458551564
3620,0.3452672069280145,0.6964830105345984,2.0907743818090356,0.7558723221584178
3621,2.154707570245403,0.7301228425918257,2.0907743818090356,0.862988248321704
3622,0.3553074162298062,0.7100721850604006,2.111914814118764,0.75587232450914
3623,2.152471718168155,0.7206268788121248,2.111914814118764,0.8629882507198413
3624,0.36633229281838203,0.7233085471023128,2.1335945415319277,0.7558723266741261
3625,2.151393712268078,0.712311786776905,2.1335945415319277,0.8629882530431311
3626,0.37821727521476745,0.7361639901155915,2.1557303860825052,0.7558723286563244
3627,2.151479101712149,0.7052491779347652,2.1557303860825052,0.8629882552859739
3628,0.39084250785927677,0.7486122987447398,2.178234836594929,0.7558723304593744
3629,2.1527274466164803,0.6995022714064848,2.178234836594929,0.8629882574435735
3630,0.40409467591690473,0.760629018564079,2.2010166242471665,0.7558723320875346
3631,2.1551323226644623,0.6951242137702633,2.2010166242471665,0.8629882595119022
3632,0.41786803524288324,0.7721913417546052,2.22398133449018,0.7558723335456186
3633,2.15868138836481,0.692156561353528,2.22398133449018,0.8629882614876574
3634,0.43206482871672147,0.7832780069570624,2.2470320449544046,0.7558723348389289
3635,2.1633565132738415,0.6906280250337044,2.2470320449544046,0.8629882633682295
3636,0.4465952668224759,0.7938692116832173,2.2700699796229986,0.7558723359731947
3637,0.4613772212263837,0.8039465358177185,2.292995170373433,0.7558723369545124
3638,0.4763357466604245,0.8134928748927005,2.315707117917972,0.7558723377892883
3639,0.49140251520765715,0.8224923819609604,2.338105445152181,0.7558723384841839
3640,0.5065152210238025,0.8309304170279462,2.3600905369005853,0.7558723390460615
3641,0.5216169933061601,0.838793503126465,2.381564160992221,0.7558723394819413
3642,0.5366558404618978,0.846069288230444,2.402430066478375,0.755872339798949
3643,0.551584137994226,0.8527465123054568,2.422594555601944,0.7558723400042747
3644,0.5663581656018709,0.8588149788846633,2.4419670268323546,0.7558723401051332
3645,0.5809376944672595,0.8642655306401201,2.460460486888158,0.7558723401087264
3646,0.5952856229565533,0.869090028492029,2.4779920301828176,0.7558723400222072
3647,0.6093676574096187,0.8732813338633724,2.4944832845529734,0.7558723398526489
3648,0.6231520339508595,0.876833293745501,2.5098608224704004,0.755872339607015
3649,0.6366092770134051,0.8797407282924785,2.524056537207904,0.7558723392921338
3650,0.6497119903406973,0.8819994207092525,2.5370079836354127,0.755872338914674
3651,0.6624346764778887,0.8836061092417886,2.548658683475036,0.7558723384811213
3652,0.6747535811037331,0.8845584811169337,2.5589583949521097,0.7558723379977645
3653,0.6866465589267569,0.8848551683166797,2.5678633468517438,0.7558723374706732
3654,0.6980929582438755,0.8844957451063308,2.5753364370345184,0.7558723369056883
3655,0.7090735216159288,0.8834807272694483,2.5813473954874997,0.7558723363084073
3656,0.7195703004427227,0.8818115730349845,2.585872911993194,0.755872335684176
3657,0.729566581515802,0.8794906857142887,2.5888967284943325,0.7558723350380798
3658,0.7390468238895358,0.8765214180982497,2.590409696220526,0.7558723343749371
3659,0.7479966046415346,0.872908078698334,2.5904097976273235,0.7558723336992961
3660,0.7564025722943113,0.8686559399502795,2.588902133182162,0.7558723330154306
3661,0.7642524068443803,0.8637712485363358,2.58589887301774,0.7558723323273421
3662,0.7715347854957011,0.8582612380218747,2.5814191734641985,0.7558723316387568
3663,0.7782393533244769,0.8521341440456305,2.5754890584696724,0.755872330953129
3664,0.7843566982145997,0.8453992223505257,2.5681412659270513,0.7558723302736432
3665,0.7898783294999704,0.8380667699948146,2.5594150589462,0.7558723296032192
3666,0.7947966598337918,0.8301481501419862,2.5493560021487394,0.755872328944516
3667,0.799104989877706,0.821655820893458,2.538015703120688,0.7558723282999388
3668,0.802797495467027,0.8126033687014855,2.525451519241144,0.7558723276716455
3669,0.8058692169638825,0.8030055469819055,2.511726230217547,0.755872327061554
3670,0.8083160505590836,0.7928783206382333,2.4969076768054346,0.7558723264713498
3671,0.8101347413271816,0.7822389173110464,2.4810683663785382,0.7558723259024959
3672,0.8113228778784533,0.7711058862800918,2.4642850462497683,0.7558723253562409
3673,0.811878888487384,0.7594991660712761,2.4466382459308345,0.7558723248336313
3674,0.8118020386103924,0.7474401619560909,2.4282117898636235,0.7558723243355168
3675,0.8110924297368237,0.7349518346754353,2.4090922825644525,0.7558723238625638
3676,0.8097509995472855,0.7220588018699197,2.3893685685961055,0.7558723234152648
3677,0.8077795233829004,0.7087874538487905,2.369131170322868,0.7558723229939477
3678,0.8051806170586205,0.6951660854702331,2.348471707008379,0.7558723225987886
3679,0.8019577410840367,0.6812250460224405,2.327482299478728,0.75587232222982
3680,0.7981152063867907,0.6669969090656355,2.306254965282864,0.7558723218869419
3681,0.79365818166745,0.6525166641881648,2.284881010022282,0.7558723215699327
3682,0.7885927025512925,0.6378219324988333,2.2634504212692446,0.7558723212784582
3683,0.7829256827427002,0.6229532073579699,2.2420512722180925,0.755872321012083
3684,0.7766649274327067,0.6079541212516789,2.2207691428816814,0.7558723207702779
3685,0.7698191492607356,0.5928717387158751,2.1996865672132873,0.7558723205524325
3686,0.7623979871888847,0.5777568736584161,2.1788825149578455,0.7558723203578608
3687,0.7544120287126369,0.5626644271027441,2.15843191726738,0.7558723201858125
3688,0.7458728359071777,0.5476537380303559,2.1384052451070468,0.7558723200354812
3689,0.7367929758953389,0.5327889353350526,2.1188681491875125,0.7558723199060116
3690,0.7271860564236485,0.5181392726019933,2.0998811695518462,0.7558723197965089
3691,0.7170667673493276,0.5037794192025001,2.081499521997812,0.7558723197060442
3692,0.7064509289759171,0.4897896708912017,2.0637729672224943,0.7558723196336624
3693,0.6953555483313838,0.4762560308313419,2.0467457669467533,0.7558723195783902
3694,0.6837988846630106,0.46327009840703054,2.0304567293437836,0.7558723195392401
3695,0.6718005256311943,0.4509286897970459,2.014939343910932,0.7558723195152175
3696,0.38771490636662204,0.45364930749085974,1.8878677724633721,0.755872320797966
3697,0.37525874051132263,0.4661447067815943,1.8912024608357967,0.7558723208914532
3698,0.3635713831885971,0.4792623812040309,1.8955231005865314,0.7558723209835779
3699,0.35277403602677665,0.49290664055713146,1.9008405193963571,0.7558723210739837
3700,0.34299201911512167,0.5069871247332123,1.9071642488820075,0.7558723211623484
3701,0.3343517027687954,0.5214191154192389,1.9145018840716563,0.7558723212483842
3702,0.3269763550959504,0.536123597773069,1.9228584218044553,0.7558723213318352
3703,0.32098098724111146,0.5510271452153986,1.9322355969327305,0.755872321412479
3704,0.31646649699739815,0.5660616868667867,1.9426312353920971,0.755872321490121
3705,0.3135136556791071,0.5811642037919855,1.9540386427339342,0.7558723215645977
3706,0.31217768121535266,0.5962763883604918,1.966446045591219,0.7558723216357724
3707,0.3124842052629219,0.6113442911996793,1.979836101813126,0.7558723217035359
3708,0.31442731044353656,0.6263179724485854,1.9941854927316742,0.7558723217678033
3709,0.31796998862041104,0.6411511681164557,2.0094646083223084,0.755872321828513
3710,0.3230469370374474,0.6558009780104832,2.025637333021545,0.7558723218856268
3711,0.32956920134467166,0.6702275786059292,2.0426609368157966,0.7558723219391251
3712,0.33742991574131287,0.6843939621002106,2.0604860730674175,0.7558723219890102
3713,0.346510335953299,0.6982657014769083,2.0790568815411703,0.7558723220352997
3714,2.1611388566455214,0.7487731562033487,2.0790568815411703,0.8629882717733462
3715,0.3566854849374914,0.7118107405104163,2.098311192363215,0.7558723220780309
3716,2.156962125164543,0.7374502368626213,2.098311192363215,0.8629882718152845
3717,0.36782895648625197,0.7249992071160298,2.118180824286868,0.7558723221172515
3718,2.1539202235517774,0.7271719645130336,2.118180824286868,0.8629882718562332
3719,0.3798166633452789,0.7378032481799613,2.138591968725,0.7558723221530276
3720,2.152028726310252,0.718020234739509,2.138591968725,0.8629882718960709
3721,0.3925295142855889,0.7501968839056601,2.1594656495758375,0.7558723221854347
3722,2.1512973545844267,0.7100715074425249,2.1594656495758375,0.8629882719346863
3723,0.4058551338866998,0.7621558797267464,2.1807182479228677,0.755872322214561
3724,2.1517298747571236,0.7033950727500534,2.1807182479228677,0.862988271971986
3725,0.4196888020983857,0.7736576339203728,2.202262080208311,0.7558723222405026
3726,2.153324058945485,0.698051316395394,2.202262080208311,0.8629882720078892
3727,0.4339338044927928,0.7846810791784851,2.224006018418273,0.755872322263367
3728,2.1560717083829313,0.6940900773523736,2.224006018418273,0.8629882720423259
3729,0.4485013678978004,0.7952065965382428,2.2458561411153344,0.7558723222832667
3730,2.15995873910238,0.6915491981875013,2.2458561411153344,0.8629882720752399
3731,0.4633103258821467,0.8052159402236073,2.2677164047406064,0.7558723223003223
3732,2.164965327791785,0.6904533662883577,2.2677164047406064,0.8629882721065874
3733,0.4782866251318026,0.8146921720993372,2.289489325409009,0.7558723223146574
3734,0.4933627531084098,0.8236196045812271,2.3110766623675083,0.7558723223264023
3735,0.5084771420718793,0.8319837509795108,2.332380095311693,0.7558723223356906
3736,0.5235735850641813,0.8397712823745661,2.3533018888055484,0.7558723223426559
3737,0.5386006852241578,0.8469699902350183,2.3737455380773698,0.755872322347435
3738,0.5535113498685287,0.8535687540883431,2.3936163914369457,0.7558723223501655
3739,0.5682623341239198,0.859557513643687,2.4128222454512125,0.7558723223509869
3740,0.5828138346418528,0.8649272448467588,2.4312739098125564,0.7558723223500342
3741,0.5971291313612075,0.8696699394182005,2.448885739528667,0.7558723223474412
3742,0.6111742738614083,0.873778587490789,2.4655761326542835,0.7558723223433432
3743,0.6249178081826027,0.8772471630181237,2.4812679922771803,0.7558723223378714
3744,0.6383305398004916,0.8800706116790106,2.495889151870203,0.7558723223311544
3745,0.6513853285443497,0.8822448410484173,2.5093727634373426,0.7558723223233178
3746,0.6640569115109093,0.8837667128484569,2.5216576481246826,0.7558723223144828
3747,0.676321750372143,0.8846340371321002,2.5326886091472303,0.7558723223047676
3748,0.688157899849781,0.8848455682889121,2.5424167070101515,0.7558723222942851
3749,0.6995448945022857,0.8844010027967107,2.550799497087429,0.7558723222831439
3750,0.7104636513230708,0.883300978676286,2.557801229671033,0.7558723222714484
3751,0.7208963859728107,0.881547076638782,2.563393012627148,0.7558723222592967
3752,0.7308265407599757,0.8791418229476188,2.5675529367993697,0.7558723222467834
3753,0.7402387227418487,0.8760886940495055,2.570266164288182,0.7558723222339964
3754,0.7491186505447253,0.8723921230627493,2.571524979716138,0.7558723222210195
3755,0.75745310869927,0.8680575082463048,2.5713288045636618,0.7558723222079312
3756,0.765229908458047,0.8630912236104618,2.5696841746349612,0.7558723221948046
3757,0.7724378542101261,0.8575006318704255,2.5666046806908343,0.7558723221817067
3758,0.7790667147352961,0.8512940999879769,2.5621108722685326,0.7558723221687007
3759,0.7851071986505753,0.8444810175947183,2.556230124701812,0.7558723221558438
3760,0.7905509334968235,0.8370718186438971,2.548996469360294,0.7558723221431891
3761,0.7953904479955972,0.8290780066973625,2.540450387150353,0.755872322130784
3762,0.7996191570778244,0.8205121843207401,2.5306385653640464,0.7558723221186722
3763,0.8032313493481916,0.811388087134412,2.5196136180329596,0.7558723221068939
3764,0.8062221767037491,0.8017206231512735,2.5074337700455915,0.7558723220954827
3765,0.808587645873503,0.7915259181254736,2.4941625054256775,0.755872322084468
3766,0.810324611688776,0.7808213677401706,2.47986818035096,0.7558723220738749
3767,0.8114307719329076,0.7696256975772964,2.464623601723746,0.7558723220637247
3768,0.8119046636542981,0.757959031938482,2.4485055723924556,0.755872322054035
3769,0.8117456608596995,0.745842972722985,2.431594404473326,0.755872322044819
3770,0.8109539735357265,0.7333006897138319,2.4139734026384585,0.7558723220360878
3771,0.8095306479765177,0.7203570237739042,2.395728319723993,0.7558723220278487
3772,0.8074775684249333,0.7070386046031383,2.3769467875715242,0.755872322020106
3773,0.8047974600643163,0.6933739848464723,2.357717726644956,0.7558723220128637
3774,0.8014938934282678,0.6793937924542705,2.3381307386577594,0.7558723220061211
3775,0.7975712903277916,0.6651309032597155,2.3182754871909603,0.7558723219998744
3776,0.7930349314292394,0.6506206357174542,2.2982410720632993,0.7558723219941178
3777,0.7878909656535056,0.6359009695964617,2.278115404008558,0.7558723219888442
3778,0.782146421607705,0.6210127900699517,2.257984586990858,0.7558723219840426
3779,0.7758092213061011,0.6060001580028425,2.2379323162102787,0.7558723219797026
3780,0.7688881964883313,0.5909106061766759,2.2180393004756773,0.7558723219758117
3781,0.7613931079013114,0.5757954595467751,2.1983827181022964,0.7558723219723554
3782,0.753334667977877,0.5607101751843616,2.179035715779248,0.7558723219693189
3783,0.7447245674219187,0.5457146940566736,2.160066959897812,0.7558723219666862
3784,0.7355755062982625,0.530873791939408,2.141540249591228,0.7558723219644402
3785,0.7259012303279224,0.5162574102210599,2.123514200174148,0.7558723219625637
3786,0.7157165732079646,0.5019409388712504,2.1060420047610102,0.755872321961038
3787,0.7050375059126777,0.4880054132713093,2.0891712805790976,0.7558723219598453
3788,0.6938811940918743,0.4745375741239069,2.072944004884424,0.7558723219589689
3789,0.6822660648660004,0.4616297260093072,2.057396543467797,0.7558723219583904
3790,0.3860588536315173,0.4552325195746176,1.9112719492034622,0.7558723219838389
3791,0.3736958331100763,0.4678142650148748,1.913290483850598,0.755872321985614
3792,0.3621170382807005,0.4810055833272549,1.916186401809076,0.7558723219873593
3793,0.3514443416770824,0.494711447638643,1.919974548823894,0.7558723219890685
3794,0.3418033958175237,0.5088422186360853,1.9246695423209879,0.7558723219907347
3795,0.33332042581934995,0.5233139192415716,1.930285137221214,0.7558723219923544
3796,0.32611793813149487,0.538048269479885,1.9368335490277369,0.755872321993922
3797,0.3203094525463937,0.5529725529705465,1.9443247520345828,0.755872321995434
3798,0.3159935896590776,0.5680193727879029,1.9527657714796145,0.7558723219968869
3799,0.31324808880742405,0.583126341210634,1.9621599888576422,0.7558723219982779
3800,0.3121245171763958,0.5982357362748179,1.9725064793741245,0.7558723219996045
3801,0.31264447261326483,0.6132941484846276,1.9837993996413372,0.7558723220008655
3802,0.3147979239566144,0.6282521335229851,1.996027442215197,0.7558723220020592
3803,0.3185439869965608,0.6430638811214698,2.009173371496173,0.7558723220031837
3804,0.32381399544986933,0.6576869060887167,2.023213652960388,0.7558723220042363
3805,0.3305163319639318,0.6720817645452807,2.038118184765009,0.7558723220052174
3806,0.3385422505621613,0.6862117963870159,2.0538501376247935,0.7558723220061272
3807,0.3477718935939415,0.7000428936609594,2.0703659056346777,0.7558723220069667
3808,0.35807984852678015,0.7135432936980857,2.0876151675667654,0.7558723220077362
3809,2.164736452227713,0.7572972153396558,2.0876151675667654,0.8629882722496657
3810,0.369339821788565,0.7266833953602475,2.1055410552377802,0.7558723220084379
3811,2.1597756866105926,0.745292179556437,2.1055410552377802,0.8629882722503799
3812,0.3814282452823016,0.7394355965148226,2.1240804229424333,0.7558723220090727
3813,2.155935409866572,0.73427196743971,2.1240804229424333,0.8629882722510801
3814,0.3942268208328221,0.7517741507699762,2.143164209768411,0.7558723220096433
3815,2.1532352116509244,0.724321293324374,2.143164209768411,0.8629882722517643
3816,0.40762412799885944,0.7636750415285002,2.162717884906491,0.7558723220101511
3817,2.1516889350927055,0.7155206098964834,2.162717884906491,0.8629882722524299
3818,0.4215164764875256,0.7751158715083298,2.1826619648679486,0.7558723220105978
3819,2.1513045333656966,0.7079444220418731,2.1826619648679486,0.8629882722530751
3820,0.43580819328537657,0.7860757660050751,2.2029125908132907,0.7558723220109865
3821,2.1520839865492323,0.7016595436694079,2.2029125908132907,0.8629882722536989
3822,0.4504115157819658,0.79653528831722,2.223382153947088,0.7558723220113187
3823,2.1540232808455104,0.6967233803766686,2.223382153947088,0.8629882722542997
3824,0.4652462310284439,0.8064763659055897,2.243979957088722,0.7558723220115979
3825,2.1571124506731763,0.6931823339378247,2.243979957088722,0.862988272254876
3826,0.480239167953197,0.8158822260072884,2.264612901020075,0.7558723220118264
3827,2.161335682585703,0.6910704295241077,2.264612901020075,0.8629882722554267
3828,0.4953236193130449,0.8247373395657971,2.285186184963749,0.7558723220120067
3829,0.5104387456091912,0.8330273724706444,2.305604011483889,0.7558723220121413
3830,0.5255289944399636,0.8407391432208233,2.3257702871550587,0.7558723220122328
3831,0.5405435551502993,0.8478605862356436,2.3455893114496256,0.7558723220122844
3832,0.55543585918494,0.8543807201353165,2.364966447397797,0.7558723220122984
3833,0.5701631302597127,0.8602896204019136,2.383808768634879,0.7558723220122782
3834,0.5846859844675139,0.8655783959103007,2.402025678436673,0.7558723220122251
3835,0.5989680780439767,0.8702391688891641,2.419529497235671,0.7558723220121429
3836,0.6129757992137949,0.8742650579352761,2.4362360158962315,0.7558723220120341
3837,0.6266779999472398,0.8776501637606499,2.4520650127021377,0.755872322011901
3838,0.6400457633144986,0.8803895574031121,2.466940732576406,0.7558723220117456
3839,0.6530522022535449,0.8824792706769043,2.4807923275168524,0.7558723220115713
3840,0.6656722858458177,0.8839162886820455,2.49355425760038,0.7558723220113798
3841,0.6778826895455542,0.8846985442300321,2.5051666521945704,0.7558723220111733
3842,0.6896616661846182,0.8848249140797686,2.515575631228075,0.7558723220109536
3843,0.7009889349457507,0.8842952169119995,2.5247335865225082,0.7558723220107231
3844,0.7118455858468599,0.8831102130036316,2.532599423288798,0.7558723220104842
3845,0.7222139975988846,0.8812716055957296,2.5391387619499386,0.7558723220102379
3846,0.7320777669867258,0.8787820439812751,2.5443241004788653,0.7558723220099862
3847,0.7414216481766385,0.8756451283715363,2.548134937442536,0.7558723220097311
3848,0.7502315005759761,0.8718654166337243,2.5505578559282327,0.755872322009474
3849,0.7584942440648786,0.867448433028104,2.551586568501723,0.7558723220092161
3850,0.766197820587361,0.8624006791105198,2.55122192331467,0.7558723220089589
3851,0.7733311612343488,0.8567296470070667,2.549471871445327,0.7558723220087035
3852,0.7798841580764281,0.8504438353121113,2.5463513955268082,0.7558723220084516
3853,0.7858476401121397,0.8435527679097936,2.5418823996952953,0.7558723220082032
3854,0.7912133527909901,0.8360670160733724,2.5360935608809743,0.7558723220079597
3855,0.7959739406511668,0.8279982242571929,2.5290201414717273,0.755872322007722
3856,0.8001229326821077,0.8193591400635585,2.520703763408666,0.7558723220074909
3857,0.8036547300833088,0.8101636489423951,2.5111921438286813,0.7558723220072675
3858,0.8065645961444731,0.8004268142662085,2.500538792458148,0.7558723220070512
3859,0.8088486480196296,0.790164923517404,2.488802671089988,0.7558723220068435
3860,0.8105038502102523,0.779395541430282,2.476047815650106,0.755872322006644
3861,0.8115280096107254,0.7681375710464583,2.4623429215856483,0.755872322006454
3862,0.8119197720045549,0.7564113237700288,2.4477608935934763,0.7558723220062736
3863,0.8116786199323476,0.7442385996467521,2.4323783610590164,0.7558723220061024
3864,0.8108048718834744,0.7316427792378145,2.41627516099887,0.7558723220059409
3865,0.809299682793177,0.7186489286095289,2.399533790798998,0.7558723220057886
3866,0.8071650458563381,0.7052839191089951,2.382238833615578,0.7558723220056469
3867,0.8044037956988228,0.6915765637317942,2.3644763599559457,0.7558723220055145
3868,0.8010196129778899,0.6775577719949766,2.346333309676575,0.7558723220053916
3869,0.7970170305153139,0.6632607252827569,2.3278968594126295,0.7558723220052785
3870,0.7924014411012686,0.6487210745981867,2.309253781272295,0.7558723220051745
3871,0.7871791071444811,0.6339771624812535,2.290489799465046,0.75587232200508
3872,0.7813571723855187,0.6190702704716913,2.2716889523555452,0.7558723220049945
3873,0.7749436759362667,0.6040448928060755,2.252932968206414,0.7558723220049176
3874,0.7679475689608116,0.5889490359126214,2.2343006635500444,0.7558723220048497
3875,0.7603787343722432,0.5738345415315793,2.215867373663579,0.7558723220047893
3876,0.752248009987797,0.5587574287254994,2.197704424961616,0.755872322004737
3877,0.7435672156628707,0.5437782463852695,2.179878659217943,0.7558723220046927
3878,0.7343491850146201,0.5289624227793212,2.1624520193349173,0.7558723220046552
3879,0.7246078024501872,0.5143805919190583,2.1454812058593498,0.7558723220046251
3880,0.7143580463355256,0.5001088677581752,2.129017412571721,0.7558723220046013
3881,0.703616039280872,0.486229026402904,2.1131061482420166,0.7558723220045837
3882,0.6923991066811044,0.4728285438200768,2.0977871500603738,0.7558723220045718
3883,0.6807258448364841,0.46000042282533565,2.0830943923445364,0.7558723220045653
3884,0.3844140490289008,0.45682767760017845,1.9367705711013716,0.7558723220050892
3885,0.37214612838294386,0.4694940862149546,1.9376410531041866,0.7558723220051231
3886,0.36067795222683735,0.48275744670248366,1.9392737719805253,0.7558723220051558
3887,0.35013202747528394,0.4965234054637301,1.9416861017176426,0.7558723220051876
3888,0.3406342851343733,0.5107030484921777,1.9448962322718875,0.7558723220052191
3889,0.3323107326933943,0.5252131404336521,1.9489225700308792,0.7558723220052495
3890,0.3252830257388843,0.5399761338513224,1.953783076482674,0.7558723220052787
3891,0.31966309229966494,0.5549200183896169,1.9594945609325056,0.7558723220053067
3892,0.3155471739164861,0.5699780658050614,1.966071944684935,0.7558723220053337
3893,0.3130098876689197,0.5850885137725629,1.973527515234918,0.7558723220053589
3894,0.312099085101416,0.600194220021569,1.981870189608566,0.7558723220053836
3895,0.312832301861284,0.6152423090686872,1.9911048060034762,0.7558723220054064
3896,0.31519540627917403,0.6301838265542578,2.0012314622645584,0.7558723220054284
3897,0.3191436905784825,0.6449734107230354,2.0122449184904756,0.7558723220054487
3898,0.32460520743698335,0.6595689866033275,2.024134079229782,0.7558723220054678
3899,0.3314857757219484,0.6739314856228836,2.0368815683619217,0.7558723220054859
3900,0.3396748715676476,0.6880245914755625,2.0504634069673635,0.7558723220055026
3901,0.3490516181452519,0.7018145117891447,2.0648488014008737,0.7558723220055177
3902,0.3594902464169843,0.7152697743581884,2.0800000455379517,0.7558723220055317
3903,0.37086463618402415,0.7283610462558233,2.0958725379191208,0.7558723220055447
3904,0.3830517811874511,0.7410609739197439,2.11241491141752,0.755872322005556
3905,2.163141202792982,0.7536192021120103,2.11241491141752,0.862988272258321
3906,0.3959342031338299,0.7533440422436143,2.1295692702339277,0.7558723220055662
3907,2.158512202990177,0.7418988046346738,2.1295692702339277,0.8629882722583333
3908,0.40940145065437505,0.7651864507405619,2.1472715265868745,0.7558723220055753
3909,2.1550101245300013,0.7311888443125313,2.1472715265868745,0.8629882722583452
3910,0.42335086781241277,0.776566004941773,2.1654518274900947,0.7558723220055836
3911,2.1526528618138387,0.7215729348376386,2.1654518274900947,0.862988272258357
3912,0.4376878210147883,0.7874620213236797,2.184035060537688,0.7558723220055903
3913,2.1514525138172225,0.7131299356030829,2.184035060537688,0.8629882722583677
3914,0.45232555198872343,0.7978552442038789,2.202941426658173,0.7558723220055962
3915,2.151415258335353,0.7059322408890186,2.202941426658173,0.8629882722583789
3916,0.4671847926083894,0.8077277731969282,2.222087067331429,0.7558723220056015
3917,2.1525412872922756,0.7000440350010182,2.222087067331429,0.8629882722583898
3918,0.4821932442353638,0.8170629999690637,2.2413847337419113,0.7558723220056056
3919,2.1548248047259357,0.6955196008153642,2.2413847337419113,0.8629882722583999
3920,0.49728499483432903,0.8258455531712142,2.260744485704312,0.7558723220056087
3921,2.1582540874995337,0.6924017801665016,2.260744485704312,0.8629882722584098
3922,0.5123999233391178,0.8340612505600319,2.2800744088700466,0.7558723220056108
3923,2.162811607225411,0.6907206864895215,2.2800744088700466,0.862988272258419
3924,0.5274831227032438,0.8416970574359579,2.2992813396263547,0.7558723220056128
3925,0.5424843600550519,0.8487410506354214,2.3182715881582414,0.7558723220056133
3926,0.5573575833892813,0.8551823874114904,2.3369516512866317,0.7558723220056136
3927,0.5720604782773793,0.8610112786243815,2.3552289078633244,0.7558723220056129
3928,0.5865540743246797,0.8662189657410366,2.373012290644814,0.7558723220056122
3929,0.6008023988780166,0.8707977012124646,2.39021292964473,0.7558723220056102
3930,0.6147721742943206,0.8747407318596812,2.4067447629516026,0.7558723220056084
3931,0.628432554560465,0.8780422849547999,2.4225251118781195,0.7558723220056057
3932,0.6417548969564167,0.880697556734031,2.4374752180718504,0.7558723220056028
3933,0.6547125646070686,0.8827027031248866,2.4515207408643573,0.7558723220055996
3934,0.6672807560598006,0.8840548325115198,2.464592213669777,0.7558723220055965
3935,0.6794363583818357,0.8847520004006314,2.4766254586732437,0.7558723220055923
3936,0.6911578206481156,0.8847932058863859,2.4875619593839793,0.7558723220055881
3937,0.7024250450594743,0.884178389846969,2.497349190879162,0.7558723220055843
3938,0.7132192932770339,0.8829084348384068,2.5059409077445416,0.7558723220055794
3939,0.7235231058744918,0.8809851666836155,2.5132973898379753,0.7558723220055746
3940,0.7333202330925965,0.8784113577869863,2.5193856460736086,0.7558723220055704
3941,0.7425955753298047,0.875190732237671,2.524179576457496,0.7558723220055655
3942,0.7513351320217199,0.8713279727987416,2.5276600926092634,0.755872322005561
3943,0.7595259577520845,0.8668287299151565,2.5298151969871827,0.755872322005556
3944,0.7671561246028399,0.8616996329115972,2.530640021003066,0.7558723220055512
3945,0.7742146898931125,0.8559483035924614,2.5301368221753893,0.7558723220055469
3946,0.7806916685798355,0.8495833725012907,2.528314940430016,0.7558723220055421
3947,0.786578009698733,0.8426144981464893,2.525190713623514,0.755872322005538
3948,0.7918655763159954,0.8350523895551725,2.5207873523398985,0.7558723220055337
3949,0.7965471285402991,0.826908832578255,2.515134774003211,0.755872322005529
3950,0.8006163092137448,0.8181967204384084,2.5082693963613663,0.7558723220055245
3951,0.8040676319604626,0.80893008908922,2.5002338904372605,0.7558723220055208
3952,0.8068964713244835,0.799124158039753,2.491076893117567,0.7558723220055169
3953,0.8090990547752711,0.7887953773946186,2.480852679664901,0.755872322005513
3954,0.8106724564011359,0.7779614819663514,2.4696207966022,0.7558723220055094
3955,0.811614592148588,0.7666415534347697,2.4574456556367292,0.755872322005506
3956,0.8119242165003859,0.7548560916569927,2.4443960895723595,0.7558723220055028
3957,0.8116009205173991,0.7426270963709626,2.430544871509644,0.7558723220054997
3958,0.8106451312001127,0.729978160682464,2.4159681990596336,0.7558723220054967
3959,0.8090581121553726,0.7169345778765868,2.400745145803672,0.7558723220054939
3960,0.8068419655834119,0.7035234632423109,2.384957082819456,0.7558723220054914
3961,0.8039996356299765,0.6897738927322531,2.3686870737620085,0.7558723220054889
3962,0.8005349131791172,0.6757170603814828,2.3520192477311292,0.7558723220054865
3963,0.7964524421946089,0.6613864564542762,2.335038154963279,0.7558723220054846
3964,0.7917577277527236,0.6468180682387584,2.3178281112385086,0.7558723220054826
3965,0.7864571459469927,0.632050605213874,2.3004725377677655,0.7558723220054807
3966,0.7805579558875205,0.6171257498973108,2.2830533041915246,0.7558723220054792
3967,0.7740683140643215,0.6020884349457016,2.2656500831385515,0.7558723220054778
3968,0.7669972913971519,0.5869871458838433,2.2483397255192377,0.7558723220054766
3969,0.759354893354651,0.5718742470100494,2.231195666311703,0.7558723220054756
3970,0.7511520835947382,0.5568063253350798,2.2142873709887754,0.7558723220054744
3971,0.7424008116577777,0.5418445435898359,2.1976798328785576,0.7558723220054735
3972,0.7331140453359144,0.5270549880733357,2.1814331316034217,0.7558723220054725
3973,0.7233058084483379,0.512508990093906,2.1656020622630217,0.7558723220054723
3974,0.7129912248754746,0.4982833907312569,2.150235844190043,0.7558723220054718
3975,0.7021865698479087,0.4844607075432818,2.1353779169029066,0.7558723220054716
3976,0.6909093296510838,0.4711291489561891,2.121065829316871,0.7558723220054714
3977,0.6791782710975995,0.4583824083459235,2.1073312263842876,0.7558723220054712
3978,0.38278074032221526,0.45843455881022066,1.9640495501661464,0.7558723220054813
3979,0.37060988877068474,0.47118395737785146,1.9639498328494713,0.7558723220054818
3980,0.359254398304521,0.4845177697325955,1.9644929288371398,0.7558723220054824
3981,0.3488373715617696,0.4983423247047895,1.9656973102392843,0.7558723220054826
3982,0.33948496170866893,0.5125694375077228,1.967583248215094,0.7558723220054834
3983,0.33132288382912745,0.5271166145707378,1.970172271250692,0.7558723220054838
3984,0.3244718515846784,0.5419070383771777,1.9734865462519684,0.7558723220054843
3985,0.31904210000488353,0.5568694002420541,1.977548195667936,0.7558723220054848
3986,0.31512739043960647,0.5719376352340324,1.9823785658027564,0.7558723220054853
3987,0.31279912996369996,0.5870506005671653,1.9879974631209396,0.7558723220054855
3988,0.3121013937936693,0.6021517276924329,1.9944223766124975,0.755872322005486
3989,0.31304763225809173,0.6171886693026317,2.0016677050788543,0.7558723220054867
3990,0.315619631847806,0.6321129554535411,2.0097440084536675,0.7558723220054872
3991,0.3197689182593144,0.6468796677473467,2.018657301933216,0.7558723220054874
3992,0.3254203485843387,0.6614471367074268,2.0284084107341056,0.7558723220054877
3993,0.33247727827298357,0.6757766647880782,2.0389924017307943,0.7558723220054883
3994,0.34082750735984735,0.6898322756362453,2.0503981060969587,0.7558723220054883
3995,0.3503492323723581,0.7035804890299805,2.0626077444642505,0.7558723220054885
3996,0.36091640447476697,0.7169901201826809,2.075596663131914,0.7558723220054889
3997,0.3724031351698316,0.7300321016874345,2.0893331866477736,0.7558723220054889
3998,0.38468702050604114,0.7426793261810627,2.1037785887855205,0.755872322005489
3999,0.3976514270615486,0.7549065077590099,2.1188871807175826,0.7558723220054893
4000,0.4111868852218216,0.7666900602175029,2.134606512170316,0.7558723220054896
4001,2.1616441204403922,0.750023346010528,2.134606512170316,0.8629882722584653
4002,0.42519177699594485,0.7780079903014514,2.150877678671895,0.7558723220054897
4003,2.157348978543115,0.7385953126983972,2.150877678671895,0.8629882722584656
4004,0.43957250554666283,0.7888398042700095,2.1676357257584598,0.7558723220054898
4005,2.154186691026003,0.7282030511331637,2.1676357257584598,0.8629882722584656
4006,0.4542433103089617,0.7991664262394816,2.184810139253202,0.75587232200549
4007,2.15217344066753,0.7189289311672814,2.184810139253202,0.8629882722584661
4008,0.469125859108503,0.808970126914217,2.202325409504084,0.7558723220054903
4009,2.15131957108485,0.7108500662737843,2.202325409504084,0.8629882722584661
4010,0.48414871585305996,0.8182344614632412,2.220101656754215,0.7558723220054904
4011,2.151629478930441,0.7040365843543916,2.220101656754215,0.8629882722584664
4012,0.49924675363814297,0.8269442154395193,2.2380553045912506,0.7558723220054903
4013,2.1531015677935184,0.6985498890114211,2.2380553045912506,0.8629882722584665
4014,0.5143605600857253,0.8350853577676887,2.256099788623249,0.7558723220054903
4015,2.1557282649573417,0.6944410027885672,2.256099788623249,0.862988272258467
4016,0.5294358643973384,0.8426449999439368,2.2741462880874392,0.7558723220054906
4017,2.1594961005932345,0.691749092463755,2.2741462880874392,0.8629882722584665
4018,0.5444230031696147,0.8496113606983445,2.2921044689367966,0.7558723220054904
4019,2.164385847421588,0.6905002753203747,2.2921044689367966,0.8629882722584666
4020,0.5592764334798922,0.8559737354658704,2.3098832279869317,0.7558723220054906
4021,0.5739542961288991,0.861722470097984,2.327391428866354,0.7558723220054906
4022,0.5884180284056719,0.8668489383236309,2.3445386217285407,0.7558723220054905
4023,0.60263202367405,0.8713455225366785,2.361235739896508,0.7558723220054906
4024,0.616563333992057,0.8752055975482592,2.377395767774099,0.7558723220054903
4025,0.6301814115221623,0.8784235169973648,2.3929343754387533,0.7558723220054903
4026,0.6434578844330701,0.8809946021626155,2.4077705163054697,0.7558723220054905
4027,0.6563663631703462,0.8829151329631002,2.421826985107849,0.7558723220054903
4028,0.668882273276779,0.8841823409773832,2.435030934174889,0.7558723220054904
4029,0.6809827113050461,0.8847944043479077,2.447314346593129,0.7558723220054903
4030,0.6926463207421752,0.8847504444737628,2.4586144653392434,0.75587232200549
4031,0.70385318523201,0.8840505244287898,2.468874177857988,0.75587232200549
4032,0.7145847367244073,0.8826956490748621,2.478042355855987,0.75587232200549
4033,0.7248236764914083,0.8806877668725004,2.4860741502958668,0.7558723220054896
4034,0.7345539072289171,0.8780297734233468,2.4929312417201808,0.7558723220054895
4035,0.7437604747079624,0.8747255168119986,2.498582046122913,0.7558723220054894
4036,0.75242951765437,0.87077980484891,2.5030018766292947,0.7558723220054896
4037,0.7605482247223708,0.866198414352088,2.506173061253183,0.7558723220054895
4038,0.7681047975893356,0.8609881026438151,2.5080850169846203,0.755872322005489
4039,0.7750884193384829,0.8551566214802895,2.508734280427482,0.755872322005489
4040,0.7814892274169263,0.8487127336776222,2.508124495166113,0.7558723220054889
4041,0.7872982905604408,0.8416662327478622,2.506266355998117,0.755872322005489
4042,0.7925075891662307,0.8340279659144618,2.5031775101349605,0.755872322005489
4043,0.7971099986728406,0.8258098609387612,2.4988824154496703,0.7558723220054887
4044,0.8010992755740597,0.8170249572585901,2.4934121558484805,0.7558723220054889
4045,0.8044700457528117,0.8076874420179307,2.4868042138678663,0.7558723220054887
4046,0.8072177948730201,0.7978126916537015,2.4791022006572443,0.7558723220054889
4047,0.8093388606135327,0.7874173198030017,2.4703555436083273,0.7558723220054887
4048,0.8108304265694415,0.7765192324022695,2.460619132042567,0.7558723220054887
4049,0.8116905176835206,0.7651376909691638,2.4499529215763767,0.7558723220054885
4050,0.8119179971048547,0.7532933851883593,2.4384214980577315,0.7558723220054887
4051,0.8115125644038381,0.741008516062819,2.426093602314851,0.7558723220054884
4052,0.8104747551032826,0.7283068910400337,2.413041617384327,0.7558723220054883
4053,0.8088059415150513,0.715214032673714,2.3993410203970837,0.755872322005488
4054,0.8065083349010963,0.701757302528039,2.38506980189822,0.7558723220054879
4055,0.8035849890076401,0.6879660421619446,2.370307856059839,0.7558723220054882
4056,0.8000398050521622,0.6738717331270604,2.355136346008937,0.755872322005488
4057,0.7958775382755167,0.6595081779480692,2.3396370493241716,0.7558723220054883
4058,0.7911038062066309,0.6449117039896667,2.3238916896384625,0.755872322005488
4059,0.7857250988256207,0.63012139189489,2.3079812611944317,0.7558723220054879
4060,0.7797487908536627,0.6151793298284018,2.2919853541047477,0.755872322005488
4061,0.7731831564456096,0.6001308939701667,2.2759814889302326,0.7558723220054882
4062,0.7660373866152098,0.5850250544389441,2.2600444699595035,0.7558723220054882
4063,0.7583216097841882,0.5699147038975212,2.244245767204172,0.7558723220054878
4064,0.7500469159168339,0.5548570032712631,2.228652937559997,0.7558723220054879
4065,0.7412253847827959,0.5399137350201942,2.213329095774025,0.7558723220054879
4066,0.7318701189844307,0.5251516489305941,2.1983324457521927,0.7558723220054878
4067,0.7219952824934419,0.5106427781248932,2.1837158823010556,0.755872322005488
4068,0.7116161455671912,0.49646469369201873,2.1695266725939653,0.755872322005488
4069,0.7007491370605877,0.48270065497795717,2.155806225475425,0.755872322005488
4070,0.6894119053178701,0.46943959951127373,2.1425899551764447,0.7558723220054879
4071,0.6776233890228807,0.45677590281329256,2.129907244138633,0.7558723220054883
4072,0.3811591766374324,0.46005294182595147,1.9927849701954914,0.7558723220054883
4073,0.36908737771130495,0.47288366714677366,1.9918990123719977,0.7558723220054885
4074,0.35784665016636985,0.48628635262017345,1.991534318867648,0.7558723220054884
4075,0.34756065152942445,0.5001680178964545,1.9917091392743116,0.7558723220054883
4076,0.3383556983981153,0.5144412107475121,1.9924444157207637,0.7558723220054878
4077,0.33035713636160075,0.5290241790368514,1.9937633159828125,0.7558723220054883
4078,0.32368464433706284,0.5438408322761822,1.9956906781859711,0.7558723220054883
4079,0.31844666246971126,0.5588205589286659,1.9982523774454488,0.755872322005488
4080,0.314734371729211,0.5738979519156757,2.001474626861591,0.755872322005488
4081,0.3126158842101349,0.5890124821003284,2.00538322721441,0.755872322005488
4082,0.3121314425040947,0.6041081486889884,2.0100027813981827,0.7558723220054883
4083,0.31329039384672497,0.6191331267452685,2.015355891018512,0.7558723220054884
4084,0.3160704668907224,0.6340394252445201,2.0214623535508225,0.7558723220054886
4085,0.32041948220654165,0.6487825640448502,2.028338378948731,0.7558723220054887
4086,0.32625918948467086,0.6633212744975477,2.035995844526227,0.7558723220054885
4087,0.33349058203009857,0.6776172258601741,2.0444416062756954,0.755872322005488
4088,0.34199988488812305,0.691634777943041,2.053676883511829,0.7558723220054883
4089,0.35166445870243707,0.7053407592957951,2.0636967318721267,0.7558723220054885
4090,0.36235804922824766,0.7187042695536657,2.0744896173175507,0.7558723220054885
4091,0.37395505559920117,0.7316965041818133,2.086037100956624,0.7558723220054885
4092,0.38633371447072157,0.744290599684123,2.0983136413865453,0.7558723220054885
4093,0.3993782604988664,0.7564614973090995,2.1112865179499294,0.7558723220054888
4094,0.4129802171484636,0.7681858233399601,2.1249158749990715,0.7558723220054887
4095,0.4270390070027051,0.7794417841633859,2.1391548840921017,0.7558723220054887
4096,2.1653233172593502,0.75861570088342,2.1391548840921017,0.8629882722584686
4097,0.44146206668423665,0.7902090744475015,2.1539500181539006,0.7558723220054887
4098,2.160245880166315,0.7465119722344596,2.1539500181539006,0.8629882722584684
4099,0.45616462632905447,0.8004687969083703,2.1692414291323474,0.7558723220054883
4100,2.1562865413309193,0.7353839599997262,2.1692414291323474,0.8629882722584685
4101,0.4710692806512622,0.8102033922950677,2.184963418649717,0.755872322005488
4102,2.153465485080713,0.7253167337921463,2.184963418649717,0.8629882722584689
4103,0.4861054461539263,0.8193965783696594,2.201044989637905,0.7558723220054883
4104,2.1517971677059253,0.7163912730616487,2.201044989637905,0.8629882722584685
4105,0.5012087710054071,0.8280332967963169,2.217410465968126,0.7558723220054885
4106,2.1512901678598637,0.7086827910616981,2.217410465968126,0.8629882722584686
4107,0.5163205418406284,0.83609966698134,2.233980166622563,0.7558723220054882
4108,2.151947096944746,0.7022589940600881,2.233980166622563,0.862988272258469
4109,0.5313871150985823,0.8435829460222343,2.2506711209623878,0.7558723220054886
4110,2.1537645717080944,0.6971783569297085,2.2506711209623878,0.8629882722584684
4111,0.5463593886375915,0.8504714940291951,2.2673978120592566,0.7558723220054882
4112,2.156733249734879,0.6934885100524099,2.2673978120592566,0.8629882722584686
4113,0.5611923212607307,0.8567547441768708,2.2840729357989007,0.755872322005488
4114,2.160837926948399,0.6912248383929733,2.2840729357989007,0.8629882722584686
4115,0.5758445024782075,0.8624231769288546,2.3006081644537333,0.7558723220054882
4116,2.1660576947024315,0.6904093891670972,2.3006081644537333,0.8629882722584685
4117,0.5902777715331948,0.8674682979529214,2.316914904575461,0.7558723220054883
4118,0.6044568828025261,0.8718826193124972,2.3329050403033333,0.7558723220054884
4119,0.6183492136948622,0.8756596435802457,2.348491654453466,0.7558723220054884
4120,0.6319245107786228,0.8787938505738421,2.3635897209954813,0.7558723220054883
4121,0.6451546698527955,0.8812806864629442,2.3781167636929883,0.755872322005488
4122,0.6580135458719372,0.8831165550407928,2.3919934767544158,0.755872322005488
4123,0.6704767889510704,0.8842988109946521,2.4051443042918517,0.755872322005488
4124,0.6825217030417835,0.8848257550470775,2.417497976208552,0.7558723220054878
4125,0.694127124247587,0.8846966308754745,2.4289879988292085,0.7558723220054882
4126,0.705273316110771,0.8839116237512448,2.4395530991552805,0.7558723220054883
4127,0.7159418795417495,0.8824718608725654,2.449137622079265,0.7558723220054882
4128,0.7261156753691468,0.8803794133971486,2.4576918802381384,0.7558723220054884
4129,0.7357787577628452,0.8776373002137396,2.465172456440263,0.7558723220054882
4130,0.7449163170236353,0.8742494935242127,2.471542458775232,0.7558723220054884
4131,0.7535146304440437,0.8702209263425287,2.476771728625998,0.7558723220054885
4132,0.7615610201281978,0.8655575020531276,2.480837001859973,0.7558723220054885
4133,0.7690438168172252,0.860266106210201,2.4837220234927893,0.7558723220054882
4134,0.7759523289037017,0.8543546208014119,2.485417616106236,0.7558723220054882
4135,0.7822768159368878,0.8478319412457382,2.4859217022708893,0.7558723220054883
4136,0.7880084660225599,0.8407079964460182,2.4852392811837736,0.7558723220054882
4137,0.7931393766094524,0.8329937722732936,2.483382359690934,0.7558723220054883
4138,0.7976625382307878,0.8247013389231204,2.4803698378327383,0.7558723220054883
4139,0.8015718208358675,0.8158438826545582,2.476227349034356,0.7558723220054883
4140,0.8048619624048374,0.8064357425015393,2.470987055073582,0.7558723220054883
4141,1.8873821932459327,1.0164142498085533,1.4865523360411446,0.0
4142,1.887998533116138,1.016452758721859,1.4872266846238618,0.05726664502298888
4143,1.8886987095041028,1.017059565670969,1.4894058123361702,0.046254641545581225
4144,1.8885009080633974,1.017290388582634,1.4912928003270236,0.03459722372183162
4145,1.8871007157543795,1.017965516588995,1.493485406676568,0.10429302737508082
4146,1.8846071359691086,1.0159972958650265,1.4953795990830356,0.14993738705410584
4147,1.8810030357177194,1.0132763802892184,1.4973466273093623,0.2047673909936361
4148,1.8766709579645258,1.0110244379487108,1.498331809581662,0.2440778998227571
4149,1.8725404254015656,1.008662888140181,1.5003294721740308,0.1781041206876549
4150,1.8690365411912149,1.0067692850359808,1.5033041546431385,0.17725805523593546
4151,1.8648736169368936,1.0042411669769815,1.5065331684336822,0.23254358200361638
4152,1.8608075194197728,1.0014381022709729,1.5107633824026538,0.17911667275437454
4153,1.8580193472265987,0.9994172930919286,1.5163012441748736,0.11580198479088608
4154,1.8565227738652914,0.9982197600123948,1.5231392927787728,0.06241010899918723
4155,1.8559360642705283,0.997023684041332,1.5315635689696905,0.05414446823237752
4156,1.8565826817123174,0.9966266111394493,1.5411045345107763,0.08737001783517913
4157,1.8581203774519575,0.9963489225923379,1.5519406612356303,0.14176388823250224
4158,1.8606410337152635,0.9964553523931176,1.5638902044851077,0.1870473171732607
4159,1.8639270446700795,0.9967547034677526,1.5768121658475356,0.2269512151564805
4160,1.8679934979650925,0.9972998847432194,1.5906291301832416,0.27233124509367335
4161,1.8717072457462802,0.9976485327499658,1.6042336059447562,0.20668190992064572
4162,1.8744241987359942,0.9979885884757334,1.6164780420714724,0.1407990705971579
4163,1.8760735334893157,0.9981108386155304,1.6274536175816918,0.07929373491155275
4164,1.8767153006191872,0.998055256863013,1.6371589567512679,0.0265050958417879
4165,1.8773421572780948,0.9978823187711462,1.646874647232637,0.0744399582634784
4166,0.6094141734984235,0.4563699127726875,1.646874647232637,0.8327789304036592
4167,1.8788528781499845,0.997904306462968,1.6574222251353512,0.1242064849136791
4168,0.6147515676283598,0.46561927647913326,1.6574222251353512,0.848670577087872
4169,1.8811882107852163,0.9980607794381987,1.6687511194543438,0.17602297759967603
4170,0.6200856786954982,0.4759013139831084,1.6687511194543438,0.8638204654566978
4171,1.8843281297325098,0.9983278939105802,1.680826049743703,0.22587171528572145
4172,0.6254003016364725,0.4871802190856313,1.680826049743703,0.8762242160347201
4173,1.8872351929234732,0.9985620783830162,1.6923419758850122,0.15976753822286485
4174,0.6306670598841697,0.4994140241273251,1.6923419758850122,0.8872057382064198
4175,1.8889418169069176,0.9984137942252262,1.7023719140783955,0.09682867968749795
4176,0.6359191179542734,0.5125427585622715,1.7023719140783955,0.8994492333744253
4177,1.8908685177425246,0.998577937147989,1.7120043196901247,0.14820661737317972
4178,0.6410673505373551,0.5265214423800727,1.7120043196901247,0.9090442068360686
4179,1.8935611611473744,0.998775468480699,1.7222832733562663,0.20078297568884668
4180,0.6461243150274641,0.5412822149022989,1.7222832733562663,0.9181004850014062
4181,1.8960554822554074,0.998967465361354,1.7318980323551207,0.13497844816236051
4182,0.6510659695500514,0.556759461592025,1.7318980323551207,0.9257409253953615
4183,1.8974853036951158,0.9989667025956228,1.7398895675459767,0.07208931771263288
4184,0.6559215949742422,0.5728940590350731,1.7398895675459767,0.9336714523462866
4185,1.898153570107741,0.9991342327539408,1.7462049113329239,0.01565911483965032
4186,0.6606332417696865,0.5896168140147537,1.7462049113329239,0.9402955507655458
4187,1.8981348241804394,0.9995153974743961,1.7508784216612165,0.05326045414956906
4188,0.6651932862339592,0.6068632327490504,1.7508784216612165,0.9457297207044842
4189,1.897325954370595,0.9999430752723867,1.753936765705478,0.1043271312922272
4190,0.6695846197416117,0.6245680537582446,1.753936765705478,0.9501550957387539
4191,1.8964403179568465,1.0001476027057064,1.7566876573435952,0.04561032703681542
4192,0.6738351588540916,0.6426885763541528,1.7566876573435952,0.9551572137451079
4193,1.8962689531422916,1.0001889997025386,1.7600539790916396,0.011537028279900345
4194,0.6778645224311945,0.6611355775218233,1.7600539790916396,0.9602339365911464
4195,1.896968930065507,1.0002610127104001,1.7640017757852775,0.06727031628832145
4196,0.6816569079080359,0.6798432277728697,1.7640017757852775,0.9612457461677291
4197,1.8982165881596065,1.0000312029484442,1.7684795723651257,0.1241360341126811
4198,0.6852168847245528,0.698761263192047,1.7684795723651257,0.9625469670111662
4199,1.8993358279481904,0.999828651030696,1.7721832263787083,0.06102594726354125
4200,0.6885352630898154,0.7178363162952105,1.7721832263787083,0.9631062770589202
4201,1.8998805333062323,0.9999911283676063,1.7740953449055232,0.007295039717132072
4202,0.6915954983530898,0.737012372688776,1.7740953449055232,0.9626898209328769
4203,1.9002866829272682,0.9999390651193985,1.7754950083705812,0.05592495573310037
4204,0.6944035469796254,0.7562556930395399,1.7754950083705812,0.9628625634935015
4205,1.901252055263799,0.9995929148463896,1.7773882207703873,0.1083231438524478
4206,0.6969249509945112,0.7755001333253344,1.7773882207703873,0.9617585443715002
4207,1.9026900009478744,0.9988948201507444,1.779723962307749,0.16354734781963526
4208,0.6991476182196525,0.7946993017612123,1.779723962307749,0.9598659120118606
4209,1.9039225608007821,0.9981788699197277,1.7811915792290431,0.09676435467463919
4210,0.7010648965560441,0.8138154262252135,1.7811915792290431,0.9578051957157017
4211,1.9052323355018608,0.9975282461069072,1.7820547753572527,0.15221834472986454
4212,0.7026579562815262,0.8327993959519514,1.7820547753572527,0.955123007736306
4213,1.9065945722611577,0.9967392836180237,1.782524453425416,0.13054108550614477
4214,0.7039149728194858,0.851611078402474,1.782524453425416,0.9516071440550452
4215,1.907637124580028,0.9963023692203042,1.7814927291779932,0.06727816420380181
4216,0.7048228512010101,0.8702101981058206,1.7814927291779932,0.947852205026573
4217,1.9086857463975682,0.9958436281492576,1.7798503037362157,0.12428866750803576
4218,0.7053693683698976,0.8885587336322778,1.7798503037362157,0.9436200902634131
4219,1.9098761148436203,0.994948332841208,1.7782962638003033,0.1460083310290077
4220,0.7055418157713208,0.9066187521474436,1.7782962638003033,0.9389408496625115
4221,1.9109952807939343,0.9940874573207626,1.7759603186495398,0.11269037505480357
4222,0.7053282447355134,0.9243539038680825,1.7759603186495398,0.9338549041481288
4223,1.912118282704155,0.9930278783140755,1.7732386106941675,0.16307924326824125
4224,0.7047175278093145,0.9417294550769101,1.7732386106941675,0.9284024034666343
4225,1.9133876107076566,0.9913641342026802,1.7708445077236592,0.21186725661565867
4226,0.7036993724434754,0.9587122597543913,1.7708445077236592,0.922622742215647
4227,1.9148373067175821,0.9891557576739037,1.768762804129969,0.2604759158560735
4228,0.7022643315882342,0.9752707292562927,1.768762804129969,0.9165544931656103
4229,1.9163385429938606,0.9863290343838239,1.7669356026226821,0.3050741471804032
4230,0.7004038130346594,0.9913748030218912,1.7669356026226821,0.9102353575385986
4231,1.9179019406105628,0.9829245682713232,1.7653448438762205,0.3478452196242501
4232,0.6981100876839864,1.0069959207751065,1.7653448438762205,0.9037021156492621
4233,1.9195032321808203,0.97895357169467,1.7639654720429423,0.38920746940580775
4234,0.6953762968737983,1.0221069964502136,1.7639654720429423,0.896990577117486
4235,1.9211368737711003,0.9744403903342322,1.762781549490288,0.4299083283154248
4236,0.6921964588987028,1.0167593761917424,1.762781549490288,0.8901355305688121
4237,1.9227577594258054,0.9693792432725261,1.7617655563707766,0.4690635191792302
4238,0.6885654748747364,1.0001995813709172,1.7617655563707766,0.8831706928294135
4239,1.924296178476096,0.9637483883790852,1.7608798823639453,0.5039703827454967
4240,0.684479134109305,0.9834926154686563,1.7608798823639453,0.8761286576916216
4241,1.9258230878923965,0.9576241285845707,1.7601459611945258,0.5397887608478724
4242,0.6799341191526068,0.9666746839743294,1.7601459611945258,0.8690408443981671
4243,1.9272554365642132,0.9509741309075177,1.759524953302624,0.5745263649162913
4244,0.6749280107227073,0.9497845207300699,1.759524953302624,0.8619374460689225
4245,1.9285660572586776,0.9438058312118813,1.7590010330740384,0.605367840887777
4246,0.6694592927155422,0.9328634807960791,1.7590010330740384,0.8548473783723414
4247,1.9297818979582009,0.9361602755426692,1.7585873292808716,0.6386716051805884
4248,0.6635273575338356,0.9159556288643181,1.7585873292808716,0.847798228823538
4249,1.930859589571918,0.9280322799811788,1.7582654433925315,0.6664057762221628
4250,0.6571325119961589,0.8991078191023111,1.7582654433925315,0.8408162071703801
4251,1.9318065654581094,0.9194478278782565,1.7580448782921285,0.6962988863581732
4252,0.6502759841202201,0.8823697611628513,1.7580448782921285,0.8339260974057655
4253,1.9325676142951644,0.9103950889120318,1.757901984579149,0.7211248837231943
4254,0.6429599311142301,0.8657940657615676,1.757901984579149,0.8271512120157949
4255,1.9331730813857921,0.9009119687525088,1.7578636323523318,0.7501471116117372
4256,0.635187448958383,0.8494362617141238,1.7578636323523318,0.8205133491368982
4257,1.9335444756780276,0.8909743567197429,1.757892169639611,0.7726153580310593
4258,0.6269625840170688,0.8333547746741274,1.757892169639611,0.8140327533469096
4259,1.9337438431886977,0.880635752247082,1.7580393041884168,0.7964943021793232
4260,0.6182903471936545,0.8176108560921319,1.7580393041884168,0.8077280808523882
4261,1.9337158064602626,0.8698848154168662,1.75828336128628,0.8195916780745283
4262,0.6091767312265,0.8022684492426679,1.75828336128628,0.8016163698540025
4263,1.9334596614483484,0.8587397586869584,1.7586389441428483,0.8392777069941944
4264,0.5996287318308093,0.7873939777159915,1.7586389441428483,0.7957130168707343
4265,1.9329464438462238,0.8472041899160063,1.7591013462622793,0.8595315841521789
4266,0.5896543735204489,0.7730560407889343,1.7591013462622793,0.7900317597796473
4267,1.9322371136541485,0.8353255617360771,1.7597349426194133,0.8846940683729582
4268,0.5792627411024787,0.7593249998917388,1.7597349426194133,0.7845846682795209
4269,1.931232715733112,0.8230730097417001,1.7604831640555196,0.8980113415319626
4270,0.5684640180317709,0.7462724413559808,1.7604831640555196,0.7793821424130379
4271,1.929982255894805,0.8104874182437494,1.761394904782192,0.9247213409270701
4272,0.5572659567310645,0.7339600488843601,1.761394904782192,0.7746765158307406
4273,1.9286488747627175,0.79800357712236,1.7621068495813557,0.9007625642322029
4274,0.5456704367599617,0.7224359265787214,1.7621068495813557,0.7718407154172433
4275,1.9277849959238,0.7866899514771485,1.7619673731072147,0.8062066865623787
4276,0.53370058794843,0.7118036627722473,1.7619673731072147,0.7672319705664786
4277,1.9268696205619371,0.7758273443651851,1.761211964379222,0.8217156687081667
4278,0.5213417517614651,0.7020714525229518,1.761211964379222,0.7659324143859341
4279,1.9258073197828622,0.7646345846804323,1.7609791497966611,0.8543930107649346
4280,0.5086511174923648,0.6933983553068547,1.7609791497966611,0.7633079186205334
4281,1.924413550784154,0.7531907969258865,1.7608691110218369,0.8509395497614061
4282,0.49562632442395943,0.6858018077538124,1.7608691110218369,0.7597419910471532
4283,1.9229904549401666,0.7419993533057966,1.7606629971564436,0.8215735778069936
4284,0.48229271097452,0.6793470755180993,1.7606629971564436,0.7564008937573777
4285,1.9220708257580554,0.731973084181229,1.7598718834506104,0.7426084007638973
4286,0.4686625578766114,0.6740682805033057,1.7598718834506104,0.7538566417510036
4287,1.921768570946155,0.7235233996142734,1.7580538158267462,0.6579095107140251
4288,0.45472868082830253,0.669972548447744,1.7580538158267462,0.7570252711982113
4289,1.9225353196859243,0.7167561191151027,1.7559285362166224,0.6102239906401735
4290,0.44056351929064247,0.6671498992257014,1.7559285362166224,0.7532002121875347
4291,1.9239925933306425,0.7114673272629524,1.753213745495718,0.5312066821798306
4292,0.42618086638396585,0.665600314944065,1.753213745495718,0.7508198679172949
4293,1.9253510439843715,0.7063956505690964,1.7505605179370178,0.5459895324586639
4294,0.41160055763553277,0.6653227847659127,1.7505605179370178,0.7512453832420127
4295,1.9260289706672544,0.7005762974413261,1.7485194365104808,0.5772087832675064
4296,0.39685919278982373,0.6663180616324711,1.7485194365104808,0.7493058009929392
4297,1.925854808598585,0.6939763609139801,1.7468508046634483,0.5823304632997558
4298,0.38198075084044747,0.6685662051427974,1.7468508046634483,0.750324698999423
4299,1.9251544952874844,0.6867186206525814,1.7459979619852288,0.6087110503580782
4300,0.36703341092586333,0.6720560765949357,1.7459979619852288,0.7494022882022348
4301,1.9237643282744532,0.678770915958826,1.7457222192413047,0.6378645995532354
4302,0.3520446398149123,0.6767431538981318,1.7457222192413047,0.749582731809911
4303,1.9216783920992409,0.6701518938605914,1.7460019456386675,0.648856056961221
4304,0.3370656879647188,0.6825843273950617,1.7460019456386675,0.7500897370785816
4305,1.918979599621031,0.660903213000746,1.74693336649391,0.6774528905012343
4306,0.3221477118794635,0.6895282343531722,1.74693336649391,0.7517446935892241
4307,1.9156551620844413,0.6510395419997455,1.748490665872868,0.6915195031074798
4308,0.3073611513947133,0.6975192226236494,1.748490665872868,0.7519899287910411
4309,1.9117486300533773,0.6405897900201732,1.7507158773696767,0.7251249681824465
4310,2.126080630962434,0.7064963209623601,1.7507158773696767,0.7535857045786292
4311,1.9075902616795997,0.63009140643135,1.7533556918274698,0.6934763406076522
4312,2.1110365039611723,0.7163977900905485,1.7533556918274698,0.7561382103693143
4313,1.9041394093732054,0.6206943760047038,1.7563970898231804,0.6174267098684978
4314,2.096074637490488,0.7271548117690206,1.7563970898231804,0.7571181633675916
4315,1.900668431555995,0.6116415465776837,1.7596737472972934,0.6336398830785869
4316,2.081200033089257,0.7387120252724491,1.7596737472972934,0.759489094136649
4317,1.8963949101138966,0.6019295303353657,1.7633291338831356,0.6531748457156633
4318,2.066451368666935,0.751011774397534,1.7633291338831356,0.7668962368414705
4319,1.8917398787551698,0.5916463851216572,1.7681510886699452,0.6862873315755043
4320,2.0519845523755653,0.7639490698872982,1.7681510886699452,0.7715843393495704
4321,1.8864208455934446,0.5807599652069679,1.7735742230620166,0.7073910821544281
4322,2.0377953055785736,0.7774731205715992,1.7735742230620166,0.7700015305361582
4323,1.8804073306328304,0.5692852740390788,1.7795080230815805,0.7220293437634737
4324,2.0239482846189594,0.7915105407733584,1.7795080230815805,0.7750245876400282
4325,1.8738033134520224,0.5572565001149312,1.7860900273553444,0.7545993436207132
4326,2.0104799657542975,0.8060030424177054,1.7860900273553444,0.779070090879499
4327,1.8670843725422306,0.5452604880451973,1.793294865072317,0.7251087856284905
4328,1.9974516915759928,0.8208820854151021,1.793294865072317,0.7823272550945835
4329,1.8609789434708446,0.5341774674564133,1.8011173903611917,0.677133476992512
4330,1.9848998351689258,0.8360953819186424,1.8011173903611917,0.785590325466728
4331,1.8559777374618658,0.5245679961980791,1.809630879970582,0.5982555706518007
4332,1.9728599988591298,0.8515953892697025,1.809630879970582,0.7879548808009877
4333,1.852120526961839,0.5165642164519149,1.818689508568664,0.5278189943483669
4334,1.9613487567075238,0.8673520571046378,1.818689508568664,0.8028699902404783
4335,1.84966297596679,0.510139640190204,1.8289962407452096,0.4772024211746706
4336,1.95051252555817,0.8832436970696469,1.8289962407452096,0.795767893342668
4337,1.8469418430751168,0.5039148703289066,1.839249996797034,0.47767867460318264
4338,1.940226131281107,0.8901911833308922,1.839249996797034,0.8049210758188534
4339,1.8435930932626254,0.49693254225387995,1.8504789901458598,0.513179273764004
4340,1.9307490626192232,0.8740753135203913,1.8504789901458598,0.8076041160053296
4341,1.8394103886105597,0.48919214821157914,1.862113490706026,0.5493340798950896
4342,1.9219956954333577,0.8578927006618275,1.862113490706026,0.8132410781717072
4343,1.8350441292096895,0.481425736563091,1.8742542703812255,0.5217246378842862
4344,1.9140028471964983,0.8416883094752587,1.8742542703812255,0.8182238541891684
4345,1.8315250231325149,0.47474862155353287,1.8871980122029686,0.4514237840774512
4346,1.9068149667214669,0.8255189882629579,1.8871980122029686,0.8258841020510093
4347,1.828215298371318,0.4684288346174612,1.9008223588923312,0.4658099564155175
4348,1.9004803721380334,0.8094525997383102,1.9008223588923312,0.8275670883609743
4349,1.8240493912410978,0.4614030791376099,1.9145595044880712,0.4835656726093944
4350,1.8949854974832054,0.7935007269383937,1.9145595044880712,0.8336920893803051
4351,1.8190804746066325,0.45361101353468974,1.9286314475684807,0.5234774068532547
4352,1.8904101136047087,0.7777759948342517,1.9286314475684807,0.8372439014036606
4353,1.8866344237321446,0.7621748367656775,1.9424618010051626,0.8442582183164372
4354,1.8837139795800144,0.7467838203911502,1.9562458669995972,0.867276905718441
4355,1.8819421865989523,0.7320134697284363,1.9711408373584027,0.85176609922763
4356,1.881021811694737,0.7175483839921065,1.9853986340300487,0.8626707671145211
4357,1.8811128141215283,0.7036560204621416,2.000021592862133,0.8688721478230411
4358,1.8822168088375588,0.690416702633235,2.0149789882401947,0.8732926388644838
4359,1.8843012282404925,0.6778636280584002,2.029931240926617,0.8760942543734694
4360,1.887351107694897,0.6660559623563925,2.044772211442897,0.8789593649272573
4361,1.8912839539592137,0.6549191635826085,2.059791717326577,0.8955098114500804
4362,1.8962411535851051,0.644815957309237,2.0763698580992203,0.8922278501514271
4363,1.9021460656732128,0.6357114549041547,2.0937757072469343,0.8915925866366468
4364,1.9089411194308663,0.6275746277595137,2.111094900671902,0.8970791854934642
4365,1.9166602823087324,0.6206035504781303,2.128106807323566,0.9007597589522885
4366,1.9252687838460405,0.614838553259733,2.1449548619033223,0.904405695093725
4367,1.9347464960495435,0.6103734497045905,2.1618775880795105,0.9042332811842706
4368,1.9450461557846785,0.6071964114159879,2.1792020005239694,0.9060127834032028
4369,1.9561348477001337,0.6053117047929308,2.197214180646288,0.9097187451280341
4370,1.967988031750275,0.6048446206026671,2.216268752059531,0.9092049491828331
4371,1.980559730216281,0.6057429739827158,2.2352322544738583,0.9100866867588512
4372,1.993813102415619,0.608001955041163,2.2534072260150055,0.9114916459964224
4373,2.007702316524056,0.6116296366774009,2.2710132241635987,0.9115778359835512
4374,2.0221837817501704,0.6165880270706232,2.2880884526904057,0.9133511614297048
4375,2.037214569825449,0.6228336040991517,2.304649265443212,0.9105548880851988
4376,2.0527764228968524,0.6303012170447493,2.320228416235041,0.9117614421343824
4377,2.0687902548994956,0.6389658704810294,2.335083077871786,0.9134779080906545
4378,2.085212407375018,0.6487529912405106,2.3492582567756406,0.9101173215816617
4379,2.1020107146580473,0.6595883063595628,2.362517772660581,0.9142479966880095
4380,2.119123388617791,0.6713985441482605,2.375027361152909,0.9140832521457375
4381,2.1365129983387883,0.6841066831031838,2.3876365722001047,0.9077184138052237
4382,2.1541367612294886,0.6976370079957168,2.400939785094252,0.9074245857795725
4383,2.1604384731924013,0.8458975005392846,1.6869596369024185,0.7974460963217765
4384,2.1477621104761933,0.8599292253297128,1.6751027505774967,0.8034573762722944
4385,2.135683285536548,0.8744878090755328,1.6639958858895278,0.8110092240891413
4386,2.124328756539735,0.8894652922969623,1.6530952252758315,0.8082732238913731
4387,2.1134972246615105,0.9049210253214066,1.643978241332114,0.8156112583864529
4388,2.1034257995899304,0.9107223017698362,1.63642548698508,0.826983706703835
4389,2.094117673070788,0.8946732568437394,1.6298950169209074,0.8214631932672692
4390,2.085488438348546,0.8786872283238167,1.6247244537972538,0.8274833125991362
4391,2.0776290367462913,0.8628671598824194,1.620713837799639,0.8430997196734508
4392,2.070688205218787,0.8473901961655709,1.6171950565782753,0.8340595957094826
4393,2.0644594851017626,0.8320709700262396,1.6157235743613312,0.8470727701356686
4394,2.0592445890638564,0.8172666891904075,1.6152157872434394,0.8442702722649936
4395,2.0547890526862953,0.8027310848234827,1.6166828351143432,0.8601872223716502
4396,2.0513574475684124,0.7888128761904565,1.6187497084960525,0.858996911287403
4397,2.048873884580129,0.7754772008226654,1.622096800580698,0.8602299712114424
4398,2.0472647301753044,0.7626770382004782,1.6268112957316003,0.8672514977991687
4399,2.0466431093474347,0.7506163404337896,1.632374923987734,0.871262113688901
4400,2.0469900387034343,0.7393330698102718,1.6389934134841406,0.8731423993332809
4401,2.048203237287085,0.7287297593350416,1.647169905171412,0.8809808407487684
4402,2.0504103538464182,0.7190645265993337,1.6563188187782285,0.8877025952743431
4403,2.053664194019963,0.7105096270497504,1.6654805507035355,0.8881186712589606
4404,2.0578766542198115,0.7030024890486464,1.675350988244935,0.8900062462710093
4405,2.062969181340604,0.6964656376072126,1.6863570207324785,0.9049721340428115
4406,1.1703170845727235,0.45199586489161075,1.6971782501353627,0.3172117022008971
4407,2.069058067123316,0.6912090923487522,1.6971782501353627,0.8975852079888111
4408,1.1640486224607294,0.4558191230688134,1.7090027073910168,0.34658012344521627
4409,2.0760258731197547,0.6870721298137142,1.7090027073910168,0.9028975759883242
4410,1.1569081613475816,0.45963789691844714,1.7214456096101305,0.3809737809755186
4411,2.0838910072448207,0.6841708670466091,1.7214456096101305,0.9072940876195321
4412,1.1488844807711294,0.463732620698559,1.7342054713668795,0.4225754457208504
4413,2.0926394809907407,0.6825601640714404,1.7342054713668795,0.9110557241278655
4414,1.1412455314169456,0.46803621970408654,1.7471885837220054,0.3534504194890367
4415,2.102250169707151,0.6822872522703802,1.7471885837220054,0.911393716769434
4416,1.1350191934669867,0.47150382986199735,1.7613500630243173,0.2848654235028565
4417,2.11266775634077,0.6832718781933287,1.7613500630243173,0.9209474485131399
4418,1.1301492531140767,0.47495087126007857,1.775689433934066,0.2241434583114314
4419,2.123884238854399,0.6856198701236607,1.775689433934066,0.9141374253841908
4420,1.1265736378700086,0.47728266985789036,1.7913822310085372,0.15489110748032153
4421,2.135846436809327,0.6892070712789568,1.7913822310085372,0.9190240662314254
4422,1.1242713920699101,0.47935835537730753,1.807368549719371,0.10332604886806823
4423,2.1485252641835704,0.6941130516310141,1.807368549719371,0.9178617805145965
4424,1.1231611616431822,0.48059612888680237,1.8242905895714867,0.06081192828079705
4425,2.1618785479580085,0.7002377094615688,1.8242905895714867,0.9200796550983761
4426,1.1232283218577634,0.48134997999812695,1.8416988109592196,0.05935235324173259
4427,1.1242873090119057,0.48151659730075724,1.8597100180637574,0.07611509789569829
4428,1.1263235399930023,0.48111230205153516,1.8782718682277957,0.126618884458861
4429,1.1294069527642538,0.48015208735326936,1.8973169209893352,0.1769316399580755
4430,1.133477137278552,0.47856451306167075,1.9168912692833113,0.22512809917012372
4431,1.1384547713901074,0.47623784824331356,1.9371412545032376,0.27007084690945143
4432,1.1443845209333456,0.4735446912275269,1.9575980040483967,0.31699400323494475
4433,1.1511859189377338,0.4703386012410214,1.9784310952415014,0.36033668669447305
4434,1.1588416354636866,0.46671399067123964,1.9995187689125178,0.4027175578389332
4435,1.1671870177331671,0.4623349484255101,2.021251696599269,0.4403734641185621
4436,1.1762210026749025,0.4574127677623468,2.043381040884291,0.4771763936988019
4437,1.1860124319110985,0.4522420408592662,2.0655351486249223,0.5139810281940015
4438,0.715150249788262,0.45696703569117486,3.381436013831508,0.9782310156226209
4439,0.7072871906324951,0.4680239142159886,3.3985226660185983,0.9964953927403596
4440,0.6588435364140703,0.539147865164292,3.4854296506675686,0.982623795099977
4441,0.6532183465864062,0.5516236988277489,3.4988693710510685,0.8921700512971771
4442,0.6482025469036561,0.5640016853072184,3.5118782687674766,0.9091810365867036
4443,0.6429178794974656,0.5763202282908381,3.5238090158911,0.9275987936518156
4444,0.6375869718246097,0.5888639318983278,3.53485487048201,0.9361555372690827
4445,0.6321015214785118,0.6014443803603101,3.5448648372210285,0.9578279479762712
4446,0.626977280248905,0.6139868025142499,3.554204197376124,0.9146601404243232
4447,0.6228015590225662,0.6259521971196012,3.563283792341433,0.8207957333571821
4448,0.6192494161052349,0.6378689208572035,3.5719186535404592,0.8505010673945916
4449,0.6153316284628031,0.6496000938942148,3.579280862325467,0.8609360993770374
4450,0.6114012531273371,0.6616096366746799,3.5856655011248257,0.8771687380119554
4451,0.6072101238710094,0.6735153981235821,3.5908168951453647,0.8951927146717955
4452,0.6029297173815913,0.6855243697433148,3.594874454738774,0.9056693303933913
4453,0.5985104179627226,0.697532615506956,3.5977545823273136,0.9147936425217351
4454,0.5937683538385071,0.709252739349759,3.599281402119158,0.9240041613559122
4455,0.5889012219825838,0.7209202787304276,3.5995979517142698,0.9338208645014207
4456,0.5840552273246192,0.7327054747961129,3.598819784924431,0.9470795754316751
4457,0.5793814090373056,0.7447884305926535,3.5970536610694537,0.970402647858131
4458,0.5746614832245738,0.756823978520523,3.5940806413884716,0.9767905407079955
4459,0.5697853609183837,0.7686261124959396,3.5897985660423304,0.9838760832700643
4460,0.5651182686770913,0.7806647693457147,3.5844949726598254,0.9990881410396071
4461,0.5394334759636225,0.8517586821626829,3.5290516769724465,0.9523001680714281
4462,0.5370600562958301,0.8634982723041127,3.5175386304978815,0.9745876592925053
4463,0.5346996573652869,0.8750939904117403,3.5048065737628114,0.9795716930864697
4464,0.5321872514515544,0.8863062885214518,3.4907529739545087,0.9852845441473997
4465,0.5189249209796803,0.985161463382916,3.3175249329604557,0.9768078107136564
4466,0.5203019756107545,0.995748034037754,3.2963030478210613,0.8876373236788274
4467,0.5222297226854029,1.0061933942551209,3.2749778812029176,0.913261237381989
4468,0.5247076207742546,1.0164282373706066,3.253751151217855,0.8259671958372546
4469,0.5280396639014165,1.026356826499128,3.2334959628503257,0.750450763541602
4470,0.5323579184626976,1.0362720517776336,3.21431543036368,0.6857596892295955
4471,0.5373000307418164,1.0458835562198971,3.1960701579164623,0.6155461270551166
4472,0.5423113001152009,1.05525732612001,3.1776186827728536,0.6454094670657686
4473,0.5469034484329622,1.0642388994004064,3.1581820314247695,0.6350252603490171
4474,0.5509533496855057,1.072674732996138,3.1377364956200227,0.6364343717427818
4475,0.5547462019919335,1.0809410804972985,3.1163334019890954,0.6708424831078509
4476,0.5583451608412033,1.0889079193726738,3.0943618740944743,0.6474384878873679
4477,0.5622792177874302,1.096704656286549,3.0729796278099393,0.5768903453264649
4478,0.5662702459229179,1.1043055354229616,3.0516396867113227,0.6098394786494747
4479,0.5695465922978148,1.1111651679157677,3.0294068716483786,0.5895456543518679
4480,0.5723334134238063,1.1175336558287767,3.006450539725713,0.6032595919380491
4481,0.5751628594957806,1.1240612474738283,2.9828421799116867,0.647572310337043
4482,0.5779222934318959,1.130309112911669,2.959281647558808,0.5994851129076574
4483,0.5808945436493685,1.1362441024672023,2.9367791647993546,0.5239696880366209
4484,0.5844457450527708,1.1353853518300487,2.915809406419243,0.4665456666059441
4485,0.5890802183808987,1.132905302135899,2.896457668882866,0.44640725681138704
4486,0.5942414668109388,1.1316986936856095,2.8786110277132346,0.4009014323428128
4487,0.5992421654466655,1.130490506986748,2.861013478749443,0.4241769355795611
4488,0.6031120485796083,1.128215122591597,2.8425909484206042,0.39315168378888893
4489,0.6066235886897646,1.1250251585461895,2.8236124610934716,0.4289078997438962
4490,0.6093652744222492,1.1208820785289202,2.804057518325363,0.4348354669875705
4491,0.6114539298138142,1.1158284465842288,2.7840132491452807,0.47134973109000416
4492,0.6128898351025898,1.1098915253284953,2.7635518875511873,0.49211760042446195
4493,0.6137865644123172,1.1031071227106672,2.742742660898968,0.515568848820213
4494,0.614395229595609,1.0960153058052136,2.7221927839033433,0.4931040137511207
4495,0.6150215793255099,1.0895490745846734,2.7028505270658094,0.43079347976539495
4496,0.6159280795590748,1.0830875641800217,2.6841526767422965,0.47504910022751723
4497,0.61620883629301,1.0757803089923519,2.665302717642345,0.49694118655836955
4498,0.6158779534472433,1.0676579546663756,2.6463823607200023,0.5300152433809945
4499,0.6155365321405052,1.0595896944777907,2.6283002830087256,0.49599053795341314
4500,0.6154807799887195,1.0526890647304556,2.612080432732874,0.40213201866490855
4501,0.6168251282549319,1.0471812403936718,2.598004433172097,0.3873583350107621
4502,0.6184864574125178,1.0430987859304441,2.5861650285571747,0.3055624852677386
4503,0.6213254289970213,1.0402846738668161,2.5763565289038755,0.2992349550476025
4504,0.6241532686610856,1.0378733202674013,2.5678350809395436,0.2804059800683153
4505,0.6264390966941983,1.034738245261791,2.559539600738622,0.3134324813610321
4506,0.6279034444524808,1.030627410652589,2.5512793866085253,0.32026982028434325
4507,0.6286267468041922,1.02556738756712,2.5431043750620654,0.3597586858697729
4508,0.628777145512551,1.0204363395358436,2.5359086472626227,0.305235700446698
4509,0.6290771262458417,1.0148996237197536,2.529206606178201,0.3686237308075784
4510,0.6293767180553852,1.0097472546590716,2.523921622603314,0.2989543752261758
4511,0.6301068915398402,1.0060573649846072,2.521015439285636,0.22738892789556714
4512,0.6321619771873223,1.003482059886196,2.5198969674301517,0.24773049528877605
4513,0.6346356451685708,1.002277197070134,2.5210314221524577,0.18750745802930674
4514,0.6373216621169431,1.0008736103253963,2.522811724993733,0.23234958756203009
4515,0.6391884298177929,0.998711278105366,2.5249484362034433,0.22138146059299568
4516,0.6411082747912791,0.9967557781656353,2.5281820208189854,0.1897688620791256
4517,0.6426993837371788,0.9946558663104702,2.5322525208718623,0.19918429334251128
4518,0.6434615353487814,0.9915230527193031,2.5363589267657023,0.23495035829319355
4519,0.6433054532164587,0.9880620613139234,2.54134566296788,0.19612607667440624
4520,0.6424461914911916,0.9841181629856287,2.546960273554521,0.22698364574051785
4521,0.640690867709452,0.9793892886533124,2.5529192570833024,0.2556320202851693
4522,0.6380855606773906,0.9739181388325207,2.559250176539244,0.28981463194197504
4523,0.635076392102121,0.9672046896672327,2.5651120823816513,0.3594266108050866
4524,0.6320916046157788,0.9611707790228563,2.572506429197569,0.2735113005736979
4525,0.630484837643331,0.9560731684973117,2.5809520508001484,0.2322692760110596
4526,0.6288641762653696,0.951085158495084,2.590170868377253,0.2770707011713363
4527,0.6264124605417867,0.9458086934811787,2.6001267696212684,0.2666239710145685
4528,0.6233495753448545,0.9398613471093329,2.610193481414826,0.3131587460722871
4529,0.6194442536959865,0.9331839590234755,2.620405014778039,0.3509330137197881
4530,0.6146703614423512,0.9259193331266243,2.6309130127462192,0.3926064182610982
4531,0.6098984097420074,0.9187556319607469,2.6419822091676535,0.3502179522878584
4532,0.6061412742999814,0.9124918609197303,2.6539187552454235,0.28739474381040775
4533,0.6024641931614171,0.9063713384238405,2.666316790726427,0.33043239604929
4534,0.5978619439757569,0.899890827289725,2.6791324413675346,0.35267022476556414
4535,0.5923620912541444,0.8931338465605437,2.6924126981694156,0.3832966375741718
4536,0.586169129874791,0.885563221104696,2.705300247152707,0.4342759575450931
4537,0.5800510050988362,0.8781511004503194,2.7184607717709626,0.38896686899029487
4538,0.5749974591657557,0.871731159979572,2.7322698009543833,0.31769525069254484
4539,0.5712786335954577,0.866300925421163,2.7465053328305378,0.26606332240621394
4540,0.5689109363777708,0.8614945054736073,2.7606625174615416,0.23429394211148358
4541,0.5677334265048504,0.8577643248032221,2.7753751012908547,0.17006310309937503
4542,0.5678338005708017,0.8543156705532998,2.7895343675367337,0.17744288941082534
4543,0.5677662354950864,0.8514731855394214,2.8044179368746605,0.14963744299465692
4544,0.5666665761173524,0.8477757787075453,2.8186141521291628,0.18738946599728262
4545,0.5645082628770238,0.8437138520290174,2.832741937015461,0.22743936551748015
4546,0.5613354668889076,0.8393532959177826,2.8468086576644085,0.2495251754123201
4547,0.5571872344931036,0.8346867113857915,2.8607201992088305,0.2842409678808996
4548,0.5520736721360314,0.8302334559478802,2.875080942828053,0.3098232323939122
4549,0.546069089653095,0.8251485414715193,2.8886939832398295,0.3581894033100735
4550,0.5391845244514635,0.819879869861366,2.902082821587701,0.3967584518225148
4551,0.5314520740340984,0.8145528680570088,2.915296505823636,0.43021885598400245
4552,0.522903665605984,0.8091781246436706,2.9282649045753435,0.4743993717573006
4553,0.5146820039400525,0.8044283001711331,2.9412003078021907,0.406885604839083
4554,0.5078239528405402,0.8002212797540875,2.9534128919606166,0.3331676692562969
4555,0.5010930073891802,0.7957165361156816,2.964532529050027,0.39025206010369656
4556,0.49476153160412617,0.7914639704552963,2.975048089858467,0.3183593692435645
4557,0.48982089082804486,0.7875546962861342,2.9846222793338173,0.25445707410461366
4558,0.4849659583108734,0.7837667033684149,2.9935657057857306,0.30350791170552543
4559,0.47960003889574127,0.7801341264351197,3.002122063794668,0.3000927746496016
4560,0.47490027687146924,0.7766862508225577,3.0098360481070867,0.2377012603278213
4561,0.4703141176600715,0.7735537522718537,3.017067470704205,0.2729982448389845
4562,0.46477001366731363,0.7703848877921711,3.02378624952835,0.3220179031547118
4563,0.4590375135007827,0.7675662971595593,3.030091293574903,0.29543718573286365
4564,0.4542026434910397,0.7648960386719073,3.0353777398838573,0.2324996285435116
4565,0.44939556680284976,0.7621432482043657,3.0396955787508007,0.27151222443366074
4566,0.44372620375465566,0.7597938881066049,3.043828105710696,0.311428314796694
4567,0.43722835709034874,0.7578540844995728,3.0477401880018897,0.3476962142392138
4568,0.42986773801105443,0.7561434987132505,3.0512050091245335,0.38698780401470795
4569,0.4217418474501875,0.754889431541266,3.054391920457925,0.41968186676248564
4570,0.41285615814810234,0.754043029217123,3.0572151216553256,0.4648659481716696
4571,0.4043307736084816,0.7534833878825011,3.059230688676058,0.4007482415105414
4572,0.3971636358524424,0.752912305086197,3.0599400950420517,0.33366117099315923
4573,0.3911203181061316,0.7515814975859673,3.0586525059051284,0.2882801058555133
4574,0.3863405299844057,0.7498956743167914,3.0558160507136205,0.22789663961271445
4575,0.3827671936502345,0.7478133586678621,3.0514449250620705,0.17906716876225634
4576,0.3792203839392282,0.7458424219438159,3.0463262061079766,0.22210978686999414
4577,0.3748488969652514,0.744534395395261,3.041182801967731,0.24142604010161572
4578,0.3696869337289712,0.7438925190687836,3.036003399289732,0.27039798175359886
4579,0.3639556767752492,0.7442021353182138,3.031025284234114,0.3062633741388452
4580,0.3576231576476119,0.7453053310670128,3.026089348238787,0.33888605280903555
4581,0.35042974031718965,0.7468118771318352,3.020846487217157,0.38346189716424756
4582,0.342539965851224,0.7489343996600664,3.0154832463606094,0.4214920620033845
4583,0.33411801853722284,0.7518295944774955,3.010137663899169,0.453147332710785
4584,0.3253932255164702,0.7556789226479026,3.00496720050853,0.4913533828099663
4585,0.31605780654344284,0.760108733792115,2.9996629113994806,0.521559226412357
4586,0.30634734172494543,0.765309933047734,2.9944000921518334,0.5620861816540095
4587,1.2788934763801276,0.7707720527578799,2.98865480012892,0.5320533579524426
4588,1.2690750257288121,0.775606233451459,2.981535662852816,0.45539425683859713
4589,1.2595091236567726,0.7804155481696167,2.973743525499088,0.49920266464769647
4590,1.2503483730857188,0.7853460418322167,2.965442726275526,0.4404180802625468
4591,1.2422215666648921,0.7891986928843358,2.9555171320341134,0.3758772796707812
4592,1.235395901994283,0.7920037933521553,2.9440387221771824,0.30909511238015447
4593,1.2287124151296631,0.794830350897881,2.932157898225647,0.3565231658803285
4594,1.2217843237620905,0.7981568506008606,2.9203973931258242,0.34364282987992295
4595,1.215662717787274,0.8009855493633433,2.907781530544431,0.2751412218869088
4596,1.2095860080487855,0.8037760733600224,2.8948672361704304,0.3272102847128074
4597,1.2033078278658387,0.8069935182326134,2.8821548238182597,0.3089901566012807
4598,1.1977908722260648,0.809588447859748,2.8686321321427797,0.25798105279056616
4599,1.193286107647763,0.8109986840489042,2.853831312874723,0.20378497339917873
4600,1.1891084364750757,0.8125772372249672,2.839092112594435,0.21993294353391768
4601,1.1840225453385478,0.8151002501130618,2.825332960335682,0.2664738399971211
4602,1.178559438639154,0.8111114765085126,2.8126536519407077,0.300967184587459
4603,1.1722863085666895,0.8064916934224476,2.801011138350559,0.3355945629438392
4604,1.165570058712852,0.8019643841955381,2.790513727937234,0.3660796114770337
4605,1.1585114173211517,0.7976443034916347,2.7811432855755984,0.40215996924007413
4606,1.1508298951145397,0.793163409998664,2.7729177711228044,0.4467780580712464
4607,1.14330373133855,0.7889675941369726,2.7651165723655744,0.40832199112435485
4608,1.1357493020900378,0.7849287065005397,2.7579242842510294,0.44538616702575634
4609,1.1278957180982314,0.7811388062445673,2.7520237310319597,0.4787799277134508
4610,1.1200930168893866,0.7780015906752817,2.7473631881895035,0.5092033426031233
4611,1.111629366537203,0.7746730842610239,2.744075392136723,0.5500191345151126
4612,1.103069096653406,0.7717787131162367,2.742071872147318,0.5728666422538862
4613,1.094509314991568,0.7694254552870929,2.74133837916867,0.608396251393304
4614,1.085865227146437,0.767252303124968,2.741564070476565,0.5978272209106907
4615,1.0772588967944994,0.7654516469876577,2.742832734735431,0.6349651339774172
4616,1.0691219529755736,0.7639018974069002,2.744292856119395,0.5533554892942137
4617,1.062060108900561,0.7625698677527496,2.7448825056729205,0.4772716787079122
4618,1.0556669575725923,0.7610336177895717,2.744824038352159,0.402696825425845
4619,1.0496123421602275,0.759772582133481,2.745364276172922,0.43396157443500094
4620,1.0431343876956929,0.75870398891126,2.747718493345178,0.4746487474088393
4621,1.0367616823563803,0.7583279170476775,2.7516958543221075,0.5042531296864968
4622,1.030427945880847,0.7585703568979083,2.757312840066244,0.5463025586637749
4623,1.0244108230775613,0.7588724033877022,2.7633600671500678,0.47755372073458235
4624,1.0188535543709236,0.7587144669988443,2.768923471124078,0.397961273731034
4625,1.0138051007668463,0.758944947608762,2.775110638376467,0.42749435615203557
4626,1.0085281097844911,0.7595881496332741,2.7831667906816495,0.4763037026992143
4627,1.0035987710102645,0.7603080255499092,2.791707990346258,0.401239726558847
4628,0.9995328310739243,0.7608482879137503,2.7995138303423746,0.3183317317983315
4629,0.9950067768688468,0.7601939550445286,2.80745908662741,0.28990901969124216
4630,0.9912610642794463,0.7593031740449376,2.8147618227915454,0.21732499779520573
4631,0.9877609707499805,0.7577681038078196,2.8217885118654706,0.18351757062405244
4632,0.9837982984083649,0.7551328640264555,2.829064554409174,0.19798539196847675
4633,0.9801287939894466,0.7519218947003367,2.8360424561660893,0.19091842692371072
4634,0.9761385023654247,0.7477649771475603,2.843262461767794,0.22920515208843648
4635,0.9722312777599044,0.742919790678049,2.85037985967636,0.25993625138619497
4636,0.9672110412338571,0.7367729327987611,2.858490100434433,0.3327013211248446
4637,0.9625003144647901,0.7301121729185164,2.8664114767876123,0.35597927570377946
4638,0.9574571278276581,0.7226188765489697,2.874718088857387,0.39180032990837815
4639,0.9525129407344862,0.7154315943050036,2.884156201899889,0.33286059094191883
4640,0.9484610715950242,0.7096509678608013,2.8948325014255043,0.2599024670147324
4641,0.9447212555468681,0.7049802474539969,2.9071589863225253,0.20896675746497853
4642,0.9416517980532058,0.7015514753873067,2.9206938660044863,0.1473125439286683
4643,0.9391391399050002,0.6992833513909306,2.935434229413328,0.12127787139697775
4644,0.9376557098551622,0.6983248712351644,2.9508353484728764,0.06916594940034224
4645,0.9362262059133477,0.6982675162004903,2.9677330652931313,0.11856641412924857
4646,0.9358887329632545,0.6994567343552345,2.98503512050325,0.12118718112176285
4647,0.9358137627613847,0.7015730403363496,3.003461586949002,0.17695637466506714
4648,0.9366846839129325,0.7047936600464818,3.022256221105208,0.21322884001125894
4649,0.9380148214597965,0.7089432775236731,3.041845009579592,0.25901065382473243
4650,0.9400404979772834,0.7140515791989172,3.0618963276256768,0.3035866309981621
4651,0.9428649635607795,0.7200937607216127,3.0822332377707613,0.34292833031124037
4652,0.9464966465732894,0.7270146714641069,3.102785886284706,0.3793184520270923
4653,0.9503727562761884,0.7347602111763031,3.1241614416532317,0.4273187591098802
4654,0.9549396640743872,0.7433478746740739,3.1457868444757766,0.46532341768120117
4655,0.9602485275034178,0.7527466109006804,3.1675314985768366,0.5023580732433788
4656,0.9664985707698243,0.7629035930795239,3.1890713333239407,0.5321868217954284
4657,0.9736118416813451,0.7737595859175439,3.210420460179183,0.564373573546464
4658,0.9810591454054304,0.7853940846921892,3.232324999067603,0.607227204186033
4659,0.988471498440167,0.7963882076679611,3.2536750632303795,0.5170973692583044
4660,0.9956077397009585,0.8070555375016185,3.2750234788460975,0.5489584731356415
4661,1.0034319152666489,0.8184083957070254,3.296264780351559,0.5904051289516329
4662,1.0108505638152787,0.8292440922268897,3.317415690934783,0.512341678141387
4663,1.0170651537015654,0.8385418484926753,3.338282768730962,0.4350008229449556
4664,1.0231735627584844,0.8476164274321192,3.3588973677804574,0.474463598288586
4665,1.0301367416093485,0.8574344037787138,3.379073932634864,0.5149089918782392
4666,1.0367768212754231,0.8667520845981325,3.398869622212395,0.43451425604983185
4667,1.0434626905669941,0.8756568415407198,3.4178937242096183,0.4615369762236322
4668,1.0509889339442868,0.8852306592712182,3.4362718627891553,0.4927332395222354
4669,1.0592649947460313,0.8955729642814613,3.454281672333431,0.5293818998333887
4670,1.0683216636500894,0.9066195116525592,3.4717532313708315,0.5651573119676323
4671,1.0781822171876088,0.9182474040361511,3.488495277576831,0.5928797930639503
4672,1.0888091099805894,0.9304596358583226,3.5045527850961715,0.6260767017023108
4673,1.1001850356602074,0.9432024748000184,3.5198577665511275,0.6550901824590768
4674,1.1122881091432126,0.9564163348035114,3.5343276408242863,0.6797801408073505
4675,1.1250884605334357,0.9700519285096604,3.5479303531560245,0.7068189075967296
4676,1.1385449979186064,0.9842288729604134,3.5608541593091894,0.7415062582631236
4677,1.1513918745401555,0.99763006814626,3.5731329312055182,0.6510010630573038
4678,1.162632587940955,1.0097258489315533,3.5854508790727593,0.5848323996605608
4679,1.1723088839100984,1.0202209475131285,3.5973170894114905,0.49453720196281775
4680,1.1817675938041607,1.0306319513196478,3.608784876057971,0.5412698778119499
4681,1.190720294171822,1.0403416021499132,3.619395678496893,0.459562326411258
4682,1.1982480865284448,1.0489880625483181,3.629988487058176,0.39814995489499294
4683,1.2056271565365124,1.05742976057122,3.639852360910058,0.4432135513652124
4684,1.2126101487220842,1.0654351346645279,3.6489850953980425,0.3733987374694473
4685,1.2182079128576728,1.0722529067552375,3.6577740457052235,0.3115626127706052
4686,1.2237138864940809,1.0788927091769078,3.6657017356200363,0.3535260000960464
4687,1.229478766856294,1.0856422353804513,3.6726323410022426,0.32930389623401823
4688,1.2343863697544415,1.0916649819434192,3.6790413315756134,0.27298669995354086
4689,1.2392380603100128,1.0975662701769087,3.6845763029363763,0.3155539632985705
4690,1.244218605342075,1.1034396200798209,3.6890692788544728,0.28323744123621125
4691,1.2481712031974952,1.1083393485151622,3.6928800977697898,0.23595079217197312
4692,1.2510190196042248,1.112582541281333,3.6966440794061355,0.21645469578776935
4693,1.252734026053309,1.116026012071373,3.700150678747405,0.19883622777200508
4694,1.2545171668664372,1.119446444819895,3.7026859665651752,0.21464200793562127
4695,1.2572400404907602,1.1233333128853848,3.70360524693808,0.20715461991123799
4696,1.260854205639171,1.1276513366985592,3.702944258106598,0.2172979950273878
4697,1.265217532593826,1.1322022729605454,3.7006052642008855,0.2506185981787219
4698,1.2704784110144587,1.1372942664634265,3.6969011971202,0.2770076810414783
4699,1.276525593711432,1.1427727074493026,3.6917568474983145,0.325674520018746
4700,1.2825280750654005,1.148061953351073,3.6855828328918006,0.28558670713996853
4701,1.288748996781539,1.153454937486458,3.6784762919812426,0.3337875153257085
4702,1.2950046847137,1.1585983668660176,3.6700963584680704,0.30735166184508245
4703,1.301790082149612,1.164175122940745,3.660881409302827,0.3555171232851415
4704,1.3090261160262677,1.1697233809297254,3.6500752922191797,0.38399473549673035
4705,1.3166894494568577,1.1752595958557086,3.6377597037458993,0.4189491269079377
4706,1.3250164356347518,1.1811524448180892,3.624248216548678,0.45260702621794835
4707,1.3339786901728363,1.1873786676436848,3.6095651095641923,0.48956124106758403
4708,1.343219529742042,1.1934832582607684,3.5934555541267086,0.5236623628673461
4709,1.3528306845448688,1.1996246514273676,3.576084189187659,0.5518244751009652
4710,1.363092009021093,1.206186023333267,3.5577343269744914,0.5877487152850883
4711,1.3735151576909852,1.2125623416852365,3.5380834675586765,0.6148599510146283
4712,1.3842469829420319,1.2189690317346813,3.517316295592479,0.6419636225678054
4713,1.3952192293463832,1.2214278103408371,3.495446424978401,0.6726421598541321
4714,1.4067569482034579,1.2150804454765205,3.472741693019541,0.7077026499355238
4715,1.4177495337413701,1.2091257642833937,3.450094294604256,0.6225135973334207
4716,1.4277373868090752,1.2043779568904511,3.428456919192645,0.5435483145293866
4717,1.4374700223434562,1.199840020376344,3.4067163663400084,0.5838833679014727
4718,1.4467734458082382,1.1956450005556252,3.3850767246084454,0.5056098971344848
4719,1.4551743732961324,1.1925886340622365,3.364485345917797,0.43447349813734526
4720,1.4633437486904262,1.1896326059899616,3.3437991738378345,0.4764625124577518
4721,1.4711970639179333,1.1868089180150272,3.3231051066629864,0.41533414843313127
4722,1.4780624210073223,1.184825371665926,3.3032932414114957,0.34393168249813744
4723,1.484484872026162,1.1827399541655321,3.2833217590461476,0.36870921341645857
4724,1.491618135529871,1.180127910134689,3.262644714910323,0.415013869437533
4725,1.4984830329750087,1.1764650924176046,3.2408516846258655,0.4293361043716636
4726,1.5059083404692206,1.172239812970642,3.218433299857888,0.4702787588935011
4727,1.5134626185205666,1.1672497836107725,3.195249298306925,0.5106950091134811
4728,1.5207069443875927,1.1626137618199952,3.172586050826016,0.43663010735036856
4729,1.5273793257063577,1.159229813243382,3.1514588667239845,0.3711009040362366
4730,1.5338318162650617,1.1559085516901793,3.1306454614603636,0.413201309175696
4731,1.5401060476657908,1.152444165032618,3.109958922038354,0.3763870471409756
4732,1.5459511874970469,1.1498481471537214,3.0905510636679914,0.3139607303512604
4733,1.551674670028245,1.1473073464084247,3.071563314170797,0.36007970807680695
4734,1.5572125358062976,1.144590294466262,3.0528130028907694,0.3227699289262057
4735,1.5623525210412936,1.142718695050578,3.0354472738120695,0.264849738944812
4736,1.5673972782856418,1.1408661786313243,3.018603941404831,0.2996247348091177
4737,1.5724634347080104,1.1380614726689542,3.0012824046340087,0.3372450869248533
4738,1.5774782397383045,1.1345113443202404,2.983779137680651,0.35654613838694194
4739,1.5822482545808096,1.1313828890683515,2.967368030242489,0.29016157530843506
4740,1.5864277789949377,1.1293921566919431,2.9528824310853063,0.22881519670344594
4741,1.590832668602663,1.127503134305548,2.939145249875052,0.2719904561459136
4742,1.5950646453739876,1.1245945950817466,2.9251438356038233,0.29384534351568087
4743,1.5992849524910995,1.1207499727775048,2.9109403117223125,0.3426221382045345
4744,1.6033548439606469,1.1170099840563161,2.8976652236566185,0.2962371618629358
4745,1.6068838618399244,1.114305811088234,2.8863702511936844,0.22899866931868104
4746,1.6102965579880308,1.1128520003041675,2.8772467950671197,0.19620892898890088
4747,1.6135640917080993,1.1125939987220546,2.87022633546516,0.15798270535818226
4748,1.6163681229836921,1.112227726745165,2.864082883261301,0.15183920925890165
4749,1.6196902238906388,1.1108632949990718,2.857725357788319,0.21741998802423854
4750,1.6228009160606744,1.1091823272870498,2.8520432604435553,0.18867602381127574
4751,1.625974683515695,1.1083091212784975,2.8480628315598846,0.16191003553094044
4752,1.62845775072032,1.107344149668563,2.845147376353618,0.14962626770368076
4753,1.6303683524302464,1.1053335900951253,2.8423038614099827,0.16925029400780636
4754,1.6327993648284436,1.1022732683986611,2.839242717638022,0.24016458002429839
4755,1.6349716108267978,1.099247147286095,2.837272266694368,0.19377738879942857
4756,1.6374069600922714,1.0972953137381394,2.8371819030913064,0.159232315677734
4757,1.6400014413938049,1.0965660325889535,2.839153161517683,0.13081054535388634
4758,1.6423879353851278,1.0957670890217004,2.8420466138122884,0.13418234810099508
4759,1.6444330227828403,1.0938724976902283,2.844918683929194,0.16353210212277913
4760,1.6458344441455486,1.0909642886739934,2.8479708329710545,0.1922328078062444
4761,1.646998341680464,1.087022843173343,2.851008516495712,0.23912345696459797
4762,1.6476086130987462,1.0821376165478152,2.854252216360322,0.2730157695375361
4763,1.6478546661220088,1.0763136898452348,2.8576068726019894,0.3163735062223103
4764,1.6472199618847077,1.069707928947367,2.861472361237795,0.35365140146519747
4765,1.6464791867593631,1.0621851318149946,2.8653232843903362,0.40099198114994894
4766,1.6455120897470856,1.0551352587932439,2.8705445499404894,0.3214635319141207
4767,1.6442648274738088,1.048344809946136,2.876932492526659,0.3560154775490277
4768,1.643277135352931,1.0404718820110812,2.882846011512294,0.41453604803893784
4769,1.642294785542082,1.0330678580622383,2.889883594766095,0.34042218867543417
4770,1.6419617094140808,1.0270204441317834,2.8984985894650364,0.27312788739438326
4771,1.6415217538250888,1.0211368661767612,2.907906107642726,0.3101723757667099
4772,1.6405235238490439,1.0144264699105419,2.917366602657991,0.35878165727093014
4773,1.6393557303943829,1.007617728743214,2.92732519169089,0.3293920385431816
4774,1.6385691728407996,1.0017869501084593,2.9384538134078655,0.2617195245841336
4775,1.6380152322669925,0.995927095512115,2.949803976303804,0.305479423513006
4776,1.636746475280769,0.9893279773751358,2.9611961653983037,0.3453589163920243
4777,0.8500131246940047,0.6384512131720184,1.4631685105992824,0.0
4778,0.8507573879980802,0.6382217269717796,1.463715087595488,0.06373838083617286
4779,0.8526844478301059,0.6378208306759781,1.4644730601375542,0.11927802499382596
4780,0.8555710249985047,0.6376155074547077,1.4652970412352175,0.16657078687878382
4781,0.859265114645387,0.6379901953552519,1.4660894552098875,0.21281261345582445
4782,0.8639862501956139,0.6381486709680113,1.4670207547199816,0.2607853101965647
4783,0.8694900373627303,0.6388825022563789,1.4680981119248506,0.3055086228662188
4784,0.875894397125168,0.6396490284410521,1.4694390474524273,0.34992094532621637
4785,0.883181884427888,0.6403068273087006,1.4710517817567532,0.39039172226439783
4786,0.8912509376865075,0.6413734502014647,1.4729586968185904,0.4323392509047437
4787,0.900135439366422,0.6424314661583769,1.475249823830827,0.4702934642330582
4788,0.9097948349550857,0.6436192429836852,1.4779255562471607,0.5085604261516481
4789,0.920206001899416,0.6437383449987835,1.4810265459419842,0.5425617760452031
4790,0.9313453708724753,0.6327053094104966,1.4846056243400225,0.5824220824973275
4791,0.9419310816537506,0.6222604218291145,1.4874591816668146,0.5011747712249357
4792,1.3201664859029199,0.45869483445657566,1.4874591816668146,0.6015734158215539
4793,0.9509301545931925,0.6134534356715868,1.48845961806706,0.41842040142937703
4794,1.3200788306399616,0.4679622151724965,1.48845961806706,0.6327146861172006
4795,0.9583917903414095,0.606099562686515,1.4877068351948408,0.345032232859476
4796,1.320268337932676,0.4777661607043631,1.4877068351948408,0.6655250089408271
4797,0.9644552899328378,0.5998831944469185,1.4857484777755459,0.28439416517222094
4798,1.3211303731004331,0.48777422064495646,1.4857484777755459,0.6906497913767301
4799,0.9690955057948754,0.5949889441875238,1.4822849751698934,0.21691238674604138
4800,1.3223724599109894,0.49826962473927455,1.4822849751698934,0.7235722599428821
4801,0.9727007450845596,0.590636308809892,1.4781938864756583,0.21693635813014744
4802,1.324409233854191,0.5088789371597495,1.4781938864756583,0.7408353082235261
4803,0.9748801056260366,0.5877704645701682,1.4726419487946063,0.13326165175093813
4804,1.3268380834265285,0.5200029955443445,1.4726419487946063,0.7681746801625399
4805,0.9757717002270927,0.5860993704440755,1.4660252624289278,0.12487634451396518
4806,1.329871103068507,0.531456146851283,1.4660252624289278,0.7951341546604621
4807,0.9759332286294338,0.5846842172282462,1.4592804185804835,0.18843799750940765
4808,1.333746287528126,0.542996880313674,1.4592804185804835,0.8128356320630488
4809,0.9750037645151236,0.5842583744264824,1.4518399200134997,0.20198131377721623
4810,1.3382846181649561,0.5548125540856315,1.4518399200134997,0.8358493563074338
4811,0.9742979081990659,0.5836751930736448,1.4450905880145108,0.1652993982466847
4812,1.343530532124713,0.566859164038931,1.4450905880145108,0.8512868377758287
4813,0.9745546370544707,0.5824848569049179,1.4397291846920535,0.12404854750331737
4814,1.3494817618174362,0.5669611084047476,1.4397291846920535,0.8717579251431745
4815,0.9758927790897542,0.5804385907459899,1.4359829303641825,0.1265152986819237
4816,1.3561881086559242,0.5498020463005521,1.4359829303641825,0.8900169353533148
4817,0.9782279407464116,0.5776278512710092,1.4337863618879538,0.15345807824966476
4818,1.363654218024101,0.5322517171407379,1.4337863618879538,0.9020324233284548
4819,0.9813355354142776,0.5743587459851981,1.4328553287882142,0.18816454089326476
4820,1.3718568731288423,0.5143179168876886,1.4328553287882142,0.9191424387436616
4821,0.9852520569918504,0.5704082757442817,1.4333925782947758,0.2159208801031745
4822,1.3808482932584683,0.49604235760352416,1.4333925782947758,0.9328903508495517
4823,0.9887905399352638,0.5667706589133146,1.434297504770532,0.1645174839836865
4824,1.3906167193034489,0.47744548408560616,1.434297504770532,0.9447324572990294
4825,0.9912156964318065,0.5640237364295865,1.4349373863504398,0.13841726338388596
4826,1.401150015323305,0.45854624567979063,1.4349373863504398,0.9572406353912186
4827,0.9926140288179743,0.5620744884508962,1.435476418869157,0.12966156426141578
4828,0.9930044220386103,0.5609339142537105,1.4360052440005215,0.14517495568324099
4829,0.9924222115790119,0.5605911880626112,1.4366032088914844,0.17544659617417008
4830,0.9909004216864188,0.5610408520541218,1.4373609469705309,0.21320136206958273
4831,0.9884722864118675,0.5622784189306604,1.4383529389475276,0.2547181172232087
4832,0.9850353162645362,0.5644861204712325,1.4394178218743052,0.28898163970815866
4833,0.9807577962228673,0.567465636163398,1.4408452175700934,0.33133724621127686
4834,0.9765898138363869,0.5705203862221724,1.4433170803069022,0.26326959135638983
4835,0.97388769052757,0.5722738424476258,1.448271329996393,0.21030394215463488
4836,0.9711375361713973,0.5742193430382695,1.4540880106447063,0.23581972423397066
4837,0.967920417245614,0.576514494296228,1.4607116978986079,0.2852118953231311
4838,0.9638219119725431,0.5796592933781142,1.4676262181189323,0.3250886580174377
4839,0.9601079529738307,0.5825122209469921,1.475881789799484,0.25841646859809353
4840,0.9574342267962095,0.5845448198498369,1.4858027609704865,0.1927773497715907
4841,0.9557265380186576,0.5857986982253338,1.4972426118200077,0.1304698129297624
4842,0.9549288008509139,0.5863035366054188,1.5100763172206688,0.07336633365243153
4843,0.9549895838472175,0.5860924511209415,1.5241851115609548,0.03287408795706714
4844,0.9558786628624659,0.585182179881646,1.539483446761059,0.060176055518873
4845,0.9574758250171536,0.5837003471257933,1.5557761109447097,0.11322591999223736
4846,0.9594749832330398,0.5818572627341747,1.572938196598149,0.11167740156402102
4847,0.9607667821401793,0.5806738996444077,1.5901093529878214,0.05190061027733958
4848,0.9613775544147731,0.5800103282236445,1.6075222774455256,0.04854081694707387
4849,0.9610585856268818,0.5801629345322086,1.62480972743579,0.08342103223931867
4850,0.9600144861578233,0.5809160060604786,1.6421804480924038,0.1347016762391642
4851,0.9582356090710894,0.5823035511665999,1.659557734391431,0.1827776036887105
4852,0.9554294405502548,0.5846738060922134,1.6765446131948603,0.23239434713560395
4853,0.952306640885049,0.5872698708756735,1.6939040622929455,0.2804537019388473
4854,0.9494012490381715,0.5897266873636089,1.7115940404044931,0.21368606658663336
4855,0.9473393112799153,0.5914865343093038,1.7297929649612116,0.15016780111301975
4856,0.9456146318858956,0.5930537099508608,1.747928368849227,0.09355696228418384
4857,0.9447181929934245,0.5938816185280172,1.7664632214100942,0.03345672803540667
4858,0.9447236072158898,0.5938840074901989,1.7854592354737604,0.03034957391268641
4859,0.9453413334136799,0.5933630371586434,1.804564996915283,0.08495291053578916
4860,0.9464265428628313,0.5924751754512583,1.8235807810391662,0.1383828809643611
4861,0.9480242842654131,0.5911848234650023,1.8425474624602356,0.1894344699063603
4862,0.94983151616708,0.5898301045487985,1.8611526250432084,0.23818692473707626
4863,0.9522116428118195,0.5880531615984592,1.879726226071531,0.28447333862759944
4864,0.9552458811963624,0.5857982276109132,1.8983231193457695,0.32986645280624505
4865,0.9586728038117152,0.5833762341820656,1.9166445324263293,0.37512024686877926
4866,0.9619144866066625,0.5811926054342454,1.9346326307974868,0.3029480098327309
4867,0.9644910625074476,0.5795277212257571,1.9521883514410918,0.23341752383584385
4868,0.9668665488470148,0.5781226250104949,1.9691959194006026,0.27892224400631577
4869,2.1165094607998265,0.46168262254697034,1.9691959194006026,0.8989426989114457
4870,0.9697746151868486,0.5764373135239623,1.9859202097738022,0.32452992857807633
4871,2.1280691737281208,0.47860174963157864,1.9859202097738022,0.8926838998508724
4872,0.9730503619856051,0.5746821069896565,2.002193228580038,0.3715148139586751
4873,2.138919056227777,0.49516476725714875,2.002193228580038,0.8855000491704877
4874,0.9760984295854718,0.573182395590881,2.0179297285551088,0.29881752539995526
4875,2.149043924437095,0.5113543881448569,2.0179297285551088,0.8796031540910335
4876,0.9787043356668129,0.5718591993450414,2.0333180634203245,0.22913797312544493
4877,2.158434160486817,0.5271596079568868,2.0333180634203245,0.8738577545123218
4878,0.981303815199441,0.5705846728009927,2.048216392710624,0.2784307547341042
4879,0.9840197394332452,0.5694612182159613,2.0623999368620183,0.29868693068821967
4880,0.9865509638349487,0.5684341975605283,2.076052021065733,0.2301573142661419
4881,0.9887564480333786,0.5673675012893483,2.0893215970116126,0.1672923020798839
4882,0.9906846614902933,0.5661893967236435,2.1021963994164823,0.1166949952892771
4883,0.9923038637270202,0.5649232030213927,2.1145835692023756,0.07311910827974877
4884,0.9936718294284502,0.5635144768790045,2.126479080847056,0.08132269591864064
4885,0.9948932441796567,0.5618751238910042,2.1379234206904756,0.1157136412038634
4886,0.9959562063956511,0.5600419021798198,2.148844397900745,0.15981971770146994
4887,0.996896941541848,0.5580122065913251,2.159218158488695,0.20652949055229736
4888,0.9978382942999653,0.5560846770562595,2.168662437192957,0.1470932982599317
4889,0.9987460039711843,0.5545834114932507,2.1767903112610942,0.08719724382342234
4890,0.9995711389397037,0.5535222210132065,2.1835881609095766,0.041218404678803715
4891,1.0002907856321945,0.5529020966903951,2.1890648806542052,0.05070595722400218
4892,1.0008481277644046,0.5527655790374967,2.193197021917508,0.09293423471485271
4893,1.001263429086607,0.5530925779261008,2.1960300954593133,0.14258504608738196
4894,1.0014984022503435,0.5539244387005805,2.1975551146239845,0.19212704861630864
4895,1.0015166765722503,0.5553055465372644,2.1977644030550043,0.23815206672024253
4896,1.0013334270172434,0.5572387478794945,2.1966955077349866,0.28538878746995905
4897,1.0009373459522255,0.5597541218574249,2.194361467858575,0.33201857664406825
4898,1.000312324752251,0.5628082738343737,2.190834816425345,0.35133146890866285
4899,0.9995130881793168,0.5663864666324585,2.1861698564835366,0.3930493199198842
4900,2.1611487469733537,0.7242334513550247,2.1861698564835366,0.7595491691315155
4901,0.9984705215945875,0.5706318316998045,2.180274734830375,0.433075165238221
4902,2.152310377220759,0.7095856853098859,2.180274734830375,0.7563366054071743
4903,0.9971901286091577,0.5755616545261921,2.1731788287884584,0.4712491759360472
4904,2.1428188110023876,0.6947906402895845,2.1731788287884584,0.7535724917097157
4905,0.9956353364785582,0.5812226557995654,2.164871910314191,0.5080617626111884
4906,2.132701472244661,0.679891261736573,2.164871910314191,0.7511560891321295
4907,0.9938107021567976,0.5876267375866235,2.155377396297928,0.5413690190505105
4908,2.1219909821997165,0.6649422408994049,2.155377396297928,0.7487972165118962
4909,0.9917487481211572,0.5947652206566915,2.1447450161828416,0.5770413635635137
4910,2.1107202994110774,0.6499934868889214,2.1447450161828416,0.7468264544111838
4911,0.989469923234077,0.5968312761779607,2.133013290413086,0.6086405659326315
4912,2.0989261328543596,0.6351026135400106,2.133013290413086,0.7447500210142864
4913,0.9869433125968056,0.5845289384675398,2.1201797355313436,0.6393096896185859
4914,2.0866462312836815,0.6203279763126734,2.1201797355313436,0.7424878715604758
4915,0.9841604582052557,0.5717090057860053,2.106261054940086,0.6684275270830237
4916,2.0739192660929393,0.6057300391446029,2.106261054940086,0.7408989709358955
4917,0.9811121415405368,0.558424301263789,2.0912735586373286,0.6960024423801533
4918,2.060784920971624,0.5913724403126461,2.0912735586373286,0.7395757563717816
4919,0.9778791329638237,0.544676091101946,2.0753044671079364,0.7262682827157054
4920,2.047285973191991,0.5773258427031799,2.0753044671079364,0.7384367274463238
4921,0.9743792617835154,0.5305639381906129,2.0583127460826125,0.751884823025538
4922,2.033467319448377,0.5636656727937618,2.0583127460826125,0.737471536660281
4923,0.9706969443936345,0.5160872314275268,2.040388172481504,0.7812592090823737
4924,2.0193757333748157,0.5504715937360183,2.040388172481504,0.7366723250014513
4925,0.9672637484103971,0.5020442884259186,2.0222152413031544,0.7202201164715216
4926,2.005059793611072,0.5378271861466567,2.0222152413031544,0.7360310115302683
4927,0.9641249545969769,0.48851394817573335,2.0038900722244297,0.7203125205814951
4928,1.9905659747690758,0.5258144918555862,2.0038900722244297,0.735649624112398
4929,0.9607884621534319,0.4749314475287868,1.9847580203202313,0.7457441581683549
4930,1.9759261606337304,0.5144995182529367,1.9847580203202313,0.7360058343635045
4931,0.9571887177366083,0.4611223006411665,1.9647137792820635,0.7720973363501785
4932,1.9612127668768151,0.5040000062424853,1.9647137792820635,0.7369057776665975
4933,1.946483301423505,0.4944107302312932,1.943782817756211,0.737607066294836
4934,1.9317848548437313,0.4858121992660174,1.9220245553947746,0.7370556332299467
4935,1.9171497655025251,0.47826860350066897,1.899402335088013,0.739021284608683
4936,1.9026328851029928,0.4718636607621265,1.8760005317816721,0.7432781556874285
4937,1.8882921152580359,0.46667520446847427,1.8518762073497603,0.7443121364891695
4938,1.874170178169805,0.46275846728261893,1.8270201238509147,0.7468751557775016
4939,1.860325114973096,0.46016970706774607,1.8025163338058503,0.7477962382415411
4940,1.8466927242544033,0.45887566909538774,1.7779208647560292,0.7543175157324444
4941,1.8335394055446312,0.45903783432734263,1.7528639400719044,0.7553515742525251
4942,1.8207150265512868,0.4605464158070301,1.7280090151376644,0.7609658698118714
4943,1.808311435620283,0.4634277844788946,1.7043734985807892,0.7744868414397312
4944,1.7966206405351333,0.4677509401436609,1.6825109113767986,0.7736618954600456
4945,1.7855074817335685,0.4733863118743622,1.6607470160164524,0.7740963157591075
4946,1.7748800170519554,0.4802522607027791,1.6379169236201552,0.7915460542215059
4947,1.7650193390115976,0.4883447421886775,1.6145899685151177,0.7853467916516198
4948,1.755750584708169,0.4975574413014124,1.5903000441458237,0.7946587008986794
4949,1.747273615378223,0.5078362242687673,1.5654695563242473,0.8004165130468327
4950,1.7395480041899525,0.508426678383639,1.5400193472683281,0.8093117303360323
4951,1.7326620823987149,0.492901254685795,1.5140639198406403,0.8156908177917063
4952,1.7266171152887173,0.4770763918363199,1.4875934041466337,0.8256780712404947
4953,1.7214322952857706,0.46097027316660477,1.46066630058562,0.8233807808912647
4954,1.301184018067308,0.4500567921845081,1.2424649628282336,0.4347094417064594
4955,1.3096967376544064,0.4553019906725214,1.233402008355533,0.47539387107401737
4956,1.3178119892982645,0.4604478126197171,1.224073285427691,0.4035647416349856
4957,1.3250549646545904,0.4655429401016644,1.2135570949433454,0.34283248410102646
4958,2.158743130705154,0.6628581774236033,1.2135570949433454,0.7628980278422556
4959,1.3321447908635244,0.47057317216713646,1.2031984883752573,0.3860336682470886
4960,2.1455132053163473,0.6480115354811644,1.2031984883752573,0.7662116769143791
4961,1.3388945810640343,0.4754602840262458,1.1928524247713428,0.32400415979465175
4962,2.1327490025909954,0.6329504020787957,1.1928524247713428,0.7651472592206686
4963,1.3445010691819759,0.4798761890591902,1.1815219439910722,0.2688398771846022
4964,2.120425683783307,0.6176573476812903,1.1815219439910722,0.7699465661188701
4965,1.3496562795692693,0.48453487041309784,1.1693938539517519,0.24637366462571877
4966,2.1087113076595774,0.6022584852552483,1.1693938539517519,0.7722121950447668
4967,1.3542171278064672,0.48922631078111334,1.1565783126111746,0.22637066005705536
4968,2.097627098452819,0.5867814793479511,1.1565783126111746,0.7739343526412739
4969,1.3583417268330757,0.49340691062678427,1.1443312868568953,0.2115047648037708
4970,2.0871426016101826,0.5712111808450483,1.1443312868568953,0.7827153830226294
4971,1.3630994925538473,0.4976611308306563,1.1338889679967261,0.2400052912476795
4972,2.0773997251340286,0.5556802045206759,1.1338889679967261,0.7824831583509749
4973,1.3679727670311743,0.5014807777875712,1.1251848401420077,0.24656003810102425
4974,2.0684001122551887,0.5402121327794598,1.1251848401420077,0.7839807223690318
4975,1.3726878740634476,0.5046291832387668,1.1180996492603774,0.2644835414398762
4976,2.0601173696785056,0.5248029531520497,1.1180996492603774,0.7917495016732629
4977,1.3778807497828147,0.5077869404688466,1.1128915677047966,0.30697834112407957
4978,2.0526953886823986,0.5096205440119083,1.1128915677047966,0.7917676786268177
4979,1.3830532306806904,0.5104905748937726,1.109402131478129,0.33106129468528384
4980,2.046111743251577,0.4946817342480995,1.109402131478129,0.7992982320923688
4981,1.3883900575101409,0.5129630834324983,1.1076975755776548,0.3708422652124737
4982,2.040409531534781,0.48007650625437565,1.1076975755776548,0.7977124173375459
4983,1.3932578955192145,0.5146251082557848,1.1074423142780958,0.3904826030141121
4984,2.03551650580972,0.4657683647404807,1.1074423142780958,0.8076338178840081
4985,1.3986821662083389,0.51651662001216,1.1091905792775876,0.43747708261087026
4986,2.031638967247797,0.45206199076246534,1.1091905792775876,0.8111260121158522
4987,1.404101323260022,0.5181284934738335,1.1126359631916112,0.46669107043240077
4988,1.409493650407145,0.5194792933097033,1.1177305015748393,0.5091009545887644
4989,1.4143482347387606,0.5206408321631054,1.1231061027959781,0.4255903467930571
4990,1.4190353688380088,0.5223541083079262,1.1282368761688175,0.36377285078852034
4991,1.4238963585502442,0.5248694373087684,1.133451076854294,0.31533769996888417
4992,1.4283801526945155,0.5276089509101228,1.1385079174608752,0.25520746562787905
4993,1.4323616496029081,0.5299292278239924,1.1442850475122592,0.27366672471498704
4994,1.4358605493260843,0.5314743137605336,1.1514999104117458,0.2949271551941175
4995,1.439758104983679,0.5330797955650676,1.1608492139811117,0.34510941491210906
4996,1.443696772036571,0.5344443900686147,1.171966169691581,0.38319771876186487
4997,1.4473641720535209,0.535318068335174,1.1845291710419805,0.41507558277458995
4998,1.4508281902093185,0.5357949082556667,1.198490317753118,0.4493016497218485
4999,1.4535124977413971,0.5353882869116708,1.2132559627076036,0.4688133453462469
5000,1.455782995655809,0.5344674977849332,1.2290231845326076,0.49780290633837543
5001,1.4588075016249675,0.5340985807989801,1.2468647399769905,0.5573919390558959
5002,1.4616591940551378,0.5338701037538596,1.2649690308552959,0.4747343454725045
5003,1.4646890751170991,0.5343656532376115,1.2829858099430422,0.4164578195046022
5004,1.4680011624388645,0.535617542721619,1.301063531172103,0.3600443953891736
5005,1.4707732520219536,0.5368338597600689,1.3184734635385393,0.26564451315543514
5006,1.4743720093602313,0.539197553584585,1.3365540298958625,0.26386473443924613
5007,1.4774957848082664,0.5415079605145627,1.354092925407765,0.1815347277007588
5008,1.480926858078654,0.5444370811327705,1.371856865746319,0.1903117261990323
5009,1.4851144355597234,0.5483503915208007,1.3903183011789635,0.21122103625235525
5010,1.489582330194687,0.5528081535091282,1.4090195998282036,0.23019562686440947
5011,1.4933184658153953,0.5565786197294286,1.4277258682366671,0.17932935137983244
5012,1.496949950073152,0.5599352813568,1.4476014444466434,0.1811097679922712
5013,1.4996532902394646,0.562185910792225,1.4677329873138003,0.1542263175581638
5014,1.502061052339425,0.5638907189807653,1.4886604180716732,0.18084204029228249
5015,1.5041218748112393,0.5650243332457539,1.510231889140286,0.21303817619057486
5016,1.504848062378526,0.5647668258161743,1.5313884699241043,0.22030232125243615
5017,1.5057874576357013,0.5644541715910102,1.5536062423774781,0.28127258349723355
5018,1.5054938244004947,0.5628807992969245,1.5753506047895276,0.30148660750116374
5019,1.5050342153506826,0.5609717914143149,1.5976521266272978,0.35126372219708646
5020,1.504112636596016,0.5584980151793144,1.6201377908026733,0.3973172392881977
5021,1.502901495826963,0.5556295726708963,1.6429352905872825,0.43798242790328135
5022,1.5017084299981942,0.5529407098462424,1.6655849391742001,0.36076978135639315
5023,1.5000929605774822,0.5499841232374193,1.6877888309209788,0.38919844889425226
5024,1.4984831156711689,0.5469076371241333,1.7104838380543907,0.4440255192961632
5025,1.4969408279002279,0.5440259274734264,1.7330657780952483,0.383841256778502
5026,1.4959877590251565,0.5419858971094085,1.7554667217998932,0.30994233336545257
5027,1.4950256626890968,0.5400098111598353,1.777716081836157,0.3462916095281929
5028,1.4934881342202615,0.5374122769977131,1.7997671150282095,0.38783643753659536
5029,1.491413822428824,0.5342485778859265,1.8216047314851858,0.42570034392906625
5030,1.4884583544714836,0.5302300924637321,1.8428755802273329,0.4586761874603583
5031,1.4853493404727816,0.5260319763359206,1.864231342968704,0.4985822015858615
5032,1.4817074001708586,0.5213375304582066,1.8852525490085705,0.5392062426692726
5033,1.477670883093541,0.5163217012187008,1.905926224275206,0.5545285849648501
5034,1.4740077375964185,0.5118427838309118,1.926334795454363,0.47498241002505487
5035,1.4712743329902929,0.5084818829693701,1.9465961202696918,0.4101851083334768
5036,1.4692655698859063,0.5060074287804958,1.9664710365303644,0.3343972239307632
5037,1.4682618882648726,0.5046509157996969,1.9862541501061204,0.2745206811589397
5038,1.4670661051242955,0.5031620259743104,2.0053332479670942,0.31178073371599485
5039,1.4652038087585475,0.501023130871328,2.0237980917498897,0.35224953316174973
5040,1.4627659820883325,0.4983393501997489,2.0417118621579053,0.38570351469055886
5041,1.4596481026063484,0.49502796415087236,2.0589211405406274,0.4253810750996306
5042,1.4558698064161983,0.49112564560802136,2.075404231243443,0.45874789279417666
5043,1.4515240083871497,0.486743255095111,2.09124116985443,0.5024031327223547
5044,1.4465841407304587,0.4818751889437546,2.1063570421936118,0.5326130887295636
5045,1.441047946441359,0.47653984617662715,2.120720646814604,0.5634568762406557
5046,1.4349881251178715,0.4708341040488699,2.1344038584478247,0.6031040741567806
5047,1.428434928943999,0.4648070678603113,2.1473376425335777,0.622397788718905
5048,1.4213976089296891,0.45849121967960843,2.1595185979791536,0.6504111696762662
5049,1.4138708684805454,0.4519136489784,2.170974619037786,0.6862390551558347
5050,0.588150172720562,0.45175777958155333,1.1665211687853483,0.09987632670388259
5051,0.587033205741796,0.4531453260353648,1.1663012390823013,0.04507083767953053
5052,0.5867422057306998,0.45332884860771805,1.1682828352677472,0.027294876906789896
5053,0.5870030075723688,0.4524264335018871,1.1724704260129744,0.0768478807244854
5054,0.5871847760188729,0.45168020687849925,1.1775673511556928,0.01666024525431988
5055,0.5863124878833528,0.4522320917822756,1.182519143287197,0.06396455167049948
5056,0.5850692839039309,0.45381478587936175,1.1873794567639486,0.10512024328442811
5057,0.5837109963629281,0.4553745266571769,1.1933250570366498,0.0578997674233939
5058,0.5826214811857321,0.4560005694209613,1.2012760960499314,0.060696643438357706
5059,0.582581297365662,0.455302757478031,1.2114223149748424,0.07973793904237073
5060,0.5831687864822055,0.4534991101340271,1.223620398056773,0.12865414205551118
5061,0.583982260236219,0.4508337414942723,1.237698784839588,0.1801439101978581
5062,0.5829249304249977,0.4511080982431901,1.3357083311197955,0.12916067309510015
5063,0.5822411083996532,0.4537048974833408,1.3491087603129996,0.18088724746432897
5064,0.5809464878962627,0.457410127040998,1.3618993472862344,0.2343187575408839
5065,0.5802366585618249,0.46146897509626905,1.3744516031080847,0.2785252481976519
5066,0.5792274661296665,0.4664399130038216,1.3864158595645864,0.3251297615638098
5067,0.5781481475418123,0.46409376838495503,1.3978678103135456,0.36922515564587555
5068,0.5771251617948111,0.45834655038058225,1.4088357865039,0.4130187375604154
5069,0.5759245360391666,0.45216738633603554,1.4191968614828139,0.4568597188227256
5070,0.5179200140097701,0.45131090852162226,1.776577410799984,0.34596985180011863
5071,0.5128017644409903,0.4585532343308,1.7872221184999908,0.38850473258638696
5072,0.5071850104980961,0.46662124015029444,1.797692280880912,0.43017562099407586
5073,0.5011369588153801,0.4754829606234201,1.807999806106197,0.4697098537416212
5074,0.49461599848586824,0.4851312012624033,1.8180567762617676,0.5076443541493602
5075,0.48770072608960086,0.4955325229071077,1.8279000309673195,0.5461641845217168
5076,0.4809340811975696,0.5058679567783828,1.8370453839311383,0.5078708904529633
5077,0.4750761598016775,0.5150436606374441,1.844922168347434,0.4308556161944246
5078,0.4694994079219088,0.5239879501935941,1.8520403261799456,0.4734549605101793
5079,0.4634797083083064,0.5333758486473255,1.85843128207405,0.4775027438943789
5080,0.45827598372669814,0.5419953671882268,1.863975926532459,0.401744006062007
5081,0.4531434971209272,0.5503916981462704,1.8685202648815638,0.4396922934185226
5082,0.4475150541044205,0.5595871515846026,1.8727415289493363,0.477762462489393
5083,0.44136281586338955,0.5621168165813378,1.8765540474624047,0.5171506637731459
5084,0.4347447101455805,0.5634425696056647,1.8799909643848494,0.5493488960359332
5085,0.4277068880366425,0.5652886404824313,1.8830580040489062,0.587244043724494
5086,0.4203413235677949,0.567626099060405,1.8858378442613974,0.6219482641741829
5087,0.41313702821086534,0.5702794470932406,1.8880147213098393,0.5924459813128861
5088,0.4067645401023796,0.5729595294611346,1.8889015035907952,0.5099717136647747
5089,0.40090586419619056,0.575554864284671,1.8892623872389143,0.5537172026356799
5090,0.39480406126857004,0.578807317168771,1.8887668304175909,0.5383344725233717
5091,0.38969293068718514,0.5815912902277445,1.8875440891397703,0.46177720643851883
5092,0.38489323712438833,0.584457752453549,1.8856025741436606,0.504855835129985
5093,0.37956378556109527,0.5881231006070179,1.8831703061768466,0.5324786005515432
5094,0.3737716514749323,0.5925733292703125,1.880299081161072,0.5618861016544504
5095,0.367305068240951,0.5981019034504744,1.8765980368495394,0.5913818823018525
5096,0.3607171555621079,0.6041527036723274,1.8728935701947358,0.6307763562591575
5097,0.3545314681575808,0.6102845206693905,1.8685228462349828,0.5730460295784682
5098,0.3493385857849338,0.6158169321387144,1.8629012044294593,0.49054690023436276
5099,0.34570337597892353,0.6200913876993454,1.856789514243666,0.42616862683919643
5100,0.3421569916021353,0.6245310462827363,1.8497745677011979,0.45948251432425297
5101,0.33793055493333396,0.6299576877636297,1.84208357208003,0.48055710610168684
5102,0.33347186310579857,0.6360615203772563,1.8344679754828759,0.5246764173008599
5103,0.32836676862211844,0.6431707170679759,1.8261253184188533,0.5492645479542863
5104,0.3229383993596848,0.6510844302051594,1.8175722988924048,0.5886876608503693
5105,0.317515314933439,0.6593429539700796,1.8084583774157876,0.562030320787898
5106,0.3131886885614848,0.666749137447308,1.7990763776877188,0.5019901058941462
5107,0.31008557107825724,0.6728911772056428,1.7890060810154353,0.4263604107352207
5108,0.30815205454298866,0.67775874838243,1.7783771950983691,0.3575811035552859
5109,0.30736125841035933,0.6813506010308151,1.7673289686834521,0.30177787784319093
5110,0.30789278407768084,0.6836596383694455,1.7564282941904923,0.28052401556648277
5111,0.3095062242377101,0.6847776552137135,1.745402199357631,0.25605406205193687
5112,0.31206445700001534,0.6847538617215945,1.734184750554504,0.23337780652840162
5113,0.3145056073602905,0.6848770212640501,1.7227248907969797,0.2493526226848225
5114,0.31594675262094113,0.6861517416800131,1.7108544962945946,0.2399260978431494
5115,0.316437790691649,0.6885294029285144,1.698624973808875,0.24631744287962945
5116,0.3160599325095798,0.6919681304756563,1.6861338124748981,0.28878979570636754
5117,0.31481818412464285,0.6964179621282791,1.6733368009630079,0.3058875400772235
5118,0.3127622606474642,0.7018335204671463,1.6602943687472518,0.33096617243668386
5119,0.3099936104868911,0.7081869279588023,1.647134095668917,0.36592511410328254
5120,0.3063832317186935,0.7153800836211176,1.6335426849597974,0.39740423093910876
5121,0.30221571078017323,0.7192759097379066,1.6200432315825786,0.4445583260758698
5122,1.2273940766500797,0.7224518501129081,1.6067273685903192,0.42555419269530753
5123,1.234298586696183,0.7250525900651418,1.5940386402181779,0.35555441152947653
5124,1.2397992284027728,0.7268069793737852,1.5818816770977175,0.29198603502771936
5125,1.2439001646444243,0.7278093117851607,1.5700871882421374,0.22998325381609763
5126,1.246747984704952,0.7277191779688745,1.5594296307043054,0.1988390840348659
5127,1.2483855116810552,0.7266263585674196,1.549803306579504,0.18155924983976798
5128,1.2489616132569694,0.7244159557170093,1.541593051710449,0.19936116982654034
5129,1.248443728473005,0.7212885855786992,1.5344858092014728,0.22117909486159798
5130,1.246816307632023,0.7173391002912765,1.5283527978616085,0.23275611849400518
5131,1.244270950932015,0.7123982751451702,1.5237395445118396,0.2677811355166688
5132,1.241723817455377,0.7079976216981492,1.5190893422601117,0.20040764320398433
5133,1.2405179174939143,0.7046155618345167,1.5150411848357523,0.17116504977357605
5134,1.240171249541486,0.7026072267672758,1.5105024259569642,0.11195973212097766
5135,1.2410656046594213,0.7015851133323795,1.5065433302672742,0.1287471361364717
5136,1.2428165106608344,0.7017595356049194,1.5024397231647415,0.12299182325823374
5137,1.2455773166219997,0.7029754485392785,1.4985953394079787,0.16297608585766266
5138,1.2492934867206347,0.7052192270717247,1.4949882366659946,0.20388405951656766
5139,1.253726455916267,0.7085420202638036,1.4913291396034494,0.23997854944252223
5140,1.2590415060272888,0.7128253218983523,1.487945873102948,0.2899805369004003
5141,1.2640309846074953,0.7168434702817202,1.4856785807827666,0.22423768622843496
5142,1.267920994146579,0.7195865861393537,1.4854060851552184,0.1707881580410634
5143,1.2706173436798593,0.7211322323142778,1.4869547066789768,0.11983568212752738
5144,1.2723524997580002,0.7214807481635022,1.490535329914895,0.0997610277353125
5145,1.2741303051103867,0.7219373317958002,1.4949976440206334,0.1170079569690166
5146,1.2763646104073862,0.7235386908571155,1.4990851229399795,0.13086983771494126
5147,1.2795898126205565,0.7261798707354208,1.503402190255786,0.18117248497737531
5148,1.2837283809745919,0.7298507312535151,1.5078407869603117,0.23436893011635454
5149,1.2874510611138084,0.733257517969707,1.5132624890832438,0.17352562200410862
5150,1.2903374614114023,0.7354094666097029,1.5207876215941007,0.12265280085979255
5151,1.2921545210626735,0.7363359885684794,1.5301816626728657,0.08920680216366135
5152,1.2932308529574603,0.7361118525507955,1.5415480766173009,0.11334922312317364
5153,1.293453888995546,0.7347672892948035,1.5547345778476689,0.13333649540327616
5154,1.29280322656166,0.7323364827482586,1.5696499129050205,0.18078355348761008
5155,1.2915101803529354,0.7288915741174146,1.5863054851275533,0.2191492226217953
5156,1.290365262096757,0.7257039136629067,1.6033798679188391,0.16139086717664078
5157,1.2900218630241025,0.7237591060664897,1.6198578305779303,0.10283958308468327
5158,1.2899285651077137,0.7228662559795433,1.6356482168631286,0.040882376901896944
5159,1.2910194051237593,0.7232490660819745,1.6509033420306827,0.0750808617180756
5160,1.292076677595892,0.7240093620563041,1.6661120065266335,0.06386875267943058
5161,1.2924285959228243,0.7240105049886488,1.6824480686315917,0.03998400837149563
5162,1.2927416605145066,0.7231448044815776,1.7002844539396498,0.11362792645318356
5163,1.2922961748846966,0.7211763694163367,1.719535950064187,0.14917814262107246
5164,1.2918695312073931,0.719366016210276,1.7388809108134597,0.08888670718219319
5165,1.2917384906316662,0.7185517142777494,1.7573001827160197,0.02967777757640966
5166,1.2924554191374018,0.7189502179647586,1.7746920573504663,0.04030153240181489
5167,1.2933440381998527,0.7202140012235105,1.791172559628731,0.08805553807648736
5168,1.2948731561478544,0.7225431478084102,1.80661845684975,0.14429445208581543
5169,1.2967499596391938,0.7257648169285905,1.8210774037969157,0.18985253307556113
5170,1.2989497985999972,0.729837742725659,1.8345436517744935,0.23661742229203725
5171,1.3013893999223392,0.7346887835797838,1.8470268659341122,0.28297591741784667
5172,1.3039980892155607,0.7402494250424928,1.8585582649472605,0.3284515138481429
5173,1.3070801365349674,0.7466702788016633,1.8690079753443003,0.3714642116711138
5174,1.3103279587912742,0.7537519375107138,1.8784476050012329,0.4123915226428593
5175,1.3137785426408448,0.7614923669230312,1.8868830839752062,0.45568762367837384
5176,1.317321161715899,0.7694406644464371,1.8947953621106919,0.44119241557034744
5177,1.3207905544524223,0.7775561892147846,1.9021590893718547,0.48111422387442954
5178,1.3244505617408464,0.786282964736488,1.9084111173839997,0.5162579726203397
5179,1.3284215266690094,0.7956816708819481,1.9135090559986105,0.5527056304267045
5180,1.3325352216040027,0.8056256497943474,1.9175029178738965,0.5910549009229585
5181,1.3365230964365244,0.815116634780956,1.9215848539193203,0.5102959419801669
5182,1.3402209957844815,0.8234133169067206,1.9266314506325424,0.4331293749744581
5183,1.3438883253219809,0.8315289125761762,1.9313835593527988,0.47729618272659285
5184,1.3474669613173789,0.8394571581629585,1.9357743903992424,0.4254409711933128
5185,1.3508244474618978,0.8464371487171423,1.9407505624039658,0.3519707551875715
5186,1.3541411897655984,0.8517917291844651,1.945279674836565,0.3996553481684373
5187,1.3573834656146868,0.8544181781500257,1.9490682097165921,0.37427953151669907
5188,1.3603972831494335,0.8569191476803748,1.9531489076516193,0.3052166359095557
5189,1.3633989619436933,0.8595363448039691,1.9577445455240587,0.25541072535257675
5190,1.366205506743534,0.86207285062791,1.9628829303755393,0.19219522479198492
5191,1.3688552883922875,0.8645565924503782,1.9685055699113605,0.14054581837958133
5192,1.3714483153391217,0.8669837430751581,1.9734215698960629,0.1882401671518232
5193,1.3737602639464814,0.8690553777786002,1.9768800468542744,0.21036901580571757
5194,1.376142990483318,0.8711291580725093,1.9786517826436434,0.2608238059395797
5195,1.3780898301953708,0.8727355965555685,1.979414465120998,0.2564217073610884
5196,1.380194226253591,0.8744642615425411,1.9787063048605813,0.30053749740250807
5197,1.3819065123269847,0.8757567185359475,1.976639158762883,0.33804571740754896
5198,1.383403742928906,0.8767980699451005,1.973136351655528,0.3789740407481083
5199,1.3849792180084295,0.877887750768776,1.9680025989772738,0.42650381798600084
5200,1.3862582968107744,0.8787271534598835,1.9625167267883983,0.35875323950941473
5201,1.387290717593887,0.8793512425055965,1.9564554946700399,0.393993623836455
5202,1.3885301248823392,0.8801616696497078,1.9486517231225833,0.44051218376076723
5203,1.3892592616046688,0.8804605460997013,1.9396799130650084,0.47076344813842924
5204,1.389929290911083,0.8763597630642531,1.9292184080343553,0.5076456905838593
5205,1.390195851366745,0.8683039598201747,1.9175686073190703,0.547609774119188
5206,1.3904745721274916,0.8604298691696419,1.9053118146116317,0.5016404310531174
5207,1.3912418491854348,0.8537839880800131,1.893070050025135,0.427183884812722
5208,1.3924022695331906,0.8485037979121017,1.8811269475189722,0.35570288391321864
5209,1.3935572481337941,0.8433656528766431,1.8685828597793148,0.4028490414083185
5210,1.3946658252147568,0.8383934145977096,1.855525704641938,0.34652036699196287
5211,1.3959937908173854,0.8345442140547144,1.8427470309244136,0.279325700642551
5212,1.397915403277855,0.8320159249204735,1.8300459536063771,0.24762769043728344
5213,1.4002425705555552,0.8307051149613953,1.817563213960979,0.19719108595629417
5214,1.4029669617029434,0.830565170782216,1.8052911905540063,0.163931670541521
5215,1.4052139161709123,0.8302635846050637,1.7927572282425166,0.16050331727265138
5216,1.4071797308754375,0.8289650522237069,1.778774658366119,0.20236788292616686
5217,1.408495754590226,0.826618992926268,1.763730791805408,0.22481374169571475
5218,1.409075191685744,0.8232482008938102,1.7477657963849256,0.2612692506927153
5219,1.4091610553577723,0.8189268768724167,1.7307048972248842,0.3019620347195495
5220,1.4085126246525206,0.8136540682191898,1.71284714271956,0.33228311593608856
5221,1.4074383711877818,0.8074976014054589,1.693949777826958,0.38273997104133767
5222,1.406277435389282,0.8015117996020357,1.6748650726362282,0.32220300620650166
5223,1.4051601379193852,0.7955049429498341,1.6552590702149517,0.37136010692833693
5224,1.4040031315416095,0.7895735140532631,1.635375566809659,0.32431698663352393
5225,1.4034549742078537,0.7847828074596835,1.615714070909909,0.2585605181613943
5226,1.4029252004586386,0.7800737585470419,1.5957843243846113,0.30853838947908546
5227,1.401867996985727,0.7750632206381757,1.5757959516371953,0.2825618523754605
5228,1.4015491127065993,0.7708724276276052,1.5556555266351246,0.2297495768506614
5229,1.4012115485448084,0.7667345472370267,1.5353860454859163,0.2687180613770145
5230,1.3998179156012576,0.7616830733222787,1.5150974820953922,0.29683225041549494
5231,1.3980051524849935,0.7556716592054177,1.4941461645160046,0.3426331779824699
5232,1.3954509184825523,0.7487797675419311,1.4730368837595222,0.3806859515385163
5233,1.3919413311572015,0.74110033607063,1.452139273143125,0.41446702277158426
5234,1.3880061779972523,0.732549580064602,1.4309249843239262,0.4546230135348083
5235,1.383366227910567,0.7232295725914917,1.4098754815311016,0.48508634804912704
5236,1.3781110671515944,0.7131518485233945,1.3889929183359033,0.5281648061033184
5237,1.3731979777230348,0.7035822947855335,1.3685990776014965,0.4504467887635735
5238,1.369420008783819,0.6954806108161781,1.3488198508159757,0.3817217383204002
5239,1.3667044971882372,0.6887998087730782,1.3297037699961936,0.31383630487731823
5240,1.3640520599355583,0.682254561433871,1.3111321752404514,0.36085614905638047
5241,1.3610842993240237,0.6757800159464727,1.2934920773364256,0.3184523644999877
5242,1.3590955803964777,0.6702247537388973,1.2762789205861351,0.27443049525819113
5243,1.3581698834994054,0.6659528573168177,1.2597404741573,0.2294930503209145
5244,1.358097710651079,0.6630282328056297,1.244119626796615,0.1609214171299559
5245,1.357869031079537,0.6601948645937298,1.2294707124188524,0.18530970361269547
5246,1.3566678167595967,0.6564877636330265,1.2159468829572504,0.21003583947233068
5247,1.3547963804277157,0.6516558751847064,1.2030997261198464,0.2653946251823703
5248,1.351966690212795,0.6460266531538985,1.1916542118434281,0.297654164494436
5249,1.348232201051298,0.6396168652462231,1.181660261591656,0.3341534379469381
5250,1.3436432493222124,0.6324413893905957,1.1731923372145352,0.37310346278241674
5251,1.3380901126518916,0.6247189213328066,1.1666125574053487,0.4063595324323063
5252,1.331865274409254,0.6161468056718213,1.1615122981266044,0.44797229529426674
5253,1.324822710012245,0.6069902917308648,1.158331137140124,0.4814493936336196
5254,1.3168727710482242,0.5975011999970378,1.1573782724318473,0.5126790151526095
5255,1.3083537215436556,0.5871968660641514,1.1580607885976166,0.5527489528244416
5256,1.2989645176634548,0.5767327209708585,1.1611394376434614,0.5770219863902131
5257,1.2890436518779078,0.5654871437379347,1.1659421537827037,0.6194720138061506
5258,1.2796376334671102,0.5548291927003146,1.1720906323178244,0.5396948283485404
5259,1.271685052148103,0.5455361467534087,1.1788717524646077,0.46291596819239217
5260,1.265206315609922,0.5373117013371117,1.1860059100250895,0.4004960906460364
5261,1.2601115292244942,0.5301765778518988,1.1934995989305435,0.34658320269123594
5262,1.2563309901974855,0.5241260675199877,1.2013321428866008,0.2780623415365216
5263,1.2538424614478145,0.5190006553766676,1.2093465775058907,0.24411865695397733
5264,1.2525667057486092,0.5148657839554445,1.2175753426135878,0.19756640535394726
5265,1.2524344141559134,0.5117973897633308,1.2260330966386828,0.16919807284839916
5266,1.253471071849185,0.5094484229541579,1.2344388260869188,0.175412726721941
5267,1.2555679486158933,0.5081420258137931,1.2429814104590728,0.1872812459329553
5268,1.2587620438697158,0.5073796243979365,1.2513010791881647,0.23596465717338852
5269,1.2629448286869485,0.507652180487566,1.2596756070279185,0.2550924433821978
5270,1.2681464090358907,0.5082847468579462,1.2676750328283983,0.30436846957921726
5271,1.273030967345441,0.5090064446280688,1.276684560531658,0.23920205084852994
5272,1.2766026110879103,0.5094369828534505,1.2876958993397694,0.17892615314028354
5273,1.2789366861479616,0.50915123725016,1.3003715836727128,0.13026318232007514
5274,1.2800555322095362,0.5079485652953794,1.3145514956611888,0.12055296535323143
5275,1.2805327355788652,0.5065386641041498,1.3298224556550773,0.09834205973275116
5276,1.28029151549542,0.504837396131011,1.3461812936409918,0.09659179204650611
5277,1.27894796558937,0.5027530455216016,1.3640046646724346,0.1299204367450416
5278,1.2765496589408254,0.5002956239561756,1.383178116944761,0.1572008472597364
5279,1.2730975590921185,0.4971871226949511,1.4035115856911917,0.21162478109323238
5280,1.2698635340889328,0.4943965594551184,1.423873474408429,0.1446006119787929
5281,1.2665762930064672,0.49155969938344496,1.4443638726351307,0.2009569386547482
5282,1.2630553213287665,0.4886502879546218,1.4651274197794353,0.17906908069270744
5283,1.2604121530999577,0.48617365536918167,1.4850258421938385,0.11945934798490225
5284,1.2577502831602185,0.48372275824309213,1.504894953722063,0.17160361448888423
5285,1.255076219616005,0.4815838997228823,1.5248255330964027,0.12748686607116314
5286,1.253335109899858,0.47964874000868907,1.5435844318572625,0.08931079851438835
5287,1.2527407081626818,0.47802816148798816,1.5609369543774259,0.0806959261428782
5288,1.2532776257428504,0.4768119062044322,1.5769127606007993,0.09980347697287491
5289,1.253678057014932,0.47558238141925285,1.5927659522276651,0.08626702758311174
5290,1.2530529151928662,0.47430920532834314,1.6094802964652446,0.07291163079549884
5291,1.2513838637396468,0.4728145622629301,1.6269373628035941,0.10463695813095848
5292,1.248707972001759,0.4711192982786755,1.6450748573225227,0.15920706881350238
5293,1.2451614329659986,0.4694989322811757,1.6638243346575796,0.20135757744221863
5294,1.2406427945637537,0.46763681990078804,1.6830936787825823,0.25044926912702586
5295,1.2354125178080173,0.4658255191775628,1.7026868187599704,0.2799593704104146
5296,1.2295738659293673,0.4641346442894844,1.722485959527078,0.3134737245361893
5297,1.2230789249829017,0.46267120677858575,1.7425619727773798,0.3592563527330397
5298,1.2159132004363837,0.46149609215974846,1.7629194425414079,0.3976045059166886
5299,1.2079293198807604,0.4603106461289051,1.7835101449390043,0.44236695001018245
5300,1.2003498018869136,0.45931980260427924,1.8030785453588796,0.3693834616491894
5301,1.19403420356648,0.4583931348438074,1.8206245829718744,0.3039894769610557
5302,1.188832182789136,0.4572712972763701,1.836180480355147,0.24458634722170597
5303,1.1847428204022568,0.45599640684500836,1.849756101357833,0.1796808450243566
5304,1.1817250444135396,0.45454460673725977,1.861384247036912,0.12320636525538999
5305,1.1786991986065838,0.4531410672957491,1.8723113018732729,0.17551697901283722
5306,1.174954176032273,0.4521816219213864,1.8834626646685233,0.20742645804520043
5307,1.1705104791287977,0.45165996692685295,1.8947980937606816,0.24662160306770076
5308,1.1653809940316362,0.4515675755284027,1.9062837274348174,0.29793829094232377
5309,1.1601878895165505,0.4519003386979548,1.9172746921161776,0.2821455027339538
5310,1.1557154137449397,0.4521313787808317,1.926668229605566,0.21239629592933307
5311,1.1511753848549013,0.4522484485662676,1.9352739837093056,0.2675389981401601
5312,1.1462301955452667,0.45314208672282047,1.9438924082655138,0.303080915431877
5313,1.140592203753529,0.45446373520097183,1.9526128934087372,0.3426683508011115
5314,1.1344637484060514,0.4564278888922048,1.9613468091543633,0.3905527605538927
5315,1.1284180877197822,0.4586209487480433,1.9693069343672844,0.35452369833589936
5316,1.1230849592035606,0.46035867868304764,1.975506924911888,0.28424350498082906
5317,1.118080658537849,0.46233875756528897,1.9807186397258594,0.3270912298419911
5318,1.1125104186607528,0.4649152313958035,1.9860030445941774,0.36549468541387403
5319,1.106560111987506,0.46823899948864706,1.9912744207884125,0.4125502084418067
5320,1.1009454666297862,0.47189017965751445,1.9956292736012784,0.36547800827034216
5321,1.0954268551944821,0.47584196014334196,1.999288814776529,0.4051747588399707
5322,1.0896846532499087,0.48060956215826695,2.0028725777409013,0.4453997540078655
5323,1.0835231297973762,0.48605299123115786,2.0065097236274467,0.4833129144420439
5324,1.0772637767661355,0.49235716821036285,2.0100292566992546,0.5154146819809869
5325,1.0709401411577664,0.499508655787767,2.013428736401043,0.5554587426055135
5326,1.0648267488401708,0.5067390948220167,2.0160203494430915,0.5116087630409845
5327,1.0594120934938056,0.5131563153559374,2.016822958167644,0.4339699220856447
5328,1.054616826788146,0.5184040612291446,2.015682614596769,0.3627098411401016
5329,1.0499260284555783,0.5223241806466845,2.0129538634199915,0.31805505655450456
5330,1.0459564597983229,0.5251862261871236,2.0082504088925477,0.24300189599422653
5331,1.042016964825094,0.5267953799069595,2.002075007753385,0.20144967793572366
5332,1.0383744728407032,0.5285232278549041,1.9950989461799444,0.22800044497580757
5333,1.0345958980573304,0.5290186927078916,1.9883263894758165,0.276487039879359
5334,1.0310782043192805,0.5250733623194038,1.9814899147409943,0.29895834039799063
5335,1.0275705217097575,0.5210598026979633,1.9748034364117095,0.33439803613685354
5336,1.0243970750621345,0.5173173732434524,1.9680448196393205,0.3668876206518163
5337,1.0216410537164997,0.5139503013424291,1.9611619037394745,0.40129226990025135
5338,1.0188638887543224,0.5105402321859832,1.9545591454814983,0.44343728528715
5339,1.016297614949232,0.507341805098671,1.9480924079141626,0.47547197178235134
5340,1.0144978455871734,0.5049402266433102,1.9412926538757724,0.5050486988606281
5341,1.012934413691558,0.5028267048565594,1.9346856294154975,0.5406684761761908
5342,1.0115240577789277,0.5009426329654619,1.928397602505713,0.5818779775144057
5343,1.0104206710132737,0.49950414717454594,1.9213247590521083,0.4997802897886519
5344,1.0088891914934872,0.49777315659418647,1.9133717550387601,0.4351215187942496
5345,1.0073061384419477,0.49608878926160216,1.904180205964469,0.3635597782955471
5346,1.0057050182044391,0.494447292670142,1.8948519542062736,0.4029258354085487
5347,1.0051203896776857,0.49388558737532134,1.8851750665856475,0.4228056612949667
5348,1.0049635446045417,0.49383235031664907,1.8758795642247863,0.45696052620151917
5349,1.0051264478094752,0.49420177508605956,1.8671479401239237,0.5000643220444388
5350,1.0062244023360685,0.4956183431461915,1.8582679532367261,0.5259480688556437
5351,1.007737085073766,0.49758697213947845,1.84993493349275,0.5587890871106399
5352,1.0099660770840937,0.5004165911698621,1.8418115579033847,0.5969935164824168
5353,1.0121118675191598,0.5032520595927638,1.8335786563167213,0.5165406750144734
5354,1.014516727081706,0.5064201939891143,1.8250969725961848,0.5426384088269667
5355,1.017751535351467,0.5105458909443858,1.8167818408526135,0.5709164389311601
5356,1.0215033856935618,0.5153470870441524,1.8091299567037462,0.6063545471863578
5357,1.0264027233272757,0.5213920839450724,1.8011414208619447,0.625680973146927
5358,1.031697465774391,0.5280090746031253,1.7941507547254372,0.6611898427933249
5359,1.0377672080459808,0.5355335641095046,1.787530119699507,0.6961551164383036
5360,1.0438756128620468,0.5430781482173735,1.7805937694815004,0.6024368247017905
5361,1.0497187302091049,0.5504293300557433,1.7743916656638457,0.640139377929941
5362,1.0565836720824,0.5588488550637013,1.7681582989480182,0.6598321168935272
5363,1.0642962830206601,0.5681767204289988,1.7621923388126153,0.6830146202636238
5364,1.0725528345003283,0.5781849897230723,1.7572230288086597,0.7251568648126023
5365,1.0805190539496434,0.5878684691378671,1.7525831891390404,0.6389363859185243
5366,1.0872971600861137,0.5962515211967147,1.7482602771963334,0.5594051599115933
5367,1.093991068837366,0.6045323000332061,1.744435404305339,0.5987656568695405
5368,1.1003669399982625,0.6079608689653929,1.7411991132766813,0.5314627336444767
5369,1.1055352827058404,0.6046886051538014,1.7385104212301992,0.4503513219071422
5370,1.1107102762953696,0.6018139570224278,1.7362792321300997,0.4808667948940314
5371,1.1165268361070146,0.5995534696524621,1.7344899125133384,0.47942412566903525
5372,1.1229593901165722,0.5977461331955989,1.7333854804375382,0.5203472929413872
5373,1.129046152983809,0.5960065422273616,1.7331228450206673,0.44580751613192005
5374,1.1350726861482003,0.5945778206089056,1.733482248957221,0.47647767698311155
5375,1.1415966313667512,0.5935651517329952,1.7345908147391633,0.4758224527333605
5376,1.1487539149443375,0.5933740135112108,1.7359969576780705,0.5098129468397804
5377,1.1555184620266736,0.5931045297442349,1.738435455429255,0.44993276808441923
5378,1.160960851658568,0.5925002797058859,1.7417388113485013,0.3695817134727413
5379,1.1663087601633308,0.5918730412327586,1.746090938001729,0.4042993497558914
5380,1.172611254682542,0.5921172333653397,1.7508529381710656,0.4338980223753023
5381,1.1798501054456332,0.5936292327702406,1.7554431245261468,0.45115606552274606
5382,1.1879319952785374,0.5958906785765781,1.7605765186014386,0.4825321472285602
5383,1.1968505124967308,0.5987159286065938,1.7665062602762611,0.5326615786733708
5384,1.2052852017714693,0.6017828101756519,1.7728543854742604,0.44417237508153684
5385,1.21231554890132,0.6036365135875118,1.7810587890110328,0.3970755802181133
5386,1.2179061276103256,0.6048848305225644,1.7901704995516763,0.32399188216202346
5387,1.2221085613696283,0.6053157051175463,1.8004670823355795,0.2719619071979946
5388,1.2251710088606675,0.604425456859645,1.8127762454908307,0.2812098810075624
5389,1.2269744989350546,0.6027332205354015,1.8262439001413735,0.25365384292562815
5390,1.2276085373681014,0.6001400391306071,1.8410290558935942,0.23211253278871122
5391,1.227046231051495,0.5967521839942361,1.856933264563687,0.23700415371795677
5392,1.2253172598368531,0.5925249712280111,1.8740157761753682,0.25032846564075656
5393,1.2225216997875399,0.5873729423789588,1.892431471675957,0.28859588685666143
5394,1.2187583980777783,0.5812689056703273,1.9122460642067518,0.33116407169559725
5395,1.214567311949418,0.5740637995753262,1.9338958143944054,0.3894066548001317
5396,1.2095241939877714,0.5660459048461399,1.9567116000032274,0.42379095890473584
5397,1.2035072991431293,0.5572856678558015,1.980515441003301,0.4582652566134445
5398,1.1970517691411335,0.547656310591897,2.0056875187825463,0.5007908129678318
5399,1.1896307378919908,0.5373209766849955,2.0317418945800223,0.5339252723637773
5400,1.1814707068438017,0.5262294359267948,2.058803674013012,0.5720376877730823
5401,1.174023262306035,0.5156262557582012,2.0859000944562376,0.4960959634084169
5402,1.1679670988806419,0.5065579193817948,2.111969916529081,0.421638425410637
5403,1.162615552415394,0.4989431114694055,2.136796862530594,0.34923841441280845
5404,1.1586134646123551,0.49275703911604335,2.16058509851882,0.2810379887393389
5405,1.155399121488617,0.4878227809046043,2.1832739318580954,0.22224314290053176
5406,1.152740574267989,0.48407735647653455,2.204838503385636,0.15979295288096937
5407,1.150829019063407,0.481561639647814,2.225230673377828,0.10098458711316337
5408,1.1499792638112714,0.48030408005612685,2.2444917779592246,0.03704353395235581
5409,1.149827174179372,0.480203240626897,2.262551760884442,0.0226953171520231
5410,1.1500595663944293,0.48076799622284605,2.279849160275999,0.04057891104125258
5411,1.1507475100069253,0.4820677819431115,2.296282088859034,0.09249904830558894
5412,1.151402423867132,0.48336269081343525,2.3125262418945054,0.04828928108128625
5413,1.151492105324795,0.4836421227919481,2.329573568652255,0.01711599039539977
5414,1.151662439943558,0.48402865043667925,2.346263524661108,0.04708138611162794
5415,1.1521291184282145,0.48513952727701093,2.3618699821320073,0.07190268035085673
5416,1.1523251741416867,0.48581140868405576,2.3775718154093863,0.017121440471699306
5417,1.15218533031758,0.4854484235421224,2.394047419810092,0.046753711604939484
5418,1.1521120735736534,0.48521159888607296,2.409970143946155,0.018430102269745466
5419,1.1523858937761657,0.48580234508047104,2.4245327886402395,0.04693205428704891
5420,1.1528537836188406,0.48716240093584434,2.4377383653891047,0.10124286591344059
5421,1.1538558837899708,0.48955183405458425,2.4493250178115766,0.15381188290316952
5422,1.154986838829405,0.4927587464255614,2.4594165857923183,0.20353899643611784
5423,1.1563129488264983,0.4967719779832832,2.4679937041357594,0.2510952168851405
5424,1.158398520077132,0.5018469328572022,2.474918748568596,0.29772466058397573
5425,1.1607644257674852,0.5077293259725896,2.480300417820119,0.34441999718586286
5426,1.1629767056539098,0.5132630330399431,2.4854090969797396,0.2731081365469297
5427,1.164785042864295,0.5175936365261058,2.491226637176486,0.20481977881888383
5428,1.1666230139199143,0.5218929731211986,2.496397541717742,0.2564112457099006
5429,1.1682238410516173,0.5261048843749493,2.500890457595172,0.21954733846752683
5430,1.169828273813994,0.5295920340587632,2.505580410953782,0.16137776675379317
5431,1.1709189531490822,0.5318714122092734,2.510883852263409,0.09076072990530507
5432,1.1717134502627378,0.5339750868436655,2.5155429187088063,0.1392385866480648
5433,1.1730029565354936,0.5371067931126831,2.518285744943842,0.19106579066798593
5434,1.1740341962623628,0.5407583491153887,2.519456440069041,0.23610412107311862
5435,1.1755913430467528,0.5454273344243844,2.518741938114684,0.28672200570745365
5436,1.1770566800540356,0.5506750854727913,2.516404211562352,0.3283263079347061
5437,1.1786047124810066,0.5566025368953897,2.512405387154178,0.3759182317333612
5438,1.1797419919154055,0.5619646826745072,2.5081821125963146,0.29983959612728617
5439,1.1807927444167694,0.5662820738369237,2.50448688014614,0.22952261636748936
5440,1.1822949639714402,0.5703224485152775,2.5005929550399038,0.2142783842312083
5441,1.1837571705065884,0.5736860762812901,2.4967831349289384,0.15036929661216494
5442,1.1850167524051813,0.5768813113239163,2.492298449772313,0.19710731549906318
5443,1.186297932396697,0.5807932688820411,2.486057746613694,0.2485347690328137
5444,1.1874721096890555,0.5848573244336903,2.4787574665002583,0.23355495732897436
5445,1.188687246172489,0.5883866112649555,2.471418335295508,0.16856634231096246
5446,1.1898902801007134,0.591886321521932,2.463338661665706,0.22305734150657527
5447,1.1908620886809556,0.5957445408647176,2.4538661415521807,0.24328178449689017
5448,1.1914579629997222,0.59977738934681,2.443173978255032,0.2754276564612197
5449,1.1916156309820416,0.604035511420609,2.431164216490118,0.3168845725086631
5450,1.191948767984167,0.6090999467428276,2.417436140413327,0.36288517771374984
5451,1.1919921149889279,0.6145424214721028,2.4023133765616107,0.4004123108652952
5452,1.1916890817539514,0.6202912029701033,2.3858859524230427,0.43891858782832455
5453,1.1912445582728337,0.6265183664318218,2.3680792204161607,0.4832322376421139
5454,1.1905409020764808,0.6324469618605275,2.3498820864029564,0.4348830605769467
5455,1.1903653716979252,0.6382258120703675,2.331581536939407,0.39102359915978946
5456,1.1901492314372841,0.6440068719038525,2.312660889458183,0.43715810997392685
5457,1.18977370210993,0.6498404946976744,2.293015785623046,0.421769410149742
5458,1.1896659775884781,0.6552560916481468,2.27352712144642,0.348779278498834
5459,1.1896033761938094,0.6605913201714274,2.253655784962917,0.3966419755169945
5460,1.189279446227333,0.6660273412228706,2.2330289702364055,0.39577575421065625
5461,1.1891830534841803,0.6711202165110055,2.212522244806472,0.32423945600256737
5462,1.1891238983513193,0.67613856307001,2.191712099844877,0.373023133224018
5463,1.1887350486147317,0.6812607467957422,2.1702186199128937,0.37846434888060176
5464,1.1882713903817843,0.6857711479775379,2.1490938686409566,0.30512076726875903
5465,1.1887547455624046,0.6901626083077903,2.1283265175304624,0.2543612077437372
5466,1.1897426786528096,0.694005776760018,2.1082366683772675,0.19380046742430562
5467,1.1906942953780866,0.6950992308681304,2.0879712303909344,0.24395026035412534
5468,1.1910117763783792,0.6947192578971012,2.0670339719324518,0.2717601426690359
5469,1.1907296739862694,0.6936615944648095,2.045491250694664,0.3056660972208918
5470,1.189953568870792,0.6920344320864837,2.0233369331167785,0.34994066058443185
5471,1.188606114398684,0.68978014998502,2.0007552436767955,0.3867408536249066
5472,1.1866982063721883,0.6869212806156407,1.9778379582111445,0.4254648374409473
5473,1.1841213482897657,0.6833716912800759,1.9547821520794928,0.460735174354085
5474,1.1810363422877725,0.6792904588526488,1.9315954466147267,0.4951735758473282
5475,1.1776804009336581,0.6749068709693123,1.908132291173931,0.5377709482059082
5476,1.1744317023059299,0.6707401456108382,1.885417753399477,0.4532835962049698
5477,1.1714477402100039,0.6668962388879042,1.8630893523753915,0.4928835998701609
5478,1.1679392294012358,0.6625284471018016,1.8409531275846027,0.5284266493682844
5479,1.1638806180893648,0.6576258814058363,1.8191814856942758,0.5589380994190473
5480,1.159378199721629,0.6522999296358378,1.797786717417595,0.5986025362785973
5481,1.1551963397163156,0.6473951959798395,1.7773359146390357,0.5174849212370509
5482,1.1518287025596032,0.6434530261158155,1.7582768353636025,0.44202533102215197
5483,1.1497127311474755,0.6408605923471153,1.7400836665871835,0.3820715899518598
5484,1.1484564806979958,0.6392293490085974,1.7231391879627795,0.31603842786991015
5485,1.1470722520802443,0.6375293329755625,1.7074576904893664,0.3293334221501835
5486,1.1453752242875224,0.6355099767293686,1.692308476665184,0.37885190285934983
5487,1.143050482804816,0.6328938554556592,1.6783655586652468,0.3744298962303194
5488,1.1413938796985996,0.6309895535513173,1.6652889885910462,0.32362469804676425
5489,1.1406303842671193,0.6300411560421213,1.6534739556579297,0.2562005817105072
5490,1.1395079016659408,0.628770287546381,1.6432152415614127,0.2747455088271163
5491,1.1379749386565732,0.627084433586874,1.6336355107600817,0.3366567112102418
5492,1.1359845186313577,0.6249768151013632,1.6257590385483374,0.27985552224605675
5493,1.1346231796410227,0.62353473193902,1.6192421766307499,0.21739179752259108
5494,1.134794516061037,0.6236418082623298,1.6129480729076293,0.22259421213633648
5495,1.1358311118912894,0.6246380707155766,1.6078134501118373,0.1756103640424741
5496,1.1365913026362182,0.6253698877361555,1.6041446569378845,0.1799469757719366
5497,1.1364066768468493,0.6251625335310975,1.6019357036111674,0.20658608904590645
5498,1.135382336671292,0.624124994612674,1.6010914514306958,0.23825112173006063
5499,1.133430386549693,0.6221747575555953,1.6018419936765236,0.2740154223508818
5500,1.1305794970912515,0.6193445377500856,1.6042325401737336,0.3134432346438185
5501,1.1268578907633204,0.6156666900523982,1.608272445379716,0.34459336313595035
5502,1.1223475440540318,0.6112289670059805,1.6138845878987074,0.387641245928138
