sample,d_goal,d_hazard,d_agent,speed
0,0.789164425850718,0.5964015180573957,1.2523710676770363,0.0
1,1.3135703513447516,0.5993568773889589,1.2523710676770363,0.0
2,0.7881272063579556,0.5957158807749335,1.2510379292860074,0.0771981080582744
3,1.3130794274249855,0.598786620873667,1.2510379292860074,0.07897125228243326
4,0.7863527392050136,0.5939647483714398,1.2485250982525973,0.12065825942934387
5,1.3129139224733308,0.5984445347693859,1.2485250982525973,0.1261611875714721
6,0.7840540813061955,0.5912167322795236,1.2450817008192459,0.16677241880614552
7,1.313367678637433,0.5971625134331743,1.2450817008192459,0.17587264599912306
8,0.7812137069910967,0.5875131135165643,1.2407090035283606,0.21289685539273026
9,1.3144936818361177,0.5934456680496965,1.2407090035283606,0.22542830745950795
10,0.7778099817819816,0.5828972548019589,1.2354056466009964,0.25789991251737315
11,1.3163325161054136,0.5886745090482076,1.2354056466009964,0.27374992529492315
12,0.7738256015710667,0.5774152430830738,1.2291785640345605,0.30137019363805245
13,1.3189208543075677,0.5828883491081285,1.2291785640345605,0.320450727716732
14,0.7692474536575208,0.5711159162393581,1.222043749754503,0.34314307160756097
15,1.3222912708400016,0.5761286404798871,1.222043749754503,0.36537756233198915
16,0.7640661893934838,0.5640509433126166,1.2140265380353485,0.3831529887787707
17,1.3264717732634295,0.5684389832896667,1.2140265380353485,0.40847053286348106
18,0.7582758300669387,0.5562749597012273,1.2051618147634924,0.4213801851951916
19,1.3314853911288111,0.5598651903177129,1.2051618147634924,0.44971280282485027
20,0.7518734149865856,0.5478457550551307,1.195494172900482,0.45782847946286337
21,1.3373498421191579,0.550455407690565,1.195494172900482,0.4891097723864486
22,0.7448586885652628,0.5388245128280694,1.185078006434936,0.4925148963171712
23,1.3440772814462598,0.5402602946800462,1.185078006434936,0.5266793876516791
24,0.7372338228766929,0.5292761004159563,1.1739775342845984,0.5254643789861284
25,1.3516741378312078,0.5293332678494721,1.1739775342845984,0.5624472058458357
26,0.7290031723694952,0.5192694079832637,1.1622667431507072,0.5567068953764172
27,1.3601410370314417,0.5177308168058948,1.1622667431507072,0.596443691735957
28,0.7201730576940777,0.5088777322825017,1.150029235592225,0.5862757579172598
29,1.3694728114509789,0.5055129008390573,1.150029235592225,0.6287026421675266
30,0.7107515758947877,0.49817919869205973,1.1373579666344051,0.614206597240965
31,1.379658592012491,0.4927434376871045,1.1373579666344051,0.6592602169654037
32,0.7007484345275142,0.48725720992636673,1.12435484920666,0.640536706408582
33,1.3906819763165483,0.479490897399512,1.12435484920666,0.6881543128261266
34,0.690174807573808,0.4762009029203697,1.111130205862627,0.6653046043393299
35,1.4025212652815116,0.4658290154430815,1.111130205862627,0.7154241398319316
36,0.6790432113326782,0.46510558573255734,1.0978020419283407,0.6885497337788578
37,1.4151497590345175,0.45183763924024545,1.0978020419283407,0.7411099222525026
38,0.667367398780014,0.45407311348721474,1.0844951139421646,0.7103122445241818
39,1.4285361018618026,0.4376037202771671,1.0844951139421646,0.7652526781637867
40,0.6551622711951036,0.4432121461860226,1.0713397676186118,0.7306328322107999
41,1.4426446655404719,0.4232224582349335,1.0713397676186118,0.7878940505750331
42,0.6424438061685059,0.43263821204136865,1.0584705223298343,0.7495526142189216
43,1.4574359603447908,0.40879859193035534,1.0584705223298343,0.8090761731681587
44,0.6292290014322833,0.4224734792567602,1.0460243850536495,0.7671130309322435
45,1.4728670634005292,0.39444781078724706,1.0460243850536495,0.8288415599186824
46,0.6155358343015164,0.41284612000620735,1.0341388866336172,0.7833557646603468
47,1.4888920547824085,0.3802982254582543,1.0341388866336172,0.8472330116222626
48,0.6013832368971816,0.4038891381137311,1.0229498475622836,0.7983226710910294
49,1.5054624527314573,0.36649178143787486,1.0229498475622836,0.8642935346952135
50,0.5867910877504614,0.3957385345178881,1.0125888994191992,0.8120557197774062
51,1.5225276405263877,0.35318541950591,1.0125888994191992,0.8800662691135743
52,0.5717802208875786,0.38853071187637067,1.0031808109709148,0.8245969412372594
53,1.5400352787942955,0.3405516790477232,1.0031808109709148,0.8945944233288047
54,0.5563724540885725,0.3823990812440394,0.9948406932750468,0.835988378957468
55,1.5579316983181453,0.32877831086199727,0.9948406932750468,0.9079212146423908
56,0.5405906387373751,0.37746993483582203,0.9876711834388011,0.8462720450814479
57,1.576162269630915,0.3180663390912221,0.9876711834388011,0.9200898139543278
58,0.524458734579351,0.373857784464937,0.9817597286027074,0.8554898788913842
59,1.594671746832191,0.30862594041719627,0.9817597286027074,0.9311432940947629
60,0.5080019138359395,0.3716605149737082,0.9771761064065815,0.863683707429843
61,1.6134045840899431,0.3006695799052584,0.9771761064065815,0.9411245811505536
62,0.4912467005737209,0.370954829442388,0.9739703219836845,0.8708952077695571
63,1.632305224178708,0.2944021625805112,0.9739703219836845,0.9500764083390743
64,0.4742211530929224,0.3717925233578473,0.9721710117838319,0.8771658705571246
65,1.6513183591475635,0.29000859709977417,0.9721710117838319,0.958041272080102
66,0.4569550995288033,0.3741980814713207,0.9717844604498566,0.8825369645403377
67,1.6703891638082013,0.287640061528452,0.9717844604498566,0.9650613899860958
68,0.4394804400347153,0.3781679343289484,0.9727943001275237,0.8870495018495735
69,1.689463503193071,0.28740113975234194,0.9727943001275237,0.9711786605406656
70,0.421831533081771,0.38367147040037947,0.9751619159003151,0.8907442038478257
71,1.7084881154687264,0.2893404181589542,0.9751619159003151,0.9764346242706017
72,0.40404568888029496,0.3906536353841288,0.9788275321852717,0.8936614673962835
73,1.7274107720154488,0.2934467119878749,0.9788275321852717,0.9808704262427563
74,0.3861638000913909,0.3990387325233547,0.983711909240357,0.8958413314061534
75,1.746180416517568,0.2996518168282824,0.983711909240357,0.9845267797363922
76,0.368231149305374,0.4087349174481078,0.9897185421231953,0.8973234435652254
77,1.7647472849661516,0.30783903161556125,0.9897185421231953,0.9874439309564562
78,0.3502984446753395,0.41963887264145133,0.996736230471457,0.8981470271412375
79,1.7830630084725125,0.3178553884520363,0.996736230471457,0.9896616246652074
80,0.33242314991080096,0.4316402293203972,1.0046418779468238,0.898350847774831
81,1.8010807007414755,0.32952504512975256,1.0046418779468238,0.9912190706198271
82,0.31467119232091323,0.4446254376592071,1.0133033843144545,0.8979731801838977
83,1.8187550319699561,0.3426616577961558,1.0133033843144545,0.9921549107129994
84,1.5701656106566444,0.458480928096144,1.0225825082646898,0.897051774709256
85,1.8360422908297478,0.35707838750714727,1.0225825082646898,0.992507186722543
86,1.5603754240687946,0.47309552702480845,1.0323376015164623,0.8956238236395797
87,1.852900436072162,0.37259507001965053,1.0323376015164623,0.9923133085855846
88,1.5514884276812761,0.4883621753842916,1.0424261405679858,0.8937259272619895
89,1.869289139163369,0.3890427181469034,1.0424261405679858,0.991610023122809
90,1.543549651782456,0.5041790475412592,1.0527070082605559,0.8913940595941676
91,1.8851698192284014,0.40626586052282954,1.0527070082605559,0.9904333831493621
92,1.5365996271106495,0.520450187079804,1.0630425005645905,0.8886635337647831
93,1.900505671452925,0.4241233103767556,1.0630425005645905,0.9888187169211996
94,1.5306739303231605,0.5370857749959893,1.0733000531616048,0.8855689670217889
95,1.9152616899680523,0.44248790310144986,1.0733000531616048,0.9868005978792656
96,1.5258027686203905,0.5540021330296522,1.0833536968755195,0.8821442453631138
97,1.9294046861267267,0.4612456268918551,1.0833536968755195,0.9844128146689624
98,1.522010614897407,0.5711215470754897,1.0930852608966943,0.8784224878016539
99,1.9429033029718228,0.48029444936194376,1.0930852608966943,0.9816883414289649
100,1.5193159039945041,0.5883719771123017,1.1023853485882134,0.8744360102965623
101,1.9557280265968318,0.4995430397492872,1.1023853485882134,0.9786593083615707
102,1.5177307992716533,0.6025959747476163,1.1111541132360736,0.8702162894056007
103,1.9678511950100552,0.5189095083240925,1.1111541132360736,0.9753569726163688
104,1.517261036879881,0.5931818135440893,1.1193018612229804,0.8657939257389103
105,1.9792470050325635,0.5383202303102362,1.1193018612229804,0.9718116895399529
106,1.5179058528281437,0.5834037015111341,1.126749508526556,0.8611986073227811
107,1.9898915176884597,0.5577087861486284,1.126749508526556,0.9680528843664812
108,1.5196579953673597,0.5732656532761489,1.1334289138009475,0.8564590730126432
109,1.9997626624827194,0.5770150280924906,1.1334289138009475,0.9641090244468586
110,1.5225038224817458,0.5627723336225372,1.1392831080867605,0.8516030761272163
111,2.008840240906524,0.5961842705455674,1.1392831080867605,0.9600075921377823
112,1.526423481554092,0.5519290753543367,1.1442664377603862,0.8466573485099548
113,2.0171059294618323,0.6151665949583182,1.1442664377603862,0.9557750584955333
114,1.5313911657179327,0.5407418997731381,1.1483446339135879,0.8416475652589945
115,2.0245432824553515,0.6339162571927002,1.1483446339135879,0.9514368579426052
116,1.5373754391720322,0.5292175404448515,1.1514948180864528,0.8365983104018201
117,2.031137734776335,0.6523911845300403,1.1514948180864528,0.9470173640975674
118,1.5443396219286505,0.5173634710989348,1.1537054512305778,0.8315330438248797
119,2.036876604842095,0.6705525499550727,1.1537054512305778,0.9425398669793089
120,1.5522422231761175,0.5051879387096154,1.1549762299759994,0.8264740698002171
121,2.0417490978691557,0.6883644124018962,1.1549762299759994,0.9380265518153289
122,1.5610374116952144,0.4927000030702386,1.1553179317073239,0.8214425074796023
123,2.0457463096059385,0.7057934129376134,1.1553179317073239,0.9334984796993491
124,1.570675511572276,0.4799095845051683,1.154752207600092,0.8164582637503222
125,2.048861230644156,0.7228085181844541,1.154752207600092,0.9289755703555377
126,1.581103511757064,0.4668275217914072,1.153311320604367,0.811540008864366
127,2.05108875141021,0.7393808035342412,1.153311320604367,0.9244765872743259
128,1.5922655787480837,0.45346564291479335,1.151037823373398,0.8067051552628973
129,2.052425667924215,0.7554832698400727,1.151037823373398,0.9200191254875807
130,1.6041035627605584,0.43983685200455913,1.1479841693221398,0.8019698400194104
131,2.0528706884023302,0.7710906882619181,1.1479841693221398,0.9156196022481871
132,1.6165574890421088,0.4259552367311332,1.1442122483881114,0.7973489113167733
133,2.052424440767369,0.7861794687964382,1.1442122483881114,0.9112932508704366
134,1.6295660274479864,0.41183620169163865,1.1397928377103832,0.7928559193546428
135,2.0510894811226343,0.7846396738261717,1.1397928377103832,0.9070541179727276
136,1.6430669348793927,0.39749663494989745,1.1348049564313265,0.7885031120539636
137,2.0488703032341222,0.7693285195561055,1.1348049564313265,0.9029150643427944
138,1.6569974666463436,0.38295511708585633,1.1293351132885594,0.7843014358843352
139,2.045773349056109,0.753656660117031,1.1293351132885594,0.8988877696180615
140,1.6712947541788263,0.3682321850391331,1.1234764357677673,0.7802605420881551
141,2.0418070203240997,0.7376510050209376,1.1234764357677673,0.8949827409399668
142,1.6858961477323504,0.35335066697066386,1.1173276705303126,0.7763887985133734
143,2.036981691226685,0.7213407161722741,1.1173276705303126,0.89120932570179
144,1.700739523789082,0.3383361096785709,1.1109920468324135,0.7726933071955613
145,2.03130972215327,0.7047574062940862,1.1109920468324135,0.8875757284651671
146,1.7157635577310912,0.32321732727525404,1.1045759979328953,0.769179927751374
147,2.0248054744973287,0.6879353664140438,1.1045759979328953,0.8840890320721243
148,1.7309079630577038,0.3080271094944181,1.0981877402262714,0.7658533065613516
149,2.0174853264739903,0.670911825912997,1.0981877402262714,0.8807552229280323
150,1.7461136989436772,0.29280314093012094,1.091935716139677,0.7627169116325926
151,2.009367689885551,0.6537272486437569,1.091935716139677,0.877579220377633
152,1.7613231483045217,0.2775891995813828,1.0859269146655648,0.7597730729436738
153,2.0004730277380482,0.6364256683782599,1.0859269146655648,0.8745649100425197
154,1.7764802687692522,0.2624367250065113,1.080265092549826,0.7570230279878298
155,1.9908238725752592,0.6190550661891207,1.080265092549826,0.871715180935472
156,1.7915307190804242,0.24740687313368656,1.075048929166918,0.7544669721484498
157,1.9804448453523744,0.6016677911066287,1.075048929166918,0.8690319661162567
158,1.8064219634677763,0.23257320402640916,1.0703701582850205,0.752104113465865
159,1.9693626746187969,0.5843210232233657,1.0703701582850205,0.8665162866061935
160,1.8211033564953485,0.21802517282006653,1.0663117293131348,0.7499327312883548
161,1.957606215716922,0.5670772749544928,1.0663117293131348,0.8641682982361382
162,1.835526210780943,0.20387259244470188,1.0629460581182923,0.7479502382451907
163,1.945206469629755,0.5500049208959489,1.0629460581182923,0.8619873410656521
164,1.8496438498470897,0.19025116417761928,1.0603334319526272,0.7461532449367841
165,1.9321966010235656,0.5331787390341688,1.0603334319526272,0.8599719909808067
166,1.8634116481979126,0.17732893646880585,1.0585206334160155,0.7445376267075778
167,1.9186119549308913,0.5166804352477449,1.0585206334160155,0.858120113055054
168,1.8767870605373573,0.1653129899642102,1.0575398440049446,0.7430985918516143
169,1.9044900714027184,0.5005991084203595,1.0575398440049446,0.8564289162421838
170,1.8897296418599678,0.15445452448591002,1.0574078784686336,0.7418307505987668
171,1.8898706973252672,0.4850315945995347,1.0574078784686336,0.8548950089628248
172,1.9022010599624146,0.14504867533868263,1.0581257873292746,0.7407281842407569
173,1.874795794445484,0.47008260563473997,1.0581257873292746,0.8535144551461412
174,1.9141651017472276,0.13742318278339732,1.0596788475676433,0.7397845137794639
175,1.8593095424793564,0.4558645519549673,1.0596788475676433,0.8522828302959561
176,1.9255876745230425,0.1319092843699283,1.0620369421842306,0.738992967514246
177,1.8434583359885077,0.44249691395214946,1.0620369421842306,0.8511952771651012
178,1.9364368033504047,0.12879252670382077,1.0651553099707374,0.7383464470284867
179,1.8272907735038788,0.4301050080832486,1.0651553099707374,0.8502465606425373
180,1.9466826253399547,0.12825316580831347,1.068975629232311,0.7378375910865344
181,1.810857637152497,0.4188179920651758,1.068975629232311,0.8494311214840019
182,1.9562973816812055,0.1303198348618423,1.0734273849811422,0.737458837008821
183,1.794211860807688,0.40876598127634645,1.0734273849811422,0.848743128547639
184,1.9652554080650324,0.13486113042776485,1.078429459373796,0.737202479153227
185,1.77740848453972,0.4000762191572756,1.078429459373796,0.8481765292302795
186,1.973533124060968,0.14162011384963044,1.0838918803662307,0.7370607241930236
187,1.7605045929001493,0.3928683666425819,1.0838918803662307,0.8477250978368435
188,1.981109021920722,0.15027235404202577,1.0897176635699104,0.7370257429441737
189,1.7435592343392505,0.38724914516164194,1.0897176635699104,0.8473824816536556
190,1.9879636552010915,0.1604810680764937,1.0958046864514555,0.7370897185559983
191,1.7266333188450438,0.3833067593482241,1.0958046864514555,0.8471422445354827
192,1.994079627531616,0.17193396721981646,1.1020475413244684,0.7372448909378617
193,1.7097894907213829,0.3811056910893609,1.1020475413244684,0.8469979078548956
194,1.999441581793859,0.18436049094089668,1.1083393228840979,0.7374835973495931
195,1.693091973311739,0.38068253452816486,1.1083393228840979,0.8469429887004027
196,2.0040361899290735,0.19753528716704244,1.1145733162090539,0.7377983091339955
197,1.6766063824488355,0.38204348092800805,1.1145733162090539,0.8469710352460645
198,2.0078521435481242,0.2112744572477819,1.1206445612378841,0.7381816646154511
199,1.6603995054954845,0.38516385033499095,1.1206445612378841,0.8470756592494011
200,2.010880145480929,0.2254290925012232,1.1264512789862804,0.7386264982289026
201,1.6445390430686404,0.38998974614281096,1.1264512789862804,0.8472505656659796
202,2.013112902371428,0.23987853941966525,1.1318961527357976,0.7391258659782927
203,1.6290933109374726,0.39644156610423614,1.1318961527357976,0.8474895793977689
204,2.014545118397197,0.2545244365263588,1.1368874638542785,0.7396730673527935
205,1.6141309001865674,0.40441883553221014,1.1368874638542785,0.8477866692180034
206,2.0151734901695737,0.26928582059012796,1.1413400867598364,0.7402616638530883
207,1.5997202945623998,0.41380570030986996,1.1413400867598364,0.84813596893779
208,2.014996702849632,0.28409526518701983,1.145176350907108,0.7408854942988066
209,1.5859294449921506,0.4244764396212194,1.145176350907108,0.848531795899003
210,2.014015427496866,0.2988958955401857,1.148326779735213,0.7415386871023181
211,1.5728253025838272,0.436300493428226,1.148326779735213,0.848968666894229
212,2.0122323196502303,0.3136391032680433,1.1507307174894097,0.7422156697038982
213,1.56047331297361,0.4491466871839074,1.1507307174894097,0.8494413116277086
214,2.009652019124556,0.3282828029435626,1.1523368549357682,0.7429111753692035
215,1.5489368766474891,0.4628865200248185,1.1523368549357682,0.8499446838416103
216,2.0062811509886167,0.34279010144173694,1.1531036644351897,0.7436202475525533
217,1.538276781772004,0.47739652718230546,1.1531036644351897,0.8504739702397045
218,2.002128327673575,0.35712827952515336,1.1529997538032057,0.7443382420291275
219,1.5285506180395412,0.4925598199923529,1.1529997538032057,0.8510245973458451
220,1.9972041521414843,0.37126800916014757,1.1520041469918698,0.7450608269963462
221,1.5198121819580805,0.5082669517603862,1.1520041469918698,0.8515922364378476
222,1.9915212220222502,0.38518274904434724,1.150106497989327,0.745783981339815
223,1.5121108857633625,0.5244162670746301,1.150106497989327,0.8521728066986094
224,1.9850941346032458,0.3988482753190708,1.1473072425075848,0.7465039912526894
225,1.5054911835600513,0.5409138795670778,1.1473072425075848,0.8527624767259142
226,1.977939492527825,0.41224231530532796,1.143617690058074,0.7472174453895262
227,1.4999920292630167,0.5576733998757132,1.143617690058074,0.8533576645405269
228,1.970075910026533,0.42534426017679955,1.1390600569154858,0.7479212287269386
229,1.4956463812791727,0.5746155094280021,1.1390600569154858,0.8539550362291501
230,1.9615240194669903,0.43813493846418333,1.1336674382478693,0.7486125152939701
231,1.492480768542401,0.5916674511588207,1.1336674382478693,0.854551503354792
232,1.9523064779643997,0.4505964367160813,1.1274837153455668,0.7492887599252746
233,1.4905149314317334,0.6087624875031751,1.1274837153455668,0.8551442192622738
234,1.9424479737434628,0.4627119569316601,1.1205633914193147,0.7499476891801813
235,1.4897615492656953,0.6258393595446935,1.1205633914193147,0.8557305744011898
236,1.9319752318833092,0.474465702832525,1.112971346881426,0.7505872915606507
237,1.4902260635367082,0.6428417688010887,1.112971346881426,0.8563081907827472
238,1.9209170190089484,0.48584278887755344,1.1047825024254783,0.7512058071512114
239,1.491906602954778,0.6408280105162736,1.1047825024254783,0.8568749156807124
240,1.9093041464148648,0.49682916730680443,1.0960813756753427,0.7518017167942342
241,1.4947940128897736,0.6237334038602584,1.0960813756753427,0.857428814680318
242,1.897169471017982,0.5074115695471182,1.0869615148387302,0.7523737309045386
243,1.4988719881551713,0.6065833901932453,1.0869615148387302,0.8579681641725014
244,1.8845478934376672,0.5175774591088976,1.077524790902934,0.7529207780182869
245,1.5041173044987592,0.589437847230427,1.077524790902934,0.8584914433843752
246,1.871476352389392,0.5273149937139429,1.0678805287657334,0.7534419931625735
247,1.510500140885994,0.5723619260251666,1.0678805287657334,0.8589973260304324
248,1.8579938144560464,0.5366129948645285,1.058144457706241,0.7539367061239877
249,1.5179844818780428,0.5554265830625946,1.058144457706241,0.8594846716627158
250,1.8441412581671586,0.545460923428453,1.0484374632509357,0.7544044296867929
251,1.5265285872691425,0.5387091236943088,1.0484374632509357,0.859952516792099
252,1.8299616511724273,0.5411872003273995,1.038884126307353,0.7548448479042246
253,1.5360855147464756,0.5222937289583159,1.038884126307353,0.8604000658469407
254,1.8154999191438514,0.5300528514890096,1.029611041934222,0.7552578044597225
255,1.546603680695904,0.5062719233148002,1.029611041934222,0.860826682029754
256,1.8008029048831737,0.5197668098699134,1.0207449196928247,0.755643291168732
257,1.5580274443637119,0.4907429220943491,1.0207449196928247,0.8612318781271435
258,1.7859193159523685,0.5104202423296903,1.0124104803400331,0.7560014366659497
259,1.5702977013130082,0.47581377464335317,1.0124104803400331,0.861615307323175
260,1.7708996589899906,0.5021018257302928,1.004728179449165,0.7563324953175882
261,1.583352473362722,0.4615991935776793,1.004728179449165,0.8619767540615011
262,1.7557961587325437,0.4948956190779666,0.9978118066188486,0.7566368363933357
263,1.597127483826486,0.44822093550609465,0.9978118066188486,0.8623161249970392
264,1.740662659636649,0.48887871758066737,0.9917660278656925,0.7569149335281763
265,1.6115567087330034,0.43580658019825663,0.9917660278656925,0.8626334400736991
266,1.7255545079058277,0.48411880664297763,0.986683956589557,0.7571673545001
267,1.626572896672169,0.4244875530424387,0.986683956589557,0.8629288237606845
268,1.710528411678254,0.4806717736438124,0.9826448526850531,0.7573947513459133
269,1.6421080518539144,0.41439626241986505,0.9826448526850531,0.8632024964761298
270,1.6956422771440804,0.47857956195398405,0.9797120573483837,0.75759785083388
271,1.6580938767949556,0.4056622926315081,0.9797120573483837,0.8634547662233524
272,1.6809550184496511,0.4778684561681843,0.9779312706287837,0.7577774453087136
273,1.6744621726941538,0.39840771295689353,0.9779312706287837,0.8636860204617625
274,1.6665263394290206,0.4785479642296903,0.97732926839845,0.757934383921499
275,1.6911451969771876,0.39274173051423317,0.97732926839845,0.8638967182314314
276,1.652416485498796,0.48061041108940683,0.977913135086868,0.758069564254436
277,1.7080759786655713,0.3887551046746873,0.977913135086868,0.8640873825475434
278,1.6386859644774785,0.48403128675867396,0.9796700597251166,0.7581839243478199
279,1.7251885931522633,0.3865149069482978,0.9796700597251166,0.8642585930783411
280,1.625395235659519,0.4887703117895457,0.9825677085127273,0.7582784351344087
281,1.7424183986587791,0.38606029206508324,0.9825677085127273,0.8644109791177709
282,1.6126043671968364,0.4947731103615178,0.9865551512025428,0.7583540932842484
283,1.7597022371291136,0.3873998920136787,0.9865551512025428,0.8645452128618295
284,1.600372662719155,0.5019733282731408,0.9915642853438208,0.7584119144611203
285,1.7769786026118701,0.39051124065747056,0.9915642853438208,0.8646620029955244
286,1.5887582591522778,0.5102950077093125,0.9975116755835554,0.7584529269900165
287,1.7941877803241062,0.39534232167704875,0.9975116755835554,0.8647620885955025
288,1.5778176988516501,0.5196550332441225,1.0043007073998969,0.7584781659334575
289,1.8112719596088316,0.40181499151027716,1.0043007073998969,0.8648462333516173
290,1.5676054804249369,0.5299654887726012,1.0118239469088515,0.75848866757297
291,1.82817532392125,0.40982975738034844,1.0118239469088515,0.8649152201091236
292,1.5581735939247972,0.541135804195352,1.0199656002966633,0.758485464290719
293,1.844844120832177,0.41927125484549665,1.0199656002966633,0.8649698457316853
294,1.549571047390012,0.5530746144847921,1.0286039763111574,0.7584695798450282
295,1.8612267148425452,0.43001378320841877,1.0286039763111574,0.8650109162840383
296,1.5418433929253879,0.565691294744539,1.0376138706876148,0.7584420250324138
297,1.877273625578721,0.44192638572458,1.0376138706876148,0.8650392425318896
298,1.5350322615551377,0.5788971683174667,1.046868809774162,0.7584037937277105
299,1.8929375536992283,0.454877145791645,1.046868809774162,0.8650556357555087
300,1.5291749168739963,0.5926064089680211,1.056243109578828,0.758355859292953
301,1.9081733966006658,0.4687365540389731,1.056243109578828,0.8650609038724115
302,1.5243038379722862,0.5967865991089755,1.0656137241247798,0.7582991713448131
303,1.9229382557727002,0.48337994787324867,1.0656137241247798,0.8650558478636095
304,1.520446342154687,0.5916002813034902,1.0748618721454317,0.7582346528696551
305,1.9371914374249648,0.4986891207089096,1.0748618721454317,0.8650412584970212
306,1.5176242575575036,0.5858998853481722,1.083874443162024,0.758163197674576
307,1.9508944477965362,0.514553245926175,1.083874443162024,0.8650179133408891
308,1.515853654873943,0.5796911913804831,1.0925451927481784,0.7580856681622201
309,1.9640109843638232,0.5308692722447859,1.0925451927481784,0.8649865740593464
310,1.5151446460333806,0.5729805427313597,1.1007757425363711,0.7580028934166171
311,1.976506923986313,0.5475419361360655,1.1007757425363711,0.8649479839816537
312,1.5155012558971015,0.5657748494314284,1.1084764037033445,0.7579156675868646
313,1.9883503088719654,0.564483514485246,1.1084764037033445,0.8649028659361064
314,1.5169213709125826,0.5580815927830594,1.1155668438121882,0.7578247485550873
315,1.999511331104637,0.5816134149029668,1.1155668438121882,0.8648519203391108
316,1.5193967663233503,0.5499088312640937,1.1219766165115863,0.7577308568748076
317,2.00996231635392,0.598857676570495,1.1219766165115863,0.864795823529548
318,1.5229132110941606,0.5412652080871608,1.1276455721635237,0.757634674965625
319,2.019677707281954,0.616148433545119,1.1276455721635237,0.8647352263381821
320,1.5274506473224798,0.532159960810433,1.1325241653719342,0.7575368465499185
321,2.028634047070778,0.6334233757339158,1.1325241653719342,0.8646707528815918
322,1.532983438703365,0.5226029334852739,1.1365736729089102,0.7574379763171958
323,2.03680996341621,0.6506252300754416,1.1365736729089102,0.8646029995698798
324,1.5394806807155257,0.5126045919385764,1.1397663328911334,0.757338629801645
325,2.044186153268588,0.6677012752626834,1.1397663328911334,0.8645325343172483
326,1.546906563694621,0.5021760429292705,1.1420854133855156,0.757239333458477
327,2.0507453685456416,0.6846028968978077,1.1420854133855156,0.8644598959444019
328,1.555220778915197,0.49132905809825905,1.1435252160029077,0.7571405749246992
329,2.056472402996884,0.7012851856277375,1.1435252160029077,0.8643855937616786
330,1.5643789572384483,0.4800761038605652,1.1440910175159633,0.7570428034500876
331,2.0613540803610313,0.7177065780073548,1.1440910175159633,0.8643101073217978
332,1.5743331297874847,0.468430378683321,1.1437989501305783,0.7569464304843125
333,2.065379243926893,0.7338285381277474,1.1437989501305783,0.864233886331122
334,1.5850322004430442,0.4564058595744207,1.1426758187562847,0.756851830406375
335,2.068538747582862,0.7496152770913616,1.1426758187562847,0.8641573507084221
336,1.5964224206453408,0.4440173601026613,1.140758851465225,0.7567593413827989
337,2.0708254484196478,0.765033506965358,1.140758851465225,0.8640808907802231
338,1.6084478579619683,0.43128060291986703,1.138095377316654,0.7566692663413283
339,2.0722342009343047,0.7800522257209944,1.138095377316654,0.864004867601979
340,1.6210508510510648,0.4182123106121973,1.134742423887328,0.7565818740472324
341,2.072761852870153,0.794642529746392,1.134742423887328,0.8639296133944859
342,1.6341724449282473,0.40483031984524603,1.1307662252469448,0.7564974002697127
343,2.072407242716078,0.8015681143543647,1.1307662252469448,0.8638554320851782
344,1.6477528017575886,0.3911537252880154,1.1262416298444464,0.7564160490263268
345,2.0711711988792767,0.7876408283101276,1.1262416298444464,0.8637825999441879
346,1.6617315836652748,0.37720306184727903,1.1212513969560212,0.7563379938937939
347,2.0690565405370775,0.7732512973672828,1.1212513969560212,0.8637113663053329
348,1.676048305267899,0.3630005365164681,1.1158853701590945,0.7562633793740313
349,2.066068080165431,0.75842539433099,1.1158853701590945,0.8636419543624789
350,1.6906426546786957,0.34857032492341916,1.1102395169446277,0.7561923223047569
351,2.06221262773331,0.7431908510583765,1.1102395169446277,0.8635745620320738
352,1.7054547826816377,0.3339389528444432,1.1044148252936323,0.7561249133045291
353,2.0574989965430683,0.7275774142963105,1.1044148252936323,0.8635093628729661
354,1.7204255605348042,0.31913579009174714,1.0985160510579943,0.7560612182426233
355,2.051938010685981,0.7116170254107151,1.0985160510579943,0.8634465070549897
356,1.7354968074807102,0.30419369404465174,1.0926503145065902,0.7560012797246811
357,2.045542514069165,0.6953440273526088,1.0926503145065902,0.8633861223681826
358,1.7506114895099836,0.28914985372510577,1.086925550557739,0.7559451185856388
359,2.038327380954018,0.6787954024929587,1.086925550557739,0.8633283152648712
360,1.7657138912590042,0.2740469040768494,1.0814488250221057,0.7558927353819933
361,2.0303095279264705,0.6620110451642545,1.0814488250221057,0.8632731719272665
362,1.7807497631382945,0.258934405637105,1.0763245384429798,0.755844111876028
363,2.0215079271948344,0.6450340727992517,1.0763245384429798,0.863220759353612
364,1.7956664459044913,0.24387081871776606,1.071652549421498,0.7557992125051838
365,2.0119436210808703,0.6279111793481068,1.071652549421498,0.8631711264563385
366,1.8104129749227396,0.22892614420007495,1.0675262599628395,0.7557579858303144
367,2.0016397375328885,0.6106930340247629,1.0675262599628395,0.8631243051660854
368,1.8249401663355744,0.21418545224888205,1.064030715426824,0.7557203659571249
369,1.9906215064450314,0.5934347271533549,1.064030715426824,0.8630803115358671
370,1.8392006872744584,0.1997535632252147,1.0612407799685122,0.7556862739256236
371,1.978916276513183,0.5761962626357932,1.0612407799685122,0.86303914684007
372,1.8531491121349837,0.1857611462434854,1.059219453694959,0.7556556190629644
373,1.9665535322938483,0.5590430929083484,1.059219453694959,0.8630007986633726
374,1.8667419667980032,0.17237237417222467,1.058016399031861,0.7556283002955556
375,1.9535649110564228,0.5420466866302887,1.058016399031861,0.8629652419750893
376,1.8799377625263574,0.1597938361057919,1.0576667401868913,0.7556042074168329
377,1.9399842189301046,0.5252851110473429,1.0576667401868913,0.8629324401848302
378,1.8926970211081104,0.14828332563951682,1.058190190816101,0.7555832223075615
379,1.9258474457428405,0.5088435991911646,1.058190190816101,0.8629023461757592
380,1.9049822926583242,0.13815494659948233,1.0595905513809663,0.7555652201060268
381,1.9111927778296753,0.4928150560142769,1.0595905513809663,0.8628749033121113
382,1.9167581673368326,0.12977356934318499,1.0618556002232795,0.7555500703258875
383,1.896060607950563,0.4773004366631094,1.0618556002232795,0.8628500464180002
384,1.9279912820924112,0.12352852533697738,1.064957382642355,0.7555376379199185
385,1.8804935413020152,0.4624089044816815,1.064957382642355,0.8628277027248994
386,1.9386503234062784,0.11977854195154526,1.0688528821398213,0.7555277842882658
387,1.8645363964324375,0.44825764750818076,1.0688528821398213,0.8628077927855277
388,1.9487060268812937,0.11877415473874745,1.073485039462575,0.7555203682302242
389,1.8482361996777221,0.43497120399994377,1.073485039462575,0.8627902313521989
390,1.9581311744080854,0.12058753735304066,1.078784069836689,0.7555152468388959
391,1.831642171522598,0.42268012712510883,1.078784069836689,0.8627749282180123
392,1.966900589535797,0.1250897944154566,1.084669018060565,0.7555122763384525
393,1.8148057030665863,0.4115188177364569,1.084669018060565,0.8627617890195569
394,1.9749911315828386,0.1319907067347633,1.0910494854924404,0.7555113128640024
395,1.7977803205349192,0.4016223870155355,1.0910494854924404,0.8627507160000927
396,1.9823816889414752,0.1409153038487412,1.0978274623499489,0.7555122131843872
397,1.7806216355301123,0.39312249316697084,1.0978274623499489,0.8627416087324427
398,1.9890531719585223,0.15147695163998504,1.1048992025074085,0.7555148353684816
399,1.7633872784771882,0.38614223753624805,1.1048992025074085,0.8627343648010756
400,1.9949885057120418,0.16332383682239196,1.1121570851199232,0.7555190393958215
401,1.746136812485718,0.38079039893859995,1.1121570851199232,0.8627288804431061
402,2.0001726229498447,0.17615817509228188,1.1194914167369845,0.7555246877126071
403,1.7289316246491238,0.377155499027705,1.1194914167369845,0.8627250511481555
404,2.0045924574088954,0.18973773313722736,1.126792137919832,0.7555316457343234
405,1.7118347916438048,0.3753003681303513,1.126792137919832,0.8627227722172195
406,2.0082369376945186,0.2038691091894677,1.1339504087295418,0.7555397822964129
407,1.694910916399176,0.37525794918686844,1.1339504087295418,0.8627219392808874
408,2.0110969818636817,0.21839866292482377,1.1408600570288057,0.7555489700545753
409,1.6782259326097275,0.3770289827642234,1.1408600570288057,0.8627224487774191
410,2.0131654928268192,0.2332038881207281,1.1474188818274706,0.7555590858364208
411,1.6618468739800105,0.3805819534224723,1.1474188818274706,0.8627241983913533
412,2.0144373546567698,0.2481862042915023,1.1535298106367817,0.7555700109463132
413,1.6458416053633635,0.3858553064511567,1.1535298106367817,0.8627270874534595
414,2.0149094298707357,0.26326529126315046,1.159101914920775,0.7555816314253518
415,1.6302785134059783,0.39276157007788964,1.159101914920775,0.8627310173029767
416,2.0145805577309357,0.27837476975724024,1.1640512913341992,0.7555938382685043
417,1.615226154968393,0.40119274878801375,1.1640512913341992,0.8627358916131921
418,2.0134515535911612,0.29345895484127343,1.1683018186956677,0.7556065276009867
419,1.6007528624903358,0.41102625062384945,1.1683018186956677,0.8627416166815153
420,2.011525209299029,0.3084704282821594,1.171785801787488,0.7556196008160316
421,1.586926306606605,0.4221306729857687,1.171785801787488,0.8627481016852943
422,2.0088062946467113,0.32336822289191736,1.1744445133326085,0.7556329646762108
423,1.5738130177124947,0.4343709446311772,1.1744445133326085,0.8627552589046849
424,2.0053015598456434,0.3381164600509475,1.1762286450901192,0.7556465313805177
425,1.5614778698000722,0.4476125353395575,1.1762286450901192,0.8627630039139569
426,2.0010197389824613,0.3526833220305326,1.1770986781182968,0.7556602185994111
427,1.5499835317021842,0.46172463998589663,1.1770986781182968,0.8627712557426641
428,1.9959715543935925,0.3670402720992729,1.1770251810251562,0.7556739494800186
429,1.5393898928245946,0.47658238766864025,1.1770251810251562,0.8627799370081486
430,1.990169721873728,0.3811614587940218,1.1759890435698197,0.755687652623695
431,1.5297534724270798,0.49206821151335706,1.1759890435698197,0.862788974020877
432,1.9836289566081755,0.39502325785429926,1.1739816513674157,0.7557012620380904
433,1.5211268234156448,0.50807254960091,1.1739816513674157,0.8627982968641278
434,1.9763659796900488,0.4086039177354177,1.1710050057294465,0.7557147170658626
435,1.513557943294939,0.5244940474657733,1.1710050057294465,0.8628078394495639
436,1.968399525049578,0.42188328359806565,1.167071790860453,0.755727962292123
437,1.5070897062566764,0.5412394128124824,1.167071790860453,0.8628175395502106
438,1.9597503465837185,0.4348425811780738,1.1622053887327428,0.7557409474326501
439,1.5017593312028514,0.5582230450420069,1.1622053887327428,0.86282733881238
440,1.95044122522879,0.4474642466688728,1.1564398399657512,0.755753627204858
441,1.4975979006959481,0.5753665332703972,1.1564398399657512,0.8628371827480502
442,1.940496975666245,0.45973179220333,1.1498197469338995,0.7557659611834353
443,1.4946299452998866,0.5925980907165849,1.1498197469338995,0.8628470207091921
444,1.9299444522908966,0.47162969905962443,1.1424001131098336,0.7557779136425198
445,1.4928731064817136,0.6098519722119963,1.1424001131098336,0.8628568058455235
446,1.9188125540011618,0.48314333259258274,1.1342461103260348,0.75578945338618
447,1.4923378892011927,0.6270679053092845,1.1342461103260348,0.8628664950471221
448,1.9071322272912838,0.49425887428906107,1.1254327632391157,0.7558005535689224
449,1.4930275126043469,0.6441905535057152,1.1254327632391157,0.8628760488733136
450,1.8949364670352866,0.5049632673931748,1.1160445378770696,0.755811191507853
451,1.4949378640004558,0.6385220103573163,1.1160445378770696,0.8628854314691956
452,1.8822603142510725,0.515244173337507,1.1061748188612295,0.7558213484880415
453,1.498057557733923,0.6212957666024428,1.1061748188612295,0.8628946104711271
454,1.8691408500202211,0.5250899368169405,1.0959252579083276,0.7558310095625671
455,1.502368096889955,0.6040402943459989,1.0959252579083276,0.8629035569024592
456,1.8556171846147185,0.5344895578011,1.0854049747993655,0.7558401633486227
457,1.5078441322339549,0.5868166815836481,1.0854049747993655,0.862912245060738
458,1.8417304407465382,0.5434326691350757,1.07472959150276,0.7558488018209919
459,1.5144538096031133,0.569691435602005,1.07472959150276,0.8629206523975625
460,1.8275237297108422,0.5421738229360618,1.064020080995125,0.7558569201041091
461,1.5221591943333856,0.5527370141206616,1.064020080995125,0.8629287593922205
462,1.813042119040502,0.5310903389369768,1.0534014150331552,0.7558645162638487
463,1.5309167593513935,0.5360323592658746,1.0534014150331552,0.8629365494201746
464,1.7983325901316634,0.5208706937243204,1.043001000212466,0.7558715911000885
465,1.5406779223617109,0.5196634024385656,1.043001000212466,0.8629440086174189
466,1.7834439841413656,0.5116051180977672,1.03294689956417,0.755878147941025
467,1.5513896171239194,0.5037234925482407,1.03294689956417,0.8629511257416651
468,1.7684269343045105,0.5033810833659232,1.0233658479800474,0.7558841924401297
469,1.5629948840905277,0.4883136803372612,1.0233658479800474,0.8629578920312574
470,1.75333378267616,0.49628115851493015,1.0143810839092482,0.7558897323765547
471,1.575433466569171,0.47354276806940093,1.0143810839092482,0.8629643010626749
472,1.7382184791854862,0.4903806661169127,1.0061100365675844,0.7558947774597289
473,1.58864239995148,0.4595270085336073,1.0061100365675844,0.8629703486074014
474,1.723136460801139,0.48574525907148053,0.9986619263034006,0.7558993391387981
475,1.6025565832720488,0.4463893141475726,0.9986619263034006,0.8629760324889018
476,1.7081445085676306,0.48242857813333195,0.9921353541045366,0.7559034304175011
477,1.6171093242789438,0.43425782298201726,0.9921353541045366,0.8629813524403872
478,1.693300580294013,0.4804701738444094,0.9866159722875603,0.7559070656749881
479,1.6322328511788102,0.4232636741860396,0.9866159722875603,0.8629863099639907
480,1.6786636167765452,0.47989387752933926,0.9821743396398115,0.7559102604930467
481,1.6478587861517562,0.4135378834715384,0.9821743396398115,0.862990908191922
482,1.6642933196341632,0.48070677945890355,0.9788640682157272,0.7559130314901015
483,1.6639185775259104,0.4052072922273536,0.9788640682157272,0.8629951517501295
484,1.650249899147399,0.4828989190625332,0.9767203637286587,0.7559153961623226
485,1.6803438890974154,0.39838969700004545,0.9767203637286587,0.862999046624931
486,1.6365937909346606,0.4864437198298778,0.9757590462219097,0.7559173727320985
487,1.69706694644222,0.3931884402825717,0.9757590462219097,0.8630026000330338
488,1.6233853408882701,0.4912991231847899,0.9759761130954371,0.755918980004084
489,1.7140208411769016,0.3896869282229449,0.9759761130954371,0.8630058202953164
490,1.6106844585351061,0.497409305799187,0.9773478747965891,0.7559202372289775
491,1.7311397949898075,0.3879436846935119,0.9773478747965891,0.8630087167147001
492,1.5985502398845077,0.5047068157531637,0.9798316580220867,0.7559211639751287
493,1.7483593858970703,0.38798859518683104,0.9798316580220867,0.8630112994583888
494,1.5870405618709134,0.51311494119114,0.9833670362861263,0.7559217800080412
495,1.7656167396049538,0.38982089633411726,0.9833670362861263,0.8630135794447201
496,1.5762116516700924,0.5225501304808238,0.9878775172739134,0.7559221051777809
497,1.7828506891097469,0.39340922834640374,0.9878775172739134,0.8630155682348265
498,1.5661176354315676,0.532924309598414,0.9932725937839076,0.7559221593142648
499,1.8000019057698915,0.3986937419255752,0.9932725937839076,0.8630172779292696
500,1.5568100722769684,0.5441469818098877,0.999450052165869,0.7559219621303706
501,1.8170130050723419,0.405589927823764,0.999450052165869,0.8630187210697716
502,1.5483374807013301,0.5561270377743041,1.0062984293214265,0.7559215331327684
503,1.8338286302142393,0.41399360487176173,1.0062984293214265,0.8630199105461405
504,1.5407448657062472,0.5687742438850747,1.013699515467781,0.7559208915403494
505,1.850395516456538,0.42378641206847867,1.013699515467781,0.8630208595084438
506,1.5340732560063846,0.5820004086641994,1.0215308128818963,0.7559200562100916
507,1.8666625389993,0.43484120054242187,1.0215308128818963,0.8630215812844689
508,1.5283592613977852,0.5957202496786039,1.029667878166699,0.7559190455701869
509,1.882580746896296,0.4470268684610848,1.029667878166699,0.863022089302466
510,1.5236346607760798,0.5955030474853426,1.0379864946535915,0.7559178775602224
511,1.898103385283119,0.46021236718129244,1.0379864946535915,0.8630223970191548
512,1.5199260312768461,0.5902992809863546,1.0463646402086741,0.755916569578196
513,1.913185907948752,0.4742697796294239,1.0463646402086741,0.8630225178529531
514,1.5172544285324236,0.5845795396523875,1.0546842323705972,0.7559151384341183
515,1.9277859820432783,0.4890765026346332,1.0546842323705972,0.8630224651223504
516,1.515635127081959,0.578349762284221,1.062832646484128,0.7559136003099548
517,1.9418634864895306,0.5045166454147524,1.062832646484128,0.8630222519893486
518,1.5150774285512272,0.571616449847089,1.0707040129439176,0.7559119707256334
519,1.9553805054575555,0.5204817926660993,1.0707040129439176,0.8630218914078556
520,1.5155845433887485,0.5643866689853295,1.0782003069014943,0.7559102645108395
521,1.9683013180697781,0.5368712851032673,1.0782003069014943,0.8630213960769254
522,1.517153549792103,0.5566680566364766,1.085232248172032,0.7559084957823169
523,1.9805923853325913,0.5535921556570889,1.085232248172032,0.8630207783986895
524,1.5197754310983012,0.548468826016555,1.091720031107611,0.7559066779263743
525,1.992222335136738,0.5705588361281032,1.091720031107611,0.8630200504408494
526,1.5234351904785095,0.5397977743077939,1.0975939044200744,0.755904823586304
527,2.0031619460337557,0.58769272379028,1.0975939044200744,0.8630192239035627
528,1.52811203941082,0.5306642924536846,1.102794619844866,0.7559029446544183
529,2.0133841303778235,0.6049216741449007,1.102794619844866,0.8630183100905584
530,1.5337796542395612,0.5210783775582312,1.1072737665692227,0.7559010522683932
531,2.0228639173204077,0.6221794664816366,1.1072737665692227,0.8630173198843032
532,1.5404064932822206,0.5110506485015852,1.1109940058460783,0.7558991568116252
533,2.0315784360576585,0.6394052735157892,1.1109940058460783,0.8630162637250388
534,1.5479561655040153,0.5005923655298601,1.1139292174327267,0.7558972679173098
535,2.0395068996561716,0.6565431548238968,1.1139292174327267,0.8630151515935021
536,1.5563878408001361,0.48971545476183975,1.1160645666067834,0.7558953944759336
537,2.0466305897199986,0.6735415854771603,1.1160645666067834,0.8630139929971377
538,1.565656691425285,0.47843253879158193,1.1173964976349802,0.7558935446459046
539,2.052932842109309,0.6903530254916758,1.1173964976349802,0.8630127969596116
540,1.5757143540733052,0.46675697486973344,1.1179326567713017,0.7558917258670287
541,2.058399033877503,0.7069335318506287,1.1179326567713017,0.8630115720134249
542,1.5865094024912094,0.4547029025394988,1.1176917451794504,0.7558899448765595
543,2.0630165715576827,0.7232424123845641,1.1176917451794504,0.8630103261954399
544,1.5979878212441951,0.4422853031152176,1.1167032996362718,0.755888207727551
545,2.0667748809000286,0.73924191931154,1.1167032996362718,0.8630090670451193
546,1.6100934722502815,0.4295200740627863,1.1150073965029716,0.7558865198092531
547,2.0696653981377584,0.7548969794303597,1.1150073965029716,0.8630078016052843
548,1.6227685468885542,0.41642412222720576,1.1126542722867863,0.7558848858692968
549,2.0716815628400735,0.7701749576015456,1.1126542722867863,0.8630065364252064
550,1.635953997769575,0.4030154810300862,1.1097038522164757,0.7558833100374299
551,2.0728188123948876,0.7850454500816826,1.1097038522164757,0.863005277565836
552,1.6495899455642553,0.3893134583356657,1.1062251767107836,0.7558817958505681
553,2.073074578151461,0.7994801043855982,1.1062251767107836,0.8630040306069926
554,1.6636160575544972,0.37533882380684996,1.102295714557349,0.7558803462789421
555,2.072448283242523,0.7973260680460563,1.102295714557349,0.8630028006563312
556,1.6779718957455287,0.3611140474520267,1.098000551207989,0.7558789637531304
557,2.0709413420964364,0.7832699900004707,1.098000551207989,0.8630015923599084
558,1.692597233431222,0.3466636049928507,1.0934314410396553,0.7558776501917753
559,2.068557161641748,0.7687582094642222,1.0934314410396553,0.8630004099141824
560,1.7074323400086853,0.33201437107598936,1.0886857139605872,0.7558764070298043
561,2.0653011441984064,0.7538171770890807,1.0886857139605872,0.862999257079285
562,1.722418234588244,0.3171961287862742,1.083865029596469,0.7558752352469585
563,2.0611806920414812,0.7384752449040934,1.083865029596469,0.8629981371933959
564,1.7374969095405184,0.30224223419592827,1.0790739766839705,0.7558741353964928
565,2.0562052136136044,0.7227628289341704,1.0790739766839705,0.862997053188082
566,1.7526115255721402,0.28719048889056203,1.0744185213696789,0.7558731076338657
567,2.0503861313510257,0.706712596681711,1.0744185213696789,0.8629960076044461
568,1.7677065802393108,0.2720842929589344,1.0700043158751587,0.7558721517452927
569,2.0437368910743454,0.690359682910349,1.0700043158751587,0.8629950026099538
570,1.7827280520105435,0.2569741775014243,1.0659348882711437,0.7558712671760309
571,2.036272972877951,0.6737419374396588,1.0659348882711437,0.8629940400158059
572,1.79762352209448,0.24191985091223095,1.0623097444930507,0.7558704530582645
573,2.0280119034310586,0.6569002088302792,1.0623097444930507,0.8629931212947247
574,1.8123422762736763,0.22699293748597402,1.0592224245420676,0.7558697082384942
575,2.0189732695772427,0.6398786678287537,1.0592224245420676,0.8629922475990516
576,1.8268353889476387,0.21228063677718234,1.0567585651023346,0.7558690313043215
577,2.009178733087321,0.6227251741285837,1.0567585651023346,0.8629914197790339
578,1.8410557915036903,0.19789057335901222,1.0549940294133946,0.7558684206105475
579,1.998652046381486,0.6054916892107286,1.0549940294133946,0.8629906384012086
580,1.854958327015884,0.18395709934329274,1.0539931709356318,0.7558678743044995
581,1.9874190689893867,0.5882347364997569,1.0539931709356318,0.8629899037667736
582,1.8684997931316432,0.1706491611391182,1.0538072989986182,0.7558673903505233
583,1.9755077844602285,0.5710159074595117,1.0538072989986182,0.8629892159298793
584,1.8816389748524995,0.1581793474642409,1.0544734113953553,0.7558669665535755
585,1.9629483173675244,0.5539024080818261,1.0544734113953553,0.8629885747157359
586,1.894336668756675,0.14681254140914962,1.056013250445849,0.7558666005818707
587,1.949772949973438,0.5369676338837618,1.056013250445849,0.8629879797384852
588,1.9065557000531177,0.13687025267760924,1.0584327257034833,0.7558662899885343
589,1.9360161380242942,0.5202917522814443,1.0584327257034833,0.8629874304187494
590,1.9182609337032388,0.12872316750280074,1.0617217291870895,0.7558660322322351
591,1.9217145250403134,0.5039622582303077,1.0617217291870895,0.8629869260008092
592,1.9294192807009933,0.12276155897785941,1.0658543493331674,0.7558658246967609
593,1.9069069543376118,0.48807445155106793,1.0658543493331674,0.8629864655693498
594,1.9399997004661518,0.11933645464118055,1.070789469678384,0.7558656647095231
595,1.891634477877808,0.47273176198433764,1.070789469678384,0.8629860480657313
596,1.9499732001807302,0.11868046947408561,1.0764717195721822,0.755865549558982
597,1.875940360879341,0.4580458211740532,1.0764717195721822,0.8629856723037336
598,1.9593128317851485,0.12084107102181317,1.0828327287159427,0.755865476510974
599,1.859870080944463,0.4441361515418354,1.0828327287159427,0.8629853369847499
600,1.9679936872487886,0.12566553979422787,1.0897926262729818,0.7558654428239521
601,1.843471320257131,0.43112931510584596,1.0897926262729818,0.8629850407123826
602,1.9759928926389063,0.13284763302419492,1.0972617193023366,0.7558654457631354
603,1.8267939491910463,0.4191573491338874,1.0972617193023366,0.8629847820064293
604,1.983289601431747,0.1420062311423969,1.1051422842939618,0.7558654826135872
605,1.8098899994364317,0.4083553226704641,1.1051422842939618,0.8629845593162306
606,1.9898649874395,0.15275617100251393,1.1133304090195628,0.7558655506922249
607,1.7928136245130994,0.39885789401358446,1.1133304090195628,0.8629843710333618
608,1.9957022376655484,0.16475113575426029,1.1217178287716514,0.7558656473587889
609,1.7756210452923347,0.3907948486507466,1.1217178287716514,0.86298421550366
610,2.000786545347442,0.17770004217346355,1.1301937101703994,0.7558657700257924
611,1.7583704779099418,0.3842857557087586,1.1301937101703994,0.8629840910385768
612,2.005105103401277,0.19136700748630336,1.1386463459061607,0.7558659161674699
613,1.7411220412293922,0.3794340854114527,1.1386463459061607,0.8629839959258495
614,2.008647098441741,0.20556401759400406,1.1469647340370652,0.7558660833277656
615,1.7239376408226066,0.37632134046411475,1.1469647340370652,0.8629839284394957
616,2.0114037055181964,0.2201417556879449,1.155040024992318,0.7558662691273804
617,1.7068808262953576,0.3750019064629678,1.155040024992318,0.8629838868491295
618,2.013368083677884,0.23498108951043506,1.1627668277222383,0.7558664712699273
619,1.6900166187172465,0.3754993505458646,1.1627668277222383,0.8629838694286033
620,2.0145353724419555,0.2499860390340533,1.1700443732130068,0.7558666875472114
621,1.673411304948812,0.3778047504849636,1.1700443732130068,0.8629838744639914
622,2.014902689257706,0.2650782818982857,1.1767775387792625,0.7558669158436909
623,1.6571321958195753,0.3818773320509203,1.1767775387792625,0.8629839002609164
624,2.014469127970433,0.2801929773182922,1.1828777402422317,0.7558671541401448
625,1.6412473454314158,0.38764730759645705,1.1828777402422317,0.8629839451512408
626,2.013235758340043,0.2952756321546653,1.1882637014697472,0.7558674005165927
627,1.6258252293720483,0.3950204553330933,1.1882637014697472,0.8629840074991307
628,2.0112056266102067,0.3102797589668743,1.1928621120185325,0.7558676531545075
629,1.610934380351238,0.40388375474739413,1.1928621120185325,0.8629840857065162
630,2.0083837571208405,0.3251651245824366,1.1966081840092242,0.7558679103383623
631,1.5966429807390665,0.4141113426564394,1.1966081840092242,0.8629841782179637
632,2.004777154937318,0.3398964354601356,1.199446119096595,0.7558681704565504
633,1.583018412702191,0.4255701564517644,1.199446119096595,0.862984283524979
634,2.000394809451395,0.354442345627891,1.2013294956573128,0.7558684320017214
635,1.5701267680967173,0.4381248240509899,1.2013294956573128,0.8629844001697679
636,1.9952476988887178,0.36877470337531176,1.2022215852552596,0.7558686935705766
637,1.5580323219618566,0.45164157385506737,1.2022215852552596,0.862984526748471
638,1.9893487956352411,0.3828679754633169,1.202095606172594,0.7558689538631627
639,1.5467969753203037,0.4659911204753014,1.202095606172594,0.8629846619138983
640,1.9827130722691757,0.39669880409900216,1.2009349203915043,0.7558692116817028
641,1.5364796749566787,0.4810506083898355,1.2009349203915043,0.8629848043777908
642,1.9753575081554875,0.41024566386750716,1.1987331789251243,0.7558694659290102
643,1.5271358198155662,0.49670476442143424,1.1987331789251243,0.8629849529126287
644,1.967301096425634,0.4234885944490398,1.1954944188497532,0.7558697156065141
645,1.518816665513208,0.5128464326906274,1.1954944188497532,0.8629851063530123
646,1.9585648511253193,0.43640899120422655,1.1912331137887078,0.7558699598119486
647,1.5115687400521631,0.5293766583033103,1.1912331137887078,0.8629852635966444
648,1.9491718142667336,0.4489894402583904,1.1859741779315984,0.7558701977367285
649,1.5054332850196592,0.5462044626967532,1.1859741779315984,0.8629854236049322
650,1.9391470624680724,0.4612135880384575,1.1797529219242326,0.755870428663055
651,1.5004457371979611,0.563246424599655,1.1797529219242326,0.8629855854032433
652,1.9285177128012547,0.47306603765916677,1.1726149571141307,0.755870651960786
653,1.4966352655012758,0.5804261522440428,1.1726149571141307,0.8629857480808326
654,1.917312927397736,0.4845322663629022,1.1646160426692538,0.7558708670841
655,1.4940243773994109,0.5976737079363171,1.1646160426692538,0.8629859107904647
656,1.9055639162813758,0.4955985595640492,1.1558218679989607,0.755871073567988
657,1.4926286074668969,0.6149250264168593,1.1558218679989607,0.862986072747767
658,1.8933039378056906,0.5062519580587981,1.1463077607129672,0.7558712710246038
659,1.4924562984428948,0.6321213535068803,1.1463077607129672,0.86298623323032
660,1.88056829596999,0.516480215724108,1.1361583081038769,0.7558714591395004
661,1.4935084823018552,0.6492087207066748,1.1361583081038769,0.8629863915765218
662,1.8673943337745305,0.5262717656095481,1.125466877923358,0.7558716376677785
663,1.49577886547714,0.6334390652515866,1.125466877923358,0.8629865471842469
664,1.8538214216490336,0.5356156927697033,1.1143350221904171,0.7558718064301732
665,1.4992539187555685,0.6161961658703475,1.1143350221904171,0.8629866995093152
666,1.8398909398522474,0.5445017125269153,1.1028717461429258,0.7558719653091054
667,1.5039130687030475,0.598941866398801,1.1028717461429258,0.8629868480637944
668,1.8256462535938989,0.5407348611143495,1.0911926235228009,0.7558721142447198
669,1.5097289840263177,0.5817388112036387,1.0911926235228009,0.8629869924141682
670,1.811132679476522,0.5297574108672425,1.0794187395583936,0.7558722532309209
671,1.516667947239161,0.5646552204355385,1.0794187395583936,0.8629871321793652
672,1.796397441696264,0.5196556640215882,1.0676754447375596,0.7558723823114462
673,1.5246902995574192,0.5477654244768696,1.0676754447375596,0.8629872670286957
674,1.781489616283398,0.5105195912270196,1.0560909062595991,0.7558725015759681
675,1.5337509452133948,0.5311503930644241,1.0560909062595991,0.8629873966796893
676,1.7664600615106738,0.502436139933478,1.0447944504090882,0.7558726111562684
677,1.5437999004102327,0.5148982229268326,1.0447944504090882,0.8629875208958699
678,1.751361332458594,0.4954870604042791,1.0339146984013607,0.755872711222475
679,1.5547828719207208,0.49910453095553486,1.0339146984013607,0.8629876394844688
680,1.7362475776106596,0.4897465439868265,1.023577510673603,0.7558728019793935
681,1.5666418508070135,0.4838726789860366,1.023577510673603,0.8629877522940994
682,1.72117441527029,0.4852788010931137,1.0139037699325084,0.7558728836629311
683,1.579315707789688,0.4693137319904232,1.0139037699325084,0.8629878592124111
684,1.7061987875580988,0.48213574286945937,1.0050070508049223,0.7558729565366364
685,1.5927407782910046,0.45554602626802343,1.0050070508049223,0.8629879601637214
686,1.6913787897791233,0.4803549516854463,0.9969912423521569,0.7558730208883497
687,1.6068514269720295,0.44269420292031836,0.9969912423521569,0.8629880551066554
688,1.676773473061552,0.4799581232047453,0.989948207075406,0.755873077026986
689,1.6215805835336277,0.4308875525601825,0.989948207075406,0.8629881440317919
690,1.6624426183795236,0.4809501325987356,0.9839555739660955,0.7558731252794487
691,1.6368602435291895,0.42025753116589865,0.9839555739660955,0.862988226959332
692,1.6484464804005432,0.4833188212230716,0.9790747710881788,0.7558731659876763
693,1.652621929836351,0.4109343573896914,0.9790747710881788,0.8629883039367983
694,1.6348455000595148,0.48703552626172353,0.9753494028590408,0.7558731995058429
695,1.668797112175898,0.4030426994382168,0.9753494028590408,0.862988375036776
696,1.6216999853694685,0.49205629780419613,0.9728040671764464,0.7558732261976933
697,1.685317583594712,0.39669660684762587,0.9728040671764464,0.862988440354698
698,1.6090697607417903,0.4983236801255448,0.9714436876532282,0.7558732464340361
699,1.702115794116603,0.39199402398648875,0.9714436876532282,0.8629885000066887
700,1.5970137860063427,0.5057688882040619,0.9712534078353429,0.7558732605903793
701,1.7191251428012977,0.38901140063483003,0.9712534078353429,0.8629885541274662
702,1.585589747384513,0.5143141924212277,0.9721990602265648,0.7558732690447226
703,1.7362802302451184,0.3877990349458957,0.9721990602265648,0.8629886028683122
704,1.57485362385381,0.5238753329241508,0.9742281871075242,0.7558732721754954
705,1.7535170741258252,0.3883777887308685,0.9742281871075242,0.8629886463951131
706,1.564859233615041,0.5343638139938623,0.9772715567586729,0.7558732703596492
707,1.770773290765088,0.3907376728881,0.9772715567586729,0.8629886848864747
708,1.5556577666814775,0.5456889690545973,0.9812450915836277,0.7558732639708948
709,1.7879882458849712,0.3948385285808348,0.9812450915836277,0.8629887185319213
710,1.547297310888733,0.5577597299100151,0.9860521064759208,0.7558732533780846
711,1.8051031778005902,0.4006126947002144,0.9860521064759208,0.8629887475301683
712,1.5398223797975017,0.5704860726580071,0.9915857477629091,0.7558732389437443
713,1.8220612962492957,0.40796924786205147,0.9915857477629091,0.8629887720874889
714,1.5332734519442073,0.5837801435596802,0.9977315248303277,0.7558732210227355
715,1.838807859934458,0.4167992082468796,0.9977315248303277,0.8629887924161557
716,1.5276865316008157,0.5975570895709232,1.0043698364484095,0.7558731999610626
717,1.8552902356827223,0.4269810587032194,1.0043698364484095,0.8629888087329769
718,1.5230927415542235,0.5948456858459594,1.0113784094734353,0.7558731760948084
719,1.8714579418975335,0.4383860094298613,1.0113784094734353,0.8629888212579175
720,1.5195179583418479,0.5895755399491032,1.0186345863304895,0.7558731497491956
721,1.8872626787549105,0.45088260523854723,1.0186345863304895,0.8629888302128048
722,1.516982499840102,0.5837901095522547,1.026017417050547,0.7558731212377758
723,1.9026583473427872,0.4643404582650439,1.026017417050547,0.8629888358201258
724,1.5155008740831715,0.5774954078972308,1.033409529709104,0.7558730908617316
725,1.9176010597023105,0.4786330511798358,1.033409529709104,0.8629888383019086
726,1.5150815967123294,0.5706980107631865,1.0406987686100593,0.7558730589092956
727,1.9320491414954135,0.4936396717415127,1.0406987686100593,0.8629888378786899
728,1.515727082578602,0.5634050601083258,1.0477796018222703,0.755873025655273
729,1.9459631288025376,0.5092466057670546,1.0477796018222703,0.8629888347685637
730,1.517433614835113,0.5556242688434253,1.0545543085720366,0.7558729913606689
731,1.9593057603506066,0.5253477409554798,1.0545543085720366,0.8629888291863177
732,1.520191392478117,0.5473639270159418,1.060933962756705,0.75587295627241
733,1.9720419662859243,0.5418447314750541,1.060933962756705,0.8629888213426457
734,1.5239846548630176,0.5386329097445878,1.0668392319241116,0.7558729206231568
735,1.984138854440107,0.5586468550620093,1.0668392319241116,0.8629888114434391
736,1.528791879374002,0.5294406873200728,1.0722010120017982,0.7558728846312007
737,1.9955656948893312,0.5756706698430468,1.0722010120017982,0.8629887996891555
738,1.5345860462960015,0.5197973379823498,1.0769609173995,0.7558728485004398
739,2.006293903477291,0.5928395531036676,1.0769609173995,0.8629887862742577
740,1.5413349631387747,0.5097135640035333,1.0810716443309873,0.7558728124204289
741,2.0162970248592336,0.6100831819452796,1.0810716443309873,0.8629887713867278
742,1.5490016392794608,0.4992007118557975,1.0844972227040142,0.7558727765664959
743,2.0255507155269483,0.6273369974727738,1.0844972227040142,0.8629887552076423
744,1.5575447008719692,0.48827079743437146,1.0872131690151363,0.7558727410999194
745,2.0340327271912106,0.6445416799653592,1.0872131690151363,0.8629887379108193
746,1.566918835532946,0.4769365375497813,1.0892065495804693,0.7558727061681659
747,2.0417228908274367,0.6616426519690454,1.0892065495804693,0.8629887196625192
748,1.5770752563346562,0.46521138921749666,1.0904759602854024,0.7558726719051744
749,2.048603101630766,0.6785896187544836,1.0904759602854024,0.862988700621211
750,1.5879621750663164,0.45310959867981854,1.0910314259458311,0.7558726384316914
751,2.0546573050770935,0.6953361504356408,1.0910314259458311,0.8629886809373882
752,1.5995252754974705,0.44064626262493983,1.0908942194074467,0.7558726058556412
753,2.059871484245391,0.7118393066457511,1.0908942194074467,0.8629886607534386
754,1.6117081784076681,0.42783740476371807,1.090096597719482,0.7558725742725377
755,2.064233648522813,0.7280593025290689,1.090096597719482,0.862988640203564
756,1.6244528913495306,0.4147000718436627,1.0886814501568454,0.7558725437659252
757,2.067733823786472,0.7439592135518317,1.0886814501568454,0.8629886194137443
758,1.637700237403865,0.4012524544020272,1.0867018505959045,0.755872514407845
759,2.070364044133366,0.7595047159813653,1.0867018505959045,0.8629885985017399
760,1.6513902584912101,0.3875140391970762,1.0842205048664229,0.755872486259327
761,2.0721183452118335,0.7746638596240093,1.0842205048664229,0.8629885775771442
762,1.6654625900618978,0.37350580246429127,1.0813090823319595,0.7558724593708988
763,2.0729927591932737,0.7894068694061354,1.0813090823319595,0.8629885567414562
764,1.6798568051487053,0.35925045614095885,1.0780474202593469,0.7558724337831078
765,2.0729853114108963,0.8037059725281658,1.0780474202593469,0.8629885360882007
766,1.694512726799392,0.34477276329548195,1.0745225897284028,0.7558724095270581
767,2.07209601868225,0.7931809748175009,1.0745225897284028,0.8629885157030693
768,1.7093707087915233,0.3300999446185791,1.0708278131382665,0.75587238662495
769,2.0703268893235682,0.7789865369492702,1.0708278131382665,0.8629884956640914
770,1.7243718852615204,0.3152622055860789,1.0670612260277796,0.7558723650906279
771,2.067681924855854,0.764344077794731,1.0670612260277796,0.8629884760418302
772,1.739458390455919,0.30029342462193376,1.0633244801619242,0.7558723449301268
773,2.064167123394547,0.7492805999976389,1.0633244801619242,0.8629884568995964
774,1.7545735502446418,0.28523205740244945,1.0597211907932746,0.7558723261422178
775,2.05979048470585,0.7338250536343544,1.0597211907932746,0.8629884382936864
776,1.7696620473377718,0.2701223328018091,1.0563552387106794,0.7558723087189511
777,2.0545620169027763,0.7180085059052436,1.0563552387106794,0.8629884202736313
778,1.784670062335743,0.2550158435860838,1.053328946974609,0.7558722926461898
779,2.0484937447419536,0.7018643366830972,1.053328946974609,0.8629884028824625
780,1.799545392836112,0.23997367136488948,1.0507411627062975,0.7558722779041362
781,2.0415997194675435,0.6854284634449247,1.0507411627062975,0.8629883861569887
782,1.8142375528360013,0.2250692306703095,1.0486852852670678,0.7558722644678483
783,2.0338960301304354,0.6687395993603544,1.0486852852670678,0.8629883701280814
784,1.8286978546247774,0.2103920669496953,1.0472472926857808,0.7558722523077426
785,2.0254008162884354,0.6518395484367143,1.0472472926857808,0.8629883548209689
786,1.842879475271728,0.19605288125095938,1.0465038271056948,0.7558722413900811
787,2.0161342819654138,0.6347735415354365,1.0465038271056948,0.8629883402555336
788,1.8567375096916685,0.18219003551488389,1.0465204060771705,0.755872231677449
789,2.006118710713456,0.6175906166400089,1.0465204060771705,0.8629883264466142
790,1.8702290121287621,0.16897761117926785,1.0473498285575285,0.7558722231292083
791,1.995378481580728,0.6003440457741679,1.0473498285575285,0.8629883134043105
792,1.8833130277444174,0.15663453230973406,1.0490308416291347,0.7558722157019377
793,1.9839400857379137,0.5830918091602608,1.0490308416291347,0.8629883011342873
794,1.8959506158363186,0.1454329456699832,1.0515871258435048,0.7558722093498541
795,1.9718321434563715,0.5658971141862996,1.0515871258435048,0.8629882896380756
796,1.908104866057916,0.13570153047700875,1.0550266440127996,0.7558722040252139
797,1.9590854210602202,0.5488289520036953,1.0550266440127996,0.8629882789133744
798,1.9197409088551876,0.12781578732844423,1.0593413811449115,0.7558721996786935
799,1.9457328473909354,0.5319626774548696,1.0593413811449115,0.8629882689543447
800,1.9308259211930963,0.12216486192174264,1.0645074835823791,0.7558721962597519
801,1.931809529225329,0.5153805877569565,1.0645074835823791,0.8629882597519023
802,1.9413291285097145,0.11908907065828866,1.0704857851582565,0.7558721937169703
803,1.9173527649744497,0.49917246112098507,1.0704857851582565,0.862988251294004
804,1.9512218037126057,0.11880004076758081,1.077222689303912,0.7558721919983723
805,1.9024020558607977,0.48343599756895383,1.077222689303912,0.8629882435659223
806,1.9604772639201449,0.12131872817229065,1.0846513602876888,0.7558721910517229
807,1.88699911362306,0.4682770804001537,1.0846513602876888,0.8629882365505184
808,1.9690708655500506,0.1264687581735475,1.0926931654008076,0.7558721908248072
809,1.8711878636307449,0.4538097488847981,1.0926931654008076,0.8629882302285022
810,1.976979998268091,0.13392953598752402,1.1012593035769995,0.7558721912656878
811,1.8550144421052943,0.4401557435751512,1.1012593035769995,0.8629882245786864
812,1.9841840782311597,0.14331590475951067,1.1102525546185757,0.7558721923229421
813,1.8385271859402172,0.4274434608494997,1.1102525546185757,0.8629882195782295
814,1.9906645409899248,0.154245944136051,1.119569086323861,0.7558721939458798
815,1.821776613392079,0.4158061425971268,1.119569086323861,0.8629882152028667
816,1.9964048343561729,0.1663800216295954,1.1291002633966771,0.7558721960847394
817,1.804815393679886,0.4053791440053698,1.1291002633966771,0.862988211427135
818,2.001390411487966,0.17943443927594407,1.1387344109057662,0.7558721986908686
819,1.7876983032874274,0.3962961830673897,1.1387344109057662,0.8629882082245826
820,2.0056087244008287,0.19318001119304726,1.1483584950877195,0.7558722017168829
821,1.7704821665184685,0.3886845925497774,1.1483584950877195,0.8629882055679704
822,2.009049218074538,0.20743425986820943,1.1578596944322852,0.755872205116806
823,1.7532257776181497,0.38265976989148887,1.1578596944322852,0.8629882034294613
824,2.0117033252918506,0.2220522357527022,1.1671268434653435,0.7558722088461979
825,1.7359898015583175,0.3783192321891408,1.1671268434653435,0.8629882017807988
826,2.013564462316753,0.23691817280786034,1.1760517399246624,0.7558722128622579
827,1.7188366504061132,0.3757368839783496,1.1760517399246624,0.8629882005934746
828,2.0146280254948956,0.2519386613063679,1.184530312825736,0.755872217123918
829,1.7018303320740087,0.374958226303029,1.184530312825736,0.8629881998388825
830,2.0148913888368747,0.26703733906379323,1.192463654163188,0.7558722215919205
831,1.6850362682092666,0.3759972110365674,1.192463654163188,0.8629881994884635
832,2.0143539026253365,0.282150865916796,1.199758920761075,0.7558722262288774
833,1.6685210780486253,0.37883524599707596,1.199758920761075,0.8629881995138418
834,2.0130168930687473,0.2972259056263349,1.2063301152420616,0.7558722309993179
835,1.652352325269536,0.3834225175567056,1.2063301152420616,0.8629881998869458
836,2.0108836630074167,0.3122168707984279,1.212098756447686,0.7558722358697245
837,1.636598225243342,0.3896814098390085,1.212098756447686,0.8629882005801192
838,2.007959493660335,0.3270842358463671,1.2169944501383243,0.7558722408085549
839,1.6213273106683435,0.3975114763606968,1.2169944501383243,0.8629882015662264
840,2.004251647383914,0.3417932699100198,1.2209553706468186,0.7558722457862521
841,1.606608054357922,0.4067952460169944,1.2209553706468186,0.8629882028187397
842,1.999769371395126,0.3563130799485279,1.2239286635409894,0.755872250775246
843,1.5925084489995343,0.41740414461095887,1.2239286635409894,0.8629882043118263
844,1.9945239023911274,0.3706158835181189,1.2258707784191865,0.7558722557499428
845,1.5790955449915887,0.42920394980267207,1.2258707784191865,0.8629882060204171
846,1.988528471974565,0.3846764524427077,1.226747739835451,0.7558722606867062
847,1.5664349489977845,0.44205940342011163,1.226747739835451,0.8629882079202731
848,1.9817983127675813,0.3984716844008374,1.2265353631087534,0.7558722655638311
849,1.554590287602614,0.45583781376797494,1.2265353631087534,0.862988209988037
850,1.9743506650673677,0.41198027090477785,1.2252194204665583,0.7558722703615093
851,1.5436226423532065,0.4704116476988698,1.2252194204665583,0.8629882122012833
852,1.9662047838611116,0.4251824384290435,1.2227957616344678,0.7558722750617857
853,1.5335899644510222,0.4856602207757447,1.2227957616344678,0.8629882145385546
854,1.957381945977489,0.438059745445817,1.2192703916191638,0.755872279648514
855,1.524546479305766,0.5014706473181768,1.2192703916191638,0.8629882169793935
856,1.9479054571046388,0.45059492248957483,1.214659507034741,0.7558722841073016
857,1.5165420929548326,0.5177382242350351,1.214659507034741,0.8629882195043668
858,1.9378006583498697,0.46277174556519846,1.2089894908758354,0.755872288425451
859,1.5096218138417739,0.5343664090663026,1.2089894908758354,0.8629882220950815
860,1.9270949319533348,0.4745749355623538,1.2022968641217624,0.7558722925919004
861,1.503825204490447,0.5512665267551502,1.2022968641217624,0.8629882247341972
862,1.915817705695643,0.485990078078153,1.1946281909394734,0.7558722965971552
863,1.4991858780727463,0.5683573104019415,1.1946281909394734,0.8629882274054308
864,1.904000455457097,0.49700355934687945,1.1860399325182729,0.7558723004332206
865,1.495731054639334,0.5855643538482723,1.1860399325182729,0.8629882300935545
866,1.8916767052931835,0.5076025149490747,1.1765982427037578,0.7558723040935326
867,1.493481190799803,0.602819530811753,1.1765982427037578,0.8629882327843934
868,1.8788820242866187,0.5177747887081563,1.1663786966068803,0.7558723075728814
869,1.4924496948923103,0.620060417075013,1.1663786966068803,0.8629882354648135
870,1.8656540193204045,0.5275088997427609,1.1554659412766275,0.7558723108673412
871,1.4926427372275457,0.6372297386041383,1.1554659412766275,0.8629882381227071
872,1.852032322789104,0.5367940160720477,1.1439532554084915,0.7558723139741922
873,1.4940591619465402,0.6455027164331157,1.1439532554084915,0.8629882407469762
874,1.838058574127517,0.5456199335020618,1.1319420030323595,0.7558723168918462
875,1.496690503571406,0.628302450582627,1.1319420030323595,0.8629882433275089
876,1.8237763938885267,0.5392646103049054,1.119540964362176,0.755872319619772
877,1.5005211076688327,0.6110498750701083,1.119540964362176,0.8629882458551562
878,1.8092313489471983,0.5283956685221582,1.1068655257508644,0.7558723221584179
879,1.5055283514245592,0.5938040312783729,1.1068655257508644,0.8629882483217035
880,1.7944709072495928,0.5184142098728638,1.0940367103155628,0.7558723245091403
881,1.5116829565756293,0.5766291710846636,1.0940367103155628,0.8629882507198409
882,1.779544380366719,0.5094099261299644,1.0811800316996982,0.7558723266741261
883,1.5189493842714084,0.5595952804908431,1.0811800316996982,0.8629882530431311
884,1.764502851962791,0.5014692177033204,1.0684241561025962,0.7558723286563246
885,1.527286299192642,0.5427786154316083,1.0684241561025962,0.8629882552859739
886,1.7493990901502665,0.49467298958670924,1.0558993626389745,0.7558723304593744
887,1.5366470887492039,0.5262622229881418,1.0558993626389745,0.8629882574435739
888,1.7342874415919405,0.4890942737368384,1.0437357997448626,0.7558723320875348
889,1.546980422435758,0.5101364072663306,1.0437357997448626,0.8629882595119025
890,1.7192237051344652,0.4847958106188509,1.0320615460238725,0.7558723335456186
891,1.5582308364227266,0.49449908113162916,1.0320615460238725,0.8629882614876582
892,1.7042649827320324,0.4818277577052298,1.021000497641212,0.7558723348389289
893,1.5703393291178094,0.47945592291653194,1.021000497641212,0.8629882633682303
894,1.6894695054593947,0.48022571121974217,1.0106701207027273,0.7558723359731945
895,1.5832439546327421,0.46512023231621985,1.0106701207027273,0.862988265151661
896,1.6748964325371802,0.4800092215693492,1.0011791250253548,0.7558723369545126
897,1.5968804026907928,0.45161235499980446,1.0011791250253548,0.8629882668366032
898,1.6606056215176668,0.4811809490784984,0.9926251337193377,0.7558723377892885
899,1.611182555366155,0.43905852673294066,0.9926251337193377,0.8629882684222854
900,1.6466573681236067,0.4837265475090671,0.9850924389063563,0.7558723384841834
901,1.6260830130174406,0.4275889841042771,0.9850924389063563,0.8629882699084677
902,1.6331121147125085,0.4876152876640233,0.9786499451883476,0.7558723390460619
903,1.6415135837419037,0.41733521239567506,0.9786499451883476,0.8629882712954093
904,1.6200301269666368,0.4928013558774811,0.9733494066850048,0.7558723394819417
905,1.6574057325363365,0.40842626477864374,0.9733494066850048,0.8629882725838244
906,1.6074711391919871,0.4992256967971375,0.9692240586248472,0.7558723397989492
907,1.6736909880326762,0.4009841999710843,0.9692240586248472,0.8629882737748494
908,1.595493969546703,0.5068182275429592,0.9662877296961601,0.7558723400042745
909,1.690301306135033,0.3951188454646796,0.9662877296961601,0.8629882748700033
910,1.5841561075995354,0.515500235883293,0.9645344971599216,0.7558723401051333
911,1.7071693910972137,0.3909222789653127,0.9645344971599216,0.862988275871154
912,1.573513277818154,0.5251867866836502,0.9639389151692637,0.7558723401087263
913,1.7242289755423632,0.3884635880552161,0.9639389151692637,0.8629882767804811
914,1.5636189838673793,0.5357889917543592,0.9644568112266834,0.755872340022207
915,1.7414150616503026,0.3877845589907673,0.9644568112266834,0.8629882776004437
916,1.55452403990596,0.5472160393261654,0.9660266104039252,0.7558723398526487
917,1.758664126245094,0.3888969078489151,0.9660266104039252,0.8629882783337468
918,1.5462760963406565,0.559376922127662,0.9685711160117764,0.7558723396070147
919,1.775914292832994,0.39178148209195046,0.9685711160117764,0.8629882789833129
920,1.538919168649948,0.5721818410232339,0.9719996522259006,0.7558723392921339
921,1.7931054737997805,0.3963895607489574,0.9719996522259006,0.8629882795522471
922,1.532493178841509,0.5855432908026287,0.97621046079017,0.7558723389146738
923,1.8101794860071168,0.4026460455310975,0.97621046079017,0.8629882800438129
924,1.527033519771759,0.599008012374648,0.9810932407817216,0.7558723384811213
925,1.8270801429591423,0.4104540572843033,0.9810932407817216,0.8629882804614019
926,1.5225706528533838,0.594190744171217,0.9865317265131037,0.7558723379977642
927,1.843753326568895,0.4197003018303602,0.9865317265131037,0.8629882808085088
928,1.5191297495442921,0.5888534133764903,0.9924062118754808,0.7558723374706731
929,1.860147041362071,0.4302605661257299,0.9924062118754808,0.8629882810887078
930,1.516730386409364,0.5830015459973409,0.9985959471649126,0.7558723369056881
931,1.8762114537318213,0.44200482056049417,0.9985959471649126,0.8629882813056285
932,1.5153863024656538,0.5766412281498853,1.0049813540372639,0.7558723363084074
933,1.891898918617939,0.4548015800365674,1.0049813540372639,0.8629882814629347
934,1.515105225988575,0.5697791089042461,1.0114460234443527,0.7558723356841762
935,1.9071639957387638,0.468521359002468,1.0114460234443527,0.8629882815643044
936,1.5158887760332587,0.5624224040592299,1.0178784785591384,0.7558723350380802
937,1.9219634572632114,0.48303920534077344,1.0178784785591384,0.8629882816134105
938,1.517732441706849,0.554578901081985,1.0241736988101204,0.7558723343749368
939,1.9362562885799115,0.4982363986479653,1.0241736988101204,0.8629882816139046
940,1.520625639835135,0.5462569654986301,1.0302344118207614,0.7558723336992956
941,1.9500036836047225,0.5140014512583256,1.0302344118207614,0.8629882815694003
942,1.5245518492373396,0.5374655490846686,1.0359721673540097,0.7558723330154304
943,1.963169035869467,0.5302305660138414,1.0359721673540097,0.862988281483457
944,1.5294888174962953,0.5282142002820104,1.0413082116609154,0.7558723323273417
945,1.9757179264549036,0.5468276964239008,1.0413082116609154,0.86298828135957
946,1.5354088340184218,0.5185130773668611,1.0461741824470747,0.7558723316387564
947,1.9876181096700427,0.5637043339830319,1.0461741824470747,0.8629882812011567
948,1.5422790614288626,0.5083729650151932,1.0505126445647652,0.7558723309531284
949,1.9988394972375003,0.5807791222649167,1.0505126445647652,0.8629882810115473
950,1.5500619160220317,0.4978052950673418,1.0542774850419558,0.7558723302736428
951,2.009354141619887,0.5979773730005754,1.0542774850419558,0.862988280793973
952,1.558715487132059,0.486822172490204,1.0574341836257652,0.7558723296032188
953,2.0191362190139572,0.615230538187644,1.0574341836257652,0.8629882805515587
954,1.568193984910396,0.47543640778757695,1.0599599720098876,0.7558723289445156
955,2.0281620124461206,0.6324756752235007,1.0599599720098876,0.8629882802873174
956,1.5784482060750147,0.46366155743378046,1.0618438916059922,0.7558723282999386
957,2.0364098953234664,0.6496549290227742,1.0618438916059922,0.8629882800041424
958,1.5894260076753628,0.4515119743264658,1.0630867563052373,0.7558723276716452
959,2.043860315727187,0.666715045537954,1.0630867563052373,0.8629882797048026
960,1.6010727797276803,0.4390028708034286,1.0637010232973145,0.7558723270615535
961,2.050495781678837,0.6836069243750355,1.0637010232973145,0.8629882793919389
962,1.6133319086331666,0.4261503974891749,1.0637105717734177,0.7558723264713497
963,2.0563008475628237,0.7002852136273379,1.0637105717734177,0.8629882790680605
964,1.626145224510414,0.4129717421902524,1.063150386321491,0.7558723259024953
965,2.061262101849664,0.7167079470736116,1.063150386321491,0.8629882787355442
966,1.6394534268709096,0.3994852543274985,1.0620661391134965,0.7558723253562413
967,2.065368156232668,0.7328362220467942,1.0620661391134965,0.86298827839663
968,1.6531964843691014,0.38571060209466934,1.060513662688139,0.7558723248336313
969,2.0686096362647435,0.7486339152294101,1.060513662688139,0.862988278053422
970,1.6673140056061984,0.3716689718290791,1.0585583033801407,0.7558723243355169
971,2.070979173560997,0.7640674331136377,1.0585583033801407,0.8629882777078907
972,1.6817455791136908,0.35738332219924634,1.0562741444062316,0.7558723238625638
973,2.0724713996158233,0.7791054936937334,1.0562741444062316,0.8629882773618676
974,1.6964310816574066,0.34287871007824106,1.053743087493038,0.7558723234152646
975,2.0730829412693876,0.7937189360061924,1.053743087493038,0.8629882770170537
976,1.711310954868016,0.32818271083055245,1.0510537829566968,0.7558723229939478
977,2.0728124178471172,0.8028611811307749,1.0510537829566968,0.862988276675015
978,1.7263264509132288,0.3133259638250816,1.0483004005626362,0.7558723225987887
979,2.0716604399862493,0.7889963113478671,1.0483004005626362,0.8629882763371901
980,1.741419848483592,0.2983428851666131,1.045581237529842,0.7558723222298199
981,2.0696296101550042,0.7746655529921959,1.045581237529842,0.8629882760048885
982,1.7565346407778653,0.2832726050815191,1.042997165854039,0.7558723218869421
983,2.066724524861939,0.7598946310809034,1.042997165854039,0.8629882756792968
984,1.771615697459924,0.26816020859439166,1.04064992874226,0.7558723215699324
985,2.062951778544797,0.744711112672279,1.04064992874226,0.8629882753614806
986,1.7866094027342057,0.25305838680560316,1.0386403052253248,0.7558723212784583
987,2.058319969119116,0.7291445603533028,1.0386403052253248,0.8629882750523886
988,1.8014637717689168,0.23802964368877022,1.0370661725499069,0.7558723210120828
989,2.052839705156302,0.7132267092905635,1.0370661725499069,0.8629882747528576
990,1.8161285477033897,0.2231492496839044,1.0360205070739235,0.755872320770278
991,2.0465236146481445,0.6969916711595525,1.0360205070739235,0.8629882744636161
992,1.8305552814247406,0.20850918305342173,1.0355893751467018,0.7558723205524326
993,2.039386355299108,0.6804761685607749,1.0355893751467018,0.8629882741852895
994,1.8446973962043338,0.19422333400342442,1.0358499746778778,0.7558723203578607
995,2.0314446262683528,0.6637198037497744,1.0358499746778778,0.8629882739184033
996,1.8585102391594361,0.18043421439339818,1.036868794516448,0.7558723201858123
997,2.022717181259523,0.6467653655830736,1.036868794516448,0.862988273663389
998,1.8719511213607691,0.1673212006790249,1.038699961183609,0.7558723200354809
999,2.0132248428268507,0.629659178409273,1.038699961183609,0.8629882734205894
1000,1.8849793482513564,0.15510970271720265,1.0413838400308748,0.7558723199060117
1001,2.002990517730116,0.6124514960609739,1.0413838400308748,0.8629882731902635
1002,1.8975562418830587,0.14407919939156208,1.0449459501249532,0.7558723197965088
1003,1.9920392131272582,0.5951969429086023,1.0449459501249532,0.8629882729725894
1004,1.9096451563199721,0.13456538875040622,1.049396239330363,0.755872319706044
1005,1.9803980533407834,0.5779550018125104,1.049396239330363,0.8629882727676732
1006,1.921211487406256,0.12694802725902746,1.0547287490901331,0.7558723196336625
1007,1.9680962968711977,0.5607905453337152,1.0547287490901331,0.8629882725755502
1008,1.9322226779527576,0.12161404499974043,1.0609216788094793,0.7558723195783901
1009,1.9551653532561262,0.5437744011828071,1.0609216788094793,0.862988272396193
1010,1.942648219263766,0.11889161739454544,1.0679378394273857,0.7558723195392398
1011,1.9416387992861117,0.5269839349096826,1.0679378394273857,0.8629882722295131
1012,1.9524596498032962,0.11897024409350182,1.0757254667093175,0.755872319515217
1013,1.9275523939858517,0.5105036214637403,1.0757254667093175,0.86298827207537
1014,1.9616305516899162,0.12184422188513114,1.0842193487861376,0.7558723195053264
1015,1.9129440916514227,0.4944255616745873,1.0842193487861376,0.8629882719335709
1016,1.9701365456101712,0.12731445822616058,1.093342210798519,0.7558723195085748
1017,1.89785405209862,0.4788498793161083,1.093342210798519,0.8629882718038796
1018,1.9779552846527764,0.135047413394568,1.1030062928505802,0.7558723195239775
1019,1.882324647123841,0.46388490923944925,1.1030062928505802,0.8629882716860192
1020,1.985066447488274,0.14465507485983983,1.113115055840875,0.7558723195505617
1021,1.8664004620064543,0.4496470583940301,1.113115055840875,0.8629882715796762
1022,1.9914517312510729,0.15575943501356287,1.1235649525643887,0.7558723195873709
1023,1.8501282906902468,0.4362601929212879,1.1235649525643887,0.8629882714845051
1024,1.9970948444218235,0.16802777685770282,1.1342472078087125,0.7558723196334693
1025,1.833557123072308,0.4238543827228618,1.1342472078087125,0.8629882714001321
1026,2.0019814999570107,0.1811837642752997,1.145049559847664,0.7558723196879424
1027,1.8167381226025496,0.412563830885366,1.145049559847664,0.8629882713261595
1028,2.0060994088686512,0.19500477888996925,1.1558579256066148,0.7558723197499032
1029,1.7997245921595864,0.4025238437450305,1.1558579256066148,0.8629882712621693
1030,2.0094382744190624,0.2093137279705936,1.1665579618153048,0.7558723198184918
1031,1.7825719259243527,0.39386677386038993,1.1665579618153048,0.8629882712077268
1032,2.0119897870630568,0.2239698913792964,1.1770365038828552,0.7558723198928786
1033,1.765337544729455,0.38671700314477375,1.1770365038828552,0.8629882711623836
1034,2.013747620241738,0.23886075646158886,1.1871828724916915,0.7558723199722673
1035,1.7480808121304408,0.38118522253646503,1.1871828724916915,0.8629882711256809
1036,2.014707427107526,0.25389539592661786,1.196890044723752,0.7558723200558954
1037,1.7308629282387822,0.37736247919011295,1.196890044723752,0.8629882710971523
1038,2.0148668382384263,0.26899934100473266,1.2060556918199472,0.7558723201430348
1039,1.7137467981927894,0.37531464657972874,1.2060556918199472,0.8629882710763265
1040,2.0142254603800867,0.28411070197845456,1.2145830894995482,0.7558723202329944
1041,1.6967968720430013,0.3750780562040589,1.2145830894995482,0.8629882710627313
1042,2.012784876236197,0.2991772619184856,1.2223819092936714,0.7558723203251199
1043,1.6800789528176565,0.3766569536717878,1.2223819092936714,0.8629882710558942
1044,2.0105486453106307,0.31415430527698723,1.229368900789155,0.7558723204187942
1045,1.6636599696395407,0.380023195112439,1.229368900789155,0.8629882710553447
1046,2.007522305787644,0.32900299281215195,1.235468475261782,0.7558723205134379
1047,1.6476077130180464,0.38511823497009734,1.235468475261782,0.862988271060619
1048,2.003713377418897,0.3436891402577076,1.2406132011147186,0.7558723206085108
1049,1.6319905298705388,0.39185707634524475,1.2406132011147186,0.8629882710712575
1050,1.9991313653672524,0.3581822952432879,1.2447442210161477,0.7558723207035086
1051,1.6168769764641657,0.40013356985098586,1.2447442210161477,0.8629882710868108
1052,1.9937877649366333,0.37245503518562373,1.2478115998024866,0.7558723207979658
1053,1.60233542833757,0.4098263251903063,1.2478115998024866,0.8629882711068378
1054,1.9876960670939263,0.38648242970783264,1.2497746111983261,0.755872320891453
1055,1.5884336473772174,0.42080454581388055,1.2497746111983261,0.8629882711309111
1056,1.9808717646622875,0.40024162631455207,1.2506019702863527,0.7558723209835779
1057,1.575238307588045,0.43293326202964477,1.2506019702863527,0.8629882711586121
1058,1.9733323590344416,0.4137115290309683,1.2502720174961783,0.7558723210739835
1059,1.5628144826979606,0.44607765100641916,1.2502720174961783,0.8629882711895396
1060,1.9650973672188747,0.42687254765473864,1.248772858702191,0.7558723211623483
1061,1.5512251005336097,0.46010633176158067,1.248772858702191,0.8629882712233042
1062,1.956188328990339,0.4397064010257502,1.2461024648397623,0.7558723212483838
1063,1.540530371038862,0.47489367354880174,1.2461024648397623,0.8629882712595315
1064,1.9466288138679406,0.45219596190840256,1.2422687332638953,0.7558723213318357
1065,1.5307871967892286,0.4903212471732025,1.2422687332638953,0.8629882712978655
1066,1.9364444275883799,0.46432513414736454,1.2372895118708753,0.7558723214124786
1067,1.522048576771473,0.5062785882347304,1.2372895118708753,0.862988271337965
1068,1.9256628176777304,0.47607875501561875,1.2311925857601624,0.7558723214901206
1069,1.5143630159142758,0.5226634441904637,1.2311925857601624,0.8629882713795056
1070,1.9143136776516438,0.4874425173471683,1.2240156249045724,0.7558723215645976
1071,1.5077739542277686,0.5393816587427763,1.2240156249045724,0.8629882714221807
1072,1.9024287492901917,0.49840290729569614,1.2158060898943739,0.7558723216357724
1073,1.5023192302926003,0.5563468193953077,1.2158060898943739,0.8629882714657013
1074,1.8900418223390911,0.5089471544988877,1.2066210913005289,0.7558723217035359
1075,1.4980305941043617,0.5734797649072995,1.2066210913005289,0.8629882715097948
1076,1.8771887308832298,0.519063192138112,1.1965271965462982,0.7558723217678033
1077,1.4949332838301626,0.5907080230954175,1.1965271965462982,0.8629882715542071
1078,1.8639073455210595,0.5287396249239357,1.1856001763802888,0.755872321828513
1079,1.4930456798216676,0.6079652277593002,1.1856001763802888,0.8629882715987014
1080,1.8502375603397445,0.537965703452608,1.1739246811240085,0.7558723218856266
1081,1.4923790472624485,0.6251905467187255,1.1739246811240085,0.8629882716430566
1082,1.8362212735516033,0.5467313036986976,1.161593834869668,0.7558723219391255
1083,1.492937376181141,0.6423281405576348,1.161593834869668,0.8629882716870699
1084,1.821902360503892,0.5378069667131081,1.14870873381779,0.7558723219890101
1085,1.4947173243722345,0.6403820955811641,1.14870873381779,0.8629882717305566
1086,1.8073266376185606,0.5270480855996661,1.1353778331124698,0.7558723220353001
1087,1.497708265222597,0.6231603403804014,1.1353778331124698,0.8629882717733465
1088,1.7925418156597785,0.5171884438248493,1.121716205066001,0.7558723220780307
1089,1.5018924387687846,0.6059033675488567,1.121716205066001,0.8629882718152849
1090,1.7775974405695039,0.5083174217860736,1.107844650853643,0.7558723221172516
1091,1.507245200745605,0.5886717190038213,1.107844650853643,0.862988271856234
1092,1.762544819961489,0.5005208358541753,1.0938886479756198,0.7558723221530278
1093,1.5137353611571314,0.5715313008969557,1.0938886479756198,0.8629882718960715
1094,1.747436933230042,0.4938787057674426,1.0799771174736568,0.7558723221854345
1095,1.5213256012005694,0.5545539130010987,1.0799771174736568,0.8629882719346869
1096,1.7323283231216204,0.48846286335723643,1.0662409985473342,0.7558723222145605
1097,1.529972955342846,0.5378177835246492,1.0662409985473342,0.862988271971987
1098,1.717274966547158,0.48433454049952723,1.0528116243288528,0.7558723222405025
1099,1.5396293440693067,0.5214080788233194,1.0528116243288528,0.8629882720078901
1100,1.7023341223950141,0.48154210760698135,1.0398189015389632,0.7558723222633669
1101,1.5502421423085215,0.505417342319836,1.0398189015389632,0.8629882720423264
1102,1.687564154154705,0.48011914969972336,1.0273893087476016,0.7558723222832666
1103,1.5617547687425044,0.4899457976330793,1.0273893087476016,0.8629882720752403
1104,1.673024325297488,0.48008305769852344,1.015643742835598,0.7558723223003221
1105,1.5741072820446715,0.47510142780817377,1.015643742835598,0.862988272106588
1106,1.6587745655995707,0.4814342751733786,1.0046952603434447,0.7558723223146571
1107,1.5872369714222658,0.4609997172778658,1.0046952603434447,0.8629882721363336
1108,1.6448752069548542,0.4841562789173427,0.9946467784515304,0.7558723223264021
1109,1.6010789305320283,0.44776291952925246,0.9946467784515304,0.8629882721644537
1110,1.6313866877225314,0.4882162953973307,0.9855888175079579,0.7558723223356907
1111,1.6155666057419185,0.4355186980950021,0.9855888175079579,0.8629882721909349
1112,1.6183692253026047,0.49356667842989815,0.9775973809636826,0.755872322342656
1113,1.6306323116925743,0.42439799150900176,0.9775973809636826,0.8629882722157715
1114,1.6058824574356396,0.500146810521225,0.9707320767495246,0.7558723223474347
1115,1.6462077090543892,0.4145319869935528,0.9707320767495246,0.8629882722389646
1116,1.593985053679719,0.5078853514823518,0.9650345842349547,0.7558723223501658
1117,1.662224241188902,0.40604816539390526,0.9650345842349547,0.8629882722605278
1118,1.5827342996147935,0.5167026471024839,0.9605275614053566,0.7558723223509864
1119,1.678613528042373,0.3990655078258886,0.9605275614053566,0.8629882722804773
1120,1.5721856575368032,0.5265131252372703,0.9572140674854611,0.7558723223500338
1121,1.6953077169860702,0.393689125367843,0.9572140674854611,0.8629882722988368
1122,1.5623923086911746,0.5372275393921376,0.9550775481550744,0.7558723223474411
1123,1.7122397914552698,0.39000475874523605,0.9550775481550744,0.8629882723156365
1124,1.5534046834029134,0.5487549616479002,0.9540823964862873,0.755872322343343
1125,1.7293438391286309,0.38807374584505955,0.9540823964862873,0.8629882723309126
1126,1.5452699867201156,0.5610044692062384,0.9541750666336902,0.7558723223378714
1127,1.746555282046251,0.3879291119141993,0.9541750666336902,0.8629882723447051
1128,1.5380317283200198,0.5738865058766663,0.95528568342341,0.7558723223311542
1129,1.7638110715121118,0.38957335544695204,0.95528568342341,0.8629882723570568
1130,1.5317292663459592,0.5873139282509277,0.9573300632399893,0.7558723223233172
1131,1.7810498508936505,0.3929782775428535,0.9573300632399893,0.8629882723680152
1132,1.5263973754644007,0.5984122992271756,0.9602120428487284,0.7558723223144829
1133,1.7982120895486455,0.39808688221359884,0.9602120428487284,0.8629882723776321
1134,1.5220658496761708,0.5935272371175818,0.9638260043406532,0.7558723223047674
1135,1.8152401911077911,0.4048170470692858,0.9638260043406532,0.862988272385962
1136,1.5187591502242286,0.5881227980989832,0.9680594859760646,0.7558723222942851
1137,1.832078579248483,0.4130664186477031,0.9680594859760646,0.8629882723930602
1138,1.5164961082759025,0.5822045807455365,0.9727957787263991,0.7558723222831438
1139,1.8486737639364996,0.4227178806196423,0.9727957787263991,0.8629882723989836
1140,1.5152896909158426,0.5757787440645322,0.9779164243232693,0.7558723222714481
1141,1.8649743909088936,0.4336449799865585,0.9779164243232693,0.8629882724037906
1142,1.5151468373978956,0.5688520104501237,0.9833035498783281,0.7558723222592969
1143,1.8809312769412665,0.44571683609597096,0.9833035498783281,0.8629882724075402
1144,1.516068370636456,0.561431669594958,0.9888419940914095,0.7558723222467834
1145,1.8964974331997322,0.4588022411276326,0.9888419940914095,0.862988272410294
1146,1.5180489866695637,0.5535255836008068,0.9944211986903128,0.7558723222339964
1147,1.9116280787332933,0.4727728364596343,0.9944211986903128,0.8629882724121147
1148,1.5210773224209002,0.5451421935816058,0.9999368546827254,0.7558723222210197
1149,1.926280645923996,0.48750538517122494,0.9999368546827254,0.8629882724130623
1150,1.5251360996637702,0.5362905281169101,1.0052923055466598,0.7558723222079311
1151,1.9404147794858324,0.502883246603751,1.0052923055466598,0.8629882724131978
1152,1.5302023407868817,0.5269802139940298,1.0103997184866462,0.7558723221948046
1153,1.9539923303925917,0.5187971992909157,1.0103997184866462,0.8629882724125799
1154,1.5362476499078608,0.517221489777451,1.0151810405767785,0.7558723221817067
1155,1.9669773459219047,0.5351457657050243,1.0151810405767785,0.8629882724112679
1156,1.5432385511826032,0.5070252228703452,1.0195687594691545,0.7558723221687008
1157,1.979336056828535,0.5518351791072473,1.0195687594691545,0.862988272409319
1158,1.55113687489259,0.4964029308926537,1.0235064889360337,0.7558723221558443
1159,1.9910368625046448,0.5687791099330054,1.0235064889360337,0.86298827240679
1160,1.5599001810988593,0.48536680840350455,1.0269493984059903,0.7558723221431894
1161,2.0020503148477555,0.5858982438195912,1.0269493984059903,0.8629882724037368
1162,1.5694822103351076,0.47392976025610517,1.02986450335972,0.7558723221307841
1163,2.012349101437429,0.6031197797697826,1.02986450335972,0.8629882724002115
1164,1.5798333509452596,0.4621054432088501,1.0322308303946368,0.7558723221186723
1165,2.021908028518119,0.6203768969737231,1.0322308303946368,0.8629882723962669
1166,1.5909011131978734,0.44990831785175894,1.0340394672822137,0.7558723221068939
1167,2.030704004196731,0.6376082229933427,1.0340394672822137,0.8629882723919532
1168,1.6026306011571543,0.43735371347582264,1.0352935046800984,0.7558723220954827
1169,2.038716022187776,0.6547573240887833,1.0352935046800984,0.8629882723873185
1170,1.614964974374017,0.42445790926010846,1.0360078725114428,0.755872322084468
1171,2.0459251463750925,0.6717722298359583,1.0360078725114428,0.8629882723824082
1172,1.6278458926942343,0.4112382361404209,1.0362090705346112,0.7558723220738748
1173,2.0523144964056272,0.688604998166588,1.0362090705346112,0.8629882723772675
1174,1.6412139387826803,0.3977132050411591,1.0359347894265394,0.7558723220637247
1175,2.0578692344862826,0.7052113229222386,1.0359347894265394,0.862988272371937
1176,1.6550090142613458,0.3839026689201653,1.0352334159226604,0.7558723220540349
1177,2.0625765535181704,0.7215501834185252,1.0352334159226604,0.8629882723664576
1178,1.669170706595633,0.369828028464811,1.0341634133431825,0.7558723220448191
1179,2.066425666672623,0.7375835339432141,1.0341634133431825,0.8629882723608658
1180,1.6836386249946094,0.35551249452498335,1.032792567366225,0.7558723220360881
1181,2.069407798488912,0.7532760302436444,1.032792567366225,0.8629882723551978
1182,1.6983527045870022,0.3409814248106656,1.0311970863925142,0.7558723220278487
1183,2.0715161775539013,0.7685947896611066,1.0311970863925142,0.8629882723494863
1184,1.7132534789797325,0.3262627584897662,1.0294605465217037,0.7558723220201062
1185,2.0727460308079118,0.7835091814759748,1.0294605465217037,0.8629882723437614
1186,1.7282823219949475,0.31138758075344874,1.0276726732757893,0.7558723220128637
1187,2.0730945795081155,0.7979906441213609,1.0276726732757893,0.8629882723380526
1188,1.7433816599189866,0.2963908610764259,1.0259279559901382,0.7558723220061211
1189,2.0725610368700633,0.7987766425463556,1.0259279559901382,0.8629882723323865
1190,1.7584951559932602,0.2813124249993907,1.0243240964126905,0.7558723219998745
1191,2.0711466073987843,0.7847702486162955,1.0243240964126905,0.8629882723267861
1192,1.7735678691476018,0.26619824133300857,1.0229603005505379,0.7558723219941181
1193,2.0688544879126214,0.770305453260507,1.0229603005505379,0.8629882723212742
1194,1.7885463891386288,0.25110213644874596,1.0219354320386178,0.7558723219888441
1195,2.0656898702549453,0.755408516039285,1.0219354320386178,0.8629882723158703
1196,1.8033789503271382,0.23608808613909252,1.021346055890934,0.7558723219840426
1197,2.061659945680481,0.7401075820449188,1.021346055890934,0.8629882723105937
1198,1.8180155263272286,0.2212332828022698,1.021284412760149,0.7558723219797028
1199,2.056773910893547,0.7244328420883333,1.021284412760149,0.86298827230546
1200,1.8324079077021806,0.20663222487561506,1.0218363748218864,0.7558723219758113
1201,2.0510429757043815,0.7084167174045346,1.0218363748218864,0.8629882723004825
1202,1.8465097647828173,0.19240210471490654,1.0230794439323385,0.7558723219723554
1203,2.044480372256207,0.6920940722841731,1.0230794439323385,0.8629882722956745
1204,1.8602766975558551,0.17868972373223016,1.0250808594897947,0.7558723219693191
1205,2.0371013657590047,0.6755024583152703,1.0250808594897947,0.8629882722910465
1206,1.8736662744232289,0.1656799105456144,1.0278958862413918,0.7558723219666862
1207,2.028923266645357,0.6586823941035059,1.0278958862413918,0.8629882722866072
1208,1.8866380614772136,0.15360470255903708,1.0315663501805779,0.7558723219644401
1209,2.0199654440382093,0.6416776843533094,1.0315663501805779,0.862988272282365
1210,1.8991536437771561,0.14275095882693625,1.0361194832378713,0.7558723219625635
1211,2.0102493403891053,0.6245357819183895,1.0361194832378713,0.8629882722783242
1212,1.9111766399569043,0.13346120710927017,1.0415671248827008,0.7558723219610377
1213,1.9997984871072534,0.6073081956981828,1.0415671248827008,0.8629882722744899
1214,1.9226727113414084,0.1261188470138433,1.047905311924966,0.7558723219598452
1215,1.9886385209535014,0.5900509458217108,1.047905311924966,0.8629882722708633
1216,1.9336095666089876,0.12110746249541234,1.055114268236862,0.7558723219589687
1217,1.9767972009177452,0.5728250650824004,1.055114268236862,0.8629882722674446
1218,1.943956962904125,0.11874168427657646,1.0631587857121618,0.7558723219583902
1219,1.9643044252320443,0.5556971416076056,1.0631587857121618,0.8629882722642359
1220,1.9536867041852115,0.1191878751245295,1.0719889685497859,0.7558723219580906
1221,1.9511922480933968,0.5387398916698255,1.0719889685497859,0.862988272261237
1222,1.9627726374827694,0.12241370472965445,1.0815412966900562,0.7558723219580508
1223,1.9374948955782725,0.5220327426438605,1.0815412966900562,0.8629882722584471
1224,1.9711906476461876,0.12819841356992503,1.0917399522720628,0.7558723219582516
1225,1.9232487801241407,0.5056623935676035,1.0917399522720628,0.8629882722558634
1226,1.9789186510705064,0.13619691955572685,1.1024983460143625,0.7558723219586742
1227,1.9084925128300094,0.48972330379566503,1.1024983460143625,0.8629882722534832
1228,1.9859365888186278,0.14601945836219282,1.1137207784824739,0.7558723219593002
1229,1.8932669126872164,0.47431803837470615,1.1137207784824739,0.8629882722513041
1230,1.9922264194877366,0.15729252017197967,1.1253041737551197,0.7558723219601113
1231,1.8776150116924464,0.45955737233509086,1.1253041737551197,0.8629882722493201
1232,1.9977721121108172,0.1696904748678695,1.1371398290921413,0.7558723219610903
1233,1.8615820546167963,0.44556002693944224,1.1371398290921413,0.8629882722475273
1234,2.0025596393340797,0.18294429206875376,1.1491151326938702,0.755872321962219
1235,1.845215492007897,0.43245188344807983,1.1491151326938702,0.8629882722459202
1236,2.006576971067913,0.1968377770009649,1.161115211366617,0.7558723219634816
1237,1.8285649647878361,0.4203645021418464,1.161115211366617,0.8629882722444924
1238,2.0098140687718358,0.21119906516561218,1.173024479849671,0.7558723219648616
1239,1.8116822785803461,0.40943277833177394,1.173024479849671,0.8629882722432379
1240,2.012262880501894,0.225891527719563,1.184728072918346,0.7558723219663435
1241,1.7946213656605243,0.39979160826955623,1.184728072918346,0.8629882722421497
1242,2.013917336821317,0.24080579400479712,1.1961131496150994,0.7558723219679123
1243,1.7774382321753648,0.3915715311783403,1.1961131496150994,0.8629882722412211
1244,2.0147733476510985,0.25585333318991993,1.2070700657817377,0.7558723219695538
1245,1.760190888042185,0.3848934661533333,1.2070700657817377,0.8629882722404438
1246,2.014828800115886,0.2709615049645963,1.2174934163803446,0.7558723219712553
1247,1.742939256706219,0.3798628636785325,1.2174934163803446,0.8629882722398114
1248,2.014083557421316,0.286069821433636,1.2272829529601674,0.7558723219730028
1249,1.725745061743015,0.37656380400509265,1.2272829529601674,0.8629882722393158
1250,2.012539458781098,0.3011271486586002,1.2363443842112058,0.7558723219747844
1251,1.7086716871443952,0.3750537363907228,1.2363443842112058,0.8629882722389492
1252,2.010200320395025,0.31608961575653644,1.2445900690517322,0.7558723219765894
1253,1.6917840080507678,0.3753595936026752,1.2445900690517322,0.8629882722387043
1254,2.0070719374620087,0.33091904939872413,1.2519396123497035,0.755872321978407
1255,1.675148188713368,0.37747588760663064,1.2519396123497035,0.8629882722385723
1256,2.003162087194526,0.34558179646620046,1.258320373389192,0.755872321980227
1257,1.658831444616269,0.3813651019231199,1.258320373389192,0.8629882722385469
1258,1.998480532781886,0.3600478335064253,1.2636678967491677,0.7558723219820404
1259,1.6429017659903455,0.38696031468224845,1.2636678967491677,0.8629882722386187
1260,1.9930390282287314,0.37429008879494974,1.267926274516777,0.7558723219838387
1261,1.6274276004403734,0.39416962433567826,1.267926274516777,0.8629882722387813
1262,1.9868513239715102,0.3882839228139245,1.2710484478302484,0.7558723219856138
1263,1.6124774931102608,0.40288170910521637,1.2710484478302484,0.8629882722390272
1264,1.9799331731485301,0.40200672750930466,1.272996454724946,0.7558723219873594
1265,1.5981196837521843,0.4129717819966753,1.272996454724946,0.8629882722393483
1266,1.9723023383678564,0.41543761521627104,1.2737416301989937,0.7558723219890683
1267,1.5844216612555688,0.4243072916133065,1.2737416301989937,0.862988272239738
1268,1.963978598780904,0.42855717575712216,1.273264763357761,0.7558723219907348
1269,1.5714496776293592,0.4367529058316768,1.273264763357761,0.862988272240189
1270,1.9549837572272974,0.4413472857379037,1.2715562154557518,0.755872321992354
1271,1.5592682250948373,0.4501745299012805,1.2715562154557518,0.8629882722406945
1272,1.945341647167484,0.45379095809210857,1.268616001631661,0.7558723219939216
1273,1.5479394817924153,0.46444229794188124,1.268616001631661,0.8629882722412491
1274,1.9350781390628338,0.46587222286556895,1.264453838117803,0.7558723219954337
1275,1.5375227335645378,0.47943260952132993,1.264453838117803,0.8629882722418453
1276,1.9242211457976177,0.47757603240763025,1.2590891556806836,0.7558723219968867
1277,1.5280737812519152,0.4950293573997146,1.2590891556806836,0.8629882722424774
1278,1.9128006266624826,0.48888818574425524,1.2525510789914234,0.7558723219982776
1279,1.5196443448115762,0.5111245193969931,1.2525510789914234,0.8629882722431402
1280,1.9008485893339977,0.499795268111664,1.2448783705056916,0.7558723219996044
1281,1.512281477194502,0.527618282395793,1.2448783705056916,0.8629882722438279
1282,1.8883990891889242,0.5102846025338266,1.236119336224592,0.7558723220008651
1283,1.5060270021613789,0.5444188442742729,1.236119336224592,0.8629882722445353
1284,1.8754882251845526,0.520344211012188,1.2263316893840064,0.7558723220020589
1285,1.5009169909259799,0.5614420108275304,1.2263316893840064,0.8629882722452572
1286,1.8621541314176007,0.5299627834182815,1.2155823666591052,0.7558723220031832
1287,1.4969812925760877,0.5786106761553972,1.2155823666591052,0.8629882722459897
1288,1.8484369633440487,0.5391296525806856,1.2039472898619938,0.7558723220042362
1289,1.494243132547841,0.5958542499864955,1.2039472898619938,0.8629882722467282
1290,1.8343788775016634,0.5478303180041098,1.1915110643590852,0.7558723220052173
1291,1.4927187919881768,0.61310807520964,1.1915110643590852,0.8629882722474688
1292,1.8200240034274042,0.5363629251084517,1.1783666035705769,0.7558723220061268
1293,1.492417378660151,0.6303128634776082,1.1783666035705769,0.8629882722482075
1294,1.8054184063058423,0.5257156397486928,1.164614667002037,0.7558723220069663
1295,1.4933406972205752,0.6474141655199078,1.164614667002037,0.862988272248941
1296,1.7906100387257464,0.5159793236242374,1.1503632974089273,0.7558723220077361
1297,1.4954832233823792,0.6352533466238024,1.1503632974089273,0.862988272249666
1298,1.7756486797650732,0.5072430123651288,1.135727141080179,0.7558723220084377
1299,1.4988321828672282,0.6180150515167514,1.135727141080179,0.86298827225038
1300,1.760585859476263,0.4995919005632421,1.120826634089843,0.7558723220090725
1301,1.5033677323883865,0.6007590626921232,1.120826634089843,0.86298827225108
1302,1.745474766712412,0.4931050822287891,1.105787037029745,0.7558723220096427
1303,1.5090632364165963,0.5835474675670257,1.105787037029745,0.862988272251764
1304,1.7303701381308672,0.48785314819713316,1.090737301604178,0.7558723220101508
1305,1.5158856303919186,0.5664478737760368,1.090737301604178,0.8629882722524292
1306,1.715328126146523,0.4838957833970353,1.0758087550075748,0.7558723220105974
1307,1.523795858531387,0.5495339426302824,1.0758087550075748,0.862988272253075
1308,1.7004061435970312,0.4812795385222927,1.0611335927123373,0.755872322010986
1309,1.5327493725700898,0.5328859202488173,1.0611335927123373,0.8629882722536986
1310,1.685662682942496,0.48003596346182537,1.046843177621269,0.7558723220113186
1311,1.542696676722248,0.5165911317337876,1.046843177621269,0.8629882722542991
1312,1.6711571079705996,0.4801802768515258,1.0330661538026678,0.7558723220115979
1313,1.553583903855499,0.5007443873778811,1.0330661538026678,0.8629882722548753
1314,1.6569494162325737,0.48171070517810505,1.0199263962730074,0.7558723220118261
1315,1.5653534082756462,0.4854482293683539,1.0199263962730074,0.8629882722554262
1316,1.6430999708135712,0.4846085604419337,1.0075408341568777,0.755872322012006
1317,1.5779443615159963,0.47081292344921094,1.0075408341568777,0.862988272255951
1318,1.629669200558196,0.4888390481775922,0.9960172021295867,0.7558723220121406
1319,1.5912933389818626,0.45695607470922245,0.9960172021295867,0.8629882722564491
1320,1.6167172685396864,0.4943527219635445,0.985451792815529,0.7558723220122328
1321,1.6053348870710702,0.44400172463095944,0.985451792815529,0.8629882722569203
1322,1.604303709384727,0.5010874403083043,0.9759272986827162,0.7558723220122839
1323,1.6200020623316276,0.43207877545771056,0.9759272986827162,0.8629882722573635
1324,1.592487037041742,0.5089706465324253,0.9675108434671166,0.7558723220122983
1325,1.635226936198107,0.4213185988308414,0.9675108434671166,0.8629882722577797
1326,1.581324325694414,0.5179217850052787,0.9602523077834133,0.7558723220122774
1327,1.6509410607601864,0.411851731609071,0.9602523077834133,0.8629882722581687
1328,1.5708707677466522,0.5278546845034418,0.9541830493024414,0.7558723220122248
1329,1.6670758927774048,0.4038036542773665,0.9541830493024414,0.8629882722585298
1330,1.5611792140985206,0.5386797738758106,0.9493151036625174,0.7558723220121427
1331,1.683563174707007,0.3972897897062018,0.9493151036625174,0.8629882722588641
1332,1.5522997032381292,0.5503060374885336,0.9456409285045003,0.7558723220120337
1333,1.7003352728249428,0.39241003928052315,0.9456409285045003,0.8629882722591712
1334,1.544278986922272,0.5626426599362819,0.9431337216249531,0.7558723220119005
1335,1.7173254735828063,0.38924335464181,0.9431337216249531,0.862988272259453
1336,1.5371600613281038,0.5756003455557344,0.941748308561183,0.7558723220117454
1337,1.7344682401616478,0.38784297226834563,0.941748308561183,0.8629882722597089
1338,1.5309817134434374,0.589092325481428,0.9414225591398305,0.755872322011571
1339,1.7516994317750445,0.38823295705206123,0.9414225591398305,0.86298827225994
1340,1.525778093039337,0.5978077542768562,0.9420792609023484,0.7558723220113795
1341,1.7689564886642564,0.39040657453637234,0.9420792609023484,0.8629882722601464
1342,1.521578320759943,0.592854982855486,0.9436283534120025,0.755872322011173
1343,1.7861785859474946,0.3943267505663998,0.9436283534120025,0.8629882722603297
1344,1.5184061426127642,0.5873835296285344,0.9459694134543082,0.7558723220109533
1345,1.8033067595640837,0.39992854439769787,0.9459694134543082,0.8629882722604906
1346,1.5162796404158327,0.5813990657735861,0.9489942776469643,0.7558723220107232
1347,1.8202840075225464,0.4071232494295174,0.9489942776469643,0.8629882722606297
1348,1.51521100655599,0.574907823238007,0.9525896950198577,0.7558723220104836
1349,1.8370553695466076,0.41580352844090546,0.9525896950198577,0.8629882722607483
1350,1.5152063897707457,0.5679165978049737,0.9566399156074822,0.7558723220102376
1351,1.8535679880389526,0.4258489287662369,0.9566399156074822,0.8629882722608465
1352,1.5162658166558716,0.5604327531461071,0.9610291393134678,0.755872322009986
1353,1.8697711530695138,0.4371311959826749,0.9610291393134678,0.8629882722609262
1354,1.51838319132484,0.5524642261080009,0.9656437695076288,0.7558723220097308
1355,1.885616333859803,0.4495189638060077,0.9656437695076288,0.8629882722609883
1356,1.5215463732306833,0.5440195335336856,0.970374435623986,0.7558723220094739
1357,1.9010571989904352,0.4628815839944816,0.970374435623986,0.8629882722610336
1358,1.5257373307447002,0.535107780986479,0.9751177666916275,0.7558723220092158
1359,1.9160496273155212,0.47709202620014945,0.9751177666916275,0.862988272261063
1360,1.530932365808604,0.5257386738262751,0.9797779121918492,0.7558723220089586
1361,1.9305517113323345,0.4920288988186409,0.9797779121918492,0.862988272261078
1362,1.5371024029636446,0.5159225311916528,0.9842678174677165,0.7558723220087035
1363,1.9445237545326033,0.5075777130680588,0.9842678174677165,0.8629882722610789
1364,1.5442133344148616,0.5056703035712542,0.9885102681772918,0.7558723220084511
1365,1.9579282640561628,0.5236315416067264,0.9885102681772918,0.8629882722610679
1366,1.5522264115824718,0.49499359481259403,0.9924387223617236,0.755872322008203
1367,1.9707299397802738,0.540091222794375,0.9924387223617236,0.8629882722610446
1368,1.5610986728613916,0.48390468962629496,0.9959979501446139,0.7558723220079596
1369,1.9828956608093917,0.5568652446903951,0.9959979501446139,0.8629882722610105
1370,1.5707833970541765,0.4724165879127536,0.9991445004878805,0.755872322007722
1371,1.994394470180371,0.5738694186847101,0.9991445004878805,0.8629882722609671
1372,1.5812305721302824,0.4605430475852436,1.0018470123683367,0.7558723220074912
1373,2.0051975584663695,0.591026427524546,1.0018470123683367,0.8629882722609145
1374,1.592387369537631,0.4482986380140052,1.0040863846999348,0.7558723220072675
1375,2.0152782468479673,0.6082653098500074,1.0040863846999348,0.8629882722608541
1376,1.6041986151754208,0.43569880680465545,1.0058558157109607,0.7558723220070513
1377,2.024611970120967,0.6255209246104795,1.0058558157109607,0.8629882722607869
1378,1.6166072492450656,0.4227599633989004,1.0071607186109404,0.7558723220068433
1379,2.033176260025529,0.6427334241260155,1.0071607186109404,0.8629882722607132
1380,1.6295547684430811,0.40949958401163367,1.0080185164986886,0.7558723220066442
1381,2.0409507292093063,0.6598477536855437,1.0080185164986886,0.8629882722606341
1382,1.6429816452650527,0.3959363437870682,1.0084583157760798,0.7558723220064543
1383,2.047917056076567,0.6768131877933855,1.0084583157760798,0.8629882722605504
1384,1.6568277204834718,0.3820902838943828,1.0085204540255648,0.7558723220062735
1385,2.054058970724663,0.6935829078100285,1.0085204540255648,0.8629882722604632
1386,1.6710325660875038,0.367983023768088,1.008255915566916,0.7558723220061022
1387,2.0593622421271274,0.7101136221747615,1.008255915566916,0.8629882722603723
1388,1.6855358170877504,0.3536380320793787,1.0077256059298183,0.7558723220059407
1389,2.063814666688177,0.7263652281466388,1.0077256059298183,0.8629882722602791
1390,1.7002774715661975,0.3390809746529791,1.0069994754880296,0.7558723220057889
1391,2.0674060582651257,0.7423005126669397,1.0069994754880296,0.8629882722601846
1392,1.7151981591764032,0.324340163911777,1.0061554827456516,0.7558723220056467
1393,2.0701282397323553,0.7578848892393554,1.0061554827456516,0.8629882722600886
1394,1.7302393789680264,0.3094471432251062,1.0052783895036999,0.7558723220055144
1395,2.0719750361419327,0.7730861674318479,1.0052783895036999,0.8629882722599913
1396,1.7453437079282765,0.2944374516975787,1.0044583836036898,0.7558723220053917
1397,2.0729422695210244,0.7878743515765473,1.0044583836036898,0.862988272259894
1398,1.7604549820121569,0.27935163171734967,1.003789530319139,0.7558723220052788
1399,2.0730277553340253,0.8022214653773181,1.003789530319139,0.8629882722597977
1400,1.7755184516888143,0.2642365645559152,1.0033680607998734,0.7558723220051747
1401,2.0722313006271325,0.794649146540347,1.0033680607998734,0.8629882722597013
1402,1.790480914180558,0.24914725019477107,1.0032905151360036,0.7558723220050799
1403,2.0705547038642798,0.7805034076026052,1.0032905151360036,0.8629882722596065
1404,1.8052908246321315,0.23414918757486367,1.0036517682195758,0.7558723220049945
1405,2.0680017564552076,0.7659069096123785,1.0036517682195758,0.8629882722595135
1406,1.8198983884383018,0.21932155955436397,1.004542977974202,0.7558723220049177
1407,2.064578245968359,0.7508864589944554,1.004542977974202,0.862988272259422
1408,1.8342556368939664,0.20476147516577786,1.0060495067368709,0.7558723220048493
1409,2.060291961012682,0.7354707931000698,1.0060495067368709,0.8629882722593324
1410,1.8483164882272494,0.19058954536852948,1.008248876413378,0.7558723220047893
1411,2.0551526977625065,0.7196907473674163,1.008248876413378,0.8629882722592456
1412,1.8620367959449002,0.17695700381098523,1.0112088251726508,0.7558723220047372
1413,2.0491722680879354,0.7035794479849107,1.0112088251726508,0.8629882722591615
1414,1.8753743862710992,0.16405428892356932,1.0149855366411105,0.7558723220046927
1415,2.042364509238787,0.6871725335532589,1.0149855366411105,0.8629882722590803
1416,1.8882890863038904,0.1521202008586036,1.0196221108325676,0.7558723220046554
1417,2.0347452950123643,0.670508409497947,1.0196221108325676,0.8629882722590019
1418,1.900742744354483,0.14144900564722865,1.0251473389234085,0.7558723220046251
1419,2.0263325483133556,0.6536285391269462,1.0251473389234085,0.8629882722589268
1420,1.9126992437785586,0.13238982728038237,1.0315748316301903,0.7558723220046013
1421,2.0171462549870416,0.6365777751709178,1.0315748316301903,0.8629882722588554
1422,1.9241245114590886,0.12532902956107234,1.03890253424369,0.7558723220045834
1423,2.0072084787737428,0.6194047352536497,1.03890253424369,0.8629882722587868
1424,1.934986521959473,0.12064566108638879,1.0471126418180399,0.7558723220045718
1425,1.9965433771919578,0.6021622238281625,1.0471126418180399,0.8629882722587223
1426,1.9452552982355718,0.11863941178096143,1.056171907516107,0.7558723220045652
1427,1.9851772181087441,0.5849077014084442,1.056171907516107,0.862988272258661
1428,1.9549029096762756,0.11945260651503113,1.066032317698874,0.755872322004564
1429,1.9731383966972849,0.5677037990549069,1.066032317698874,0.8629882722586035
1430,1.963903468134848,0.12302647202333317,1.076632090841384,0.7558723220045673
1431,1.960457452411887,0.5506188715351414,1.076632090841384,0.8629882722585496
1432,1.9722331225172345,0.12911972306411995,1.087896945114917,0.7558723220045747
1433,1.9471670855284569,0.5337275757437655,1.087896945114917,0.8629882722584994
1434,1.9798700524084272,0.13737712787876194,1.0997415722156685,0.7558723220045861
1435,1.933302172702317,0.5171114510629904,1.0997415722156685,0.8629882722584526
1436,1.986794461143091,0.1474082095227769,1.112071252799296,0.7558723220046015
1437,1.918899780883616,0.5008594645545134,1.112071252799296,0.8629882722584094
1438,1.9929885686612507,0.1588444771769654,1.1247835511736093,0.7558723220046198
1439,1.903999178802275,0.4850684654709546,1.1247835511736093,0.8629882722583694
1440,1.998436604433005,0.17136751899549627,1.1377700327732627,0.755872322004641
1441,1.8886418450881504,0.4698434702648385,1.1377700327732627,0.8629882722583333
1442,2.0031248006870985,0.18471553619816322,1.1509179562485587,0.7558723220046653
1443,1.872871471927263,0.4552976717398656,1.1509179562485587,0.8629882722583001
1444,2.0070413861358327,0.19867860886169278,1.1641119015881651,0.7558723220046915
1445,1.8567339629711268,0.44155203673071114,1.1641119015881651,0.86298827225827
1446,2.01017658035235,0.21308994537491774,1.1772353055385287,0.7558723220047197
1447,1.840277424014042,0.4287343310764783,1.1772353055385287,0.8629882722582436
1448,2.012522588924935,0.22781687331478664,1.1901718848797278,0.7558723220047493
1449,1.8235521447341325,0.41697739788224736,1.1901718848797278,0.8629882722582201
1450,2.0140735994858123,0.24275305607714026,1.2028069363236853,0.7558723220047808
1451,1.8066105695608783,0.40641652845305865,1.2028069363236853,0.8629882722581999
1452,2.0148257786882144,0.25781227629112113,1.2150285086160635,0.7558723220048131
1453,1.789507255489505,0.3971858206302484,1.2150285086160635,0.8629882722581818
1454,2.0147772701844993,0.2729236595134977,1.2267284477527596,0.7558723220048466
1455,1.7722988144177316,0.38941353008955826,1.2267284477527596,0.8629882722581665
1456,2.0139281936390727,0.28802807284775445,1.237803320122407,0.755872322004881
1457,1.7550438373423924,0.3832165893437087,1.237803320122407,0.8629882722581541
1458,2.0122806447921695,0.30307543037142254,1.2481552210123397,0.7558723220049154
1459,1.7378027975349477,0.37869467877312996,1.2481552210123397,0.8629882722581442
1460,2.0098386965734747,0.3180226796803206,1.257692477472793,0.7558723220049502
1461,1.7206379296316807,0.3759244387506564,1.257692477472793,0.8629882722581366
1462,2.0066084012474223,0.332832293662505,1.2663302552433076,0.7558723220049853
1463,1.7036130814461568,0.3749545445220112,1.2663302552433076,0.8629882722581309
1464,2.002597793554188,0.3474711354445334,1.273991079516925,0.7558723220050205
1465,1.6867935352615608,0.37580235854872446,1.273991079516925,0.8629882722581274
1466,1.997816894791188,0.3619095991443305,1.2806052789374476,0.7558723220050548
1467,1.6702457954156147,0.37845269451071784,1.2806052789374476,0.8629882722581256
1468,1.9922777177585893,0.37612095519791433,1.2861113615463968,0.7558723220050891
1469,1.6540373391803411,0.38285889960212327,1.2861113615463968,0.8629882722581258
1470,1.9859942724682578,0.39008084823483524,1.2904563305395922,0.7558723220051226
1471,1.6382363282938026,0.3889460739113994,1.2904563305395922,0.8629882722581277
1472,1.978982572487952,0.4037669094310015,1.2935959467472071,0.7558723220051555
1473,1.6229112790512663,0.39661591079325464,1.2935959467472071,0.8629882722581314
1474,1.971260641760579,0.4171584553612034,1.2954949437769188,0.7558723220051875
1475,1.608130689635749,0.40575245015485606,1.2954949437769188,0.8629882722581359
1476,1.9628485217012552,0.43023625267590615,1.2961272007955005,0.7558723220052187
1477,1.5939626243823306,0.41622801844673024,1.2961272007955005,0.8629882722581418
1478,1.9537682783317538,0.4429823332248683,1.2954758769895303,0.7558723220052492
1479,1.5804742559355285,0.42790875429099506,1.2954758769895303,0.8629882722581491
1480,1.94404400916192,0.4553798481115899,1.293533510845995,0.7558723220052787
1481,1.5677313677671858,0.4406593208378478,1.293533510845995,0.8629882722581569
1482,1.9337018494698102,0.467412951992955,1.2903020865225794,0.7558723220053064
1483,1.555797821246264,0.45434661692525197,1.2903020865225794,0.8629882722581657
1484,1.9227699775657936,0.47906671102607684,1.2857930687212182,0.7558723220053332
1485,1.5447349933401653,0.46884247186714434,1.2857930687212182,0.8629882722581758
1486,1.9112786185497865,0.49032702941445594,1.2800274066168877,0.7558723220053591
1487,1.5346011930020245,0.4840254235380169,1.2800274066168877,0.8629882722581862
1488,1.8992600459843743,0.5011805906643958,1.27303550650214,0.7558723220053835
1489,1.5254510662560832,0.499781738141058,1.27303550650214,0.8629882722581971
1490,1.8867485808091946,0.5116148105349189,1.2648571718595523,0.7558723220054063
1491,1.5173350018074208,0.5160058457548804,1.2648571718595523,0.8629882722582091
1492,1.873780586713149,0.5216177993255373,1.2555415085410293,0.7558723220054281
1493,1.5102985505311004,0.5326003542831855,1.2555415085410293,0.862988272258221
1494,1.860394461060677,0.5311783316506744,1.245146791587857,0.7558723220054487
1495,1.5043818732927425,0.5494757793388197,1.245146791587857,0.8629882722582328
1496,1.8466306203367797,0.5402858222369887,1.233740288945439,0.7558723220054678
1497,1.4996192320807793,0.566550098373268,1.233740288945439,0.8629882722582451
1498,1.8325314789335976,0.5462987967350162,1.2213980358960486,0.7558723220054857
1499,1.496038539278717,0.5837482096089848,1.2213980358960486,0.8629882722582581
1500,1.8181414199507873,0.534932699591877,1.208204552448641,0.7558723220055023
1501,1.4936609790037298,0.6010013527010966,1.208204552448641,0.8629882722582708
1502,1.8035067565252578,0.5243985430931536,1.1942524942031632,0.7558723220055179
1503,1.4925007127704943,0.6182465293244395,1.1942524942031632,0.8629882722582832
1504,1.7886756820468253,0.5147870553883005,1.1796422253925563,0.7558723220055317
1505,1.4925646793541383,0.6354259478008076,1.1796422253925563,0.8629882722582958
1506,1.7736982074601146,0.5061868933138484,1.1644813009826995,0.7558723220055444
1507,1.4938524957356494,0.6473094321115608,1.1644813009826995,0.8629882722583083
1508,1.7586260837064143,0.4986825914762458,1.1488838430143846,0.755872322005556
1509,1.4963564625867407,0.6301179169259613,1.1488838430143846,0.862988272258321
1510,1.74351270723076,0.4923522774824856,1.1329697950020432,0.755872322005566
1511,1.5000616741018864,0.6128681550749226,1.1329697950020432,0.8629882722583332
1512,1.728413006379923,0.4872652604490516,1.1168640374365912,0.7558723220055753
1513,1.5049462283484256,0.5956186684484431,1.1168640374365912,0.8629882722583448
1514,1.713383306458882,0.4834796405537069,1.1006953476301518,0.7558723220055834
1515,1.5109815309154435,0.5784331357249382,1.1006953476301518,0.8629882722583564
1516,1.6984811712114873,0.481040117079565,1.0845951887188652,0.7558723220055903
1517,1.5181326817077636,0.5613809136113135,1.0845951887188652,0.8629882722583679
1518,1.6837652185617942,0.4799761821818202,1.0686963160877434,0.7558723220055963
1519,1.5263589324171503,0.5445375724227477,1.0686963160877434,0.8629882722583788
1520,1.6692949086136553,0.48030087097977997,1.053131195281601,0.7558723220056013
1521,1.5356142006141968,0.5279854204784595,1.053131195281601,0.8629882722583891
1522,1.655130302175743,0.48201019419688734,1.0380302340232623,0.7558723220056053
1523,1.5458476255824265,0.5118139782323169,1.0380302340232623,0.8629882722583994
1524,1.6413317884745242,0.4850833127721906,1.0235198424879715,0.7558723220056084
1525,1.5570041509393524,0.4961203454309077,1.0235198424879715,0.8629882722584091
1526,1.6279597812539448,0.48948343601558164,1.009720350365659,0.7558723220056108
1527,1.569025119682621,0.4810093829066735,1.009720350365659,0.8629882722584186
1528,1.6150743831483738,0.49515935048777204,0.9967438258935131,0.7558723220056124
1529,1.581848868448119,0.4665936059069363,0.9967438258935131,0.8629882722584273
1530,1.6027350190590302,0.5020474293707562,0.9846918597911756,0.7558723220056129
1531,1.595411309332362,0.45299266093222784,0.9846918597911756,0.8629882722584356
1532,1.5910000402589803,0.5100739404373723,0.9736533940983558,0.7558723220056133
1533,1.6096464894670894,0.4403322383307074,0.9736533940983558,0.8629882722584439
1534,1.5799263020818672,0.5191574669767708,0.9637026900059552,0.7558723220056128
1535,1.6244871204989926,0.42874226708131385,0.9637026900059552,0.8629882722584513
1536,1.5695687192856425,0.5292112761410555,0.9548975373461489,0.7558723220056116
1537,1.639865072097724,0.4183542581572953,0.9548975373461489,0.8629882722584582
1538,1.5599798044809237,0.5401455051342521,0.9472778091021484,0.75587232200561
1539,1.6557118254895613,0.4092977217179266,0.9472778091021484,0.8629882722584644
1540,1.5512091963158297,0.5518690783343417,0.9408644554547162,0.7558723220056083
1541,1.6719588847174998,0.4016956909735812,0.9408644554547162,0.8629882722584705
1542,1.5433031853436836,0.5642913099393009,0.9356590130448783,0.7558723220056054
1543,1.6885381448121946,0.3956595412180705,0.9356590130448783,0.8629882722584765
1544,1.5363042465853065,0.5773231817349396,0.9316436773788849,0.755872322005603
1545,1.705382217296961,0.3912834770530834,0.9316436773788849,0.8629882722584814
1546,1.5302505886474422,0.5908783115591092,0.9287819522632312,0.7558723220055994
1547,1.7224247144385858,0.3886392327320441,0.9287819522632312,0.8629882722584861
1548,1.5251757297890112,0.5971943843174059,0.9270198536677193,0.7558723220055961
1549,1.7396004944039325,0.3877716322970906,0.9270198536677193,0.8629882722584904
1550,1.5211081114634308,0.5921739897090746,0.9262876108411556,0.7558723220055924
1551,1.756845870010895,0.38869563370737686,0.9262876108411556,0.8629882722584942
1552,1.518070759553087,0.5866356178068295,0.9265017789272627,0.7558723220055883
1553,1.7740987840984286,0.39139531095287444,0.9265017789272627,0.862988272258498
1554,1.5160810027227647,0.5805850124299021,0.927567657781483,0.7558723220055835
1555,1.791298954714465,0.3958249372707526,0.927567657781483,0.8629882722585008
1556,1.5151502560568633,0.5740284785170963,0.929381902666841,0.7558723220055792
1557,1.808387993363311,0.40191199599483496,0.929381902666841,0.8629882722585035
1558,1.5152838764508314,0.5669728853085357,0.9318352138444993,0.7558723220055747
1559,1.8253094994947907,0.4095616575524487,0.9318352138444993,0.8629882722585058
1560,1.5164810941760665,0.5594256705434522,0.9348150021924887,0.75587232200557
1561,1.8420091342824043,0.41866209545141175,0.9348150021924887,0.8629882722585077
1562,1.518735022735874,0.5513948459276685,0.938207944381823,0.7558723220055652
1563,1.8584346765500341,0.42908999612841203,0.938207944381823,0.8629882722585097
1564,1.5220327467064751,0.542889004179651,0.9419023609667575,0.7558723220055604
1565,1.8745360634854804,0.4407157223997675,0.9419023609667575,0.8629882722585106
1566,1.5263554848511596,0.5339173280323125,0.9457903713315704,0.755872322005556
1567,1.8902654185399188,0.45340776338731675,0.9457903713315704,0.8629882722585117
1568,1.5316788235454812,0.5244896016527396,0.9497697986346629,0.7558723220055508
1569,1.9055770686673361,0.4670362879317357,0.9497697986346629,0.8629882722585127
1570,1.537973013580836,0.514616225048455,0.9537458142517005,0.7558723220055464
1571,1.9204275528163446,0.4814757728175901,0.9537458142517005,0.8629882722585132
1572,1.5452033218221004,0.5043082321628926,0.9576323239881279,0.7558723220055419
1573,1.934775623354991,0.4966067831287323,0.9576323239881279,0.8629882722585134
1574,1.5533304280492608,0.49357731353267553,0.9613531073370853,0.7558723220055376
1575,1.9485822418917746,0.5123170394986936,0.9613531073370853,0.8629882722585134
1576,1.5623108566443944,0.48243584459591815,0.9648427265509488,0.7558723220055331
1577,1.9618105707557558,0.5285019259648717,0.9648427265509488,0.8629882722585128
1578,1.5720974325895913,0.47089692101872715,0.968047224774328,0.7558723220055289
1579,1.9744259612168298,0.5450645857155252,0.968047224774328,0.8629882722585124
1580,1.5826397514828194,0.45897440276590207,0.9709246325633599,0.7558723220055246
1581,1.986395939364329,0.5619157320132039,0.9709246325633599,0.8629882722585118
1582,1.5938846538965528,0.44668296910813654,0.9734453004073365,0.7558723220055205
1583,1.997690190417814,0.5789732765909211,0.9734453004073365,0.862988272258511
1584,1.6057766953210637,0.4340381873679096,0.9755920719357429,0.7558723220055167
1585,2.0082805421173777,0.5961618531745758,0.9755920719357429,0.8629882722585099
1586,1.6182586040650513,0.4210565990093879,0.9773603088161433,0.7558723220055128
1587,2.0181409477308576,0.6134122922192982,0.9773603088161433,0.862988272258509
1588,1.6312717207451548,0.4077558277424285,0.9787577743210603,0.7558723220055094
1589,2.027247469120707,0.6306610854530619,0.9787577743210603,0.8629882722585078
1590,1.6447564143034172,0.39415471573216937,0.9798043784895043,0.7558723220055058
1591,2.0355782602324344,0.64784986538533,0.9798043784895043,0.8629882722585063
1592,1.6586524707794088,0.38027349591618265,0.9805317840069142,0.7558723220055024
1593,2.043113551298059,0.66492491506006,0.9805317840069142,0.862988272258505
1594,1.6728994522767566,0.3661340110163099,0.9809828686266976,0.7558723220054994
1595,2.0498356339904933,0.6818367163411527,0.9809828686266976,0.8629882722585036
1596,1.6874370246621844,0.3517599933528736,0.9812110374039538,0.7558723220054966
1597,2.055728847716803,0.6985395402508547,0.9812110374039538,0.8629882722585017
1598,1.702205253493092,0.3371774243916201,0.9812793764636276,0.7558723220054935
1599,2.0607795671986198,0.7149910797602939,0.9812793764636276,0.8629882722585003
1600,1.7171448684743242,0.32241499959284786,0.9812596397510347,0.755872322005491
1601,2.0649761914554268,0.7311521234898866,0.9812596397510347,0.8629882722584985
1602,1.7321974973938505,0.30750473330348393,0.9812310614857893,0.7558723220054889
1603,2.068309134279908,0.7469862676573796,0.9812310614857893,0.8629882722584971
1604,1.7473058709867273,0.292482751115825,0.9812789901120815,0.7558723220054866
1605,2.070770816273033,0.7624596630470307,0.9812789901120815,0.8629882722584955
1606,1.7624140005389948,0.27739033460756857,0.9814933445963077,0.7558723220054842
1607,2.0723556584892022,0.7775407935734169,0.9814933445963077,0.862988272258494
1608,1.777467330283825,0.2622753072816431,0.9819669010332125,0.7558723220054824
1609,2.0730600777276744,0.7922002830428791,0.9819669010332125,0.8629882722584922
1610,1.792412866778987,0.24719388254789196,0.9827934265628464,0.7558723220054805
1611,2.0728824834949977,0.8042936891880971,0.9827934265628464,0.8629882722584904
1612,1.8071992875056042,0.23221313580021932,0.9840656882011121,0.7558723220054792
1613,2.0718232766534204,0.7904793265484036,0.9840656882011121,0.8629882722584887
1614,1.8217770309107293,0.21741431143037265,0.9858733756800628,0.7558723220054782
1615,2.069884849761728,0.7761964669081304,0.9858733756800628,0.8629882722584873
1616,1.8360983700464262,0.20289722266994537,0.9883009888136632,0.7558723220054769
1617,2.067071589106898,0.761470649300463,0.9883009888136632,0.8629882722584855
1618,1.8501174718501263,0.18878601907267012,0.9914257500349969,0.7558723220054757
1619,2.063389878416776,0.7463292398768804,0.9914257500349969,0.8629882722584841
1620,1.863790443977095,0.17523651215770147,0.9953156102472819,0.7558723220054743
1621,2.058848104235066,0.7308015830922289,0.9953156102472819,0.8629882722584826
1622,1.8770753709460832,0.16244490780067597,1.0000274197027517,0.7558723220054735
1623,2.0534566629295226,0.7149191761225677,1.0000274197027517,0.8629882722584812
1624,1.8899323412017495,0.15065689619808226,1.0056053342564217,0.7558723220054727
1625,2.0472279692918094,0.6987158697975138,1.0056053342564217,0.8629882722584797
1626,1.9023234665385798,0.14017415335848962,1.0120795205183448,0.7558723220054724
1627,2.040176466672145,0.6822280996271912,1.0120795205183448,0.8629882722584785
1628,1.9142128951755926,0.1313521182775698,1.0194652112898368,0.755872322005472
1629,2.032318638572949,0.6654951507331814,1.0194652112898368,0.8629882722584774
1630,1.925566819622523,0.12457937208513639,1.0277621460737076,0.7558723220054715
1631,2.0236730216022725,0.6485594605871012,1.0277621460737076,0.8629882722584756
1632,1.9363534803387854,0.12022918464440786,1.0369544118893597,0.7558723220054712
1633,2.0142602196589805,0.6314669633199983,1.0369544118893597,0.8629882722584749
1634,1.946543166057694,0.11858492863377723,1.047010679020761,0.7558723220054709
1635,2.0041029191863364,0.6142674788434473,1.047010679020761,0.8629882722584737
1636,1.9561082115309996,0.11976410866145827,1.057884806725331,0.7558723220054714
1637,1.993225905287809,0.5970151489068884,1.057884806725331,0.8629882722584724
1638,1.9650229933428733,0.12368184185718513,1.069516777185126,0.7558723220054715
1639,1.9816560784472503,0.5797689202067602,1.069516777185126,0.8629882722584716
1640,1.9732639243478827,0.13007753568790728,1.0818339034696005,0.7558723220054715
1641,1.9694224715338184,0.5625930713529685,1.0818339034696005,0.8629882722584706
1642,1.9808094472037638,0.13858718102052406,1.0947522497466988,0.7558723220054716
1643,1.9565562666987604,0.545557775348348,1.0947522497466988,0.8629882722584694
1644,1.987640027396194,0.1488205606100416,1.1081781994994082,0.7558723220054718
1645,1.9430908116849444,0.5287396815696724,1.1081781994994082,0.8629882722584687
1646,1.9937381460885193,0.1604146628758023,1.122010109565634,0.7558723220054724
1647,1.9290616349693959,0.5122224902628408,1.122010109565634,0.8629882722584679
1648,1.9990882930736098,0.173058389177798,1.1361399934918772,0.7558723220054726
1649,1.9145064590426373,0.49609747746296273,1.1361399934918772,0.8629882722584671
1650,2.0036769600568145,0.18649708260754244,1.1504551858360552,0.7558723220054728
1651,1.8994652109950612,0.4804639083837526,1.1504551858360552,0.8629882722584665
1652,2.007492634457451,0.20052694575537205,1.1648399485143925,0.7558723220054733
1653,1.8839800294288507,0.4654292526157682,1.1648399485143925,0.8629882722584661
1654,2.010525793880517,0.2149861062859609,1.179176990035198,0.7558723220054737
1655,1.8680952665434445,0.4511090860555923,1.179176990035198,0.8629882722584657
1656,2.012768901379532,0.2297457167189596,1.1933488776943129,0.7558723220054744
1657,1.8518574840531659,0.43762653559476056,1.1933488776943129,0.862988272258465
1658,2.0142164016047146,0.24470237000397202,1.2072393309746154,0.7558723220054745
1659,1.8353154413882187,0.425111099652284,1.2072393309746154,0.8629882722584643
1660,2.0148647179074297,0.2597720821531113,1.2207343911915252,0.7558723220054754
1661,1.8185200744066214,0.41369667110606834,1.2207343911915252,0.8629882722584636
1662,2.0147122504510957,0.27488568429510907,1.233723467759049,0.7558723220054757
1663,1.801524462608256,0.4035186134054979,1.233723467759049,0.8629882722584632
1664,2.0137593753599594,0.28998535344918863,1.2461002653696085,0.7558723220054767
1665,1.7843837825982674,0.39470981141527983,1.2461002653696085,0.8629882722584631
1666,2.0120084449195708,0.3050220180298077,1.2577635990368403,0.755872322005477
1667,1.767155245303109,0.38739574722291054,1.2577635990368403,0.8629882722584625
1668,2.0094637888256974,0.31995341888315126,1.2686181055464851,0.7558723220054779
1669,1.7498980142089133,0.38168883543314525,1.2686181055464851,0.8629882722584625
1670,2.0061317164612875,0.33474265612473,1.2785748606144425,0.7558723220054787
1671,1.7326731016820403,0.3776824665855592,1.2785748606144425,0.8629882722584621
1672,2.0020205201630814,0.34935709474803694,1.2875519111717235,0.7558723220054792
1673,1.7155432402626314,0.37544539817802486,1.2875519111717235,0.8629882722584623
1674,1.997140479420057,0.3637675354831105,1.2954747318677693,0.7558723220054804
1675,1.6985727257145076,0.37501722997909676,1.2954747318677693,0.862988272258462
1676,1.9915038659242592,0.3779475825190509,1.3022766142595026,0.755872322005481
1677,1.6818272285931666,0.37640564277036975,1.3022766142595026,0.8629882722584618
1678,1.9851249493700749,0.3918731581402739,1.3078989963538827,0.7558723220054814
1679,1.6653735711856599,0.37958584947235396,1.3078989963538827,0.8629882722584619
1680,1.978020003869864,0.40552212770741997,1.3122917392860904,0.7558723220054822
1681,1.6492794669117452,0.3845023508837215,1.3122917392860904,0.8629882722584618
1682,1.970207314821273,0.4188740080913913,1.3154133570063564,0.7558723220054827
1683,1.633613219685802,0.39107270446668396,1.3154133570063564,0.8629882722584619
1684,1.9617071860237119,0.4319097396719389,1.3172312039558485,0.7558723220054828
1685,1.6184433813530146,0.3991927151744881,1.3172312039558485,0.8629882722584624
1686,1.9525419467975111,0.4446115070956599,1.317721624858081,0.7558723220054834
1687,1.6038383661563518,0.4087423169909553,1.317721624858081,0.8629882722584621
1688,1.9427359588082862,0.45696259769588077,1.3168700699449971,0.7558723220054842
1689,1.5898660222797114,0.4195914439234627,1.3168700699449971,0.8629882722584624
1690,1.9323156222401392,0.4689472891966251,1.3146711781737461,0.7558723220054845
1691,1.5765931618516438,0.43160534493118174,1.3146711781737461,0.8629882722584624
1692,1.9213093808936315,0.4805507603306217,1.3111288302606585,0.7558723220054849
1693,1.5640850523704866,0.4446490085333529,1.3111288302606585,0.8629882722584626
1694,1.9097477257070636,0.4917590194933884,1.306256172646676,0.7558723220054853
1695,1.552404874291206,0.45859056608989895,1.306256172646676,0.8629882722584628
1696,1.8976631961118273,0.5025588476718871,1.3000756127927422,0.7558723220054857
1697,1.5416131514376539,0.4733036991329267,1.3000756127927422,0.8629882722584632
1698,1.885090378533718,0.5129377527273931,1.2926187854605822,0.7558723220054865
1699,1.5317671628856162,0.4886691733362689,1.2926187854605822,0.8629882722584633
1700,1.8720659012418135,0.5228839327502831,1.283926488837958,0.7558723220054869
1701,1.5229203468910097,0.5045756659715601,1.283926488837958,0.8629882722584636
1702,1.858628424624691,0.5323862466917254,1.2740485884910118,0.7558723220054873
1703,1.515121709181925,0.5209200596849788,1.2740485884910118,0.8629882722584635
1704,1.8448186258408228,0.5414341908518486,1.2630438861433544,0.7558723220054874
1705,1.508415249348416,0.5376073586492861,1.2630438861433544,0.862988272258464
1706,1.8306791766468515,0.5447797556257152,1.2509799491681144,0.755872322005488
1707,1.5028394200047779,0.5545503560190809,1.2509799491681144,0.8629882722584641
1708,1.8162547130559252,0.5335164900588593,1.2379328954166195,0.7558723220054883
1709,1.4984266337345196,0.5716691524031877,1.2379328954166195,0.862988272258464
1710,1.8015917953210658,0.5230969933318086,1.223987126586474,0.7558723220054883
1711,1.4952028324577122,0.588890598370261,1.223987126586474,0.8629882722584645
1712,1.7867388565795586,0.513611830480641,1.2092350017582143,0.7558723220054888
1713,1.4931871327289645,0.6061477118132748,1.2092350017582143,0.8629882722584646
1714,1.7717461383389523,0.5051492449090166,1.1937764410319245,0.755872322005489
1715,1.492391558584904,0.6233791037101184,1.1937764410319245,0.8629882722584649
1716,1.7566656108404815,0.49779307259849825,1.1777184474336306,0.7558723220054892
1717,1.4928208709799022,0.6405284329963489,1.1777184474336306,0.8629882722584653
1718,1.741550876210373,0.49162043392080135,1.1611745335402475,0.7558723220054894
1719,1.494472499708221,0.6421919988437212,1.1611745335402475,0.8629882722584655
1720,1.7264570522145415,0.4866993157532785,1.1442640377519189,0.7558723220054894
1721,1.4973365801941976,0.6249772756680652,1.1442640377519189,0.8629882722584659
1722,1.7114406343804953,0.4830861963316418,1.1271113140509819,0.7558723220054896
1723,1.501396093861471,0.6077212483142781,1.1271113140509819,0.8629882722584659
1724,1.6965593342568834,0.4808238928581476,1.1098447787343553,0.7558723220054896
1725,1.5066271072051771,0.5904839235313448,1.1098447787343553,0.8629882722584666
1726,1.6818718916625788,0.4799398185186902,1.0925957983767327,0.75587232200549
1727,1.5129991014165785,0.573330617717166,1.0925957983767327,0.8629882722584667
1728,1.6674378589513772,0.4804448152735995,1.0754974056280584,0.7558723220054898
1729,1.5204753816454444,0.5563324844512132,1.0754974056280584,0.862988272258467
1730,1.6533173556033358,0.48233268105081084,1.0586828338563177,0.7558723220054903
1731,1.5290135528794677,0.5395670499493841,1.0586828338563177,0.8629882722584671
1732,1.6395707918666487,0.48558044099054387,1.0422838685738445,0.7558723220054903
1733,1.5385660480586816,0.5231187272764118,1.0422838685738445,0.862988272258467
1734,1.6262585607293523,0.4901493341471589,1.0264290233684172,0.7558723220054904
1735,1.5490806934480006,0.5070792654170035,1.0264290233684172,0.8629882722584671
1736,1.6134406982081242,0.4959864141716115,1.0112415607890455,0.7558723220054906
1737,1.5605012964240272,0.49154807043474164,1.0112415607890455,0.8629882722584672
1738,1.6011765128052016,0.5030266080622038,0.9968373940099522,0.7558723220054905
1739,1.5727682416046835,0.4766323131891527,0.9968373940099522,0.8629882722584674
1740,1.5895241859980263,0.5111950490605265,0.9833229222892353,0.7558723220054904
1741,1.5858190825383938,0.46244671291359324,0.9833229222892353,0.8629882722584681
1742,1.578540346772028,0.5204094994548131,0.9707928708162368,0.7558723220054906
1743,1.599589117830878,0.4491128618727315,0.9707928708162368,0.862988272258468
1744,1.5682796244539072,0.5305827017228307,0.9593282214780509,0.7558723220054905
1745,1.614011942475953,0.43675793967252435,0.9593282214780509,0.8629882722584681
1746,1.558794185405252,0.5416245337826697,0.9489943329221948,0.7558723220054905
1747,1.629019967135339,0.42551266631223494,0.9489943329221948,0.8629882722584681
1748,1.550133260434055,0.5534438870363727,0.939839353516535,0.7558723220054901
1749,1.6445449000635053,0.41550837328794576,0.939839353516535,0.8629882722584682
1750,1.54234267100163,0.5659502267883881,0.9318930272749417,0.7558723220054904
1751,1.6605181882034843,0.4068731447365253,0.9318930272749417,0.8629882722584685
1752,1.5354643633620961,0.579054828543231,0.9251659793303645,0.7558723220054901
1753,1.676871415621437,0.3997271033041558,0.9251659793303645,0.8629882722584687
1754,1.5295359605845522,0.592671708432852,0.9196495442884111,0.75587232200549
1755,1.6935366588600347,0.39417708269530927,0.9196495442884111,0.8629882722584686
1756,1.5245903428909766,0.5965721999337009,0.9153161695796675,0.7558723220054901
1757,1.7104467999546447,0.39031111493044096,0.9153161695796675,0.8629882722584689
1758,1.5206552668238205,0.5914842694882793,0.9121203900072017,0.75587232200549
1759,1.7275357987715994,0.3881933176692927,0.9121203900072017,0.862988272258469
1760,1.5177530333841296,0.5858790756728612,0.910000333271737,0.7558723220054901
1761,1.7447389270079947,0.38785983646230443,0.910000333271737,0.862988272258469
1762,1.515900214429405,0.5797624349880911,0.9088796837483988,0.75587232200549
1763,1.761992966660628,0.38931643066686555,0.9088796837483988,0.8629882722584693
1764,1.515107445299255,0.573140725417526,0.9086700069282236,0.7558723220054897
1765,1.7792363760562648,0.39253808027114767,0.9086700069282236,0.862988272258469
1766,1.5153792898912015,0.5660208897286083,0.9092733221366416,0.7558723220054897
1767,1.79640942666718,0.39747067690142585,0.9092733221366416,0.8629882722584692
1768,1.5167141823187367,0.558410439819867,0.9105848071390845,0.7558723220054895
1769,1.8134543139453052,0.4040345304977615,0.9105848071390845,0.8629882722584693
1770,1.5191044469586195,0.5503174623745388,0.9124955241588987,0.7558723220054892
1771,1.8303152453237925,0.4121291657541168,0.9124955241588987,0.862988272258469
1772,1.5225363962651253,0.5417506261375454,0.9148950705438325,0.7558723220054896
1773,1.8469385083818555,0.42163876062612615,0.9148950705438325,0.8629882722584693
1774,1.5269905033356617,0.5327191912030008,0.9176740760303532,0.7558723220054895
1775,1.8632725219691724,0.4324376023432432,0.9176740760303532,0.8629882722584692
1776,1.5324416439916875,0.5232330207869214,0.9207264893838053,0.7558723220054892
1777,1.8792678728580727,0.4443950679150323,0.9207264893838053,0.8629882722584692
1778,1.5388594012125172,0.5133025960694299,0.9239516176219225,0.7558723220054892
1779,1.8948773402496577,0.45737981803587824,0.9239516176219225,0.8629882722584691
1780,1.5462084232227655,0.5029390348289646,0.9272558991916892,0.7558723220054892
1781,1.9100559102151602,0.4712630718003615,0.9272558991916892,0.8629882722584689
1782,1.5544488254493924,0.49215411476629056,0.9305544072308775,0.7558723220054892
1783,1.9247607819145431,0.4859209705148997,0.9305544072308775,0.8629882722584693
1784,1.5635366259580559,0.4809603026397925,0.9337720899440823,0.7558723220054889
1785,1.938951367206464,0.5012361298061362,0.9337720899440823,0.862988272258469
1786,1.5734242038420951,0.4693707906207407,0.9368447622222004,0.7558723220054887
1787,1.9525892850512039,0.5170985238823883,0.9368447622222004,0.8629882722584686
1788,1.5840607703315812,0.45739954164832836,0.9397198663461805,0.7558723220054888
1789,1.9656383519132525,0.5334058558119266,0.9397198663461805,0.8629882722584689
1790,1.5953928430511732,0.44506134604692704,0.942357020538737,0.7558723220054889
1791,1.978064569194063,0.5500635561062277,0.942357020538737,0.8629882722584692
1792,1.607364714805216,0.43237189229984274,0.9447283729188467,0.7558723220054888
1793,1.9898361085681888,0.5669845296615386,0.9447283729188467,0.862988272258469
1794,1.6199189094207027,0.419347855706599,0.9468187757066082,0.7558723220054887
1795,2.0009232959571217,0.5840887458040823,0.9468187757066082,0.8629882722584689
1796,1.632996618448191,0.40600700975579956,0.9486257908860862,0.7558723220054888
1797,2.0112985947536814,0.6013027422678625,0.9486257908860862,0.8629882722584686
1798,1.6465381138292925,0.39236836652207097,0.9501595344468154,0.7558723220054886
1799,2.020936588804605,0.618559093536225,0.9501595344468154,0.8629882722584687
1800,1.6604831329201153,0.3784523543818077,0.9514423622042784,0.7558723220054884
1801,2.0298139655685903,0.6357958777259011,0.9514423622042784,0.8629882722584686
1802,1.6747712334601244,0.36428104403237876,0.9525083964067288,0.7558723220054883
1803,2.037909499790064,0.6529561638822868,0.9525083964067288,0.862988272258469
1804,1.6893421171571805,0.3498784374656441,0.9534028891998898,0.7558723220054883
1805,2.0452040379638783,0.6699875326094038,0.9534028891998898,0.8629882722584686
1806,1.7041359214980303,0.3352708395723153,0.9541814168592573,0.7558723220054883
1807,2.0516804838116025,0.6868416366963548,0.9541814168592573,0.8629882722584686
1808,1.7190934801778677,0.32048733897606363,0.9549088978249897,0.755872322005488
1809,2.0573237849447215,0.7034738041809869,0.9549088978249897,0.8629882722584682
1810,1.73415655317177,0.3055604342617574,0.9556584282913079,0.7558723220054884
1811,2.062120920852608,0.719842683565704,0.9556584282913079,0.8629882722584684
1812,1.7492680279518602,0.2905268549889031,0.9565099316860983,0.7558723220054883
1813,2.0660608923225,0.735909929236868,0.9565099316860983,0.8629882722584685
1814,1.764372093699579,0.27542864510846604,0.9575486230332255,0.7558723220054882
1815,2.0691347123737627,0.7516399242090689,0.9575486230332255,0.8629882722584682
1816,1.7794143905886284,0.26031460126545175,0.958863296001725,0.7558723220054883
1817,2.0713353987685537,0.7669995368770525,0.958863296001725,0.862988272258468
1818,1.7943421363387078,0.2452421916540198,0.9605444493038429,0.7558723220054882
1819,2.0726579681446884,0.781957908338475,0.9605444493038429,0.8629882722584681
1820,1.8091042322812823,0.23028012347358767,0.9626822796437822,0.7558723220054883
1821,2.0730994318032767,0.7964862669290995,0.9626822796437822,0.8629882722584681
1822,1.8236513511534502,0.21551177637764785,0.9653645799751482,0.7558723220054878
1823,2.0726587931727765,0.8002244760357248,0.9653645799751482,0.8629882722584681
1824,1.8379360087604923,0.20103976465509582,0.9686745934216097,0.7558723220054882
1825,2.0713370469618075,0.7862678299662191,0.9686745934216097,0.862988272258468
1826,1.851912621535696,0.18699189998085405,0.9726888836167996,0.7558723220054876
1827,2.069137180004756,0.7718501200215114,0.9726888836167996,0.8629882722584679
1828,1.8655375518895698,0.17352872012321588,0.9774752900503435,0.7558723220054878
1829,2.0660641737961427,0.7569974155502015,0.9774752900503435,0.8629882722584682
1830,1.8787691430893598,0.1608523553406561,0.9830910409371417,0.755872322005488
1831,2.0621250087014293,0.7417376558559399,0.9830910409371417,0.8629882722584682
1832,1.8915677452517938,0.14921550371137618,0.9895810950998623,0.7558723220054878
1833,2.0573286698226174,0.7261008079866224,0.9895810950998623,0.862988272258468
1834,1.9038957338733302,0.13892722767826027,0.9969767778123462,0.7558723220054878
1835,2.051686154486083,0.7101190487015925,0.9969767778123462,0.8629882722584677
1836,1.9157175221674634,0.13034894897354832,1.005294763605265,0.7558723220054879
1837,2.045210481306871,0.6938269739919037,1.005294763605265,0.8629882722584677
1838,1.926999568331134,0.12387065033182343,1.0145364425251415,0.7558723220054877
1839,2.037916700767331,0.6772618398118206,1.0145364425251415,0.8629882722584677
1840,1.9377103787241914,0.11985853143142212,1.0246876867562367,0.7558723220054879
1841,2.0298219072278507,0.6604638378769332,1.0246876867562367,0.8629882722584677
1842,1.9478205078185122,0.11857830405210218,1.0357190137946233,0.7558723220054878
1843,2.0209452522624853,0.6434764104208051,1.0357190137946233,0.8629882722584675
1844,1.9573025556574237,0.12012199856627738,1.047586122574478,0.7558723220054878
1845,2.011307959181623,0.6263466075657189,1.047586122574478,0.8629882722584677
1846,1.9661311634616543,0.12437910071140192,1.0602307619658167,0.7558723220054879
1847,2.0009333385664383,0.6091254902893035,1.0602307619658167,0.8629882722584675
1848,1.9742830079248932,0.1310709927934028,1.0735818782979174,0.7558723220054877
1849,1.9898468045945081,0.5918685806220526,1.0735818782979174,0.8629882722584677
1850,1.9817367946596522,0.13982623052370435,1.0875569807799357,0.7558723220054876
1851,1.9780758918814292,0.5746363583620545,1.0875569807799357,0.8629882722584677
1852,1.9884732511817798,0.15025576028859702,1.1020636609778225,0.7558723220054877
1853,1.965650272498248,0.5574947997972711,1.1020636609778225,0.8629882722584681
1854,1.9944751197588888,0.16200245183575596,1.1170012043605546,0.7558723220054878
1855,1.9526017727475207,0.540515948102048,1.1170012043605546,0.8629882722584676
1856,1.9997271503932021,0.17476258137106707,1.1322622374238462,0.7558723220054878
1857,1.9389643891904433,0.5237784965071979,1.1322622374238462,0.8629882722584683
1858,2.0042160941620395,0.18828853058467956,1.1477343618967024,0.755872322005488
1859,1.9247743033123121,0.5073683532192781,1.1477343618967024,0.8629882722584682
1860,2.0079306970984327,0.20238246965945214,1.1633017368763598,0.7558723220054879
1861,1.9100698940921164,0.491379140592619,1.1633017368763598,0.8629882722584676
1862,2.0108616947593014,0.21688729402578852,1.1788465793920926,0.7558723220054878
1863,1.894891747603186,0.4759125597165383,1.1788465793920926,0.8629882722584682
1864,2.0130018075984077,0.23167785313387845,1.1942505630616143,0.7558723220054875
1865,1.8792826626145398,0.4610785255745754,1.1942505630616143,0.8629882722584676
1866,2.014345737235119,0.24665356838037256,1.209396102624773,0.7558723220054878
1867,1.8632876509864165,0.4469949489112269,1.209396102624773,0.8629882722584679
1868,2.014890163687061,0.261732611923737,1.2241675189120511,0.7558723220054876
1869,1.8469539314585763,0.433787012978414,1.2241675189120511,0.862988272258468
1870,2.0146337436143513,0.2768474623890523,1.2384520841286584,0.7558723220054877
1871,1.8303309152174583,0.42158577399612135,1.2384520841286584,0.8629882722584684
1872,2.0135771096044643,0.2919415633049466,1.2521409512592352,0.755872322005488
1873,1.8134701814004104,0.41052591516562886,1.2521409512592352,0.8629882722584681
1874,2.0117228705093306,0.30696682499010836,1.2651299740718274,0.7558723220054883
1875,1.7964254404559135,0.4007425205809579,1.2651299740718274,0.8629882722584681
1876,2.009075612829213,0.3218817572333975,1.2773204258229474,0.7558723220054885
1877,1.7792524830338794,0.3923668226506488,1.2773204258229474,0.8629882722584677
1878,2.0056419031206847,0.3366500690682237,1.2886196255538303,0.7558723220054882
1879,1.7620091118380237,0.38552102304416275,1.2886196255538303,0.8629882722584681
1880,2.001430291387892,0.35123961347973015,1.2989414810280788,0.7558723220054883
1881,1.7447550536442311,0.38031248431631204,1.2989414810280788,0.862988272258468
1882,1.9964513153966081,0.3656215872261901,1.3082069570755344,0.7558723220054883
1883,1.7275518484892185,0.37682780322230247,1.3082069570755344,0.862988272258468
1884,1.990717505828637,0.37976992012272387,1.3163444775285307,0.7558723220054882
1885,1.7104627128808045,0.37512744724060315,1.3163444775285307,0.8629882722584681
1886,1.984243392169195,0.3936608058273439,1.3232902681845353,0.7558723220054884
1887,1.693552373796487,0.3752416919427505,1.3232902681845353,0.8629882722584684
1888,1.9770455091912167,0.40727233900055054,1.328988647393171,0.7558723220054883
1889,1.6768868702463293,0.37716848696855776,1.328988647393171,0.8629882722584684
1890,1.9691424038673153,0.42058423298843145,1.3333922700089764,0.7558723220054883
1891,1.6605333193077667,0.3808736026721507,1.3333922700089764,0.8629882722584684
1892,1.9605546425015403,0.43357759889549274,1.3364623296152445,0.7558723220054883
1893,1.644559643824388,0.38629303276902904,1.3364623296152445,0.8629882722584684
1894,1.951304817828239,0.446234771791422,1.3381687231326416,0.7558723220054884
1895,1.629034259428698,0.3933372588308822,1.3381687231326416,0.8629882722584682
1896,1.941417555773379,0.45853917335623284,1.338490181189337,0.755872322005488
1897,1.6140257192288523,0.4018967253254333,1.338490181189337,0.8629882722584684
1898,1.9309195215136854,0.4704752028819456,1.3374143669471352,0.7558723220054883
1899,1.5996023154144003,0.4118477861729438,1.3374143669471352,0.8629882722584682
1900,1.919839424400043,0.48202815048009023,1.3349379454431407,0.755872322005488
1901,1.5858316381997577,0.42305845785960866,1.3349379454431407,0.8629882722584681
1902,1.9082080212329189,0.49318412778072135,1.331066624905783,0.7558723220054883
1903,1.5727800939362082,0.4353934940176209,1.331066624905783,0.8629882722584682
1904,1.896058117288363,0.5039300124843912,1.325815170920475,0.7558723220054882
1905,1.560512385864858,0.44871851097538556,1.325815170920475,0.862988272258468
1906,1.8834245643928171,0.5142534039397273,1.3192073937335769,0.7558723220054885
1907,1.5490909628127372,0.4629030858321641,1.3192073937335769,0.862988272258468
1908,1.870344255233169,0.5241425875351516,1.31127610837117,0.7558723220054885
1909,1.5385754430851952,0.47782288759948244,1.31127610837117,0.862988272258468
1910,1.8568561129651922,0.5335865061640254,1.3020630665872674,0.7558723220054887
1911,1.5290220227863565,0.4933609821526944,1.3020630665872674,0.8629882722584676
1912,1.8430010750491659,0.5425747373847023,1.2916188589193005,0.7558723220054884
1913,1.5204828796879066,0.5094084828963472,1.2916188589193005,0.8629882722584676
1914,1.8288220700971467,0.5432733933992863,1.280002784291842,0.7558723220054884
1915,1.5130055854280693,0.5258647167154383,1.280002784291842,0.8629882722584677
1916,1.8143639863639165,0.5321144960716641,1.2672826836486941,0.7558723220054882
1917,1.5066325401112353,0.5426370538066727,1.2672826836486941,0.862988272258468
1918,1.7996736303559426,0.521811187336194,1.253534732988341,0.7558723220054883
1919,1.5014004441516595,0.5596405215535665,1.253534732988341,0.8629882722584677
1920,1.7847996738738323,0.5124538388568245,1.238843189914685,0.7558723220054887
1921,1.497339822338305,0.5767972938035136,1.238843189914685,0.8629882722584677
1922,1.7697925876493208,0.5041302453698617,1.2233000863915882,0.7558723220054884
1923,1.4944746145037908,0.5940361214329883,1.2233000863915882,0.8629882722584677
1924,1.754704559595012,0.4969235051901116,1.2070048588212552,0.7558723220054885
1925,1.492821845819777,0.6112917493669856,1.2070048588212552,0.8629882722584682
1926,1.7395893955630508,0.49090969050756644,1.1900639048939772,0.7558723220054885
1927,1.492391387635776,0.628504349330521,1.1900639048939772,0.8629882722584679
1928,1.7245024004187681,0.4861554256942197,1.172590054957553,0.7558723220054886
1929,1.4931858170147716,0.6456189859786634,1.172590054957553,0.862988272258468
1930,1.7095002371903625,0.4827155305199017,1.1547019440542734,0.7558723220054885
1931,1.4952003798449647,0.6370659539483084,1.1547019440542734,0.8629882722584682
1932,1.694640762071007,0.48063091050731177,1.1365232694581393,0.7558723220054883
1933,1.498423058820068,0.6198329286458537,1.1365232694581393,0.8629882722584682
1934,1.6799828331422797,0.4799268800413905,1.1181819177736483,0.7558723220054883
1935,1.5028347439099405,0.6025759690147582,1.1181819177736483,0.8629882722584679
1936,1.6655860908753348,0.48061207988785754,1.0998089457674125,0.7558723220054885
1937,1.5084094994265225,0.5853566113242278,1.0998089457674125,0.8629882722584677
1938,1.651510708766865,0.48267809978926773,1.081537400507995,0.7558723220054883
1939,1.5151149186490382,0.568241856727092,1.081537400507995,0.8629882722584677
1940,1.6378171128975179,0.48609984585347094,1.0635009675562193,0.7558723220054885
1941,1.5229125543916922,0.5513047034889345,1.0635009675562193,0.8629882722584674
1942,1.6245656697752,0.4908366140660621,1.0458324413583693,0.7558723220054882
1943,1.5317584120070262,0.5346246797498435,1.0458324413583693,0.8629882722584676
1944,1.6118163425538512,0.49683376011090175,1.0286620200664673,0.7558723220054883
1945,1.541603490185957,0.5182883436778521,1.0286620200664673,0.8629882722584677
1946,1.5996283166020844,0.5040248043632457,1.0121154379917972,0.7558723220054882
1947,1.5523943545442893,0.5023897019254414,1.0121154379917972,0.8629882722584674
1948,1.5880595964280546,0.5123337865758408,0.9963119627337932,0.7558723220054883
1949,1.5640737293203488,0.4870304772008412,0.9963119627337932,0.8629882722584676
1950,1.5771665771279364,0.5216776878178834,0.9813623002103665,0.7558723220054878
1951,1.5765810934487103,0.4723201320595511,0.9813623002103665,0.8629882722584674
1952,1.567003594782431,0.5319687623138497,0.9673664682709642,0.755872322005488
1953,1.5898532686898235,0.45837553069738285,0.9673664682709642,0.8629882722584676
1954,1.5576224615312744,0.5431166603895053,0.9544117166034815,0.7558723220054882
1955,1.6038249892394378,0.4453200978470163,0.9544117166034815,0.8629882722584675
1956,1.5490719923477376,0.5550302667663645,0.942570585009082,0.7558723220054882
1957,1.618429444170603,0.4332823211825698,0.942570585009082,0.8629882722584674
1958,1.5413975317390318,0.5676192186561979,0.931899201268763,0.755872322005488
1959,1.6335987860426968,0.4223934516161607,0.931899201268763,0.8629882722584674
1960,1.5346404896310688,0.5807951009089202,0.922435921320389,0.7558723220054877
1961,1.6492646009354364,0.4127842975224732,0.922435921320389,0.8629882722584677
1962,1.5288378964707068,0.5944723389834972,0.9142004064939582,0.7558723220054876
1963,1.6653583369454665,0.40458109615721666,0.9142004064939582,0.8629882722584677
1964,1.5240219880130559,0.5959412119318485,0.9071932144650772,0.7558723220054878
1965,1.6818116897597484,0.39790058289927493,0.9071932144650772,0.8629882722584676
1966,1.5202198302858538,0.590785834219133,0.9013959532674718,0.7558723220054876
1967,1.6985569452592317,0.3928445555643363,0.9013959532674718,0.8629882722584674
1968,1.5174529947883852,0.5851139164770872,0.896772013652605,0.755872322005488
1969,1.7155272801953922,0.3894944143558754,0.896772013652605,0.862988272258468
1970,1.5157372930686033,0.5789313479291157,0.8932678581024321,0.755872322005488
1971,1.7326570228254468,0.38790629535829674,0.8932678581024321,0.8629882722584677
1972,1.515082578442525,0.5722445796588473,0.8908148093489159,0.755872322005488
1973,1.7498818760062802,0.3881074482931569,0.8908148093489159,0.8629882722584682
1974,1.5154926208243529,0.5650606280339217,0.8893312515990786,0.7558723220054878
1975,1.7671391056573973,0.3900943985053636,0.8893312515990786,0.8629882722584677
1976,1.516965058508273,0.5573870792069758,0.8887251370731314,0.7558723220054879
1977,1.7843676977389658,0.3938331842521394,0.8887251370731314,0.862988272258468
1978,1.5194914283965582,0.549232094960725,0.8888966806408692,0.7558723220054879
1979,1.80150848698317,0.39926163108868024,0.8888966806408692,0.8629882722584681
1980,1.5230572737360129,0.5406044202223589,0.8897411262595497,0.7558723220054883
1981,1.8185042605955999,0.40629330663402025,0.8897411262595497,0.8629882722584682
1982,1.5276423260464302,0.5315133926447261,0.8911514790292295,0.755872322005488
1983,1.8352998400359783,0.41482257783069865,0.8911514790292295,0.8629882722584683
1984,1.5332207557360273,0.5219689547418265,0.8930211134240638,0.755872322005488
1985,1.8518421438185597,0.4247301156775341,0.8930211134240638,0.8629882722584683
1986,1.5397614840182876,0.5119816691790811,0.8952461886554537,0.7558723220054885
1987,1.868080234062724,0.435888253225842,0.8952461886554537,0.8629882722584682
1988,1.5472285472637186,0.5015627379613329,0.8977278233467418,0.7558723220054885
1989,1.8839653492907003,0.448165755516564,0.8977278233467418,0.8629882722584681
1990,1.555581503896608,0.49072402644239876,0.9003740014611494,0.7558723220054883
1991,1.8994509257254117,0.4614317459468477,0.9003740014611494,0.8629882722584681
1992,1.564775873402813,0.4794780933109705,0.9031011981684245,0.755872322005488
1993,1.914492609097495,0.4755587033760217,0.9031011981684245,0.8629882722584684
1994,1.5747635969369056,0.4678382280044771,0.9058357272479575,0.755872322005488
1995,1.9290482587341284,0.4904245706650875,0.9058357272479575,0.8629882722584685
1996,1.585493509362766,0.4558184973863713,0.9085148205243037,0.7558723220054883
1997,1.943077945478681,0.5059140915665553,0.9085148205243037,0.8629882722584689
1998,1.596911813265137,0.44343380402192495,0.9110874549905748,0.7558723220054883
1999,1.9565439447827417,0.5219195258241153,0.9110874549905748,0.8629882722584685
2000,0.9589756093439435,1.1382814943911983,2.165660321028778,0.0
2001,1.115055541276084,0.3531517145346688,2.165660321028778,0.0
2002,0.958800389876595,1.1374826658074613,2.1654919877470147,0.07719810805827448
2003,1.1155280306134412,0.3533732647548784,2.1654919877470147,0.07897125228243329
2004,0.9578149885107645,1.1356005065946364,2.1654869632215945,0.12065825942934394
2005,1.1156580660158415,0.3529868812311652,2.1654869632215945,0.12616118757147216
2006,0.9559742634021701,1.1327339254235178,2.165684762290867,0.16677241880614552
2007,1.1151654414312921,0.35177687536322916,2.165684762290867,0.1758726459991231
2008,0.9533449147221716,1.1289151113115432,2.166024618495646,0.2128968553927303
2009,1.1140117886893028,0.34973575844746735,2.166024618495646,0.22542830745950798
2010,0.9500004519329632,1.1241767880065248,2.1664443069526302,0.25789991251737315
2011,1.1121731129279258,0.34686960530584765,2.1664443069526302,0.27374992529492304
2012,0.9460164804058396,1.1185543160565963,2.1668834472890772,0.30137019363805245
2013,1.1096303435015842,0.3431895625897927,2.1668834472890772,0.3204507277167322
2014,0.9414704863063964,1.1120856532584162,2.1672838364658156,0.3431430716075611
2015,1.1063685719954548,0.33871079994950476,2.1672838364658156,0.3653775623319891
2016,0.9364418034045328,1.1048112776271537,2.1675897480669337,0.38315298877877063
2017,1.1023766705158107,0.33345189505653866,2.1675897480669337,0.4084705328634812
2018,0.9310115601471114,1.096774132364514,2.167748265640513,0.4213801851951915
2019,1.0976469609899653,0.3274343577700979,2.167748265640513,0.44971280282485054
2020,0.9252625914240444,1.0880195913167368,2.1677096405966148,0.45782847946286337
2021,1.092174919885243,0.3206822640280556,2.1677096405966148,0.4891097723864487
2022,0.9192793072559853,1.0785954420180146,2.167427664056306,0.4925148963171712
2023,1.0859589151164337,0.31322198571893695,2.167427664056306,0.5266793876516792
2024,0.9131475105945596,1.0685518834631036,2.1668600425938234,0.5254643789861282
2025,1.0789999725334438,0.30508200839328603,2.1668600425938234,0.5624472058458357
2026,0.9069541562901624,1.0579415357086153,2.165968768450327,0.5567068953764172
2027,1.071301569585731,0.29629283377127175,2.165968768450327,0.5964436917359572
2028,0.9007870435007295,1.0468194582338908,2.164720475482742,0.5862757579172598
2029,1.062869453973252,0.2868869693857122,2.164720475482742,0.6287026421675267
2030,0.8947344345291391,1.035243173695252,2.163086772815144,0.6142065972409652
2031,1.0537114853204195,0.27689901392528177,2.163086772815144,0.6592602169654037
2032,0.8888845944168705,1.0232726932767335,2.1610445488571273,0.640536706408582
2033,1.0438374981427476,0.2663658546485663,2.1610445488571273,0.6881543128261264
2034,0.8833252477041045,1.0109705392720936,2.1585762390242302,0.6653046043393296
2035,1.0332591846105348,0.25532700367834243,2.1585762390242302,0.7154241398319314
2036,0.8781429516754574,0.9984017598259638,2.1556700511268865,0.6885497337788579
2037,1.0219899958473913,0.24382511462100165,2.1556700511268865,0.7411099222525027
2038,0.8734223891714958,0.985633929921488,2.1523201429802206,0.7103122445241818
2039,1.0100450607326381,0.2319067421695868,2.1523201429802206,0.7652526781637865
2040,0.869245588598816,0.9727371317424743,2.1485267473273164,0.7306328322108
2041,0.9974411214057879,0.21962343880897045,2.1485267473273164,0.7878940505750331
2042,0.865691083944557,0.9597839064891635,2.1442962396691367,0.7495526142189217
2043,0.9841964848996122,0.20703333009895328,2.1442962396691367,0.8090761731681588
2044,0.8628330330964004,0.9468491686373195,2.139641145066352,0.7671130309322436
2045,0.9703309905575046,0.19420338182479166,2.139641145066352,0.8288415599186827
2046,0.8607403181605503,0.9340100725756394,2.1345800804380413,0.7833557646603464
2047,0.955865993123282,0.18121268094521448,2.1345800804380413,0.8472330116222627
2048,0.8594756562275624,0.9213458206435198,2.12913762934995,0.7983226710910288
2049,0.9408243616297802,0.16815721359941674,2.12913762934995,0.8642935346952134
2050,0.8590947525737184,0.9089374009636892,2.123344146784486,0.8120557197774059
2051,0.9252304944593223,0.1551568511227661,2.123344146784486,0.8800662691135743
2052,0.8596455300381821,0.8968672433040035,2.1172354919423637,0.824596941237259
2053,0.9091103512070042,0.14236553672853677,2.1172354919423637,0.8945944233288048
2054,0.8611674678284815,0.8852187817261113,2.1108526877693636,0.8359883789574676
2055,0.8924915022489228,0.1299858856635436,2.1108526877693636,0.9079212146423907
2056,0.8636910800267142,0.8740759142245458,2.104241506658729,0.8462720450814476
2057,0.8754031972035071,0.11828913638071319,2.104241506658729,0.9200898139543275
2058,0.8672375586189314,0.863522352166163,2.097451982675887,0.8554898788913838
2059,0.8578764537750059,0.10763937548202956,2.097451982675887,0.9311432940947629
2060,0.8718185982806198,0.8536408563080882,2.090537851708856,0.8636837074298428
2061,0.8399441687817935,0.09851445718987259,2.090537851708856,0.9411245811505535
2062,0.877436411039665,0.8445123616176397,2.083555922179703,0.870895207769557
2063,0.8216412534927893,0.09150164525579793,2.083555922179703,0.9500764083390744
2064,0.8840839291347109,0.8340593598295178,2.0765653803647783,0.8771658705571242
2065,0.8030047957118047,0.08722841729666715,2.0765653803647783,0.9580412720801025
2066,0.8917451848167994,0.8168376432192058,2.0696270359568922,0.8825369645403376
2067,0.7840742513429289,0.08620070335756864,2.0696270359568922,0.9650613899860957
2068,0.9003958473897538,0.7997147651197052,2.0628025152383067,0.8870495018495734
2069,0.7648916684090711,0.08860628608128582,2.0628025152383067,0.9711786605406659
2070,0.9100038911662642,0.7827572513816262,2.0561534110791606,0.8907442038478258
2071,0.7455019466323477,0.09423410803696028,2.0561534110791606,0.9764346242706016
2072,0.9205303636888791,0.7660350747875487,2.049740400872364,0.8936614673962832
2073,0.7259531356465267,0.1025855395369196,2.049740400872364,0.9808704262427561
2074,0.9319302216853117,0.7496216540309917,2.0436223453848985,0.8958413314061527
2075,0.7062967745914946,0.1130710253896505,2.0436223453848985,0.9845267797363924
2076,0.9441532026668209,0.7335937780260009,2.037855383251572,0.8973234435652255
2077,0.6865882750843311,0.12515297312236828,2.037855383251572,0.9874439309564564
2078,0.9571447024795059,0.7180314321759723,2.032492037352178,0.8981470271412378
2079,0.6668873481554806,0.13839977288549485,2.032492037352178,0.9896616246652079
2080,0.9708466329790336,0.7030175002753308,2.0275803504817027,0.8983508477748304
2081,0.6472584733864489,0.1524846452475025,2.0275803504817027,0.9912190706198275
2082,0.9851982387621173,0.6886373137668078,2.0231630684321797,0.8979731801838979
2083,0.6277714047949084,0.16716497972847877,2.0231630684321797,0.9921549107129998
2084,1.0001368570191536,0.6749780199066235,2.0192768887523673,0.8970517747092559
2085,0.6085017024827264,0.18226019709382063,2.0192768887523673,0.9925071867225433
2086,1.0155986096183702,0.6621277429446929,2.015951792958123,0.8956238236395796
2087,0.5895312710867109,0.19763389925156263,2.015951792958123,0.9923133085855852
2088,1.0315190211515124,0.6501745187309721,2.013210478785586,0.8937259272619897
2089,0.5709488749809737,0.2131808785135457,2.013210478785586,0.9916100231228095
2090,1.0478335606437896,0.6392049941395237,2.0110679072052005,0.8913940595941678
2091,0.5528505853448921,0.22881804229982572,2.0110679072052005,0.9904333831493628
2092,1.0644781078469894,0.6293028989175515,2.009530976387924,0.8886635337647829
2093,0.5353400952573137,0.24447815786171376,2.009530976387924,0.9888187169211999
2094,1.081389347475584,0.6205473188595709,2.0085983317232796,0.8855689670217893
2095,0.5185288161597673,0.26010554021699916,2.0085983317232796,0.9868005978792658
2096,1.098505096458666,0.6130108243463083,2.008260317463401,0.882144245363114
2097,0.5025356438088169,0.27565305858907274,2.008260317463401,0.9844128146689627
2098,1.1157645703546546,0.6067575347290043,2.0084990717735414,0.878422487801654
2099,0.4874862576501736,0.29108003617771155,2.0084990717735414,0.9816883414289648
2100,1.1331085956207152,0.6018412229564145,2.0092887630952982,0.8744360102965627
2101,0.4735118006497839,0.30635075868625466,2.0092887630952982,0.978659308361571
2102,1.150479774559063,0.598303581576064,2.010595961968261,0.8702162894056015
2103,0.4607467866029275,0.321433401638328,2.010595961968261,0.9753569726163692
2104,1.1678226095858366,0.5961727762093725,2.0123801389935765,0.8657939257389105
2105,0.44932611125578964,0.3362992490817293,2.0123801389935765,0.9718116895399529
2106,1.1850835930799755,0.5954624025126931,2.0145942766190217,0.8611986073227813
2107,0.439381115056981,0.35092211750466,2.0145942766190217,0.9680528843664816
2108,1.202211268548518,0.5961709366898937,2.017185580003058,0.8564590730126433
2109,0.43103476704110916,0.36527792605823317,2.017185580003058,0.964109024446859
2110,1.2191562682534032,0.5982817302072275,2.0200962704537466,0.8516030761272163
2111,0.4243962068124539,0.3793443723539583,2.0200962704537466,0.9600075921377826
2112,1.2358713318302148,0.6017635519092156,2.0232644438686016,0.846657348509955
2113,0.4195550704919287,0.39310068533732423,2.0232644438686016,0.9557750584955336
2114,1.252311309824932,0.6065716326149194,2.0266249762088315,0.8416475652589945
2115,0.4165761904375636,0.4065274350611952,2.0266249762088315,0.9514368579426057
2116,1.2684331555031576,0.6126491260406508,2.030110458271417,0.8365983104018202
2117,0.4154953382559939,0.41960638490928887,2.030110458271417,0.9470173640975674
2118,1.2841959077611829,0.619928871461889,2.033652142789371,0.8315330438248796
2119,0.4163166257401596,0.4323203758051854,2.033652142789371,0.9425398669793092
2120,1.2995606674967917,0.6283353308964759,2.037180888088,0.8264740698002172
2121,0.41901197453622885,0.44465323474674884,2.037180888088,0.9380265518153295
2122,1.3144905693822078,0.6377865765049309,2.040628084036466,0.8214425074796026
2123,0.42352275073592877,0.4565897020009193,2.040628084036466,0.9334984796993495
2124,1.3289507506211415,0.6481962194078733,2.043926547742952,0.8164582637503222
2125,0.42976331791200534,0.4681153727280815,2.043926547742952,0.9289755703555381
2126,1.3429083179634003,0.6594751947088544,2.047011378239234,0.8115400088643661
2127,0.4376259861588175,0.4792166498467232,2.047011378239234,0.924476587274326
2128,1.3563323139896937,0.6715333443875623,2.049820761191526,0.8067051552628975
2129,0.44698669281281805,0.48988070571272774,2.049820761191526,0.9200191254875807
2130,1.3691936834611413,0.6842807658064674,2.052296716381238,0.8019698400194102
2131,0.45771075865397476,0.5000954507527116,2.052296716381238,0.9156196022481873
2132,1.3814652403475332,0.6890262858293092,2.054385782263124,0.7973489113167733
2133,0.4696581889483566,0.509849507612651,2.054385782263124,0.911293250870437
2134,1.3931216360005838,0.6916124548899872,2.05603963328902,0.792855919354643
2135,0.48268817363159716,0.5191321897005952,2.05603963328902,0.9070541179727274
2136,1.404139328818684,0.6954582061793202,2.057215626860354,0.7885031120539638
2137,0.4966626285346736,0.5279334832432286,2.057215626860354,0.9029150643427947
2138,1.414496555653693,0.7005190846228664,2.05787727773401,0.7843014358843349
2139,0.5114487716848415,0.5199851440148524,2.05787727773401,0.8988877696180612
2140,1.4241733051344099,0.7067414566759251,2.05799465845861,0.7802605420881549
2141,0.5269208298766401,0.5024585284374775,2.05799465845861,0.8949827409399671
2142,1.4331512930221924,0.7140638163402488,2.0575447249761885,0.776388798513373
2143,0.5429610228806959,0.484832785878575,2.0575447249761885,0.8912093257017899
2144,1.4414139396688703,0.7224181875707755,2.0565115669090437,0.772693307195561
2145,0.5594599870786662,0.4671512969746124,2.0565115669090437,0.8875757284651669
2146,1.4489463496132282,0.7317315508963705,2.0548865822900333,0.7691799277513739
2147,0.576316790515758,0.449462581291915,2.0548865822900333,0.8840890320721245
2148,1.4557352933277874,0.7419272310479909,2.0526685766168096,0.7658533065613513
2149,0.593438669070541,0.4318211692406275,2.0526685766168096,0.8807552229280321
2150,1.4617691911106823,0.7529261950950139,2.0498637861489755,0.7627169116325921
2151,0.6107405870231182,0.41428863902975116,2.0498637861489755,0.8775792203776328
2152,1.4670380991066119,0.764648224919924,2.046485825355738,0.7597730729436736
2153,0.6281446998257552,0.3969348377710756,2.046485825355738,0.8745649100425201
2154,1.471533697434975,0.777012941982103,2.042555558395162,0.7570230279878298
2155,0.6455797748650118,0.3798392976958319,2.042555558395162,0.8717151809354722
2156,1.47524928040127,0.7899406748953951,2.038100894499935,0.7544669721484498
2157,0.6629806082940145,0.36309284064753977,2.038100894499935,0.8690319661162569
2158,1.4781797487689108,0.8033531705846384,2.0331565071943904,0.7521041134658648
2159,0.6802874624958388,0.3467993303776114,2.0331565071943904,0.8665162866061934
2160,1.4803216040719909,0.8171741574022353,2.027763477408769,0.7499327312883547
2161,0.6974455388514308,0.3310774740884797,2.027763477408769,0.8641682982361384
2162,1.4816729449546358,0.8313297736624589,2.0219688608242854,0.7479502382451901
2163,0.7144044935224759,0.31606248162422723,2.0219688608242854,0.8619873410656523
2164,1.4822334655289184,0.8457488779138563,2.015825180209398,0.7461532449367839
2165,0.7311179992374279,0.3019072530384776,2.015825180209398,0.8599719909808065
2166,1.4820044557504073,0.8603632583607884,2.0093898441236813,0.7445376267075774
2167,0.7475433529991372,0.2887825814987288,2.0093898441236813,0.8581201130550536
2168,1.48098880381783,0.8751077586285407,2.00272449419556,0.743098591851614
2169,0.7636411277430345,0.27687564995069075,2.00272449419556,0.8564289162421838
2170,1.4791910006106999,0.8899203359690906,1.9958942842408014,0.7418307505987669
2171,0.7793748649043091,0.2663859330461403,1.9958942842408014,0.8548950089628247
2172,1.4766171461856452,0.9047420663828036,1.9889670957864973,0.7407281842407571
2173,0.7947108043338953,0.2575176227787585,1.9889670957864973,0.8535144551461412
2174,1.4732749583581939,0.9195171092605628,1.9820126960925746,0.7397845137794634
2175,0.8096176478443902,0.2504680665980596,1.9820126960925746,0.8522828302959562
2176,1.4691737834014233,0.9341926422293486,1.9751018464948458,0.738992967514246
2177,0.8240663527335182,0.24541260342458768,1.9751018464948458,0.8511952771651016
2178,1.464324608895696,0.948718775043796,1.9683053707853275,0.7383464470284864
2179,0.8380299518319565,0.24248756000027855,1.9683053707853275,0.8502465606425373
2180,1.4587400787640374,0.9630484496856588,1.9616931953300765,0.7378375910865345
2181,0.8514833968922335,0.24177458030850663,1.9616931953300765,0.8494311214840019
2182,1.4524345105248986,0.977137332352102,1.9553333746129367,0.7374588370088212
2183,0.8644034224354773,0.24329009627975862,1.9553333746129367,0.848743128547639
2184,1.4454239147872503,0.9909437017445105,1.9492911177754837,0.7372024791532271
2185,0.876768427477437,0.24698290988959537,1.9492911177754837,0.8481765292302793
2186,1.4377260170011628,1.0044283370065896,1.9436278333730421,0.7370607241930234
2187,0.8885583728489669,0.25274061955864724,1.9436278333730421,0.8477250978368437
2188,1.4293602814591473,1.017554407787766,1.9384002108487057,0.7370257429441737
2189,0.8997546921004127,0.26040301301370017,1.9384002108487057,0.8473824816536557
2190,1.4203479375180985,1.0302873682039233,1.933659358007349,0.737089718555998
2191,0.9103402142298482,0.2697788669330666,1.933659358007349,0.8471422445354828
2192,1.410712007977143,1.0425948559089904,1.9294500139277913,0.7372448909378614
2193,0.9202990967005461,0.28066247363045693,1.9294500139277913,0.8469979078548955
2194,1.4004773395011312,1.0544465970550558,1.9258098561874495,0.7374835973495926
2195,0.9296167674137594,0.2928473142874726,1.9258098561874495,0.8469429887004029
2196,1.3896706349207122,1.0658143175842545,1.922768919931961,0.7377983091339955
2197,0.9382798744802682,0.30613578330166824,1.922768919931961,0.8469710352460645
2198,1.378320487165409,1.0766716610439129,1.9203491441932845,0.738181664615451
2199,0.9462762427900925,0.3203450603882383,1.9203491441932845,0.8470756592494013
2200,1.3664574144929817,1.086090102687077,1.9185640579896723,0.7386264982289026
2201,0.953594836516461,0.3353098750358769,1.9185640579896723,0.84725056566598
2202,1.3541138965634831,1.0884427433376225,1.917418615232534,0.7391258659782927
2203,0.9602257268097151,0.3508830880185211,1.917418615232534,0.8474895793977687
2204,1.3413244107662583,1.0900864608781706,1.9169091834731813,0.7396730673527934
2205,0.9661600640414355,0.3669349200332962,1.9169091834731813,0.8477866692180037
2206,1.3281254680390924,1.0910188622216905,1.9170236872427724,0.7402616638530882
2207,0.971390054050667,0.3833514575542861,1.9170236872427724,0.84813596893779
2208,1.3145556472169109,1.0912387804133612,1.9177419023927096,0.7408854942988062
2209,0.9759089379244807,0.4000328620249875,1.9177419023927096,0.8485317958990031
2210,1.3006556267092686,1.0907462693064904,1.9190358936581435,0.7415386871023181
2211,0.9797109749158804,0.41689154364181563,1.9190358936581435,0.8489686668942289
2212,1.2864682120280135,1.0895426008710147,1.9208705838584526,0.742215669703898
2213,0.982791428164691,0.433850443787099,1.9208705838584526,0.8494413116277086
2214,1.2720383573665415,1.0876302650970828,1.923204439898289,0.7429111753692036
2215,0.9851465529428479,0.4508414940111433,1.923204439898289,0.8499446838416105
2216,1.2574131790689111,1.0850129724891218,1.9259902581777608,0.7436202475525531
2217,0.9867735871956164,0.44400364625349437,1.9259902581777608,0.8504739702397047
2218,1.2426419584217774,1.0816956591783993,1.9291760302423557,0.7443382420291272
2219,0.9876707441957201,0.43165555192116994,1.9291760302423557,0.8510245973458455
2220,1.2277761307588584,1.077684494714681,1.9327058685266039,0.745060826996346
2221,0.9878372071691176,0.41891328948689643,1.9327058685266039,0.8515922364378481
2222,1.2128692573947495,1.0729868926303177,1.9365209718401926,0.745783981339815
2223,0.9872731257900518,0.40578911036157067,1.9365209718401926,0.8521728066986102
2224,1.1979769764163752,1.0676115239031398,1.9405606107352726,0.7465039912526894
2225,0.9859796144798133,0.39229565598812915,1.9405606107352726,0.8527624767259144
2226,1.1831569278771787,1.0615683334780093,1.9447631139685697,0.7472174453895262
2227,0.9839587524791467,0.37844595946941445,1.9447631139685697,0.853357664540527
2228,1.1684686484909235,1.0548685600407728,1.9490668388001118,0.7479212287269387
2229,0.9812135856990595,0.3642534506018538,1.9490668388001118,0.8539550362291507
2230,1.1539734305482492,1.0475247592726544,1.9534111097123343,0.7486125152939699
2231,0.9777481303896975,0.3497319655428894,1.9534111097123343,0.8545515033547922
2232,1.1397341395303293,1.0395508308475625,1.9577371121532356,0.7492887599252743
2233,0.9735673787025704,0.33489576283436273,1.9577371121532356,0.8551442192622738
2234,1.1258149848315475,1.0309620494690206,1.961988729982264,0.7499476891801811
2235,0.9686773062584667,0.31975954823449887,1.961988729982264,0.8557305744011902
2236,1.1122812381982978,1.0217751002767834,1.9661133173242624,0.7505872915606508
2237,0.9630848818726258,0.3043385119099418,1.9661133173242624,0.8563081907827474
2238,1.0991988950218328,1.012008118984774,1.9700623974346056,0.7512058071512112
2239,0.9567980796308659,0.28864838322463315,1.9700623974346056,0.8568749156807127
2240,1.086634274568834,1.0016807371403622,1.9737922828910495,0.7518017167942341
2241,0.9498258935562837,0.272705511002921,1.9737922828910495,0.8574288146803181
2242,1.0746535566662487,0.9908141329183113,1.9772646129213043,0.7523737309045386
2243,0.9421783551567018,0.256526981379929,1.9772646129213043,0.8579681641725014
2244,1.0633222543307104,0.9794310878783261,1.9804468049369104,0.752920778018287
2245,0.9338665541992692,0.24013079232564521,1.9804468049369104,0.8584914433843751
2246,1.0527046243688754,0.967556050119535,1.9833124183782078,0.7534419931625732
2247,0.924902663121581,0.22353611574824628,1.9833124183782078,0.8589973260304324
2248,1.0428630210467624,0.9552152042537255,1.9858414298003424,0.7539367061239873
2249,0.915299965559602,0.2067636987767846,1.9858414298003424,0.859484671662716
2250,1.0338572014445018,0.942436548585658,1.9880204187752095,0.7544044296867928
2251,0.9050728895528596,0.1898364934146945,1.9880204187752095,0.8599525167920987
2252,1.025743594914811,0.9292499798253057,1.9898426646850729,0.7548448479042245
2253,0.8942370460782355,0.17278067495005486,1.9898426646850729,0.860400065846941
2254,1.0185745529083474,0.9156873855532919,1.9913081548809968,0.7552578044597222
2255,0.8828092736667783,0.1556273509405601,1.9913081548809968,0.8608266820297543
2256,1.0123975990057932,0.9017827445042023,1.9924235050160615,0.7556432911687321
2257,0.8708076899748245,0.13841555944854167,1.9924235050160615,0.8612318781271435
2258,1.0072547019446756,0.8875722345067857,1.9932017926828671,0.7560014366659492
2259,0.8582517513129574,0.12119781931254626,1.9932017926828671,0.8616153073231747
2260,1.003181596374475,0.8730943476055322,1.9936623058289025,0.7563324953175877
2261,0.8451623212853443,0.10405109509972275,1.9936623058289025,0.8619767540615013
2262,1.0002071766767415,0.8583900114608454,1.9938302078310892,0.7566368363933353
2263,0.831561749858919,0.08710023581822125,1.9938302078310892,0.862316124997039
2264,0.9983529881962205,0.8435027155568599,1.9937361216169067,0.7569149335281763
2265,0.817473964367196,0.07057303085489124,1.9937361216169067,0.8626334400736987
2266,0.9976328375320861,0.8284786400046327,1.9934156358528794,0.7571673545000998
2267,0.8029245741566658,0.05494383425541283,1.9934156358528794,0.8629288237606845
2268,0.9980525391990901,0.8133667837785933,1.9929087370032057,0.7573947513459128
2269,0.7879409908024443,0.0413380517137385,1.9929087370032057,0.8632024964761297
2270,0.9996098102396397,0.7982190880292185,1.992259172003926,0.7575978508338798
2271,0.7725525660491728,0.032493076129677785,1.992259172003926,0.8634547662233525
2272,1.002294317674416,0.783090548640983,1.9915137474020128,0.7577774453087134
2273,0.7567907498640181,0.03259715987060933,1.9915137474020128,0.8636860204617625
2274,1.006087876571079,0.7680393104263237,1.990721572061865,0.7579343839214988
2275,0.740689271205871,0.04158892920581147,1.990721572061865,0.8638967182314312
2276,1.0109647895927796,0.7531267332560577,1.9899332519170305,0.7580695642544358
2277,0.7242843442943914,0.05527295125136949,1.9899332519170305,0.8640873825475434
2278,1.016892312740125,0.7384174180476849,1.9892000467003228,0.7581839243478201
2279,0.7076149032675318,0.07095559636698966,1.9892000467003228,0.8642585930783409
2280,1.0238312271003893,0.7239791779369272,1.988573000062918,0.7582784351344084
2281,0.6907228680914915,0.08753185048746584,1.988573000062918,0.8644109791177709
2282,1.0317364930868855,0.7098829372865811,1.98810205592042,0.7583540932842482
2283,0.6736534443523947,0.10453494095751756,1.98810205592042,0.8645452128618295
2284,1.0405579620239165,0.6962025386769136,1.9878351751572758,0.7584119144611199
2285,0.6564554589995731,0.12174015004479952,1.9878351751572758,0.8646620029955245
2286,1.050241119958995,0.6830144360284804,1.987817467888913,0.7584529269900164
2287,0.6391817330656051,0.13902405416786656,1.987817467888913,0.8647620885955027
2288,1.0607278400592421,0.6703972510208082,1.9880903572304949,0.7584781659334575
2289,0.62188949063883,0.15631045208895386,1.9880903572304949,0.8648462333516174
2290,1.0719571225601987,0.6584311706100391,1.988690790864491,0.7584886675729698
2291,0.6046408006183119,0.17354729808853836,1.988690790864491,0.8649152201091234
2292,1.0838658046156378,0.6471971664330499,1.9896505165620129,0.758485464290719
2293,0.5875030436651099,0.19069589217220675,1.9896505165620129,0.8649698457316852
2294,1.096389226176315,0.6367760229450292,1.9909954371418788,0.7584695798450287
2295,0.5705493908203463,0.2077254003567502,1.9909954371418788,0.865010916284038
2296,1.109461841871439,0.627247170870326,1.9927450591217304,0.7584420250324136
2297,0.5538592719715143,0.2246098908862511,1.9927450591217304,0.8650392425318897
2298,1.1230177725107107,0.6186873362134846,1.994912047535882,0.7584037937277108
2299,0.5375188011961367,0.24132664304911297,1.994912047535882,0.8650556357555087
2300,1.1369912930751376,0.6111690323587572,1.9975018971095333,0.7583558592929532
2301,0.5216211116110929,0.25785513836285817,1.9975018971095333,0.8650609038724116
2302,1.1513172568057495,0.6047589425542915,2.0005127272685295,0.7582991713448134
2303,0.506266534690564,0.27417643622736404,2.0005127272685295,0.8650558478636096
2304,1.1659314571824455,0.5995162602727632,2.0039352054389363,0.7582346528696553
2305,0.4915625388159316,0.2902727755883263,2.0039352054389363,0.8650412584970211
2306,1.1807709312157053,0.5954910726561267,2.007752599885975,0.7581631976745762
2307,0.4776233210936013,0.30612731441657876,2.007752599885975,0.8650179133408891
2308,1.1957742085949956,0.5927228841000212,2.011940960105278,0.75808566816222
2309,0.4645689291318581,0.32172395594173336,2.011940960105278,0.8649865740593464
2310,1.2108815119160323,0.5912393798015542,2.016469419661031,0.7580028934166173
2311,0.4525237818539334,0.3370472310366781,2.016469419661031,0.8649479839816538
2312,1.2260349135222621,0.5910555205817735,2.0213006135056366,0.7579156675868648
2313,0.44161446937085125,0.35208221784142424,2.0213006135056366,0.8649028659361064
2314,1.241178454523071,0.5921730400896049,2.02639119933396,0.7578247485550872
2315,0.4319667516848281,0.3668144866174101,2.02639119933396,0.8648519203391107
2316,1.2562582313664794,0.5945803854098092,2.031692470513496,0.7577308568748078
2317,0.42370175333451726,0.3812300620182513,2.031692470513496,0.8647958235295483
2318,1.2712224550126558,0.5982531060346643,2.0371510466475913,0.7576346749656252
2319,0.41693146846971346,0.39531539757935913,2.0371510466475913,0.8647352263381823
2320,1.2860214873309848,0.6031546593582828,2.0427096268944323,0.7575368465499189
2321,0.41175383834874635,0.4090573588994736,2.0427096268944323,0.864670752881592
2322,1.3006078588711636,0.6092375687236559,2.048307790768431,0.757437976317196
2323,0.40824781432700774,0.4224432130767743,2.048307790768431,0.86460299956988
2324,1.314936271671019,0.6164448469495687,2.053882831251611,0.7573386298016448
2325,0.406468932453776,0.43546062268680064,2.053882831251611,0.8645325343172489
2326,1.3289635902844588,0.624711586596034,2.0593706055767558,0.7572393334584774
2327,0.4064459550441803,0.44809764307981786,2.0593706055767558,0.8644598959444021
2328,1.3426488237586571,0.6339666181516564,2.0647063899313642,0.7571405749246993
2329,0.40817904890385087,0.4603427221126575,2.0647063899313642,0.8643855937616789
2330,1.3559531008704728,0.6441341470525209,2.0698257254841916,0.7570428034500878
2331,0.41163977143614616,0.4721847016656705,2.0698257254841916,0.864310107321798
2332,1.3688396405538692,0.6551352969423312,2.0746652444653875,0.7569464304843121
2333,0.416772866920349,0.4836128204622786,2.0746652444653875,0.8642338863311224
2334,1.3812737191148103,0.6631096123567513,2.0791634664530307,0.7568518304063748
2335,0.42349960568050793,0.4946167178283014,2.0791634664530307,0.8641573507084221
2336,1.3932226355374497,0.6634850478571557,2.083261556458463,0.7567593413827987
2337,0.43172219879207296,0.5051864381151521,2.083261556458463,0.8640808907802234
2338,1.4046556759333841,0.6651162950989101,2.0869040377976615,0.7566692663413285
2339,0.44132873328750183,0.5153124355748165,2.0869040377976615,0.8640048676019794
2340,1.415544077971334,0.6679880105965103,2.0900394540368743,0.7565818740472323
2341,0.4521981003703781,0.524985579521928,2.0900394540368743,0.8639296133944865
2342,1.4258609959442654,0.6720736757200695,2.0926209754724274,0.7564974002697128
2343,0.464204501207134,0.5341971596537833,2.0926209754724274,0.8638554320851782
2344,1.4355814669809615,0.6773363503483402,2.094606946624462,0.7564160490263268
2345,0.47722126572957746,0.5429388914260687,2.094606946624462,0.8637825999441884
2346,1.4446823787856111,0.683729681488922,2.0959613720812276,0.7563379938937941
2347,0.4911238677565041,0.5356189355821628,2.0959613720812276,0.8637113663053332
2348,1.4531424391886094,0.6911991015300194,2.096654338722975,0.7562633793740314
2349,0.5057921377742832,0.5191244960739184,2.096654338722975,0.8636419543624788
2350,1.4609421477111055,0.6996831445539481,2.0966623728889204,0.7561923223047565
2351,0.5211117527427009,0.5023944589317618,2.0966623728889204,0.8635745620320742
2352,1.4680637692820058,0.7091148101154839,2.0959687314395326,0.756124913304529
2353,0.5369751226016808,0.4854664558015629,2.0959687314395326,0.8635093628729661
2354,1.4744913101963948,0.7194229108683318,2.094563625926683,0.7560612182426233
2355,0.5532818044835961,0.46838189556321236,2.094563625926683,0.8634465070549899
2356,1.4802104963664708,0.7305333515770784,2.092444379236266,0.7560012797246809
2357,0.5699385682353764,0.45118660327770366,2.092444379236266,0.8633861223681827
2358,1.485208753887993,0.7423703003550703,2.089615514134526,0.7559451185856387
2359,0.586859219594395,0.4339315946539158,2.089615514134526,0.8633283152648713
2360,1.4894751919252693,0.7548572265783526,2.086088773155181,0.7558927353819932
2361,0.603964266636356,0.4166740120598578,2.086088773155181,0.8632731719272666
2362,1.4930005879043295,0.7679177924224961,2.081883069235502,0.755844111876028
2363,0.6211804948705791,0.3994782498642153,2.081883069235502,0.8632207593536122
2364,1.4957773749959076,0.7814765954495297,2.0770243664731463,0.7557992125051836
2365,0.6384404986314992,0.3824172957774756,2.0770243664731463,0.8631711264563383
2366,1.4977996318661484,0.7954597677241411,2.0715454903603736,0.7557579858303146
2367,0.6556822019513862,0.36557430797604934,2.0715454903603736,0.8631243051660853
2368,1.4990630746725948,0.8097954425420921,2.0654858668878973,0.7557203659571248
2369,0.6728483908906089,0.34904443033063326,2.0654858668878973,0.8630803115358673
2370,1.499565051285299,0.8244141032550995,2.0588911900277655,0.7556862739256235
2371,0.6898862709662286,0.3329368124595442,2.0588911900277655,0.8630391468400701
2372,1.4993045377170828,0.839248830264749,2.051813017334396,0.7556556190629644
2373,0.7067470573401079,0.31737673653978254,2.051813017334396,0.8630007986633726
2374,1.4982821367525443,0.8542354624692399,2.0443082937761616,0.7556283002955558
2375,0.7233856012845529,0.30250764447422246,2.0443082937761616,0.8629652419750896
2376,1.4965000787717415,0.8693126886966278,2.0364388044561816,0.7556042074168324
2377,0.7397600536782171,0.28849269238745573,2.0364388044561816,0.8629324401848302
2378,1.4939622247711521,0.8844220833043217,2.028270557626433,0.7555832223075616
2379,0.7558315645219331,0.27551522842682413,2.028270557626433,0.8629023461757592
2380,1.4906740715909927,0.8995080984507307,2.0198731003648085,0.755565220106027
2381,0.7715640164101673,0.2637773167670087,2.0198731003648085,0.8628749033121114
2382,1.486642759363766,0.9145180237608634,2.0113187704827085,0.7555500703258877
2383,0.7869237893283457,0.25349519845779095,2.0113187704827085,0.8628500464180004
2384,1.481877081203504,0.9294019223572489,2.0026818896621084,0.7555376379199183
2385,0.8018795539078651,0.24489056522412353,2.0026818896621084,0.8628277027248997
2386,1.4763874951579985,0.9441125506009538,1.9940379044716257,0.755527784288266
2387,0.8164020902437114,0.23817698962362838,1.9940379044716257,0.8628077927855277
2388,1.47018613844668,0.9586052674341287,1.9854624837484356,0.755520368230224
2389,0.8304641294834126,0.23354203547763352,1.9854624837484356,0.862790231352199
2390,1.4632868440040268,0.9728379379554974,1.9770305828033927,0.7555152468388959
2391,0.8440402155750961,0.23112739190841827,1.9770305828033927,0.8627749282180123
2392,1.4557051593415429,0.9867708347941601,1.9688154869342729,0.7555122763384527
2393,0.8571065847795971,0.23101116981284864,1.9688154869342729,0.8627617890195569
2394,1.4474583677294295,1.0003665399634503,1.9608878487181514,0.7555113128640025
2395,0.8696410607825524,0.23319711889748956,1.9608878487181514,0.8627507160000927
2396,1.4385655116809066,1.0135898491572999,1.9533147353804197,0.7555122131843871
2397,0.8816229634720273,0.23761408707936907,1.9533147353804197,0.8627416087324429
2398,1.4290474186962627,1.0264076798756288,1.9461587040723154,0.7555148353684816
2399,0.8930330296662445,0.24412589681330843,1.9461587040723154,0.8627343648010755
2400,1.418926729188499,1.0387889843114102,1.9394769239926724,0.7555190393958218
2401,0.9038533442794553,0.2525485706604128,1.9394769239926724,0.8627288804431062
2402,1.408227926465952,1.0507046675800855,1.9333203648294106,0.7555246877126074
2403,0.9140672805995557,0.26267019213834136,1.9333203648294106,0.8627250511481556
2404,1.3969773685872768,1.062127511603652,1.9277330708563765,0.7555316457343235
2405,0.9236594485181662,0.2742691290536603,1.9277330708563765,0.8627227722172196
2406,1.3852033218281299,1.073032104761147,1.922751539117163,0.7555397822964129
2407,0.9326156497030026,0.2871280805585881,1.922751539117163,0.8627219392808876
2408,1.3729359954038909,1.0833947772707515,1.9184042184186056,0.7555489700545758
2409,0.9409228388346168,0.3010432667279724,1.9184042184186056,0.8627224487774191
2410,1.3602075769756496,1.0884293325456171,1.914711143355278,0.755559085836421
2411,0.9485690901463658,0.315829334555912,1.914711143355278,0.8627241983913532
2412,1.3470522683239354,1.0898763106901024,1.9116837143630614,0.7555700109463134
2413,0.9555435686093597,0.33132108432950613,1.9116837143630614,0.8627270874534596
2414,1.3335063204026338,1.0906197648275489,1.9093246309826213,0.7555816314253525
2415,0.9618365051947044,0.34737314081922926,1.9093246309826213,0.862731017302977
2416,1.319608066780458,1.0906584229565557,1.90762798128034,0.7555938382685045
2417,0.9674391757251075,0.36385847337659827,1.90762798128034,0.862735891613192
2418,1.3053979542356062,1.0899922265638915,1.9065794859395042,0.7556065276009871
2419,0.9723438828982764,0.3806663949385382,1.9065794859395042,0.8627416166815156
2420,1.2909185689877054,1.088622330462435,1.906156891131821,0.7556196008160319
2421,0.9765439411268109,0.3977004330459853,1.906156891131821,0.8627481016852946
2422,1.2762146567275205,1.0865511049616126,1.9063305001404707,0.7556329646762109
2423,0.9800336638946616,0.41487629296757134,1.9063305001404707,0.8627552589046852
2424,1.2613331342384115,1.0837821403976617,1.9070638300408391,0.7556465313805178
2425,0.9828083533797659,0.43212001951624474,1.9070638300408391,0.862763003913957
2426,1.2463230899955655,1.0803202540806291,1.9083143767241784,0.755660218599411
2427,0.9848642921371575,0.44936639572550896,1.9083143767241784,0.8627712557426646
2428,1.2312357706842474,1.0761714997449496,1.9100344692907427,0.7556739494800184
2429,0.9861987366775333,0.444524751190298,1.9100344692907427,0.8627799370081489
2430,1.2161245501056823,1.0713431796208408,1.9121721934012954,0.7556876526236952
2431,0.9868099128137845,0.4317783995491203,1.9121721934012954,0.8627889740208771
2432,1.2010448764534483,1.0658438592747577,1.9146723625590327,0.7557012620380902
2433,0.9866970126830351,0.41865501443537906,1.9146723625590327,0.8627982968641283
2434,1.1860541934662727,1.0596833853987884,1.9174775164440752,0.7557147170658622
2435,0.9858601933850186,0.4051666476784832,1.9174775164440752,0.8628078394495643
2436,1.1712118305256085,1.052872906761174,1.920528926242978,0.7557279622921228
2437,0.9843005772097568,0.39132574873801035,1.920528926242978,0.8628175395502107
2438,1.1565788564088284,1.0454248985629269,1.923767588279412,0.7557409474326503
2439,0.9820202534591292,0.3771451701339115,1.923767588279412,0.8628273388123805
2440,1.1422178911829224,1.0373531904786133,1.9271351890168638,0.7557536272048582
2441,0.9790222818986265,0.3626381770859867,1.9271351890168638,0.8628371827480502
2442,1.1281928706914541,1.0286729986922458,1.9305750265249877,0.7557659611834352
2443,0.9753106979079889,0.34781846290568014,1.9305750265249877,0.8628470207091925
2444,1.1145687583210433,1.0194009622712705,1.934032875642155,0.75577791364252
2445,0.9708905194331455,0.3327001723120103,1.934032875642155,0.862856805845524
2446,1.101411199310682,1.0095551842517603,1.9374577862091766,0.7557894533861801
2447,0.9657677558775603,0.3172979357768293,1.9374577862091766,0.862866495047122
2448,1.0887861138660453,0.99915527783472,1.9408028057973188,0.7558005535689225
2449,0.9599494191094374,0.3016269194154899,1.9408028057973188,0.8628760488733137
2450,1.0767592268315738,0.9882224181148316,1.9440256202370245,0.7558111915078528
2451,0.9534435368029966,0.285702897114251,1.9440256202370245,0.8628854314691956
2452,1.0653955337055794,0.9767793997763033,1.94708910692694,0.7558213484880415
2453,0.9462591683780056,0.2695423550132096,1.94708910692694,0.862894610471127
2454,1.0547587053739456,0.9648507011920021,1.9499617973441012,0.7558310095625671
2455,0.9384064238528722,0.25316264399512933,1.9499617973441012,0.8629035569024592
2456,1.0449104370529025,0.9524625553469466,1.9526182463840942,0.7558401633486225
2457,0.9298964859838195,0.23658220499870455,1.9526182463840942,0.8629122450607384
2458,1.0359097504737254,0.9396430279690806,1.9550393071499654,0.7558488018209919
2459,0.9207416361271287,0.21982090762786272,1.9550393071499654,0.8629206523975627
2460,1.027812262140892,0.9264221031808482,1.957212310608914,0.7558569201041088
2461,0.9109552843343245,0.2029005701575311,1.957212310608914,0.8629287593922207
2462,1.02066943430224,0.9128317768738972,1.9591311501837636,0.7558645162638487
2463,0.9005520042728586,0.18584577966774246,1.9591311501837636,0.8629365494201747
2464,1.0145278287689867,0.8989061578429719,1.9607962718852705,0.7558715911000883
2465,0.8895475736587299,0.16868522785907003,1.9607962718852705,0.8629440086174193
2466,1.009428386553697,0.8846815764771442,1.9622145710677155,0.7558781479410253
2467,0.877959020994129,0.15145397247219144,1.9622145710677155,0.862951125741665
2468,1.0054057580855258,0.8701967004766794,1.9633991973506604,0.7558841924401294
2469,0.8658046795241466,0.13419744680755905,1.9633991973506604,0.8629578920312574
2470,1.002487709184696,0.8554926566176034,1.964369269739022,0.7558897323765541
2471,0.8531042494633772,0.11697897351831595,1.964369269739022,0.8629643010626749
2472,1.0006946267963013,0.8406131569947549,1.965149504532598,0.7558947774597282
2473,0.8398788696972194,0.09989481214689681,1.965149504532598,0.8629703486074015
2474,1.000039145604552,0.8256046274051213,1.9657697592798418,0.7558993391387978
2475,0.8261512003347604,0.08310677184324672,1.9657697592798418,0.862976032488902
2476,1.000525912157401,0.8105163345510448,1.966264496826032,0.7559034304175009
2477,0.811945517680525,0.06691958620905257,1.966264496826032,0.8629813524403875
2478,1.0021514973001107,0.7954005075112587,1.9666721744501385,0.7559070656749877
2479,0.7972878234000498,0.05198124580558087,1.9666721744501385,0.8629863099639906
2480,1.0049044609835978,0.7803124474138132,1.9670345641828122,0.7559102604930462
2481,0.7822059698761595,0.03980549098840726,1.9670345641828122,0.862990908191922
2482,1.0087655664351602,0.7653106174256635,1.9673960116414446,0.755913031490101
2483,0.7667298039828885,0.033607592604642245,1.9673960116414446,0.8629951517501295
2484,1.0137081338572953,0.7504567030453776,1.9678026420831938,0.7559153961623226
2485,0.7508913317314173,0.03658751031414533,1.9678026420831938,0.8629990466249311
2486,1.0196985178223954,0.7358156302775469,1.9683015238232688,0.7559173727320984
2487,0.7347249064495832,0.04702418138409916,1.9683015238232688,0.8630026000330339
2488,1.0266966878173476,0.7214555266607159,1.9689398006372434,0.7559189800040838
2489,0.7182674433157639,0.06119051258839388,1.9689398006372434,0.8630058202953166
2490,1.0346568882615008,0.7074476074691538,1.969763806191574,0.7559202372289772
2491,0.701558663137295,0.07702112382162908,1.969763806191574,0.8630087167147001
2492,1.0435283528871517,0.6938659669647091,1.9708181748423907,0.7559211639751285
2493,0.6846413681808544,0.09363479840380946,1.9708181748423907,0.8630112994583887
2494,1.053256048565902,0.6807872527112887,1.9721449642176418,0.7559217800080409
2495,0.6675617525374126,0.11063424228394905,1.9721449642176418,0.8630135794447202
2496,1.063781425269688,0.6682902001887139,1.9737828057584899,0.755922105177781
2497,0.6503697488096382,0.12781773398714252,1.9737828057584899,0.8630155682348267
2498,1.0750431515529162,0.6564550058903381,1.9757660997542985,0.755922159314265
2499,0.6331194116676774,0.14507004952144742,1.9757660997542985,0.8630172779292695
2500,1.086977818364831,0.6453625204817737,1.9781242712865785,0.7559219621303701
2501,0.6158693367896615,0.1623180460563929,1.9781242712865785,0.863018721069772
2502,1.0995205977836349,0.6350932501529342,1.98088110284697,0.7559215331327682
2503,0.5986831105700752,0.17951082227641757,1.98088110284697,0.8630199105461407
2504,1.1126058470813376,0.6257261645701422,1.9840541581869926,0.755920891540349
2505,0.5816297813425242,0.19661008271605301,1.9840541581869926,0.8630208595084439
2506,1.1261676521218245,0.6173373240166301,1.9876543102005968,0.7559200562100913
2507,0.5647843362451427,0.21358511387506102,1.9876543102005968,0.8630215812844689
2508,1.1401403072814258,0.6099983559716957,1.9916853833782235,0.7559190455701869
2509,0.5482281587317165,0.23041000496833527,1.9916853833782235,0.8630220893024659
2510,1.1544587317536934,0.6037748312645749,1.9961439186820173,0.7559178775602223
2511,0.5320494296085538,0.2470620325320646,1.9961439186820173,0.8630223970191547
2512,1.1690588242161304,0.5987246098646024,2.0010190656860023,0.755916569578196
2513,0.5163434190595484,0.2635206819310583,2.0010190656860023,0.8630225178529533
2514,1.1838777594058933,0.5948962433431267,2.0062926036358535,0.7559151384341181
2515,0.5012125985847542,0.2797670338729304,2.0062926036358535,0.8630224651223507
2516,1.1988542312199202,0.5923275316767903,2.01193908985732,0.7559136003099546
2517,0.4867664811923778,0.2957833686037787,2.01193908985732,0.8630222519893488
2518,1.2139286475903042,0.5910443332600975,2.017926130829388,0.7559119707256331
2519,0.47312107808683473,0.31155290448868067,2.017926130829388,0.8630218914078561
2520,1.2290432826656883,0.5910597167902852,2.024214768377282,0.7559102645108394
2521,0.4603978451114168,0.3270596220952812,2.024214768377282,0.863021396076926
2522,1.244142391832407,0.5923735219807237,2.0307599709508444,0.7559084957823168
2523,0.4487219894757428,0.3422881441378057,2.0307599709508444,0.8630207783986896
2524,1.2591722949079822,0.5949723649793094,2.0375112179268675,0.7559066779263742
2525,0.4382200262491902,0.3572236527744624,2.0375112179268675,0.8630200504408493
2526,1.274081432498262,0.598830088045405,2.0444131633675697,0.7559048235863043
2527,0.4290165248699792,0.37185183239899117,2.0444131633675697,0.8630192239035627
2528,1.2888204000811319,0.603908616782077,2.0514063647045337,0.7559029446544184
2529,0.42123007585409317,0.3861588301471576,2.0514063647045337,0.8630183100905588
2530,1.3033419639065167,0.6101591573238138,2.058428061387609,0.7559010522683928
2531,0.4149686361449859,0.4001312289062374,2.058428061387609,0.8630173198843035
2532,1.317601062316399,0.6175236444329733,2.0654129886019814,0.7558991568116252
2533,0.41032456326831807,0.4137560292677152,2.0654129886019814,0.8630162637250391
2534,1.3315547956129157,0.6259363415364821,2.0722942116513545,0.7558972679173096
2535,0.4073697918936234,0.4270206379486924,2.0722942116513545,0.8630151515935022
2536,1.345162407152976,0.6353254951881423,2.0790039674531062,0.7558953944759335
2537,0.40615169721945066,0.4399128609338381,2.0790039674531062,0.8630139929971384
2538,1.3583852579339877,0.6456149572671747,2.085474500706341,0.7558935446459046
2539,0.40669018462204864,0.4524209000842133,2.085474500706341,0.863012796959612
2540,1.3711867965624451,0.6567257053076972,2.0916388835889097,0.7558917258670287
2541,0.4089764220645763,0.4645333523013387,2.0916388835889097,0.8630115720134253
2542,1.3835325261670963,0.6626049093827885,2.0974318092321536,0.7558899448765595
2543,0.41297340574423314,0.4762392105749091,2.0974318092321536,0.8630103261954405
2544,1.3953899695307077,0.6631726611575147,2.102790350638884,0.7558882077275509
2545,0.41861827331695006,0.48752786641331003,2.102790350638884,0.8630090670451195
2546,1.4067286334669387,0.6649935256134872,2.1076546780890673,0.7558865198092531
2547,0.42582602565734573,0.49838911327910956,2.1076546780890673,0.8630078016052851
2548,1.4175199732585022,0.6680506312259813,2.111968729370185,0.7558848858692967
2549,0.43449415121566876,0.5088131507413615,2.111968729370185,0.8630065364252066
2550,1.4277373577960484,0.6723160242201823,2.1156808283397512,0.7558833100374298
2551,0.44450759722044314,0.5187905891226576,2.1156808283397512,0.8630052775658368
2552,1.4373560359103277,0.677751460590511,2.1187442483530816,0.7558817958505681
2553,0.455743590126364,0.5283124544680954,2.1187442483530816,0.8630040306069932
2554,1.446353104269462,0.6843094444251947,2.1211177179579592,0.755880346278942
2555,0.46807593636597844,0.5373701937003665,2.1211177179579592,0.8630028006563318
2556,1.4547074771150654,0.6919344459280524,2.1227658669668323,0.75587896375313
2557,0.481378587631052,0.5459556798533165,2.1227658669668323,0.8630015923599084
2558,1.4623998580322715,0.7005642273495575,2.1236596115711692,0.7558776501917752
2559,0.4955283949355373,0.5304969888424027,2.1236596115711692,0.8630004099141828
2560,1.4694127138864983,0.7101312069454886,2.1237764775721764,0.7558764070298035
2561,0.510407081236703,0.5139412455416992,2.1237764775721764,0.8629992570792853
2562,1.4757302510114358,0.7205637987597381,2.1231008610817086,0.7558752352469584
2563,0.5259025277670482,0.4971595617076618,2.1231008610817086,0.8629981371933966
2564,1.4813383936959703,0.7317876775934686,2.121624226214505,0.7558741353964926
2565,0.5419094993501538,0.4801906571336528,2.121624226214505,0.8629970531880823
2566,1.4862247649906162,0.7437269319585909,2.1193452393672243,0.7558731076338655
2567,0.5583299384289175,0.4630772031706406,2.1193452393672243,0.8629960076044464
2568,1.4903786698348034,0.7563050813274319,2.116269839682034,0.7558721517452927
2569,0.5750729463070892,0.4458664994921945,2.116269839682034,0.8629950026099543
2570,1.4937910804936008,0.7694459462343324,2.1124112452445747,0.7558712671760308
2571,0.5920545513055979,0.428611293991474,2.1124112452445747,0.862994040015806
2572,1.4964546242849421,0.7830743699291131,2.107789894490686,0.7558704530582643
2573,0.6091973427363553,0.4113707726271199,2.107789894490686,0.862993121294725
2574,1.4983635735750898,0.7971167979772807,2.102433322217067,0.7558697082384943
2575,0.626430030072181,0.39421174719571134,2.102433322217067,0.8629922475990516
2576,1.4995138380200244,0.811501727472787,2.096375969532723,0.7558690313043214
2577,0.6436869700070365,0.3772100666001003,2.096375969532723,0.8629914197790344
2578,1.4999029590329722,0.8261600406485714,2.0896589270765347,0.7558684206105479
2579,0.6609076907188891,0.3604522678246964,2.0896589270765347,0.8629906384012089
2580,1.4995301064626105,0.8410252390386869,2.082329610888573,0.7558678743044996
2581,0.6780364324137388,0.3440374609807148,2.082329610888573,0.8629899037667742
2582,1.4983960774721834,0.8560335943993258,2.0744413704868374,0.7558673903505234
2583,0.6950217157032662,0.3280793998886214,2.0744413704868374,0.8629892159298794
2584,1.4965032976161208,0.8711242317433568,2.0660530289953387,0.7558669665535755
2585,0.7118159440250594,0.31270861355396073,2.0660530289953387,0.8629885747157362
2586,1.4938558241174293,0.8862391584313254,2.057228355621804,0.7558666005818707
2587,0.7283750426511125,0.2980743495129619,2.057228355621804,0.8629879797384855
2588,1.4904593513555233,0.9013232515641652,2.048035471419847,0.7558662899885341
2589,0.744658134415393,0.28434589373879054,2.048035471419847,0.8629874304187499
2590,1.48632121857983,0.9163242141387616,2.0385461901134456,0.755866032232235
2591,0.7606272507767734,0.27171258313961777,2.0385461901134456,0.8629869260008094
2592,1.4814504198689111,0.9311925086923966,2.0288352968269163,0.7558658246967608
2593,0.7762470759512211,0.26038155197056406,2.0288352968269163,0.8629864655693502
2594,1.4758576163573731,0.945881275559686,2.0189797688579643,0.7558656647095232
2595,0.7914847213966997,0.25057206085213496,2.0189797688579643,0.8629860480657313
2596,1.469555150752869,0.9603462414404392,2.0090579441486582,0.7558655495589821
2597,0.8063095277702873,0.24250535431936546,2.0090579441486582,0.862985672303734
2598,1.4625570641622354,0.974545622745794,1.9991486448273246,0.7558654765109742
2599,0.8206928914962095,0.23638965544265178,1.9991486448273246,0.8629853369847504
2600,1.4548791152383829,0.9884400271515493,1.9893302650720366,0.7558654428239522
2601,0.834608113213876,0.23240131074398926,1.9893302650720366,0.8629850407123827
2602,1.4465388016469107,1.0019923559291146,1.97967983452097,0.7558654457631356
2603,0.8480302655675926,0.23066501809614756,1.97967983452097,0.8629847820064294
2604,1.4375553838323465,1.0151677089272673,1.9702720704414103,0.7558654826135871
2605,0.8609360780217818,0.23123765371474028,1.9702720704414103,0.8629845593162303
2606,1.4279499110369223,1.027933293520864,1.9611784337615976,0.7558655506922248
2607,0.8733038366161872,0.23410027752713178,1.9611784337615976,0.8629843710333619
2608,1.417745249488268,1.0402583384046016,1.9524662057444526,0.7558656473587889
2609,0.8851132968015502,0.23916083874860689,1.9524662057444526,0.86298421550366
2610,1.40696611262429,1.0521140127709507,1.9441976034050987,0.7558657700257925
2611,0.8963456077099426,0.24626671012464127,1.9441976034050987,0.8629840910385768
2612,1.3956390931615923,1.0634733511536103,1.9364289526092338,0.7558659161674701
2613,0.9069832464112348,0.25522325918523886,1.9364289526092338,0.8629839959258495
2614,1.3837926967354803,1.0743111840256512,1.9292099380110121,0.7558660833277653
2615,0.9170099608863869,0.26581365416663894,1.9292099380110121,0.862983928439496
2616,1.3714573767419087,1.08460407410169,1.922582948494803,0.7558662691273802
2617,0.9264107206091499,0.27781605532882525,1.922582948494803,0.8629838868491295
2618,1.3586655698915133,1.0886477518606614,1.9165825355089838,0.7558664712699271
2619,0.9351716737710629,0.29101623482538796,1.9165825355089838,0.8629838694286033
2620,1.3454517318395565,1.0900017130713902,1.9112349996034819,0.7558666875472112
2621,0.9432801103115399,0.3052153991400175,1.9112349996034819,0.8629838744639912
2622,1.3318523720795048,1.0906520641680528,1.9065581176433632,0.7558669158436907
2623,0.95072443002683,0.32023402073658047,1.9065581176433632,0.8629839002609164
2624,1.3179060870783605,1.0905976856299857,1.9025610196637792,0.7558671541401446
2625,0.9574941151302777,0.33591283417855483,1.9025610196637792,0.8629839451512408
2626,1.3036535903851525,1.0898386711706458,1.8992442203071451,0.7558674005165923
2627,0.9635797067231362,0.35211207352837365,1.8992442203071451,0.8629840074991307
2628,1.289137738157122,1.0883763279162062,1.8965998054364972,0.7558676531545071
2629,0.9689727847116982,0.3687097751198893,1.8965998054364972,0.8629840857065161
2630,1.2744035482190175,1.0862131789139462,1.8946117700741125,0.7558679103383622
2631,0.9736659507740681,0.3855996998354922,1.8946117700741125,0.8629841782179636
2632,1.259498210398917,1.0833529680020668,1.8932564995064585,0.7558681704565501
2633,0.9776528140397764,0.4026892097008738,1.8932564995064585,0.8629842835249789
2634,1.2444710854709824,1.0798006671021416,1.8925033814499406,0.7558684320017213
2635,0.9809279791987775,0.4198972792422783,1.8925033814499406,0.8629844001697681
2636,1.2293736895865868,1.0755624860253445,1.8923155337813924,0.7558686935705765
2637,0.9834870368042021,0.4371527235221418,1.8923155337813924,0.8629845267484707
2638,1.214259660600021,1.0706458849140286,1.8926506296517565,0.7558689538631626
2639,0.985326555576519,0.45331454309066194,1.8926506296517565,0.8629846619138979
2640,1.1991847022090343,1.065059589471275,1.8934617999138643,0.7558692116817027
2641,0.9864440765562953,0.44083487391056025,1.8934617999138643,0.862984804377791
2642,1.1842065013567582,1.0588136091627307,1.8946985917383328,0.7558694659290095
2643,0.9868381089893608,0.4279701779387815,1.8946985917383328,0.8629849529126288
2644,1.1693846139119488,1.051919258607393,1.896307962040642,0.7558697156065137
2645,0.9865081278625488,0.4147322244806,1.896307962040642,0.8629851063530123
2646,1.1547803133009598,1.0443891824068279,1.8982352848228905,0.7558699598119482
2647,0.9854545730409836,0.4011331786420497,1.8982352848228905,0.8629852635966445
2648,1.1404563965603594,1.0362373836953713,1.9004253526333739,0.7558701977367285
2649,0.9836788499897451,0.3871856045357153,1.9004253526333739,0.8629854236049321
2650,1.1264769422772443,1.027479256726666,1.902823353929934,0.7558704286630551
2651,0.9811833320942757,0.37290247188545084,1.902823353929934,0.8629855854032438
2652,1.1129070151579155,1.0181316238437068,1.9053758100532594,0.7558706519607857
2653,0.9779713646256994,0.3582971672572138,1.9053758100532594,0.8629857480808323
2654,1.0998123125929764,1.0082127772093563,1.908031457631384,0.7558708670840997
2655,0.9740472704299126,0.34338351162548436,1.908031457631384,0.8629859107904653
2656,1.087258749645798,0.9977425257004744,1.9107420644171946,0.7558710735679877
2657,0.9694163574535132,0.32817578669227215,1.9107420644171946,0.8629860727477673
2658,1.0753119804498221,0.9867422473893546,1.913463168698343,0.7558712710246037
2659,0.9640849282560097,0.3126887734315277,1.913463168698343,0.86298623323032
2660,1.0640368561047613,0.9752349480481534,1.916154734429776,0.7558714591394999
2661,0.9580602916970125,0.2969378079368245,1.916154734429776,0.8629863915765218
2662,1.0534968218229324,0.9632453261116545,1.918781716065686,0.7558716376677778
2663,0.9513507770300148,0.2809388621403186,1.918781716065686,0.8629865471842469
2664,1.0437532592539267,0.9507998445159839,1.9213145286779754,0.7558718064301726
2665,0.9439657506817674,0.2647086609216635,1.9213145286779754,0.8629866995093147
2666,1.0348647835023166,0.9379268097891666,1.9237294203329505,0.7558719653091052
2667,0.9359156360490545,0.2482648535503242,1.9237294203329505,0.8629868480637947
2668,1.0268865081680087,0.924656458695212,1.9260087448670062,0.7558721142447193
2669,0.9272119367039395,0.23162626814387438,1.9260087448670062,0.8629869924141679
2670,1.019869295524602,0.9110210526158693,1.928141134180848,0.7558722532309208
2671,0.9178672634653642,0.21481329633467589,1.928141134180848,0.862987132179365
2672,1.013859012384296,0.8970549796795942,1.9301215699968421,0.7558723823114457
2673,0.9078953658706528,0.19784848835877483,1.9301215699968421,0.8629872670286958
2674,1.0088958149136316,0.8827948643986256,1.9319513557393682,0.755872501575968
2675,0.8973111686663272,0.18075750002926763,1.9319513557393682,0.8629873966796895
2676,1.0050134872951795,0.8682796842315432,1.933637989851199,0.755872611156268
2677,0.8861308140351559,0.16357065180038521,1.933637989851199,0.8629875208958702
2678,1.0022388593556477,0.8535508920252831,1.9351949424982475,0.7558727112224746
2679,0.8743717103871111,0.14632560228700067,1.9351949424982475,0.8629876394844689
2680,1.0005913268809756,0.8386525426781086,1.9366413382862877,0.7558728019793928
2681,0.8620525886674176,0.12907216197800492,1.9366413382862877,0.8629877522940999
2682,1.000082495242687,0.8236314215703742,1.9380015483573514,0.7558728836629309
2683,0.8491935672766671,0.11188148204168386,1.9380015483573514,0.8629878592124116
2684,1.0007159622762671,0.8085371712973092,1.939304696083405,0.7558729565366358
2685,0.8358162268572604,0.0948648663345455,1.939304696083405,0.8629879601637216
2686,1.0024872503770403,0.7934224119714587,1.9405840815538014,0.7558730208883491
2687,0.8219436963780075,0.07821560639479792,1.9405840815538014,0.8629880551066555
2688,1.0053838909691757,0.778342848809854,1.941876531171423,0.755873077026986
2689,0.8076007521444362,0.06231099427873508,1.941876531171423,0.8629881440317919
2690,1.0093856574251932,0.7633573588612423,1.943221679926702,0.7558731252794485
2691,0.7928139315747156,0.04798098343369203,1.943221679926702,0.8629882269593324
2692,1.014464935768437,0.7485280465615745,1.9446611952889532,0.7558731659876764
2693,0.7776116638062351,0.037172683863511385,1.9446611952889532,0.8629883039367985
2694,1.0205872166370011,0.7339202553664738,1.946237953103901,0.7558731995058426
2695,0.7620244194285474,0.03353822029553317,1.946237953103901,0.862988375036776
2696,1.0277116874661876,0.7196025200864608,1.9479951773610833,0.755873226197693
2697,0.7460848818619645,0.039141973876032805,1.9479951773610833,0.862988440354698
2698,1.0357919009335232,0.7056464419098216,1.9499755571254984,0.7558732464340358
2699,0.7298281430974047,0.0510119161537618,1.9499755571254984,0.8629885000066888
2700,1.0447764944942812,0.6921264657058156,1.9522203552319024,0.755873260590379
2701,0.713291926650657,0.06581334735654852,1.9522203552319024,0.8629885541274666
2702,1.054609936227162,0.6791195374474347,1.954768524426674,0.7558732690447221
2703,0.6965168406157568,0.08193613011992515,1.954768524426674,0.8629886028683125
2704,1.0652332739758859,0.6667046190032417,1.9576558474176322,0.7558732721754953
2705,0.6795466635580685,0.09869244799621274,1.9576558474176322,0.8629886463951134
2706,1.076584867584712,0.6549620387718762,1.9609141176679412,0.7558732703596491
2707,0.6624286655677641,0.11576145759286785,1.9609141176679412,0.8629886848864751
2708,1.0886010875148102,0.6439726603982575,1.9645703776705021,0.7558732639708948
2709,0.645213965957446,0.13297423246588466,1.9645703776705021,0.8629887185319214
2710,1.1012169669320617,0.6338168588230906,1.9686462308091264,0.7558732533780848
2711,0.6279579276389229,0.15023105552503446,1.9686462308091264,0.8629887475301684
2712,1.11436679815801,0.6245733036996346,1.9731572417256114,0.7558732389437441
2713,0.6107205858919287,0.16746677953071262,1.9731572417256114,0.862988772087489
2714,1.1279846679249168,0.6163175648850787,1.9781124383743136,0.7558732210227352
2715,0.5935671057012774,0.18463493911522133,1.9781124383743136,0.8629887924161559
2716,1.1420049290004155,0.6091205727543566,1.9835139267006734,0.7558731999610624
2717,0.5765682566640246,0.20169985765436219,1.9835139267006734,0.8629888087329773
2718,1.1563626083486438,0.6030469861165764,1.9893566262054607,0.7558731760948082
2719,0.5598008871573082,0.21863245330524061,1.9893566262054607,0.8629888212579176
2720,1.1709937540384237,0.5981535402369125,1.9956281316613884,0.7558731497491958
2721,0.5433483694843605,0.23540788200352705,1.9956281316613884,0.862988830212805
2722,1.1858357246103044,0.5944874638074741,2.0023087030659483,0.7558731212377755
2723,0.5273009746264409,0.25200414934315,2.0023087030659483,0.8629888358201259
2724,1.2008274256224927,0.5920850632755643,2.0093713826901847,0.7558730908617315
2725,0.5117561188310321,0.26840126045201945,2.0093713826901847,0.8629888383019089
2726,1.2159094986806385,0.5909705727299608,2.016782234966096,0.7558730589092951
2727,0.49681840495266566,0.2845806820833061,2.016782234966096,0.86298883787869
2728,1.2310244684962217,0.5911553558048503,2.0245007020846266,0.7558730256552729
2729,0.48259936067591014,0.3005249929373414,2.0245007020846266,0.8629888347685638
2730,1.246116853490938,0.5926375229688005,2.032480065670928,0.7558729913606689
2731,0.46921675658720396,0.3162176512913734,2.032480065670928,0.8629888291863181
2732,1.2611332452418829,0.5954019955380604,2.040668002855163,0.7558729562724102
2733,0.4567933748736215,0.3316428378879543,2.040668002855163,0.8629888213426459
2734,1.2760223617070512,0.5994210111298527,2.0490072235239296,0.755872920623157
2735,0.445455102106515,0.34678534835010716,2.0490072235239296,0.8629888114434395
2736,1.290735078734396,0.6046550294304261,2.0574361745430036,0.755872884631201
2737,0.43532824699526146,0.3616305189274164,2.0574361745430036,0.8629887996891554
2738,1.3052244438812601,0.6110539672938198,2.065889796277158,0.7558728485004399
2739,0.426536045938637,0.3761641751192271,2.065889796277158,0.8629887862742578
2740,1.3194456760852562,0.6185586721717663,2.074300316758903,0.7558728124204289
2741,0.41919442119050987,0.3903725962726223,2.074300316758903,0.8629887713867279
2742,1.3333561542546606,0.6271025344873484,2.0825980693141526,0.755872776566496
2743,0.41340719402230486,0.4042424915031502,2.0825980693141526,0.8629887552076423
2744,1.3469153974009664,0.636613142382474,2.0907123202625884,0.7558727410999193
2745,0.4092611085639517,0.41776098374368437,2.0907123202625884,0.8629887379108192
2746,1.360085038527526,0.6470138940970127,2.0985720943894695,0.7558727061681657
2747,0.4068211546586222,0.4309155996896633,2.0985720943894695,0.8629887196625194
2748,1.3728287941208723,0.6582255008817248,2.1061069871480087,0.7558726719051746
2749,0.4061267442466582,0.44369426405677725,2.1061069871480087,0.8629887006212115
2750,1.3851124307668332,0.6625983215015272,2.1132479539161024,0.7558726384316912
2751,0.40718925646330856,0.45608529701037165,2.1132479539161024,0.8629886809373883
2752,1.3969037301312182,0.6633298112412638,2.119928068025444,0.7558726058556409
2753,0.4099913094937582,0.4680774139337539,2.119928068025444,0.8629886607534387
2754,1.4081724533023363,0.665312844872895,2.126083240643945,0.7558725742725377
2755,0.414487869317866,0.47965972691958275,2.126083240643945,0.8629886402035644
2756,1.4188903052868451,0.6685290770378275,2.131652896875458,0.7558725437659254
2757,0.42060902835415387,0.4908217475234874,2.131652896875458,0.8629886194137442
2758,1.4290309002777548,0.6729491671617283,2.136580603608788,0.7558725144078453
2759,0.4282640539530896,0.5015533904310918,2.136580603608788,0.8629885985017406
2760,1.438569728170132,0.678533606868957,2.140814645677564,0.7558724862593272
2761,0.4373461734009484,0.5118449777715767,2.140814645677564,0.8629885775771442
2762,1.4474841226824327,0.6852337855991778,2.1443085477711925,0.7558724593708986
2763,0.44773754708913666,0.5216872438714982,2.1443085477711925,0.8629885567414562
2764,1.4557532313460144,0.692993226721591,2.147021540261355,0.7558724337831079
2765,0.45931396539507385,0.5310713402878632,2.147021540261355,0.8629885360882011
2766,1.463357987548954,0.701748922226759,2.148918967681934,0.7558724095270578
2767,0.47194894547735766,0.5399888409936175,2.148918967681934,0.8629885157030697
2768,1.4702810847600243,0.7114326968234524,2.1499726390318696,0.7558723866249499
2769,0.4855170566907402,0.5419572448081252,2.1499726390318696,0.8629884956640919
2770,1.4765069530119563,0.7219725405650157,2.1501611193731875,0.7558723650906279
2771,0.49989643450029897,0.5255815742171156,2.1501611193731875,0.8629884760418305
2772,1.4820217376876847,0.7332938610505931,2.1494699623856706,0.7558723449301263
2773,0.5149705363054607,0.5089548251936393,2.1494699623856706,0.8629884568995966
2774,1.4868132806272485,0.7453206197856815,2.1478918836324823,0.7558723261422178
2775,0.5306292466068001,0.4921132840127806,2.1478918836324823,0.8629884382936862
2776,1.4908711035547109,0.7579763307004039,2.145426874305424,0.755872308718951
2777,0.5467694603229338,0.4750967859157007,2.145426874305424,0.862988420273631
2778,1.4941863938124362,0.7711849108305562,2.14208225517306,0.7558722926461897
2779,0.563295271853812,0.4579493059793386,2.14208225517306,0.8629884028824624
2780,1.496751992383144,0.7848713830026717,2.137872670368661,0.755872277904136
2781,0.5801178832649295,0.44071967590709776,2.137872670368661,0.8629883861569887
2782,1.4985623841773021,0.7989624377360824,2.132820020547304,0.7558722644678483
2783,0.5971553251029832,0.4234624517076742,2.132820020547304,0.8629883701280815
2784,1.49961369056375,0.8133868665469048,2.126953334832816,0.7558722523077424
2785,0.614332062683858,0.40623895966272633,2.126953334832816,0.862988354820969
2786,1.4999036641242243,0.8280758817064682,2.1203085808865647,0.7558722413900811
2787,0.6315785419155517,0.38911854833861625,2.1203085808865647,0.8629883402555334
2788,1.4994316856170125,0.8429633386797452,2.112928412383863,0.7558722316774489
2789,0.6488307130082241,0.3721800703530472,2.112928412383863,0.8629883264466146
2790,1.4981987631407505,0.8579858773830606,2.1048618532033676,0.7558722231292081
2791,0.6660295580160901,0.35551360522557496,2.1048618532033676,0.8629883134043107
2792,1.4962075334958236,0.8730829974568974,2.096163917745343,0.7558722157019374
2793,0.6831206387834423,0.3392224075708088,2.096163917745343,0.8629883011342874
2794,1.493462265747485,0.8881970812870104,2.0868951670218205,0.7558722093498538
2795,0.7000536750480014,0.32342501353086744,2.0868951670218205,0.8629882896380756
2796,1.4899688670011468,0.9032733767883654,2.077121200531607,0.7558722040252138
2797,0.7167821576628048,0.30825734947981476,2.077121200531607,0.8629882789133742
2798,1.4857348904058336,0.9182599501822896,2.0669120844712325,0.7558721996786933
2799,0.7332629986486666,0.29387454533583457,2.0669120844712325,0.8629882689543448
2800,1.480769545405974,0.9331076172756325,2.056341717562152,0.7558721962597518
2801,0.7494562176757167,0.280451948882746,2.056341717562152,0.8629882597519027
2802,1.4750837102639738,0.947769860169566,2.0454871367132172,0.7558721937169703
2803,0.7653246632713986,0.26818457474323654,2.0454871367132172,0.8629882512940044
2804,1.4686899468756365,0.9622027349252449,2.034427765896754,0.7558721919983722
2805,0.7808337663170014,0.25728395585240277,2.034427765896754,0.8629882435659226
2806,1.461602517896773,0.9763647745079425,2.023244612997162,0.7558721910517229
2807,0.7959513230429308,0.24797123273094004,2.023244612997162,0.8629882365505185
2808,1.4538374061912873,0.9902168903171269,2.012019420979846,0.7558721908248072
2809,0.8106473046327953,0.2404655525980715,2.012019420979846,0.8629882302285021
2810,1.4454123365976266,1.003722274773561,2.0008337814953725,0.7558721912656876
2811,0.8248936906050828,0.23496772750915298,2.0008337814953725,0.8629882245786864
2812,1.4363467999904667,1.0168463067567377,1.9897682209292098,0.7558721923229422
2813,0.8386643232943962,0.2316407095118871,1.9897682209292098,0.8629882195782294
2814,1.426662079586382,1.0295564611455637,1.9789012708598788,0.7558721939458798
2815,0.8519347809584144,0.23059037639150815,1.9789012708598788,0.862988215202867
2816,1.4163812794043282,1.0418222232911305,1.9683085368048583,0.7558721960847393
2817,0.8646822672631989,0.23185137062002367,1.9683085368048583,0.8629882114271352
2818,1.4055293547420034,1.0536150089229763,1.9580617809017518,0.7558721986908685
2819,0.8768855151297967,0.23538217339927522,1.9580617809017518,0.8629882082245829
2820,1.3941331444652618,1.0649080897417993,1.9482280356648687,0.7558722017168827
2821,0.8885247031480161,0.24107099112483268,1.9482280356648687,0.8629882055679705
2822,1.382221404827094,1.0756765247669415,1.9388687670403877,0.7558722051168064
2823,0.89958138297234,0.24875057651702157,1.9388687670403877,0.8629882034294619
2824,1.3698248444322847,1.0858970973730686,1.930039105525561,0.7558722088461978
2825,0.910038416306927,0.2582176595877906,1.930039105525561,0.8629882017807996
2826,1.3569761598404375,1.08886289963804,1.9217871640035205,0.7558722128622579
2827,0.9198799202603487,0.2692522985649805,1.9217871640035205,0.862988200593475
2828,1.3437100711501027,1.0901256108540724,1.9141534600882018,0.7558722171239186
2829,0.9290912200062558,0.2816338242995661,1.9141534600882018,0.8629881998388825
2830,1.330063356726495,1.0906845007237533,1.907170459127828,0.7558722215919207
2831,0.9376588078244151,0.2951519916119843,1.907170459127828,0.8629881994884638
2832,1.316074886021064,1.0905386071772234,1.9008622515855051,0.7558722262288775
2833,0.9455703077188534,0.30961350019406003,1.9008622515855051,0.8629881995138423
2834,1.3017856491794082,1.0896881812688113,1.89524437536382,0.755872230999318
2835,0.9528144449176821,0.3248448575595674,1.89524437536382,0.8629881998869459
2836,1.2872387818417823,1.0881346876579954,1.8903237898859726,0.7558722358697247
2837,0.959381019654127,0.34069274776215047,1.8903237898859726,0.8629882005801194
2838,1.2724795832057205,1.0858808074225144,1.8860990045589998,0.7558722408085551
2839,0.9652608847118812,0.35702291647882506,1.8860990045589998,0.8629882015662266
2840,1.2575555250428543,1.082930443239099,1.8825603598339289,0.7558722457862526
2841,0.9704459262915989,0.37371831337813605,1.8825603598339289,0.8629882028187402
2842,1.2425162489439165,1.079288726996898,1.8796904546737192,0.7558722507752463
2843,0.9749290478204857,0.3906769738470007,1.8796904546737192,0.8629882043118264
2844,1.2274135486129258,1.0749620299386677,1.8774647100749076,0.7558722557499431
2845,0.9787041563847473,0.40780992222119894,1.8774647100749076,0.8629882060204177
2846,1.212301333553877,1.0699579754553021,1.8758520545762878,0.7558722606867061
2847,0.9817661515162504,0.4250392424025574,1.8758520545762878,0.8629882079202734
2848,1.197235570007443,1.0642854546903993,1.8748157146041327,0.7558722655638314
2849,0.9841109161111334,0.44229637693852464,1.8748157146041327,0.862988209988037
2850,1.1822741945252029,1.0579546451433584,1.8743140901739725,0.7558722703615094
2851,0.9857353093001683,0.4496351504913029,1.8743140901739725,0.8629882122012836
2852,1.1674769951478823,1.050977032491901,1.8743016949607025,0.7558722750617858
2853,0.9866371611292788,0.43703936975441654,1.8743016949607025,0.8629882145385551
2854,1.1529054548253772,1.043365435887802,1.8747301390689457,0.755872279648514
2855,0.9868152689444756,0.4240620344765288,1.8747301390689457,0.8629882169793943
2856,1.1386225515343316,1.0351340370126547,1.8755491329364538,0.7558722841073016
2857,0.9862693954093077,0.4107150317456864,1.8755491329364538,0.8629882195043672
2858,1.1246925095786673,1.0262984132132469,1.8767074915921484,0.755872288425451
2859,0.9850002681153796,0.397010645110621,1.8767074915921484,0.8629882220950819
2860,1.1111804968734988,1.0168755750677212,1.8781541198426175,0.7558722925919004
2861,0.9830095807781801,0.38296155869463255,1.8781541198426175,0.8629882247341976
2862,1.0981522636919827,1.0068840087631241,1.8798389607343906,0.7558722965971546
2863,0.9802999960420281,0.3685808650339676,1.8798389607343906,0.8629882274054309
2864,1.0856737194748731,0.9963437236905387,1.8817138916883294,0.7558723004332208
2865,0.9768751499499284,0.35388207799340643,1.8817138916883294,0.862988230093555
2866,1.0738104459299362,0.9852763056835899,1.883733554889513,0.7558723040935325
2867,0.9727396581672255,0.3388791526515525,1.883733554889513,0.8629882327843938
2868,1.06262714682555,0.9737049763367679,1.8858561107210714,0.7558723075728814
2869,0.9678991240827076,0.3235865148441112,1.8858561107210714,0.8629882354648135
2870,1.0521870376145088,0.9616546588377136,1.888043905156974,0.7558723108673412
2871,0.9623601489479828,0.30801910424735657,1.888043905156974,0.8629882381227071
2872,1.042551181261673,0.9491520507271807,1.8902640440067695,0.7558723139741919
2873,0.9561303442562085,0.29219243670964967,1.8902640440067695,0.8629882407469761
2874,1.0337777802771482,0.9362257039549752,1.8924888686912924,0.7558723168918459
2875,0.9492183466054076,0.2761226943895954,1.8924888686912924,0.862988243327509
2876,1.0259214387838778,0.9229061125210132,1.8946963298040007,0.7558723196197717
2877,0.941633835340517,0.2598268568144487,1.8946963298040007,0.8629882458551563
2878,1.0190324122079801,0.909225807866519,1.8968702560812267,0.7558723221584179
2879,0.9333875533229239,0.24332289343858685,1.8968702560812267,0.8629882483217036
2880,1.0131558655413206,0.8952194619972191,1.899000517587123,0.7558723245091398
2881,0.9244913312376404,0.22663005087194402,1.899000517587123,0.8629882507198412
2882,1.0083311637210015,0.8809239980606883,1.9010830829497773,0.7558723266741258
2883,0.9149581159175831,0.20976928986313664,1.9010830829497773,0.8629882530431311
2884,1.0045912191353659,0.8663787077424169,1.9031199714068432,0.7558723286563245
2885,0.9048020032429833,0.1927639666544997,1.9031199714068432,0.8629882552859739
2886,1.0019619212901953,0.8516253743641621,1.905119101279752,0.7558723304593743
2887,0.8940382762631238,0.17564092758082747,1.905119101279752,0.8629882574435735
2888,1.0004616720491069,0.8367083999339666,1.9070940373433225,0.7558723320875345
2889,0.8826834492889034,0.15843233182691455,1.9070940373433225,0.8629882595119024
2890,1.0001010465496671,0.8216749335763269,1.9090636404375656,0.7558723335456183
2891,0.8707553188197168,0.1411788200390884,1.9090636404375656,0.862988261487658
2892,1.0008825950250932,0.8065749977274225,1.911051623619347,0.7558723348389286
2893,0.8582730222983527,0.12393531339331475,1.911051623619347,0.8629882633682302
2894,1.0028007946490292,0.7914616071782615,1.913086020202515,0.7558723359731943
2895,0.8452571058345105,0.10678230221303861,1.913086020202515,0.8629882651516609
2896,1.0058421536427138,0.7763908744570396,1.915198570202905,0.7558723369545124
2897,0.8317296022022238,0.08984950253617618,1.915198570202905,0.8629882668366032
2898,1.0099854628150386,0.7614220931417736,1.9174240329912453,0.7558723377892883
2899,0.8177141205995268,0.07336989968142196,1.9174240329912453,0.8629882684222853
2900,1.0152021830470743,0.7466177884888955,1.919799435347787,0.7558723384841834
2901,0.8032359498596204,0.057815124740746966,1.919799435347787,0.8629882699084678
2902,1.0214569515298222,0.7320437222937718,1.9223632655749454,0.7558723390460615
2903,0.7883221770194968,0.04425472319669141,1.9223632655749454,0.8629882712954093
2904,1.0287081852396438,0.7177688362626065,1.9251546258081127,0.7558723394819417
2905,0.7730018233797286,0.03515262444436426,1.9251546258081127,0.8629882725838245
2906,1.0369087574419837,0.7038651155490807,1.9282123561031828,0.7558723397989486
2907,0.7573060004192809,0.03430482767130829,1.9282123561031828,0.8629882737748498
2908,1.0460067220151457,0.6904073517749675,1.931574145191629,0.7558723400042744
2909,0.7412680881472107,0.042214110478042834,1.931574145191629,0.8629882748700037
2910,1.0559460609716804,0.6774727832189972,1.9352756438903473,0.7558723401051328
2911,0.7249239386558081,0.055219552179403227,1.9352756438903473,0.8629882758711543
2912,1.066667432476768,0.6651405894649752,1.9393495979409363,0.7558723401087264
2913,0.7083121077514958,0.07052551698311557,1.9393495979409363,0.8629882767804811
2914,1.0781088995842034,0.6534912193122361,1.9438250174430063,0.755872340022207
2915,0.6914741175274487,0.08688602501632382,1.9438250174430063,0.8629882776004436
2916,1.090206623460148,0.6426055349005811,1.948726399962248,0.7558723398526486
2917,0.6744547525276612,0.10375982019433422,1.948726399962248,0.8629882783337474
2918,1.1028955086847694,0.6325637624804195,1.9540730237809798,0.7558723396070149
2919,0.6573023916248626,0.12088524311509977,1.9540730237809798,0.8629882789833134
2920,1.116109792002816,0.6234442515506599,1.9598783265891202,0.7558723392921338
2921,0.6400693767384406,0.13811957476299505,1.9598783265891202,0.8629882795522477
2922,1.129783569396403,0.6153220592433325,1.9661493831929686,0.7558723389146738
2923,0.6228124178400571,0.1553758582750712,1.9661493831929686,0.8629882800438133
2924,1.1438512594139842,0.6082673952303281,1.972886493589618,0.7558723384811212
2925,0.605593031049804,0.172595692250442,1.972886493589618,0.8629882804614023
2926,1.1582480032192333,0.6023439825688539,1.9800828900934717,0.7558723379977641
2927,0.588478002648916,0.1897364339388595,1.9800828900934717,0.8629882808085092
2928,1.1729100037951012,0.5976074093719718,1.9877245692165184,0.7558723374706732
2929,0.5715398660777378,0.20676470477555542,1.9877245692165184,0.8629882810887081
2930,1.1877748081722086,0.5941035618430038,1.9957902508275962,0.7558723369056886
2931,0.5548573709372,0.22365287758935798,1.9957902508275962,0.862988281305629
2932,1.2027815374998003,0.5918672376603044,2.00425146389357,0.7558723363084077
2933,0.5385159121497555,0.24037707287266874,2.00425146389357,0.862988281462935
2934,1.2178710703131341,0.5909210370579937,2.0130727549848992,0.7558723356841764
2935,0.5226078733606282,0.25691596397964467,2.0130727549848992,0.8629882815643044
2936,1.232986184551975,0.5912746156766575,2.0222120128482226,0.7558723350380804
2937,0.5072328213149259,0.27325003777195567,2.0222120128482226,0.8629882816134108
2938,1.2480716638282836,0.592924358822796,2.0316208998282113,0.7558723343749371
2939,0.49249746797937266,0.28936112275189735,2.0316208998282113,0.862988281613905
2940,1.2630743731980707,0.5958535038731492,2.0412453788514973,0.7558723336992956
2941,0.47851529645930746,0.30523208014097536,2.0412453788514973,0.8629882815694003
2942,1.2779433093238994,0.6000327007254201,2.0510263231254355,0.7558723330154303
2943,0.465405729004232,0.3208465974316797,2.0510263231254355,0.862988281483457
2944,1.2926296294709612,0.6054209648570206,2.0609001946782763,0.755872332327342
2945,0.4532927067032184,0.3361890482046546,2.0609001946782763,0.8629882813595701
2946,1.3070866633004676,0.6119669487935145,2.07079977736625,0.7558723316387567
2947,0.4423025594455618,0.35124439585974937,2.07079977736625,0.8629882812011572
2948,1.321269910938941,0.6196104392297864,2.0806549499601292,0.7558723309531287
2949,0.43256108151414524,0.36599812708257623,2.0806549499601292,0.8629882810115476
2950,1.3351370303318506,0.6282839801814917,2.090393485339298,0.7558723302736429
2951,0.42418980181870963,0.38043620583061327,2.090393485339298,0.8629882807939732
2952,1.348647816448988,0.6379145266850217,2.099941862590406,0.7558723296032188
2953,0.4173015514548615,0.39454504171514476,2.099941862590406,0.8629882805515589
2954,1.3617641745054325,0.6484250463388381,2.1092260798473106,0.7558723289445155
2955,0.411995576394494,0.4083114686279437,2.1092260798473106,0.8629882802873177
2956,1.3744500890001603,0.659736004126652,2.1181724569350173,0.7558723282999386
2957,0.4083525947140217,0.42172273074701616,2.1181724569350173,0.8629882800041423
2958,1.3866715900554287,0.6626220533683647,2.1267084182127616,0.7558723276716451
2959,0.40643031546548525,0.4347664739097193,2.1267084182127616,0.8629882797048025
2960,1.3983967182630406,0.6635166317142236,2.134763247378711,0.7558723270615537
2961,0.4062599742535646,0.4474307409191028,2.134763247378711,0.862988279391939
2962,1.4095954890060516,0.665661015236512,2.142268807340786,0.7558723264713493
2963,0.4078443657401023,0.4597039697463044,2.142268807340786,0.862988279068061
2964,1.4202398570232089,0.6690353945993043,2.1491602195269457,0.7558723259024954
2965,0.41115766442001506,0.4715749938688391,2.1491602195269457,0.8629882787355447
2966,1.4303036818147763,0.6736090570668701,2.1553764981687875,0.7558723253562409
2967,0.41614706085650593,0.4830330441806313,2.1553764981687875,0.8629882783966301
2968,1.4397626943486501,0.6793412483219275,2.1608611361212264,0.7558723248336312
2969,0.4227359691699916,0.4940677520501459,2.1608611361212264,0.862988278053423
2970,1.4485944654111331,0.6861822641999807,2.1655626396653656,0.7558723243355169
2971,0.4308283539000265,0.5046691532049125,2.1655626396653656,0.8629882777078908
2972,1.4567783758539863,0.6940747036665941,2.1694350104774776,0.7558723238625639
2973,0.44031362628563786,0.51482769219555,2.1694350104774776,0.8629882773618679
2974,1.4642955889152167,0.7029548111033629,2.1724381735369995,0.7558723234152646
2975,0.45107157793943115,0.5245342272478962,2.1724381735369995,0.8629882770170536
2976,1.471129024732672,0.7127538395313479,2.1745383501986537,0.7558723229939475
2977,0.46297692561328524,0.5337800353534277,2.1745383501986537,0.8629882766750152
2978,1.47726333712437,0.7233993752827177,2.175708375979856,0.7558723225987881
2979,0.4759031893103152,0.5425568174796305,2.175708375979856,0.8629882763371903
2980,1.4826848926754,0.7348165768727588,2.17592796282827,0.7558723222298196
2981,0.4897257748641868,0.5371019601410641,2.17592796282827,0.8629882760048888
2982,1.487381752146285,0.7469292944372871,2.1751839057511853,0.7558723218869416
2983,0.5043242530144594,0.5206478106644495,2.1751839057511853,0.8629882756792974
2984,1.491343654200278,0.7596610493931484,2.1734702337239256,0.7558723215699322
2985,0.5195839084363916,0.5039530629323669,2.1734702337239256,0.8629882753614807
2986,1.494562001435768,0.7729358657366965,2.1707883047651273,0.7558723212784576
2987,0.5353966755134006,0.4870550063276632,2.1707883047651273,0.8629882750523887
2988,1.497029848703641,0.7866789539191741,2.1671468449883675,0.7558723210120827
2989,0.551661591196334,0.4699946435854262,2.1671468449883675,0.862988274752858
2990,1.498741893687032,0.8008172552883281,2.162561931328657,0.755872320770278
2991,0.5682848892827002,0.4528173167865244,2.162561931328657,0.8629882744636163
2992,1.4996944697215955,0.8152798597642206,2.15705691751508,0.7558723205524323
2993,0.5851798438907797,0.4355734663995288,2.15705691751508,0.86298827418529
2994,1.499885540837478,0.8299983120403917,2.150662302734464,0.7558723203578603
2995,0.6022664494011497,0.4183195491895568,2.150662302734464,0.8629882739184033
2996,1.499314699008904,0.8449068225867924,2.1434155423231673,0.7558723201858122
2997,0.6194710038314779,0.4011191427989916,2.1434155423231673,0.8629882736633893
2998,1.4979831636032044,0.8599423995117934,2.13536079975394,0.7558723200354809
2999,0.6367256446766872,0.3840442641503754,2.13536079975394,0.8629882734205898
3000,1.4958937830276078,0.8750449163122067,2.126548639172775,0.7558723199060112
3001,0.6539678715264176,0.36717692279564934,2.126548639172775,0.8629882731902634
3002,1.4930510385787636,0.890157129031167,2.1170356578086342,0.7558723197965085
3003,0.6711400783114467,0.3506109143705613,2.1170356578086342,0.8629882729725895
3004,1.4894610505062233,0.9052246546071991,2.106884057750167,0.7558723197060436
3005,0.688189109474573,0.3344538261688352,2.106884057750167,0.8629882727676734
3006,1.4851315863065009,0.9201959204157696,2.0961611568822307,0.7558723196336621
3007,0.7050658482011695,0.31882916583816745,2.0961611568822307,0.8629882725755502
3008,1.4800720712683069,0.935022093297768,2.0849388392254573,0.7558723195783897
3009,0.7217248405602745,0.3038784211823706,2.0849388392254573,0.8629882723961929
3010,1.474293601291511,0.9496569948100528,2.073292945547203,0.7558723195392396
3011,0.7381239565353472,0.2897626989305751,2.073292945547203,0.8629882722295134
3012,1.4678089580016316,0.9640570080577198,2.061302605931962,0.7558723195152172
3013,0.754224087082706,0.27666336522861223,2.061302605931962,0.8629882720753699
3014,1.4606326261773988,0.9781809802874762,2.0490495170281746,0.7558723195053264
3015,0.7699888752459204,0.26478083828013155,2.0490495170281746,0.862988271933571
3016,1.4527808135002793,0.9919901244313477,2.0366171679325222,0.7558723195085748
3017,0.7853844787500041,0.2543304386546973,2.0366171679325222,0.8629882718038796
3018,1.4442714726206534,1.005447921975321,2.0240900201269594,0.7558723195239777
3019,0.8003793612342707,0.2455341516956877,2.0240900201269594,0.8629882716860192
3020,1.435124325514346,1.0185200288687772,2.0115526485278123,0.7558723195505617
3021,0.8149441092382033,0.2386075583209846,2.0115526485278123,0.8629882715796762
3022,1.4253608900739478,1.0311741856664633,1.9990888525023371,0.755872319587371
3023,0.8290512721472262,0.2337422927228602,1.9990888525023371,0.8629882714845053
3024,1.4150045088399987,1.0433801326842689,1.9867807475979284,0.7558723196334693
3025,0.8426752224774484,0.23108616356759865,1.9867807475979284,0.8629882714001322
3026,1.4040803797256616,1.0551095306338552,1.9747078506332947,0.7558723196879429
3027,0.8557920340917515,0.23072493336043598,1.9747078506332947,0.8629882713261593
3028,1.3926155885226004,1.0663358869618318,1.9629461726192117,0.7558723197499032
3029,0.8683793761687542,0.23267055749334017,1.9629461726192117,0.8629882712621695
3030,1.3806391428927205,1.077034487941794,1.951567335591538,0.7558723198184918
3031,0.8804164209752253,0.23685947431571344,1.951567335591538,0.862988271207727
3032,1.3681820074472382,1.0871823364394164,1.9406377307219045,0.7558723198928787
3033,0.8918837637118281,0.24316149789786778,1.9406377307219045,0.8629882711623837
3034,1.355277139387886,1.089066470829936,1.9302177358899002,0.7558723199722673
3035,0.9027633529062878,0.25139652538180707,1.9302177358899002,0.8629882711256811
3036,1.3419595240313766,1.09023792573449,1.9203610111307474,0.7558723200558959
3037,0.913038430014662,0.2613543973252362,1.9203610111307474,0.8629882710971524
3038,1.328266209353814,1.0907053659154418,1.91111388991123,0.755872320143035
3039,0.9226934770596227,0.2728134933277051,1.91111388991123,0.8629882710763268
3040,1.3142363384728122,1.0904679868139837,1.9025148829644334,0.7558723202329947
3041,0.9317141712849252,0.2855553088629758,1.9025148829644334,0.8629882710627313
3042,1.2999111787282422,1.0895261969266856,1.8945943094063076,0.7558723203251196
3043,0.9400873459385823,0.29937415763818237,1.8945943094063076,0.8629882710558944
3044,1.2853341457248095,1.0878816185882048,1.8873740670933514,0.7558723204187943
3045,0.9478009564150821,0.31408248163230695,1.8873740670933514,0.862988271055345
3046,1.270550820359416,1.0855370910890871,1.880867550747124,0.7558723205134382
3047,0.9548440510908166,0.3295128511528962,1.880867550747124,0.8629882710606189
3048,1.2556089564733075,1.082496676167952,1.875079722409007,0.7558723206085107
3049,0.9612067462782955,0.3455177968425893,1.875079722409007,0.8629882710712573
3050,1.2405584763460316,1.0787656659470077,1.8700073344850303,0.7558723207035085
3051,0.9668802048052174,0.3619684083392838,1.8700073344850303,0.8629882710868109
3052,1.2254514507912895,1.0743505934098947,1.8656393012149428,0.7558723207979657
3053,0.9718566177954758,0.3787523588109416,1.8656393012149428,0.8629882711068381
3054,1.2103420601349937,1.0692592455514325,1.8619572100848325,0.7558723208914526
3055,0.9761291892920126,0.3957717708901583,1.8619572100848325,0.862988271130911
3056,1.195286531870531,1.0635006793600603,1.8589359607242595,0.7558723209835779
3057,0.9796921234172687,0.4129411592485061,1.8589359607242595,0.8629882711586123
3058,1.180343050320514,1.0570852408256362,1.8565445153860123,0.7558723210739832
3059,0.9825406138169205,0.43018556572439537,1.8565445153860123,0.8629882711895397
3060,1.165571633222582,1.0500245871977343,1.8547467423548842,0.7558723211623481
3061,0.9846708351775962,0.4474389304407739,1.8547467423548842,0.8629882712233043
3062,1.1510339698438377,1.0423317127525127,1.853502331672134,0.7558723212483839
3063,0.9860799366502153,0.4459195068361186,1.853502331672134,0.8629882712595319
3064,1.136793215070089,1.0340209783592673,1.8527677614355225,0.7558723213318351
3065,0.9867660370483013,0.43320871807311495,1.8527677614355225,0.8629882712978659
3066,1.122913733978419,1.0251081451704145,1.8524972926236531,0.7558723214124787
3067,0.9867282217258037,0.4201198784082141,1.8524972926236531,0.8629882713379649
3068,1.1094607917594161,1.015610412790071,1.8526439708293645,0.7558723214901207
3069,0.9859665410723187,0.40666499290791897,1.8526439708293645,0.862988271379506
3070,1.0965001845875413,1.0055464623053947,1.853160614362013,0.7558723215645973
3071,0.9844820105957659,0.39285646400057483,1.853160614362013,0.8629882714221808
3072,1.0840978082207908,0.9949365045898266,1.8540007697590786,0.7558723216357722
3073,0.9822766125941634,0.37870709658406176,1.8540007697590786,0.8629882714657013
3074,1.0723191628078048,0.9838023343059853,1.8551196176887248,0.7558723217035357
3075,0.9793532994497713,0.3642301072161634,1.8551196176887248,0.862988271509795
3076,1.0612287946304324,0.9721673900451833,1.8564748143842282,0.7558723217678028
3077,0.9757159986111293,0.3494391388805132,1.8564748143842282,0.8629882715542072
3078,1.0508896783111668,0.9600568210362164,1.8580272559989985,0.7558723218285127
3079,0.9713696193620318,0.3343482834259985,1.8580272559989985,0.8629882715987016
3080,1.0413625463112464,0.9474975608328163,1.859741755498826,0.7558723218856264
3081,0.9663200615118966,0.3189721146739239,1.859741755498826,0.8629882716430568
3082,1.0327051762115524,0.9345184083399161,1.8615876238333073,0.7558723219391251
3083,0.9605742261800012,0.3033257365395536,1.8615876238333073,0.8629882716870702
3084,1.024971650103458,0.9211501164545619,1.863539149095774,0.7558723219890099
3085,0.9541400288873825,0.28742485259505046,1.863539149095774,0.8629882717305566
3086,1.018211604144307,0.9074254884663957,1.8655759691617362,0.7558723220352999
3087,0.9470264152156899,0.27128586677093214,1.8655759691617362,0.8629882717733462
3088,1.0124694896150914,0.8933794821705849,1.8676833348849686,0.7558723220780305
3089,0.9392433793427708,0.2549260301567211,1.8676833348849686,0.8629882718152848
3090,1.0077838692863617,0.8790493213749805,1.8698522623428329,0.7558723221172514
3091,0.930801985821301,0.23836365755955538,1.8698522623428329,0.8629882718562342
3092,1.0041867741920514,0.86447461411119,1.8720795738884173,0.7558723221530275
3093,0.9217143950303907,0.22161845228074936,1.8720795738884173,0.8629882718960713
3094,1.001703145730251,0.8496974763601552,1.8743678289268988,0.7558723221854347
3095,0.9119938928020365,0.20471200359812788,1.8743678289268988,0.862988271934687
3096,1.0003503861696292,0.8347626594463551,1.8767251464327814,0.7558723222145606
3097,0.901654924805857,0.18766856893808004,1.8767251464327814,0.862988271971987
3098,1.0001380371137634,0.8197176784070203,1.8791649223094984,0.7558723222405026
3099,0.8907131363681818,0.17051634310990965,1.8791649223094984,0.8629882720078902
3100,1.0010676004212191,0.8046129375675986,1.8817054458054445,0.7558723222633673
3101,0.8791854185067827,0.15328959743128556,1.8817054458054445,0.8629882720423266
3102,1.0031325098378454,0.7895018482166652,1.8843694203752006,0.7558723222832667
3103,0.867089961081903,0.13603245218258866,1.8843694203752006,0.8629882720752404
3104,1.0063182546609948,0.7744409316425609,1.8871833956341884,0.7558723223003224
3105,0.854446314099294,0.11880590087216679,1.8871833956341884,0.8629882721065881
3106,1.010602649706239,0.7594898988533899,1.890177118407521,0.7558723223146574
3107,0.8412754583530685,0.10170176929846003,1.890177118407521,0.8629882721363337
3108,1.0159562392834998,0.744711696059005,1.893382812310584,0.7558723223264026
3109,0.8275998867663243,0.08487269364894423,1.893382812310584,0.8629882721644538
3110,1.0223428173450322,0.7301725024952901,1.8968343967928527,0.7558723223356907
3111,0.8134436979759769,0.0686025222426508,1.8968343967928527,0.8629882721909349
3112,1.0297200418447494,0.7159416645239021,1.9005666580819316,0.7558723223426562
3113,0.7988327039141888,0.05348706629190937,1.9005666580819316,0.8629882722157712
3114,1.0380401188748585,0.7020915473340458,1.9046143859186855,0.7558723223474352
3115,0.7837945533594131,0.040909333000150594,1.9046143859186855,0.8629882722389648
3116,1.0472505313622145,0.6886972833036284,1.9090114912989011,0.7558723223501659
3117,0.7683588736596675,0.03389132371903371,1.9090114912989011,0.8629882722605275
3118,1.0572947878824617,0.6758363945698621,1.9137901215444044,0.7558723223509866
3119,0.7525574330590381,0.035886842705942994,1.9137901215444044,0.8629882722804771
3120,1.0681131692218366,0.6635882671737577,1.9189797898253091,0.7558723223500339
3121,0.7364243262687844,0.04572540468036693,1.9189797898253091,0.862988272298837
3122,1.079643453340392,0.6520334559554939,1.9246065366571494,0.7558723223474416
3123,0.7199961860903678,0.059620692478017816,1.9246065366571494,0.8629882723156364
3124,1.091821602994534,0.6412528039222471,1.930692140826061,0.7558723223433431
3125,0.7033124239790017,0.07532687268350498,1.930692140826061,0.8629882723309128
3126,1.1045824041077894,0.6313263677630486,1.9372533965963301,0.7558723223378712
3127,0.686415502373224,0.09187958450651708,1.9372533965963301,0.8629882723447052
3128,1.1178600467353998,0.6223321529877661,1.9443014728995638,0.7558723223311542
3129,0.6693512413218099,0.10884857021736478,1.9443014728995638,0.8629882723570569
3130,1.1315886439208065,0.6143446777965341,1.9518413684987452,0.7558723223233174
3131,0.6521691612908298,0.12601811573682398,1.9518413684987452,0.8629882723680153
3132,1.1457026867374835,0.6074334035131906,1.9598714749046078,0.755872322314483
3133,0.6349228628592406,0.14326645213614314,1.9598714749046078,0.8629882723776326
3134,1.1601374362672332,0.6016610896254376,1.9683832561725287,0.7558723223047678
3135,0.6176704420780008,0.16051709193496697,1.9683832561725287,0.8629882723859627
3136,1.1748292551658195,0.5970821506376529,1.9773610517329236,0.7558723222942852
3137,0.6004749372677478,0.17771729147912416,1.9773610517329236,0.8629882723930609
3138,1.1897158828342789,0.5937411068484081,1.986782005237987,0.7558723222831439
3139,0.5834047985727271,0.19482767425476627,1.986782005237987,0.8629882723989839
3140,1.2047366591053632,0.5916712284455343,1.9966161191873948,0.7558723222714482
3141,0.5665343652029927,0.21181685709686027,1.9966161191873948,0.8629882724037907
3142,1.219832701842272,0.5908934692106766,2.0068264319722955,0.7558723222592967
3143,0.549944326459983,0.22865849411855454,2.0068264319722955,0.8629882724075408
3144,1.234947044009953,0.5914157713306825,2.017369311088628,0.7558723222467836
3145,0.5337221308520023,0.24532956663823108,2.017369311088628,0.8629882724102943
3146,1.2500247356946232,0.5932327970809587,2.0281948537359966,0.7558723222339966
3147,0.5179622925381839,0.2618093514171664,2.0281948537359966,0.862988272412115
3148,1.2650129162845596,0.5963261094464674,2.0392473839282315,0.7558723222210196
3149,0.5027665261004549,0.2780787758980628,2.0392473839282315,0.8629882724130628
3150,1.27986086164437,0.600664786793619,2.050466033655125,0.7558723222079315
3151,0.4882436201854346,0.2941200033481268,2.050466033655125,0.8629882724131976
3152,1.2945200106647494,0.6062064219545956,2.0617853945763844,0.7558723221948042
3153,0.47450894023484186,0.3099161594539021,2.0617853945763844,0.8629882724125802
3154,1.308943975088319,0.6128984284864449,2.0731362261909605,0.7558723221817067
3155,0.46168343471274365,0.32545114864961683,2.0731362261909605,0.8629882724112682
3156,1.323088536027888,0.6206795597906124,2.084446206371505,0.7558723221687008
3157,0.4498920148131463,0.34070952891753414,2.084446206371505,0.8629882724093194
3158,1.3369116301264734,0.6294815414230548,2.0956407105265824,0.7558723221558441
3159,0.4392611938201254,0.355676425598717,2.0956407105265824,0.8629882724067903
3160,1.3503733278718435,0.6392307223478528,2.1066436063790617,0.755872322143189
3161,0.4299159192848912,0.3703374717754868,2.1066436063790617,0.8629882724037368
3162,1.363435806180071,0.6498496645525588,2.1173780523463925,0.7558723221307837
3163,0.4219756168475071,0.38467876708523946,2.1173780523463925,0.8629882724002117
3164,1.3760633170063383,0.6612586090374732,2.1277672886945673,0.7558723221186721
3165,0.4155495891691781,0.39868684952324485,2.1277672886945673,0.8629882723962671
3166,1.3882221534278392,0.6626671708318249,2.137735411933832,0.7558723221068937
3167,0.4107320638924829,0.41234867652444024,2.137735411933832,0.8629882723919534
3168,1.3998806143718863,0.6637246870598785,2.1472081242603607,0.7558723220954824
3169,0.40759733079039223,0.4256516127498618,2.1472081242603607,0.8629882723873185
3170,1.4110089689296865,0.666030076395736,2.156113451164654,0.7558723220844678
3171,0.40619550680241584,0.43858342276197265,2.156113451164654,0.8629882723824083
3172,1.4215794209994228,0.669562075266577,2.1643824215772836,0.7558723220738749
3173,0.40654947431247374,0.4511322672887386,2.1643824215772836,0.8629882723772672
3174,1.4315660748376076,0.6742886133865603,2.1719497060707926,0.7558723220637247
3175,0.4086534274979787,0.46328670213235473,2.1719497060707926,0.8629882723719371
3176,1.4409449019613927,0.6801677089919179,2.178754209659922,0.7558723220540347
3177,0.4124732444877159,0.4750356790280295,2.178754209659922,0.8629882723664573
3178,1.4496937097330131,0.687148585525165,2.184739616627742,0.7558723220448188
3179,0.4179486289083238,0.4863685479354894,2.184739616627742,0.8629882723608657
3180,1.4577921118673658,0.6951729402538223,2.1898548855482316,0.7558723220360878
3181,0.4249967052491845,0.4972750603733841,2.1898548855482316,0.8629882723551976
3182,1.4652215010317686,0.7041762929913884,2.1940546932785865,0.7558723220278483
3183,0.4335165743673083,0.5077453734996328,2.1940546932785865,0.8629882723494862
3184,1.47196502365042,0.7140893474408724,2.19729982716428,0.7558723220201056
3185,0.4433942731240489,0.5177700547091023,2.19729982716428,0.8629882723437615
3186,1.4780075569824755,0.7248393071144249,2.1995575250472035,0.7558723220128634
3187,0.4545076303700489,0.5273400865708808,2.1995575250472035,0.862988272338053
3188,1.483335688509862,0.73635110031067,2.2008017629050363,0.755872322006121
3189,0.4667306349124001,0.5364468719656421,2.2008017629050363,0.8629882723323866
3190,1.487937697647065,0.7485484822891922,2.2010134900920595,0.7558723219998744
3191,0.4799370836920393,0.5450822393125968,2.2010134900920595,0.862988272326786
3192,1.4918035397685765,0.761354995932513,2.2001808122124693,0.7558723219941178
3193,0.4940034211020297,0.5322223011882656,2.2001808122124693,0.8629882723212743
3194,1.4949248325391067,0.7746947836819744,2.1982991216509356,0.7558723219888437
3195,0.5088107900246915,0.515692697872152,2.1982991216509356,0.8629882723158707
3196,1.4972948445258747,0.7884932527419636,2.195371175725862,0.7558723219840423
3197,0.524246384659402,0.4989332605886852,2.195371175725862,0.8629882723105942
3198,1.498908486070363,0.8026776022778884,2.1914071223321314,0.7558723219797022
3199,0.5402042286259185,0.4819823275531459,2.1914071223321314,0.8629882723054602
3200,1.4997623023979334,0.8171772257241353,2.1864244728156246,0.7558723219758114
3201,0.5565855084938709,0.4648821245070109,2.1864244728156246,0.8629882723004827
3202,1.4998544689470117,0.8319240037041875,2.1804480216852054,0.7558723219723554
3203,0.5732985828879559,0.44767942785947223,2.1804480216852054,0.8629882722956749
3204,1.4991847889044831,0.8468525038699553,2.1735097126331513,0.7558723219693188
3205,0.5902587690106331,0.430426368283456,2.1735097126331513,0.8629882722910466
3206,1.497754692939931,0.8619001036221201,2.165648450217162,0.7558723219666859
3207,0.607387987647772,0.413181401344053,2.165648450217162,0.862988272286608
3208,1.495567241137913,0.8770070505655765,2.1569098564720997,0.7558723219644399
3209,0.6246143279681678,0.39601047314141763,2.1569098564720997,0.8629882722823649
3210,1.4926271271340885,0.8921164740027138,2.1473459716850827,0.7558723219625634
3211,0.6418715764096324,0.3789884070479954,2.1473459716850827,0.8629882722783241
3212,1.4889406844671755,0.9071743590160242,2.137014898602535,0.7558723219610382
3213,0.659098740215908,0.36220052921163315,2.137014898602535,0.8629882722744902
3214,1.4845158951639796,0.9221294929135692,2.1259803894631766,0.7558723219598453
3215,0.6762395856422567,0.3457445303092347,2.1259803894631766,0.862988272270863
3216,1.479362400578459,0.9369333921199599,2.1143113754887053,0.755872321958969
3217,0.6932422030615661,0.3297325208680419,2.1143113754887053,0.8629882722674448
3218,1.473491514507455,0.9515402160586115,2.1020814388370126,0.7558723219583903
3219,0.7100586056546312,0.3142931655375918,2.1020814388370126,0.8629882722642359
3220,1.4669162386045556,0.9659066732206992,2.0893682275536496,0.7558723219580906
3221,0.7266443645501932,0.29957366312985917,2.0893682275536496,0.8629882722612373
3222,1.4596512801087778,0.9799919234611745,2.07625281476664,0.7558723219580508
3223,0.7429582807520585,0.28574115987403376,2.07625281476664,0.862988272258447
3224,1.4517130718954574,0.9937574795958131,2.062819004274473,0.7558723219582516
3225,0.7589620925953698,0.27298294041824905,2.062819004274473,0.862988272255863
3226,1.4431197948417192,1.0071671105800335,2.049152585787633,0.7558723219586745
3227,0.7746202165357254,0.26150446558625684,2.049152585787633,0.8629882722534834
3228,1.4338914024769436,1.0201867479101672,2.0353405444015,0.7558723219593002
3229,0.7898995185866297,0.2515241165947397,2.0353405444015,0.8629882722513041
3230,1.424049647858157,1.032784396379663,2.0214702303913143,0.7558723219601116
3231,0.8047691135321648,0.24326355949985748,2.0214702303913143,0.8629882722493202
3232,1.4136181125694738,1.0449300499255223,2.0076284971010447,0.7558723219610903
3233,0.8192001890455163,0.23693323445947714,2.0076284971010447,0.8629882722475275
3234,1.4026222376915363,1.056595612994936,1.9939008165015317,0.7558723219622192
3235,0.8331658519653082,0.2327138018938448,1.9939008165015317,0.8629882722459205
3236,1.3910893565189109,1.0677548276315978,1.9803703838530924,0.7558723219634818
3237,0.8466409941694858,0.2307362721779011,1.9803703838530924,0.8629882722444927
3238,1.3790487287179112,1.078383206310833,1.967117224736865,0.7558723219648619
3239,0.8596021757066667,0.23106522042033315,1.967117224736865,0.8629882722432385
3240,1.3665315755112748,1.087475728653653,1.9542173194114012,0.7558723219663436
3241,0.8720275230753486,0.23368975878410128,1.9542173194114012,0.86298827224215
3242,1.3535711153461567,1.0892582200892933,1.9417417608853347,0.7558723219679125
3243,0.8838966407682761,0.2385250939354042,1.9417417608853347,0.8629882722412213
3244,1.3402025993444378,1.0903383851744006,1.9297559641440964,0.7558723219695541
3245,0.895190534414485,0.24542416705925116,1.9297559641440964,0.8629882722404443
3246,1.3264633456456503,1.090714362570966,1.9183189445009614,0.7558723219712553
3247,0.9058915440506653,0.25419581717649387,1.9183189445009614,0.8629882722398119
3248,1.3123927715291546,1.090385505206935,1.9074826829454687,0.7558723219730027
3249,0.9159832862346123,0.2646246679683954,1.9074826829454687,0.8629882722393161
3250,1.2980324219401955,1.0893523790359878,1.8972915955467538,0.7558723219747846
3251,0.9254506038763274,0.27648872203662517,1.8972915955467538,0.8629882722389497
3252,1.2834259927413196,1.087616764122156,1.8877821223849696,0.7558723219765896
3253,0.9342795228074203,0.2895724984524692,1.8877821223849696,0.8629882722387044
3254,1.2686193466647644,1.0851816580629559,1.8789824491288354,0.755872321978407
3255,0.942457214238028,0.3036753343133182,1.8789824491288354,0.8629882722385729
3256,1.2536605195531143,1.0820512817941834,1.8709123713046256,0.755872321980227
3257,0.9499719623639378,0.31861558386494665,1.8709123713046256,0.8629882722385473
3258,1.2385997140476592,1.0782310878491757,1.86358330762113,0.7558723219820405
3259,0.956813136486578,0.33423185893855556,1.86358330762113,0.8629882722386191
3260,1.2234892774232642,1.0737277711754796,1.8569984645874835,0.7558723219838386
3261,0.9629711670965272,0.35038240774260176,1.8569984645874835,0.8629882722387818
3262,1.2083836597869324,1.0685492826425191,1.8511531502879346,0.7558723219856138
3263,0.9684375254487214,0.36694348545446187,1.8511531502879346,0.8629882722390274
3264,1.1933393483728723,1.0627048454051486,1.8460352307858137,0.7558723219873593
3265,0.9732047062259777,0.3838072974220925,1.8460352307858137,0.8629882722393485
3266,1.1784147732060164,1.0562049743199395,1.8416257184493992,0.7558723219890683
3267,0.9772662129480733,0.40087986980860185,1.8416257184493992,0.8629882722397384
3268,1.1636701790042787,1.0490614986435984,1.8378994777407498,0.7558723219907347
3269,0.9806165458376003,0.4180790415042853,1.8378994777407498,0.8629882722401891
3270,1.149167457893538,1.041287588275874,1.8348260308667175,0.7558723219923538
3271,0.9832511919021758,0.43533266741635684,1.8348260308667175,0.8629882722406951
3272,1.1349699373756217,1.0328977838423474,1.83237044329221,0.7558723219939216
3273,0.9851666170363025,0.4525770617521004,1.83237044329221,0.8629882722412491
3274,1.1211421180859116,1.023908030945012,1.830494267534934,0.7558723219954335
3275,0.9863602599860727,0.4421691846452311,1.830494267534934,0.8629882722418455
3276,1.1077493562791108,1.0143357189397424,1.8291565229139781,0.7558723219968863
3277,0.9868305280567892,0.4293444217194494,1.8291565229139781,0.8629882722424778
3278,1.0948574867681802,1.0041997246283305,1.828314688971735,0.7558723219982775
3279,0.98657679447815,0.41614514660623436,1.828314688971735,0.8629882722431402
3280,1.0825323832876959,0.9935204612770525,1.827925691043232,0.7558723219996042
3281,0.985599397374573,0.4025834825335531,1.827925691043232,0.8629882722438279
3282,1.0708394550201354,0.9823199333913316,1.827946857789005,0.7558723220008653
3283,0.983899640320172,0.388671951257668,1.827946857789005,0.8629882722445354
3284,1.059843080346159,0.9706217976837627,1.8283368322979092,0.7558723220020588
3285,0.9814797944894256,0.37442347925965214,1.8283368322979092,0.8629882722452575
3286,1.049605981750135,0.9584514306663348,1.8290564204608535,0.755872322003183
3287,0.9783431024463362,0.3598514084192502,1.8290564204608535,0.8629882722459901
3288,1.0401885491651883,0.9458360032714931,1.8300693625789992,0.7558723220042362
3289,0.9744937836474381,0.34496951281582333,1.8300693625789992,0.8629882722467284
3290,1.031648122743308,0.9328045628534379,1.8313430164816238,0.7558723220052173
3291,0.9699370417680306,0.3297920239851525,1.8313430164816238,0.862988272247469
3292,1.0240382498742064,0.9193881228314191,1.832848942694761,0.755872322006127
3293,0.9646790739971272,0.3143336679722613,1.832848942694761,0.8629882722482075
3294,1.017407934966522,0.905619760098815,1.8345633843540847,0.7558723220069663
3295,0.9587270824855315,0.29860971905482747,1.8345633843540847,0.8629882722489409
3296,1.0118009037032805,0.8915347201205814,1.8364676365541757,0.7558723220077362
3297,0.952089288173935,0.28263607738696234,1.8364676365541757,0.8629882722496661
3298,1.007254905819116,0.8771705293587613,1.8385483016564874,0.7558723220084377
3299,0.9447749472748099,0.2664293815722222,1.8385483016564874,0.8629882722503797
3300,1.0038010815640361,0.8625671142787505,1.8407974287470739,0.7558723220090726
3301,0.9367943707340636,0.2500071732712582,1.8407974287470739,0.8629882722510799
3302,1.0014634166299328,0.8477669256712671,1.8432125369662498,0.755872322009643
3303,0.9281589470569376,0.23338814110912598,1.8432125369662498,0.8629882722517641
3304,1.0002583082545635,0.8328150663456761,1.8457965238611374,0.7558723220101506
3305,0.9188811689486147,0.21659248859881983,1.8457965238611374,0.8629882722524295
3306,1.000194261480008,0.8177594193751265,1.8485574612796067,0.7558723220105974
3307,0.9089746642946537,0.19964250181213547,1.8485574612796067,0.862988272253075
3308,1.0012717293112106,0.8026507729666313,1.8515082826717968,0.7558723220109863
3309,0.8984542320910897,0.18256344980604317,1.8515082826717968,0.8629882722536987
3310,1.0034831041581955,0.787542936654666,1.8546663670298988,0.7558723220113188
3311,0.887335884030263,0.16538506130989158,1.8546663670298988,0.8629882722542994
3312,1.0068128609601459,0.7724928418463181,1.8580530261052786,0.7558723220115979
3313,0.875636892557707,0.14814404524649702,1.8580530261052786,0.8629882722548756
3314,1.0112378453702704,0.7575606177650248,1.8616929030081824,0.7558723220118263
3315,0.8633758463393232,0.130888603792726,1.8616929030081824,0.8629882722554265
3316,1.0167276939210526,0.7428096315601015,1.8656132918165327,0.7558723220120062
3317,0.8505727142180668,0.11368698999574338,1.8656132918165327,0.8629882722559512
3318,1.0232453677102111,0.7283064788240831,1.869843389375681,0.7558723220121407
3319,0.8372489188967812,0.09664488847330846,1.869843389375681,0.8629882722564493
3320,1.0307477772299396,0.7141209081052883,1.8744134920203204,0.7558723220122328
3321,0.8234274217594304,0.07994370972689235,1.8744134920203204,0.8629882722569205
3322,1.0391864737094614,0.700325660420896,1.8793541514348493,0.7558723220122842
3323,0.8091328204368449,0.06393306100059089,1.8793541514348493,0.8629882722573641
3324,1.0485083817704062,0.6869962025786425,1.8846953052156812,0.7558723220122984
3325,0.7943914609338142,0.04937297041279737,1.8846953052156812,0.8629882722577801
3326,1.0586565491555369,0.6742103317450919,1.8904653988236815,0.7558723220122776
3327,0.7792315663584394,0.038047155056698895,1.8904653988236815,0.8629882722581689
3328,1.0695708915072621,0.6620476287319393,1.8966905164278478,0.755872322012225
3329,0.7636833845252039,0.03347567942943762,1.8966905164278478,0.8629882722585298
3330,1.0811889132926031,0.6505887395973249,1.9033935385561527,0.7558723220121425
3331,0.7477793569283622,0.03818311782984022,1.9033935385561527,0.862988272258864
3332,1.0934463896239761,0.6399144701109118,1.9105933444112189,0.7558723220120339
3333,0.7315543117826697,0.04958207896729064,1.9105933444112189,0.8629882722591717
3334,1.1062779975621508,0.6301046860666346,1.918304076122011,0.7558723220119008
3335,0.7150456839741438,0.06417463214602812,1.918304076122011,0.8629882722594534
3336,1.1196178892162956,0.6212370247402169,1.926534481060195,0.7558723220117454
3337,0.6982937648090766,0.08020030738696197,1.926534481060195,0.8629882722597092
3338,1.1334002023561678,0.6133854388785612,1.9352873466562313,0.755872322011571
3339,0.6813419843280257,0.09690886105737034,1.9352873466562313,0.8629882722599402
3340,1.147559507180241,0.6066186136390219,1.9445590399463273,0.7558723220113793
3341,0.6642372285665179,0.1139545716576073,1.9445590399463273,0.8629882722601465
3342,1.162031190268808,0.6009983171307668,1.9543391614428232,0.7558723220111727
3343,0.6470301933593059,0.13115770647360184,1.9543391614428232,0.8629882722603303
3344,1.1767517785795483,0.5965777640122653,1.9646103199540492,0.7558723220109533
3345,0.6297757749118116,0.14841337901220686,1.9646103199540492,0.8629882722604906
3346,1.191659207645019,0.5934000857009368,1.975348031815428,0.7558723220107231
3347,0.6125334951467664,0.16565374989453124,1.975348031815428,0.8629882722606297
3348,1.2066930389659554,0.5914970068172148,1.9865207447754458,0.7558723220104836
3349,0.5953679564442308,0.18283084746395248,1.9865207447754458,0.8629882722607486
3350,1.221794632035361,0.5908878229013672,1.9980899836542738,0.7558723220102374
3351,0.5783493154132568,0.1999080993999512,1.9980899836542738,0.8629882722608467
3352,1.236907276555096,0.5915787581363222,2.01001061199655,0.7558723220099859
3353,0.5615537582724405,0.21685586234886012,2.01001061199655,0.8629882722609269
3354,1.2519762902952176,0.5935627548312541,2.022231201391047,0.7558723220097309
3355,0.5450639507477646,0.233648923210167,2.022231201391047,0.8629882722609885
3356,1.2669490877652052,0.5968197120052863,2.0346944980195047,0.7558723220094735
3357,0.5289694226503711,0.2502650342288209,2.0346944980195047,0.862988272261034
3358,1.2817752244738576,0.6013171534340929,2.047337974383645,0.7558723220092161
3359,0.5133668312429881,0.26668401924341933,2.047337974383645,0.8629882722610633
3360,1.2964064210984487,0.6070112714436339,2.0600944530683862,0.7558723220089587
3361,0.4983600284518335,0.28288720995643185,2.0600944530683862,0.8629882722610781
3362,1.3107965714005372,0.6138482663544188,2.072892788823658,0.755872322008703
3363,0.4840598362372472,0.2988570804224144,2.072892788823658,0.8629882722610793
3364,1.3249017372428444,0.6217658859051114,2.085658595152043,0.7558723220084509
3365,0.4705834148935881,0.31457700466332866,2.085658595152043,0.862988272261068
3366,1.338680133597934,0.6306950651220528,2.098315001917861,0.7558723220082029
3367,0.45805309579732895,0.33003109304882733,2.098315001917861,0.8629882722610446
3368,1.352092106007486,0.6405615737622099,2.1107834311734504,0.7558723220079595
3369,0.4465945507940305,0.3452040803798558,2.1107834311734504,0.8629882722610107
3370,1.3651001025580014,0.65128759295614,2.122984379350455,0.7558723220077218
3371,0.4363341947464378,0.36008124869060953,2.122984379350455,0.8629882722609671
3372,1.3776686420880824,0.662770305697886,2.134838195106756,0.7558723220074907
3373,0.42739577569437925,0.37464837383338756,2.134838195106756,0.8629882722609149
3374,1.3897642800345633,0.6627334964286388,2.1462658433760997,0.7558723220072668
3375,0.41989620483378887,0.38889168864244683,2.1462658433760997,0.8629882722608542
3376,1.401355573058254,0.6639537841261695,2.15718964746829,0.7558723220070509
3377,0.4139408129765078,0.40279785783164546,2.15718964746829,0.8629882722607872
3378,1.4124130433622677,0.6664198200161068,2.1675340023546874,0.755872322006843
3379,0.4096183732457783,0.41635396130489194,2.1675340023546874,0.8629882722607134
3380,1.4229091434234593,0.6701088966936295,2.1772260534999908,0.755872322006644
3381,0.406996366691647,0.4295474835633977,2.1772260534999908,0.8629882722606345
3382,1.4328182216967325,0.6749876014887287,2.186196336732587,0.7558723220064542
3383,0.40611704281738314,0.44236630756864903,2.186196336732587,0.8629882722605509
3384,1.4421164897190923,0.6810127441012609,2.194379375658806,0.7558723220062735
3385,0.40699479998586946,0.454798711880967,2.194379375658806,0.8629882722604632
3386,1.450781990931796,0.68813249705345,2.2017142340082287,0.7558723220061022
3387,0.4096152653844557,0.4668333702132768,2.2017142340082287,0.8629882722603726
3388,1.458794571451282,0.6962876787305395,2.208145021042802,0.7558723220059402
3389,0.4139362134398241,0.478459352764714,2.208145021042802,0.8629882722602796
3390,1.466135852949782,0.7054131073928654,2.2136213487737124,0.7558723220057884
3391,0.4198901840334241,0.48966612885916433,2.2136213487737124,0.8629882722601847
3392,1.4727892077517921,0.7154389596573235,2.2180987402133914,0.7558723220056462
3393,0.4273884210178389,0.5004435705297023,2.2180987402133914,0.8629882722600883
3394,1.4787397362104895,0.7262920768966628,2.2215389882554617,0.7558723220055141
3395,0.43632560614239335,0.5107819567745447,2.2215389882554617,0.8629882722599915
3396,1.4839742463966583,0.7378971757861942,2.223910465034938,0.7558723220053915
3397,0.44658483637057705,0.5206719782726622,2.223910465034938,0.8629882722598946
3398,1.4884812361098205,0.750177932902547,2.225188381787394,0.7558723220052783
3399,0.4580423678033567,0.5301047423938554,2.225188381787394,0.8629882722597978
3400,1.4922508772055807,0.7630579262688474,2.2253549993123727,0.7558723220051744
3401,0.4705717863176846,0.5390717783732779,2.2253549993123727,0.8629882722597015
3402,1.495275002223284,0.7764614279651019,2.2243997891658966,0.7558723220050799
3403,0.484047418126201,0.5436663039345568,2.2243997891658966,0.8629882722596066
3404,1.4975470932928592,0.790314050811535,2.2223195456720384,0.7558723220049943
3405,0.4983469279456865,0.5273190716629003,2.2223195456720384,0.8629882722595137
3406,1.4990622732982046,0.8045432585466895,2.219118448765982,0.7558723220049178
3407,0.5133531502544724,0.5107171238354556,2.219118448765982,0.862988272259422
3408,1.4998172992758365,0.8190787530308807,2.2148080775722034,0.7558723220048496
3409,0.5289552570811937,0.4938964028253185,2.2148080775722034,0.8629882722593325
3410,1.499810558031067,0.833852754161583,2.2094073744924434,0.755872322004789
3411,0.5450493901245638,0.4768963441359753,2.2094073744924434,0.8629882722592459
3412,1.4990420639590782,0.8488001888191036,2.2029425594401943,0.7558723220047372
3413,0.5615388856921812,0.4597604553303503,2.2029425594401943,0.862988272259162
3414,1.4975134590643586,0.8638588046961143,2.1954469937229066,0.7558723220046927
3415,0.5783342077034137,0.44253701843199117,2.1954469937229066,0.8629882722590804
3416,1.4952280151785668,0.8789692236828818,2.186960992952434,0.7558723220046552
3417,0.5953526844616657,0.4252799404479933,2.186960992952434,0.8629882722590023
3418,1.4921906383834598,0.8940749478905916,2.1775315882717226,0.7558723220046248
3419,0.6125181241572689,0.40804977922672675,2.1775315882717226,0.8629882722589269
3420,1.4884078756516264,0.9091223296320147,2.1672122351363217,0.755872322004601
3421,0.6297603650080539,0.39091497252442103,2.1672122351363217,0.8629882722588553
3422,1.4838879237228322,0.9240605149068435,2.156062468899585,0.7558723220045834
3423,0.6470147998878086,0.3739532947252525,2.156062468899585,0.862988272258787
3424,1.4786406402373067,0.9388413682651799,2.1441475065387747,0.7558723220045719
3425,0.6642219025441805,0.3572535544062425,2.1441475065387747,0.8629882722587225
3426,1.4726775571486084,0.9534193854087539,2.1315377940456393,0.7558723220045653
3427,0.6813267728361604,0.34091752080556287,2.1315377940456393,0.8629882722586614
3428,1.4660118964371451,0.9677515985643705,2.118308499310729,0.7558723220045641
3429,0.6982787113581884,0.32506201901213216,2.118308499310729,0.8629882722586035
3430,1.4586585881401135,0.9817974785341149,2.1045389507772487,0.7558723220045673
3431,0.7150308288363671,0.3098210494946935,2.1045389507772487,0.8629882722585496
3432,1.450634290703631,0.9955188363839513,2.090312022748493,0.7558723220045747
3433,0.7315396922912145,0.2953476521466626,2.090312022748493,0.8629882722584997
3434,1.4419574136470146,1.0088797269601728,2.0757134690212053,0.7558723220045862
3435,0.7477650077448932,0.2818150360129023,2.0757134690212053,0.8629882722584526
3436,1.4326481425061859,1.0218463558014343,2.060831207499099,0.7558723220046017
3437,0.763669337876994,0.26941623765093636,2.060831207499099,0.8629882722584095
3438,1.4227284659914445,1.0343869905214493,2.045754559622495,0.75587232200462
3439,0.7792178522476471,0.2583613009001355,2.045754559622495,0.8629882722583694
3440,1.4122222052525994,1.046471877353222,2.0305734498274157,0.7558723220046413
3441,0.7943781073214401,0.24887081474301023,2.0305734498274157,0.8629882722583331
3442,1.401155045089454,1.0580731632509697,2.0153775718026266,0.7558723220046649
3443,0.8091198534039443,0.24116483043359346,2.0153775718026266,0.8629882722583004
3444,1.3895545668755704,1.0691648237239957,2.000255530011715,0.7558723220046911
3445,0.8234148656480661,0.23544697878040036,2.000255530011715,0.8629882722582704
3446,1.3774502828752393,1.0797225964132846,1.9852939667358565,0.7558723220047194
3447,0.8372367964330418,0.23188514827283335,1.9852939667358565,0.8629882722582439
3448,1.364873671524647,1.0877466552586526,1.9705766866977448,0.7558723220047494
3449,0.8505610466192807,0.23059202458979314,1.9705766866977448,0.8629882722582202
3450,1.3518582131148873,1.0894381358010579,1.9561837930545523,0.7558723220047805
3451,0.8633646534073918,0.2316101719826296,1.9561837930545523,0.8629882722581996
3452,1.3384394251531777,1.0904269797220951,1.9421908500867986,0.7558723220048129
3453,0.8756261927602813,0.23490600156629887,1.9421908500867986,0.8629882722581821
3454,1.324654896485594,1.0907114834421938,1.9286680891374453,0.7558723220048466
3455,0.887325694571286,0.24037454937331093,1.9286680891374453,0.8629882722581665
3456,1.3105443190361905,1.0902911573552094,1.9156796751439926,0.7558723220048806
3457,0.8984445689720519,0.24785353341092714,1.9156796751439926,0.8629882722581543
3458,1.2961495157501512,1.0891667248902193,1.9032830513344476,0.7558723220049153
3459,0.9089655423677393,0.2571425312581775,1.9032830513344476,0.8629882722581445
3460,1.2815144630199946,1.0873401238982676,1.8915283792224664,0.7558723220049506
3461,0.9188726019627733,0.26802252890177797,1.8915283792224664,0.8629882722581368
3462,1.2666853055224054,1.0848145103815672,1.8804580898652168,0.7558723220049852
3463,0.9281509476977758,0.2802723221978745,1.8804580898652168,0.862988272258131
3464,1.2517103609995877,1.081594264612122,1.8701065604093252,0.7558723220050203
3465,0.9367869506583412,0.29368018649637717,1.8701065604093252,0.8629882722581274
3466,1.2366401120864385,1.0776849997164721,1.8604999272667346,0.7558723220050549
3467,0.9447681171402154,0.3080508476068413,1.8604999272667346,0.8629882722581259
3468,1.2215271818207158,1.0730935728334372,1.8516560439101402,0.755872322005089
3469,0.9520830576647277,0.32320867479396714,1.8516560439101402,0.862988272258126
3470,1.2064262889901831,1.0678280989824798,1.84358458738828,0.7558723220051227
3471,0.9587214603345545,0.33899826039216163,1.84358458738828,0.8629882722581279
3472,1.1913941789877505,1.0618979678116867,1.836287313413383,0.7558723220051554
3473,0.964674068004626,0.35528342139390484,1.836287313413383,0.8629882722581314
3474,1.1764895253901964,1.0553138634264085,1.8297584554793784,0.7558723220051876
3475,0.9699326588176478,0.37194539326217374,1.8297584554793784,0.862988272258136
3476,1.1617727970852494,1.0480877875322163,1.8239852591594372,0.7558723220052188
3477,0.9744900297197017,0.3888807228960809,1.8239852591594372,0.8629882722581417
3478,1.1473060854931367,1.0402330861588265,1.8189486387310554,0.7558723220052491
3479,0.9783399826299078,0.40599916083109405,1.8189486387310554,0.8629882722581492
3480,1.133152886320848,1.0317644802646517,1.8146239397887953,0.7558723220052785
3481,0.9814773129903315,0.4232217102190998,1.8146239397887953,0.862988272258157
3482,1.1193778304189763,1.0226981005540332,1.810981788691176,0.7558723220053063
3483,0.9838978004691996,0.4404789006389035,1.810981788691176,0.8629882722581661
3484,1.1060463587583635,1.0130515268701341,1.8079890076583183,0.7558723220053334
3485,0.9855982016329802,0.450939420041327,1.8079890076583183,0.8629882722581762
3486,1.0932243373858592,1.0028438325546194,1.8056095731411756,0.7558723220053588
3487,0.9865762444418004,0.4383845096982266,1.8056095731411756,0.8629882722581864
3488,1.0809776095293429,0.9920956341888016,1.8038055947133658,0.7558723220053835
3489,0.9868306244587961,0.42544681560848724,1.8038055947133658,0.8629882722581974
3490,1.0693714838602992,0.9808291471474541,1.8025382921324817,0.7558723220054068
3491,0.9863610026980034,0.41213818321277434,1.8025382921324817,0.8629882722582088
3492,1.0584701603173654,0.9690682474026301,1.8017689492781055,0.7558723220054284
3493,0.9851680050679682,0.3984708541531591,1.8017689492781055,0.8629882722582211
3494,1.048336097832167,0.9568385400061749,1.8014598252700513,0.7558723220054488
3495,0.983253223400001,0.38445747005703207,1.8014598252700513,0.8629882722582332
3496,1.0390293317061856,0.9441674346503619,1.8015750050617534,0.7558723220054678
3497,0.9806192180815414,0.37011107992698794,1.8015750050617534,0.8629882722582454
3498,1.030606752119998,0.931084228648706,1.802081174050352,0.7558723220054859
3499,0.9772695223470239,0.3554451524434789,1.802081174050352,0.8629882722582582
3500,1.023121359092721,0.9176201975838097,1.8029483036198777,0.7558723220055024
3501,0.973208648311569,0.3404735950056818,1.8029483036198777,0.8629882722582709
3502,1.0166215128559035,0.9038086937238478,1.8041502369307743,0.7558723220055177
3503,0.9684420948673961,0.3252107820993269,1.8041502369307743,0.8629882722582833
3504,1.0111502017135945,0.8896852520986063,1.8056651666076535,0.7558723220055317
3505,0.9629763575997277,0.3096715967232037,1.8056651666076535,0.862988272258296
3506,1.0067443516569206,0.8752877038309379,1.807475998204884,0.7558723220055443
3507,0.9568189409188551,0.2938714903501851,1.807475998204884,0.8629882722583088
3508,1.0034342029375367,0.8606562959171259,1.8095705954201589,0.7558723220055558
3509,0.9499783726487453,0.27782656961575514,1.8095705954201589,0.8629882722583212
3510,1.001242778204891,0.8458338161127612,1.8119419049763414,0.755872322005566
3511,0.9424642213609209,0.26155372225761087,1.8119419049763414,0.8629882722583335
3512,1.000185464529568,0.830865720878009,1.8145879609166213,0.7558723220055752
3513,0.9342871167963258,0.24507080190830288,1.8145879609166213,0.8629882722583453
3514,1.000269727689028,0.8158002634328831,1.8175117697847032,0.7558723220055831
3515,0.9254587737784971,0.22839690324159476,1.8175117697847032,0.8629882722583567
3516,1.0014949716898813,0.8006886178330377,1.8207210798239537,0.7558723220055902
3517,0.9159920200898051,0.21155277961189833,1.8207210798239537,0.8629882722583682
3518,1.0038525500267748,0.7855849935650332,1.8242280389607335,0.7558723220055961
3519,0.9059008288600278,0.19456149240907047,1.8242280389607335,0.8629882722583793
3520,1.0073259281540066,0.7705467334495855,1.8280487479654541,0.7558723220056011
3521,0.8952003561045223,0.17744945069125317,1.8280487479654541,0.8629882722583897
3522,1.0118909896666548,0.7556343856201588,1.8322027168274266,0.7558723220056054
3523,0.8839069841492038,0.16024813533692772,1.8322027168274266,0.8629882722583999
3524,1.017516472341912,0.74091173802845,1.8367122340386934,0.7558723220056085
3525,0.8720383717930111,0.14299708159389246,1.8367122340386934,0.8629882722584097
3526,1.0241645149836978,0.7264458013782106,1.8416016601425702,0.7558723220056109
3527,0.8596135121870871,0.1257493056713107,1.8416016601425702,0.8629882722584192
3528,1.031791292304524,0.7123067237301229,1.8468966585305435,0.7558723220056124
3529,0.846652799554971,0.10858179419560088,1.8468966585305435,0.8629882722584278
3530,1.0403477130472794,0.6985676174680467,1.8526233780139183,0.7558723220056134
3531,0.8331781060408834,0.09161730266406871,1.8526233780139183,0.8629882722584361
3532,1.0497801561895268,0.6853042771992414,1.8588076030857497,0.7558723220056133
3533,0.8192128701542919,0.07507367820224056,1.8588076030857497,0.8629882722584441
3534,1.0600312212145317,0.6725947659378934,1.8654738889438194,0.755872322005613
3535,0.8047821984780529,0.059386262802207754,1.8654738889438194,0.8629882722584519
3536,1.0710404707872971,0.660518847185587,1.872644699181075,0.7558723220056115
3537,0.7899129825226265,0.04553234287901102,1.872644699181075,0.8629882722584583
3538,1.0827451473841017,0.6491572429734032,1.8803395644823777,0.7558723220056104
3539,0.774634032835777,0.03578532808616809,1.8803395644823777,0.862988272258465
3540,1.095080849119403,0.6385907033006069,1.8885742806226657,0.7558723220056082
3541,0.7589762327076289,0.03393691741154853,1.8885742806226657,0.8629882722584709
3542,1.107982153851992,0.6288988813291735,1.8973601634879274,0.7558723220056058
3543,0.7429727140311538,0.04107339109486661,1.8973601634879274,0.8629882722584766
3544,1.1213831843489594,0.6201590215159194,1.9067033777096192,0.7558723220056031
3545,0.7266590580659938,0.05370871502661077,1.9067033777096192,0.8629882722584818
3546,1.1352181106315091,0.6124444844009371,1.9166043538207518,0.7558723220055997
3547,0.7100735239749173,0.06884977718929791,1.9166043538207518,0.8629882722584866
3548,1.149421588487487,0.6058231510763563,1.927057306648393,0.7558723220055963
3549,0.6932573080060906,0.08513204913467386,1.927057306648393,0.8629882722584907
3550,1.1639291354481687,0.600355770573925,1.938049865028207,0.7558723220055924
3551,0.6762548360059641,0.10196711084930844,1.938049865028207,0.862988272258495
3552,1.1786774472844794,0.5960943317945258,1.949562819967879,0.7558723220055883
3553,0.6591140914596882,0.11907410783622444,1.949562819967879,0.862988272258498
3554,1.1936046593153407,0.5930805548432665,1.9615699952272792,0.755872322005584
3555,0.641886980318079,0.13630173517385447,1.9615699952272792,0.8629882722585012
3556,1.2086505575998259,0.5913446014402253,1.974038241066937,0.7558723220055794
3557,0.6246297322756112,0.15355881768519564,1.974038241066937,0.862988272258504
3558,1.223756745480629,0.5909040979910977,1.9869275487880342,0.7558723220055751
3559,0.6074033356366233,0.17078470690094233,1.9869275487880342,0.8629882722585062
3560,1.238866771038,0.5917635471039474,2.0001912807830595,0.7558723220055705
3561,0.5902739990901881,0.18793547857379989,2.0001912807830595,0.8629882722585083
3562,1.253926220876129,0.5939141751687831,2.013776508253674,0.7558723220055658
3563,0.5733136281676828,0.20497697949855434,2.013776508253674,0.8629882722585103
3564,1.2688827853653777,0.597334228569011,2.0276244466216267,0.7558723220055609
3565,0.5566002963733093,0.22188108977658924,2.0276244466216267,0.8629882722585114
3566,1.2836863000606187,0.6019896941868529,2.0416709770184633,0.7558723220055562
3567,0.5402186804341097,0.23862360174011202,2.0416709770184633,0.8629882722585124
3568,1.2982887675544392,0.6078353865417768,2.055847241115632,0.7558723220055513
3569,0.5242604153905147,0.2551829606152334,2.055847241115632,0.8629882722585129
3570,1.3126443635394063,0.6148163187916001,2.070080295942286,0.7558723220055464
3571,0.5088243082330747,0.27153948803099853,2.070080295942286,0.8629882722585132
3572,1.3267094303722151,0.6228692607685375,2.084293815199649,0.755872322005542
3573,0.4940163290383861,0.2876748879292603,2.084293815199649,0.8629882722585136
3574,1.3404424609723942,0.6319243848325791,2.0984088238627443,0.7558723220055374
3575,0.47994927778054325,0.3035719238843027,2.0984088238627443,0.8629882722585135
3576,1.3538040754610585,0.6419069081772678,2.112344453492384,0.7558723220055332
3577,0.4667420066822874,0.31921420387896415,2.112344453492384,0.8629882722585134
3578,1.3667569925575986,0.6527386554981668,2.1260187065842344,0.7558723220055288
3579,0.45451806795811467,0.3345860343765277,2.1260187065842344,0.8629882722585129
3580,1.379265997407087,0.6626944294784944,2.1393492193781163,0.7558723220055245
3581,0.44340366344816085,0.34967232020301864,2.1393492193781163,0.8629882722585119
3582,1.3912979072088034,0.6628210164593021,2.152254013763616,0.7558723220055205
3583,0.43352480602627314,0.36445849538284986,2.152254013763616,0.8629882722585114
3584,1.402821535754944,0.6642038839664645,2.164652230179762,0.7558723220055167
3585,0.42500367212430257,0.3789304752943383,2.164652230179762,0.8629882722585102
3586,1.4138076577655991,0.666830182947813,2.176464834659505,0.7558723220055126
3587,0.4179542343271763,0.39307462375814045,2.176464834659505,0.8629882722585092
3588,1.4242289737179403,0.6706757732376071,2.187615294368177,0.7558723220055094
3589,0.41247740567414426,0.40687773073779643,2.187615294368177,0.8629882722585082
3590,1.4340600757106337,0.6757059154956027,2.198030217095031,0.7558723220055057
3591,0.4086560799022379,0.4203269976750318,2.198030217095031,0.8629882722585064
3592,1.4432774147749792,0.6818762301966788,2.207639951155299,0.7558723220055025
3593,0.4065505753322131,0.43341002837329057,2.207639951155299,0.8629882722585048
3594,1.4518592699386186,0.6891338606580718,2.2163791430338806,0.7558723220054995
3595,0.40619503840785603,0.44611482394432894,2.2163791430338806,0.8629882722585036
3596,1.4597857192625148,0.6974187692863184,2.224187250845583,0.7558723220054965
3597,0.407595300676507,0.4584297807453711,2.224187250845583,0.8629882722585023
3598,1.4670386130041835,0.7066650957533429,2.2310090123021777,0.7558723220054935
3599,0.41072850498423086,0.4703436905218405,2.2310090123021777,0.8629882722585006
3600,1.4736015490072398,0.7168025116592488,2.2367948663694923,0.7558723220054911
3601,0.4155445575551003,0.4818457421738491,2.2367948663694923,0.862988272258499
3602,1.4794598503766965,0.72775751667272,2.241501328177576,0.7558723220054888
3603,0.42196918844614334,0.49292552471005036,2.241501328177576,0.8629882722584972
3604,1.4846005454691487,0.7394546341411289,2.245091317024896,0.7558723220054865
3605,0.4299081856994454,0.503573031057854,2.245091317024896,0.8629882722584956
3606,1.4890123502051464,0.7518174778279226,2.2475344375057453,0.7558723220054843
3607,0.4392522578817759,0.5137786624762541,2.2475344375057453,0.8629882722584937
3608,1.4926856526961565,0.7647696742452268,2.248807213900785,0.7558723220054824
3609,0.44988198626067877,0.5235332333747573,2.248807213900785,0.8629882722584923
3610,1.495612500169309,0.7782356359928712,2.2488932780159727,0.7558723220054805
3611,0.46167242633987826,0.5328279763847545,2.2488932780159727,0.8629882722584906
3612,1.4977865881684038,0.7921411900827867,2.247783510646282,0.755872322005479
3613,0.4744970646984671,0.5416545475620625,2.247783510646282,0.8629882722584888
3614,1.4992032520085703,0.8064140713278835,2.245476136788144,0.7558723220054777
3615,0.4882309875419488,0.5388199357683432,2.245476136788144,0.8629882722584873
3616,1.4998594604636457,0.8209842947073769,2.2419767746383337,0.7558723220054764
3617,0.502753242042727,0.5223931690801827,2.2419767746383337,0.8629882722584858
3618,1.4997538116691314,0.8357844225538591,2.2372984383061945,0.755872322005475
3619,0.5179484572471887,0.5057220700231954,2.2372984383061945,0.8629882722584842
3620,1.4988865312288358,0.8507497428733769,2.231461494039717,0.7558723220054744
3621,0.5337078383504432,0.48884356853890465,2.231461494039717,0.8629882722584827
3622,1.4972594725195099,0.8658183745318714,2.2244935696328727,0.7558723220054733
3623,0.5499296643514637,0.47179824876077336,2.2244935696328727,0.8629882722584815
3624,1.494876119194409,0.8809313137908279,2.2164294165510734,0.7558723220054727
3625,0.5665194146905496,0.45463096237332035,2.2164294165510734,0.8629882722584798
3626,1.4917415898932427,0.8960324350513287,2.2073107241937175,0.7558723220054723
3627,0.5833896346674841,0.4373915724692779,2.2073107241937175,0.8629882722584786
3628,1.4878626451719785,0.9110684568934849,2.197185885618524,0.7558723220054718
3629,0.6004596291171547,0.42013585343159604,2.197185885618524,0.8629882722584775
3630,1.483247696670877,0.9259888827340557,2.1861097139944192,0.7558723220054714
3631,0.6176550533606118,0.40292657452569697,2.1861097139944192,0.8629882722584757
3632,1.477906818542373,0.9407459237693181,2.174143109042252,0.7558723220054714
3633,0.6349074522079274,0.3858347946144994,2.174143109042252,0.8629882722584749
3634,1.4718517611614457,0.9552944103797961,2.1613526727817947,0.7558723220054714
3635,0.6521537827182929,0.36894139012539984,2.1613526727817947,0.862988272258474
3636,1.4650959671390646,0.9695916968737143,2.1478102740471123,0.7558723220054714
3637,0.6693359446313857,0.35233882376760567,2.1478102740471123,0.8629882722584729
3638,1.4576545896534903,0.9835975633410526,2.1335925614800364,0.7558723220054713
3639,0.6864003335447089,0.3361331306029895,2.1335925614800364,0.8629882722584717
3640,1.4495445131034885,0.9972741174703729,2.1187804250833993,0.7558723220054716
3641,0.70329742552398,0.3204460406110412,2.1187804250833993,0.8629882722584705
3642,1.4407843760708787,1.0105856984291337,2.103458406932443,0.7558723220054722
3643,0.7199813973747924,0.3054170590313602,2.103458406932443,0.8629882722584699
3644,1.431394596555792,1.0234987843044476,2.0877140623232577,0.7558723220054722
3645,0.7364097838027143,0.2912051722643739,2.0877140623232577,0.862988272258469
3646,1.421397399415052,1.0359819041237879,2.0716372734970987,0.7558723220054724
3647,0.7525431707547794,0.2779896286729376,2.0716372734970987,0.862988272258468
3648,1.410816845890279,1.0480055551035878,2.055319519128969,0.7558723220054727
3649,0.7683449230603565,0.2659689740543333,2.055319519128969,0.8629882722584672
3650,1.3996788650555403,1.0595421254893103,2.0388531040097297,0.755872322005473
3651,0.7837809438404719,0.2553572677292088,2.0388531040097297,0.8629882722584665
3652,1.3880112869421162,1.0705658231369926,2.022330354773396,0.7558723220054735
3653,0.7988194628602323,0.24637632273416465,2.022330354773396,0.8629882722584662
3654,1.3758438770074255,1.0810526098294668,2.0058427891009543,0.755872322005474
3655,0.8134308509357303,0.23924315428079937,2.0058427891009543,0.8629882722584655
3656,1.3632083715032441,1.0880057921478623,1.9894802675274192,0.7558723220054746
3657,0.8275874575879947,0.23415284273188833,1.9894802675274192,0.8629882722584652
3658,1.3501385131615924,1.0896062125980928,1.973330138729165,0.7558723220054746
3659,0.8412634693024363,0.23125874072349642,1.973330138729165,0.8629882722584643
3660,1.33667008645146,1.0905037066596734,1.9574763908930553,0.7558723220054754
3661,0.8544347859625959,0.23065385105665343,1.9574763908930553,0.8629882722584639
3662,1.3228409514621156,1.0906967284563553,1.9419988233682521,0.7558723220054762
3663,0.8670789132553705,0.23235817667225594,1.9419988233682521,0.8629882722584638
3664,1.3086910752354304,1.0901849458321162,1.926972254161199,0.7558723220054768
3665,0.8791748690744965,0.23631586374291444,1.926972254161199,0.862988272258463
3666,1.2942625590971932,1.0889692397147686,1.9124657798306768,0.7558723220054772
3667,0.8907031021697116,0.24240305792558328,1.9124657798306768,0.8629882722584629
3668,1.2795996602232464,1.087051705805131,1.898542104849296,0.7558723220054782
3669,0.9016454214949843,0.25044399339266354,1.898542104849296,0.8629882722584628
3670,1.2647488053192697,1.0844356586130866,1.885256957407354,0.7558723220054785
3671,0.9119849348976897,0.260230749176321,1.885256957407354,0.8629882722584625
3672,1.2497585938940383,1.0811256378913274,1.8726586078546608,0.7558723220054796
3673,0.9217059959607856,0.27154214252783027,1.8726586078546608,0.8629882722584622
3674,1.2346797881687896,1.0771274175473804,1.8607875044510567,0.7558723220054803
3675,0.9307941579621481,0.2841587994393538,1.8607875044510567,0.8629882722584621
3676,1.2195652861978918,1.0724480171447437,1.8496760388179556,0.7558723220054808
3677,0.9392361340502974,0.29787336468804737,1.8496760388179556,0.8629882722584621
3678,1.2044700742916117,1.0670957161347936,1.8393484504955433,0.7558723220054817
3679,0.9470197628551262,0.3124962285774752,1.8393484504955433,0.8629882722584622
3680,1.1894511543506316,1.0610800709925785,1.8298208764126676,0.7558723220054819
3681,0.9541339788574733,0.32785781984404816,1.8298208764126676,0.8629882722584623
3682,1.1745674412726417,1.0544119354617467,1.8211015470203606,0.7558723220054828
3683,0.9605687869340235,0.3438086173456944,1.8211015470203606,0.8629882722584621
3684,1.1598796252121275,1.0471034841465352,1.8131911265186542,0.7558723220054833
3685,0.9663152405756009,0.3602178428612025,1.8131911265186542,0.8629882722584623
3686,1.1454499932144575,1.0391682397217623,1.8060831902405678,0.7558723220054835
3687,0.9713654233488591,0.3769715227856562,1.8060831902405678,0.8629882722584623
3688,1.1313422046645103,1.030621104064733,1.79976482807592,0.7558723220054842
3689,0.9757124332350066,0.3939703570982635,1.79976482807592,0.8629882722584625
3690,1.1176210151582613,1.0214783936452432,1.7942173590383261,0.7558723220054844
3691,0.9793503695357364,0.411127646768823,1.7942173590383261,0.8629882722584626
3692,1.104351943899899,1.0117578795404942,1.7894171388882631,0.755872322005485
3693,0.9822743220870331,0.4283674056056258,1.7894171388882631,0.8629882722584629
3694,1.0916008806259994,1.0014788324694113,1.7853364402643481,0.7558723220054855
3695,0.9844803625670148,0.4456227058714349,1.7853364402643481,0.8629882722584631
3696,1.079433629434729,0.9906620732636454,1.7819443831291626,0.7558723220054859
3697,0.9859655377253095,0.4472360689427972,1.7819443831291626,0.8629882722584633
3698,1.067915388807591,0.979330029207927,1.7792078925312291,0.7558723220054865
3699,0.9867278643994714,0.4345657897194342,1.7792078925312291,0.8629882722584636
3700,1.057110169578716,0.9675067966869292,1.7770926606910646,0.7558723220054869
3701,0.9867663262193628,0.42151621791750976,1.7770926606910646,0.8629882722584636
3702,1.0470801556110887,0.9552182105648355,1.7755640911592938,0.7558723220054872
3703,0.9860808719339517,0.4080993169089701,1.7755640911592938,0.8629882722584639
3704,1.037885015398499,0.9424919206913677,1.7745882041560215,0.7558723220054874
3705,0.9846724153272204,0.39432744708019407,1.7745882041560215,0.8629882722584639
3706,1.0295811765722274,0.9293574758663365,1.7741324840501052,0.7558723220054879
3707,0.9825428367215189,0.3802133705782243,1.7741324840501052,0.862988272258464
3708,1.0222210791212964,0.9158464154938435,1.7741666521353257,0.7558723220054878
3709,0.9796949860982757,0.36577026000918034,1.7741666521353257,0.8629882722584644
3710,1.0158524267321598,0.9019923690044499,1.7746633502751994,0.7558723220054883
3711,0.9761326878981484,0.3510117125304397,1.7746633502751994,0.8629882722584644
3712,1.010517458663972,0.887831162903143,1.7755987235034307,0.7558723220054889
3713,0.9718607475960456,0.33595177135916243,1.7755987235034307,0.8629882722584649
3714,1.0062522666272822,0.8734009349933353,1.7769528921902087,0.7558723220054889
3715,0.9668849601816403,0.3206049575790875,1.7769528921902087,0.8629882722584652
3716,1.0030861818840417,0.8587422549089233,1.778710306849732,0.755872322005489
3717,0.9612121207136938,0.30498631642136004,1.778710306849732,0.8629882722584651
3718,1.0010412569740148,0.8438982495298778,1.7808599810318506,0.7558723220054894
3719,0.9548500371574596,0.2891114841813148,1.7808599810318506,0.8629882722584655
3720,1.0001318639691084,0.8289147311300921,1.7833955999946824,0.7558723220054894
3721,0.9478075457594376,0.27299678504773195,1.7833955999946824,0.8629882722584659
3722,1.0003644270064778,0.8138403251742726,1.7863155049985984,0.7558723220054897
3723,0.940094529263676,0.2566593721212555,1.7863155049985984,0.8629882722584664
3724,1.0017373012848079,0.7987265935071842,1.7896225551111284,0.7558723220054899
3725,0.9317219383296642,0.24011743513752312,1.7896225551111284,0.8629882722584667
3726,1.004240804130984,0.7836281472295257,1.793323870389698,0.75587232200549
3727,0.9227018165746718,0.22339051138492472,1.793323870389698,0.8629882722584672
3728,1.007857396691946,0.7686027418041519,1.7974304622368873,0.7558723220054904
3729,0.9130473297343986,0.2064999607913009,1.7974304622368873,0.8629882722584669
3730,1.0125620078771642,0.7537113448753006,1.801956758617077,0.7558723220054905
3731,0.902772799516284,0.1894697106498417,1.801956758617077,0.862988272258467
3732,1.0183224859529045,0.7390181649326842,1.8069200336883413,0.7558723220054903
3733,0.891893742811219,0.17232745973780622,1.8069200336883413,0.8629882722584672
3734,1.0251001581596084,0.7245906263793572,1.812339753228165,0.7558723220054907
3735,0.8804269170332287,0.1551066989501422,1.812339753228165,0.8629882722584673
3736,1.0328504752262855,0.7104992739030208,1.818236848987425,0.7558723220054908
3737,0.8683903724744887,0.13785025641040782,1.818236848987425,0.8629882722584674
3738,1.041523715845612,0.6968175865332458,1.8246329367474166,0.7558723220054907
3739,0.8558035126963807,0.12061685764187485,1.8246329367474166,0.862988272258468
3740,1.05106572602087,0.6836216797365945,1.8315494943168746,0.7558723220054908
3741,0.8426871641275298,0.10349406591959648,1.8315494943168746,0.862988272258468
3742,1.0614186695131622,0.6709898728352532,1.8390070169151007,0.7558723220054907
3743,0.8290636562079905,0.08662582962163556,1.8390070169151007,0.8629882722584681
3744,1.0725217681034533,0.6590020995417791,1.8470241682624717,0.7558723220054903
3745,0.8149569136053116,0.0702765442494644,1.8470241682624717,0.8629882722584681
3746,1.0843120136778983,0.6477391421916511,1.8556169461611114,0.7558723220054904
3747,0.8003925622324094,0.05499416357360984,1.8556169461611114,0.8629882722584683
3748,1.0967248378771448,0.6372816760550555,1.864797881326586,0.7558723220054904
3749,0.7853980510164748,0.04204156195888343,1.864797881326586,0.8629882722584684
3750,1.1096947288845138,0.6277091195289191,1.8745752876747337,0.7558723220054903
3751,0.7700027915971758,0.03424378935256204,1.8745752876747337,0.8629882722584686
3752,1.1231557885892816,0.6190982993392401,1.8849525811508145,0.7558723220054901
3753,0.7542383183615852,0.03524048545232291,1.8849525811508145,0.8629882722584689
3754,1.1370422266497737,0.6115219568519678,1.8959276825175642,0.7558723220054901
3755,0.7381384714365798,0.044441111768136435,1.8959276825175642,0.8629882722584692
3756,1.1512887907729346,0.6050471411390314,1.9074925173356019,0.75587232200549
3757,0.7217396054317073,0.05804661274010276,1.9074925173356019,0.862988272258469
3758,1.1658311347669887,0.5997335545943357,1.91963262374943,0.7558723220054898
3759,0.7050808268181294,0.07362171407783183,1.91963262374943,0.862988272258469
3760,1.180606127611268,0.5956319348052552,1.9323268757407241,0.75587232200549
3761,0.6882042627849076,0.09011110363425542,1.9323268757407241,0.8629882722584696
3762,1.1955521079613873,0.592782568707642,1.9455473263564376,0.75587232200549
3763,0.6711553641491499,0.10704875051543271,1.9455473263564376,0.8629882722584692
3764,1.2106090892327819,0.59121403855643,1.9592591722045374,0.7558723220054898
3765,0.6539832442924838,0.1242039960729024,1.9592591722045374,0.8629882722584696
3766,1.225718920757525,0.5909422916416012,1.973420837379207,0.7558723220054897
3767,0.636741054987117,0.141448189508393,1.973420837379207,0.8629882722584693
3768,1.240825410567172,0.5919701064108439,1.9879841720653837,0.7558723220054895
3769,0.6194863981344085,0.1587013747096193,1.9879841720653837,0.8629882722584693
3770,1.2558744151926546,0.5942869983595155,2.0028947584960175,0.7558723220054893
3771,0.6022817695682178,0.17590892004040212,2.0028947584960175,0.8629882722584693
3772,1.2708139015570996,0.5978695734547261,2.0180923147842056,0.7558723220054897
3773,0.5851950267924114,0.19303035241751595,2.0180923147842056,0.8629882722584696
3774,1.2855939856244056,0.6026823001164817,2.033511185484881,0.7558723220054894
3775,0.5682998663635099,0.21003361523909303,2.033511185484881,0.8629882722584693
3776,1.300166952000062,0.6086786382907038,2.0490809065826316,0.7558723220054893
3777,0.5516762880756868,0.2268919281636918,2.0490809065826316,0.8629882722584692
3778,1.3144872581953173,0.6158024403594382,2.064726831947911,0.7558723220054892
3779,0.5354110116478392,0.24358197936211645,2.064726831947911,0.8629882722584693
3780,1.3285115267862695,0.6239895261034374,2.0803708081205086,0.755872322005489
3781,0.5195977968952654,0.26008283926796466,2.0803708081205086,0.8629882722584692
3782,1.3421985282430717,0.6331693329898349,2.0959318845125026,0.7558723220054888
3783,0.5043376004373722,0.27637528407467155,2.0959318845125026,0.8629882722584692
3784,1.3555091567820972,0.6432665520533409,2.111327046704319,0.7558723220054889
3785,0.48973848168754913,0.2924413616808121,2.111327046704319,0.8629882722584693
3786,1.3684064012117323,0.6542026756327446,2.1264719613604255,0.7558723220054886
3787,0.47591515036763,0.3082641062882645,2.1264719613604255,0.8629882722584689
3788,1.3808553124029455,0.6626397537881898,2.141281722337686,0.755872322005489
3789,0.462988031225052,0.323827347016385,2.141281722337686,0.8629882722584692
3790,1.3928229687188307,0.6629297170740017,2.1556715887252795,0.7558723220054888
3791,0.4510817156066898,0.33911557761572747,2.1556715887252795,0.8629882722584689
3792,1.404278440481171,0.6644749473989011,2.169557706773821,0.7558723220054887
3793,0.4403226830772922,0.3541138668497459,2.169557706773821,0.862988272258469
3794,1.4151927543337726,0.6672611018209613,2.1828578088864523,0.7558723220054887
3795,0.43083621956930085,0.36880779652021617,2.1828578088864523,0.862988272258469
3796,1.42553885817848,0.6712626191378506,2.195491884011212,0.7558723220054887
3797,0.42274253994447036,0.3831834186330885,2.195491884011212,0.8629882722584692
3798,1.4352915872066012,0.6764434495834204,2.2073828148583434,0.7558723220054883
3799,0.41615224372285825,0.3972272260319666,2.2073828148583434,0.862988272258469
3800,1.4444276314222457,0.6827580441000832,2.2184569783456087,0.7558723220054884
3801,0.41116138158623927,0.4109261326397289,2.2184569783456087,0.8629882722584691
3802,1.4529255049512981,0.6901525387373904,2.2286448065359425,0.7558723220054883
3803,0.4078465588375608,0.42426746063502363,2.2286448065359425,0.8629882722584689
3804,1.4607655173469922,0.6985660628953858,2.2378813060695446,0.7558723220054879
3805,0.4062606077797609,0.43723893268124414,2.2378813060695446,0.8629882722584689
3806,1.4679297470374386,0.7079321005558236,2.246106534707816,0.7558723220054876
3807,0.4064293790022216,0.449828667862189,2.246106534707816,0.8629882722584693
3808,1.4744020170092316,0.7181798401960368,2.2532660341049437,0.7558723220054878
3809,0.4083501035960586,0.4620251803485573,2.2532660341049437,0.8629882722584689
3810,1.4801678727821055,0.729235459961897,2.259311218313207,0.7558723220054877
3811,0.4119915707270985,0.4738173800782827,2.259311218313207,0.8629882722584687
3812,1.4852145627005002,0.7410233078651218,2.2641997178207993,0.7558723220054876
3813,0.4172960936290042,0.48519457491736173,2.2641997178207993,0.8629882722584689
3814,1.4895310205470274,0.7534669504002944,2.267895679127699,0.7558723220054876
3815,0.42418297288354884,0.49614647389976757,2.267895679127699,0.8629882722584685
3816,1.4931078504687698,0.7664900755909412,2.27037001999746,0.7558723220054878
3817,0.43255297688703676,0.5066631912410086,2.27037001999746,0.8629882722584686
3818,1.4959373141987444,0.7800172471276929,2.271600640591965,0.7558723220054879
3819,0.44229328445333116,0.516735250890449,2.271600640591965,0.8629882722584685
3820,1.4980133205506905,0.7939745145067001,2.271572590712654,0.7558723220054876
3821,0.45328237237247726,0.52635359143996,2.271572590712654,0.8629882722584684
3822,1.499331417164643,0.8082898898662968,2.2702781933451304,0.7558723220054878
3823,0.4653944483914465,0.5355095712458501,2.2702781933451304,0.8629882722584684
3824,1.4998887844827553,0.8228937057831662,2.2677171246430827,0.7558723220054878
3825,0.4785031816738333,0.5441949736508804,2.2677171246430827,0.8629882722584684
3826,1.4996842319388282,0.8377188700073179,2.2638964503999803,0.7558723220054876
3827,0.49248462793469666,0.5339488155746241,2.2638964503999803,0.8629882722584684
3828,1.4987181963504268,0.8527010334225462,2.2588306189505367,0.7558723220054877
3829,0.5072193601594808,0.5174455159421344,2.2588306189505367,0.8629882722584682
3830,1.4969927425087333,0.8677786868342686,2.2525414103253345,0.7558723220054878
3831,0.522593889491299,0.5007085465757003,2.2525414103253345,0.8629882722584681
3832,1.4945115659679284,0.8828932008724224,2.2450578413583973,0.7558723220054882
3833,0.5385014976922908,0.4837758697910866,2.2450578413583973,0.862988272258468
3834,1.4912799980423919,0.897988821643012,2.236416026326265,0.7558723220054878
3835,0.5548426115790458,0.4666892727486652,2.236416026326265,0.862988272258468
3836,1.487305013025896,0.9130126329832025,2.226658992586206,0.7558723220054879
3837,0.5715248411517222,0.4494950172353682,2.226658992586206,0.862988272258468
3838,1.4825952376516849,0.9279144944201566,2.215836450589872,0.7558723220054877
3839,0.5884627853841048,0.4322446272539908,2.215836450589872,0.8629882722584677
3840,1.477160962815351,0.9426469622970776,2.2040045175872605,0.7558723220054878
3841,0.6055776889244054,0.4149958407419031,2.2040045175872605,0.8629882722584679
3842,1.471014157583047,0.957165200063334,2.191225394316619,0.7558723220054879
3843,0.6227970129880893,0.39781375336804037,2.191225394316619,0.8629882722584675
3844,1.4641684855051238,0.9714268824512116,2.1775669940126994,0.7558723220054876
3845,0.6400539663759299,0.3807721809252476,2.1775669940126994,0.8629882722584675
3846,1.4566393232488632,0.9853920971816317,2.1631025231745697,0.7558723220054878
3847,0.6572870284724392,0.36395525931777983,2.1631025231745697,0.862988272258468
3848,1.4484437815525775,0.9990232469443928,2.14791001373252,0.7558723220054875
3849,0.6744394852147833,0.34745928252631164,2.14791001373252,0.8629882722584681
3850,1.4396007284858154,1.012284953667397,2.1320718065603974,0.7558723220054877
3851,0.6914589909695815,0.33139474136101155,2.1320718065603974,0.862988272258468
3852,1.4301308149753258,1.0251439665031576,2.1156739867146057,0.7558723220054876
3853,0.7082971634958386,0.31588845788753556,2.1156739867146057,0.8629882722584682
3854,1.420056502522143,1.037569074498316,2.09880577136295,0.7558723220054876
3855,0.7249092151940638,0.30108559749420993,2.09880577136295,0.862988272258468
3856,1.4094020929898254,1.0495310245526344,2.08155885211257,0.7558723220054877
3857,0.7412536211957726,0.2871511680671927,2.08155885211257,0.8629882722584681
3858,1.39819376028521,1.0610024449996578,2.064026694369224,0.7558723220054876
3859,0.7572918231683704,0.27427037889540873,2.064026694369224,0.862988272258468
3860,1.3864595836785982,1.0719577749357623,2.0463037974665217,0.7558723220054874
3861,0.7729879667136694,0.2626469566747203,2.0463037974665217,0.8629882722584681
3862,1.3742295824171789,1.0823731992739463,2.0284849205902513,0.7558723220054875
3863,0.7883086697106255,0.2524982922375768,2.0284849205902513,0.8629882722584684
3864,1.3615357511705386,1.0882531317709403,2.0106642809742343,0.7558723220054875
3865,0.803222818738419,0.244046305728038,2.0106642809742343,0.8629882722584682
3866,1.3484120957068864,1.089762445595716,1.9929347324293658,0.7558723220054874
3867,0.8177013907035093,0.23750343948004804,1.9929347324293658,0.8629882722584681
3868,1.3348946680294314,1.0905685637587337,1.97538693393804,0.7558723220054874
3869,0.8317172969059704,0.23305443651403604,1.97538693393804,0.862988272258468
3870,1.3210216000004804,1.090670098037083,1.9581085197343275,0.7558723220054875
3871,0.8452452469630624,0.23083642317283448,1.9581085197343275,0.8629882722584682
3872,1.3068331342425963,1.0900668737141532,1.9411832839090564,0.7558723220054876
3873,0.8582616302259759,0.23092156663912916,1.9411832839090564,0.8629882722584682
3874,1.2923716508284147,1.0887599292449195,1.9246903940244047,0.7558723220054877
3875,0.8707444125558343,0.23330704774728242,1.9246903940244047,0.8629882722584682
3876,1.2776816879510353,1.0867515182479013,1.9087036493780745,0.7558723220054879
3877,0.8826730465528034,0.23791546449399312,1.9087036493780745,0.8629882722584681
3878,1.2628099544043538,1.0840451138489278,1.8932908003005602,0.7558723220054879
3879,0.8940283935488567,0.24460553594058015,1.8932908003005602,0.8629882722584682
3880,1.247805331298444,1.0806454154313674,1.8785129450823868,0.755872322005488
3881,0.9047926558756926,0.2531898014530069,1.8785129450823868,0.8629882722584682
3882,1.2327188599934462,1.0765583578772957,1.8644240207089227,0.7558723220054883
3883,0.9149493181023605,0.2634545420006436,1.8644240207089227,0.8629882722584684
3884,1.217603712764878,1.071791123414415,1.8510704024536702,0.7558723220054878
3885,0.9244830961018545,0.27517775283419543,1.8510704024536702,0.8629882722584686
3886,1.2025151422280118,1.0663521562144165,1.838490625511179,0.7558723220054882
3887,0.9333798929528501,0.2881427948401778,1.838490625511179,0.8629882722584685
3888,1.1875104050701506,1.0602511799200445,1.826715239251013,0.7558723220054883
3889,0.9416267608129835,0.30214718392629875,1.826715239251013,0.8629882722584685
3890,1.172648655196996,1.0534992183103247,1.8157668014114694,0.7558723220054882
3891,0.9492118680150823,0.31700717077878104,1.8157668014114694,0.8629882722584685
3892,1.1579908010325999,1.0461086193461435,1.805660015746929,0.7558723220054882
3893,0.95612447073906,0.33255923808871646,1.805660015746929,0.8629882722584686
3894,1.143599321471982,1.0380930828714312,1.796402012464886,0.7558723220054883
3895,0.9623548887013792,0.34865963037172804,1.796402012464886,0.8629882722584684
3896,1.1295380349328403,1.0294676922780912,1.7879927664430215,0.7558723220054879
3897,0.9678944843825459,0.3651827989120656,1.7879927664430215,0.8629882722584683
3898,1.1158718161588168,1.0202489504749546,1.7804256439282238,0.7558723220054882
3899,0.9727356453824335,0.3820193698767282,1.7804256439282238,0.8629882722584685
3900,1.1026662559690608,1.0104548205313717,1.7736880644135637,0.7558723220054882
3901,0.9768717695546203,0.3990740111936282,1.7736880644135637,0.8629882722584684
3902,1.0899872601059044,1.000104771393208,1.7677622608718342,0.7558723220054879
3903,0.9802972526255569,0.4162634060424912,1.7677622608718342,0.8629882722584681
3904,1.0779005847754644,0.9892198290910068,1.762626118664408,0.7558723220054882
3905,0.983007478053283,0.43351443173478205,1.762626118664408,0.8629882722584682
3906,1.0664713084573743,0.9778226338742678,1.7582540713606296,0.7558723220054884
3907,0.9849988089245779,0.4507625775344458,1.7582540713606296,0.8629882722584681
3908,1.055763242099357,0.9659375037085649,1.7546180304573065,0.7558723220054885
3909,0.9862685817296888,0.44349795449600515,1.7546180304573065,0.862988272258468
3910,1.045838282881874,0.9535905045588426,1.7516883255835485,0.7558723220054884
3911,0.9868151018909461,0.4307133351967945,1.7516883255835485,0.8629882722584681
3912,1.036755720246859,0.9408095278464832,1.7494346321641923,0.7558723220054886
3913,0.9866376409563601,0.4175529496174102,1.7494346321641923,0.8629882722584679
3914,1.0285715066684904,0.9276243754015612,1.7478268646041202,0.7558723220054883
3915,0.9857364354023626,0.4040288792193082,1.7478268646041202,0.8629882722584682
3916,1.0213375094619868,0.9140668521248122,1.7468360147259425,0.7558723220054882
3917,0.9841126870218696,0.3901536035483398,1.7468360147259425,0.8629882722584682
3918,1.0151007634680587,0.9001708664132086,1.7464349173105522,0.7558723220054882
3919,0.9817685649053887,0.3759400060352026,1.7464349173105522,0.8629882722584679
3920,1.0099027473574018,0.8859725381724313,1.7465989270193967,0.7558723220054885
3921,0.9787072090545896,0.3614013841293917,1.7465989270193967,0.8629882722584679
3922,1.0057787082005325,0.8715103139189765,1.7473064935953055,0.7558723220054885
3923,0.9749327357002143,0.3465514653589515,1.7473064935953055,0.862988272258468
3924,1.0027570595078643,0.8568250880401486,1.7485396249412872,0.7558723220054887
3925,0.9704502444300286,0.33140443156011107,1.7485396249412872,0.862988272258468
3926,1.000858876916549,0.8419603287034012,1.7502842303837551,0.7558723220054887
3927,0.9652658272683842,0.3159749544898871,1.7502842303837551,0.8629882722584681
3928,1.000097512976825,0.8269622061551597,1.7525303390834994,0.7558723220054886
3929,0.9593865798875464,0.3002782475018825,1.7525303390834994,0.8629882722584681
3930,1.0004783481391788,0.8118797201879988,1.755272191133059,0.7558723220054888
3931,0.9528206151730151,0.2843301402315801,1.755272191133059,0.8629882722584681
3932,1.0019986893197628,0.7967648223476347,1.7585082013608222,0.7558723220054885
3933,0.9455770794114404,0.26814718681507244,1.7585082013608222,0.8629882722584682
3934,1.0046478207503364,0.7816725269642294,1.7622407982513317,0.7558723220054885
3935,0.9376661714213202,0.25174682395180337,1.7622407982513317,0.862988272258468
3936,1.0084072047482744,0.7666610033016581,1.7664761426953925,0.7558723220054885
3937,0.92909916500447,0.235147604736188,1.7664761426953925,0.862988272258468
3938,1.013250823172776,0.7517916390177474,1.7712237335100525,0.7558723220054885
3939,0.9198884351613861,0.21836955064244573,1.7712237335100525,0.8629882722584676
3940,1.0191456442392257,0.7371290627438212,1.776495908818008,0.7558723220054887
3941,0.9100474885873133,0.20143469318810192,1.776495908818008,0.8629882722584676
3942,1.0260521945173737,0.722741110998353,1.782307254437769,0.7558723220054885
3943,0.8995909990494094,0.18436793038919952,1.782307254437769,0.8629882722584676
3944,1.0339252126558405,0.7086987219935601,1.7886739323842542,0.7558723220054885
3945,0.8885348483403451,0.1671984259972286,1.7886739323842542,0.8629882722584674
3946,1.042714359785811,0.6950757364175907,1.7956129443725244,0.7558723220054883
3947,0.8768961736115015,0.1499619869623821,1.7956129443725244,0.8629882722584675
3948,1.0523649616085113,0.6819485833397309,1.8031413467980602,0.7558723220054885
3949,0.8646934220111989,0.1327052971803225,1.8031413467980602,0.8629882722584679
3950,1.0628187586589046,0.6693958284868703,1.8112754349662925,0.755872322005488
3951,0.8519464136916401,0.11549389312343962,1.8112754349662925,0.8629882722584675
3952,1.0740146438500349,0.6574975629012112,1.8200299152867379,0.7558723220054885
3953,0.8386764144037657,0.09842823626979469,1.8200299152867379,0.862988272258468
3954,1.085889369773795,0.6463346131287887,1.8294170846584796,0.7558723220054885
3955,0.8249062190729096,0.0816788018367807,1.8294170846584796,0.8629882722584679
3956,1.0983782119972465,0.6359875603281168,1.8394460362885092,0.7558723220054883
3957,0.8106602479401067,0.06556998067893235,1.8394460362885092,0.862988272258468
3958,1.1114155784194115,0.626535565608368,1.8501219106548752,0.7558723220054883
3959,0.7959646570629816,0.05079846063020529,1.8501219106548752,0.8629882722584676
3960,1.1249355583760168,0.6180550127378455,1.8614452092301539,0.755872322005488
3961,0.7808474651930605,0.03899592697065486,1.8614452092301539,0.8629882722584676
3962,1.1388724084091297,0.6106179967453138,1.8734111869260432,0.755872322005488
3963,0.7653386992766781,0.033522561644322636,1.8734111869260432,0.8629882722584676
3964,1.153160974340761,0.6042907066947228,1.8860093370494244,0.755872322005488
3965,0.7494705610531123,0.03729778989966982,1.8860093370494244,0.8629882722584677
3966,1.1677370514567669,0.5991317709475215,1.8992229799501688,0.7558723220054884
3967,0.7332776174278122,0.04818533874141279,1.8992229799501688,0.8629882722584677
3968,1.1825376862253396,0.5951906506062478,1.9130289635971802,0.7558723220054882
3969,0.7167970174518358,0.06255061760741064,1.9130289635971802,0.862988272258468
3970,1.1975014240861672,0.5925061781819153,1.9273974811700452,0.7558723220054884
3971,0.7000687387974233,0.07847142582127117,1.9273974811700452,0.862988272258468
3972,1.2125685085183326,0.5911053406897296,1.9422920075405559,0.7558723220054884
3973,0.6831358665196843,0.09512860110823687,1.9422920075405559,0.8629882722584684
3974,1.2276810369043305,0.5910023972487436,1.9576693533846519,0.7558723220054883
3975,0.666044906542784,0.11214911265149499,1.9576693533846519,0.8629882722584682
3976,1.2427830787328462,0.5921984005498689,1.9734798327453147,0.755872322005488
3977,0.6488461355741165,0.1293414886824342,1.9734798327453147,0.8629882722584685
3978,1.2578207614978048,0.5946811611887138,1.9896675372761967,0.7558723220054885
3979,0.6315939878494479,0.14659528201069094,1.9896675372761967,0.8629882722584682
3980,1.2727423293204156,0.5984256578080607,2.0061707082234093,0.7558723220054885
3981,0.614347476999334,0.16383978152301404,2.0061707082234093,0.8629882722584685
3982,1.287498178898693,0.6033948595068684,2.0229221955071623,0.7558723220054886
3983,0.5971706480791358,0.18102542011408063,2.0229221955071623,0.8629882722584685
3984,1.3020408769184115,0.609540895395639,2.039849992071605,0.7558723220054882
3985,0.58013305001456,0.19811468247620997,2.039849992071605,0.8629882722584689
3986,1.3163251625735812,0.6168064837519907,2.0568778309752096,0.7558723220054887
3987,0.5633102118976169,0.21507733723266098,2.0568778309752096,0.8629882722584685
3988,1.3303079383671885,0.625126522232568,2.0739258324636083,0.7558723220054885
3989,0.546784097197989,0.23188778667669097,2.0739258324636083,0.8629882722584686
3990,1.3439482519104835,0.6344297410735811,2.0909111884490628,0.7558723220054887
3991,0.5306434975502332,0.24852352019651858,2.0909111884490628,0.8629882722584686
3992,1.3572072710216962,0.6446403313002405,2.1077488723486106,0.7558723220054885
3993,0.5149843120697949,0.2649641743421871,2.1077488723486106,0.8629882722584687
3994,1.3700482540483558,0.6556794766186815,2.124352363031593,0.7558723220054884
3995,0.499909639374967,0.2811909418749474,2.124352363031593,0.8629882722584686
3996,1.38243651700344,0.6626062872446298,2.140634372620502,0.7558723220054883
3997,0.4855295888230734,0.29718618962291266,2.140634372620502,0.862988272258469
3998,1.394339398814051,0.6630595811556887,2.156507569004261,0.7558723220054884
3999,0.4719606976026642,0.31293320560954924,2.156507569004261,0.8629882722584691
4000,1.3826668235203678,0.9293806449108888,1.4882869587047667,0.0
4001,1.8827714987540363,0.45283554377580437,1.4882869587047667,0.0
4002,1.381851214362742,0.9285104492566745,1.4866513596305513,0.07719810805827436
4003,1.8817543405448351,0.45186058121730643,1.4866513596305513,0.07897125228243326
4004,1.380808473435185,0.9265607217549702,1.483724190623508,0.12065825942934384
4005,1.8801355092903322,0.44977713425913757,1.483724190623508,0.1261611875714721
4006,1.3797501746179246,0.9236513368595586,1.4799433460235456,0.16677241880614552
4007,1.878249554882667,0.44679234465202045,1.4799433460235456,0.17587264599912308
4008,1.3786298078414314,0.9198076015230428,1.4754250729068383,0.21289685539273023
4009,1.8761906999145281,0.442992912995582,1.4754250729068383,0.22542830745950804
4010,1.3773945633784446,0.9150544753117255,1.4702743857169662,0.25789991251737315
4011,1.8740428269082856,0.4384645255982033,1.4702743857169662,0.27374992529492326
4012,1.3759953959824902,0.9094197150313625,1.4645961489459842,0.30137019363805234
4013,1.8718886528001715,0.4332976047537623,1.4645961489459842,0.3204507277167321
4014,1.3743872444515364,0.9029338238290044,1.4584945525241666,0.3431430716075609
4015,1.86980974337183,0.42758806878579586,1.4584945525241666,0.36537756233198915
4016,1.3725288512634355,0.8956299324281207,1.4520722202274536,0.38315298877877046
4017,1.867886129178507,0.4214378760072024,1.4520722202274536,0.40847053286348095
4018,1.3703825687342017,0.8875437135651509,1.4454293848120634,0.4213801851951915
4019,1.8661958884908478,0.41495553609559693,1.4454293848120634,0.44971280282485054
4020,1.3679141696856405,0.8787133296104668,1.4386631488011277,0.45782847946286326
4021,1.864814715849977,0.4082565542101562,1.4386631488011277,0.4891097723864486
4022,1.3650926651511461,0.8691794106783984,1.4318668352766937,0.4925148963171712
4023,1.8638154814111656,0.40146374635174525,1.4318668352766937,0.5266793876516793
4024,1.3618901305575866,0.8589850608740598,1.4251294332457647,0.5254643789861282
4025,1.8632677865587837,0.39470734312221756,1.4251294332457647,0.5624472058458356
4026,1.3582815413844946,0.8481758906190421,1.4185351423552546,0.556706895376417
4027,1.863237522069287,0.38812477666502093,1.4185351423552546,0.5964436917359572
4028,1.3542446189597097,0.8368000731442491,1.4121630213527363,0.5862757579172597
4029,1.863786435788883,0.38186002542469594,1.4121630213527363,0.6287026421675266
4030,1.3497596867736112,0.8249084232183548,1.4060867437120461,0.6142065972409653
4031,1.8649717173074887,0.3760623795500844,1.4060867437120461,0.6592602169654038
4032,1.3448095374735292,0.8125544959704413,1.4003744622946814,0.640536706408582
4033,1.8668456074043083,0.3708844950773362,1.4003744622946814,0.6881543128261266
4034,1.3393793105282858,0.7997947032320982,1.3950887828590968,0.6653046043393298
4035,1.869455040074582,0.3664796380367844,1.3950887828590968,0.7154241398319314
4036,1.3334563804230215,0.786688444125145,1.3902868437512137,0.6885497337788578
4037,1.872841324694774,0.3629980899977867,1.3902868437512137,0.7411099222525028
4038,1.327030255149977,0.7732982456048965,1.3860204963309788,0.7103122445241817
4039,1.8770398753324327,0.3605827982321459,1.3860204963309788,0.7652526781637867
4040,1.3200924846959852,0.7596899072777195,1.382336577756589,0.7306328322107999
4041,1.882079993362266,0.35936449871026277,1.382336577756589,0.7878940505750333
4042,1.3126365791869101,0.7459326429853079,1.3792772648216252,0.7495526142189217
4043,1.887984708435354,0.3594566940113245,1.3792772648216252,0.8090761731681588
4044,1.3046579363288189,0.7320992093323295,1.3768804947888946,0.7671130309322435
4045,1.8947706815057628,0.3609509906971255,1.3768804947888946,0.8288415599186824
4046,1.2961537777814331,0.7182660084933464,1.3751804367515914,0.7833557646603465
4047,1.9024481721060096,0.3639133459106276,1.3751804367515914,0.8472330116222629
4048,1.2871230941082448,0.7045131492728194,1.374207995124858,0.7983226710910291
4049,1.9110210704499762,0.3683817077308125,1.374207995124858,0.8642935346952134
4050,1.2775665979668782,0.69092444657986,1.373991325551123,0.8120557197774063
4051,1.9204869933062532,0.3743653564454981,1.373991325551123,0.8800662691135746
4052,1.2674866852305793,0.6775873353941217,1.3745563428801417,0.8245969412372595
4053,1.9308374410050777,0.3818460018574844,1.3745563428801417,0.8945944233288048
4054,1.2568874037652171,0.6645926712691407,1.3759272010123864,0.8359883789574677
4055,1.9420580114919204,0.39078043066241597,1.3759272010123864,0.9079212146423911
4056,1.2457744296242925,0.6520343859724745,1.3781267252872484,0.8462720450814477
4057,1.954128666084352,0.4011042958215425,1.3781267252872484,0.9200898139543274
4058,1.234155050465727,0.6400089647648545,1.3811767797341385,0.8554898788913844
4059,1.967024040575504,0.4127365403584588,1.3811767797341385,0.9311432940947632
4060,1.2220381560374105,0.6286147120887728,1.3850985538305762,0.8636837074298431
4061,1.980713794589706,0.4255839573251343,1.3850985538305762,0.9411245811505536
4062,1.2094342356224075,0.6179507762870935,1.3899127563439142,0.870895207769557
4063,1.995162991647696,0.43954547968875823,1.3899127563439142,0.9500764083390743
4064,1.1963553823781112,0.6081159126824937,1.3956397072655857,0.8771658705571242
4065,2.0103325022366016,0.4545159271230984,1.3956397072655857,0.9580412720801025
4066,1.1828153045452015,0.5992069789976432,1.4022993226525144,0.8825369645403379
4067,2.026179422284253,0.4703890720570841,1.4022993226525144,0.9650613899860964
4068,1.1688293435404378,0.5913171781766343,1.4099109912277903,0.8870495018495733
4069,2.0426574997763565,0.48705999880163364,1.4099109912277903,0.9711786605406657
4070,1.1544144989803045,0.5845340906176529,1.4184933457085123,0.8907442038478259
4071,2.059717562787771,0.504426806283484,1.4184933457085123,0.9764346242706017
4072,1.1395894607080093,0.5789375685923297,1.4280639358615383,0.8936614673962835
4073,2.077307942879722,0.5223917476428448,1.4280639358615383,0.9808704262427563
4074,1.1243746479115182,0.5745975964531801,1.4386388140734239,0.8958413314061532
4075,2.095374888596224,0.5408619157842584,1.4386388140734239,0.9845267797363922
4076,1.1087922554215206,0.571572245888127,1.4502320475977606,0.8973234435652254
4077,2.113862964629963,0.5597495817831345,1.4502320475977606,0.9874439309564566
4078,1.092866307260954,0.5699058700911557,1.462855174460535,0.8981470271412375
4079,2.132715433079813,0.5789722807815378,1.462855174460535,0.9896616246652076
4080,1.076622717476174,0.5696276791312862,1.4765166221306791,0.8983508477748308
4081,2.151874614054118,0.5984527235431318,1.4765166221306791,0.9912190706198273
4082,1.0600893582068585,0.5707508182208221,1.4912211093963557,0.8979731801838978
4083,2.1712822236584333,0.6181185949425806,1.4912211093963557,0.9921549107129997
4084,1.043296134838325,0.5732720318718678,1.50696905236371,0.8970517747092561
4085,2.1908796881228825,0.6082744643674235,1.50696905236371,0.9925071867225437
4086,1.0262750679151469,0.577171945012015,1.5237559950956014,0.8956238236395797
4087,2.2106084334594054,0.5985548483781878,1.5237559950956014,0.992313308585585
4088,1.0090603812654886,0.5824159351445509,1.5415720841650096,0.89372592726199
4089,2.2304101505854734,0.590216165863048,1.5415720841650096,0.991610023122809
4090,0.991688595475621,0.5889555169986439,1.560401604393329,0.8913940595941683
4091,2.250227036306461,0.5833472241938176,1.560401604393329,0.9904333831493624
4092,0.9741986254452306,0.5967301211171028,1.5802225904049618,0.888663533764783
4093,2.2700020109159587,0.578024056672941,1.5802225904049618,0.9888187169211999
4094,0.9566318802254777,0.6056691256636161,1.6010065255197923,0.8855689670217896
4095,2.289678913457289,0.5743071433543786,1.6010065255197923,0.9868005978792656
4096,0.9390323626705894,0.6156939975562696,1.622718136110636,0.8821442453631136
4097,2.3092026758978696,0.5722390233218531,1.622718136110636,0.9844128146689622
4098,0.9214467655965539,0.6267204123000619,1.6453152860675144,0.878422487801654
4099,2.328519477609708,0.5718425213727898,1.6453152860675144,0.9816883414289647
4100,0.9039245601151384,0.6386602466008771,1.6687489726206766,0.8744360102965627
4101,2.347576881633543,0.5731197691510993,1.6687489726206766,0.9786593083615708
4102,0.8865180705805095,0.6514233681626534,1.6929634216437446,0.870216289405601
4103,2.36632395424048,0.576052126271666,1.6929634216437446,0.9753569726163692
4104,0.8692825291415158,0.6649191777260268,1.7178962778183346,0.8657939257389106
4105,2.3847113693022304,0.5806010127221124,1.7178962778183346,0.9718116895399526
4106,0.8522761012442048,0.6790578855485018,1.7434788827834515,0.8611986073227811
4107,2.4026914989477035,0.5867095672701539,1.7434788827834515,0.9680528843664812
4108,0.8355598716118559,0.6937515259862883,1.7696366326663755,0.8564590730126432
4109,2.42021849192696,0.5943049658959104,1.7696366326663755,0.9641090244468584
4110,0.819197778317369,0.7089147289490897,1.7962894052061558,0.8516030761272161
4111,2.4372483410300356,0.6033011830329503,1.7962894052061558,0.9600075921377819
4112,0.80325648068129,0.7244652761734042,1.8233520460109418,0.8466573485099547
4113,2.4537389408232073,0.6136019623319119,1.8233520460109418,0.9557750584955333
4114,0.7878051450708924,0.7403244745236236,1.8507349032840026,0.8416475652589949
4115,2.46965013687357,0.6251037800574955,1.8507349032840026,0.9514368579426051
4116,0.7729151315135717,0.7564173791340487,1.8783444005396623,0.8365983104018204
4117,2.484943767537925,0.6376986242178786,1.8783444005396623,0.9470173640975673
4118,0.7586595637279385,0.7726728973568802,1.9060836373291046,0.8315330438248798
4119,2.4995836992968874,0.6512764646083703,1.9060836373291046,0.9425398669793091
4120,0.745112766151731,0.7890238012003832,1.933853008724437,0.8264740698002173
4121,2.5135358565219703,0.6657273423720924,1.933853008724437,0.9380265518153293
4122,0.7323495542874244,0.8054066720043472,1.9615508351891089,0.8214425074796026
4123,2.526768246473887,0.6809430545774104,1.9615508351891089,0.9334984796993494
4124,0.7204443696623816,0.8217617970468187,1.98907399542377,0.8164582637503223
4125,2.539250980245467,0.6968184454159974,1.98907399542377,0.928975570355538
4126,0.7094702582718988,0.8380330339469483,2.016318555760267,0.811540008864366
4127,2.55095629028325,0.7132523398424514,2.016318555760267,0.9244765872743258
4128,0.6994977016673317,0.8541676553105864,2.0431803906363575,0.8067051552628974
4129,2.56185854504829,0.7301481689059133,2.0431803906363575,0.9200191254875805
4130,0.6905933226136933,0.87011618313684,2.0695557895858943,0.8019698400194106
4131,2.571934261309186,0.7474143409058642,2.0695557895858943,0.9156196022481874
4132,0.6828185017042547,0.8858322200737991,2.0953420470009876,0.7973489113167733
4133,2.581162114498802,0.7649644113790235,2.0953420470009876,0.9112932508704368
4134,0.6762279561309595,0.9012722826472966,2.1204380316510303,0.7928559193546428
4135,2.5895229475102277,0.7827171001044405,2.1204380316510303,0.9070541179727274
4136,0.6708683450756961,0.9163956400340492,2.144744733573523,0.7885031120539636
4137,2.596999778257142,0.800596196633662,2.144744733573523,0.9029150643427946
4138,0.6667769756808072,0.9311641607483989,2.1681657864844004,0.7843014358843353
4139,2.6035778062782224,0.8185303886148614,2.1681657864844004,0.8988877696180614
4140,0.6639806870893127,0.9455421686992641,2.190607964296582,0.7802605420881551
4141,2.6092444186243773,0.8364530402132663,2.190607964296582,0.8949827409399671
4142,0.6624949859583752,0.9594963093949898,2.2119816506929406,0.7763887985133733
4143,2.6139891952306775,0.8543019416945771,2.2119816506929406,0.8912093257017898
4144,0.6623234945079893,0.9729954265798962,2.2322012809838,0.7726933071955608
4145,2.6178039139415423,0.872019045931988,2.2322012809838,0.8875757284651667
4146,0.6634577522948324,0.9860104492364614,2.251185755699847,0.769179927751374
4147,2.620682555327408,0.8895502032518404,2.251185755699847,0.8840890320721242
4148,0.6658773876238326,0.9985142886476065,2.2688588255393984,0.7658533065613515
4149,2.622621307403225,0.9068449025823676,2.2688588255393984,0.8807552229280323
4150,0.6695506470357069,1.010481745057472,2.285149447414039,0.7627169116325924
4151,2.6236185703332136,0.9238560242018191,2.285149447414039,0.8775792203776328
4152,0.6744352453073872,1.0218894233750015,2.29999211142759,0.759773072943674
4153,2.6236749611817682,0.9405396073684829,2.29999211142759,0.8745649100425199
4154,0.6804794772477203,1.0327156573160021,2.3133271386878813,0.7570230279878298
4155,2.6227933187467154,0.956854634630949,2.3133271386878813,0.871715180935472
4156,0.6876235186681773,1.0429404413632992,2.3251009498955,0.7544669721484496
4157,2.6209787084877765,0.9727628335502895,2.3251009498955,0.8690319661162567
4158,0.6958008382943799,1.0525453699314928,2.335266304683937,0.7521041134658648
4159,2.618238427539485,0.9882284958211445,2.335266304683937,0.8665162866061931
4160,0.704939644687461,1.0615135831453313,2.3437825117058115,0.7499327312883548
4161,2.6145820097734567,1.003218313277603,2.3437825117058115,0.8641682982361386
4162,0.7149643009668664,1.0698297186734884,2.3506156094734005,0.7479502382451904
4163,2.6100212308491932,1.0177012299495731,2.3506156094734005,0.8619873410656521
4164,0.7257966531196581,1.0774798690986032,2.3557385179711736,0.746153244936784
4165,2.6045701131650243,1.031648309147092,2.3557385179711736,0.8599719909808068
4166,0.7373572326559951,1.0844515443469855,2.359131161065171,0.7445376267075774
4167,2.5982449305906727,1.0450326144561501,2.359131161065171,0.858120113055054
4168,0.7495663093086256,1.0907336387454678,2.360780559740116,0.7430985918516139
4169,2.5910642128298216,1.0578291035016991,2.360780559740116,0.8564289162421838
4170,0.7623447828788021,1.0963164023170415,2.3606808962007646,0.7418307505987668
4171,2.5830487492242242,1.070014533350422,2.3606808962007646,0.8548950089628249
4172,0.775614914304238,1.1011914159703813,2.358833548879498,0.7407281842407569
4173,2.574221591769834,1.0745740788376124,2.358833548879498,0.8535144551461412
4174,0.7893009042158657,1.1053515702804952,2.3552470983976064,0.7397845137794635
4175,2.564608057069522,1.068816562380405,2.3552470983976064,0.852282830295956
4176,0.8033293327284902,1.108791047598299,2.3499373045327756,0.7389929675142459
4177,2.554235726895596,1.0623284155670145,2.3499373045327756,0.8511952771651012
4178,0.8176294773149055,1.1115053072657777,2.34292705424985,0.7383464470284863
4179,2.543134446978059,1.0551210429385849,2.34292705424985,0.8502465606425369
4180,0.832133526815428,1.1134910737505794,2.334246280855449,0.7378375910865346
4181,2.5313363235708044,1.0472070958425652,2.334246280855449,0.8494311214840017
4182,0.846776709434849,1.1147463275494789,2.323931854339371,0.737458837008821
4183,2.5188757172774126,1.0386005020143538,2.323931854339371,0.848743128547639
4184,0.861497351436191,1.115270298744353,2.3120274429666337,0.7372024791532271
4185,2.5057892335406184,1.0293164993786712,2.3120274429666337,0.8481765292302794
4186,0.8762368815389968,1.11506346312726,2.2985833461836056,0.7370607241930233
4187,2.4921157091147914,1.019371674587266,2.2985833461836056,0.8477250978368434
4188,0.8909397940651753,1.1141275408432108,2.283656298900469,0.7370257429441732
4189,2.477896193749059,1.0087840068725795,2.283656298900469,0.8473824816536554
4190,0.905553581859637,1.1124654975304,2.267309247210968,0.737089718555998
4191,2.463173926210575,0.997572917864549,2.267309247210968,0.8471422445354825
4192,0.9200286480861477,1.1100815479683306,2.2496110956106166,0.7372448909378614
4193,2.447994303673643,0.9857593280892969,2.2496110956106166,0.8469979078548955
4194,0.9343182042440379,1.1069811622745551,2.2306364257783664,0.7374835973495927
4195,2.432404843392463,0.9733657209429456,2.2306364257783664,0.8469429887004024
4196,0.948378160209684,1.1031710747208887,2.210465186997241,0.7377983091339955
4197,2.4164551354650747,0.9604162150094562,2.210465186997241,0.8469710352460643
4198,0.9621670107898246,1.0986592952700518,2.1891823583106285,0.7381816646154509
4199,2.4001967853863087,0.9469366456653127,2.1891823583106285,0.8470756592494012
4200,0.9756457221748742,1.093455123963854,2.1668775825480227,0.7386264982289024
4201,2.3836833449818045,0.9329546569818885,2.1668775825480227,0.8472505656659797
4202,0.9887776207815586,1.0875691683242839,2.1436447724134644,0.7391258659782927
4203,2.3669702302178273,0.9184998049921499,2.1436447724134644,0.8474895793977688
4204,1.00152828625209,1.0810133639591086,2.1195816889195562,0.7396730673527935
4205,2.35011462429818,0.9036036734231601,2.1195816889195562,0.8477866692180035
4206,1.0138654498067308,1.0738009985936705,2.0947894925788915,0.7402616638530884
4207,2.3331753643966433,0.8883000029972262,2.0947894925788915,0.8481359689377899
4208,1.025758898703563,1.0659467397801057,2.069372267943521,0.7408854942988063
4209,2.3162128103386874,0.8726248353554263,2.069372267943521,0.8485317958990031
4210,1.0371803872211354,1.0574666665636705,2.043436522323053,0.741538687102318
4211,2.299288693548541,0.8566166725344495,2.043436522323053,0.848968666894229
4212,1.0481035543266013,1.0483783054124187,2.017090659825294,0.7422156697038982
4213,2.282465944626785,0.8403166527002258,2.017090659825294,0.8494413116277084
4214,1.0585038480069053,1.0387006707399533,1.9904444322618309,0.7429111753692035
4215,2.2658084980298017,0.8237687424687837,1.9904444322618309,0.8499446838416104
4216,1.0683584561092347,1.0284543103697652,1.9636083689555532,0.7436202475525532
4217,2.2493810724964094,0.8070199455732566,1.9636083689555532,0.8504739702397045
4218,1.077646243447518,1.0176613563015882,1.9366931880862317,0.7443382420291272
4219,2.233248926119171,0.7901205267986202,1.9366931880862317,0.8510245973458452
4220,1.0863476948745994,1.006345581142322,1.9098091929183327,0.7450608269963463
4221,2.217477585297638,0.7731242489191626,1.9098091929183327,0.8515922364378481
4222,1.094444863987159,0.9945324605525697,1.8830656570706459,0.745783981339815
4223,2.2021325472455433,0.7560886187374948,1.8830656570706459,0.8521728066986096
4224,1.1019213271163664,0.9822492420297378,1.856570203900225,0.7465039912526894
4225,2.187278956258289,0.7390751361225697,1.856570203900225,0.8527624767259143
4226,1.1087621422568614,0.9695250202935357,1.8304281860632718,0.7472174453895262
4227,2.172981254581136,0.7221495370527663,1.8304281860632718,0.8533576645405266
4228,1.1149538125961902,0.9563908194514643,1.8047420723501881,0.7479212287269384
4229,2.15930280944737,0.7053820179672541,1.8047420723501881,0.8539550362291501
4230,1.1204842543234925,0.9428796819902934,1.7796108499240575,0.7486125152939697
4231,2.1463055186676985,0.6888474241201388,1.7796108499240575,0.8545515033547921
4232,1.1253427684177992,0.9290267644518734,1.755129451059783,0.7492887599252746
4233,2.1340493980282984,0.6726253790885333,1.755129451059783,0.8551442192622738
4234,1.1295200161411845,0.9148694393924709,1.7313882143093076,0.7499476891801808
4235,2.1225921546683146,0.6568003262026404,1.7313882143093076,0.8557305744011899
4236,1.1330079979890133,0.9004474028754756,1.7084723906198738,0.7505872915606507
4237,2.111988751523346,0.6414614457425899,1.7084723906198738,0.8563081907827472
4238,1.1358000358777611,0.8858027862859472,1.686461705213406,0.751205807151211
4239,2.1022909687974387,0.6267024048879184,1.686461705213406,0.8568749156807126
4240,1.1378907583797946,0.8709802706569945,1.6654299859024022,0.7518017167942342
4241,2.0935469692147293,0.612620891630463,1.6654299859024022,0.8574288146803181
4242,1.1392760888436386,0.8560272009348369,1.6454448678869475,0.7523737309045384
4243,2.0858008744522247,0.599317880691816,1.6454448678869475,0.8579681641725014
4244,1.1399532362674298,0.8409936966528818,1.626567583883909,0.7529207780182868
4245,2.0790923606165945,0.5868965809613033,1.626567583883909,0.8584914433843751
4246,1.139920688822261,0.8259327543078174,1.608852846648701,0.7534419931625733
4247,2.073456280853541,0.5754610225102876,1.608852846648701,0.8589973260304327
4248,1.1391782099509722,0.8109003353106518,1.5923488285680731,0.7539367061239876
4249,2.0689223231299083,0.5651142592713526,1.5923488285680731,0.8594846716627158
4250,1.1377268369965994,0.7959554317124645,1.577097240082479,0.754404429686793
4251,2.065514710880269,0.5559561927528824,1.577097240082479,0.8599525167920988
4252,1.135568882343212,0.781160099988691,1.5631335053427209,0.7548448479042247
4253,2.063251953551386,0.5480810628141523,1.5631335053427209,0.8604000658469407
4254,1.1327079370803343,0.7665794510499568,1.550487029870563,0.7552578044597223
4255,2.062146653118553,0.5415747009851618,1.550487029870563,0.8608266820297544
4256,1.1291488772306064,0.7522815824227526,1.5391815512705238,0.7556432911687317
4257,2.062205371415746,0.5365116940604276,1.5391815512705238,0.8612318781271439
4258,1.1248978726088665,0.7383374363661525,1.5292355604516434,0.7560014366659494
4259,2.063428561664362,0.5329526513506506,1.5292355604516434,0.8616153073231749
4260,1.1199623984094922,0.7248205658021037,1.5206627775952695,0.7563324953175877
4261,2.0658105659667707,0.5309417967419952,1.5206627775952695,0.8619767540615012
4262,1.1143512496475703,0.711806788676194,1.513472664469702,0.7566368363933352
4263,2.0693396788270615,0.5305051062199967,1.513472664469702,0.8623161249970392
4264,1.1080745586082712,0.6993737111773278,1.5076709528370886,0.756914933528176
4265,2.0739982750545667,0.5316491769373013,1.5076709528370886,0.8626334400736991
4266,1.1011438154874682,0.6876001016631311,1.5032601677673394,0.7571673545000999
4267,2.079762998778773,0.5343609469724515,1.5032601677673394,0.8629288237606848
4268,1.093571892434947,0.6765651007454285,1.500240124753193,0.757394751345913
4269,2.086605008833582,0.5386082957982975,1.500240124753193,0.8632024964761297
4270,1.08537307123902,0.6663472593331421,1.4986083806281973,0.7575978508338799
4271,2.0944902745194542,0.5443414606089663,1.4986083806281973,0.8634547662233524
4272,1.07656307491739,0.657023405889718,1.4983606203761028,0.7577774453087136
4273,2.1033799147723493,0.551495121183208,1.4983606203761028,0.8636860204617625
4274,1.0671591035027475,0.6486673567864158,1.499490964874753,0.7579343839214989
4275,2.113230573088459,0.5599909504079578,1.499490964874753,0.8638967182314315
4276,1.0571798743316125,0.641348498952292,1.501992188276802,0.758069564254436
4277,2.1239948201835794,0.569740406017342,1.501992188276802,0.8640873825475436
4278,1.0466456671596045,0.6351302909005977,1.5058558378915468,0.7581839243478201
4279,2.1356215762969883,0.5806475501617826,1.5058558378915468,0.8642585930783409
4280,1.0355783744333449,0.6300687447978652,1.511072253871256,0.7582784351344088
4281,2.1480565452569427,0.5926117191611816,1.511072253871256,0.8644109791177711
4282,1.0240015570455967,0.6262109660910539,1.5176304904872908,0.7583540932842484
4283,2.1612426528707207,0.605529915103132,1.5176304904872908,0.8645452128618293
4284,1.0119405058820556,0.6235938356193267,1.5255181450775748,0.7584119144611202
4285,2.1751204828403083,0.6192988429958848,1.5255181450775748,0.8646620029955245
4286,0.9994223094304013,0.6222429196908517,1.534721104647318,0.7584529269900169
4287,2.189628704184741,0.633816563784726,1.534721104647318,0.8647620885955031
4288,0.9864759276583838,0.6221716847951864,1.5452232234287002,0.7584781659334576
4289,2.2047044850209385,0.6489837700204691,1.5452232234287002,0.8648462333516175
4290,0.9731322722697135,0.6233810754044505,1.5570059473096876,0.7584886675729701
4291,2.220283888468603,0.6446501319598269,1.5570059473096876,0.8649152201091237
4292,0.9594242933043207,0.6258594873734254,1.5700479028293366,0.7584854642907192
4293,2.2363022473589145,0.6335235254117034,1.5700479028293366,0.8649698457316853
4294,0.9453870718506862,0.6295831390206686,1.5843244693573646,0.7584695798450284
4295,2.252694515306023,0.6235013828532769,1.5843244693573646,0.8650109162840381
4296,0.9310579183674864,0.6345168112539787,1.5998073531298735,0.7584420250324136
4297,2.269395592517163,0.6146740477178972,1.5998073531298735,0.8650392425318896
4298,0.916476475751851,0.6406149013510727,1.6164641810493403,0.7584037937277107
4299,2.2863406254521093,0.6071255347036896,1.6164641810493403,0.8650556357555086
4300,0.9016848258214694,0.6478227156301882,1.6342581306669808,0.7583558592929532
4301,2.3034652800836057,0.6009312277637281,1.6342581306669808,0.8650609038724116
4302,0.8867275972742366,0.6560779161532032,1.6531476106763792,0.7582991713448133
4303,2.320705989051799,0.596155578954074,1.6531476106763792,0.8650558478636096
4304,0.8716520724270047,0.6653120359736362,1.67308600371104,0.7582346528696549
4305,2.3380001734475906,0.5928499583297,1.67308600371104,0.8650412584970213
4306,0.8565082890887612,0.675451984933778,1.694021480421022,0.7581631976745756
4307,2.3552864403063736,0.5910508165318118,1.694021480421022,0.8650179133408891
4308,0.8413491327700063,0.6864214812945308,1.7158968908718641,0.7580856681622199
4309,2.3725047571521145,0.5907783133183322,1.7158968908718641,0.8649865740593461
4310,0.8262304130524504,0.6981423608512941,1.7386497364192062,0.7580028934166172
4311,2.389596605111426,0.5920355350096657,1.7386497364192062,0.8649479839816537
4312,0.8112109163371874,0.7105357321467973,1.7622122225011936,0.7579156675868649
4313,2.406505112228509,0.5948083741934175,1.7622122225011936,0.8649028659361064
4314,0.7963524253722004,0.7235229619957708,1.7865113903668821,0.757824748555087
4315,2.4231751686652636,0.5990660831943083,1.7865113903668821,0.8648519203391107
4316,0.7817196939808996,0.7370264885560368,1.8114693236999155,0.7577308568748075
4317,2.439553525476876,0.6047624490193145,1.8114693236999155,0.8647958235295481
4318,0.7673803633684654,0.750970469065659,1.8370034244476292,0.7576346749656248
4319,2.4555888786215836,0.6118374824956025,1.8370034244476292,0.8647352263381822
4320,0.7534048044304295,0.7652812761056721,1.8630267509405898,0.7575368465499187
4321,2.4712319398028826,0.6202194766188137,1.8630267509405898,0.8646707528815918
4322,0.7398658688645671,0.7798878601898067,1.8894484105740603,0.7574379763171959
4323,2.486435495660999,0.6298272729732131,1.8894484105740603,0.8646029995698798
4324,0.7268385309185474,0.7947219981591139,1.9161739988872994,0.7573386298016448
4325,2.5011544567346435,0.6405725799657567,1.9161739988872994,0.8645325343172483
4326,0.7143994017086087,0.8097184468534658,1.943106076770581,0.7572393334584772
4327,2.5153458975094343,0.6523622081657855,1.943106076770581,0.8644598959444019
4328,0.7026260997097367,0.8248150203876575,1.970144677696142,0.7571405749246994
4329,2.5289690887604928,0.6651001197972108,1.970144677696142,0.864385593761679
4330,0.6915964647663889,0.8399526075344437,1.9971878372476006,0.7570428034500878
4331,2.541985523287104,0.6786892247154973,1.9971878372476006,0.8643101073217975
4332,0.6813876092754639,0.8550751435637671,2.0241321377538544,0.7569464304843124
4333,2.5543589360297663,0.6930328885475328,2.0241321377538544,0.8642338863311221
4334,0.6720748093512351,0.870129548659715,2.0508732614640928,0.7568518304063749
4335,2.5660553194564537,0.7080361465114076,2.0508732614640928,0.8641573507084219
4336,0.6637302507761627,0.8850656429010819,2.0773065463834386,0.756759341382799
4337,2.5770429350068706,0.7236066371377263,2.0773065463834386,0.8640808907802228
4338,0.6564216588740671,0.8998360458464157,2.1033275395853077,0.7566692663413285
4339,2.5872923212918364,0.7396552836077321,2.1033275395853077,0.8640048676019786
4340,0.6502108570146333,0.9143960670584392,2.1288325434968867,0.7565818740472325
4341,2.5967762996601866,0.7560967576262151,2.1288325434968867,0.8639296133944856
4342,0.6451523135446117,0.9287035924496687,2.153719151296303,0.7564974002697129
4343,2.6054699776679144,0.7728497630508359,2.153719151296303,0.8638554320851779
4344,0.6412917493143789,0.9427189701227887,2.1778867681496736,0.7564160490263265
4345,2.6133507509136478,0.7898371753738533,2.1778867681496736,0.863782599944188
4346,0.6386648852143897,0.9564048983950524,2.2012371155449553,0.7563379938937939
4347,2.620398303640693,0.8069860699045466,2.2012371155449553,0.8637113663053327
4348,0.6372964091318575,0.9697263179087775,2.2236747164441972,0.7562633793740315
4349,2.6265946084484457,0.824227667166022,2.2236747164441972,0.8636419543624785
4350,0.6371992332041656,0.9826503091111608,2.245107359376853,0.7561923223047564
4351,2.631923925404462,0.8414972193426824,2.245107359376853,0.8635745620320737
4352,0.6383740952141472,0.9951459959083779,2.2654465399376864,0.7561249133045289
4353,2.6363728008023233,0.8587338570796709,2.2654465399376864,0.8635093628729658
4354,0.640809534001116,1.0071844559358212,2.2846078784384716,0.7560612182426233
4355,2.6399300657691462,0.875880411823394,2.2846078784384716,0.8634465070549895
4356,0.644482240774799,1.0187386376160934,2.302511512699317,0.7560012797246812
4357,2.642586834889423,0.8928832253347567,2.302511512699317,0.8633861223681824
4358,0.649357759973766,1.0297832839799226,2.3190824651595574,0.7559451185856387
4359,2.644336504978378,0.9096919550371764,2.3190824651595574,0.8633283152648716
4360,0.6553914886169159,1.040294863086642,2.334250983646225,0.7558927353819933
4361,2.645174754107411,0.9262593814530025,2.334250983646225,0.8632731719272665
4362,0.6625299050284843,1.0502515047872314,2.347952855266364,0.7558441118760282
4363,2.6450995409560285,0.9425412220758639,2.347952855266364,0.863220759353612
4364,0.6707119481301036,1.0596329435136431,2.3601296929934112,0.755799212505184
4365,2.644111104538117,0.9584959545507924,2.3601296929934112,0.8631711264563386
4366,0.6798704674163338,1.0684204667448067,2.370729194602575,0.7557579858303146
4367,2.6422119643251323,0.9740846509152086,2.370729194602575,0.8631243051660854
4368,0.6899336701332753,1.076596868785777,2.379705373679787,0.7557203659571249
4369,2.6394069207639212,0.9892708238236438,2.379705373679787,0.8630803115358671
4370,0.7008265040199738,1.0841464094966968,2.387018762486944,0.7556862739256234
4371,2.6357030561620416,1.004020285077211,2.387018762486944,0.8630391468400699
4372,0.7124719288426169,1.0910547776187471,2.3926365865156765,0.7556556190629645
4373,2.6311097358878954,1.0183010163544688,2.3926365865156765,0.8630007986633728
4374,0.724792045577466,1.0973090583618832,2.3965329106049933,0.7556283002955557
4375,2.6256386098061935,1.03208305175162,2.3965329106049933,0.8629652419750894
4376,0.7377090666762548,1.1028977049417372,2.3986887565365933,0.7556042074168328
4377,2.619303613840586,1.0453383715533604,2.3986887565365933,0.8629324401848303
4378,0.7511461231944881,1.1078105137788223,2.399092192056569,0.7555832223075615
4379,2.6121209715241425,1.0580408065446378,2.399092192056569,0.8629023461757591
4380,0.7650279141071025,1.1120386031009264,2.3977383913045363,0.7555652201060273
4381,2.6041091953640847,1.070165952117506,2.3977383913045363,0.8628749033121116
4382,0.7792812098038614,1.1155743947184105,2.3946296666613054,0.7555500703258881
4383,2.5952890878092107,1.081691091410396,2.3946296666613054,0.8628500464180006
4384,0.7938352258170066,1.118411598771442,2.389775472054333,0.7555376379199186
4385,2.585683741566119,1.087689309314777,2.389775472054333,0.8628277027248991
4386,0.8086218847424196,1.1205452012776014,2.3831923777863437,0.7555277842882661
4387,2.5753185389630913,1.0811536135120166,2.3831923777863437,0.8628077927855275
4388,0.8235759845930275,1.1219714543375268,2.3749040169766027,0.755520368230224
4389,2.5642211500077012,1.0739087709851585,2.3749040169766027,0.8627902313521991
4390,0.838635290967776,1.122687868885245,2.3649410037261474,0.7555152468388958
4391,2.552421528725433,1.0659662212334,2.3649410037261474,0.8627749282180126
4392,0.8537405688594515,1.1226932098984672,2.3533408231376844,0.7555122763384526
4393,2.5399519073012184,1.0573386613293367,2.3533408231376844,0.8627617890195566
4394,0.8688355679980698,1.1219874940125034,2.34014769333779,0.7555113128640029
4395,2.5268467874736436,1.0480400759379902,2.34014769333779,0.8627507160000928
4396,0.8838669735812067,1.1205719895095894,2.3254123996634557,0.7555122131843873
4397,2.5131429285522966,1.0380857718353322,2.3254123996634557,0.862741608732443
4398,0.8987843322464317,1.1184492186834476,2.3091921011873606,0.7555148353684819
4399,2.498879331342347,1.0274924174393762,2.3091921011873606,0.8627343648010756
4400,0.9135399612972395,1.115622962606929,2.291550109767004,0.7555190393958221
4401,2.4840972171672715,1.0162780879324167,2.291550109767004,0.8627288804431065
4402,0.9280888475573579,1.1120982683586969,2.2725556418132062,0.7555246877126074
4403,2.4688400010811713,1.0044623166226145,2.2725556418132062,0.8627250511481559
4404,0.9423885408195406,1.1078814587932388,2.2522835429850536,0.7555316457343236
4405,2.4531532582574136,0.9920661532662083,2.2522835429850536,0.8627227722172198
4406,0.9563990456719312,1.1029801449670846,2.2308139860334255,0.755539782296413
4407,2.43708468243193,0.9791122301469065,2.2308139860334255,0.8627219392808875
4408,0.970082714512242,1.0974032413629764,2.2082321420370588,0.7555489700545757
4409,2.4206840351695305,0.9656248367844195,2.2082321420370588,0.8627224487774189
4410,0.9834041437746421,1.0911609840828924,2.1846278253076075,0.7555590858364212
4411,2.4040030846129863,0.9516300042164351,2.1846278253076075,0.8627241983913532
4412,0.9963300747710087,1.084264952210076,2.1600951122886727,0.7555700109463136
4413,2.3870955322711858,0.9371555998628495,2.1600951122886727,0.8627270874534596
4414,1.0088293000616864,1.0767280925693843,2.1347319348445253,0.7555816314253524
4415,2.370016926309032,0.9222314340308577,2.1347319348445253,0.862731017302977
4416,1.020872575897546,1.0685647481438916,2.1086396484348713,0.7555938382685045
4417,2.35282455972386,0.9068893791448405,2.1086396484348713,0.8627358916131921
4418,1.0324325409938102,1.0597906904331909,2.0819225758112045,0.7556065276009868
4419,2.3355773517377596,0.8911635027722794,2.0819225758112045,0.8627416166815155
4420,1.0434836416886129,1.050423156064302,2.0546875270578964,0.7556196008160319
4421,2.318335710710428,0.87509021544763,2.0546875270578964,0.8627481016852944
4422,1.054002063390222,1.0404808879883083,2.027043297047747,0.7556329646762109
4423,2.3011613768920647,0.8587084341450824,2.027043297047747,0.8627552589046857
4424,1.0639656681135092,1.0299841816130804,1.9991001416981256,0.7556465313805177
4425,2.2841172434002877,0.8420597619850995,1.9991001416981256,0.8627630039139572
4426,1.0733539378382448,1.0189549362324162,1.9709692348104282,0.755660218599411
4427,2.2672671539296467,0.8251886843347802,1.9709692348104282,0.8627712557426643
4428,1.0821479233807831,1.0074167121115978,1.9427621077613766,0.7556739494800188
4429,2.2506756758976625,0.8081427808222061,1.9427621077613766,0.8627799370081486
4430,1.090330198450015,0.9953947935747411,1.9145900748956743,0.755687652623695
4431,2.2344078480076766,0.7909729518589916,1.9145900748956743,0.862788974020877
4432,1.0978848185529315,0.9829162584052537,1.8865636481475347,0.7557012620380904
4433,2.2185289015750214,0.773733656966093,1.8865636481475347,0.8627982968641283
4434,1.1047972844206437,0.9700100538105715,1.858791945188793,0.7557147170658627
4435,2.203103955425938,0.7564831604220148,1.858791945188793,0.8628078394495645
4436,1.1110545096391933,0.9567070791077921,1.8313820962506933,0.7557279622921231
4437,2.188197684741639,0.7392837773827249,1.8313820962506933,0.8628175395502108
4438,1.1166447921884934,0.943040275147278,1.8044386556713408,0.7557409474326504
4439,2.17387396488187,0.7222021105355773,1.8044386556713408,0.8628273388123804
4440,1.1215577896155609,0.9290447202938593,1.7780630251454395,0.755753627204858
4441,2.16019549197648,0.7053092634313929,1.7780630251454395,0.8628371827480504
4442,1.125784497593471,0.9147577325140229,1.7523528965480037,0.7557659611834352
4443,2.1472233829062968,0.6886810118118643,1.7523528965480037,0.8628470207091926
4444,1.1293172316442341,0.9002189767535358,1.727401723006532,0.75577791364252
4445,2.135016758184773,0.6723979085154262,1.727401723006532,0.8628568058455237
4446,1.1321496118313898,0.8854705763111216,1.7032982275316975,0.7557894533861802
4447,2.1236323121702783,0.6565452910483767,1.7032982275316975,0.8628664950471222
4448,1.1342765502560892,0.8705572262948943,1.6801259589011135,0.7558005535689227
4449,2.11312387594849,0.6412131540222928,1.6801259589011135,0.8628760488733137
4450,1.1356942412184696,0.8555263064617592,1.6579629045365414,0.7558111915078529
4451,2.10354197908125,0.6264958420879542,1.6579629045365414,0.862885431469196
4452,1.1364001539340733,0.8404279897575698,1.6368811697382333,0.7558213484880416
4453,2.094933417173636,0.6124915138800859,1.6368811697382333,0.8628946104711274
4454,1.1363930277228405,0.8253153416710874,1.6169467317698771,0.7558310095625671
4455,2.08734083281363,0.5993013254735375,1.6169467317698771,0.8629035569024596
4456,1.135672869615792,0.8102444040675052,1.5982192758759437,0.7558401633486227
4457,2.0808023178386046,0.5870282850746598,1.5982192758759437,0.862912245060738
4458,1.1342409543519718,0.7952742554700815,1.5807521183454116,0.7558488018209917
4459,2.075351045035058,0.5757757415621674,1.5807521183454116,0.8629206523975627
4460,1.132099826765577,0.7804670378259355,1.5645922192391124,0.7558569201041091
4461,2.07101493724725,0.5656454903282071,1.5645922192391124,0.8629287593922208
4462,1.1292533065905817,0.7658879376734468,1.5497802844470603,0.7558645162638484
4463,2.067816381434887,0.556735512028229,1.5497802844470603,0.8629365494201748
4464,1.125706495737593,0.7516051074230885,1.5363509534608402,0.7558715911000881
4465,2.065771994474878,0.5491374028049738,1.5363509534608402,0.8629440086174194
4466,1.1214657881252774,0.7376895103378266,1.5243330658025558,0.755878147941025
4467,2.064892446461806,0.542933604884492,1.5243330658025558,0.8629511257416649
4468,1.1165388821764621,0.7242146710058539,1.5137499956491323,0.7558841924401297
4469,2.0651823459600407,0.5381945972594282,1.5137499956491323,0.8629578920312574
4470,1.1109347961169507,0.7112563119890641,1.5046200410513957,0.7558897323765543
4471,2.0666401901498186,0.5349762475340536,1.5046200410513957,0.8629643010626751
4472,1.1046638862431395,0.6988918573590975,1.4969568514948548,0.7558947774597286
4473,2.069258381157955,0.5333175467173817,1.4969568514948548,0.8629703486074016
4474,1.0977378683524635,0.687199785537561,1.490769875587222,0.7558993391387983
4475,2.0730233081495113,0.5332389394725122,1.490769875587222,0.8629760324889019
4476,1.090169842558301,0.6762588178135558,1.4860648095510964,0.755903430417501
4477,2.0779154930630583,0.5347414191009506,1.4860648095510964,0.8629813524403877
4478,1.0819743217377178,0.6661469356430206,1.482844027058014,0.7559070656749882
4479,2.0839097962807323,0.5378064833068614,1.482844027058014,0.8629863099639908
4480,1.0731672638856806,0.6569402296778843,1.4811069718050665,0.7559102604930469
4481,2.0909756771090335,0.5423969555069986,1.4811069718050665,0.862990908191922
4482,1.0637661086721717,0.6487115964097003,1.480850496079274,0.7559130314901017
4483,2.099077502767894,0.5484585842597891,1.480850496079274,0.8629951517501293
4484,1.0537898185176198,0.6415293137884958,1.482069131281051,0.7559153961623228
4485,2.108174898687652,0.5559222576820955,1.482069131281051,0.8629990466249313
4486,1.0432589245155106,0.6354555439670627,1.4847552798292447,0.7559173727320986
4487,2.118223132320438,0.5647066231573142,1.4847552798292447,0.8630026000330338
4488,1.0321955775365106,0.6305448274984895,1.488899321842087,0.7559189800040843
4489,2.129173522388864,0.5747208900097622,1.488899321842087,0.8630058202953164
4490,1.020623604842841,0.6268426464054351,1.4944896342461131,0.7559202372289778
4491,2.140973865507214,0.5858676108775963,1.4944896342461131,0.8630087167146998
4492,1.0085685725208933,0.6243841408828487,1.5015125242611291,0.7559211639751287
4493,2.153568872389689,0.5980452773023944,1.5015125242611291,0.8630112994583886
4494,0.9960578539989788,0.6231930636946561,1.509952083301249,0.7559217800080414
4495,2.1669006063660285,0.6111506154080619,1.509952083301249,0.8630135794447199
4496,0.9831207048489862,0.6232810462685573,1.5197899709989577,0.755922105177781
4497,2.1809089176091554,0.625080518291155,1.5197899709989577,0.8630155682348263
4498,0.9697883439672459,0.6246472312692141,1.5310051421156536,0.7559221593142648
4499,2.1955318672912054,0.6397335956516625,1.5310051421156536,0.8630172779292696
4500,0.9560940410806816,0.6272782999310346,1.5435735314087435,0.7559219621303704
4501,2.2107061367730205,0.6532695345274284,1.5435735314087435,0.8630187210697715
4502,0.9420732103166067,0.6311488920275665,1.5574677129957202,0.7559215331327686
4503,2.2263674178511863,0.6414459516925106,1.5574677129957202,0.8630199105461404
4504,0.9277635092929193,0.6362223862468657,1.5726565513593354,0.7559208915403496
4505,2.2424507809953234,0.630661299600005,1.5726565513593354,0.8630208595084439
4506,0.913204942811731,0.6424519830687506,1.5891048608993033,0.7559200562100916
4507,2.25889101937339,0.6210087333418663,1.5891048608993033,0.8630215812844687
4508,0.8984399697525208,0.6497820141981229,1.6067730899290347,0.7559190455701865
4509,2.275622967258944,0.612576611827753,1.6067730899290347,0.8630220893024657
4510,0.8835136111371015,0.6581493938603641,1.625617043355959,0.7559178775602224
4511,2.29258179212427,0.605446277838769,1.625617043355959,0.8630223970191547
4512,0.8684735565526684,0.6674851277717125,1.6455876561164633,0.7559165695781962
4513,2.3097032603369576,0.5996897507345282,1.6455876561164633,0.863022517852953
4514,0.8533702651455546,0.6777158038786465,1.6666308269239802,0.7559151384341185
4515,2.326923976890963,0.5953674645184509,1.6666308269239802,0.8630224651223508
4516,0.8382570562143595,0.6887650026321115,1.6886873191982166,0.7559136003099547
4517,2.3441816000178495,0.5925262059320716,1.6886873191982166,0.8630222519893481
4518,0.8231901830212929,0.7005545809606101,1.7116927333336347,0.755911970725633
4519,2.3614150318448046,0.5911974129284533,1.7116927333336347,0.8630218914078557
4520,0.8082288818029331,0.7130058008144451,1.7355775518762777,0.7559102645108392
4521,2.3785645865013043,0.5913959788084849,1.7355775518762777,0.8630213960769253
4522,0.7934353861167375,0.7260402883379636,1.7602672568239464,0.7559084957823169
4523,2.395572137235428,0.5931196707901916,1.7602672568239464,0.8630207783986897
4524,0.7788748946624581,0.739580822258476,1.785682516228969,0.7559066779263742
4525,2.4123812441945063,0.5963492178178683,1.785682516228969,0.8630200504408491
4526,0.7646154786717356,0.7535519594887918,1.8117394356168197,0.7559048235863042
4527,2.4289372645635305,0.6010490592552422,1.8117394356168197,0.8630192239035628
4528,0.7507279130327447,0.7678805122657479,1.8383498684587753,0.7559029446544187
4529,2.445187446748911,0.6071686843635745,1.8383498684587753,0.8630183100905585
4530,0.7372854137580236,0.7824958947617983,1.8654217790471368,0.7559010522683931
4531,2.461081010254281,0.6146444423895786,1.8654217790471368,0.8630173198843037
4532,0.724363263551266,0.797330358547941,1.8928596505906157,0.7558991568116252
4533,2.4765692128276315,0.6234016719539083,1.8928596505906157,0.8630162637250389
4534,0.7120383075116348,0.8123191361285147,1.9205649311332242,0.7558972679173098
4535,2.491605406372623,0.6333569889969207,1.9205649311332242,0.8630151515935023
4536,0.7003883029311309,0.8274005105407445,1.9484365099511398,0.7558953944759338
4537,2.506145083017826,0.6444205829905536,1.9484365099511398,0.8630139929971375
4538,0.6894911112121787,0.8425158271545773,1.976371217343273,0.7558935446459046
4539,2.520145912631121,0.6564983963012636,1.976371217343273,0.8630127969596116
4540,0.6794237266152527,0.8576094616588783,2.004264341148065,0.7558917258670287
4541,2.533567772956805,0.6694940948360262,2.004264341148065,0.8630115720134249
4542,0.6702611461076978,0.8726287560182483,2.0320101538407718,0.7558899448765592
4543,2.5463727734434562,0.6833107730492738,2.0320101538407718,0.8630103261954403
4544,0.6620750969498075,0.8875239320870552,2.059502444647683,0.7558882077275509
4545,2.5585252737238062,0.6978523681395398,2.059502444647683,0.8630090670451194
4546,0.6549326532484081,0.9022479906650536,2.0866350517195897,0.7558865198092531
4547,2.5699918976055858,0.7130247838814181,2.0866350517195897,0.8630078016052843
4548,0.6488947883450439,0.9167566021157355,2.1133023900071826,0.755884885869297
4549,2.5807415433358725,0.7287367429193679,2.1133023900071826,0.8630065364252065
4550,0.6440149247773622,0.9310079932553305,2.1393999710544627,0.7558833100374298
4551,2.590745390811567,0.7449003977715392,2.1393999710544627,0.863005277565836
4552,0.6403375553802749,0.9449628340474701,2.1648249114580462,0.7558817958505685
4553,2.599976906325784,0.7614317363539022,2.1648249114580462,0.8630040306069929
4554,0.6378970154690611,0.9585841266846098,2.1894764272215173,0.7558803462789423
4555,2.6084118453641434,0.7782508189732368,2.1894764272215173,0.8630028006563314
4556,0.6367164849272148,0.9718370988754391,2.213256311660765,0.7558789637531302
4557,2.6160282538962245,0.79528188187919,2.213256311660765,0.863001592359908
4558,0.6368072892822976,0.9846891025593727,2.2360693948880277,0.7558776501917757
4559,2.622806468545345,0.8124533388332517,2.2360693948880277,0.8630004099141825
4560,0.6381685507295389,0.9971095188075562,2.2578239832214235,0.7558764070298042
4561,2.628729115964067,0.8296977076865438,2.2578239832214235,0.8629992570792853
4562,0.6407872153211759,1.0090696693198076,2.2784322771371794,0.7558752352469588
4563,2.633781111692864,0.846951484316578,2.2784322771371794,0.8629981371933962
4564,0.6446384542610565,1.0205427346668412,2.29781076660854,0.7558741353964932
4565,2.6379496587346005,0.8641549818715788,2.29781076660854,0.8629970531880825
4566,0.6496864092465776,1.031503679238455,2.315880602864209,0.7558731076338657
4567,2.6412242460374182,0.8812521493392304,2.315880602864209,0.8629960076044463
4568,0.6558852278421161,1.0419291827257104,2.3325679457556707,0.7558721517452929
4569,2.643596647042494,0.8981903800926974,2.3325679457556707,0.8629950026099542
4570,0.6631803178710173,1.0517975778758357,2.347804286052408,0.7558712671760313
4571,2.6450609184205263,0.9149203182828954,2.347804286052408,0.8629940400158064
4572,0.6715097413276083,1.0610887942024774,2.361526742091832,0.7558704530582647
4573,2.6456133990908968,0.9313956687041482,2.361526742091832,0.8629931212947252
4574,0.6808056683596934,1.06978430730287,2.3736783303011046,0.7558697082384942
4575,2.645252709589795,0.9475730139971733,2.3736783303011046,0.8629922475990515
4576,0.6909958191674506,1.0778670934210988,2.384208209184866,0.7558690313043218
4577,2.643979751827454,0.9634116416960468,2.384208209184866,0.8629914197790345
4578,0.7020048340775342,1.0853215888979195,2.393071896439385,0.7558684206105477
4579,2.641797709249511,0.9788733826026491,2.393071896439385,0.8629906384012088
4580,0.7137555271637585,1.092133654158725,2.400231458912441,0.7558678743044998
4581,2.6387120473926866,0.993922461217339,2.400231458912441,0.862989903766774
4582,0.7261699943706352,1.0982905419092754,2.405655675181482,0.7558673903505232
4583,2.6347305147999776,1.0085253584112348,2.405655675181482,0.8629892159298794
4584,0.7391705614291132,1.1037808692315514,2.4093201705717804,0.7558669665535758
4585,2.6298631442346605,1.0226506861456326,2.4093201705717804,0.8629885747157362
4586,0.752680568839772,1.1085945932978944,2.4112075244826956,0.7558666005818705
4587,2.6241222541051226,1.036269073788743,2.4112075244826956,0.8629879797384854
4588,0.7666250003431031,1.1127229904492926,2.4113073499344204,0.7558662899885344
4589,2.6175224499831433,1.0493530654178267,2.4113073499344204,0.8629874304187496
4590,0.780930967583287,1.1161586384123878,2.4096163452902823,0.755866032232235
4591,2.6100806260662597,1.0618770274015024,2.4096163452902823,0.8629869260008094
4592,0.7955280674045961,1.1188954014589565,2.406138318150968,0.7558658246967604
4593,2.601815966399511,1.0738170655134276,2.406138318150968,0.8629864655693502
4594,0.8103486298705814,1.1209284183408605,2.4008841814569597,0.7558656647095232
4595,2.5927499456326624,1.085150950820309,2.4008841814569597,0.8629860480657312
4596,0.8253278751872393,1.1222540928625635,2.393871921873858,0.755865549558982
4597,2.5829063290452763,1.0860604265553404,2.393871921873858,0.862985672303734
4598,0.8404039967336058,1.1228700869821056,2.3851265405719215,0.7558654765109741
4599,2.572311171523156,1.079302907161607,2.3851265405719215,0.8629853369847502
4600,0.8555181857732773,1.122775316359988,2.3746799665457345,0.755865442823952
4601,2.5609928151151746,1.0718398194106704,2.3746799665457345,0.8629850407123828
4602,0.8706146114636258,1.1219699483036434,2.3625709426522348,0.7558654457631354
4603,2.548981884738793,1.063682969570776,2.3625709426522348,0.8629847820064296
4604,0.8856403677318885,1.1204554020832558,2.3488448845750436,0.755865482613587
4605,2.5363112815352187,1.0548454300397847,2.3488448845750436,0.8629845593162302
4606,0.9005453966068554,1.1182343516226565,2.333553712950217,0.7558655506922246
4607,2.523016173300897,1.0453415706406823,2.333553712950217,0.8629843710333615
4608,0.9152823957772143,1.1153107305970065,2.3167556589130935,0.7558656473587889
4609,2.509133981340613,1.0351870945654646,2.3167556589130935,0.8629842155036599
4610,0.9298067165419074,1.1116897399970875,2.2985150433483725,0.7558657700257922
4611,2.494704362999081,1.024399079499159,2.2985150433483725,0.8629840910385765
4612,0.9440762569408581,1.1073778582483467,2.278902030146476,0.7558659161674699
4613,2.479769189032722,1.0129960245225276,2.278902030146476,0.8629839959258495
4614,0.9580513537017167,1.1023828540014309,2.257992353789907,0.755866083327765
4615,2.464372514882231,1.0009979034627783,2.257992353789907,0.8629839284394958
4616,0.9716946756929554,1.0967138017398648,2.2358670216153342,0.7558662691273801
4617,2.4485605448005012,0.988426225435493,2.2358670216153342,0.8629838868491295
4618,0.9849711208124026,1.0903811003796462,2.2126119911228974,0.7558664712699268
4619,2.432381587681381,0.9753041033965901,2.2126119911228974,0.8629838694286032
4620,0.9978477176376044,1.0833964950648007,2.1883178227368787,0.7558666875472112
4621,2.415886003324828,0.961656331598,2.1883178227368787,0.8629838744639913
4622,1.0102935326950526,1.075773102392031,2.163079308465508,0.7558669158436908
4623,2.39912613776653,0.9475094729113358,2.163079308465508,0.8629839002609165
4624,1.02227958384599,1.0675254393260956,2.1369950769671737,0.7558671541401447
4625,2.3821562461989827,0.9328919570447805,2.1369950769671737,0.8629839451512406
4626,1.0337787600165298,1.0586694560948435,2.110167175611918,0.7558674005165922
4627,2.3650324019214692,0.9178341907220707,2.110167175611918,0.8629840074991306
4628,1.044765747301344,1.0492225733779388,2.0827006302378344,0.755867653154507
4629,2.347812389684372,0.9023686809080557,2.0827006302378344,0.8629840857065162
4630,1.055216961328218,1.0392037241249619,2.054702983450101,0.755867910338362
4631,2.330555581746148,0.8865301721379197,2.054702983450101,0.8629841782179636
4632,1.0651104856729385,1.0286334003550146,2.026283812504754,0.7558681704565502
4633,2.3133227949473363,0.8703557989164402,2.026283812504754,0.8629842835249788
4634,1.074426016050195,1.0175337052987405,1.9975542280694547,0.7558684320017213
4635,2.296176127134581,0.8538852539722648,1.9975542280694547,0.8629844001697679
4636,1.0831448099683554,1.0059284112417393,1.9686263554687924,0.7558686935705763
4637,2.279178771348905,0.837160972843912,1.9686263554687924,0.862984526748471
4638,1.0912496415176776,0.9938430234114909,1.9396128004106143,0.7558689538631623
4639,2.2623948063370602,0.8202283347917618,1.9396128004106143,0.862984661913898
4640,1.0987247609577364,0.9813048502128553,1.9106261016592376,0.7558692116817027
4641,2.2458889621632463,0.8031358793133405,1.9106261016592376,0.862984804377791
4642,1.105555858776615,0.9683430800530931,1.881778173674614,0.7558694659290098
4643,2.2297263600007664,0.7859355365119577,1.881778173674614,0.8629849529126287
4644,1.1117300339087766,0.9549888648975692,1.8531797428722325,0.7558697156065137
4645,2.2139722255776535,0.7686828681391588,1.8531797428722325,0.8629851063530125
4646,1.1172357658181553,0.9412754105510173,1.8249397818688937,0.7558699598119483
4647,2.198691576242866,0.7514373141914743,1.8249397818688937,0.8629852635966442
4648,1.122062890176211,0.9272380734531392,1.797164946847938,0.7558701977367283
4649,2.183948882212459,0.7342624373715586,1.797164946847938,0.8629854236049319
4650,1.1262025778902154,0.9129144634951599,1.7699590239774567,0.755870428663055
4651,2.1698077032455707,0.7172261544005082,1.7699590239774567,0.8629855854032435
4652,1.1296473172639134,0.8983445519863881,1.7434223916079994,0.7558706519607862
4653,2.156330302779422,0.7004009389853473,1.7434223916079994,0.8629857480808324
4654,1.1323908991003873,0.8835707834042951,1.7176515057117612,0.7558708670840997
4655,2.1435772424049726,0.6838639761440491,1.7176515057117612,0.862985910790465
4656,1.1344284045848945,0.8686381889225279,1.6927384166406565,0.7558710735679877
4657,2.1316069604669123,0.6676972416067994,1.6927384166406565,0.8629860727477671
4658,1.1357561958134814,0.8535944989009404,1.6687703257038724,0.7558712710246037
4659,2.1204753394916427,0.6519874733493095,1.6687703257038724,0.86298623323032
4660,1.136371908861077,0.8384902505118983,1.6458291902182218,0.7558714591395003
4661,2.110235268045665,0.6368259954322255,1.6458291902182218,0.862986391576522
4662,1.1362744493104888,0.8233788854418753,1.6239913854885537,0.7558716376677781
4663,2.1009362034587475,0.6223083480436828,1.6239913854885537,0.8629865471842469
4664,1.1354639901912813,0.8083168311278078,1.6033274315599106,0.7558718064301727
4665,2.0926237425614906,0.608533673256041,1.6033274315599106,0.8629866995093151
4666,1.1339419723049244,0.7933635572586533,1.5839017914939952,0.7558719653091056
4667,2.085339208134221,0.5956038053129724,1.5839017914939952,0.8629868480637946
4668,1.1317111069399368,0.7785815973125266,1.5657727463321485,0.7558721142447192
4669,2.0791192590945453,0.5836220195116897,1.5657727463321485,0.862986992414168
4670,1.1287753810081067,0.7640365227633629,1.5489923498233102,0.7558722532309209
4671,2.0739955325219737,0.5726914073819663,1.5489923498233102,0.8629871321793652
4672,1.125140064660314,0.7497968553852002,1.5336064634685902,0.7558723823114459
4673,2.0699943253979853,0.5629128699897153,1.5336064634685902,0.8629872670286954
4674,1.1208117214680686,0.7359339009839139,1.5196548695604482,0.7558725015759681
4675,2.0671363234118627,0.5543827567287434,1.5196548695604482,0.8629873966796895
4676,1.1157982212846587,0.7225214861602574,1.5071714568150982,0.7558726111562681
4677,2.065436383347108,0.5471902226189518,1.5071714568150982,0.8629875208958703
4678,1.1101087559277538,0.709635578719428,1.4961844700905158,0.7558727112224746
4679,2.0649033744405725,0.5414144284733624,1.4961844700905158,0.8629876394844683
4680,1.1037538578533135,0.697353772557295,1.4867168127541157,0.7558728019793931
4681,2.065540082736228,0.5371217574304327,1.4867168127541157,0.8629877522940997
4682,1.0967454220185862,0.6857546198186858,1.4787863877272904,0.7558728836629308
4683,2.06734318089516,0.5343632577060105,1.4787863877272904,0.862987859212411
4684,1.0890967311594748,0.6749167974131111,1.4724064612913934,0.7558729565366359
4685,2.070303264244485,0.5331725339979562,1.4724064612913934,0.8629879601637211
4686,1.0808224847341368,0.6649181020953117,1.4675860325632473,0.7558730208883493
4687,2.0744049521309185,0.5335642906827851,1.4675860325632473,0.8629880551066552
4688,1.0719388318096776,0.6558342785730202,1.464330191260463,0.755873077026986
4689,2.079627051973168,0.5355336769939246,1.464330191260463,0.8629881440317917
4690,1.062463408191167,0.6477376984136113,1.4626404470373513,0.7558731252794484
4691,2.0859427818611316,0.5390565042191942,1.4626404470373513,0.862988226959332
4692,1.052415378110584,0.6406959232498906,1.4625150152699604,0.7558731659876762
4693,2.0933200461995636,0.5440903115154729,1.4625150152699604,0.862988303936798
4694,1.0418154808058526,0.6347702026148642,1.4639490466213794,0.7558731995058424
4695,2.1017217577952563,0.5505761679794247,1.4639490466213794,0.8629883750367758
4696,1.0306860823243438,0.6300139726566685,1.4669347908789425,0.7558732261976929
4697,2.1111061989780873,0.5584410305894002,1.4669347908789425,0.8629884403546981
4698,1.0190512328779062,0.6264714344743176,1.471461689224133,0.7558732464340355
4699,2.1214274138457134,0.5676004410575506,1.471461689224133,0.8629885000066889
4700,1.0069367300534264,0.6241762972257259,1.4775163930398942,0.7558732605903788
4701,2.1326356235284303,0.5779613417909146,1.4775163930398942,0.8629885541274662
4702,0.9943701881386972,0.6231507692886437,1.485082711329656,0.7558732690447222
4703,2.144677656466243,0.5894248167813478,1.485082711329656,0.8629886028683124
4704,0.9813811137511864,0.623404869462687,1.494141492573885,0.7558732721754955
4705,2.157497386041648,0.6018886073392591,1.494141492573885,0.8629886463951132
4706,0.9680009878485123,0.6249361098925534,1.5046704501637065,0.7558732703596491
4707,2.1710361684758857,0.6152493040033462,1.5046704501637065,0.8629886848864748
4708,0.954263354043374,0.6277295751751765,1.5166439432474528,0.7558732639708946
4709,2.1852332746240597,0.6294041652623567,1.5166439432474528,0.8629887185319215
4710,0.9402039129293047,0.6317583915083756,1.5300327267766602,0.7558732533780848
4711,2.200026310144402,0.6442525547143761,1.5300327267766602,0.8629887475301685
4712,0.9258606218311332,0.6369845499908767,1.5448036856730805,0.7558732389437441
4713,2.215351619419333,0.6496447217915428,1.5448036856730805,0.862988772087489
4714,0.9112737990068538,0.6433600233537784,1.560919568347106,0.7558732210227355
4715,2.231144669525849,0.6381213576253126,1.560919568347106,0.8629887924161559
4716,0.8964862308242763,0.6508280985143061,1.5783387343259518,0.7558731999610626
4717,2.247340411451556,0.6276650885579024,1.5783387343259518,0.8629888087329772
4718,0.8815432797923866,0.6593248398343041,1.5970149295900113,0.7558731760948084
4719,2.263873616599482,0.6183678565965136,1.5970149295900113,0.8629888212579175
4720,0.8664929905183734,0.668780599590341,1.6168971014975309,0.7558731497491957
4721,2.280679187396792,0.6103161611260514,1.6168971014975309,0.8629888302128045
4722,0.8513861896614741,0.679121501287701,1.637929263053584,0.7558731212377755
4723,2.2976924415045636,0.6035888009222301,1.637929263053584,0.862988835820126
4724,0.8362765747421411,0.690270835622925,1.6600504139108279,0.7558730908617318
4725,2.314849369709753,0.5982545654143399,1.6600504139108279,0.8629888383019088
4726,0.821220785225329,0.7021503254611139,1.6831945230340088,0.7558730589092953
4727,2.332086868064163,0.5943700157838341,1.6831945230340088,0.86298883787869
4728,0.8062784476303381,0.7146812327905653,1.707290575559603,0.7558730256552727
4729,2.3493429452212635,0.5919775142107635,1.707290575559603,0.8629888347685637
4730,0.7915121845509744,0.7277852955037459,1.732262684154448,0.755872991360669
4731,2.3665569062161858,0.5911036593944676,1.732262684154448,0.8629888291863178
4732,0.7769875754591802,0.7413854939922071,1.7580302632119933,0.7558729562724098
4733,2.38366951414572,0.5917582648789105,1.7580302632119933,0.8629888213426459
4734,0.7627730551237857,0.7554066565389472,1.7845082625802866,0.7558729206231566
4735,2.40062313134367,0.5939339743640152,1.7845082625802866,0.8629888114434391
4736,0.7489397335814713,0.7697759184387994,1.81160745622085,0.7558728846312007
4737,2.4173618417231038,0.5976065504648548,1.81160745622085,0.8629887996891552
4738,0.7355611201088611,0.7844230530777969,1.8392347802546165,0.7558728485004397
4739,2.4338315559814667,0.602735809498633,1.8392347802546165,0.8629887862742578
4740,0.7227127329136827,0.7992806944043086,1.8672937142413093,0.7558728124204291
4741,2.449980101347268,0.6092671156424158,1.8672937142413093,0.8629887713867276
4742,0.7104715767286794,0.8142844699003252,1.8956846992273766,0.7558727765664962
4743,2.4657572974973974,0.6171333028111585,1.8956846992273766,0.8629887552076421
4744,0.6989154726597475,0.8293730618296962,1.9243055860404426,0.7558727410999194
4745,2.481115020200335,0.6262568678785756,1.9243055860404426,0.8629887379108192
4746,0.6881222290274605,0.844488212628506,1.9530521074558387,0.7558727061681659
4747,2.4960072541496636,0.6365522757355329,1.9530521074558387,0.8629887196625192
4748,0.6781686489884002,0.859574688135382,1.981818368163607,0.7558726719051747
4749,2.510390136350493,0.6479282321682539,1.981818368163607,0.8629887006212112
4750,0.6691293806618042,0.8745802101643623,2.0104973468757823,0.7558726384316912
4751,2.524221991313526,0.6602898088324978,2.0104973468757823,0.8629886809373886
4752,0.6610756281864634,0.8894553678469997,2.0389814053924007,0.7558726058556411
4753,2.537463359201569,0.6735403389659316,2.0389814053924007,0.8629886607534386
4754,0.6540737569435057,0.9041535152978046,2.0671627999557933,0.755872574272538
4755,2.5500770179643437,0.6875830368963702,2.0671627999557933,0.8629886402035643
4756,0.6481838418329221,0.9186306615264506,2.094934190738486,0.7558725437659255
4757,2.5620280003918423,0.7023223245394719,2.094934190738486,0.8629886194137442
4758,0.6434582221038327,0.9328453571391486,2.1221891458095925,0.7558725144078454
4759,2.5732836069158265,0.717664871578014,2.1221891458095925,0.8629885985017404
4760,0.6399401374921436,0.9467585812285761,2.1488226363932745,0.7558724862593273
4761,2.5838134148944802,0.7335203722418766,2.1488226363932745,0.8629885775771441
4762,0.6376625259225592,0.9603336309243982,2.1747315206614934,0.7558724593708989
4763,2.5935892850274462,0.7498020911426765,2.1747315206614934,0.8629885567414562
4764,0.6366470608307637,0.9735360153374402,2.199815013687033,0.7558724337831079
4765,2.602585365467681,0.7664272147045557,2.199815013687033,0.8629885360882008
4766,0.6369034952868392,0.9863333550516639,2.223975141520466,0.7558724095270584
4767,2.610778094122934,0.7833170448348744,2.223975141520466,0.8629885157030694
4768,0.6384293609855886,0.9986952878722717,2.247117177647449,0.7558723866249502
4769,2.618146199572915,0.8003970689758728,2.247117177647449,0.862988495664092
4770,0.6412100447707498,1.0105933812010894,2.269150060333638,0.755872365090628
4771,2.624670700968044,0.8175969367128932,2.269150060333638,0.8629884760418303
4772,0.6452192368947535,1.022001051160533,2.289986789577596,0.7558723449301267
4773,2.6303349072217492,0.8348503685401157,2.289986789577596,0.8629884568995965
4774,0.6504197175408892,1.032893488406879,2.3095448025720415,0.755872326142218
4775,2.6351244157598255,0.8520950177811804,2.3095448025720415,0.8629884382936867
4776,0.6567644249411322,1.0432475904471656,2.327746326725471,0.7558723087189512
4777,2.6390271110471586,0.869272302384032,2.327746326725471,0.8629884202736313
4778,0.6641977324765619,1.0530419001895974,2.3445187094242383,0.7558722926461897
4779,2.6420331630731964,0.8863272195416564,2.3445187094242383,0.8629884028824627
4780,0.6726568548008004,1.0622565504048573,2.3597947238239945,0.7558722779041362
4781,2.6441350259426177,0.9032081529012368,2.3597947238239945,0.8629883861569888
4782,0.6820733041136926,1.0708732137474286,2.3735128500528706,0.7558722644678485
4783,2.6453274366858492,0.9198666795077471,2.3735128500528706,0.8629883701280819
4784,0.6923743258050287,1.078875057975656,2.385617531290355,0.7558722523077429
4785,2.6456074143749353,0.9362573815363664,2.385617531290355,0.862988354820969
4786,0.7034842555888193,1.0862467060120178,2.396059404258323,0.7558722413900817
4787,2.6449742596031216,0.9523376662337368,2.396059404258323,0.8629883402555336
4788,0.7153257555403137,1.0929742004972507,2.4047955037265636,0.7558722316774491
4789,2.6434295543607167,0.968067596237839,2.4047955037265636,0.8629883264466142
4790,0.7278209019549551,1.0990449725107085,2.4117894406962557,0.7558722231292081
4791,2.640977162314842,0.9834097315096777,2.4117894406962557,0.8629883134043106
4792,0.7408921120249812,1.1044478141525567,2.4170115539826322,0.755872215701938
4793,2.6376232294758544,0.9983289834238319,2.4170115539826322,0.8629883011342874
4794,0.7544629079624295,1.1091728547095006,2.420439034973676,0.7558722093498543
4795,2.6333761852080237,1.0127924810749234,2.420439034973676,0.8629882896380758
4796,0.7684585259628658,1.1132115401536153,2.422056025395746,0.7558722040252138
4797,2.6282467435158026,1.026769449518034,2.422056025395746,0.8629882789133744
4798,0.7828063833368891,1.1165566157526463,2.421853687970088,0.7558721996786938
4799,2.6222479045091798,1.0402310994365072,2.421853687970088,0.8629882689543447
4800,0.797436420569901,1.1192021115993465,2.4198302498963895,0.755872196259752
4801,2.615394955921507,1.0531505275912605,2.4198302498963895,0.8629882597519029
4802,0.8122813364894083,1.1211433308966532,2.41599101915092,0.7558721937169703
4803,2.6077054745202526,1.0655026273290078,2.41599101915092,0.8629882512940046
4804,0.8272767346447805,1.1223768408645582,2.4103483736372673,0.7558721919983724
4805,2.599199327214731,1.0772640083950988,2.4103483736372673,0.8629882435659227
4806,0.8423611979201732,1.1229004661633133,2.4029217232769295,0.755872191051723
4807,2.589898671624362,1.0884129252966641,2.4029217232769295,0.8629882365505187
4808,0.8574763067124576,1.1227132847560894,2.393737445174798,0.7558721908248072
4809,2.5798279558258126,1.084123776338124,2.393737445174798,0.8629882302285025
4810,0.8725666140259095,1.1218156261624468,2.3828287920404723,0.7558721912656877
4811,2.5690139169469153,1.07715453078615,2.3828287920404723,0.8629882245786863
4812,0.8875795887890953,1.1202090720820022,2.3702357740900846,0.7558721923229423
4813,2.5574855782189316,1.0694831117325316,2.3702357740900846,0.8629882195782296
4814,0.9024655367358071,1.117896459395666,2.356005014694521,0.7558721939458796
4815,2.5452742440360856,1.0611216999255055,2.356005014694521,0.8629882152028667
4816,0.9171775063998137,1.114881885579798,2.3401895800784858,0.7558721960847394
4817,2.532413492501918,1.052083751118928,2.3401895800784858,0.8629882114271352
4818,0.931671186196824,1.11117071659677,2.322848783410606,0.7558721986908686
4819,2.518939164865594,1.0423840287019053,2.322848783410606,0.8629882082245828
4820,0.9459047972197848,1.106769597353782,2.3040479636579576,0.755872201716883
4821,2.504889351167842,1.0320386411286895,2.3040479636579576,0.8629882055679706
4822,0.9598389852490355,1.1016864648504059,2.2838582396093012,0.7558722051168062
4823,2.490304371325643,1.0210650847000542,2.2838582396093012,0.8629882034294614
4824,0.9734367145588353,1.0959305641642758,2.262356239500856,0.7558722088461981
4825,2.475226750787862,1.0094822923154276,2.262356239500856,0.8629882017807992
4826,0.9866631653626057,1.0895124674535068,2.2396238067075998,0.7558722128622577
4827,2.4597011897911827,0.9973106888868356,2.2396238067075998,0.862988200593475
4828,0.9994856361552579,1.0824440961836723,2.215747681993758,0.755872217123918
4829,2.4437745251386627,0.984572254180341,2.215747681993758,0.8629881998388823
4830,1.0118734517571886,1.07473874681622,2.190819162850539,0.7558722215919205
4831,2.4274956833135266,0.9712905939263056,2.190819162850539,0.8629881994884637
4832,1.0237978775179277,1.0664111202235949,2.164933740490368,0.7558722262288773
4833,2.410915623631295,0.9574910201138701,2.164933740490368,0.8629881995138421
4834,1.0352320398776833,1.057477355123397,2.1381907151187276,0.7558722309993179
4835,2.3940872700273053,0.9432006414533973,2.1381907151187276,0.862988199886946
4836,1.0461508532946853,1.0479550658486474,2.110692790171984,0.7558722358697246
4837,2.377065429978427,0.9284484650473431,2.110692790171984,0.8629882005801195
4838,1.0565309534106548,1.037863384792329,2.0825456462978926,0.755872240808555
4839,2.3599066989728144,0.9132655103466096,2.0825456462978926,0.8629882015662262
4840,1.066350636233846,1.0272230098799464,2.0538574959713896,0.7558722457862523
4841,2.3426693488761026,0.897684936473977,2.0538574959713896,0.8629882028187402
4842,1.075589803059112,1.0160562574314624,2.024738619789193,0.7558722507752462
4843,2.325413198504352,0.8817421839523629,2.024738619789193,0.8629882043118262
4844,1.0842299108095006,1.0043871207703323,1.9953008856805097,0.7558722557499428
4845,2.3081994647117297,0.8654751317611219,1.9953008856805097,0.8629882060204175
4846,1.0922539274677232,0.9922413349182204,1.9656572525159248,0.7558722606867061
4847,2.2910905923441605,0.8489242704286115,1.9656572525159248,0.8629882079202734
4848,1.099646292263639,0.979646447673824,1.9359212599000883,0.7558722655638314
4849,2.274150061509186,0.8321328915145314,1.9359212599000883,0.8629882099880372
4850,1.1063928802917997,0.9666318973060264,1.9062065063026865,0.7558722703615093
4851,2.257442170777811,0.8151472932901594,1.9062065063026865,0.8629882122012834
4852,1.112480971248269,0.9532290969864288,1.8766261181207575,0.755872275061786
4853,2.2410317951765784,0.7980170016237508,1.8766261181207575,0.8629882145385548
4854,1.1178992219961026,0.9394715259330799,1.8472922127746154,0.755872279648514
4855,2.2249841181570975,0.780795003941535,1.8472922127746154,0.8629882169793941
4856,1.122637642692451,0.9253948270222291,1.818315359515349,0.755872284107301
4857,2.2093643371535188,0.7635379925649052,1.818315359515349,0.8629882195043673
4858,1.1266875762359756,0.9110369103315417,1.789804042253355,0.7558722884254507
4859,2.194237342860847,0.7463066116093509,1.789804042253355,0.8629882220950819
4860,1.1300416808203086,0.896438061686692,1.7618641293856134,0.7558722925919
4861,2.1796673729894476,0.7291656988483046,1.7618641293856134,0.8629882247341975
4862,1.132693915406986,0.8816410547705628,1.7345983562757097,0.7558722965971545
4863,2.1657176419692763,0.7121845103752336,1.7345983562757097,0.8629882274054311
4864,1.1346395279592891,0.8666912646945583,1.708105826685604,0.7558723004332204
4865,2.1524499488804953,0.6954369114434791,1.708105826685604,0.862988230093555
4866,1.1358750463064284,0.8516367800969047,1.6824815400216704,0.7558723040935322
4867,2.139924266757202,0.6790015114888853,1.6824815400216704,0.8629882327843937
4868,1.1363982715353813,0.8365285097950727,1.657815951679856,0.7558723075728812
4869,2.128198317322067,0.6629617151231165,1.657815951679856,0.8629882354648137
4870,1.1362082738354071,0.8214202787533862,1.6341945739889847,0.7558723108673412
4871,2.117327136127729,0.6474056540948869,1.6341945739889847,0.8629882381227072
4872,1.1353053907477841,0.8063689066148385,1.6116976251877568,0.755872313974192
4873,2.1073626339646485,0.6324259584095131,1.6116976251877568,0.8629882407469767
4874,1.133691227800712,0.7914342602854616,1.5903997334636881,0.7558723168918463
4875,2.0983531611976303,0.6181193189265646,1.5903997334636881,0.8629882433275092
4876,1.131368661536659,0.7766792700726082,1.5703697022761869,0.7558723196197717
4877,2.090343082363724,0.6045857902587279,1.5703697022761869,0.8629882458551563
4878,1.1283418449667932,0.7621698967257328,1.5516703419460978,0.7558723221584178
4879,2.0833723688517347,0.5919277836209638,1.5516703419460978,0.8629882483217038
4880,1.1246162155145998,0.7479750345246715,1.5343583708139248,0.7558723245091398
4881,2.077476217740705,0.5802487067757934,1.5343583708139248,0.8629882507198413
4882,1.1201985055383947,0.7341663334935095,1.5184843871783276,0.7558723266741261
4883,2.0726847048616865,0.5696512248004219,1.5184843871783276,0.8629882530431309
4884,1.1150967555502547,0.720817922165028,1.5040929107962069,0.7558723286563243
4885,2.069022479836295,0.560235142913221,1.5040929107962069,0.8629882552859738
4886,1.1093203302768413,0.7080060114599632,1.4912224900687594,0.7558723304593744
4887,2.066508510224832,0.5520949514127307,1.4912224900687594,0.8629882574435738
4888,1.1028799377356113,0.6958083606552619,1.4799058683054387,0.7558723320875348
4889,2.0651558809926236,0.5453171207557634,1.4799058683054387,0.8629882595119026
4890,1.0957876515278024,0.6843035886504021,1.4701701998299188,0.7558723335456186
4891,2.064971654301715,0.5399772864612352,1.4701701998299188,0.862988261487658
4892,1.0880569365769817,0.6735703183725741,1.462037304363665,0.7558723348389286
4893,2.065956793201407,0.5361375100312217,1.462037304363665,0.8629882633682304
4894,1.0797026785683876,0.6636861496794495,1.455523946285115,0.7558723359731944
4895,2.0681061511874574,0.5338438324374514,1.455523946285115,0.8629882651516609
4896,1.0707412173689967,0.6547264667842715,1.450642124184504,0.7558723369545124
4897,2.071408527900805,0.5331243404154573,1.450642124184504,0.8629882668366036
4898,1.0611903847301922,0.646763099900774,1.4473993557430531,0.7558723377892883
4899,2.0758467895245842,0.5339879363087594,1.4473993557430531,0.8629882684222852
4900,1.0510695465926512,0.6398628767665893,1.4457989434306053,0.7558723384841834
4901,2.081398050795956,0.5364239400885716,1.4457989434306053,0.8629882699084681
4902,1.0403996503246817,0.6340861165425173,1.4458402078408266,0.7558723390460614
4903,2.0880339140547184,0.5404025663390527,1.4458402078408266,0.8629882712954091
4904,1.0292032772281778,0.6294851342107848,1.4475186776008973,0.7558723394819414
4905,2.095720759470286,0.5458762249914594,1.4475186776008973,0.8629882725838245
4906,1.0175047006372515,0.6261028354420559,1.4508262275711787,0.755872339798949
4907,2.104420079573392,0.5527815103481777,1.4508262275711787,0.8629882737748494
4908,1.005329949909121,0.6239714873445984,1.4557511603038444,0.7558723400042744
4909,2.1140888505010036,0.561041683546837,1.4557511603038444,0.8629882748700034
4910,0.9927068805594209,0.6231117474505213,1.4622782292358036,0.7558723401051332
4911,2.1246799319549656,0.5705694272392051,1.4622782292358036,0.8629882758711542
4912,0.9796652507176706,0.6235320207720739,1.4703886056120752,0.7558723401087264
4913,2.1361424877704103,0.5812696577393929,1.4703886056120752,0.8629882767804813
4914,0.966236803964378,0.6252281934023275,1.4800597944384328,0.755872340022207
4915,2.1484224191657812,0.5930422121906364,1.4800597944384328,0.8629882776004434
4916,0.9524553584481561,0.6281837632550262,1.4912655076393297,0.7558723398526489
4917,2.1614628031661396,0.6057842757122721,1.4912655076393297,0.8629882783337471
4918,0.9383569019559234,0.6323703577994029,1.503975504883628,0.7558723396070149
4919,2.1752043293097167,0.6193924651323984,1.503975504883628,0.862988278983313
4920,0.9239796923055932,0.6377485993216551,1.5181554141248834,0.7558723392921338
4921,2.1895857285141327,0.6337645332236904,1.5181554141248834,0.8629882795522473
4922,0.9093643620296729,0.6442692543050049,1.5337665447323665,0.7558723389146735
4923,2.2045441888422723,0.6488006951892287,1.5337665447323665,0.8629882800438132
4924,0.894554025798067,0.651874587804129,1.5507657061700024,0.7558723384811216
4925,2.2200157538198377,0.6461022872643805,1.5507657061700024,0.862988280461402
4926,0.879594388364916,0.6604998374147404,1.5691050445723715,0.7558723379977642
4927,2.2359356998739055,0.6348872970226228,1.5691050445723715,0.8629882808085089
4928,0.8645338499919464,0.670074724152975,1.588731908372037,0.7558723374706731
4929,2.2522388903479564,0.6247672617393955,1.588731908372037,0.8629882810887081
4930,0.8494236052745081,0.680524927488552,1.6095887524828378,0.7558723369056881
4931,2.2688601043753946,0.6158327287048855,1.6095887524828378,0.8629882813056288
4932,0.8343177300549297,0.6917734664060577,1.6316130885870777,0.7558723363084071
4933,2.2857343396399776,0.6081681417622314,1.6316130885870777,0.8629882814629347
4934,0.8192732496382616,0.7037419450568095,1.654737486960195,0.755872335684176
4935,2.302797088704929,0.6018495550756359,1.654737486960195,0.8629882815643047
4936,0.8043501798308572,0.7163516380217634,1.6788896331336534,0.7558723350380798
4937,2.3199845891465594,0.5969423353846222,1.6788896331336534,0.8629882816134107
4938,0.7896115304307963,0.7295244047794405,1.7039924406649238,0.7558723343749371
4939,2.337234048182335,0.5934990001604022,1.7039924406649238,0.8629882816139047
4940,0.7751232587770167,0.7431834347136501,1.7299642194463296,0.7558723336992954
4941,2.3544838428412866,0.5915573520195784,1.7299642194463296,0.8629882815694001
4942,0.7609541589299458,0.757253832582296,1.756718897407476,0.7558723330154304
4943,2.3716736969934042,0.5911390633820556,1.756718897407476,0.8629882814834565
4944,0.7471756701980725,0.771663059944808,1.7841662921861923,0.7558723323273414
4945,2.3887448367433204,0.5922488372911195,1.7841662921861923,0.86298828135957
4946,0.7338615873132147,0.786341251041243,1.812212428371899,0.7558723316387563
4947,2.405640125812398,0.5948742226135494,1.812212428371899,0.862988281201157
4948,0.7210876539550349,0.8012214225880709,1.8407598952536242,0.7558723309531284
4949,2.4223041825929834,0.598986101192574,1.8407598952536242,0.8629882810115476
4950,0.7089310219825331,0.8162395964729258,1.8697082396068363,0.7558723302736428
4951,2.4386834805695856,0.6045398008994305,1.8697082396068363,0.862988280793973
4952,0.6974695611575281,0.831334852901801,1.8989543878926192,0.755872329603219
4953,2.454726433773862,0.6114767326607672,1.8989543878926192,0.8629882805515584
4954,0.6867810088561698,0.8464493295912167,1.9283930922775165,0.7558723289445156
4955,2.4703834688826687,0.619726410163812,1.9283930922775165,0.8629882802873171
4956,0.6769419566801343,0.8615281804159142,1.9579173950691535,0.7558723282999388
4957,2.4856070854888035,0.6292086927310607,1.9579173950691535,0.8629882800041421
4958,0.668026681193544,0.8765195047361696,1.9874191064598499,0.7558723276716451
4959,2.500351905979433,0.6398360947554281,1.9874191064598499,0.8629882797048024
4960,0.660105839034293,0.8913742565756495,2.0167892908403076,0.7558723270615537
4961,2.514574716353042,0.6515160250797769,2.0167892908403076,0.8629882793919386
4962,0.6532450616538177,0.9060461409781692,2.045918757356022,0.7558723264713496
4963,2.5282344991969445,0.6641528505084441,2.045918757356022,0.8629882790680609
4964,0.6475035005746714,0.920491503273526,2.0746985508041584,0.7558723259024954
4965,2.541292459937431,0.6776497125849653,2.0746985508041584,0.8629882787355442
4966,0.6429323883683646,0.9346692156334069,2.10302043938845,0.7558723253562412
4967,2.5537120473664805,0.6919100602727695,2.10302043938845,0.86298827839663
4968,0.6395736911945109,0.9485405641847618,2.130777396249577,0.7558723248336315
4969,2.5654589693446943,0.7068388894926252,2.130777396249577,0.8629882780534223
4970,0.6374589333402743,0.9620691390467365,2.157864072059232,0.7558723243355169
4971,2.5765012044811653,0.7223437018011118,2.157864072059232,0.8629882777078904
4972,0.6366082709002617,0.9752207289406347,2.1841772563020436,0.7558723238625639
4973,2.5868090104983827,0.7383352086248327,2.1841772563020436,0.8629882773618677
4974,0.6370298797354239,0.9879632214622354,2.2096163251687186,0.7558723234152646
4975,2.5963549299045794,0.7547278152279595,2.2096163251687186,0.8629882770170536
4976,0.6387197027769053,1.000266509675375,2.2340836742463024,0.7558723229939477
4977,2.6051137935172406,0.7714399213360845,2.2340836742463024,0.8629882766750152
4978,0.6416615757413829,1.0121024053610042,2.2574851344193747,0.7558723225987886
4979,2.6130627223099854,0.788394074529211,2.2574851344193747,0.8629882763371902
4980,0.6458277217390674,1.023444559016026,2.279730369592292,0.7558723222298199
4981,2.6201811279902443,0.8055170094711213,2.279730369592292,0.8629882760048887
4982,0.6511795779668617,1.0342683865234572,2.3007332550109876,0.7558723218869416
4983,2.626450712656958,0.8227396018189885,2.3007332550109876,0.8629882756792971
4984,0.6576688952967223,1.0445510022951476,2.320412235107234,0.7558723215699323
4985,2.631855467835212,0.839996761024399,2.320412235107234,0.8629882753614805
4986,0.6652390366957743,1.0542711586084963,2.3386906599125283,0.755872321278458
4987,2.6363816731379632,0.8572272817021548,2.3386906599125283,0.8629882750523888
4988,0.673826394202955,1.0634091908096837,2.3554970991966186,0.7558723210120829
4989,2.6400178947630892,0.8743736691042667,2.3554970991966186,0.8629882747528578
4990,0.6833618462855977,1.0719469680302802,2.370765633580382,0.7558723207702779
4991,2.6427549839963804,0.8913819506383771,2.370765633580382,0.8629882744636161
4992,0.6937721862501522,1.079867849055658,2.3844361219573473,0.7558723205524324
4993,2.644586075857104,0.9082014823545043,2.3844361219573473,0.8629882741852895
4994,0.7049814657276373,1.0871566429878043,2.3964544446350087,0.7558723203578606
4995,2.645506587991867,0.9247847568702773,2.3964544446350087,0.8629882739184034
4996,0.7169122126877002,1.093799574358287,2.4067727216783705,0.7558723201858123
4997,2.645514219894009,0.9410872172570903,2.4067727216783705,0.8629882736633889
4998,0.7294864988362619,1.0997842523665495,2.4153495060055294,0.755872320035481
4999,2.644608952499069,0.957067079897462,2.4153495060055294,0.8629882734205894
5000,0.7426268450548544,1.105099643942399,2.422149950849851,0.7558723199060114
5001,2.642793048181394,0.9726851681742681,2.422149950849851,0.8629882731902634
5002,0.7562569648132654,1.1097360503579161,2.427145951266362,0.7558723197965088
5003,2.640071051152114,0.9879047579968565,2.427145951266362,0.8629882729725896
5004,0.7703023538750559,1.1136850871420585,2.4303162594221255,0.7558723197060441
5005,2.6364497882337994,1.002691435546667,2.4303162594221255,0.8629882727676733
5006,0.7846907402004495,1.1169396670801026,2.431646573471882,0.7558723196336624
5007,2.631938369961722,1.0170129671843258,2.431646573471882,0.8629882725755502
5008,0.7993524110938871,1.119493986109289,2.4311295998814577,0.7558723195783903
5009,2.6265481919349236,1.0308391811587458,2.4311295998814577,0.8629882723961926
5010,0.8142204358393101,1.1213435119512583,2.428765089122296,0.75587231953924
5011,2.620292936311878,1.0441418605623405,2.428765089122296,0.8629882722295132
5012,0.8292308018348963,1.1224849753508845,2.4245598447209473,0.7558723195152173
5013,2.613188573314647,1.0568946468579399,2.4245598447209473,0.8629882720753699
5014,0.8443224810553094,1.1229163638198592,2.418527705707103,0.7558723195053266
5015,2.6052533625715038,1.0690729532413192,2.418527705707103,0.8629882719335713
5016,0.8594374419271105,1.1226369178118305,2.410689502562651,0.7558723195085748
5017,2.5965078540904645,1.080653887082236,2.410689502562651,0.8629882718038803
5018,0.8745206197033576,1.1216471292840864,2.40107298683172,0.7558723195239775
5019,2.586974888614311,1.0885895157164034,2.40107298683172,0.8629882716860194
5020,0.8895198563808728,1.1199487426288228,2.389712734607547,0.755872319550562
5021,2.5766795970609992,1.0821196428336919,2.389712734607547,0.8629882715796762
5022,0.9043858192584091,1.1175447579849749,2.3766500241657633,0.755872319587371
5023,2.5656493987011744,1.07493979426219,2.3766500241657633,0.8629882714845051
5024,0.9190719054681561,1.114439436969623,2.361932688065036,0.7558723196334691
5025,2.553913997666368,1.0670612731195463,2.361932688065036,0.862988271400132
5026,0.9335341382661432,1.1106383108961155,2.3456149400846744,0.7558723196879424
5027,2.541505377316832,1.0584966372319884,2.3456149400846744,0.8629882713261593
5028,0.94773105954942,1.1061481915744553,2.3277571774145738,0.7558723197499032
5029,2.5284577919265168,1.049259728689901,2.3277571774145738,0.8629882712621693
5030,0.9616236219710268,1.1009771848181726,2.308425758555767,0.7558723198184918
5031,2.514807755064178,1.0393657078551677,2.308425758555767,0.8629882712077273
5032,0.9751750831286592,1.0951347068108674,2.2876927574300074,0.7558723198928787
5033,2.5005940239639957,1.0288310923262858,2.2876927574300074,0.8629882711623837
5034,0.988350903585352,1.088631503514807,2.2656356942346925,0.7558723199722674
5035,2.485857579086589,1.0176738014323323,2.2656356942346925,0.8629882711256811
5036,1.0011186499148077,1.081479673333194,2.242337243615761,0.7558723200558956
5037,2.4706415979724814,1.0059132068961159,2.242337243615761,0.8629882710971525
5038,1.0134479035253738,1.073692693266722,2.2178849207671854,0.7558723201430351
5039,2.4549914223858638,0.993570190379579,2.2178849207671854,0.8629882710763267
5040,1.0253101756824379,1.065285448833289,2.192370746102885,0.7558723202329941
5041,2.4389545176383907,0.9806672086996898,2.192370746102885,0.8629882710627316
5042,1.0366788288991897,1.0562742680465667,2.165890889187581,0.7558723203251199
5043,2.4225804228728522,0.9672283675785596,2.165890889187581,0.8629882710558944
5044,1.0475290046832517,1.046676959773474,2.1385452926600688,0.7558723204187939
5045,2.40592069097762,0.9532795048643871,2.1385452926600688,0.8629882710553453
5046,1.0578375574972587,1.0365128568111015,2.1104372769392112,0.755872320513438
5047,2.3890288166985987,0.9388482842254384,2.1104372769392112,0.8629882710606191
5048,1.0675829947033846,1.0258028640383319,2.0816731265738966,0.7558723206085105
5049,2.3719601514205015,0.9239643003710091,2.0816731265738966,0.8629882710712578
5050,1.0767454222054538,1.014569512003753,2.052361659188389,0.7558723207035085
5051,2.354771803009382,0.9086591968817739,2.052361659188389,0.8629882710868106
5052,1.085306495470108,1.002837016306084,2.022613778089669,0.7558723207979656
5053,2.3375225190502658,0.8929667977239886,2.022613778089669,0.8629882711068384
5054,1.0932493755943853,0.9906313431018032,1.9925420097499342,0.7558723208914528
5055,2.3202725517853042,0.8769232534597232,1.9925420097499342,0.8629882711309111
5056,1.1005586900863782,0.9779802810313082,1.962260027562067,0.7558723209835779
5057,2.3030835030681454,0.8605672030243139,1.962260027562067,0.8629882711586125
5058,1.1072204980346307,0.9649135197824728,1.931882163495234,0.7558723210739835
5059,2.286018147708922,0.8439399516901571,1.931882163495234,0.86298827118954
5060,1.113222259357858,0.9514627353997457,1.9015229095578858,0.755872321162348
5061,2.269140233702057,0.8270856654303138,1.9015229095578858,0.8629882712233041
5062,1.1185528078472802,0.9376616822865163,1.8712964113108401,0.7558723212483838
5063,2.252514258016436,0.810051581281281,1.8712964113108401,0.862988271259532
5064,1.1232023277377667,0.9235462916243001,1.8413159560660466,0.7558723213318351
5065,2.2362052168948603,0.7928882324124007,1.8413159560660466,0.8629882712978657
5066,1.127162333569935,0.9091547756273766,1.8116934588556706,0.7558723214124785
5067,2.220278329966085,0.7756496853543214,1.8116934588556706,0.8629882713379653
5068,1.1304256531324994,0.8945277366456056,1.7825389497548898,0.7558723214901206
5069,2.204798737925203,0.7583937851188242,1.7825389497548898,0.8629882713795058
5070,1.13298641330193,0.8797082795979122,1.753960066677552,0.7558723215645975
5071,2.189831174090532,0.741182401641261,1.753960066677552,0.8629882714221807
5072,1.1348400286244924,0.8647421255380966,1.7260615583161247,0.7558723216357723
5073,2.1754396107968557,0.7240816679716752,1.7260615583161247,0.8629882714657011
5074,1.1359831925137247,0.8496777232952011,1.6989448024369789,0.7558723217035356
5075,2.1616868823298394,0.7071621968154405,1.6989448024369789,0.862988271509795
5076,1.1364138709642795,0.8345663550646093,1.6727073452305163,0.755872321767803
5077,2.148634286931769,0.6904992572957682,1.6727073452305163,0.8629882715542074
5078,1.13613129871073,0.8194622305288225,1.6474424678057225,0.7558723218285128
5079,2.1363411712941356,0.6741728881695277,1.6474424678057225,0.8629882715987015
5080,1.135135977787449,0.804422562542263,1.6232387861558886,0.7558723218856264
5081,2.124864501869637,0.6582679173004488,1.6232387861558886,0.8629882716430568
5082,1.1334296784730535,0.7895076156224927,1.600179890947882,0.755872321939125
5083,2.114258428248644,0.642873850324134,1.600179890947882,0.8629882716870703
5084,1.1310154426302423,0.7747807164773158,1.5783440332432492,0.7558723219890098
5085,2.104573844709932,0.6280845847914449,1.5783440332432492,0.8629882717305566
5086,1.1278975894792251,0.7603082136300147,1.5578038616942178,0.7558723220353001
5087,2.09585795682397,0.613997900740186,1.5578038616942178,0.8629882717733464
5088,1.1240817238704177,0.7461593710067966,1.5386262158338142,0.7558723220780306
5089,2.0881538606082723,0.6007146762116335,1.5386262158338142,0.8629882718152853
5090,1.1195747471497104,0.7324061783195814,1.520871978781365,0.7558723221172516
5091,2.081500142157828,0.5883377787863128,1.520871978781365,0.8629882718562338
5092,1.114384870737458,0.7191230595034362,1.5045959910261337,0.7558723221530276
5093,2.0759305058538553,0.5769705941771289,1.5045959910261337,0.8629882718960713
5094,1.1085216325702927,0.706386459743127,1.4898470249811884,0.7558723221854348
5095,2.0714734391545617,0.5667151726116281,1.4898470249811884,0.8629882719346872
5096,1.1019959165829003,0.6942742922376808,1.4766678178024266,0.7558723222145608
5097,2.0681519215687874,0.5576700046732495,1.4766678178024266,0.8629882719719871
5098,1.0948199754347305,0.6828652283660775,1.465095157665319,0.7558723222405027
5099,2.0659831847006895,0.5499274801821155,1.465095157665319,0.86298827200789
5100,1.0870074567139334,0.672237819899144,1.4551600164348841,0.7558723222633669
5101,2.064978529243133,0.5435711335025373,1.4551600164348841,0.8629882720423266
5102,1.0785734328770746,0.6624694498211977,1.4468877196211023,0.7558723222832664
5103,2.065143203521154,0.5386728298461831,1.4468877196211023,0.8629882720752408
5104,1.0695344352075935,0.6536351193999183,1.4402981428533854,0.7558723223003221
5105,2.0664763466953664,0.5352900900197765,1.4402981428533854,0.862988272106588
5106,1.0599084920974504,0.6458060931672486,1.4354059229895906,0.7558723223146572
5107,2.06897099809479,0.5334637744617953,1.4354059229895906,0.862988272136334
5108,1.0497151719734883,0.6390484396441517,1.4322206715198873,0.7558723223264026
5109,2.072614172436982,0.5332163416183564,1.4322206715198873,0.8629882721644538
5110,1.0389756312006717,0.6334215224544438,1.4307471782071999,0.7558723223356906
5111,2.077386998993485,0.5345508560442471,1.4307471782071999,0.8629882721909348
5112,1.027712667295946,0.6289765117593392,1.4309855939375424,0.7558723223426559
5113,2.083264921152702,0.53745085113351,1.4309855939375424,0.8629882722157712
5114,1.0159507777755041,0.6257549971031899,1.4329315834846377,0.7558723223474348
5115,2.090217951395268,0.5418810612775598,1.4329315834846377,0.8629882722389647
5116,1.003716224930258,0.623787787201175,1.4365764412113975,0.7558723223501657
5117,2.098210975491166,0.5477889453072893,1.4365764412113975,0.8629882722605275
5118,0.9910371067735637,0.6230939779367456,1.4419071654723055,0.7558723223509866
5119,2.1072040987987997,0.5551068449205383,1.4419071654723055,0.862988272280477
5120,0.97794343432446,0.6236803560956077,1.4489064904461075,0.7558723223500341
5121,2.1171530269203576,0.5637545717742225,1.4489064904461075,0.862988272298837
5122,0.9644672152697372,0.625541183993247,1.4575528771023816,0.7558723223474413
5123,2.128009472651828,0.5736422007207411,1.4575528771023816,0.8629882723156365
5124,0.9506425438778099,0.6286583816739181,1.4678204677787103,0.7558723223433432
5125,2.139721581148217,0.5846728618192354,1.4678204677787103,0.8629882723309126
5126,0.9365056968028365,0.6330020925594525,1.479679011232549,0.7558723223378714
5127,2.1522343654774185,0.5967453617451463,1.479679011232549,0.8629882723447053
5128,0.9220952341023881,0.6385315895936781,1.4930937668894804,0.7558723223311542
5129,2.1654901452202298,0.6097565149659206,1.4930937668894804,0.8629882723570567
5130,0.9074521043767956,0.6451964559269195,1.508025398245031,0.7558723223233176
5131,2.1794289814418843,0.6236031161527218,1.508025398245031,0.8629882723680155
5132,0.8926197524009843,0.652937959662524,1.5244298659539741,0.7558723223144831
5133,2.1939891021611677,0.6381835301615449,1.5244298659539741,0.8629882723776322
5134,0.8776442269356807,0.6616905371375539,1.542258331076623,0.7558723223047676
5135,2.2091073133260903,0.6533989104257344,1.542258331076623,0.8629882723859623
5136,0.8625742855487156,0.6713833029824117,1.561457078310551,0.7558723222942854
5137,2.2247193912229433,0.6426487590235704,1.561457078310551,0.8629882723930603
5138,0.8474614922239921,0.6819415158941974,1.5819674679189317,0.7558723222831437
5139,2.240760453157024,0.6317505545984375,1.5819674679189317,0.8629882723989837
5140,0.8323603022650107,0.6932879441017975,1.603725923596567,0.7558723222714485
5141,2.257165304114321,0.6219748151386733,1.603725923596567,0.8629882724037907
5142,0.8173281275004766,0.7053440912765176,1.6266639618239949,0.7558723222592969
5143,2.273868757917862,0.6134105011543309,1.6266639618239949,0.8629882724075403
5144,0.8024253730770796,0.7180312599338197,1.6507082664779036,0.7558723222467834
5145,2.290805932112138,0.6061397968977366,1.6507082664779036,0.8629882724102942
5146,0.7877154352114388,0.7312714436165086,1.6757808107078909,0.7558723222339965
5147,2.307912516433117,0.6002358066630346,1.6757808107078909,0.8629882724121148
5148,0.773264647241493,0.7449880504875664,1.7017990264502445,0.7558723222210195
5149,2.325125015245457,0.5957602812338061,1.7017990264502445,0.8629882724130624
5150,0.7591421592941222,0.7591064691406614,1.7286760204992135,0.7558723222079313
5151,2.3423809647534037,0.5927615274882443,1.7286760204992135,0.8629882724131975
5152,0.7454197350681928,0.7735544926492509,1.7563208348400483,0.7558723221948044
5153,2.3596191261223765,0.5912726618220534,1.7563208348400483,0.8629882724125801
5154,0.7321714479031476,0.7882626195753907,1.7846387479869896,0.7558723221817069
5155,2.3767796558920633,0.5913103552755494,1.7846387479869896,0.8629882724112676
5156,0.7194732578374299,0.8031642514111259,1.8135316133640635,0.7558723221687007
5157,2.3938042552286016,0.5928741838923824,1.8135316133640635,0.8629882724093194
5158,0.707402452218344,0.8181958052929013,1.842898230301583,0.7558723221558441
5159,2.4106362996634463,0.5959466453900826,1.842898230301583,0.8629882724067904
5160,0.6960369351204898,0.8332967593103665,1.8726347429701178,0.7558723221431892
5161,2.427220951010609,0.6004938405556965,1.8726347429701178,0.8629882724037368
5162,0.6854543558715582,0.8484096457258911,1.9026350625030344,0.755872322130784
5163,2.4435052531523356,0.6064667553824176,1.9026350625030344,0.8629882724002116
5164,0.6757310747717425,0.8634800052281628,1.93279130763256,0.7558723221186723
5165,2.459438213345677,0.6138030282542499,1.93279130763256,0.8629882723962672
5166,0.6669409747796771,0.8784563131677773,1.962994259347066,0.7558723221068936
5167,2.4749708706374127,0.6224290531483853,1.962994259347066,0.862988272391953
5168,0.6591541412716037,0.893289886693601,1.9931338253361066,0.7558723220954826
5169,2.4900563528900452,0.6322622581209183,1.9931338253361066,0.8629882723873181
5170,0.6524354471576361,0.9079347798966995,2.023099510296014,0.7558723220844679
5171,2.5046499238235413,0.6432134068984889,2.023099510296014,0.8629882723824079
5172,0.646843096224257,0.9223476725029701,2.05278088849876,0.7558723220738748
5173,2.518709021371541,0.6551887953247355,2.05278088849876,0.8629882723772674
5174,0.642427191546063,0.9364877563380528,2.0820680753617773,0.7558723220637249
5175,2.532193288541227,0.6680922471208958,2.0820680753617773,0.862988272371937
5176,0.6392284057926877,0.9503166227035084,2.110852195082527,0.7558723220540348
5177,2.545064597856403,0.681826848445089,2.110852195082527,0.8629882723664575
5178,0.6372768339173769,0.9637981529275129,2.139025841709395,0.7558723220448189
5179,2.5572870703561277,0.6962963929913945,2.139025841709395,0.862988272360866
5180,0.6365911043030306,0.9768984136585896,2.16648353130397,0.7558723220360878
5181,2.5688270900184245,0.7114065357104699,2.16648353130397,0.8629882723551978
5182,0.6371778113236398,0.9895855579290508,2.193122143106056,0.7558723220278485
5183,2.5796533143814955,0.7270656723807885,2.193122143106056,0.8629882723494863
5184,0.6390313112858186,1.0018297325994254,2.218841347841095,0.7558723220201058
5185,2.5897366820442267,0.7431855743711944,2.218841347841095,0.8629882723437619
5186,0.6421338971722194,1.0136029924825565,2.24354402151095,0.7558723220128637
5187,2.5990504176441895,0.7596818140492312,2.24354402151095,0.8629882723380532
5188,0.646456338969854,1.0248792212158062,2.267136643185276,0.7558723220061211
5189,2.6075700348348008,0.7764740178246372,2.267136643185276,0.8629882723323864
5190,0.6519587495256123,1.0356340587846078,2.2895296754645424,0.7558723219998743
5191,2.6152733377138238,0.7934859822130259,2.2895296754645424,0.8629882723267862
5192,0.6585917143444657,1.0458448354861825,2.310637926420258,0.7558723219941179
5193,2.6221404210926327,0.8106456848104817,2.310637926420258,0.8629882723212741
5194,0.6662976099646377,1.0554905120469478,2.330380891936059,0.7558723219888438
5195,2.6281536699392465,0.8278852176566233,2.330380891936059,0.8629882723158707
5196,0.67501203046061,1.0645516255616345,2.3486830774780136,0.7558723219840423
5197,2.633297758277565,0.8451406658176869,2.3486830774780136,0.8629882723105938
5198,0.6846652447082809,1.0730102408990154,2.3654742984165225,0.7558723219797024
5199,2.6375596477799785,0.8623519495812386,2.3654742984165225,0.8629882723054602
5200,0.6951836166167914,1.0808499072125937,2.380689958107889,0.7558723219758112
5201,2.6409285862499394,0.8794626446668047,2.380689958107889,0.8629882723004828
5202,0.706490934282386,1.0880556192001039,2.3942713030231677,0.7558723219723551
5203,2.6433961061546247,0.8964197914314832,2.3942713030231677,0.8629882722956751
5204,0.7185096095584899,1.0946137827698044,2.4061656542869643,0.7558723219693186
5205,2.64495602333481,0.9131737012059802,2.4061656542869643,0.8629882722910468
5206,0.7311617248049135,1.1005121847916048,2.4163266150608687,0.755872321966686
5207,2.6456044359889797,0.9296777656004737,2.4163266150608687,0.8629882722866077
5208,0.7443699170932159,1.1057399666351848,2.4247142532763375,0.7558723219644399
5209,2.645339724000742,0.94588827280955,2.4247142532763375,0.862988272282365
5210,0.7580581010534508,1.1102876012239071,2.431295259290809,0.7558723219625633
5211,2.644162548652435,0.9617642335489527,2.431295259290809,0.8629882722783246
5212,0.7721520395594897,1.1141468733615014,2.436043078109388,0.7558723219610379
5213,2.642075852742531,0.9772672182017995,2.436043078109388,0.8629882722744903
5214,0.7865797766935092,1.1173108631174533,2.438938015882779,0.7558723219598451
5215,2.6390848610996542,0.9923612059717762,2.438938015882779,0.862988272270863
5216,0.8012719502909269,1.1197739320862548,2.4399673204606085,0.7558723219589688
5217,2.635197081461069,1.0070124462775947,2.4399673204606085,0.8629882722674447
5218,0.8161620023486491,1.121531712364888,2.439125235847804,0.7558723219583902
5219,2.6304223056577056,1.0211893322279164,2.439125235847804,0.862988272264236
5220,0.8311863051992366,1.1225810981218993,2.4364130304802534,0.7558723219580907
5221,2.6247726110207203,1.0348622857490746,2.4364130304802534,0.8629882722612373
5222,0.8462842200771145,1.122920239660119,2.431838999304319,0.7558723219580508
5223,2.6182623618953933,1.0480036537672532,2.431838999304319,0.8629882722584472
5224,0.8613981029120825,1.122548539903507,2.4254184397126872,0.7558723219582513
5225,2.610908211116534,1.060587614747194,2.4254184397126872,0.8629882722558634
5226,0.8764732701698043,1.1214666532667628,2.417173601456146,0.7558723219586738
5227,2.602729101264559,1.0725900948414415,2.417173601456146,0.8629882722534834
5228,0.8914579355225186,1.1196764868943634,2.4071336107168215,0.7558723219592999
5229,2.593746265482689,1.0839886928927203,2.4071336107168215,0.8629882722513038
5230,0.9063031262076832,1.1171812042836469,2.3953343685927915,0.7558723219601113
5231,2.583983227592455,1.0867350023807791,2.3953343685927915,0.8629882722493203
5232,0.9209625861933824,1.1139852313345884,2.381818424306438,0.7558723219610902
5233,2.5734658011964457,1.0800522929361571,2.381818424306438,0.8629882722475277
5234,0.9353926717521238,1.1100942648970873,2.366634823508999,0.755872321962219
5235,2.562222087403332,1.0726628488856027,2.366634823508999,0.8629882722459203
5236,0.9495522437563835,1.1055152839150153,2.3498389321112576,0.755872321963481
5237,2.55028247075016,1.064578344675805,2.3498389321112576,0.8629882722444925
5238,0.9634025599398279,1.100256563294991,2.331492236124882,0.7558723219648614
5239,2.537679612830299,1.0558117178377415,2.331492236124882,0.8629882722432382
5240,0.9769071694974925,1.094327690656846,2.311662118050431,0.7558723219663435
5241,2.52444844306187,1.0463771998205849,2.311662118050431,0.8629882722421497
5242,0.9900318117017782,1.087739586151962,2.2904216103965225,0.7558723219679123
5243,2.510626145950854,1.0362903514217223,2.2904216103965225,0.862988272241221
5244,1.0027443196633008,1.0805045255648826,2.267849126960276,0.7558723219695539
5245,2.4962521441153886,1.0255681033378583,2.267849126960276,0.862988272240444
5246,1.015014529941764,1.072636166942538,2.244028172542254,0.7558723219712551
5247,2.4813680762432773,1.0142288024284978,2.244028172542254,0.8629882722398114
5248,1.0268141983898262,1.0641495810235326,2.2190470318105486,0.7558723219730025
5249,2.4660177690542087,1.0022922643535153,2.2190470318105486,0.8629882722393158
5250,1.0381169223727595,1.0550612857665207,2.19299843806936,0.7558723219747846
5251,2.4502472022326107,0.9897798333201178,2.19299843806936,0.8629882722389496
5252,1.048898069331876,1.0453892853006324,2.165979222728895,0.7558723219765896
5253,2.434104465188189,0.9767144497500221,2.165979222728895,0.8629882722387044
5254,1.059134711536269,1.0351531136407772,2.1380899463176855,0.755872321978407
5255,2.4176397043912323,0.9631207267527717,2.1380899463176855,0.8629882722385726
5256,1.0688055667839254,1.0243738835244331,2.109434511927928,0.7558723219802272
5257,2.400905059921858,0.949025036362369,2.109434511927928,0.8629882722385468
5258,1.0778909447604659,1.013074340731559,2.08011976204234,0.7558723219820406
5259,2.3839545897703927,0.9344556065566797,2.08011976204234,0.8629882722386186
5260,1.0863726987342261,1.0012789242420825,2.0502550597610405,0.7558723219838387
5261,2.3668441803350433,0.9194426301249905,2.0502550597610405,0.8629882722387814
5262,1.0942341822542938,0.9890138325613883,2.0199518555333826,0.7558723219856142
5263,2.349631441488838,0.9040183864682736,2.0199518555333826,0.8629882722390271
5264,1.1014602105188382,0.9763070964975524,1.989323240607454,0.7558723219873592
5265,2.3323755845377256,0.8882173773947056,1.989323240607454,0.8629882722393479
5266,1.1080370260911365,0.9631886585971992,1.958483488544268,0.7558723219890683
5267,2.3151372813738305,0.8720764778900949,1.958483488544268,0.8629882722397376
5268,1.1139522686573218,0.9496904593303752,1.9275475863099796,0.7558723219907348
5269,2.297978503151528,0.855635102672574,1.9275475863099796,0.8629882722401888
5270,1.1191949485411048,0.9358465299470045,1.8966307566628002,0.7558723219923542
5271,2.2809623368892207,0.8389353890480076,1.8966307566628002,0.8629882722406947
5272,1.1237554237149325,0.9216930916938577,1.8658479737960199,0.7558723219939217
5273,2.2641527785371056,0.8220223961210982,1.8658479737960199,0.8629882722412493
5274,1.1276253800732052,0.907268660764154,1.8353134744873711,0.7558723219954336
5275,2.2476145012614164,0.8049443197281825,1.8353134744873711,0.8629882722418452
5276,1.130797814760419,0.8926141579312494,1.8051402673382748,0.7558723219968868
5277,2.2314125979886485,0.787752721467221,1.8051402673382748,0.8629882722424778
5278,1.1332670223749264,0.877773021269622,1.7754396430610346,0.7558723219982776
5279,2.215612297637696,0.7705027688181051,1.7754396430610346,0.8629882722431401
5280,1.135028583897025,0.8627913196639596,1.7463206891800638,0.7558723219996046
5281,2.200278654949883,0.7532534814657019,1.7463206891800638,0.8629882722438278
5282,1.1360793582180508,0.8477178639224451,1.7178898129410614,0.7558723220008654
5283,2.1854762144091477,0.7360679764399283,1.7178898129410614,0.8629882722445349
5284,1.1364174761750123,0.8326043112155633,1.6902502766493117,0.7558723220020587
5285,2.1712686494250812,0.7190137014486786,1.6902502766493117,0.8629882722452571
5286,1.1360423370229402,0.8175052572330456,1.663501750057149,0.7558723220031832
5287,2.1577183787221332,0.7021626416911364,1.663501750057149,0.8629882722459897
5288,1.134954607304624,0.8024783088744499,1.637739884755778,0.7558723220042362
5289,2.1448861627240103,0.6855914804346355,1.637739884755778,0.862988272246728
5290,1.1331562221047735,0.7875841284660132,1.6130559157561313,0.7558723220052174
5291,2.1328306836204445,0.6693816877415061,1.6130559157561313,0.8629882722474687
5292,1.130650388702987,0.7728864384586834,1.589536295520765,0.755872322006127
5293,2.1216081137233385,0.6536195051246738,1.589536295520765,0.8629882722482071
5294,1.12744159266728,0.7584519733826215,1.5672623655859406,0.7558723220069661
5295,2.111271677622328,0.6383957870204515,1.5672623655859406,0.8629882722489409
5296,1.1235356064574236,0.7443503636440062,1.546310070545426,0.7558723220077361
5297,2.1018712144910845,0.6238056535744073,1.546310070545426,0.8629882722496659
5298,1.118939500635007,0.7306539337598835,1.5267497185195333,0.7558723220084378
5299,2.0934527476256752,0.6099479045750661,1.5267497185195333,0.8629882722503798
5300,1.1136616578049934,0.7174373961388342,1.5086457912845166,0.7558723220090726
5301,2.086058068863644,0.5969241431869026,1.5086457912845166,0.8629882722510795
5302,1.107711789441507,0.7047774209346307,1.4920568059906754,0.7558723220096429
5303,2.0797243458879078,0.5848375626412967,1.4920568059906754,0.862988272251764
5304,1.1011009557786244,0.692752063328463,1.4770352288818667,0.755872322010151
5305,2.0744837605196493,0.5737913616863666,1.4770352288818667,0.8629882722524296
5306,1.0938415889747215,0.6814400323986162,1.463627439704958,0.7558723220105977
5307,2.070363185916151,0.5638867775455253,1.463627439704958,0.8629882722530752
5308,1.0859475197861566,0.6709197910767415,1.4518737436561633,0.7558723220109863
5309,2.0673839100941462,0.5552207594820457,1.4518737436561633,0.8629882722536986
5310,1.0774340080121272,0.66126848501287,1.4418084258703459,0.7558723220113188
5311,2.065561412395608,0.5478833508038745,1.4418084258703459,0.8629882722542991
5312,1.0683177769966514,0.6525607096518995,1.4334598417557733,0.7558723220115982
5313,2.0649051984188707,0.5419548982013435,1.4334598417557733,0.8629882722548756
5314,1.0586170524946217,0.6448671391867943,1.4268505350536216,0.7558723220118262
5315,2.0654186975914657,0.5375032571422047,1.4268505350536216,0.8629882722554265
5316,1.048351606225247,0.6382530574072729,1.421997374493051,0.7558723220120065
5317,2.067099226017564,0.5345812002880548,1.421997374493051,0.8629882722559512
5318,1.0375428044458295,0.6327768472119735,1.4189116994288862,0.7558723220121409
5319,2.0699380155628293,0.5332242514422635,1.4189116994288862,0.8629882722564495
5320,1.026213661878992,0.6284885104547303,1.4175994649606414,0.7558723220122328
5321,2.073920308422606,0.5334491518210379,1.4175994649606414,0.8629882722569204
5322,1.0143889013135752,0.6254283002221438,1.4180613777597422,0.7558723220122842
5323,2.079025514739132,0.5352531158786987,1.4180613777597422,0.8629882722573641
5324,1.0020950191688431,0.6236255510422309,1.4202930151418467,0.7558723220122983
5325,2.0852274292705553,0.5386139560852358,1.4202930151418467,0.8629882722577802
5326,0.9893603572574278,0.6230977870428638,1.4242849217246423,0.7558723220122777
5327,2.0924945017406134,0.5434910632039823,1.4242849217246423,0.8629882722581688
5328,0.9762151808971348,0.623850173132822,1.4300226801739584,0.7558723220122249
5329,2.100790154370637,0.5498271383444934,1.4300226801739584,0.8629882722585298
5330,0.9626917633959284,0.6258753509404019,1.4374869548956533,0.7558723220121425
5331,2.1100731392550354,0.5575505022088006,1.4374869548956533,0.8629882722588643
5332,0.9488244767565737,0.6291536722308286,1.4466535098962632,0.755872322012034
5333,2.1202979277081324,0.5665777668049476,1.4466535098962632,0.8629882722591717
5334,0.9346498882034159,0.6336538117371375,1.4574932042348352,0.7558723220119008
5335,2.1314151234851764,0.5768166486424187,1.4574932042348352,0.8629882722594531
5336,0.920206861806801,0.6393337130643995,1.46997197036686,0.7558723220117457
5337,2.143371891846761,0.588168725464679,1.46997197036686,0.8629882722597091
5338,0.9055366640509248,0.6461417993095109,1.484050782120295,0.7558723220115711
5339,2.1561123967622917,0.600531981255704,1.484050782120295,0.86298827225994
5340,0.8906830716359666,0.6540183667265753,1.4996856199701811,0.7558723220113793
5341,2.1695782390922207,0.6138030353951066,1.4996856199701811,0.8629882722601465
5342,0.8756924791005454,0.6628970759317776,1.5168274416677663,0.7558723220111727
5343,2.1837088893016157,0.6278790017167909,1.5168274416677663,0.8629882722603299
5344,0.8606140029701407,0.672706459940065,1.5354221661539291,0.7558723220109532
5345,2.1984421090880653,0.642658965278375,1.5354221661539291,0.8629882722604906
5346,0.8454995780567686,0.6833713797326487,1.5554106781053745,0.7558723220107231
5347,2.21371435720496,0.6509170199962487,1.5554106781053745,0.8629882722606299
5348,0.8304040402351858,0.6948143734655706,1.576728859514258,0.7558723220104837
5349,2.2294611756811413,0.6392867530000276,1.576728859514258,0.8629882722607483
5350,0.8153851884918123,0.7069568622553934,1.5993076534926232,0.7558723220102375
5351,2.245617553540538,0.6287136661176461,1.5993076534926232,0.862988272260847
5352,0.8005038172928373,0.7197201915771962,1.6230731641318006,0.755872322009986
5353,2.2621182659788897,0.619290148952214,1.6230731641318006,0.8629882722609267
5354,0.7858237083844063,0.7330265012117655,1.6479467948373434,0.7558723220097311
5355,2.2788981877354058,0.611103378552801,1.6479467948373434,0.8629882722609886
5356,0.7714115690986392,0.7467994276097822,1.673845426192072,0.7558723220094735
5357,2.295892580089188,0.6042330738223228,1.673845426192072,0.8629882722610336
5358,0.7573369022295959,0.7609646503174321,1.7006816331443841,0.7558723220092157
5359,2.3130373515047546,0.5987491859439826,1.7006816331443841,0.8629882722610634
5360,0.7436717907712473,0.7754502989652697,1.7283639402262319,0.7558723220089584
5361,2.330269292445207,0.5947096627372447,1.7283639402262319,0.8629882722610781
5362,0.7304905795693457,0.7901872397366878,1.756797112604371,0.7558723220087032
5363,2.3475262852676626,0.5921584441410424,1.756797112604371,0.8629882722610793
5364,0.7178694356174447,0.8051092607735212,1.78588248007027,0.755872322008451
5365,2.3647474904193366,0.5911238479479485,1.78588248007027,0.8629882722610681
5366,0.7058857697935037,0.8201531752025728,1.8155182905738698,0.7558723220082032
5367,2.381873510372422,0.5916174856230292,1.8155182905738698,0.8629882722610448
5368,0.6946175058060098,0.8352588588642998,1.8456000895882057,0.7558723220079596
5369,2.398846532881667,0.5936338077047045,1.8456000895882057,0.8629882722610113
5370,0.6841421874977524,0.850369237780716,1.8760211214322702,0.7558723220077224
5371,2.4156104552307887,0.5971503218027036,1.8760211214322702,0.8629882722609674
5372,0.6745359238174933,0.8654302381991168,1.9066727486511332,0.7558723220074909
5373,2.432110991163231,0.6021284624712983,1.9066727486511332,0.8629882722609147
5374,0.6658721818247021,0.8803907098858802,1.9374448856268864,0.7558723220072673
5375,2.4482957621794967,0.6085150320138571,1.9374448856268864,0.8629882722608545
5376,0.6582204517240128,0.8952023313407148,1.9682264427444331,0.7558723220070511
5377,2.4641143748366026,0.616244084420632,1.9682264427444331,0.8629882722607869
5378,0.651644823250823,0.9098195038207585,1.9989057776382242,0.7558723220068435
5379,2.479518485613616,0.6252390976336806,1.9989057776382242,0.8629882722607133
5380,0.6462025282303283,0.9241992395308319,2.0293711502790255,0.7558723220066441
5381,2.4944618548178723,0.6354152740047009,2.0293711502790255,0.8629882722606343
5382,0.6419425177262913,0.9383010480499452,2.059511178907055,0.7558723220064542
5383,2.508900390905559,0.6466818225782491,2.059511178907055,0.8629882722605506
5384,0.6389041514830323,0.9520868240081519,2.089215294066476,0.7558723220062735
5385,2.5227921864829357,0.6589441040940786,2.089215294066476,0.8629882722604632
5386,0.6371160800570748,0.9655207381772156,2.118374188237035,0.7558723220061024
5387,2.536097547144561,0.672105553635486,2.118374188237035,0.8629882722603722
5388,0.636595394501123,0.9785691334652304,2.1468802587855293,0.7558723220059408
5389,2.548779014195748,0.6860693304986617,2.1468802587855293,0.8629882722602791
5390,0.6373471042428839,0.9912004267813418,2.174628042169063,0.7558723220057888
5391,2.5608013822003994,0.7007396755894303,2.174628042169063,0.862988272260184
5392,0.6393639819270449,1.0033850173359338,2.201514637512294,0.7558723220056466
5393,2.5721317121941616,0.7160229809075761,2.201514637512294,0.8629882722600883
5394,0.6426267869615376,1.0150952016408306,2.2274401178518595,0.7558723220055146
5395,2.5827393413075597,0.7318285926610495,2.2274401178518595,0.8629882722599911
5396,0.6471048508837712,1.0263050952531638,2.2523079274939906,0.7558723220053918
5397,2.5925958894552554,0.7480693797408785,2.2523079274939906,0.8629882722598942
5398,0.652756981330011,1.0369905611487042,2.276025264067543,0.7558723220052785
5399,2.601675263666057,0.7646621038808998,2.276025264067543,0.8629882722597978
5400,0.6595326207614469,1.047129144501706,2.298503443976416,0.7558723220051747
5401,2.6099536605538907,0.7815276282803205,2.298503443976416,0.8629882722597014
5402,0.6673731834276057,1.056700013577384,2.3196582500647023,0.7558723220050801
5403,2.6174095673625204,0.7985909991801939,2.3196582500647023,0.8629882722596064
5404,0.6762134900832699,1.0656839064009087,2.3394102604071683,0.7558723220049942
5405,2.62402376195597,0.8157814310282689,2.3394102604071683,0.862988272259513
5406,0.6859832240142864,1.074063082846145,2.357685157228804,0.7558723220049175
5407,2.629779312071975,0.8330322213244341,2.357685157228804,0.862988272259422
5408,0.6966083421776095,1.0818212817826016,2.374414015042119,0.7558723220048496
5409,2.634661574106888,0.8502806166183147,2.374414015042119,0.8629882722593323
5410,0.7080123893753573,1.0889436829258545,2.389533567171213,0.7558723220047895
5411,2.63865819165662,0.8674676468070412,2.389533567171213,0.8629882722592455
5412,0.7201176789919778,1.0954168730517324,2.4029864499087585,0.7558723220047373
5413,2.6417590939989517,0.8845379410549468,2.4029864499087585,0.8629882722591613
5414,0.732846318934919,1.1012288162552535,2.414721423627123,0.7558723220046928
5415,2.643956494667157,0.9014395354061582,2.414721423627123,0.8629882722590798
5416,0.7461210746300678,1.1063688279598092,2.424693570238708,0.7558723220046554
5417,2.6452448902328105,0.918123679485949,2.424693570238708,0.8629882722590018
5418,0.7598660714614179,1.1108275524089772,2.4328644664739874,0.7558723220046252
5419,2.645621059386252,0.934544647542772,2.4328644664739874,0.8629882722589266
5420,0.774007346682788,1.1145969434016865,2.4392023325190655,0.7558723220046012
5421,2.6450840623758536,0.9506595574038129,2.4392023325190655,0.862988272258855
5422,0.7884732657379886,1.1176702480604321,2.4436821556282133,0.7558723220045833
5423,2.6436352408413217,0.9664281996295822,2.4436821556282133,0.8629882722587868
5424,0.8031948205130178,1.1200419934515127,2.446285788400916,0.7558723220045717
5425,2.641278218051255,0.9818128781865854,2.446285788400916,0.8629882722587223
5426,0.8181058278201018,1.1217079759054291,2.4470020214875046,0.7558723220045653
5427,2.6380188995303615,0.9967782632473006,2.4470020214875046,0.8629882722586613
5428,0.833143045892088,1.1226652529145462,2.4458266305623346,0.7558723220045639
5429,2.6338654740366194,1.0112912562183103,2.4458266305623346,0.8629882722586038
5430,0.8482462253028389,1.1229121375137807,2.4427623974786297,0.7558723220045673
5431,2.6288284148225443,1.0253208667443805,2.4427623974786297,0.8629882722585496
5432,0.8633581088948301,1.1224481950784544,2.43781910559416,0.7558723220045748
5433,2.6229204810870788,1.0388381012011108,2.43781910559416,0.8629882722584992
5434,0.8784243932670299,1.1212742425016067,2.4310135093316974,0.7558723220045859
5435,2.6161567194947986,1.0518158620416653,2.4310135093316974,0.8629882722584525
5436,0.8933936623480194,1.1193923497410483,2.4223692781122446,0.7558723220046011
5437,2.608554465606496,1.064228857280681,2.4223692781122446,0.8629882722584094
5438,0.9082173016747289,1.1168058437544148,2.4119169148720654,0.7558723220046195
5439,2.600133345029229,1.0760535193627014,2.4119169148720654,0.8629882722583694
5440,0.9228494002858015,1.1135193148685072,2.399693649446094,0.755872322004641
5441,2.590915274053838,1.0872679326596628,2.399693649446094,0.8629882722583331
5442,0.9372466456511421,1.1095386256574118,2.385743307170069,0.7558723220046647
5443,2.5809244595033096,1.0848166989042605,2.385743307170069,0.8629882722583001
5444,0.9513682158002054,1.1048709224323683,2.370116153121258,0.7558723220046908
5445,2.5701873974654514,1.0779220810802632,2.370116153121258,0.8629882722582704
5446,0.9651756717692094,1.0995246494750879,2.3528687124825853,0.7558723220047192
5447,2.5587328705276686,1.0703240796629037,2.3528687124825853,0.8629882722582437
5448,0.9786328526408696,1.0935095661752803,2.334063567577124,0.7558723220047491
5449,2.546591943069683,1.0620347427997983,2.334063567577124,0.8629882722582202
5450,0.9917057747745637,1.0868367672623598,2.3137691321788703,0.7558723220047807
5451,2.5337979541013764,1.0530673904657433,2.3137691321788703,0.8629882722581999
5452,1.0043625362944346,1.079518706350519,2.2920594037615145,0.7558723220048129
5453,2.5203865070572826,1.0434366466160976,2.2920594037615145,0.8629882722581821
5454,1.016573227493501,1.0715692230452114,2.269013694399425,0.7558723220048468
5455,2.5063954558765205,1.0331584760861432,2.269013694399425,0.8629882722581668
5456,1.0283098475013108,1.0630035738870587,2.244716341084469,0.7558723220048805
5457,2.4918648866071655,1.022250226780727,2.244716341084469,0.8629882722581542
5458,1.039546227331884,1.0538384674354755,2.2192563962689515,0.7558723220049153
5459,2.4768370936777147,1.0107306777660892,2.2192563962689515,0.8629882722581443
5460,1.0502579592612662,1.0440921038178337,2.1927272994894222,0.7558723220049501
5461,2.4613565498761205,0.9986200939472334,2.1927272994894222,0.8629882722581368
5462,1.0604223323663549,1.0337842190891648,2.1652265309693273,0.755872322004985
5463,2.4454698689701,0.9859402880885548,2.1652265309693273,0.862988272258131
5464,1.0700182739776596,1.0229361347602248,2.1368552481416363,0.7558723220050201
5465,2.429225759792966,0.9727146910111214,2.1368552481416363,0.8629882722581275
5466,1.0790262967492243,1.011570812855404,2.1077179060773594,0.7558723220050547
5467,2.412674970509519,0.9589684308743718,2.1077179060773594,0.8629882722581261
5468,1.0874284510219958,0.9997129168528691,2.0779218628542955,0.755872322005089
5469,2.3958702216699117,0.9447284225192071,2.0779218628542955,0.8629882722581261
5470,1.0952082821466962,0.9873888788327381,2.047576970955071,0.7558723220051227
5471,2.378866126560165,0.9300234679077464,2.047576970955071,0.862988272258128
5472,1.102350792434384,0.9746269731089273,2.0167951558474373,0.7558723220051555
5473,2.361719097271285,0.9148843687342056,2.0167951558474373,0.8629882722581314
5474,1.1088424074139451,0.9614573965388995,1.98568998297655,0.7558723220051873
5475,2.344487234841159,0.8993440522899798,1.98568998297655,0.8629882722581359
5476,1.1146709460930688,0.9479123555831005,1.954376214492276,0.7558723220052188
5477,2.3272302017820063,0.8834377116281831,1.954376214492276,0.8629882722581416
5478,1.119825594940965,0.9340261600103764,1.9229693571486355,0.7558723220052492
5479,2.3100090752996594,0.8672029609670697,1.9229693571486355,0.8629882722581488
5480,1.1242968853355886,0.9198353229022955,1.8915852029513098,0.7558723220052781
5481,2.2928861795488937,0.8506800070690244,1.8915852029513098,0.8629882722581568
5482,1.12807667424448,0.9053786662802185,1.8603393642963968,0.7558723220053063
5483,2.2759248953616744,0.8339118369939955,1.8603393642963968,0.862988272258166
5484,1.1311581279356837,0.890697431243175,1.829346805542094,0.7558723220053328
5485,2.2591894460432043,0.8169444221037384,1.829346805542094,0.8629882722581759
5486,1.1335357085430626,0.8758353909378668,1.7987213731859735,0.7558723220053586
5487,2.242744658064556,0.7998269374227969,1.7987213731859735,0.8629882722581866
5488,1.1352051633383533,0.8608389639576816,1.7685753270830755,0.755872322005383
5489,2.226655695800121,0.7826119943650117,1.7685753270830755,0.8629882722581974
5490,1.1361635165902717,0.8457573248571443,1.739018875430005,0.7558723220054064
5491,2.21098776987117,0.7653558833151718,1.739018875430005,0.8629882722582091
5492,1.1364090639187951,0.8306425073443041,1.7101597165494478,0.7558723220054281
5493,2.1958058191686334,0.7481188205034445,1.7101597165494478,0.8629882722582211
5494,1.1359413690803766,0.8155494943531612,1.6821025908250142,0.7558723220054484
5495,2.181174167240262,0.7309651909040141,1.6821025908250142,0.862988272258233
5496,1.1347612631473183,0.8005362875885788,1.6549488464394082,0.7558723220054676
5497,2.1671561544357787,0.7139637754076439,1.6549488464394082,0.8629882722582455
5498,1.1328708460718977,0.7856639472829017,1.6287960228352325,0.7558723220054855
5499,2.1538137479985493,0.6971879461603337,1.6287960228352325,0.8629882722582582
5500,1.1302734906531646,0.7709965908421507,1.6037374560173328,0.7558723220055024
5501,2.141207133156397,0.6807158086816377,1.6037374560173328,0.8629882722582708
5502,1.1269738489517354,0.7566013368698512,1.5798619099141178,0.7558723220055176
5503,2.1293942891723887,0.6646302632392085,1.5798619099141178,0.8629882722582835
5504,1.12297786122541,0.7425481788793158,1.5572532379761377,0.7558723220055313
5505,2.1184305552355593,0.6490189512054954,1.5572532379761377,0.8629882722582962
5506,1.11829276748613,0.7289097710610484,1.5359900789776677,0.7558723220055443
5507,2.1083681919611625,0.6339740452802483,1.5359900789776677,0.8629882722583085
5508,1.1129271218066712,0.7157611070766532,1.5161455905704182,0.7558723220055558
5509,2.0992559450834234,0.6195918364344397,1.5161455905704182,0.8629882722583212
5510,1.1068908095334518,0.703179072422773,1.4977872234972243,0.755872322005566
5511,2.0911386186106187,0.6059720666011907,1.4977872234972243,0.8629882722583335
5512,1.100195067589852,0.6912418519605847,1.4809765385022344,0.7558723220055752
5513,2.0840566652214574,0.5932169564043349,1.4809765385022344,0.8629882722583453
5514,1.092852508082174,0.6800281773083876,1.465769066887377,0.7558723220055831
5515,2.078045801965138,0.5814298838925935,1.465769066887377,0.862988272258357
5516,1.0848771454474824,0.6696164045011235,1.452214214400718,0.7558723220055901
5517,2.0731366593444664,0.5707136857667762,1.452214214400718,0.8629882722583684
5518,1.0762844274084256,0.6600834210513871,1.4403552067632743,0.7558723220055958
5519,2.0693544715827934,0.5611685788958419,1.4403552067632743,0.862988272258379
5520,1.0670912700239183,0.651503393428332,1.4302290737319643,0.755872322005601
5521,2.0667188152875275,0.552889737591622,1.4302290737319643,0.8629882722583897
5522,1.0573160971450564,0.6439463806566909,1.4218666672598084,0.7558723220056052
5523,2.0652434028299105,0.5459646093167998,1.4218666672598084,0.8629882722584
5524,1.0469788846012615,0.637476856248227,1.4152927081607463,0.7558723220056086
5525,2.064935935586647,0.5404701031355466,1.4152927081607463,0.8629882722584099
5526,1.0361012094502284,0.6321521973258463,1.410525854822637,0.7558723220056107
5527,2.0657980207771174,0.5364698327619041,1.410525854822637,0.8629882722584188
5528,1.0247063046239353,0.6280212142745083,1.4075787870294123,0.7558723220056124
5529,2.067825154040806,0.5340116286501372,1.4075787870294123,0.8629882722584278
5530,1.0128191192880853,0.625122803903533,1.406458297914841,0.7558723220056133
5531,2.071006768206865,0.5331255404806959,1.406458297914841,0.8629882722584361
5532,1.0004663851990556,0.6234848114376542,1.4071653875008792,0.7558723220056133
5533,2.075326346993071,0.5338225255077036,1.4071653875008792,0.8629882722584442
5534,0.9876766892846455,0.6231231799446257,1.4096953521544842,0.7558723220056125
5535,2.0807616007180214,0.5360939592751265,1.4096953521544842,0.8629882722584514
5536,0.9744805525849285,0.6240414496745078,1.4140378655660206,0.7558723220056116
5537,2.087284699596936,0.5399120212268348,1.4140378655660206,0.8629882722584583
5538,0.9609105155576597,0.626230645526194,1.4201770484098517,0.7558723220056102
5539,2.0948625588857728,0.545230913742887,1.4201770484098517,0.8629882722584649
5540,0.9470012295671046,0.6296695613753306,1.4280915255662896,0.7558723220056083
5541,2.1034571690933577,0.5519887870620048,1.4280915255662896,0.8629882722584709
5542,0.932789554121414,0.6343254192976999,1.4377544715233928,0.7558723220056056
5543,2.113025963731084,0.5601101800142723,1.4377544715233928,0.8629882722584769
5544,0.9183146590845225,0.6401548540692971,1.4491336461994528,0.7558723220056028
5545,2.1235222166291328,0.5695087565006202,1.4491336461994528,0.8629882722584817
5546,0.9036181306439122,0.6471051523321408,1.4621914248116947,0.7558723220055997
5547,2.134895460712504,0.5800901209094601,1.4621914248116947,0.8629882722584863
5548,0.8887440792426241,0.6551156637258608,1.4768848264717898,0.7558723220055964
5549,2.1470919202779872,0.5917545257067923,1.4768848264717898,0.8629882722584907
5550,0.8737392469577351,0.6641192986478534,1.4931655468584815,0.7558723220055922
5551,2.1600549492092984,0.6043993307909171,1.4931655468584815,0.8629882722584944
5552,0.8586531109025064,0.6740440330939953,1.5109800005844702,0.7558723220055883
5553,2.17372546816734,0.6179211258587907,1.5109800005844702,0.8629882722584982
5554,0.8435379781214815,0.684814353110554,1.530269378757401,0.7558723220055837
5555,2.1880423945458163,0.6322174751037444,1.530269378757401,0.862988272258501
5556,0.8284490661183203,0.6963525871229502,1.5509697267816416,0.7558723220055793
5557,2.202943059838115,0.6471882825324258,1.5509697267816416,0.8629882722585038
5558,0.8134445615974575,0.7085800912464796,1.5730120467280386,0.7558723220055746
5559,2.2183636099704542,0.6473436759821647,1.5730120467280386,0.862988272258506
5560,0.7985856482242756,0.7214182685657892,1.5963224276936974,0.7558723220055703
5561,2.2342393850748845,0.6360187868144856,1.5963224276936974,0.8629882722585079
5562,0.7839364922557447,0.73478941691566,1.6208222065657314,0.7558723220055654
5563,2.250505276066643,0.6257790480875217,1.6208222065657314,0.8629882722585096
5564,0.7695641728491261,0.7486174102167954,1.6464281605687736,0.7558723220055605
5565,2.2670960562242826,0.6167155214467877,1.6464281605687736,0.8629882722585109
5566,0.7555385418640961,0.7628282257979239,1.6730527319810184,0.755872322005556
5567,2.2839466867265936,0.6089134000422007,1.6730527319810184,0.8629882722585118
5568,0.7419319962520157,0.7773503346456865,1.7006042844979452,0.7558723220055512
5569,2.3009925957638697,0.6024497310874184,1.7006042844979452,0.8629882722585126
5570,0.7288191449813896,0.7921149736623685,1.7289873899408248,0.7558723220055469
5571,2.318169931405723,0.5973911127537007,1.7289873899408248,0.8629882722585129
5572,0.716276352279023,0.8070563193516032,1.758103143367283,0.7558723220055421
5573,2.335415788872176,0.5937915105337317,1.758103143367283,0.8629882722585132
5574,0.7043811402502755,0.8221115814453708,1.7878495041488764,0.7558723220055376
5575,2.352668413222549,0.591690352901249,1.7878495041488764,0.8629882722585134
5576,0.6932114371998568,0.8372210333060899,1.8181216602303951,0.7558723220055332
5577,2.3698673787544413,0.5911110619389002,1.8181216602303951,0.8629882722585132
5578,0.6828446636978865,0.8523279938591015,1.8488124125643242,0.7558723220055291
5579,2.386953746601679,0.5920601488102446,1.8488124125643242,0.8629882722585124
5580,0.6733566569747841,0.8673787736061143,1.8798125766037852,0.7558723220055245
5581,2.403870202145834,0.594526958078989,1.8798125766037852,0.8629882722585118
5582,0.6648204456466119,0.8823225951229754,1.9110113977182461,0.7558723220055206
5583,2.420561173921245,0.5984840851668883,1.9110113977182461,0.8629882722585107
5584,0.6573049006869124,0.8971114964675199,1.9422969774481755,0.7558723220055165
5585,2.436972935709139,0.6038884274125247,1.9422969774481755,0.8629882722585098
5586,0.6508733040077961,0.9117002241737321,1.973556707618615,0.7558723220055126
5587,2.4530536934922273,0.6106827720399138,1.973556707618615,0.862988272258509
5588,0.6455818913940771,0.9260461210078713,2.0046777094706902,0.7558723220055094
5589,2.468753658886262,0.6187977829314966,2.0046777094706902,0.862988272258508
5590,0.6414784397073481,0.9401090124070653,2.035547275130329,0.7558723220055057
5591,2.4840251105874023,0.6281542275826315,2.035547275130329,0.8629882722585063
5592,0.6386009768290487,0.9538510944930464,2.0660533089037445,0.7558723220055025
5593,2.498822445280858,0.638665286422485,2.0660533089037445,0.8629882722585049
5594,0.6369766945086499,0.9672368257276867,2.0960847660611726,0.7558723220054994
5595,2.5131022193529557,0.650238805151136,2.0960847660611726,0.8629882722585035
5596,0.6366211376180597,0.9802328236246142,2.125532086937875,0.7558723220054966
5597,2.5268231826402014,0.6627793807293283,2.125532086937875,0.862988272258502
5598,0.6375377280082611,0.9928077674245999,2.1542876243407223,0.7558723220054934
5599,2.5399463053389755,0.676190206458339,2.1542876243407223,0.8629882722585006
5600,0.6397176584518173,1.004932307255852,2.182246062397462,0.7558723220054911
5601,2.5524347990910274,0.6903746354533046,2.182246062397462,0.8629882722584988
5602,0.6431401647042703,1.0165789800109697,2.2093048251232297,0.7558723220054886
5603,2.5642541331551865,0.7052374507934038,2.2093048251232297,0.8629882722584974
5604,0.6477731551721262,1.0277221319604837,2.2353644731049975,0.7558723220054864
5605,2.575372046476117,0.7206858527322157,2.2353644731049975,0.8629882722584955
5606,0.65357415190921,1.038337847972156,2.2603290868201946,0.7558723220054842
5607,2.585758556367697,0.7366301882148163,2.2603290868201946,0.8629882722584941
5608,0.6604914769691903,1.048403887101966,2.2841066352118093,0.7558723220054823
5609,2.595385964442082,0.752984456323362,2.2841066352118093,0.8629882722584921
5610,0.6684656065900768,1.0578996242559604,2.306609328240267,0.7558723220054807
5611,2.604228860336154,0.7696666264773157,2.306609328240267,0.8629882722584906
5612,0.6774306128285293,1.0668059975830944,2.3277539522236594,0.7558723220054793
5613,2.612264123714756,0.7865988057128305,2.3277539522236594,0.862988272258489
5614,0.687315617225802,1.0751054612408775,2.3474621868639187,0.755872322005478
5615,2.6194709249646673,0.8037072885008355,2.3474621868639187,0.8629882722584875
5616,0.6980461919766325,1.082781943172594,2.365660902938531,0.7558723220054768
5617,2.6258307249343615,0.8209225184229405,2.365660902938531,0.8629882722584858
5618,0.7095456585098683,1.0898208075429174,2.3822824397166125,0.7558723220054756
5619,2.6313272740217184,0.8381789864066451,2.3822824397166125,0.8629882722584846
5620,0.7217362490356235,1.09620882149461,2.3972648612355183,0.755872322005474
5621,2.6359466108645364,0.855415085659021,2.3972648612355183,0.8629882722584832
5622,0.734540111543926,1.1019341259103068,2.4105521906505385,0.7558723220054735
5623,2.6396770608462665,0.8725729392483369,2.4105521906505385,0.8629882722584815
5624,0.7478801516345589,1.1069862098882473,2.422094621946248,0.7558723220054726
5625,2.6425092345913743,0.889598212624546,2.422094621946248,0.8629882722584803
5626,0.7616807147224002,1.1113558886679666,2.43184870837425,0.7558723220054723
5627,2.6444360265903892,0.9064399202929947,2.43184870837425,0.862988272258479
5628,0.7758681194303934,1.1150352847703873,2.4397775270586934,0.7558723220054722
5629,2.645452614063491,0.9230502333450179,2.4397775270586934,0.8629882722584774
5630,0.7903710575631029,1.1180178121458173,2.4458508192883315,0.7558723220054714
5631,2.645556456142775,0.9393842925512457,2.4458508192883315,0.8629882722584762
5632,0.8051208783762509,1.1202981631526152,2.4500451060920327,0.7558723220054715
5633,2.6447472934264855,0.9554000301688731,2.4500451060920327,0.8629882722584749
5634,0.820051775437207,1.1218722982184333,2.4523437787736273,0.7558723220054712
5635,2.6430271479329233,0.9710580024296761,2.4523437787736273,0.8629882722584739
5636,0.8351008937167905,1.12273743806488,2.4527371641616584,0.7558723220054715
5637,2.640400323456861,0.986321233791965,2.4527371641616584,0.8629882722584729
5638,0.8502083731097541,1.122892058405064,2.4512225644098113,0.7558723220054713
5639,2.6368734063064374,1.0011550733952725,2.4512225644098113,0.8629882722584716
5640,0.8653173427079323,1.1223358870518247,2.447804271264359,0.7558723220054715
5641,2.632455266373147,1.0155270636989422,2.447804271264359,0.862988272258471
5642,0.8803738781126482,1.1210699034025808,2.4424935547955537,0.7558723220054717
5643,2.6271570584610395,1.0294068209714273,2.4424935547955537,0.8629882722584696
5644,0.89532693205519,1.1190963402947083,2.435308626670229,0.7558723220054717
5645,2.6209922237730066,1.0427659270910108,2.435308626670229,0.862988272258469
5646,0.9101282467117255,1.1164186882533425,2.426274578122632,0.7558723220054723
5647,2.613976491421437,1.0555778319930202,2.426274578122632,0.862988272258468
5648,0.9247322544156382,1.1130417021815366,2.4154232928592516,0.7558723220054726
5649,2.60612787979695,1.0678177660317811,2.4154232928592516,0.8629882722584672
5650,0.939095972012655,1.1089714105709543,2.4027933352108817,0.7558723220054732
5651,2.5974666975918024,1.079462661500903,2.4027933352108817,0.862988272258467
5652,0.9531788928741706,1.104215127339768,2.388429813920816,0.7558723220054735
5653,2.5880155442331705,1.0892293428770647,2.388429813920816,0.8629882722584661
5654,0.9669428795685192,1.0987814664332354,2.3723842220317453,0.7558723220054736
5655,2.577799309435365,1.0828348718393466,2.3723842220317453,0.8629882722584659
5656,0.9803520593669859,1.092680359351484,2.3547142534050334,0.7558723220054744
5657,2.566845171528486,1.075729306332471,2.3547142534050334,0.8629882722584651
5658,0.9933727241059539,1.0859230757982807,2.3354835964744582,0.7558723220054748
5659,2.5551825941634925,1.0679238188469142,2.3354835964744582,0.8629882722584644
5660,1.0059732354132156,1.078522247673746,2.3147617059017653,0.7558723220054753
5661,2.5428433209297934,1.0594308337085883,2.3147617059017653,0.8629882722584638
5662,1.018123935911063,1.0704918966627506,2.2926235528633665,0.7558723220054758
5663,2.5298613673506942,1.0502640561923846,2.2926235528633665,0.8629882722584632
5664,1.0297970667096077,1.061847465698532,2.269149354756014,0.7558723220054766
5665,2.516273009644316,1.0404385060377725,2.269149354756014,0.8629882722584629
5666,1.0409666912820894,1.05260585460707,2.244424285164254,0.7558723220054772
5667,2.5021167695527073,1.029970555865879,2.244424285164254,0.8629882722584626
5668,1.0516086256536605,1.0427854602608069,2.2185381649839626,0.7558723220054778
5669,2.4874333944500897,1.0188779750620658,2.2185381649839626,0.8629882722584625
5670,1.0617003747230997,1.032406221588789,2.191585135644568,0.7558723220054785
5671,2.47226583184298,1.007179979756852,2.191585135644568,0.862988272258462
5672,1.071221074462178,1.0214896698021168,2.16366331541802,0.7558723220054796
5673,2.456659197271218,0.9948972896104634,2.16366331541802,0.862988272258462
5674,1.0801514396912981,1.0100589841958094,2.1348744398459014,0.7558723220054803
5675,2.4406607345111797,0.9820521921812526,2.1348744398459014,0.8629882722584618
5676,1.0884737171055001,0.998139053877127,2.1053234873581395,0.7558723220054809
5677,2.4243197668725527,0.9686686157338442,2.1053234873581395,0.8629882722584615
5678,1.0961716432165682,0.9857565457411122,2.075118291198889,0.7558723220054816
5679,2.4076876382709624,0.9547722114161734,2.075118291198889,0.8629882722584618
5680,1.1032304068804144,0.972939978960383,2.0443691388187646,0.755872322005482
5681,2.3908176426537513,0.9403904458012355,2.0443691388187646,0.8629882722584618
5682,1.1096366160909108,0.9597198061700531,2.0131883599397504,0.7558723220054825
5683,2.373764940260154,0.9255527048429473,2.0131883599397504,0.8629882722584618
5684,1.1153782687393488,0.9461285014000755,1.9816899045519827,0.755872322005483
5685,2.3565864591153156,0.9102904103269798,1.9816899045519827,0.8629882722584618
5686,1.1204447270608113,0.9322006546238958,1.949988912162844,0.7558723220054833
5687,2.339340780096856,0.8946371498940701,1.949988912162844,0.862988272258462
5688,1.1248266955135735,0.9179730725388765,1.9182012736912502,0.7558723220054839
5689,2.3220880038807468,0.8786288216577746,1.9182012736912502,0.8629882722584619
5690,1.128516201864139,0.9034848848522912,1.8864431874866192,0.7558723220054843
5691,2.304889598078995,0.8623037943072999,1.8864431874866192,0.8629882722584619
5692,1.1315065812779714,0.8887776548953182,1.8548307110556375,0.7558723220054848
5693,2.2878082229347667,0.8457030833475024,1.8548307110556375,0.8629882722584621
5694,1.1337924632438754,0.8738954928018383,1.8234793102030633,0.7558723220054852
5695,2.2709075340516316,0.8288705437410105,1.8234793102030633,0.8629882722584622
5696,1.1353697611880054,0.8588851687418456,1.7925034074371153,0.7558723220054855
5697,2.254251960813155,0.8118530786282829,1.7925034074371153,0.8629882722584625
5698,1.1362356646614324,0.843796222762634,1.7620159316558595,0.7558723220054862
5699,2.237906459407524,0.7947008629425255,1.7620159316558595,0.8629882722584628
5700,1.1363886340129943,0.828681066637437,1.7321278713169768,0.7558723220054866
5701,2.221936239718552,0.7774675795241173,1.7321278713169768,0.8629882722584632
5702,1.1358283974867531,0.8135950717288818,1.7029478334953276,0.7558723220054869
5703,2.2064064657864653,0.7602106636733349,1.7029478334953276,0.8629882722584632
5704,1.1345559507108518,0.798596635232515,1.6745816114436671,0.7558723220054873
5705,2.191381930083721,0.7429915498460721,1.6745816114436671,0.8629882722584632
5706,1.1325735585718988,0.7837472152826325,1.6471317634807519,0.7558723220054876
5707,2.1769267024924908,0.7258759112720037,1.6471317634807519,0.8629882722584639
5708,1.1298847594963641,0.7691113233189993,1.6206972062228555,0.755872322005488
5709,2.1631037556060835,0.7089338795405663,1.6206972062228555,0.862988272258464
5710,1.1264943721878644,0.7547564599153872,1.5953728253301909,0.7558723220054883
5711,2.1499745687942555,0.6922402265689382,1.5953728253301909,0.862988272258464
5712,1.1224085048967494,0.7407529781095301,1.5712491070360557,0.7558723220054887
5713,2.13759871435262,0.6758744858184439,1.5712491070360557,0.8629882722584644
5714,1.1176345673261205,0.7271738563811926,1.5484117937383317,0.755872322005489
5715,2.126033429971626,0.65992098326963,1.5484117937383317,0.8629882722584643
5716,1.1121812853062922,0.7140943621295076,1.5269415668343254,0.7558723220054893
5717,2.1153331826754944,0.6444687418183718,1.5269415668343254,0.8629882722584649
5718,1.1060587183977324,0.7015915862343093,1.5069137597470186,0.7558723220054894
5719,2.1055492302534553,0.6296112160409891,1.5069137597470186,0.8629882722584652
5720,1.0992782806104817,0.6897438305714784,1.4883981037052014,0.7558723220054896
5721,2.0967291869866798,0.6154458087356329,1.4883981037052014,0.8629882722584655
5722,1.0918527644557585,0.6786298337625509,1.4714585082925864,0.7558723220054897
5723,2.0889166011134335,0.6020731178175138,1.4714585082925864,0.8629882722584663
5724,1.0837963685724257,0.668327826518469,1.456152878075572,0.75587232200549
5725,2.0821505519215755,0.589595864067021,1.456152878075572,0.8629882722584662
5726,1.0751247291966501,0.6589144170781932,1.4425329657754418,0.7558723220054903
5727,2.0764652745653183,0.5781174592973625,1.4425329657754418,0.8629882722584664
5728,1.0658549557665022,0.650463319520375,1.430644261505542,0.75587232200549
5729,2.0718898206344214,0.5677401930842264,1.430644261505542,0.8629882722584667
5730,1.0560056709732177,0.6430439527190359,1.4205259166014064,0.7558723220054904
5731,2.0684477621337747,0.5585630459264805,1.4205259166014064,0.8629882722584667
5732,1.0455970555856788,0.6367199543523226,1.412210699600003,0.7558723220054903
5733,2.066156945851012,0.5506791775505046,1.412210699600003,0.862988272258467
5734,1.0346508983821452,0.6315476708807036,1.40572498104989,0.7558723220054903
5735,2.065029304109521,0.5441731882912935,1.40572498104989,0.8629882722584674
5736,1.0231906515204228,0.6275746984107864,1.4010887431344152,0.7558723220054906
5737,2.065070726653829,0.5391183029300097,1.4010887431344152,0.8629882722584674
5738,1.0112414916606676,0.6248385581924263,1.3983156096342013,0.7558723220054905
5739,2.0662809969426426,0.5355736706436117,1.3983156096342013,0.8629882722584676
5740,0.9988303871189326,0.6233655917298087,1.397412891594395,0.7558723220054905
5741,2.068653794496596,0.5335820006826499,1.397412891594395,0.8629882722584677
5742,0.9859861712680755,0.6231701525422572,1.3983816442226293,0.7558723220054905
5743,2.0721767632398107,0.5331677510098187,1.3983816442226293,0.8629882722584682
5744,0.9727396223078068,0.6242541543129883,1.401216731021035,0.7558723220054906
5745,2.076831644069316,0.5343360510394484,1.401216731021035,0.862988272258468
5746,0.9591235493875582,0.6266070100324298,1.4059068919142617,0.7558723220054905
5747,2.082594468266877,0.5370724719861788,1.4059068919142617,0.8629882722584684
5748,0.9451728848722918,0.6302059668622606,1.4124348131113185,0.7558723220054901
5749,2.0894358069097385,0.5413436695639878,1.4124348131113185,0.8629882722584684
5750,0.9309247822775737,0.6350168109059153,1.4207771975468766,0.7558723220054903
5751,2.0973210702041736,0.547098830273355,1.4207771975468766,0.8629882722584686
5752,0.9164187190485994,0.6409948891023252,1.430904835890948,0.75587232200549
5753,2.106210849705921,0.5542717720616496,1.430904835890948,0.8629882722584687
5754,0.9016966028978984,0.648086375531169,1.4427826791978937,0.7558723220054903
5755,2.1160612957331337,0.5627834967402087,1.4427826791978937,0.8629882722584689
5756,0.886802879825052,0.6562296985611598,1.4563699152005136,0.7558723220054898
5757,2.1268245219290933,0.5725449717635971,1.4563699152005136,0.8629882722584692
5758,0.8717846411938127,0.665357043816576,1.4716200509759603,0.7558723220054899
5759,2.1384490288837696,0.5834599311474284,1.4716200509759603,0.862988272258469
5760,0.8566917263119549,0.675395854680334,1.4884810051757804,0.75587232200549
5761,2.150880138949374,0.5954275213952595,1.4884810051757804,0.8629882722584693
5762,0.8415768158233925,0.6862702647573142,1.5068952132079307,0.75587232200549
5763,2.1640604348468813,0.6083446673356986,1.5068952132079307,0.8629882722584692
5764,0.8264955098629607,0.6979024127369039,1.5267997486948244,0.7558723220054897
5765,2.1779301953113683,0.6221080841466592,1.5267997486948244,0.8629882722584696
5766,0.8115063833361498,0.7102136069117919,1.5481264642401396,0.7558723220054894
5767,2.1924278218131614,0.6366159076183896,1.5481264642401396,0.8629882722584693
5768,0.7966710088836735,0.723125322251095,1.5708021540647057,0.7558723220054893
5769,2.2074902512683234,0.6517689504021075,1.5708021540647057,0.8629882722584694
5770,0.7820539361202481,0.7365600261042856,1.594748740472693,0.7558723220054894
5771,2.223053350568249,0.6438584199221662,1.594748740472693,0.8629882722584694
5772,0.7677226136898198,0.7504418387220029,1.6198834854393152,0.7558723220054894
5773,2.2390522896720193,0.6328473520375216,1.6198834854393152,0.8629882722584697
5774,0.7537472387082381,0.7646970417633491,1.646119227921959,0.755872322005489
5775,2.255421890881797,0.6229490743965068,1.646119227921959,0.8629882722584693
5776,0.7402005164983995,0.7792544521307159,1.6733646468317134,0.7558723220054892
5777,2.272096952733959,0.6142531303006191,1.6733646468317134,0.8629882722584692
5778,0.7271573124803372,0.7940456803456521,1.701524548995183,0.7558723220054889
5779,2.289012547667945,0.6068425256618472,1.701524548995183,0.8629882722584693
5780,0.7146941780694539,0.8090052928276077,1.730500180909819,0.7558723220054887
5781,2.3061042932692457,0.600791430189279,1.730500180909819,0.8629882722584693
5782,0.7028887339465606,0.8240708964055339,1.760189562662081,0.755872322005489
5783,2.3233085974176912,0.5961628937473171,1.760189562662081,0.8629882722584693
5784,0.6918188976153836,0.839183161642119,1.7904878420400356,0.7558723220054887
5785,2.340562878107291,0.5930067290711069,1.7904878420400356,0.8629882722584695
5786,0.6815619482366864,0.8542857994421984,1.8212876666269733,0.7558723220054887
5787,2.357805759044062,0.5913577215972539,1.8212876666269733,0.8629882722584693
5788,0.6721934306450132,0.8693255032109432,1.8524795715018547,0.7558723220054887
5789,2.3749772423807927,0.5912343166755989,1.8524795715018547,0.8629882722584692
5790,0.6637859122290093,0.884251866697223,1.8839523800844975,0.7558723220054887
5791,2.392018860122068,0.5926379022617676,1.8839523800844975,0.8629882722584692
5792,0.6564076205374568,0.8990172857071866,1.9155936156355922,0.7558723220054885
5793,2.4088738058394576,0.5955527543439084,1.9155936156355922,0.8629882722584689
5794,0.650121005014804,0.9135768501553352,1.94728992094108,0.7558723220054887
5795,2.4254870483862163,0.5999466502976071,1.94728992094108,0.8629882722584689
5796,0.6449812814946863,0.9278882314522543,1.9789274837652049,0.7558723220054888
5797,2.4418054293036056,0.6057720924212059,1.9789274837652049,0.8629882722584687
5798,0.6410350307908648,0.94191156900375,2.0103924657361083,0.7558723220054886
5799,2.457777745576681,0.6129680306407616,2.0103924657361083,0.8629882722584689
5800,0.6383189305036956,0.9556093585960401,2.041571432423415,0.7558723220054886
5801,2.4733548193349004,0.6214619378635863,2.041571432423415,0.8629882722584689
5802,0.6368586998353322,0.9689463446397875,2.072351782471818,0.7558723220054885
5803,2.4884895560099385,0.6311720774658082,2.072351782471818,0.8629882722584686
5804,0.6366683294054775,0.9818894176138351,2.1026221737629562,0.755872322005488
5805,2.5031369923661595,0.6420098090051561,2.1026221737629562,0.8629882722584689
5806,0.6377496516903579,0.9944075175599077,2.13227294468606,0.7558723220054882
5807,2.517254335713871,0.6538818008542928,2.13227294468606,0.8629882722584692
5808,0.6400922842026383,1.0064715441068106,2.161196528703473,0.755872322005488
5809,2.53080099550615,0.6666920505548573,2.161196528703473,0.8629882722584686
5810,0.6436739497184433,1.0180542732243856,2.1892878604987622,0.7558723220054879
5811,2.5437386084102664,0.6803436487443317,2.1892878604987622,0.8629882722584689
5812,0.6484611494588296,1.0291302807044578,2.216444772092051,0.755872322005488
5813,2.55603105783715,0.6947402552392709,2.216444772092051,0.8629882722584684
5814,0.6544101399901688,1.03967587222211,2.2425683773993885,0.755872322005488
5815,2.56764448880903,0.7097872829121847,2.2425683773993885,0.8629882722584682
5816,0.6614681458848124,1.0496690197327032,2.267563443800751,0.7558723220054882
5817,2.578547318947583,0.7253928049174888,2.267563443800751,0.8629882722584683
5818,0.6695747297614975,1.0590893038973452,2.2913387493651767,0.7558723220054882
5819,2.5887102462736156,0.7414682136366172,2.2913387493651767,0.8629882722584684
5820,0.6786632395582185,1.0679178621935268,2.3138074244623983,0.7558723220054883
5821,2.5981062544249496,0.7579286663942587,2.3138074244623983,0.8629882722584681
5822,0.6886622587463173,1.0761373423515674,2.3348872765687596,0.755872322005488
5823,2.6067106158219078,0.7746933549452689,2.3348872765687596,0.8629882722584685
5824,0.6994969966827473,1.0837318607561515,2.3545010971521214,0.7558723220054884
5825,2.6145008932395766,0.7916856343949061,2.3545010971521214,0.8629882722584684
5826,0.7110905710180808,1.0906869654614393,2.372576949596365,0.7558723220054882
5827,2.6214569401825716,0.8088330438689659,2.372576949596365,0.8629882722584685
5828,0.7233651497278177,1.096989603484957,2.3890484372017844,0.755872322005488
5829,2.627560900400964,0.8260672468969736,2.3890484372017844,0.8629882722584684
5830,0.7362429350613421,1.102628092067317,2.4038549503734368,0.755872322005488
5831,2.632797206834893,0.8433239148255516,2.4038549503734368,0.862988272258468
5832,0.7496469842699468,1.1075920936100492,2.4169418921859744,0.755872322005488
5833,2.6371525802295346,0.8605425721029533,2.4169418921859744,0.8629882722584682
5834,0.7635018717637435,1.1118725940311984,2.428260881590737,0.755872322005488
5835,2.6406160276211277,0.8776664182336339,2.428260881590737,0.8629882722584677
5836,0.7777342042483365,1.1154618843068693,2.437769933609261,0.7558723220054883
5837,2.643178840857808,0.8946421377151424,2.437769933609261,0.862988272258468
5838,0.7922730046526258,1.1183535449960194,2.445433615936893,0.7558723220054879
5839,2.6448345952857553,0.9114197063656522,2.445433615936893,0.8629882722584681
5840,0.8070499827255845,1.1205424335750551,2.4512231814609318,0.7558723220054882
5841,2.6455791487006737,0.9279522000993108,2.4512231814609318,0.8629882722584681
5842,0.8219997105714549,1.1220246744379145,2.455116676279598,0.755872322005488
5843,2.645410640636585,0.9441956103485789,2.455116676279598,0.8629882722584675
5844,0.8370597206124167,1.1227976514462052,2.457099022891041,0.7558723220054877
5845,2.6443294920374836,0.9601086688961006,2.457099022891041,0.8629882722584676
5846,0.852170541950678,1.1228600029425586,2.4571620783053674,0.7558723220054879
5847,2.642338405332111,0.9756526837908753,2.4571620783053674,0.862988272258468
5848,0.8672756891941338,1.122211619168662,2.455304666917072,0.7558723220054878
5849,2.63944236490727,0.9907913872172598,2.455304666917072,0.8629882722584676
5850,0.8823216157660937,1.1208536420575388,2.4515325880600654,0.7558723220054879
5851,2.635648637950185,1.005490795601734,2.4515325880600654,0.8629882722584679
5852,0.8972576417141233,1.1187884673976245,2.4458585982523955,0.755872322005488
5853,2.630966775604762,1.0197190818315895,2.4458585982523955,0.8629882722584679
5854,0.9120358641737426,1.1160197493941544,2.4383023682224314,0.7558723220054878
5855,2.625408614359662,1.0334464591809496,2.4383023682224314,0.8629882722584677
5856,0.9266110569877842,1.112552407681459,2.428890414892445,0.7558723220054877
5857,2.618988277557194,1.0466450763600321,2.428890414892445,0.862988272258468
5858,0.9409405645544536,1.1083926368680226,2.4176560085787413,0.7558723220054879
5859,2.611722176880653,1.0592889229974884,2.4176560085787413,0.8629882722584682
5860,0.9549841937759563,1.1035479187246993,2.404639055749514,0.7558723220054877
5861,2.6036290136431517,1.0713537448129367,2.404639055749514,0.8629882722584679
5862,0.9687041069902709,1.0980270371553134,2.389885957761946,0.7558723220054878
5863,2.594729779662639,1.0828169677221264,2.389885957761946,0.862988272258468
5864,0.9820647179688716,1.09184009611797,2.373449446078487,0.7558723220054877
5865,2.5850477574651105,1.087397423942721,2.373449446078487,0.8629882722584676
5866,0.9950325924276775,1.084998540694644,2.3553883945382714,0.7558723220054878
5867,2.5746085195102575,1.0807897962606465,2.3553883945382714,0.862988272258468
5868,1.0075763540017604,1.077515181535776,2.335767609333015,0.7558723220054877
5869,2.563439926080566,1.0734742765118963,2.335767609333015,0.8629882722584681
5870,1.0196665962525884,1.069404222935295,2.3146575974070718,0.7558723220054879
5871,2.551572121415479,1.065462407702744,2.3146575974070718,0.8629882722584682
5872,1.0312758009884775,1.0606812948190971,2.292134314068396,0.755872322005488
5873,2.539037527606346,1.0567669929236112,2.292134314068396,0.8629882722584682
5874,1.0423782629660407,1.0513634889557129,2.268278890660606,0.7558723220054883
5875,2.5258708356950663,1.0474021257267798,2.268278890660606,0.8629882722584682
5876,1.0529500208871152,1.0414693997204376,2.2431773432061206,0.755872322005488
5877,2.5121089933394654,1.0373832250485975,2.2431773432061206,0.8629882722584682
5878,1.0629687944990178,1.0310191697619748,2.2169202629861378,0.755872322005488
5879,2.4977911883214614,1.0267270751944035,2.2169202629861378,0.8629882722584681
5880,1.0724139275354183,1.0200345409313702,2.189602490075172,0.7558723220054882
5881,2.4829588270803145,1.0154518714703027,2.189602490075172,0.8629882722584681
5882,1.0812663361921742,1.008538910833755,2.161322770895902,0.7558723220054885
5883,2.4676555073532946,1.0035772721158829,2.161322770895902,0.8629882722584682
5884,1.089508462810333,0.9965573953502838,2.132183400904527,0.7558723220054882
5885,2.451926983901021,0.9911244572653304,2.132183400904527,0.8629882722584684
5886,1.0971242344318868,0.9841168974455882,2.1022898535579295,0.7558723220054882
5887,2.4358211261860676,0.9781161957397702,2.1022898535579295,0.8629882722584681
5888,1.1040990258985939,0.9712461825186188,2.07175039675241,0.755872322005488
5889,2.4193878667634885,0.9645769205489538,2.07175039675241,0.8629882722584685
5890,1.110419627177088,0.9579759604636943,2.0406756979602068,0.7558723220054882
5891,2.402679139033576,0.9505328140522853,2.0406756979602068,0.8629882722584684
5892,1.1160742146121128,0.9443389744736402,2.009178419325598,0.7558723220054879
5893,2.3857488029043985,0.9360119037927012,2.009178419325598,0.8629882722584682
5894,1.1210523258322758,0.9303700964253202,1.9773728040182623,0.7558723220054885
5895,2.3686525568191477,0.9210441700649938,1.9773728040182623,0.8629882722584682
5896,1.1253448380577902,0.9161064284240804,1.9453742551793443,0.755872322005488
5897,2.3514478345271237,0.9056616663027738,1.9453742551793443,0.8629882722584684
5898,1.1289439495863383,0.9015874097290113,1.9132989088370111,0.7558723220054882
5899,2.3341936849241245,0.8898986533513986,1.9132989088370111,0.8629882722584681
5900,1.131843164260718,0.8868549278135817,1.8812632022151776,0.755872322005488
5901,2.3169506332663556,0.8737917486188657,1.8812632022151776,0.8629882722584681
5902,1.1340372787498654,0.8719534317111981,1.8493834389134494,0.7558723220054883
5903,2.2997805220807725,0.8573800909370385,1.8493834389134494,0.8629882722584681
5904,1.1355223725028583,0.8569300450252497,1.8177753525001976,0.7558723220054882
5905,2.282746330164065,0.8407055216875671,1.8177753525001976,0.862988272258468
5906,1.136295800263461,0.8418346750198561,1.7865536701356106,0.7558723220054885
5907,2.265911968192857,0.8238127823056781,1.7865536701356106,0.8629882722584681
5908,1.1363561870605188,0.8267201130241534,1.7558316779287138,0.7558723220054889
5909,2.2493420496697216,0.8067497276132028,1.7558316779287138,0.862988272258468
5910,1.1357034256171004,0.8116421199584924,1.72572078983188,0.7558723220054887
5911,2.2331016362134744,0.7895675534774529,1.72572078983188,0.8629882722584681
5912,1.1343386761487357,0.7966594891165166,1.69633012198719,0.7558723220054885
5913,2.217255956576658,0.7723210359562109,1.69633012198719,0.8629882722584677
5914,1.1322643685484262,0.7818340764249264,1.6677660745582208,0.7558723220054885
5915,2.201870099244712,0.7550687772663371,1.6677660745582208,0.8629882722584681
5916,1.129484206983459,0.767230786298218,1.64013192320351,0.7558723220054883
5917,2.187008679043021,0.7378734514862422,1.64013192320351,0.8629882722584682
5918,1.1260031769564702,0.752917499002693,1.6135274224664033,0.7558723220054885
5919,2.1727354788484443,0.7208020397475935,1.6135274224664033,0.8629882722584681
5920,1.121827554910758,0.7389649233025107,1.5880484234600367,0.7558723220054885
5921,2.159113068263567,0.7039260406770372,1.5880484234600367,0.8629882722584682
5922,1.1169649204875791,0.7254463563244175,1.5637865083028581,0.7558723220054886
5923,2.146202401950694,0.6873216369417902,1.5637865083028581,0.8629882722584681
5924,1.1114241715710849,0.7124373313892978,1.540828643794244,0.7558723220054887
5925,2.134062401216514,0.6710697929450851,1.540828643794244,0.8629882722584681
5926,1.105215542284551,0.7000151344625278,1.5192568567949336,0.7558723220054885
5927,2.1227495233576112,0.6552562521696096,1.5192568567949336,0.8629882722584682
5928,1.0983506241295382,0.6882581714034807,1.4991479336768883,0.7558723220054889
5929,2.1123173241838047,0.6399713957767672,1.4991479336768883,0.862988272258468
5930,1.0908423904872298,0.6772451719223116,1.4805731460174538,0.7558723220054887
5931,2.1028160199863852,0.6253099175750367,1.4805731460174538,0.8629882722584681
5932,1.0827052247280504,0.6670542226119546,1.4635980044234476,0.7558723220054885
5933,2.0942920559624203,0.611370265553904,1.4635980044234476,0.8629882722584681
5934,1.0739549522010803,0.6577616309757394,1.4482820419787756,0.7558723220054884
5935,2.0867876886932097,0.5982537985328548,1.4482820419787756,0.8629882722584681
5936,1.0646088763978325,0.6494406350372821,1.4346786283202926,0.7558723220054882
5937,2.080340590654869,0.5860636102683706,1.4346786283202926,0.8629882722584677
5938,1.0546858196043725,0.6421599884010369,1.4228348147772993,0.7558723220054887
5939,2.074983484867819,0.5749029850344187,1.4228348147772993,0.8629882722584676
5940,1.0442061683697774,0.6359824673680134,1.4127912103878566,0.7558723220054882
5941,2.0707438176352126,0.5648734704769063,1.4127912103878566,0.8629882722584676
5942,1.0331919241252503,0.6309633630373301,1.4045818879676897,0.7558723220054883
5943,2.0676434768577576,0.5560725866915208,1.4045818879676897,0.8629882722584677
5944,1.021666759283765,0.627149034804474,1.3982343187999962,0.7558723220054884
5945,2.065698562640637,0.5485912342491415,1.3982343187999962,0.8629882722584677
5946,1.0096560791309528,0.624575609637804,1.3937693339852755,0.7558723220054882
5947,2.064919215843426,0.5425109145816115,1.3937693339852755,0.8629882722584677
5948,0.997187089778944,0.623267911620705,1.3912011100854866,0.755872322005488
5949,2.065309508901593,0.537900926553247,1.3912011100854866,0.8629882722584679
5950,0.984288872389544,0.6232386970631173,1.3905371764544234,0.7558723220054879
5951,2.0668674017223756,0.5348157430385466,1.3905371764544234,0.8629882722584676
5952,0.9709924637732786,0.6244882520495185,1.3917784415905403,0.7558723220054882
5953,2.0695847637974243,0.5332927897412817,1.3917784415905403,0.8629882722584676
5954,0.9573309433262863,0.627004383339596,1.3949192359864795,0.755872322005488
5955,2.073447461958715,0.5333508363157486,1.3949192359864795,0.8629882722584677
5956,0.9433395260652455,0.6307628033284384,1.3999473692686824,0.7558723220054879
5957,2.0784355115162585,0.5349891637413204,1.3999473692686824,0.8629882722584677
5958,0.9290556612463953,0.6357278794649349,1.4068441998897505,0.755872322005488
5959,2.084523286937264,0.538187596537232,1.4068441998897505,0.8629882722584674
5960,0.9145191356902113,0.6418536923013692,1.415584716209617,0.7558723220054877
5961,2.0916797868296055,0.5429073963436156,1.415584716209617,0.8629882722584676
5962,0.8997721804576557,0.6490853275169735,1.4261376284236502,0.7558723220054878
5963,2.0998689468370157,0.5490929219996891,1.4261376284236502,0.8629882722584674
5964,0.8848595789136354,0.6573603176390025,1.438465471408368,0.7558723220054878
5965,2.1090499931814333,0.5566738876879306,1.438465471408368,0.8629882722584674
5966,0.8698287734431612,0.6666101488885346,1.4525247191043913,0.7558723220054877
5967,2.1191778290218863,0.5655680070356497,1.4525247191043913,0.8629882722584674
5968,0.8547299671301961,0.6767617562366083,1.4682659114975896,0.7558723220054879
5969,2.130203445542285,0.5756838013339486,1.4682659114975896,0.8629882722584676
5970,0.83961621554519,0.6877389430430132,1.4856337955628514,0.7558723220054878
5971,2.142074349717461,0.5869233703839348,1.4856337955628514,0.8629882722584679
5972,0.8245435023984422,0.6994636779027512,1.5045674816863808,0.755872322005488
5973,2.154735001007643,0.5991849656216112,1.5045674816863808,0.862988272258468
5974,0.8095707911991136,0.7118572380883185,1.525000617083035,0.7558723220054878
5975,2.168127249754938,0.6123652559219558,1.525000617083035,0.8629882722584679
5976,0.7947600432320738,0.7248411843547189,1.5468615775894334,0.755872322005488
5977,2.18219077075285,0.6263612268664343,1.5468615775894334,0.862988272258468
5978,0.7801761901780102,0.7383381646751356,1.5700736789656211,0.7558723220054879
5979,2.1968634862803347,0.6410716973392999,1.5700736789656211,0.8629882722584681
5980,0.7658870476548355,0.7522725541725511,1.594555408507889,0.755872322005488
5981,2.212081973785046,0.6521999071311384,1.594555408507889,0.8629882722584685
5982,0.7519631540120809,0.7665709451075597,1.620220677394698,0.7558723220054882
5983,2.2277818543200323,0.64046379384701,1.620220677394698,0.8629882722584683
5984,0.7384775171049348,0.781162504624194,1.646979093786707,0.755872322005488
5985,2.243898158744254,0.6297749109559193,1.646979093786707,0.8629882722584682
5986,0.7255052508411577,0.7959792195717295,1.6747362563068537,0.7558723220054882
5987,2.2603656695571965,0.6202260726664299,1.6747362563068537,0.8629882722584684
5988,0.7131230834532974,0.8109560476862423,1.7033940671578842,0.7558723220054884
5989,2.2771192370271285,0.6119051087692448,1.7033940671578842,0.8629882722584682
5990,0.7014087211945722,0.8260309932666065,1.7328510638073054,0.755872322005488
5991,2.2940940689744433,0.6048926326344651,1.7328510638073054,0.8629882722584685
5992,0.6904400550109998,0.8411451236647906,1.7630027678921143,0.7558723220054883
5993,2.31122599417651,0.5992597323397296,1.7630027678921143,0.8629882722584682
5994,0.680294204171658,0.8562425407767151,1.7937420497713783,0.7558723220054885
5995,2.328451699865208,0.5950657200411114,1.7937420497713783,0.8629882722584684
5996,0.6710464001343319,0.8712703195156759,1.8249595069832345,0.7558723220054883
5997,2.3457089441945222,0.5923560954755526,1.8249595069832345,0.8629882722584684
5998,0.6627687260482049,0.8861784231388657,1.8565438547405235,0.7558723220054886
5999,2.362936744868687,0.5911608834769411,1.8565438547405235,0.8629882722584685
