sample,d_goal,d_hazard,d_agent,speed
0,0.789164425850718,0.5964015180573957,1.2523710676770363,0.0
1,1.3135703513447516,0.5993568773889589,1.2523710676770363,0.0
2,0.788689555218926,0.595759260797155,1.252970349092732,0.05662625641990176
3,1.314087602007326,0.5999517750106571,1.252970349092732,0.07719810805827433
4,0.7873396694033902,0.593989437343429,1.254530855900913,0.11219747838586207
5,1.314076095237677,0.6001045170635417,1.254530855900913,0.11732623598056112
6,0.7852120873123525,0.5911731049816947,1.2570836907666263,0.16882468574616605
7,1.3134682057755156,0.5997482249260871,1.2570836907666263,0.1629896951530001
8,0.783296279518757,0.5873552064607157,1.261674223025931,0.21452972337076576
9,1.3127825776179707,0.5994196384277978,1.261674223025931,0.21423288888425393
10,0.7810713145454881,0.5838174999864613,1.2666401856077143,0.14902178962633036
11,1.3118120609414323,0.5989117957447783,1.2666401856077143,0.26075664788255126
12,0.7795177971043191,0.5815749714840409,1.2722615541580862,0.08531786634088274
13,1.3106729220105353,0.5983519051125393,1.2722615541580862,0.305883061907306
14,0.7785215505773692,0.5806075013451418,1.2784389230129511,0.036281991673342236
15,1.3091394669170646,0.5975223258076151,1.2784389230129511,0.35015295244894074
16,0.7787370571547312,0.580753950350275,1.285912537238223,0.03514494349738199
17,1.3077816727064566,0.5970128381829065,1.285912537238223,0.39140132427362195
18,0.7793323568521269,0.5821184686820406,1.293671660162574,0.09466691587221297
19,1.3062916297567935,0.5965254497033659,1.293671660162574,0.43197697001664587
20,0.7811028238196741,0.5844528988883905,1.3027197208023478,0.1448802747683166
21,1.304979499566433,0.5963857478021699,1.3027197208023478,0.47092279844981816
22,0.7838259856422225,0.5877390728968687,1.3127867839841278,0.19628932184656667
23,1.3038169933613204,0.596578540067967,1.3127867839841278,0.5062053372728696
24,0.7862533259760373,0.5908257703950689,1.3233149321987139,0.13386172995185633
25,1.3028373096903991,0.5971506842781178,1.3233149321987139,0.5406543438963584
26,0.7875302843294055,0.59279814509355,1.3340425601666264,0.07432693283982733
27,1.3020197088079002,0.5980969767350379,1.3340425601666264,0.5741564614653427
28,0.7877832970721811,0.5936972380703471,1.3450197279802405,0.03202919663776687
29,1.3014940972473548,0.5995580431490278,1.3450197279802405,0.6059058242083015
30,0.7870635563776591,0.5935928076855235,1.3562911178430617,0.055705490318351376
31,1.301174117018817,0.6014660100915822,1.3562911178430617,0.6373992585992243
32,0.7856273286521142,0.5923961969340923,1.3680839765576847,0.1008849663501946
33,1.3013455285438287,0.6041025245218244,1.3680839765576847,0.6661934510871911
34,0.78350606650248,0.5900963029538153,1.380401306745694,0.15007248550685776
35,1.3020656409854956,0.6075243222719304,1.380401306745694,0.6943756733422741
36,0.7807085824166606,0.5867127453961702,1.39321840198413,0.20120468916585438
37,1.3033497203092346,0.6117451703209899,1.39321840198413,0.7170455915920484
38,0.7767488680626273,0.5827258376770783,1.4057182256630916,0.24896555693268907
39,1.305008065968986,0.6166000563642458,1.4057182256630916,0.7445342860767237
40,0.7723038179501406,0.5776059426014654,1.4188720920257303,0.29857162400003184
41,1.307407461435285,0.6224071034793899,1.4188720920257303,0.7658839611653877
42,0.7678216250792554,0.5725901305978023,1.432250853245068,0.25542082103124436
43,1.3104284714560102,0.6290533997575662,1.432250853245068,0.7890029299452243
44,0.7632585924433332,0.5674060597941624,1.4459830765688177,0.3026623614280211
45,1.31412278447467,0.6148853759461503,1.4459830765688177,0.809338689583555
46,0.7579119973676643,0.5614385323257856,1.4597527203398277,0.34769089566956596
47,1.3185308014044061,0.5987697931568321,1.4597527203398277,0.8262940793935927
48,0.7517339642758578,0.5548129603364746,1.4734102416197485,0.390905536116886
49,1.3236623715307592,0.5822273619873379,1.4734102416197485,0.8450571999957054
50,0.7448708487102784,0.5474539447292506,1.4871377192493773,0.43243437935728524
51,1.3295694228108756,0.5652976765613901,1.4871377192493773,0.8612002305724826
52,0.737319242074432,0.5394396303487975,1.5008622846484956,0.47257007196438633
53,1.3362535554231914,0.5480162559040312,1.5008622846484956,0.8743801839708341
54,0.7289873923531133,0.5309540711448807,1.5143672689828727,0.5105413417772907
55,1.3437075232981082,0.5303956890986773,1.5143672689828727,0.8888770510123312
56,0.7200740894460839,0.5218556282636981,1.5279399354830514,0.548449181813413
57,1.3519721859569487,0.5124832755787014,1.5279399354830514,0.9025129539473886
58,0.7106226626003949,0.5121812003007538,1.541582322178607,0.5840119442540184
59,1.3610524424152861,0.4943212025903008,1.541582322178607,0.9125167313990161
60,0.7014972261217313,0.5032357294500271,1.5552321440730454,0.5072895398929484
61,1.3708849945852868,0.47587205415295963,1.5552321440730454,0.9253093557168406
62,0.6938090287488529,0.495469018482374,1.5694340486438572,0.43258392952275854
63,1.3815330889458228,0.45725849614143865,1.5694340486438572,0.9372425877603634
64,0.6875805630416318,0.4887191071757662,1.5842243450298032,0.3634771361765864
65,1.3929751712384182,0.43854579955280965,1.5842243450298032,0.9442300671196497
66,0.6826034165228007,0.48312486844548275,1.5992915723102021,0.29436411135597657
67,1.4051684117151142,0.4197225652239465,1.5992915723102021,0.9517841476108618
68,0.6788110154017655,0.47864135621899434,1.6145104900725114,0.22340764661607915
69,1.4181011413796916,0.40085671636353426,1.6145104900725114,0.958578904001413
70,0.6748813812135842,0.47455707491708393,1.62924176266743,0.265102004078329
71,1.4317385812100427,0.38194213925103776,1.62924176266743,0.9684481603755591
72,0.6703477598637091,0.469451096926093,1.6439870310470992,0.31952336043481144
73,1.4460752492181599,0.3631933795337751,1.6439870310470992,0.9708642319396308
74,0.6657185308761199,0.46485488542934217,1.658170453403649,0.2607026984104131
75,1.4610625880833048,0.344535213012872,1.658170453403649,0.9787199867571998
76,0.6612104284011711,0.4599317127804375,1.6724448058612094,0.31521350994829217
77,1.4766681542429099,0.32621785485711857,1.6724448058612094,0.9815616584633031
78,0.656546437355657,0.4550398157222709,1.6863413413362622,0.2889946225784123
79,1.4928485092150534,0.3082805003010646,1.6863413413362622,0.9850525320804173
80,0.652769266168285,0.4508349231562055,1.7002096018312292,0.22504128150111818
81,1.5095631359530501,0.2908513782312896,1.7002096018312292,0.9887866544464251
82,0.6501970525049209,0.4474995191389668,1.714102651789172,0.16273699642901018
83,1.5267682458628635,0.2740927948969726,1.714102651789172,0.9906902821046175
84,0.6487694969008796,0.4450054997503285,1.7278951002755834,0.1161366642237717
85,1.5444104372618774,0.258218709207274,1.7278951002755834,0.9900799939585297
86,0.648377888596984,0.4434374059884976,1.7413774892054878,0.061290310598154985
87,1.562443123362255,0.24343791171658338,1.7413774892054878,0.9919092086007624
88,0.6491183943568873,0.44248379033714913,1.7548187865570977,0.071382569225398
89,1.5808132410834694,0.2300127142152343,1.7548187865570977,0.9892938745911952
90,0.649681357765959,0.4415811765961366,1.767574240647444,0.07313565388490331
91,1.5994766549867672,0.21821335142687853,1.767574240647444,0.9883628080581291
92,0.6491541410425106,0.4400867068258552,1.7794247942819534,0.10057360066628013
93,1.6183926531734332,0.20833215260126867,1.7794247942819534,0.9872418574784906
94,0.6475976976262603,0.4379895978319274,1.7904284351070423,0.13916804252913278
95,1.6375103896625582,0.20068534962376627,1.7904284351070423,0.9849875297347386
96,0.6450106075814205,0.4354237318435999,1.8004800792411486,0.1826087566204937
97,1.6567778344287636,0.19555597563130245,1.8004800792411486,0.9825048044441659
98,0.641499638714784,0.43226747583417435,1.809766025467898,0.23109642477200923
99,1.6761319159542334,0.19316255962275272,1.809766025467898,0.9788366744006443
100,0.6370622485820938,0.42865820891507456,1.8182087642346796,0.2820389006603863
101,1.6955319201190404,0.1935846558509326,1.8182087642346796,0.9746693613445356
102,0.6317156016873336,0.4246989146194962,1.8257636712719354,0.32360733891358473
103,1.7149263166232216,0.19678700580381278,1.8257636712719354,0.970213092110443
104,0.6255042193961949,0.4204218596542985,1.8324899477192285,0.36525133449774994
105,1.7342808104569196,0.20260424784332481,1.8324899477192285,0.9655870892202252
106,0.6184780576698709,0.41583350726594726,1.8384646994805054,0.41078295197746084
107,1.753554043968241,0.21078932035552989,1.8384646994805054,0.9607916652655666
108,0.6106114813138747,0.4111945916628867,1.8434853471133164,0.4462733310575235
109,1.7726877801847425,0.22104427188057515,1.8434853471133164,0.9555816788381019
110,0.6019945529490961,0.4063783268028257,1.8477796310767365,0.48712806643738027
111,1.7916413263487951,0.23305020562577572,1.8477796310767365,0.951573113964842
112,0.592649046842252,0.40147249368705307,1.8513354490237057,0.5221030603656822
113,1.8103574806887606,0.24649834944943855,1.8513354490237057,0.944380977357869
114,0.5825711613281063,0.39669257379349426,1.8540561648349725,0.5580317559398927
115,1.8288200847624076,0.2611177753417191,1.8540561648349725,0.939002693925348
116,0.5717999255026817,0.3920833894422677,1.8559915924578156,0.592771418367857
117,1.8469796343788458,0.2766670888800227,1.8559915924578156,0.9363277935572966
118,0.560378355300268,0.3876425117715575,1.8572332326982726,0.6241929552941258
119,1.8647798623437524,0.29293250254122755,1.8572332326982726,0.9287469994816249
120,0.5483170317721795,0.38353329743955633,1.8577269752149455,0.6596922590704586
121,1.882177138611002,0.30973471348990295,1.8577269752149455,0.9197593864316091
122,0.5362416903215165,0.3802965962176528,1.857392283306376,0.6237017203577686
123,1.8991991143325597,0.3269666822226097,1.857392283306376,0.9163770892079015
124,0.5253705730195092,0.37721561753206334,1.857257752994995,0.5492952788307542
125,1.915721153957577,0.3444517436566417,1.857257752994995,0.910151850492036
126,0.5160791940501989,0.3745101529599873,1.8571523526874145,0.47137011540355245
127,1.9317616555432369,0.36211923851079547,1.8571523526874145,0.9037106975540281
128,0.5070611182967679,0.3721469740882958,1.856531407642474,0.5141312211273816
129,1.9472785744489416,0.37987566502271225,1.856531407642474,0.8972329276884978
130,0.49759378295277307,0.3702583127346014,1.8550573953373852,0.5168553406450058
131,1.9622385126331754,0.3976442935241176,1.8550573953373852,0.8911550113444335
132,0.488460620635857,0.36871310369416066,1.8530763382057325,0.47731285241238597
133,1.9766093607121311,0.4153580427866876,1.8530763382057325,0.8840097463183322
134,0.47924733596253555,0.3675795891301071,1.8504131779207276,0.519745029134815
135,1.9903583574020864,0.43295582352612777,1.8504131779207276,0.8768762806504927
136,0.46935815661138647,0.36716850682569574,1.8467120629893137,0.5403742943827919
137,2.0034771719433184,0.45040366512619034,1.8467120629893137,0.8730104094630674
138,0.4588095754056696,0.3673298930002964,1.8421922176322785,0.5743035637785778
139,2.015929740686443,0.4676477290306159,1.8421922176322785,0.8646492683593976
140,0.4475698676258093,0.3683449878170366,1.836667427796004,0.604787013784688
141,2.0276992042616144,0.48465460556956236,1.836667427796004,0.8589266339782065
142,0.4356632895392877,0.370137758369134,1.8302943974970205,0.6326818200512052
143,2.0387569625435042,0.5013819633154931,1.8302943974970205,0.8524453408480784
144,0.423117586566652,0.3728458079035758,1.8230186227910046,0.6627943384191616
145,2.049087515296435,0.5178018887711722,1.8230186227910046,0.8462879117364525
146,0.40996071032148335,0.37653098526317663,1.8148465423499989,0.688404265957926
147,2.0586748945585702,0.5338876232340878,1.8148465423499989,0.8404308622381771
148,0.39620878260674186,0.3811475049030945,1.8058898473461806,0.7179532868462536
149,2.0675025803318388,0.5496127372461648,1.8058898473461806,0.8345662627434022
150,0.3818927548797699,0.3867934257991792,1.796094721485699,0.7463972948617857
151,2.075556384969273,0.5649538245215152,1.796094721485699,0.8289090896461334
152,0.3670364921049423,0.39347766755235253,1.785488263980679,0.7675738091826361
153,2.082821905293762,0.5798872818992274,1.785488263980679,0.8233148929195926
154,0.3516654571648246,0.40120873536321705,1.774084401881559,0.7880311951102205
155,2.0892857709169563,0.5943902647591061,1.774084401881559,0.8177973895458791
156,0.33579396540135076,0.4099479315817283,1.7619473324584949,0.8113964274559972
157,2.0949364980450484,0.6084414540691852,1.7619473324584949,0.8123754414934969
158,0.31945521493649404,0.4197163259867005,1.7490478258757396,0.8321085864920438
159,2.099764530221037,0.6220209641490567,1.7490478258757396,0.8070668085190246
160,0.3026565135890601,0.43045312511993794,1.7354637150708314,0.852751046595782
161,2.103762246580483,0.6351102365293306,1.7354637150708314,0.801887874797034
162,1.4225699777639647,0.44215886354436396,1.7211672956425106,0.8733035197430409
163,2.1069239685614636,0.6476919505947466,1.7211672956425106,0.7968536229285539
164,1.4249958511118574,0.45483327182694416,1.706063731059024,0.8909456024993488
165,2.109320313034895,0.659874099294698,1.706063731059024,0.7947712259329609
166,1.4272132647436646,0.4683929763393576,1.6902596727935844,0.9059732892495308
167,2.1108470195954823,0.6714833939096617,1.6902596727935844,0.7904650318915333
168,1.429082619303757,0.48281553564633556,1.6736506629148307,0.9186427540767628
169,2.1115488972656182,0.6825828085959471,1.6736506629148307,0.789959244028735
170,1.431097956059116,0.4979349213083688,1.6566863151620064,0.9388393643437438
171,2.111378535132322,0.693067143690986,1.6566863151620064,0.7827296651629405
172,1.432797690924849,0.5138163360207457,1.639004487485933,0.9524904160778377
173,2.1103754150465557,0.7029873086703636,1.639004487485933,0.7796659922200861
174,1.4342838949642807,0.5303846880711758,1.6207103031914627,0.9638284642773448
175,2.108547500583096,0.7123370575398938,1.6207103031914627,0.7769611163340168
176,1.435659733534311,0.5475927010880645,1.601906669070207,0.9817658913196053
177,2.105903050943224,0.7211082490689718,1.601906669070207,0.7741365988798942
178,1.4367418953807476,0.5653998304717857,1.582472123886283,0.9909021867128514
179,2.102454267931799,0.7293005569862387,1.582472123886283,0.7718131785693146
180,1.4375770227265312,0.5837550060775092,1.5624696312756552,1.0024447412983422
181,2.098210163091838,0.7369012823001454,1.5624696312756552,0.7700127731105229
182,1.438197865561369,0.6026184933549347,1.5419513781137362,1.0118426939643168
183,2.0931826707128014,0.7438986197346168,1.5419513781137362,0.7676262176953778
184,1.4386159326243284,0.6219556983257961,1.5209485022078912,1.0278069620713677
185,2.087387992859924,0.7502893676230448,1.5209485022078912,0.7654208871712359
186,1.4386407980769549,0.641679823216156,1.4993398188818836,1.0293794466388164
187,2.0808442080547405,0.7560767531724608,1.4993398188818836,0.7650673617436835
188,1.4385849362436984,0.66183608331909,1.4773888893161504,1.0467152905177206
189,2.073568374138779,0.7612424691735994,1.4773888893161504,0.7639940865667049
190,1.438303426800712,0.6808580804722563,1.45503460190249,1.0558223396933213
191,2.065581845776228,0.765803624537013,1.45503460190249,0.762712593091072
192,1.4384777603207102,0.6804905074361154,1.4333011035224599,0.9608178817112397
193,2.056904386610013,0.7697547650580719,1.4333011035224599,0.7639022471643655
194,1.4395293444858503,0.6813181749530269,1.412876605317307,0.8856143650696653
195,2.0475574844757176,0.7730939333520411,1.412876605317307,0.7639941737116842
196,1.441432786626779,0.6813800652557562,1.3937285468282452,0.8136344071282491
197,2.0375649583390896,0.7758165601666224,1.3937285468282452,0.7619702464881719
198,1.4440661921836342,0.6744633873465329,1.3757655978682728,0.7325850900627104
199,2.0269547332923565,0.7779146535441006,1.3757655978682728,0.7611074789566336
200,1.4471172743020808,0.6679971762386255,1.358728001638423,0.651310532748756
201,2.015744458480327,0.7644176021501736,1.358728001638423,0.764025632578582
202,1.4504024989443083,0.6616897391592743,1.342017028503752,0.678459773998086
203,2.003984287854696,0.7501215559864026,1.342017028503752,0.7632981752970905
204,1.452972989225872,0.6563402445158927,1.324535799936044,0.6841152292316353
205,1.99169818550574,0.7362129310654302,1.324535799936044,0.7619278877482929
206,1.4546686652397491,0.6521833562619194,1.3061583382915525,0.7021634865766867
207,1.9788925612205992,0.7226956846133107,1.3061583382915525,0.764945132000695
208,1.4560203231105033,0.6486779278368565,1.2873920498112232,0.7191846626830403
209,1.9656529458333658,0.7097698269406392,1.2873920498112232,0.7642150270814154
210,1.4566919091479524,0.6462524944854103,1.268006351363359,0.7255227987255993
211,1.9519990624356853,0.6974580120121615,1.268006351363359,0.7663378551255943
212,1.4567950753733674,0.6448305064914929,1.2480952184439216,0.7564266758457483
213,1.9379601150944035,0.6858153795703069,1.2480952184439216,0.7656097811812993
214,1.456986993735385,0.6438409885172642,1.2286685861884643,0.6692471049389641
215,1.9235581159703241,0.6748899768093269,1.2286685861884643,0.7679117808292553
216,1.4581789625886576,0.6423076749862675,1.2108577477165734,0.6223832581165208
217,1.908869253980764,0.6648178380496752,1.2108577477165734,0.7683644385928797
218,1.4600346489872298,0.6404548358723903,1.1943798921197093,0.5559649322029641
219,1.8938794719292251,0.6555881585621975,1.1943798921197093,0.7729223937727957
220,1.4628085843429572,0.6379291561001978,1.1794941460087094,0.49434392105941527
221,1.87869046652038,0.6473588823791523,1.1794941460087094,0.7759741934155971
222,1.4655021194893847,0.635702313418215,1.164944620747264,0.5131098056100767
223,1.8633095073955495,0.6401461984043754,1.164944620747264,0.7781175105772786
224,1.467380287972,0.6283979121913528,1.1498511689873316,0.5367714287115077
225,1.8478000700668131,0.6340351277594071,1.1498511689873316,0.7770084663406583
226,1.4685579690778146,0.6183055984171166,1.134515477547703,0.4979931171227978
227,1.8321304954992692,0.629003203278452,1.134515477547703,0.7867467033364226
228,1.4703479655696197,0.6084678488652325,1.1203924926161928,0.4660407633646858
229,1.8164852344648608,0.6252376363188232,1.1203924926161928,0.7876110557557272
230,1.47196823842665,0.598818028574811,1.1066891073760179,0.483831474396456
231,1.8008713800352414,0.62272524709513,1.1066891073760179,0.7848896812355419
232,1.4726952335432701,0.5889433035518528,1.0925828759257832,0.5062000483022738
233,1.7853407440895022,0.6214887893665635,1.0925828759257832,0.7865696792155551
234,1.4726210102677098,0.5788165123324591,1.0781671943787368,0.5175622152014944
235,1.7699329814183493,0.6215317382779336,1.0781671943787368,0.7906961439585944
236,1.4718518074406308,0.5683657287857838,1.0635560097971062,0.5516909744959518
237,1.7547156914477255,0.6228649981063137,1.0635560097971062,0.7923237220809992
238,1.4712492644397834,0.5584199007521096,1.0499427078780939,0.47860242816938786
239,1.7397223684100942,0.6254675574963459,1.0499427078780939,0.7926551771495486
240,1.4705585833087906,0.5489139319920997,1.0370840428983656,0.49025721826280405
241,1.7249871735187319,0.6293141686453266,1.0370840428983656,0.7969700792932474
242,1.469208029612845,0.5390536361450532,1.0241681449376314,0.5205897877706817
243,1.7106261907026015,0.6343987067092461,1.0241681449376314,0.7971941383409773
244,1.4670944720620038,0.5290508199186174,1.0111717871213508,0.5432940196762229
245,1.696658502134503,0.6406656659536586,1.0111717871213508,0.8010427174331431
246,1.4643056339700646,0.5188637620488293,0.9981845788164077,0.572423141694327
247,1.6831511207844767,0.6480687026048042,0.9981845788164077,0.8008534628879601
248,1.4607242060074042,0.5087435311221437,0.9852027560534026,0.5902796391224889
249,1.6701350395140528,0.6396043785707668,0.9852027560534026,0.804266963053054
250,1.4565624356960396,0.4984756846462996,0.9723658307634852,0.621534575478972
251,1.6577055111246244,0.6273353163574793,0.9723658307634852,0.8041975852223898
252,1.4516498509919817,0.4884035940792834,0.9596379760006316,0.6407847285616083
253,1.6458620652367595,0.6146421650516156,0.9596379760006316,0.8097395855390311
254,1.4462399615923816,0.47824541460056597,0.9471562668119549,0.6697889339107891
255,1.6347144823173685,0.6015543886357526,0.9471562668119549,0.8093264257120281
256,1.440219810620363,0.468271730272677,0.9349164349336643,0.6976011929348293
257,1.6242877253514334,0.5880815430017952,0.9349164349336643,0.8111870908652898
258,1.4336087172201177,0.45856148814631215,0.9229552039637362,0.7195543972237572
259,1.6146225185670184,0.5742368643432032,0.9229552039637362,0.8122415748071969
260,1.4264715268241033,0.4491246710973155,0.911325302524271,0.7456418773179567
261,1.6057875976850249,0.5600469947347986,0.911325302524271,0.8118753735065831
262,1.4186271425947996,0.4403799490942622,0.9000105854072867,0.7619657326160365
263,1.5977328416976848,0.5454844558409675,0.9000105854072867,0.8173195505729691
264,1.410458162771557,0.43181651846447355,0.8891110180768391,0.7908462883674555
265,1.590635132680417,0.5306338287048378,0.8891110180768391,0.8165837711259165
266,1.4018298585449258,0.42377857894387594,0.8786134346480651,0.8210081528437915
267,1.5844861050571926,0.5154979912632965,0.8786134346480651,0.8188189444401793
268,1.3937385062588674,0.41652292337302527,0.8697786571641472,0.7343465804135272
269,1.5793035841858274,0.5000924306885481,0.8697786571641472,0.8186242664470323
270,1.3869883412872388,0.41001225933269037,0.8635717347548129,0.6602972991664846
271,1.575116667532566,0.4844428234938501,0.8635717347548129,0.8184839244083011
272,1.3814687623062485,0.4041743117576044,0.8599091550000596,0.5765760956614805
273,1.5719195860247497,0.468550411462507,0.8599091550000596,0.8222620922749933
274,1.3772639008768148,0.39861563774382686,0.8586688913336382,0.5099880814756876
275,1.569767373522466,0.45247224207892095,0.8586688913336382,0.8211855541772964
276,1.3740788169488731,0.39364722498004406,0.8598204713267266,0.4403166640450376
277,1.568622423376695,0.4361853479318312,0.8598204713267266,0.8230710925827383
278,1.3719144319894818,0.3890880596637307,0.8632794596015917,0.37035369212979824
279,1.5685213200138943,0.41974292081881376,0.8632794596015917,0.8251792421857072
280,1.3708323979703791,0.38466352014261795,0.8689173195552672,0.3206764043595431
281,1.5694717253462824,0.40318184314131267,0.8689173195552672,0.8271331336355329
282,1.3707939272497078,0.38030494121500624,0.8766449088897967,0.27628822334498077
283,1.5714533800050443,0.3865080803374843,0.8766449088897967,0.8307698815205283
284,1.3719156761925457,0.37562152415959604,0.8862212764766688,0.2572198800565603
285,1.57450171638398,0.3698288296244371,0.8862212764766688,0.8350665351753496
286,1.374255461671397,0.37032010359202017,0.8973883386413054,0.27840154906672593
287,1.5786108071899458,0.3532228244443978,0.8973883386413054,0.8326373936058946
288,1.3773050168771845,0.3654431091023609,0.9105531613790363,0.24122979769894867
289,1.5836705393172343,0.3365336196030902,0.9105531613790363,0.8470013994481107
290,1.380416776290787,0.36015355081579475,0.9238397579722627,0.2692813675472808
291,1.5897773918284703,0.3201032402529227,0.9238397579722627,0.84322457652305
292,1.383437903460653,0.3551008319012049,0.937700976432277,0.2674925567272054
293,1.5968498743433877,0.30388407700141157,0.937700976432277,0.842800561166398
294,1.3872437992609588,0.35008803849128045,0.953133460364479,0.2707805289414035
295,1.6048468871785717,0.28790028480131735,0.953133460364479,0.8456176699697763
296,1.3918214706500387,0.3452374121600122,0.9702184293508225,0.27044906272600117
297,1.6137459930829372,0.2722485148002008,0.9702184293508225,0.8497166755919536
298,1.3972643179602762,0.34031059374675104,0.9887896960609516,0.30046701072518944
299,1.6235218084212337,0.2570455979002948,0.9887896960609516,0.8561524392093248
300,1.403721945358846,0.3347803740409658,1.008328060569261,0.3470050545560376
301,1.6341531161812761,0.24264233874480537,1.008328060569261,0.856738200235395
302,1.409798786021119,0.3297552570627139,1.028123801342676,0.281678238660984
303,1.6455835370935594,0.2290629386634336,1.028123801342676,0.8626428162991334
304,1.414683599683137,0.3249903888115869,1.0467493316802923,0.2370977907574413
305,1.6577673809250582,0.2166211041125921,1.0467493316802923,0.8644383981940182
306,1.4182940664671644,0.3209295116156818,1.0645908010524832,0.1844921804224262
307,1.6706613641786108,0.20546295255408553,1.0645908010524832,0.8669917659607773
308,1.420637109435134,0.31775096583433365,1.0818021905523454,0.13342738284712388
309,1.6842216190672736,0.19587106340462687,1.0818021905523454,0.8693730888879779
310,1.421717887240338,0.31580467692602554,1.098845448994652,0.08489390847886298
311,1.698447042827575,0.1879618011053569,1.098845448994652,0.8814489220282122
312,1.4217336240171838,0.3139574999579581,1.1145213372153355,0.12721742045565154
313,1.7132187634258307,0.1823477940731949,1.1145213372153355,0.8807491967368924
314,1.4206202796795864,0.31295696674914203,1.1295685287831028,0.1420959063735434
315,1.7285190930263226,0.17910516891183575,1.1295685287831028,0.879951118595698
316,1.4184045518223858,0.31316996660275426,1.1444520007264936,0.15909909922213786
317,1.7443483121792118,0.17830560176823373,1.1444520007264936,0.8866587365393627
318,1.4151789861728212,0.3138677455149894,1.1583150024279485,0.21267688374002863
319,1.760591117893056,0.18014983579339952,1.1583150024279485,0.8883858335386112
320,1.410956041182725,0.315299528097683,1.1713914956150615,0.2622355709851795
321,1.777207088105206,0.18453075584153394,1.1713914956150615,0.8941383197551129
322,1.4062432761123735,0.3171572332608694,1.1840149832568836,0.26632620966548554
323,1.7941544078797347,0.19126080344133323,1.1840149832568836,0.8950743599559434
324,1.4022218071923673,0.3186528906624057,1.1969756282802082,0.19878067183230114
325,1.8113805504923906,0.20009723542305627,1.1969756282802082,0.8938447738374281
326,1.399495976566925,0.31930822723567803,1.210610556031474,0.13938381538682001
327,1.8288266121248309,0.21076127730102492,1.210610556031474,0.8928402618409305
328,1.3967911396630328,0.3202308660933644,1.2243242045558735,0.17512267001186424
329,1.8464745515765735,0.22297057329881975,1.2243242045558735,0.8956491825365508
330,1.3930499169121702,0.32188845110096365,1.2369682313288624,0.23138065937458963
331,1.8642419082700254,0.2364624028619818,1.2369682313288624,0.8948533976647627
332,1.3889538036523892,0.32396824357734444,1.2491770924021712,0.21588182499240394
333,1.8820920238291787,0.2510006556340293,1.2491770924021712,0.8945609058424948
334,1.3856635498175283,0.3255572037366315,1.2616759338456895,0.15118711702388438
335,1.8999927761648083,0.26638884629382176,1.2616759338456895,0.8946555552144454
336,1.3824131047235197,0.3272397890627121,1.2739705620872803,0.1927375926298318
337,1.917921597702038,0.2824704305243478,1.2739705620872803,0.8978702533960912
338,1.3781385934560342,0.3297659507215158,1.2851564557425315,0.24752309838107434
339,1.9357803907449012,0.29907252374169685,1.2851564557425315,0.8962871451513746
340,1.3737745016429976,0.33249798896050975,1.2959443414892935,0.21245658110217247
341,1.9535437865652996,0.3160809651653179,1.2959443414892935,0.8937404384136206
342,1.3703886947777622,0.3344298897669753,1.3068434166070262,0.15227014869710467
343,1.97116886360515,0.33339181808899593,1.3068434166070262,0.8933743818725713
344,1.3670126157125149,0.33639746974254164,1.3172734839789182,0.2046292389428482
345,1.9886146726610807,0.3509176644439646,1.3172734839789182,0.8907833610183871
346,1.3633558808211443,0.3388858028039721,1.3273482372626635,0.1851017362079905
347,2.005865545544547,0.3686030063976548,1.3273482372626635,0.8900325872290612
348,1.3604071101377486,0.3406708251449005,1.3371444481118917,0.13725149989724097
349,2.0228257344116196,0.3863395001954251,1.3371444481118917,0.8889505148328595
350,1.35857069993188,0.3412445107046886,1.3467191952312147,0.11076749292488
351,2.039448587748368,0.4040614366493691,1.3467191952312147,0.8851607074036328
352,1.3579072404957664,0.34071752794285115,1.3563519258680616,0.09539968008845402
353,2.0557142637130306,0.42173162389661445,1.3563519258680616,0.8819876172174185
354,1.3572677504391348,0.34035585503528765,1.3656819847439527,0.08317889602296963
355,2.071627505227873,0.43934079379666735,1.3656819847439527,0.8811492976398906
356,1.3555221447576857,0.3410748890634704,1.3737938549318693,0.1314818057448711
357,2.0870924400491395,0.45679625493267223,1.3737938549318693,0.8782075873280821
358,1.3534214239003695,0.34227859463110444,1.3812477050010838,0.12545923387340338
359,2.1021069016434226,0.47408900119054165,1.3812477050010838,0.8746441311016483
360,1.3520648166845328,0.34282314014429904,1.3885727881200582,0.07371622181961798
361,2.116672955196822,0.4912183312333913,1.3885727881200582,0.8757826333430195
362,1.350527127352225,0.3434468555545055,1.3949794607564379,0.1193367885312394
363,2.1306847208692155,0.5080847987246172,1.3949794607564379,0.871809081745958
364,1.3486593339637505,0.3445710793553692,1.400722216614728,0.0950358781024368
365,2.1441291827192845,0.524674396518855,1.400722216614728,0.8661197529403087
366,1.346354474664397,0.3462878068067612,1.405694766537682,0.13035830852226388
367,2.1569725296298667,0.5409543087950922,1.405694766537682,0.8621427080650047
368,1.3432404595572387,0.34905998090972445,1.4097741562784463,0.17236208482432994
369,2.1691919485095528,0.5569025581313253,1.4097741562784463,0.857713086758187
370,1.3393874034992446,0.3528378391188378,1.4129938148641914,0.21611119073858306
371,2.1807693895753553,0.5725023363421412,1.4129938148641914,0.8539757680837249
372,1.334790741774672,0.3575864458470208,1.4152705115772666,0.26084701940800165
373,2.191686002819759,0.5877364034870148,1.4152705115772666,0.8501638377571449
374,1.3294933974106249,0.36326815458800177,1.4166002902995127,0.3074226508093259
375,2.201918547568029,0.6025828936794427,1.4166002902995127,0.8463140079918888
376,1.3235933323585525,0.36982955975786624,1.4170603437620604,0.34916576146752987
377,2.2114443153976606,0.6170199301381776,1.4170603437620604,0.8423343522117985
378,1.317124588593385,0.37723331995579773,1.4166335232436105,0.3896319972163581
379,2.2202418376905415,0.6310261644482937,1.4166335232436105,0.8382449231108348
380,1.310200469364693,0.385416210073805,1.4154150575980027,0.4254338557798506
381,2.228291570748502,0.6445813943222382,1.4154150575980027,0.834069421005452
382,1.3027595834558956,0.39437867831848383,1.4132656326515094,0.4646343420845124
383,2.2355759366152665,0.6576665345983903,1.4132656326515094,0.8298307495827766
384,1.2949221827133701,0.40405814772005805,1.4102965096391418,0.499707567209482
385,2.242079336572524,0.6702635707353367,1.4102965096391418,0.8255508076035895
386,1.286758486582655,0.41440872803185946,1.4065501505950428,0.5335523580715688
387,2.2477881622162843,0.6823555189618904,1.4065501505950428,0.8212504548092978
388,1.2782709770667222,0.4254161178610111,1.401988428415928,0.5675349692412825
389,2.252690805344008,0.6939263928231237,1.401988428415928,0.8169494867932914
390,1.2695538615430655,0.4370273226401467,1.396690268289976,0.5998548653050868
391,2.2567776669085227,0.7049611750918523,1.396690268289976,0.8126666123984082
392,1.2606620641593382,0.4492074413245596,1.3906879361424478,0.6306005861233343
393,2.260041165226488,0.7154457941650197,1.3906879361424478,0.8084194336801221
394,1.2516309284212495,0.46193336219629627,1.383995285970172,0.6609887810713152
395,2.2624757435990883,0.7253671042181344,1.383995285970172,0.8042244287422563
396,1.2425522654788848,0.4751543596284528,1.3766930254567358,0.6878808755091131
397,2.264077877475808,0.734712868517815,1.3766930254567358,0.8000969377600904
398,1.233477318376504,0.4888412654741489,1.3688186746416833,0.7122688722861975
399,2.264846081266824,0.743471745396747,1.3688186746416833,0.7960511524964851
400,1.2244322598334383,0.5029811815266474,1.3603887558066134,0.7385707116100252
401,2.264784687889664,0.7516402052019103,1.3603887558066134,0.7922816910163355
402,1.2155164349814571,0.5175211819462652,1.3514979344281242,0.7675957225236997
403,2.26391011433623,0.7592378324697637,1.3514979344281242,0.7894386128558906
404,1.2068173969811558,0.5324137605386773,1.3422228653931347,0.7867822398301604
405,2.262225470552893,0.7662626366595995,1.3422228653931347,0.787737192199988
406,1.1983016194548568,0.5237541088798423,1.3325324951874171,0.8073039402942149
407,2.2597135079679744,0.7726630996749992,1.3325324951874171,0.7856043730536931
408,1.1900365630224303,0.5102590997692009,1.3225047241035912,0.8343228602945482
409,2.256384529270148,0.77843596000957,1.3225047241035912,0.7823131332735728
410,1.1823408024670294,0.49706543111686424,1.3124308541330858,0.8432767535589997
411,2.252267642413618,0.7836317047593259,1.3124308541330858,0.7815717804905081
412,1.1750826732633959,0.48410827812227797,1.3022143636833994,0.8642595898602665
413,2.2473510937780032,0.7881845120100204,1.3022143636833994,0.7819686196053585
414,1.1679780887535725,0.47116500576253767,1.2916471958904765,0.8839735383708525
415,2.241650048858807,0.7920846233192883,1.2916471958904765,0.777841827532067
416,1.16151855604887,0.4587339486261311,1.281179029343929,0.9007985668016489
417,2.2351909542406956,0.7953680215615216,1.281179029343929,0.7782027241594334
418,1.155580558048402,0.44675904679311457,1.2707430425763975,0.9176661674407013
419,2.2279890619075133,0.7980267913130444,1.2707430425763975,0.7791962567579244
420,1.150224539783702,0.43536219457909153,1.2604314324230228,0.9427465215569991
421,2.2200634765147518,0.8000651099582948,1.2604314324230228,0.7761492649095416
422,1.145417033691053,0.4250088275071935,1.2496890065926949,0.85010559567948
423,2.2114343196865307,0.8014798827554556,1.2496890065926949,0.7754427545537999
424,1.1409965286463795,0.4158618778008781,1.2379497517502522,0.7548952631853931
425,2.2021174535632855,0.8023206720735213,1.2379497517502522,0.7785291533271872
426,1.1361940655830325,0.40703894383270256,1.2248216377711283,0.6942660745270927
427,2.1921422989840678,0.8025113891647095,1.2248216377711283,0.7824261317194615
428,1.1311151676410118,0.3985615077737836,1.2104893317202463,0.6427638553890526
429,2.181534401748092,0.8020817652861569,1.2104893317202463,0.7793027333374816
430,1.1260577142128403,0.39067811647255263,1.195258541273673,0.5601037722794974
431,2.1703169798446216,0.8010492933361846,1.195258541273673,0.7846057241723998
432,1.1211966327191223,0.3831553241704579,1.179964158951677,0.5861255611990923
433,2.158520681327868,0.7994103505231902,1.179964158951677,0.7815012631989499
434,1.1172728788762425,0.37652235002047474,1.1656622752247674,0.5937865706808645
435,2.146167202468448,0.797182585638045,1.1656622752247674,0.7828409863977716
436,1.1143846942797317,0.37095070086532256,1.15242382736344,0.6035124774103373
437,2.1332693482991854,0.7943875875791854,1.15242382736344,0.7861316210061374
438,1.1122242695081035,0.36616259329875617,1.1401547856387948,0.6249129157680615
439,2.1198768901789533,0.7910006209635607,1.1401547856387948,0.7900281973085368
440,1.1105274713953885,0.361920903560706,1.1288270763136494,0.6564484820565306
441,2.1060478487274903,0.7870083673857243,1.1288270763136494,0.7891912157128653
442,1.1100259029671562,0.3591035515342894,1.1188266412197987,0.6688018202415699
443,2.091764272686164,0.7824657648821054,1.1188266412197987,0.7964189652391223
444,1.1100272104340456,0.3569960459102134,1.1099657640586529,0.6960917217322824
445,2.0771281601170646,0.7773308182627361,1.1099657640586529,0.7964304431188407
446,1.110150601863498,0.35543639028730184,1.1013439689301843,0.6330988825734678
447,2.062151432227869,0.771636044835329,1.1013439689301843,0.7958060738510563
448,1.1098526755485034,0.35392311911743635,1.0921026127996338,0.5456638427626433
449,2.0468383484617436,0.7654052794738925,1.0921026127996338,0.7989902382379748
450,1.1098610566532146,0.3530036852118279,1.0834562977672708,0.5610017058977962
451,2.031229615790104,0.758640234934246,1.0834562977672708,0.8027906271051578
452,1.1107078001226072,0.353137636950505,1.0764230974036837,0.5885108319663626
453,2.015399016661154,0.7513364310191731,1.0764230974036837,0.8072232963046273
454,1.1122697809811808,0.3542308423280707,1.0710762949872334,0.610069332081284
455,1.9994218370055188,0.7434982749876818,1.0710762949872334,0.8082273439600693
456,1.1147770522573919,0.35655160119513785,1.0675030754431472,0.635176347975609
457,1.9833087105982234,0.7351468748891163,1.0675030754431472,0.8118185748699538
458,1.1181728371826338,0.3600557378140253,1.0657450174199365,0.658342486705828
459,1.9671161281401415,0.7262912064641721,1.0657450174199365,0.810312851051403
460,1.122587664322055,0.3648719212295784,1.065834841574115,0.6845863929187657
461,1.9508672391157436,0.7169435657502895,1.065834841574115,0.8130342079613834
462,1.1268431602362834,0.3697735690977419,1.0665426885464333,0.6148239332745584
463,1.9346334147140032,0.707112030554289,1.0665426885464333,0.8167152280687309
464,1.1300552845884615,0.3737938101441472,1.0669168494305725,0.5351346902901877
465,1.9184643744846106,0.696807802904216,1.0669168494305725,0.8156894833353512
466,1.1334393854999751,0.3781308240322759,1.0682466872812149,0.5532046516695188
467,1.9023527515483676,0.6860367297294556,1.0682466872812149,0.8184234733085451
468,1.137757114765583,0.38358517700498135,1.0716180170545537,0.5896271009717258
469,1.8863946593954264,0.6748094407241138,1.0716180170545537,0.8203328376808352
470,1.1420548140706466,0.38911733880934574,1.0758787372512155,0.5238892851266931
471,1.8706188090875788,0.6631328155693004,1.0758787372512155,0.8240465440478305
472,1.1451897817992884,0.39356397736109366,1.0801696093802486,0.470582600117288
473,1.8551796861513101,0.6510355308205529,1.0801696093802486,0.8228943899351508
474,1.148471773074146,0.3982001090027665,1.085514379417431,0.4981675577385003
475,1.8400103076935934,0.638509895129446,1.085514379417431,0.8257406046799556
476,1.1516170190179102,0.402764994040286,1.0918928469482212,0.44063351114748117
477,1.825256767404826,0.6255883063661448,1.0918928469482212,0.8254669651800991
478,1.153822901815556,0.4063178463704224,1.098136436635259,0.38999022160291347
479,1.8108528809034266,0.6122531911651844,1.098136436635259,0.8297827876480824
480,1.1547845592120234,0.4086672370387154,1.1045053418246833,0.34942566798980784
481,1.7970067675218697,0.5985623713062935,1.1045053418246833,0.829352525047256
482,1.1558828951661222,0.4111665328591227,1.1120688737738489,0.36139531415979054
483,1.7836864629209082,0.5845080932954025,1.1120688737738489,0.8302789614370109
484,1.1580657368843374,0.4148022511145427,1.1217548400325597,0.3748468727521678
485,1.7709580826333764,0.5701112213101945,1.1217548400325597,0.8316418166787316
486,1.1612780027592748,0.41952098905495294,1.1334936012902037,0.4017048786805291
487,1.7588815248231386,0.5553932763409305,1.1334936012902037,0.8345838089142771
488,1.1654936108964773,0.4252794602657153,1.1471749087286287,0.42321926445487756
489,1.7474962855203076,0.5403689064753239,1.1471749087286287,0.8338450086171586
490,1.1706860181362109,0.4320324438478376,1.1626890721568992,0.4546731120966616
491,1.7368570488863642,0.5250611459709202,1.1626890721568992,0.8324916048724291
492,1.1768377662763685,0.4397325547879432,1.1799002964845757,0.48305150860567264
493,1.7270047639272748,0.5094887067900049,1.1799002964845757,0.8338839808710031
494,1.183898728159712,0.4483327267552395,1.198733659508048,0.511691463806433
495,1.7179849928958009,0.4936752532976647,1.198733659508048,0.8330261932697929
496,1.1918627699580013,0.457780219064709,1.2190195401195794,0.5348403261756725
497,1.709813692848206,0.47762781775144053,1.2190195401195794,0.8347247537246041
498,1.2006448512895698,0.4680508675962927,1.2407998620486649,0.5697237769267406
499,1.7025665271736106,0.4613971182915711,1.2407998620486649,0.8339182299231981
500,1.2102686978670059,0.4790787583335755,1.2638200279623086,0.5949877570056965
501,1.6962462239594305,0.44498828001238094,1.2638200279623086,0.8342476556406588
502,1.2206947222873732,0.49081252695941224,1.2879783488425798,0.6232247500517968
503,1.690871307809735,0.42841799637252137,1.2879783488425798,0.835054029047677
504,1.2318772099000346,0.5032105032483558,1.313199737180465,0.6552523877083225
505,1.686488286732693,0.41173375655858724,1.313199737180465,0.8366988323718354
506,1.243440616840503,0.5160000216995217,1.3393668076217318,0.657390375772697
507,1.683155578894111,0.3950114983087237,1.3393668076217318,0.8358164511814049
508,1.2542131675075838,0.5279205588802461,1.3652440904487324,0.5775330680326763
509,1.6808420762464906,0.37824548465964747,1.3652440904487324,0.8371343823156843
510,1.2634634851906925,0.5383240981177886,1.3903680134631025,0.5057016843052922
511,1.6795841489112355,0.36151093476387225,1.3903680134631025,0.8364704089378756
512,1.2724925203845783,0.5483487332989762,1.4154139033240731,0.5270717229392452
513,1.6793289187198859,0.3447765389381047,1.4154139033240731,0.8423943134568675
514,1.2823456613659108,0.5587010624407864,1.441715229989815,0.5781682812857819
515,1.6801786522528224,0.32824784285767666,1.441715229989815,0.8411688943539983
516,1.2917258526144482,0.5484373204370786,1.4678534522317712,0.5081575589088562
517,1.6820752965164234,0.31192267712464405,1.4678534522317712,0.8404196380051929
518,1.2996371154076827,0.5393759182810232,1.4930726996581198,0.4422895159171743
519,1.6850085923092557,0.29587987998368437,1.4930726996581198,0.8405371943536183
520,1.3061136651377259,0.5316366566910323,1.5172329550433958,0.35943228148125167
521,1.6889538878092232,0.2801844503139213,1.5172329550433958,0.8416849578928356
522,1.3124266109202796,0.524411827032967,1.5411675548993167,0.38048372972864164
523,1.6938908241278803,0.2649220818675315,1.5411675548993167,0.854159154509371
524,1.3197138532508907,0.5162115530345075,1.5662177269410678,0.4425745351060973
525,1.6998525682151033,0.25039000282706814,1.5662177269410678,0.8448718151234175
526,1.326571859510271,0.5086546755593512,1.5907947701821816,0.37311194873306236
527,1.7067699028642658,0.2366216245302937,1.5907947701821816,0.8462581614003155
528,1.3319723650329434,0.502427022839159,1.6141862309873631,0.29334128787842356
529,1.7146076582693364,0.22373291944174958,1.6141862309873631,0.8507983021916153
530,1.3360120577907486,0.4971631941693298,1.6366066264219536,0.24150589694729932
531,1.7233649992014277,0.21206951480418312,1.6366066264219536,0.8569710681530367
532,1.340197305818719,0.49139305392829,1.659432543182527,0.30582808977634707
533,1.7330125449896474,0.20198357991498023,1.659432543182527,0.8556847859836514
534,1.3440809871710662,0.4860199480106741,1.6818512017206277,0.2442807052675372
535,1.7434926035059877,0.19360081262783616,1.6818512017206277,0.8560625309157458
536,1.3477273263046416,0.48139240015622553,1.7036662020207745,0.23848920150997263
537,1.754776572594241,0.1870352641105203,1.7036662020207745,0.8719242899452211
538,1.3525667957035397,0.4756882092181936,1.7263518111921103,0.3107602751093273
539,1.7668209427988404,0.18286496887309214,1.7263518111921103,0.8679678176243457
540,1.357059012655117,0.4704040479130953,1.7484985280553824,0.24152279392994272
541,1.7795822787391298,0.181098098776223,1.7484985280553824,0.875597509228281
542,1.3615371987792426,0.46517089722453864,1.7704104173455273,0.27282892084823607
543,1.7930107296057989,0.18185216806006965,1.7704104173455273,0.8676176728477065
544,1.366604472473279,0.46037606563388184,1.7919692555528726,0.2755670507730926
545,1.807103501086413,0.1850108077140057,1.7919692555528726,0.8783103901773824
546,1.372761673320352,0.4547578028445545,1.8140342515260877,0.32806372709755327
547,1.8217355918309968,0.19063919368533727,1.8140342515260877,0.8732742446382873
548,1.3793954910381039,0.4496457395402016,1.835679132730437,0.3456146277358553
549,1.8369522842082788,0.1983888160829092,1.835679132730437,0.8802408397844939
550,1.3869251082560827,0.4440935219191842,1.8575595282913029,0.39198330842658163
551,1.8526275270793657,0.20809823410609407,1.8575595282913029,0.8816101081129285
552,1.3952021799356635,0.4384176981792223,1.879468285176306,0.4270730331818416
553,1.868733386351453,0.21946792489438707,1.879468285176306,0.8853539512272864
554,1.4042049354432196,0.43266511704901695,1.9013897229699035,0.47093210023119986
555,1.8852205073444548,0.23223392728101658,1.9013897229699035,0.8872837821083015
556,1.4127396074482055,0.42729732330689585,1.9226728062290932,0.3967353196957
557,1.902046582876892,0.24615881901031741,1.9226728062290932,0.8860668128970012
558,1.4197354090516017,0.42284329932799475,1.9426068110059809,0.31915104364692215
559,1.9191998292061343,0.26105416027752193,1.9426068110059809,0.8892029730278038
560,1.4255370703253087,0.4186887945620432,1.9615944186459575,0.2663918845153714
561,1.9365862109772505,0.27672104790784,1.9615944186459575,0.8967165558358907
562,1.4305145800416945,0.41428132211697216,1.9800910155737943,0.24130040463582003
563,1.954153601519709,0.2929989722540474,1.9800910155737943,0.8924085244090919
564,1.4343506198285276,0.4101872026574067,1.9974968864539608,0.2168745701844685
565,1.9718534106910426,0.3097539270539449,1.9974968864539608,0.8925943911233437
566,1.4371892996548357,0.40622440844131036,2.0139546759726223,0.19547433221805252
567,1.9896472279203736,0.32688061307602206,2.0139546759726223,0.8919413171518442
568,1.4389052801443905,0.4026268248184332,2.0292388620602884,0.18454670407601126
569,2.007518322123556,0.3443095887010443,2.0292388620602884,0.8958191471221062
570,1.4408026024414216,0.3989370252399183,2.044066666977759,0.16970883315128446
571,2.025383778975893,0.3619311877093625,2.044066666977759,0.8956183366594052
572,1.4434659958705849,0.3954220696979471,2.058456685005217,0.18874530795324967
573,2.0432071322861294,0.3796826994724863,2.058456685005217,0.8954387976284423
574,1.4463338686232594,0.3921125523054797,2.0721767559198536,0.16769194873948917
575,2.0609456106993385,0.3975049453107943,2.0721767559198536,0.8916546260830139
576,1.4484325516749297,0.3891300272327049,2.0847589690351027,0.14444581731311856
577,2.0785679325231685,0.4153557069767599,2.0847589690351027,0.891553814000717
578,1.450671745057932,0.3860823047171616,2.096777569406437,0.1643613587992837
579,2.0960026120346065,0.43316183129607455,2.096777569406437,0.8900450280947726
580,1.4534700228591648,0.3834324071289384,2.1081001300749653,0.14941038614619429
581,2.1132277412163982,0.45089849852860203,2.1081001300749653,0.8917128856939074
582,1.4569642283266537,0.38098238295528497,2.11892432203125,0.1969195846592235
583,2.13019142071325,0.4685169271857387,2.11892432203125,0.8866927240010243
584,1.4603549941671337,0.37900439474063263,2.1287496973473736,0.16327248552643933
585,2.1468690823755283,0.48599588881981004,2.1287496973473736,0.8886915121540186
586,1.4634584073150787,0.37665263390010756,2.13800179816762,0.15782821250401113
587,2.1631955379448633,0.5032779938307489,2.13800179816762,0.88365091029042
588,1.465731989884717,0.37415285977937734,2.146246041337743,0.1484606356409296
589,2.179140489145831,0.5203394963468981,2.146246041337743,0.8811891420966105
590,1.4672709525437888,0.37142763214252666,2.1535383342104777,0.142395940411096
591,2.1946768000597476,0.5371607656152259,2.1535383342104777,0.8798404014392031
592,1.468909066864153,0.3687354366028862,2.1600890726939617,0.13073257264240268
593,2.2097565716908494,0.5537028494311436,2.1600890726939617,0.8775781838644833
594,1.4709842730084768,0.3666058937648077,2.1657618885765766,0.11792942171367056
595,2.2243638625013475,0.5699578520042989,2.1657618885765766,0.8763241067366201
596,1.4734886944758294,0.3650137030614255,2.1705839067852932,0.12771720294442335
597,2.2384538571305703,0.5858899968235765,2.1705839067852932,0.8704388468111874
598,1.476095480280096,0.3642541173242937,2.17426042740714,0.15632981324267697
599,2.252024628891489,0.6015056329359173,2.17426042740714,0.8683658175322794
600,1.479096357016793,0.3640202867068069,2.177120496216235,0.19959916606060119
601,2.2649906920342437,0.6167276865532955,2.177120496216235,0.8656063010917967
602,1.4825610453803402,0.3642563756008568,2.179276265490285,0.24930275382177344
603,2.277325441614924,0.6315361190478807,2.179276265490285,0.8608707452878004
604,1.4862144678384697,0.3652182452115545,2.180481823968821,0.2919751684845823
605,2.289015456969551,0.645923746570519,2.180481823968821,0.8570091925254749
606,1.4900345517731393,0.36692574871911116,2.1807588008373164,0.32521053398684097
607,2.300044562035197,0.6598803298810759,2.1807588008373164,0.8532127645401638
608,1.49407374487781,0.3693430593681101,2.180200470106506,0.3658888492408743
609,2.310395027246845,0.6733936298155029,2.180200470106506,0.8496562418832915
610,1.4982326498182406,0.3725582470112247,2.178739024860816,0.40518722619841263
611,2.3200450235354486,0.6864464474288242,2.178739024860816,0.8459492258670688
612,1.502577838503341,0.37653094326282505,2.1764737166924535,0.4490754405541658
613,2.328972187368795,0.6990200414458689,2.1764737166924535,0.8421004457978893
614,1.5069344230909618,0.3811581487310877,2.1733656059347917,0.45456140947794804
615,2.3371560367421433,0.7110965733922906,2.1733656059347917,0.8381340351253197
616,1.5113506891033541,0.3864504346987015,2.169465396317158,0.4904480941296365
617,2.344578084371029,0.7226591852031329,2.169465396317158,0.8340738575634109
618,1.5158172471319196,0.3926041877506321,2.164705796298229,0.5274778876428248
619,2.351221856893422,0.73369198426992,2.164705796298229,0.8299428397438293
620,1.520289950922588,0.3996380626163771,2.1590750028578234,0.5613048807514937
621,2.3570729086349522,0.7441800276158503,2.1590750028578234,0.8257629169321385
622,1.5247624853741235,0.40754291114096963,2.152598060133733,0.5905885807802281
623,2.362118833721879,0.7541093084688619,2.152598060133733,0.8215550052630486
624,1.5292330133971426,0.41630460868353975,2.145303697060495,0.6215340277721141
625,2.366349276916212,0.7634667449973824,2.145303697060495,0.8173389768579992
626,1.5336869615907964,0.425911884159503,2.1372079541727844,0.6536442782465172
627,2.369755943380741,0.7722401708927248,2.1372079541727844,0.8131336371428222
628,1.5380933171619477,0.43635455060360856,2.128311333413787,0.6838196552927949
629,2.3723326075458586,0.7804183275301018,2.128311333413787,0.8089567046276208
630,1.5423920311515837,0.4476170966473151,2.1185900403762843,0.708982782372581
631,2.374075121221129,0.7879908574857487,2.1185900403762843,0.8048247934536312
632,1.5466260438556558,0.45965554290963057,2.108113662438987,0.7305858839980052
633,2.374981421067104,0.7949482992267791,2.108113662438987,0.80075339901191
634,1.5507279477772142,0.4724577371492917,2.096847867155832,0.7541109666309807
635,2.375051535516436,0.8012820828241624,2.096847867155832,0.7967568869306063
636,1.5546906646943828,0.4859857212288202,2.0848166305097133,0.7769015024435452
637,2.3742875912073784,0.8069845265686101,2.0848166305097133,0.7928484857123005
638,1.5585387958842836,0.5001993467848463,2.072062547109583,0.8007510565484209
639,2.372706890282989,0.8120739565612802,2.072062547109583,0.7897899339100017
640,1.5622122530291211,0.5150666864881004,2.058557414784732,0.8196228579462839
641,2.3703103421790317,0.8165406021097342,2.058557414784732,0.7877150121056116
642,1.565771233125203,0.5305504123651738,2.0443827754982973,0.8418472686866942
643,2.367100066819357,0.8203725064711473,2.0443827754982973,0.7860123758827964
644,1.5691657585624519,0.5466180921470337,2.029518358195855,0.8635770338019712
645,2.3630850653084985,0.8235681616525358,2.029518358195855,0.7828749580138025
646,1.5720964218696807,0.5631929741313765,2.0136772400647134,0.870074438820178
647,2.3583004240043772,0.8262048692227776,2.0136772400647134,0.7869064189815356
648,1.5752162688558509,0.5803293475110286,1.9975493412711707,0.903637191139271
649,2.3527028662617946,0.8281211657024392,1.9975493412711707,0.7810894978706352
650,1.5782055366112617,0.5966624264326,1.9812487607785696,0.8038758376323907
651,2.3463406003428684,0.8294167035684935,1.9812487607785696,0.7814909764326943
652,1.5817416373768813,0.6052267452923463,1.9657241115086055,0.726712728877521
653,2.3392223130639844,0.8300618235297998,1.9657241115086055,0.7870603870839742
654,1.585406751280383,0.5938334522991227,1.9501822820509263,0.7489273284596936
655,2.331369106168605,0.8300621349984985,1.9501822820509263,0.7810762812105235
656,1.5885742979134814,0.5828696102002683,1.9337553911866137,0.7660475937337776
657,2.3228029467127933,0.8294358288178462,1.9337553911866137,0.7855497605632785
658,1.5914784109833828,0.5721660439551586,1.9166747588787476,0.7937217956477232
659,2.3135453302872158,0.8281796309551479,1.9166747588787476,0.7797076960760901
660,1.5936176572787282,0.5624417248937817,1.8985058110328175,0.7771196129466459
661,2.3036003960786764,0.8263858690584882,1.8985058110328175,0.7905620524424889
662,1.5958887912377262,0.5527656314098297,1.880204483762916,0.8075481184385048
663,2.2930196855963505,0.8238988828165985,1.880204483762916,0.7859859901291545
664,1.597645115736271,0.5438412113771613,1.8611257263901058,0.8211951701633451
665,2.2818191042378793,0.820805826286918,1.8611257263901058,0.7890999406412459
666,1.5991014722047563,0.5355161363885768,1.8414787104992068,0.8517427828912634
667,2.2700288820651875,0.8171092198657143,1.8414787104992068,0.7884234783620596
668,1.6005010513110998,0.5281266137977378,1.8219101127573882,0.7618346528715472
669,2.2576675687683805,0.8128325811667082,1.8219101127573882,0.7912807478284445
670,1.602484722556289,0.5212676218526461,1.8033185382933195,0.6811893884894027
671,2.244766188704591,0.807976255126735,1.8033185382933195,0.7954188815334092
672,1.605391901320257,0.5143712785609111,1.7860016726517751,0.6188322453776476
673,2.231371444980098,0.8025335126430375,1.7860016726517751,0.7979577161702667
674,1.6082686863443973,0.5079480812887947,1.768745181941437,0.6519837171435269
675,2.2175061104665375,0.7965252360377368,1.768745181941437,0.8012493292337789
676,1.6111464370952568,0.5019840935318094,1.7516496563985575,0.5793131014913837
677,2.203200010078228,0.7899621557658165,1.7516496563985575,0.8074891632490554
678,1.6140014857052436,0.49640722926547526,1.7346361139767101,0.6010313680732726
679,2.18848721417261,0.7828523718910296,1.7346361139767101,0.8054527387264007
680,1.6161200850114767,0.49177484125705184,1.7168421747996037,0.6170981494994063
681,2.173401937071322,0.775204661759609,1.7168421747996037,0.8102749210440038
682,1.6177138678607084,0.4879210689710947,1.6984768157421806,0.6404856466649433
683,2.157989498847838,0.7670255725830872,1.6984768157421806,0.8100130682477545
684,1.6183845795362783,0.4853500432870709,1.6792275443682052,0.6540732193726422
685,2.1422423672315527,0.7583329234914394,1.6792275443682052,0.8135998923973342
686,1.6182555430570464,0.4839780779683608,1.6592119944202297,0.6583941744534626
687,2.126179002487323,0.7491321368936612,1.6592119944202297,0.8234980440101333
688,1.618184866611836,0.48294782021036514,1.6393011074269395,0.7109601475650507
689,2.1100092020469248,0.7394151381247157,1.6393011074269395,0.822338358612132
690,1.618251144559834,0.4823159060424347,1.6199832146729947,0.638590666605898
691,2.0936828198400264,0.7292112089660789,1.6199832146729947,0.8212503546386509
692,1.6188202640841411,0.48163961701569025,1.6018497206194724,0.551721225686638
693,2.077139235542065,0.7185292730114284,1.6018497206194724,0.8265670741880193
694,1.6201879545763247,0.48048205290446455,1.5853018289218213,0.5038102768096387
695,2.060553632216716,0.7073801347079275,1.5853018289218213,0.8301683931684734
696,1.6225692950002575,0.47853804818882695,1.5705081296325119,0.44831819787398347
697,2.0439881874361343,0.6957831504236334,1.5705081296325119,0.8315916182740547
698,1.624820360576139,0.47693797275132455,1.5561228106695204,0.46369871824516534
699,2.027450769687834,0.6837512664034063,1.5561228106695204,0.8326800243038482
700,1.6262910774480333,0.4763941824707856,1.5412964447875799,0.49755151569415507
701,2.01099468000825,0.6712996921352828,1.5412964447875799,0.8332773620698334
702,1.6277604410209887,0.47602920402729076,1.527155296922961,0.42843223022624477
703,1.9946501112778063,0.6584383247157126,1.527155296922961,0.8352378837071643
704,1.6299796059625857,0.47495904565966696,1.5147027491606744,0.3821823838208628
705,1.9784686093420376,0.6451798248598848,1.5147027491606744,0.8375671229700163
706,1.6329703438853451,0.4731107597014304,1.503991805837966,0.3395439725643594
707,1.9625136756850607,0.6315407911047102,1.503991805837966,0.8388033720053849
708,1.635791628072634,0.4715294136908381,1.4938418000191056,0.3544284879777294
709,1.9468300820049866,0.617533053548897,1.4938418000191056,0.8399705333014001
710,1.6377362416764312,0.47104942124246707,1.4833624194886006,0.3661127713073269
711,1.9314807438864676,0.6031747497296923,1.4833624194886006,0.841803226862166
712,1.638890186337271,0.4716162912000536,1.4726523469813315,0.39122063170389676
713,1.9165213993749377,0.5884829412019882,1.4726523469813315,0.8429787473227986
714,1.6392173408676496,0.473267184299386,1.4617440086826283,0.40970101263299785
715,1.902005924345736,0.573474983618961,1.4617440086826283,0.842773191134817
716,1.638792991608817,0.47595312468664214,1.4507252522970107,0.4402686151615709
717,1.8879917078874688,0.5581711393515072,1.4507252522970107,0.8415514485415393
718,1.6373945150905282,0.4798208035266378,1.439486916589023,0.46219528446465985
719,1.8744585950661221,0.5425526702628447,1.439486916589023,0.843001586246182
720,1.6352240881361435,0.48471700390672734,1.4282399509810795,0.493833995532653
721,1.8615328089895384,0.5266749468564874,1.4282399509810795,0.8437514127659834
722,1.6323309351280326,0.49059843890853805,1.4170329266433863,0.514891593581009
723,1.849242590203963,0.510547498330627,1.4170329266433863,0.8512311049386061
724,1.6291247490714063,0.4972481937090884,1.406084900309438,0.5535837179688334
725,1.837717709095444,0.4942444116862766,1.406084900309438,0.8481564441136779
726,1.6251943488729983,0.5048849892296888,1.3952383089520994,0.5884141995347659
727,1.8269396737770556,0.47775559765219167,1.3952383089520994,0.8492993254378144
728,1.6215974028398856,0.5122382386752706,1.3857892054989949,0.515604894050166
729,1.81695138365863,0.4611087872195681,1.3857892054989949,0.8453649262593106
730,1.6189986544116943,0.5045232650686514,1.3787097559004826,0.4418796115953196
731,1.8077926835006344,0.44433373053360786,1.3787097559004826,0.8450826234339285
732,1.6173178240977653,0.4964754931115094,1.3739453508168218,0.37818483977248113
733,1.7994771280583715,0.4274430853518169,1.3739453508168218,0.8471097182640578
734,1.61675397070801,0.4893651306217914,1.3715418790356615,0.32763358038528745
735,1.7921091505366356,0.4105325418886418,1.3715418790356615,0.8447283704371014
736,1.6158422720327688,0.4828200879567225,1.3700719067763234,0.33596567652885506
737,1.7855941221588298,0.39352887543048726,1.3700719067763234,0.8490055276326748
738,1.6144266697247327,0.4753654190190164,1.3686804304390718,0.39520512159286636
739,1.7801208036725698,0.37663059190865145,1.3686804304390718,0.8455575763439734
740,1.612838898905443,0.468555021137625,1.3684152100068083,0.3184389167913714
741,1.775578232863092,0.35975607619936845,1.3684152100068083,0.8534620193384308
742,1.6114926881515412,0.46144084576432765,1.369094017226573,0.37749616712197576
743,1.7720877218413624,0.3430768746379374,1.369094017226573,0.8488850804405943
744,1.6102417554521906,0.45478660693587264,1.3710025396649115,0.30627938858063025
745,1.769624886495009,0.3266240878226421,1.3710025396649115,0.8520627952753342
746,1.6090374544883275,0.44821186448406686,1.3738592104507505,0.33910086281097257
747,1.7682010172844458,0.31048333236984876,1.3738592104507505,0.8490674824051653
748,1.6069276128146213,0.44126914312462473,1.3766310544038483,0.3697381522767788
749,1.767824270098745,0.2947571974387935,1.3766310544038483,0.852170106773065
750,1.6040479141234665,0.4338486193491783,1.3793151994121717,0.40374926745717404
751,1.7684892381313946,0.2795505504791263,1.3793151994121717,0.8494937743261683
752,1.6003124840183616,0.4261568879531302,1.3819287429962936,0.43694335887459884
753,1.7701939758959082,0.2649989705538342,1.3819287429962936,0.8507417793249048
754,1.5958530090043097,0.4180944253744701,1.384459985290788,0.47134245892874405
755,1.7729338398743193,0.2512648341836507,1.384459985290788,0.8550257639135372
756,1.5907109233028396,0.4096913712324968,1.3869012359744937,0.5064196212062986
757,1.7766961581765461,0.23852802771690074,1.3869012359744937,0.8503796672712378
758,1.5846999441803906,0.4013207839002884,1.3892973766318315,0.541842675458818
759,1.7814482487517662,0.22694474774643866,1.3892973766318315,0.8516232062403528
760,1.5784701511920312,0.393348938558594,1.3923528176673796,0.5039771483952903
761,1.7871698830156824,0.2167172643947863,1.3923528176673796,0.8551545368774535
762,1.5721576561982753,0.3853426062709408,1.3958110299939475,0.5396763997627948
763,1.793876264873886,0.20820152970546582,1.3958110299939475,0.8564629507902327
764,1.5652046375723676,0.37721239741714807,1.3990994214851826,0.5753336276631916
765,1.8015318093618282,0.20162170312424693,1.3990994214851826,0.8599291243264184
766,1.5576805339926552,0.3689471804051176,1.4021797927129538,0.6087982763001233
767,1.8101007510951115,0.19718134223359884,1.4021797927129538,0.8615348390405199
768,1.5495005993539541,0.360818810793073,1.405091159627782,0.6390425569294468
769,1.8195443997674763,0.19501712541573982,1.405091159627782,0.8627658851054271
770,1.5407018498486087,0.3528950946451059,1.407803083228477,0.6715322013189758
771,1.8298293849353646,0.19523614080325283,1.407803083228477,0.8678134511117029
772,1.5324217886141072,0.3455635499282723,1.4114993662285389,0.5946640334103382
773,1.8409164639255968,0.19782655279177874,1.4114993662285389,0.8628599370081771
774,1.5252642445228184,0.339527085333983,1.4172605982390538,0.5043768573463056
775,1.8527721322927544,0.20268218395634952,1.4172605982390538,0.8682618279036369
776,1.5184852506120834,0.3335993832131692,1.4234607926611609,0.5434012196024172
777,1.865342184268553,0.20969973853573307,1.4234607926611609,0.8695282546739768
778,1.511020212346586,0.32792714653793387,1.4292125821833108,0.5769258011893733
779,1.8785845102080445,0.21862731551578618,1.4292125821833108,0.8720614214913853
780,1.502890446010168,0.32261288405822214,1.4345103683031493,0.6074130096560554
781,1.8924557338600303,0.22922741916913028,1.4345103683031493,0.8696131912312803
782,1.4939338161971423,0.31818497092082537,1.439523520426735,0.6331425426098908
783,1.9069212878833381,0.2412689956501362,1.439523520426735,0.8761629210790761
784,1.4845199855098865,0.31396233306929655,1.4438833301940155,0.6680277579445337
785,1.9219081791379367,0.25452116004288033,1.4438833301940155,0.8753329866919012
786,1.4744816549599118,0.3104829284493219,1.4477547433752675,0.7013568066170246
787,1.9373768887706773,0.2687788381835096,1.4477547433752675,0.876679503721224
788,1.4649844887374417,0.30767572088176043,1.452256405898281,0.6158891611487315
789,1.9532765607400036,0.2838604119730092,1.452256405898281,0.8752002933976549
790,1.4567906307149618,0.30564521462101374,1.4584566984839793,0.5300761665356484
791,1.9695878711177675,0.29963647115516656,1.4584566984839793,0.8786550492757328
792,1.4489710219194474,0.3037946573068536,1.4647087901968783,0.5759952312475785
793,1.9862083331758416,0.31592793193344043,1.4647087901968783,0.8789251158719075
794,1.4415830206838303,0.3023357290796273,1.4713032473416976,0.5004572281629648
795,2.0031045572692987,0.3326326872254209,1.4713032473416976,0.8799501166030315
796,1.4355509200081764,0.30088872478229217,1.479087997602521,0.42682458545289553
797,2.020226428160674,0.34965166817042254,1.479087997602521,0.8780718516416556
798,1.4296182726948399,0.2999690820076136,1.4870382620230227,0.4599897003453619
799,2.0375482981595874,0.36692364630239926,1.4870382620230227,0.8805245612554573
800,1.4229324544511277,0.2996721765881377,1.494014670201523,0.5020284721420233
801,2.0549995611240393,0.38435439220774087,1.494014670201523,0.8784871465456753
802,1.4161419237106456,0.30014300082719736,1.501100083647408,0.4506454366638282
803,2.0726007058687776,0.401948603808433,1.501100083647408,0.8799173398212161
804,1.4104004793254106,0.3004773146206896,1.5089100605877004,0.38186368461584297
805,2.090232223797788,0.41957867207811234,1.5089100605877004,0.880898643050075
806,1.4048858764304812,0.3007795929669723,1.5163254359104903,0.4266320373161211
807,2.1078189259924405,0.4371663391594584,1.5163254359104903,0.8785493817281347
808,1.3984769539927735,0.30214712518558917,1.522911640733639,0.4523585203505395
809,2.125364785191458,0.45471697246130827,1.522911640733639,0.8795482359872645
810,1.3912724777085828,0.3043167671881555,1.5283667592761383,0.495406365014536
811,2.1427907956712633,0.4721566501890355,1.5283667592761383,0.8775610355006558
812,1.3840782764862771,0.3069081715462248,1.5335430207825669,0.4528037936922602
813,2.1600821360091125,0.48947810124361124,1.5335430207825669,0.8759198686146092
814,1.377947526839133,0.3092043865289051,1.5394444062675763,0.37742169190816843
815,2.1772384001898764,0.5066901955970408,1.5394444062675763,0.8778228297734416
816,1.3719940265827293,0.3115305383681921,1.544856010863863,0.41912769928433985
817,2.194135894432835,0.5236809092723865,1.544856010863863,0.8742335037333944
818,1.3651518389485269,0.31503617436177855,1.5494706534725322,0.44815016919602324
819,2.210795983365573,0.5404833065309346,1.5494706534725322,0.8730488951010427
820,1.3574797176287678,0.3196195119512817,1.5531927851124254,0.4661346046613121
821,2.2271651012842275,0.5570568253529478,1.5531927851124254,0.8735904892373746
822,1.3490115304583412,0.3250508890108596,1.5555757440158153,0.50278302530553
823,2.2431287542333784,0.5733010994054086,1.5555757440158153,0.870090062550879
824,1.3397598421043544,0.33148906659015576,1.556924093231993,0.5421327411548864
825,2.258711426741155,0.5892534258276858,1.556924093231993,0.8688277855329584
826,1.3303957188004152,0.3383338195938533,1.5576985614953691,0.5159241973229235
827,2.2738792369654237,0.6048932927560853,1.5576985614953691,0.8669317115581956
828,1.3220523839159208,0.34448032637991904,1.5585802707038525,0.44157004300881997
829,2.2885844529955657,0.6201862336009134,1.5585802707038525,0.8633197330562268
830,1.3139596454326712,0.3507021654890115,1.5592830320424063,0.4667606169984826
831,2.302823976638122,0.635141829634731,1.5592830320424063,0.8624974060387782
832,1.3050491172619194,0.35784099669950276,1.5586872342290161,0.5134741934081548
833,2.316508472758107,0.6496832184237763,1.5586872342290161,0.8588364140551675
834,1.2966299648094823,0.3647093550485259,1.5578296155853144,0.4329164766447979
835,2.3296316372822243,0.663815538967786,1.5578296155853144,0.8566937315187733
836,1.2884295611231988,0.3715216527755133,1.5564551555587964,0.4636371779564538
837,2.3421631866958172,0.6775193459838056,1.5564551555587964,0.8531220356172864
838,1.2794569011612555,0.37928600592096784,1.5540656014026082,0.4933304287161746
839,2.3540724528576074,0.6907739531868767,1.5540656014026082,0.849699708987339
840,1.2697349375666422,0.38795487631971637,1.5506248764965889,0.5260122772845596
841,2.365336833099675,0.7035659890913873,1.5506248764965889,0.8464570803818006
842,1.2593161313004753,0.39748326631021386,1.5462174293207045,0.5511060185819844
843,2.3759354798216594,0.7158830860473753,1.5462174293207045,0.8431407032429993
844,1.2482141278642134,0.40782627086758305,1.5407814956897632,0.5774446888707304
845,2.3858449076326607,0.727709286040124,1.5407814956897632,0.839834040054344
846,1.2364583723406377,0.4189430410875216,1.5343251471735522,0.6061644154094928
847,2.395042410708049,0.7390284296196392,1.5343251471735522,0.8363897385479148
848,1.224098187574921,0.4307839442640922,1.5269133512344526,0.6322991593979087
849,2.403506269680049,0.7498242836341208,1.5269133512344526,0.832824403346804
850,1.211145390205651,0.4433155481155251,1.518505572148885,0.667052048332239
851,2.411216748205309,0.7600815318694054,1.518505572148885,0.8291604727713485
852,1.1988264985473598,0.4552566078021499,1.5096870554513955,0.5811588995491234
853,2.4181561487142167,0.7697858034100137,1.5096870554513955,0.8254197480708724
854,1.1868688728164405,0.46687490127420145,1.5002885645398236,0.6103703401240574
855,2.4243088286910894,0.7789236641081465,1.5002885645398236,0.8216231046055421
856,1.1743721217922953,0.47912970208482497,1.4900237275407562,0.6346348547032747
857,2.429661213722697,0.7874826081704966,1.4900237275407562,0.8177904565343758
858,1.1613546750480803,0.4919889641601598,1.4788771334033077,0.6586917856872752
859,2.4342018090004984,0.7954510511292111,1.4788771334033077,0.8139407336784447
860,1.1478390760221078,0.5054221119230233,1.4668519665246824,0.6865615072061259
861,2.437921209554443,0.8028183240629302,1.4668519665246824,0.8100918609710925
862,1.1338876633743953,0.5193714292910204,1.454032030082472,0.7074822835751198
863,2.4408121094091086,0.8095746689095659,1.454032030082472,0.8062607403526482
864,1.1195220377779267,0.5338112457891112,1.440423161876022,0.7316248555170755
865,2.4428693098199283,0.8157112347394964,1.440423161876022,0.8024632353531295
866,1.1048171214026286,0.5486769908581477,1.4261284995597372,0.7507619787910416
867,2.4440897267179245,0.821220074883783,1.4261284995597372,0.7987141586184281
868,1.0897765415756686,0.5376495271089793,1.4111289156010443,0.771235004571027
869,2.444472397463222,0.8260941448353116,1.4111289156010443,0.795027262626695
870,1.0744473744716476,0.5237346498510096,1.3954853477270797,0.794515598134007
871,2.444018486980176,0.8303273008618972,1.3954853477270797,0.7914152338262075
872,1.0589100792244024,0.5093370160563946,1.3793086926857754,0.8145619724143651
873,2.4427312933198224,0.8339142992899041,1.3793086926857754,0.7878896904043629
874,1.0431522181083113,0.49447559110313827,1.3625719536901246,0.8350851071438331
875,2.440622359353169,0.8368617873242923,1.3625719536901246,0.7848418107262789
876,1.0272684052612004,0.4791715039724794,1.3454027794322774,0.8455456147714686
877,2.4377067889562047,0.839184723058038,1.3454027794322774,0.783931917117258
878,1.011234875224167,0.4634363115121656,1.3277719247985127,0.8677687287180449
879,2.433979409903261,0.8408588128116133,1.3277719247985127,0.7810966923657499
880,0.9952907870437557,0.44731265638064244,1.3099782058337404,0.87502168469463
881,2.4294646454683453,0.8419198014132412,1.3099782058337404,0.7804651232174876
882,0.9794311745346966,0.4308206275325479,1.29201246070989,0.8891087545113631
883,2.4241575375570554,0.8423368082824181,1.29201246070989,0.7807746112874631
884,0.9634455138224105,0.41392580840369736,1.2736565194284577,0.9128064022336271
885,2.4180655089181404,0.8420910045366532,1.2736565194284577,0.7790385694304321
886,0.9478070542600594,0.39673035117505684,1.2554480612247496,0.9123648370204872
887,2.4112157325307826,0.8412297792432216,1.2554480612247496,0.7842634295247753
888,0.931977774681986,0.37910779232277103,1.236881462105835,0.9328267066517462
889,2.4036117879266468,0.8396855450949449,1.236881462105835,0.7782004710075524
890,0.9167158598406162,0.3612483175929683,1.2187497230137527,0.9402831543403689
891,2.39528479603747,0.8375277433299573,1.2187497230137527,0.7858552657079738
892,0.9013593485446842,0.3429688042174969,1.2004516576395927,0.9699504305938171
893,2.3862538344936506,0.8347232771920744,1.2004516576395927,0.7849837563027512
894,0.8867740802455527,0.3254115107261738,1.1821730312203973,0.8884161177361318
895,2.376543668349265,0.8312975464787359,1.1821730312203973,0.7816426259133192
896,0.8727796568793854,0.3083369793866613,1.1639423222042475,0.9067437996749812
897,2.36617699216457,0.8272621602072798,1.1639423222042475,0.7865292610901135
898,0.859149078466039,0.29092587015398436,1.1461841801328534,0.9137488576178308
899,2.355178122449513,0.8226235279926694,1.1461841801328534,0.7863197080526297
900,0.845973609236507,0.2732013092696794,1.1290469382255235,0.9378785505497924
901,2.343575875511684,0.8173851620981162,1.1290469382255235,0.7891723827819193
902,0.8334113997215135,0.2560370886109211,1.1121313158469992,0.8744640634709347
903,2.331399851369219,0.8115557057970159,1.1121313158469992,0.7933403240791903
904,0.8215933441864288,0.2404596605759089,1.0949253699976185,0.7912060428098294
905,2.318677641713476,0.8051472086235805,1.0949253699976185,0.7950922246601262
906,0.8103254229595691,0.22549246038882373,1.0780323568159509,0.81972978753719
907,2.3054437277390107,0.7981671476980478,1.0780323568159509,0.7939528577468863
908,0.7996988642809758,0.21101985517710656,1.0617005316579198,0.7627085060574438
909,2.2917247161970105,0.790628882872138,1.0617005316579198,0.796015098670407
910,0.7898983595532435,0.19813986255501514,1.045428553291806,0.683809404243173
911,2.277548712796772,0.7825430935892825,1.045428553291806,0.7988258817224326
912,0.7808627949764748,0.1871519229910886,1.0289415060368003,0.6039599198585893
913,2.2628993265230637,0.7739275964448334,1.0289415060368003,0.8105783847077889
914,0.7713819247090288,0.1776859863386675,1.0117504805483497,0.5925145624542557
915,2.2479346296916844,0.7647676979921818,1.0117504805483497,0.8044660377948216
916,0.762666428860282,0.1701349596022508,0.9945421884242345,0.5183889001083002
917,2.2325591952558823,0.7550955785976061,0.9945421884242345,0.8138532764972668
918,0.753659728477872,0.16419427813418444,0.9769621879250482,0.4889895646623405
919,2.216943060949511,0.744913187916248,0.9769621879250482,0.8135634417812617
920,0.7450588876177066,0.15878617592387856,0.960295274801681,0.49312347357706304
921,2.201054224478426,0.7342397643792908,0.960295274801681,0.8147799189556097
922,0.7374525425931207,0.1529762200453154,0.9455439531293904,0.48224729360253676
923,2.1848453873216043,0.7230766957876767,0.9455439531293904,0.822620042625912
924,0.7299961650529346,0.1465791379716558,0.932570765592732,0.5071352702397027
925,2.1685273920998465,0.7114512310752765,0.932570765592732,0.8256392177394117
926,0.7231400377288439,0.13971187563884613,0.921592328041671,0.5197810721676024
927,2.1520673903792287,0.6993719580643049,0.921592328041671,0.8257999499020839
928,0.7170983008134305,0.13241702978680614,0.9127596831280338,0.5429174455916721
929,2.135492813800755,0.6868487863214462,0.9127596831280338,0.8308681077121055
930,0.7112590700122728,0.12571019744979894,0.9051189321805948,0.5039311444813053
931,2.118882859771283,0.673903124971131,0.9051189321805948,0.8330231225759281
932,0.7054131818797719,0.1206840197206693,0.8978232557741499,0.45778309574704956
933,2.1022808340720767,0.6605503857699943,0.8978232557741499,0.8345632840860036
934,0.699478626282903,0.11749088075606269,0.8907600660667271,0.41847453236927074
935,2.085740506462371,0.6468089786275361,0.8907600660667271,0.8350033930066236
936,0.6936344869176931,0.11601450144614275,0.8840203381195942,0.3620320297812238
937,2.0692802553637955,0.6326849126676677,0.8840203381195942,0.8376988062496151
938,0.687639057712303,0.11615431327578311,0.877598111133608,0.32958195530483464
939,2.0529842391556166,0.6182068725188995,0.877598111133608,0.839620332665418
940,0.6817857689391528,0.11660862342312475,0.8727246215909396,0.3356101092290926
941,2.03692977222294,0.6034053260526915,0.8727246215909396,0.8396761396294209
942,0.6767496749129388,0.11631022095341934,0.8704460470809257,0.3289990368420495
943,2.021129660562032,0.5882842092473832,0.8704460470809257,0.8409255088905471
944,0.6724324449151252,0.11532380066696617,0.8707083618731329,0.3603096541490032
945,2.005617300418214,0.5728530762528734,0.8707083618731329,0.8424250990958773
946,0.668878872677577,0.11369269508871613,0.8734952391570721,0.3633195911423327
947,1.9904513162187534,0.557133360910285,0.8734952391570721,0.844070950317953
948,0.6660460221092188,0.11150600104936624,0.8787779521439198,0.3924424495695627
949,1.975724515015186,0.5411679917501926,0.8787779521439198,0.8455930678150213
950,0.6638821410258813,0.10888589498827496,0.8864876211105172,0.4217904053924805
951,1.9614783798109177,0.5249758180174344,0.8864876211105172,0.8471942413007504
952,0.661836485115368,0.10692230799793982,0.8953967135043558,0.3712479743724473
953,1.947757844622765,0.508578428980762,0.8953967135043558,0.8449878991564408
954,0.6596063173115396,0.10626812620984462,0.9043909712204825,0.31019352236290565
955,1.9345481388641523,0.49195833691390933,0.9043909712204825,0.8472584971077409
956,0.6566428170868516,0.10710343324169444,0.9134597222127748,0.29394614832639315
957,1.9220281444352854,0.47523011224280254,0.9134597222127748,0.8458027308568691
958,0.6534091204155664,0.10893722058463091,0.9224965174110583,0.24074106322069008
959,1.910106608943774,0.4583277195328675,0.9224965174110583,0.8484789788098007
960,0.6493277151506929,0.11201874015465982,0.9316273530375622,0.250272733461481
961,1.8989790767955468,0.4413962339109675,0.9316273530375622,0.846659181497057
962,0.6449780216620159,0.11579622858729136,0.9406783094866248,0.24863517385220607
963,1.8885236490301553,0.42434423491613293,0.9406783094866248,0.8486365871323003
964,0.6400833948344686,0.12038184110339466,0.949698800372573,0.26130518357791527
965,1.8788546677512215,0.4072674116735395,0.949698800372573,0.85182376678925
966,0.6342310714237309,0.12603912112536556,0.9588626753823406,0.2978660792350999
967,1.8701188430953972,0.3903126567233122,0.9588626753823406,0.851563422879058
968,0.6286113341717953,0.13145996018258896,0.9692211054417184,0.2529659817104835
969,1.8622683462539122,0.37346670883543265,0.9692211054417184,0.851615102459638
970,0.6239955386367105,0.1357765994181618,0.9815854740486916,0.21453870475722966
971,1.8553449044555392,0.3568044213013352,0.9815854740486916,0.8499225084157587
972,0.620740002865993,0.13873258155807286,0.9955957548619802,0.16911018221956822
973,1.849292581443619,0.34030668634149436,0.9955957548619802,0.8538885495809305
974,0.6180593958430632,0.14101414476537705,1.0115197704242231,0.200556809436164
975,1.844288353890701,0.32422531322339737,1.0115197704242231,0.8522832124021366
976,0.6155306107050932,0.14325786386781875,1.0277964128498254,0.17456220772913278
977,1.8402587748332175,0.30855623565150686,1.0277964128498254,0.852668906523497
978,0.6123873230398372,0.14625561826442296,1.0434619383654147,0.18526932828246148
979,1.83719616141184,0.29337651564757605,1.0434619383654147,0.8609628771650008
980,0.6081801812911585,0.1503662164451643,1.0588252376242229,0.22474827689155394
981,1.8351944359495445,0.2789265870990668,1.0588252376242229,0.8555285261661739
982,0.6042750708109147,0.15419156090964417,1.0746675345996708,0.1782628934008174
983,1.8342360998607028,0.2653307866403903,1.0746675345996708,0.8584265298376259
984,0.6013617738477662,0.1570033154255113,1.0918631686295266,0.15217926858261355
985,1.8343098440362278,0.2527425275556566,1.0918631686295266,0.8552188690739649
986,0.599622512595152,0.1586580651956837,1.1101292195028016,0.13456792232456632
987,1.8353942777390508,0.24131789009138807,1.1101292195028016,0.8617761122611619
988,0.5987343863585323,0.15949553377758768,1.1295934232922489,0.15560913779271043
989,1.837516015758811,0.23132017028926463,1.1295934232922489,0.8581330563896895
990,0.5988719417256573,0.15938759083203538,1.1500016897944783,0.18671302771866843
991,1.8406472333842319,0.2229323792024423,1.1500016897944783,0.860862526073367
992,0.599394300305681,0.15899708921965028,1.1707675803649022,0.1845174291534185
993,1.8447866581802637,0.2163900323718633,1.1707675803649022,0.860321059126842
994,0.5994605097950965,0.15911520373134377,1.1908330526125146,0.1298516566758993
995,1.8499092639397037,0.21186484738154013,1.1908330526125146,0.8627470193678649
996,0.5986005716542907,0.16015252810341085,1.209846867247577,0.10529546667851879
997,1.8560146512333517,0.20954905015917796,1.209846867247577,0.8711463370508604
998,0.5977402028295298,0.16124807452851272,1.2289536835281538,0.1274038485030764
999,1.8630900120898717,0.209557098682594,1.2289536835281538,0.8630784101984592
1000,0.5981583221220678,0.16112125592151824,1.2485501000284147,0.1343610654845305
1001,1.8710708219526324,0.21180232216588124,1.2485501000284147,0.8707105367835499
1002,0.599325787878844,0.16043109884007775,1.2690053116791038,0.19775284785818528
1003,1.8799663845835053,0.21631855758758622,1.2690053116791038,0.866056446739298
1004,0.6005151311912449,0.15972297023892304,1.2889109484705144,0.13079851368416417
1005,1.8897151907520144,0.22289168986017252,1.2889109484705144,0.8676551922873513
1006,0.6008375175946767,0.15972888192976212,1.3074846650725045,0.06851307564241159
1007,1.9002889089878983,0.23134236633162727,1.3074846650725045,0.8754111314039048
1008,0.5998132695859776,0.16110041050900767,1.3252427433697846,0.1082115959079133
1009,1.9116623349265183,0.24151877931610044,1.3252427433697846,0.8763063450240469
1010,0.597772045165214,0.16338473039621548,1.3418885573604278,0.13401909521239475
1011,1.923781589892247,0.2531575834143051,1.3418885573604278,0.8762749534311617
1012,0.5959419150926965,0.1654565753930325,1.3582699710068966,0.09984696547649914
1013,1.9366055379205742,0.266047956108902,1.3582699710068966,0.878675609178993
1014,0.5952339382463866,0.1665263876888916,1.375119442700306,0.10257013453290785
1015,1.9500908781255542,0.2799957648152753,1.375119442700306,0.881507872869803
1016,0.5945343698036822,0.16759336790509513,1.3915864925364223,0.08356896894260747
1017,1.9641941532531955,0.29482789250968416,1.3915864925364223,0.8828364244188249
1018,0.5940575080621394,0.16846242491342817,1.4077700898346068,0.08550287353608743
1019,1.9788655165837985,0.3103849922226199,1.4077700898346068,0.8860118609070474
1020,0.5946849579443022,0.1683529832549703,1.4242667270820453,0.11329611167352252
1021,1.9940586264972615,0.3265336001874288,1.4242667270820453,0.8840168714189135
1022,0.5963967258091867,0.1672831089292573,1.4409766313551937,0.15105530026839337
1023,2.0097203430893127,0.3431504368323728,1.4409766313551937,0.8889091258201949
1024,0.5991206242487348,0.16537881163992477,1.4579676648026192,0.19780295886190977
1025,2.0258021074800414,0.3601350892610125,1.4579676648026192,0.8841536966371307
1026,0.6029062226761016,0.16251010608238098,1.4749622071441182,0.23957225348006495
1027,2.042264617729717,0.3774127606797833,1.4749622071441182,0.8886662644443195
1028,0.6075982561799684,0.159017099953993,1.4922946411621723,0.28884772279962506
1029,2.0590427737197987,0.39488724707388734,1.4922946411621723,0.8849954934909765
1030,0.6132404787546235,0.1546819652263381,1.5094702743245842,0.3246257813049419
1031,2.076102142897008,0.4125105721025752,1.5094702743245842,0.8854462091978003
1032,0.6197638838541046,0.1496278256436779,1.526593785986073,0.3648562879099159
1033,2.093423458461732,0.4302589995393093,1.526593785986073,0.8873793262002987
1034,0.6271107564963854,0.14418334369186075,1.5439855489703405,0.4096839022670389
1035,2.1108873636691325,0.4479957146465868,1.5439855489703405,0.8900733990828248
1036,0.6351062514062296,0.13847352289206732,1.5613675756166554,0.43550795428612543
1037,2.1284741658215354,0.4657092607077138,1.5613675756166554,0.8856862864264328
1038,0.6425320419695366,0.13344691438457412,1.5778248974663809,0.3601223544945782
1039,2.1461412659021657,0.48336380459930983,1.5778248974663809,0.8868113913411465
1040,0.6485484519560671,0.1297651391018321,1.592871713242621,0.28915632169561634
1041,2.163844329505488,0.5009242514324388,1.592871713242621,0.8866443252570863
1042,0.6544580221614348,0.1263688105953008,1.6072911065237305,0.33923211545556636
1043,2.181535488087172,0.5183538736509875,1.6072911065237305,0.8832595218022323
1044,0.6600123269341331,0.12321099837505742,1.620679843483817,0.26086765924310623
1045,2.19922648522,0.535682131276311,1.620679843483817,0.8853383587063127
1046,0.6642289413342286,0.12144044679813414,1.6328818140884072,0.20379207996063492
1047,2.2167641889655063,0.5527614477381116,1.6328818140884072,0.8838351568704317
1048,0.6684076965975009,0.11982103094031125,1.6444130528376573,0.25646370746673036
1049,2.234159332305764,0.5696233358616689,1.6444130528376573,0.8825734960298977
1050,0.6725954763475886,0.11827673228600326,1.655231071971087,0.2136809892617457
1051,2.2513554441410824,0.5862272818548943,1.655231071971087,0.8789514539974898
1052,0.6756858484210898,0.11740628960270948,1.664549610125883,0.14946643720737532
1053,2.268366057621763,0.6026060504616154,1.664549610125883,0.8783816690929063
1054,0.6775206170999027,0.1175363308906522,1.6724900360770243,0.116257601495336
1055,2.2850909073372017,0.6186741270745547,1.6724900360770243,0.8780894329874763
1056,0.6782241275871215,0.11879141302183278,1.6793234372898442,0.12671880604672403
1057,2.3014653774260982,0.6343842721386034,1.6793234372898442,0.8744434664708606
1058,0.6777783678058804,0.12086546388829601,1.6847414280267181,0.1353174299940994
1059,2.317478783822558,0.6497442039479552,1.6847414280267181,0.8714933640422788
1060,0.6761641426904681,0.12358971714123769,1.6885905514097304,0.15201759145527827
1061,2.3331510140056615,0.6647913421463801,1.6885905514097304,0.8705290731990851
1062,0.6747275220662757,0.12617995303199622,1.6917415876603286,0.10949144483339164
1063,2.34837358256244,0.6794329455026366,1.6917415876603286,0.8693840360192099
1064,0.6744966986152875,0.12790140454545326,1.6947884436150484,0.09785617965872485
1065,2.3630981189138573,0.6936370319381133,1.6947884436150484,0.8650267310975062
1066,0.6752383035094417,0.12849370967862275,1.6972586394190525,0.07447560473224539
1067,2.377342979571893,0.7074376067062744,1.6972586394190525,0.8632311525014786
1068,0.6770532053939251,0.128229615801796,1.699517300855537,0.12007805637160114
1069,2.391041600269093,0.7207828562550544,1.699517300855537,0.859784949024595
1070,0.6797342895180296,0.12694998978829264,1.7012106172782948,0.15524512594583195
1071,2.4042056314144924,0.7336983332575884,1.7012106172782948,0.8579401008977638
1072,0.6834089341251123,0.12491737384944648,1.7026939822763834,0.20627971248290908
1073,2.4167503127288437,0.746112564669617,1.7026939822763834,0.8547694591359072
1074,0.6879298059513927,0.12206616022402059,1.7037503841222386,0.24631572887210584
1075,2.428671173956936,0.7580332624231861,1.7037503841222386,0.8510188196034064
1076,0.6932461846351198,0.11845515284413641,1.7043684223185018,0.29397774628889534
1077,2.4399416157834573,0.7694451209374047,1.7043684223185018,0.8474876447809206
1078,0.6993190508477588,0.11416160596225494,1.704557725646713,0.3327488829203541
1079,2.4505388958732586,0.7803357360783904,1.704557725646713,0.8440613352864842
1080,0.7061250280059931,0.10928711344181286,1.7043512094281201,0.3789856803613778
1081,2.4604423974385417,0.7906938903992223,1.7043512094281201,0.8406513273002703
1082,0.7130925997366712,0.10439051171913624,1.7035277499877395,0.360201177995078
1083,2.469629375574094,0.8005052302306678,1.7035277499877395,0.8371073718884323
1084,0.7203341443062135,0.09946205102901302,1.7021713472821451,0.4055157213843477
1085,2.4780780746055164,0.8097553367695096,1.7021713472821451,0.8334460913605932
1086,0.7280981149290022,0.0942744032417252,1.700330120126957,0.42784450108168476
1087,2.4857687419905363,0.8184307156788575,1.700330120126957,0.8296900463372368
1088,0.7363806356936965,0.08896574637410082,1.6980271859238674,0.47167738905789747
1089,2.4926836861919863,0.8265188309634647,1.6980271859238674,0.8258611503413182
1090,0.7445447132152911,0.08429923294516721,1.6951142523832865,0.4269076577341626
1091,2.4988072943193056,0.8340081016314643,1.6951142523832865,0.8219803761337993
1092,0.7517450116196452,0.08103399913260197,1.6913481931484777,0.35263507033538966
1093,2.5041260463469426,0.8408878978145001,1.6913481931484777,0.818067720040015
1094,0.7587764113654161,0.07843944410309661,1.6869563060037258,0.39310522768811884
1095,2.5086285276192686,0.847148537710473,1.6869563060037258,0.8141421786561758
1096,0.7663529811359743,0.07591689955195559,1.6820710134381869,0.42930069170249247
1097,2.5123054399224087,0.8527812853220177,1.6820710134381869,0.8102217281827012
1098,0.774414208114015,0.07369207808047858,1.6766688187441217,0.46565830226247185
1099,2.5151496113150578,0.8577783489273071,1.6766688187441217,0.8063233062442939
1100,0.7829584288763889,0.07209368775980252,1.6708058245749162,0.5042243609303142
1101,2.5171560048766732,0.8621328802359752,1.6708058245749162,0.8024627964493167
1102,0.7919199370272685,0.07139434556292196,1.664448750056682,0.5330444712076959
1103,2.5183217265013242,0.8658389742002682,1.664448750056682,0.798655015952952
1104,0.8012790319745151,0.0719064554979885,1.6576252808246856,0.5690127396231262
1105,2.518646031836421,0.868891669468197,1.6576252808246856,0.7949137062792587
1106,0.8110138379833138,0.07388066742096931,1.6503575055149458,0.5963812627800142
1107,2.5181303324371047,0.8712869494816828,1.6503575055149458,0.7912515276409712
1108,0.8210911251516448,0.07745289215175422,1.6426514130244052,0.6267018455273803
1109,2.5167782011788624,0.8730217442387774,1.6426514130244052,0.7876800569731175
1110,0.8314407940916063,0.0825998629084303,1.6344560607083973,0.6552805495966226
1111,2.5146061839869547,0.8741106420273309,1.6344560607083973,0.7848877709606318
1112,0.8420798712243857,0.0893069801193602,1.6258332395143444,0.6825046113199758
1113,2.5116183205355314,0.8745504736563513,1.6258332395143444,0.7827787149854495
1114,0.8529811005322734,0.09744101141852383,1.6167857141685482,0.7071380336049161
1115,2.5078221418983073,0.8743417966534442,1.6167857141685482,0.7830325722477268
1116,0.8641685710293248,0.10689688703787507,1.6073887160343414,0.7312283720157295
1117,2.503219800078274,0.8734717582516457,1.6073887160343414,0.7833343499354718
1118,0.8756425104445049,0.11753702995708926,1.5976709599656127,0.7572258582543736
1119,2.497826284395915,0.871946941926725,1.5976709599656127,0.7775435994743999
1120,0.8869213801865022,0.1287603426176406,1.5870631586806028,0.7709670959377316
1121,2.4916700909557137,0.8698174161016015,1.5870631586806028,0.7806647881494484
1122,0.8987505688615273,0.14121384108663537,1.5765512005084321,0.8080565526835023
1123,2.4847340704604846,0.8669945812932585,1.5765512005084321,0.7816441807551755
1124,0.9102005931651549,0.15372480426724047,1.5658505852848288,0.7165237375601908
1125,2.477054803800251,0.8635343956451873,1.5658505852848288,0.7794865206289623
1126,0.9213376277198025,0.16621342900067887,1.554893279113966,0.7399584052835954
1127,2.4686504165604615,0.8594372742243938,1.554893279113966,0.777851903624798
1128,0.9322531054328675,0.17888189124517478,1.5431270575353997,0.7546829424886051
1129,2.4595381137547614,0.8547322676204865,1.5431270575353997,0.7833434814340199
1130,0.9436241606596635,0.19233437113901297,1.5313904153819642,0.7829631750057536
1131,2.4497458384694224,0.8493846194067062,1.5313904153819642,0.7805410045798631
1132,0.9548748391188552,0.20604010166217035,1.519053898652596,0.8032882068767844
1133,2.43929377770651,0.843431096081592,1.519053898652596,0.7846695260748803
1134,0.966360818385341,0.2203044837881463,1.506547908655451,0.823985685375395
1135,2.4282146979028445,0.8368695487711239,1.506547908655451,0.7865575613221997
1136,0.9777490208356483,0.2346708447083384,1.4938226827438132,0.8018864826828582
1137,2.4165327975245883,0.8297178004552823,1.4938226827438132,0.7878507426941597
1138,0.9890659914722891,0.24916594101044506,1.4808754408077065,0.8316395224334534
1139,2.4042775112347807,0.8219862940451228,1.4808754408077065,0.7884015448333106
1140,0.9997840267979268,0.263012706476207,1.467675712828922,0.7345121471278415
1141,2.3914625552809565,0.8136910010561993,1.467675712828922,0.7947738932703841
1142,1.0102458676461314,0.2761060705522822,1.4552347826898488,0.6652602934352999
1143,2.378150138530713,0.8048336244956416,1.4552347826898488,0.7955756301051868
1144,1.0204635771321737,0.28889320855646344,1.4427921739377503,0.6992701448939311
1145,2.3643608337678,0.7954328635656297,1.4427921739377503,0.7983951384888388
1146,1.0303222831436933,0.301181472365502,1.4303907394285615,0.6196192595638963
1147,2.3501263646774015,0.7855021202947415,1.4303907394285615,0.8015453742537836
1148,1.039624952858618,0.3124184301776978,1.4184432196005186,0.5467091618300242
1149,2.3354812524096706,0.7750544661433566,1.4184432196005186,0.8036763398709899
1150,1.048681407328945,0.3233539320724763,1.4065216970432066,0.5833516551358359
1151,2.3204609635272426,0.7641031229071569,1.4065216970432066,0.8050041203959876
1152,1.0570349191326203,0.33350256562753994,1.3942790426610474,0.4977458183525717
1153,2.3050444147551934,0.75264868034251,1.3942790426610474,0.811739958077835
1154,1.0653811493229022,0.34309081743809144,1.3831528859277924,0.45723028553821676
1155,2.2893831044431794,0.7407276298821017,1.3831528859277924,0.8123882174723321
1156,1.073348983332639,0.35229115012534457,1.3719626936631608,0.4662998995214276
1157,2.2734369915949335,0.7283378397974987,1.3719626936631608,0.8178300710230452
1158,1.0813440887529757,0.36184703772999877,1.3605826251068898,0.5033795231863006
1159,2.2572865725138302,0.7155053463677908,1.3605826251068898,0.8244788986578477
1160,1.0891365599359801,0.3710722959883924,1.349553041210608,0.4551129262912722
1161,2.2409538843461294,0.7022402213138962,1.349553041210608,0.8218428883003119
1162,1.0961757714602727,0.37909954686848324,1.3389110260496577,0.38487073983061565
1163,2.224397893269287,0.6885245121407133,1.3389110260496577,0.8311227273966284
1164,1.1032876400881972,0.3866914136910295,1.3296229684075018,0.3573553872593596
1165,2.207826752409213,0.6744384585498926,1.3296229684075018,0.8283231194474308
1166,1.1098240322100619,0.3937575212302611,1.3202620257744675,0.35754419457904735
1167,2.1911641230317715,0.6599511258820268,1.3202620257744675,0.833576254077527
1168,1.1164648662750545,0.40128707795235824,1.3109851933811116,0.3786140973527113
1169,2.1745683422258715,0.6451320093583843,1.3109851933811116,0.8348760260927218
1170,1.1229229435068946,0.40900446863146583,1.301531220158566,0.40222288563629127
1171,2.1580360236860847,0.6299807416149042,1.301531220158566,0.8357837899672214
1172,1.1288936297471508,0.4166197107673352,1.2916225967315285,0.4290867798348572
1173,2.1415485906947933,0.6144834005422911,1.2916225967315285,0.839459327825924
1174,1.1347051657369467,0.4241152785200203,1.2821494459278102,0.3918082318777962
1175,2.1252103441676993,0.5986891376813148,1.2821494459278102,0.8447274822628911
1176,1.1406196792127294,0.43132383666958724,1.274096822721827,0.3435680820699615
1177,2.1091308661938606,0.5826570730027878,1.274096822721827,0.8428974004667876
1178,1.1461643017218939,0.43816227696735505,1.266498858526286,0.3707587380092549
1179,2.093310897376504,0.5663865613503452,1.266498858526286,0.8464153238709149
1180,1.1515941912371912,0.44515069982158445,1.259119478052981,0.3863380243375078
1181,2.077804556068371,0.5499074647622105,1.259119478052981,0.8460621036955098
1182,1.1567652640255734,0.45169373409974267,1.2526574592907815,0.32120240018864643
1183,2.062661089294582,0.5332484172729326,1.2526574592907815,0.8475820949555706
1184,1.161820115952105,0.4581028099413718,1.2469734818241949,0.36003383084175566
1185,2.0479489354162,0.5164537369656264,1.2469734818241949,0.8474246099507826
1186,1.1664991161647482,0.4640440615243995,1.2420160174992596,0.28661111084446833
1187,2.033657606700167,0.49951367595127094,1.2420160174992596,0.8489353025232856
1188,1.1709207507477843,0.46972219308560176,1.2377766344173142,0.3257127051415014
1189,2.019868314561445,0.4824855176825793,1.2377766344173142,0.8506225410493808
1190,1.1752243693841924,0.47565885920630174,1.2337250724938462,0.34712851200720546
1191,2.0066749124239687,0.46544506739760005,1.2337250724938462,0.8511235882685242
1192,1.1792112659272647,0.48165738517550716,1.2297076697678464,0.3840256548985274
1193,1.9940756246109346,0.448398326182774,1.2297076697678464,0.8568436172978295
1194,1.1833831099617604,0.4880078182382519,1.226447026130233,0.37853500655601585
1195,1.9821772436863005,0.4314467000093598,1.226447026130233,0.8558916220897453
1196,1.1873112759965792,0.49433321656121143,1.2235848044449213,0.4089111840919774
1197,1.9709958214561887,0.4146242988873749,1.2235848044449213,0.8523045349935029
1198,1.190652992742,0.5004568284089642,1.220604410813206,0.43327727612588296
1199,1.9605102205422176,0.3979337625005396,1.220604410813206,0.8569196491376521
1200,1.1941617119891126,0.5071054647797086,1.218053883393955,0.4741536491628522
1201,1.950890419408534,0.3815705159490703,1.218053883393955,0.8561307438077946
1202,1.1974823788653841,0.5139359673800019,1.2156761800067877,0.5075897680973251
1203,1.9421148764410987,0.3655628720351314,1.2156761800067877,0.8540228691810507
1204,1.2003631822641145,0.5207064763875165,1.2133143475051138,0.5332798343237659
1205,1.9341914644565446,0.3499752707663957,1.2133143475051138,0.8549678255907869
1206,1.2030967164014905,0.5277010361717198,1.2111552279894302,0.5687511832664948
1207,1.9271886193277652,0.33495282841040286,1.2111552279894302,0.8580621683402007
1208,1.2058965051934898,0.5350460659591588,1.2092988207660762,0.6026098837704044
1209,1.9211273200281944,0.32060865499766444,1.2092988207660762,0.8584610251941336
1210,1.2085755256886468,0.5252045269871374,1.2076322967185593,0.6330907188312954
1211,1.9160401514117316,0.30708826016024254,1.2076322967185593,0.856749292400117
1212,1.211064870544046,0.5153208808738121,1.2061033825599246,0.662503588993648
1213,1.9119397909071392,0.2945325545581324,1.2061033825599246,0.8573414431779857
1214,1.2134607481231374,0.505386636693886,1.2047458900982002,0.6915629933903873
1215,1.9088348534172295,0.28309418523489005,1.2047458900982002,0.861850490555506
1216,1.215869611611956,0.49538477642900974,1.2036000426261417,0.7205957193106578
1217,1.9067574833896082,0.27297317489243755,1.2036000426261417,0.8585941720869261
1218,1.2181051184287666,0.48556320696856675,1.2025498538654025,0.7513563176973304
1219,1.9056991674082155,0.26432498346695216,1.2025498538654025,0.8579297506178151
1220,1.2202929987982527,0.47652944397876174,1.202677644527899,0.6633717248609176
1221,1.9056725299358892,0.2573353632265918,1.202677644527899,0.8582273813490171
1222,1.2223202446354735,0.4688248517891889,1.204755874365644,0.5771770391041923
1223,1.906634948176193,0.25210076567073414,1.204755874365644,0.86137014597501
1224,1.2246622635780424,0.46155348443002453,1.2083911980081783,0.5601481103143461
1225,1.9086579314409908,0.24886148829306606,1.2083911980081783,0.8665180809669403
1226,1.2272108654453875,0.4542461163547564,1.2125079657393252,0.5986887811008887
1227,1.9117233394944022,0.2476908496418318,1.2125079657393252,0.8609994743174849
1228,1.2292693656549212,0.44742102867404643,1.21639787537703,0.6241054192348036
1229,1.9157655404120677,0.24854997013970823,1.21639787537703,0.862469126970983
1230,1.230695316203809,0.4413242356651257,1.2200435685590856,0.6449462938098444
1231,1.920750728388952,0.2514048296180806,1.2200435685590856,0.8696552505915843
1232,1.2325539206334155,0.4349880252489024,1.2237334103830328,0.6816402593263716
1233,1.926779077708976,0.2563381919327362,1.2237334103830328,0.8704863579731988
1234,1.234473136960973,0.42886959220918086,1.2273151489757947,0.7111042735447453
1235,1.933763875961596,0.26314455210857907,1.2273151489757947,0.867356369810576
1236,1.2357366716941982,0.42379952123555253,1.230606123785385,0.7309703714932936
1237,1.9416419012916295,0.27164280822555353,1.230606123785385,0.8726819577696221
1238,1.2372194674465764,0.41898595110090403,1.2337715845504535,0.7634033072391853
1239,1.9504352495059054,0.28170927352792186,1.2337715845504535,0.8734336885578902
1240,1.2388578377783934,0.41479630091621905,1.2379306541101027,0.6786108864980869
1241,1.9600876759841466,0.2931459322324139,1.2379306541101027,0.8743504194616674
1242,1.2403124713918605,0.4114685662876658,1.2427418867535829,0.7019692091690564
1243,1.97056394774372,0.30578319626091255,1.2427418867535829,0.8767579630961475
1244,1.2414068010421728,0.40905843584059537,1.247205374804797,0.724948161108867
1245,1.9818310861290822,0.31946287197236994,1.247205374804797,0.8832569212772305
1246,1.2428476098226218,0.4069382840304838,1.2513824679490781,0.762430320692655
1247,1.993848207016757,0.33401221034925466,1.2513824679490781,0.8802429838481857
1248,1.244256762581401,0.40555432021179055,1.256409766681284,0.6758109129086064
1249,2.006576865954671,0.3493179145042877,1.256409766681284,0.8899105760624234
1250,1.2462948232521687,0.4040937155526623,1.2632646224050894,0.599224293972394
1251,2.019972541427008,0.36524381100317094,1.2632646224050894,0.8845141159185331
1252,1.248108531162725,0.4033358132972677,1.270559384563202,0.6224263358855723
1253,2.033995993216687,0.381691772400174,1.270559384563202,0.8917305249061808
1254,1.2498099045553943,0.403278051579768,1.2772694604500812,0.6543215132843557
1255,2.048591452413896,0.3985418016326962,1.2772694604500812,0.8886479918177234
1256,1.2511748825565798,0.4042025490257339,1.28336471220677,0.6810911045286253
1257,2.06371453436994,0.4157151865743922,1.28336471220677,0.8923330882211152
1258,1.2523496515863632,0.40603258991642155,1.288850108034313,0.7146406861559593
1259,2.0793166812266484,0.43313475765923054,1.288850108034313,0.8904604530892568
1260,1.2535975444253582,0.4082274306301846,1.2949480444030426,0.6294348132898551
1261,2.0953489456179413,0.4507321701058017,1.2949480444030426,0.8898697344438905
1262,1.255238189227611,0.4100992305427077,1.3026104451742437,0.5612986934690447
1263,2.111760555282433,0.4684441747178257,1.3026104451742437,0.8905730452020237
1264,1.2572909040223958,0.4114884939032661,1.3117492250542742,0.4847669449564307
1265,2.1285025403936397,0.48621695079148475,1.3117492250542742,0.8898051244190976
1266,1.2596681180804201,0.41235643341125866,1.3222608674493472,0.41270747995006957
1267,2.1455203114515187,0.5039941217873124,1.3222608674493472,0.8912896726851013
1268,1.2620143759176963,0.41341871962654964,1.33282710301215,0.4483794018677233
1269,2.162775022158586,0.521745349557726,1.33282710301215,0.8911104697534299
1270,1.263922275743603,0.41542114128158436,1.342386194571021,0.47752225240448837
1271,2.1802124061141193,0.5394221361518705,1.342386194571021,0.8897605332234664
1272,1.2653980365672057,0.4183821823913258,1.3509465273700738,0.5091056589421008
1273,2.1977898717730167,0.5569942116277071,1.3509465273700738,0.8872815647320197
1274,1.2664405378353862,0.42231995845319387,1.3585117725660891,0.5348766794088188
1275,2.2154623089515297,0.574429742801153,1.3585117725660891,0.8861931055613278
1276,1.266976178732882,0.427291971680508,1.3650900291223333,0.5652355938009033
1277,2.2331876147890477,0.5917020184901937,1.3650900291223333,0.8861366618078991
1278,1.2673156501659988,0.4331042878168939,1.3706477102279973,0.6045462157979095
1279,2.2508939068480083,0.6087511695325024,1.3706477102279973,0.8846405835324332
1280,1.2677744184877264,0.4388253142031189,1.3764524579021549,0.5249682338472944
1281,2.268546891515559,0.625563208325125,1.3764524579021549,0.882557880945153
1282,1.2686955992111917,0.4435824421921884,1.3834743721617198,0.46075514092426084
1283,2.286103010553195,0.6421135125939333,1.3834743721617198,0.8822048449738986
1284,1.270183034017011,0.4472760828966903,1.3916114874979284,0.3866931394538686
1285,2.3035063668517415,0.6583644472946473,1.3916114874979284,0.8817440036551085
1286,1.2716770078194648,0.4510213073507675,1.3995336140864578,0.4312342787738089
1287,2.320717871705487,0.6742974242589846,1.3995336140864578,0.8769827121364444
1288,1.273000456480334,0.4547134536282318,1.407501143944946,0.3567997980235996
1289,2.3377191392635104,0.6899154189482062,1.407501143944946,0.8764044105203896
1290,1.2750707852990026,0.4572042150558374,1.4163867385313864,0.3212688291570315
1291,2.354416552147802,0.7051417455443904,1.4163867385313864,0.8741463858174064
1292,1.277641630943804,0.45860655233242514,1.4261561069230744,0.2667878613362072
1293,2.3707874324639935,0.719975187466759,1.4261561069230744,0.8705722386587291
1294,1.28061906566819,0.45895951223193165,1.4367684947978545,0.24664125191596784
1295,2.386810611425002,0.7344147305710473,1.4367684947978545,0.8689607725065395
1296,1.2841880122919846,0.4582165466156397,1.4481035114823735,0.22184554169775614
1297,2.4024252722430006,0.7484181802770425,1.4481035114823735,0.8652098273033507
1298,1.2881050937075913,0.45646794495804494,1.4601651727808627,0.226093604571413
1299,2.417625422883463,0.7619984564463012,1.4601651727808627,0.8633542477875525
1300,1.2925761476928335,0.4536776059490668,1.4728186048201617,0.22894196993407007
1301,2.432339304357619,0.775101631277195,1.4728186048201617,0.8620774727877764
1302,1.296950308085215,0.4510996460084942,1.484744671990343,0.2177120570645281
1303,2.4465389766869303,0.7877173591670001,1.484744671990343,0.8566115213655646
1304,1.3002997813013453,0.4497831583199733,1.4950319893714283,0.18222718362874787
1305,2.460220458091691,0.799857833226703,1.4950319893714283,0.8539905897034362
1306,1.302790856629798,0.4496515693952642,1.5036421506445237,0.1703652440089766
1307,2.473323788642892,0.8114792676202196,1.5036421506445237,0.8517881073110035
1308,1.3045489650994326,0.4506572892304528,1.510552785792394,0.17680943731579601
1309,2.485811576925235,0.8225595273734191,1.510552785792394,0.8476766090848556
1310,1.3054909236414833,0.4527687921091544,1.5158207294577424,0.2067935214529345
1311,2.4976658338125173,0.8330944860397258,1.5158207294577424,0.843663828416341
1312,1.3056022337070183,0.4559407878136527,1.519479261380812,0.23087829878256474
1313,2.5088613735194594,0.8430720023686163,1.519479261380812,0.8400788218617872
1314,1.3049460691533994,0.46013138035088175,1.5215355084121072,0.27317936430421563
1315,2.519377718491049,0.8524835456834745,1.5215355084121072,0.8366017060929004
1316,1.3034701228860457,0.46528799282974304,1.522039109840055,0.3037460472578476
1317,2.529190834135002,0.861316189666705,1.522039109840055,0.8330141640251463
1318,1.301239508750684,0.47137072879747083,1.520990816779699,0.33971121768392476
1319,2.5382772734152264,0.8695566282612543,1.520990816779699,0.8293291026392774
1320,1.2982936130133922,0.478343616404796,1.5183986032866004,0.38380964907355963
1321,2.5466155859020954,0.8771925142219154,1.5183986032866004,0.8255679705859961
1322,1.2945994088924149,0.4861512212608066,1.51430959881016,0.4140571439555215
1323,2.554186393936253,0.8842125075505562,1.51430959881016,0.8217516612841966
1324,1.2901769633723459,0.49474893334225467,1.5087472184894108,0.4560797373674423
1325,2.5609724130356293,0.8906062734572748,1.5087472184894108,0.8179001187848094
1326,1.2850657964737011,0.50410353470951,1.5017219074372186,0.4838459120601557
1327,2.5669584679334307,0.8963644792422483,1.5017219074372186,0.8140322999690656
1328,1.2792660685670032,0.5141670983735012,1.4932695545752848,0.5167078804051894
1329,2.572131506573361,0.9014787919962016,1.4932695545752848,0.8101661533524098
1330,1.2728270994711066,0.5249104417401108,1.4834010359200365,0.5503317248282203
1331,2.5764806123963604,0.9059418771434745,1.4834010359200365,0.8063186009103757
1332,1.2657279029721686,0.5362807647647075,1.4721646357444504,0.5879632889574956
1333,2.5799970151398344,0.9097473977943559,1.4721646357444504,0.8025055226249345
1334,1.2586141930882495,0.547587101503606,1.460217958274165,0.5555601363171695
1335,2.582674100333522,0.9128900148877356,1.460217958274165,0.7987417439867252
1336,1.2524496155853875,0.557801188699539,1.4485597956636955,0.4789614760950744
1337,2.5845074176438994,0.9153653881219644,1.4485597956636955,0.7950410267011317
1338,1.2475809607564845,0.5665820073972391,1.4375386816563893,0.41523595163992494
1339,2.585494688188185,0.9171701776887089,1.4375386816563893,0.7914160628314559
1340,1.2439640595570394,0.5739988275955209,1.4271130484300587,0.35389170903517664
1341,2.585635810909052,0.9183020468415846,1.4271130484300587,0.7878784725906192
1342,1.2415639155122031,0.5801180079336089,1.417247836075421,0.3014895514730483
1343,2.58493420588275,0.9187612177735216,1.417247836075421,0.7845064659638782
1344,1.2403437463996447,0.5798966363161109,1.407897145075335,0.245402879634514
1345,2.5833939029499025,0.9185472820808552,1.407897145075335,0.7814197800308633
1346,1.2402689733728602,0.575394738837307,1.399019611559329,0.2105310493735563
1347,2.5810219339708467,0.9176619409486683,1.399019611559329,0.7783541441202514
1348,1.2401091730226894,0.5710618252022641,1.3895866687658867,0.2199048473488415
1349,2.5778336999591103,0.916116761684795,1.3895866687658867,0.776375918241808
1350,1.2389208533573528,0.5663874243252932,1.3787449991574101,0.24225392536374168
1351,2.57383370461017,0.9139086766934533,1.3787449991574101,0.7741625895288726
1352,1.2366793752881107,0.5616456724900003,1.36669058483184,0.2596431089645254
1353,2.569041049033036,0.911055234320339,1.36669058483184,0.7748239204458168
1354,1.233517929610805,0.556458703228382,1.3531566194367746,0.3007711178382898
1355,2.5634471401924626,0.907527092984776,1.3531566194367746,0.7754514787849693
1356,1.2294010621321043,0.5511319111795079,1.3383621069517586,0.3279752643363771
1357,2.5570774747664564,0.9033451292821457,1.3383621069517586,0.7708635978301327
1358,1.2243105130988776,0.5461365006708953,1.3226421743415695,0.3491860776435507
1359,2.5499565339841985,0.8985470401946265,1.3226421743415695,0.7750652664465473
1360,1.218386926833474,0.5406960430359032,1.3054479504535437,0.39247914805742284
1361,2.5420819638553134,0.8930778320321852,1.3054479504535437,0.7766822154817724
1362,1.2115972235109398,0.5352763840866966,1.2871094538242225,0.4369728377615538
1363,2.5334857296188167,0.8869804154030309,1.2871094538242225,0.7801140246390149
1364,1.205219462645751,0.5300880205827396,1.2684996656031058,0.3681662649106709
1365,2.5241907202481912,0.8802568610494306,1.2684996656031058,0.7737241210633072
1366,1.2002407605289698,0.5256722769327804,1.2506303742499107,0.2931895753420373
1367,2.5142133980671635,0.872927864006428,1.2506303742499107,0.7772618644635274
1368,1.1953680170269667,0.5211468850316687,1.2321564844700759,0.336733415655633
1369,2.5035919603663856,0.8649910174459456,1.2321564844700759,0.7754319007281751
1370,1.1896091250494394,0.5172959763233907,1.2130491743527245,0.35103864756195496
1371,2.4923093718606384,0.8564723458944149,1.2130491743527245,0.7923777907970886
1372,1.1829234937324613,0.5130365899081959,1.1925462330307652,0.40484197742758843
1373,2.480461724036206,0.8473671880833824,1.1925462330307652,0.7802318419661173
1374,1.1754582240824714,0.5097401906281872,1.1717064096633636,0.4186423973340356
1375,2.4680211323934533,0.8376983482573861,1.1717064096633636,0.7849623190333562
1376,1.1672428108388984,0.5070304165050147,1.1502233444398557,0.4472746430837566
1377,2.4549937499638714,0.8274693221380155,1.1502233444398557,0.7989485359724355
1378,1.1581100742984605,0.5040131248475229,1.1274451132442305,0.5041801776895531
1379,2.441519792979595,0.8167128710087559,1.1274451132442305,0.792593134692687
1380,1.1494782612079733,0.5013419966514646,1.104740785559576,0.42920562854631655
1381,2.4275719085698597,0.8054396030046522,1.104740785559576,0.7961820285387974
1382,1.1423179235571281,0.4986699502853167,1.0825568656624827,0.36499329782019924
1383,2.4131797299008615,0.7936641277442874,1.0825568656624827,0.800523640871023
1384,1.1365391680918935,0.4957874876997947,1.060755240731211,0.3058392094696531
1385,2.3983744427080476,0.7814008169405903,1.060755240731211,0.8046631718721222
1386,1.130872660464953,0.49308675902492705,1.0388363817240656,0.3493967376424577
1387,2.3831930278804143,0.7686661202158391,1.0388363817240656,0.8084923324783889
1388,1.1243603010584622,0.49102484544026315,1.0165298037887842,0.3669118162199445
1389,2.3676774363774795,0.7554791674522271,1.0165298037887842,0.8133112315062322
1390,1.1169979104265904,0.4895271360100392,0.9938222759207948,0.3959490934100291
1391,2.3518865717971282,0.7418683692836838,0.9938222759207948,0.8164898047566588
1392,1.1088436908345172,0.48870464383490236,0.9708571692478147,0.44109069669760975
1393,2.3358444548680986,0.7278459199195974,0.9708571692478147,0.823410708305182
1394,1.0999507588898831,0.4885488857176425,0.9477088592732535,0.46323639429031244
1395,2.319591455905632,0.7134313124287911,0.9477088592732535,0.824611567624945
1396,1.0903804381941444,0.48918122076044546,0.9245747145117622,0.4930425677148869
1397,2.303168005577409,0.698644151088167,0.9245747145117622,0.8253313430377375
1398,1.0801753494145918,0.4907142889460619,0.9016036696506254,0.5214607141028237
1399,2.2865763319158714,0.6834809181016168,0.9016036696506254,0.8303257457384565
1400,1.0692691427067735,0.49295857399433524,0.8787296515769283,0.5548073821703742
1401,2.2699110505763516,0.6679931512583519,0.8787296515769283,0.835004329164933
1402,1.0576960716636874,0.49596015778670055,0.8561272250445237,0.5888082532313202
1403,2.2532313437043188,0.6522144025861295,0.8561272250445237,0.836411164278199
1404,1.0455279531748902,0.49982280235342386,0.8340443017290284,0.6202522068892271
1405,2.2365748004510437,0.6361657177236992,0.8340443017290284,0.8372174819042815
1406,1.0330239923155553,0.5049340542676511,0.8130131591841396,0.6433922059908945
1407,2.219848980952038,0.6197785479096192,0.8130131591841396,0.8446454006072828
1408,1.0197350857825542,0.5105048648582259,0.7924314029552421,0.6775898770544988
1409,2.2033727340766753,0.603266676800352,0.7924314029552421,0.8438603524671281
1410,1.0059704967985097,0.5170099285236635,0.7729755151589232,0.7052330197408614
1411,2.187051863496975,0.5865659202737515,0.7729755151589232,0.8459397825328904
1412,0.9917690395850867,0.5244541721800688,0.7548836104735968,0.7309259488575752
1413,2.1709440563223805,0.5697163485254986,0.7548836104735968,0.847854798981669
1414,0.9772021291203769,0.5328724148699487,0.7384238722070243,0.7536721649057695
1415,2.155067708303233,0.55273051699263,0.7384238722070243,0.8525189324791851
1416,0.9620991574428812,0.5420106922891558,0.723503149419846,0.7839583218587157
1417,2.1395449140757647,0.535704036014995,0.723503149419846,0.854246482012882
1418,0.9465915453090122,0.5519917212690212,0.7105337290454055,0.8077249420815146
1419,2.124393969583875,0.5186571274598584,0.7105337290454055,0.8527829441170859
1420,0.9308631663666846,0.5629517057377277,0.7000046760744753,0.8277648318726107
1421,2.1096397049944415,0.501616667420887,0.7000046760744753,0.855601068385785
1422,0.9147041441391455,0.5746266632639959,0.6917569673841875,0.8526738367421073
1423,2.095400782493613,0.48469422290048286,0.6917569673841875,0.8545714610180106
1424,0.898345500017509,0.5871790029394391,0.6862996200486988,0.8789239467554373
1425,2.081684269262299,0.46791361998737907,0.6862996200486988,0.8553824334703628
1426,0.8827523373819266,0.5993744219983071,0.6831499986369743,0.7873170836749346
1427,2.0685434702099026,0.4513441716719138,0.6831499986369743,0.8567082769297043
1428,0.8685653941305204,0.6101805057030125,0.681639477499663,0.7050507560372214
1429,2.0560578588335434,0.43508886497815624,0.681639477499663,0.8556684552747857
1430,0.8549569216623062,0.6209153777153995,0.6825475389098965,0.7280997960887916
1431,2.044218998080808,0.4191765339076085,0.6825475389098965,0.8564974042955379
1432,0.8409945689984912,0.6324257763075468,0.686214887874466,0.7606094656121852
1433,2.033088307762995,0.40371128871347073,0.686214887874466,0.8576990462272027
1434,0.8272571757278947,0.6418960393909168,0.692120682791944,0.7187222390409841
1435,2.0227418457622854,0.3888260503282621,0.692120682791944,0.8580017343408084
1436,0.8146243929909052,0.6317990152867683,0.6995435297814548,0.6407343232451935
1437,2.0131997446836913,0.3746099481434723,0.6995435297814548,0.8601241499568117
1438,0.8032953994158925,0.6232820945754246,0.7080467360752487,0.5633942518164973
1439,2.0045091867964695,0.36119266067308564,0.7080467360752487,0.8580220965363728
1440,0.7932693623234321,0.6162366874778871,0.717497994367823,0.4938671703402257
1441,1.9966986331255698,0.34869671106066286,0.717497994367823,0.8588010736889553
1442,0.784443887011579,0.6106113260115135,0.7276670594361702,0.4265105764738914
1443,1.9897976818479093,0.33725721842885764,0.7276670594361702,0.8567260798444154
1444,0.7769810115455695,0.606229269578294,0.7385772515927641,0.3597851344307954
1445,1.9837820529449048,0.32695696489092396,0.7385772515927641,0.858831387743116
1446,0.7704690659556556,0.6032055774023002,0.7497534401661892,0.3085867771657707
1447,1.9787777444222847,0.31805701442873624,0.7497534401661892,0.8583109065706183
1448,0.7650548615906946,0.6013854415112152,0.7612244532474928,0.2503918599906169
1449,1.9747577210418847,0.3106442961971697,0.7612244532474928,0.8611339281061071
1450,0.760442495507434,0.600826478029596,0.7726738367078868,0.21755062805564124
1451,1.9717626343908496,0.30487608271039895,0.7726738367078868,0.8660117854647128
1452,0.7558822282903616,0.6002312576854448,0.7851823750494609,0.23914984567554476
1453,1.9697977454839795,0.3008534296308742,0.7851823750494609,0.8621761571519566
1454,0.7508079616018855,0.5985924464333703,0.7996195522674789,0.25977548365020897
1455,1.9688556313145826,0.2986405509685565,0.7996195522674789,0.8580653402535713
1456,0.7456877620169415,0.5957659359377054,0.8161848161149747,0.27440089704057957
1457,1.968859700154702,0.29820494205785847,0.8161848161149747,0.8625754479849432
1458,0.739930601255139,0.5920802695675402,0.8342929617617424,0.31878190108861804
1459,1.9699328604976958,0.29968911750792887,0.8342929617617424,0.8685333660673151
1460,0.7332471153745518,0.5876631997744791,0.8536989455100439,0.36323946352812325
1461,1.9720806715297634,0.30306490323628726,0.8536989455100439,0.8631062681758559
1462,0.7262305183512269,0.5823456277499993,0.8746154171340771,0.39847268923321455
1463,1.975240563410757,0.3082126798457469,0.8746154171340771,0.8630527580351138
1464,0.7191340888036101,0.5760936463958057,0.8970670617664513,0.42614827498406804
1465,1.9793571898060174,0.3150122384627088,0.8970670617664513,0.8657514268432949
1466,0.7119741106733176,0.5689754463841361,0.9208798504256352,0.45309563240136164
1467,1.9844436954634546,0.32337868613351567,0.9208798504256352,0.8689412537836896
1468,0.704688594930258,0.5610820315290903,0.9458594633237113,0.4848534419918044
1469,1.9904995796536986,0.3331953403924276,0.9458594633237113,0.8742829581997322
1470,0.696605675723474,0.5525822739924039,0.9716800499129911,0.5277129386500147
1471,1.9975406828154196,0.34432201793773415,0.9716800499129911,0.8761899186141396
1472,0.6882370218322147,0.5433859672930281,0.9984358653835771,0.5623806548478664
1473,2.0055046899764153,0.35659681820443545,0.9984358653835771,0.8791232788198283
1474,0.6797468853389342,0.533499642320229,1.026088700670667,0.5958572556636286
1475,2.014350361499217,0.3698827178401967,1.026088700670667,0.8755848086429626
1476,0.6716645091265178,0.5228626286496862,1.0546587484062857,0.6183844985580274
1477,2.0240413330911244,0.3840686281466996,1.0546587484062857,0.8816844311409014
1478,0.6632530979025197,0.5116498245128744,1.0838615080436507,0.6536355877499729
1479,2.0345610575602593,0.3990056600315666,1.0838615080436507,0.8845875678603724
1480,0.6549187044775491,0.4998232617250693,1.1137095697374928,0.6831400365709821
1481,2.04586428357359,0.41459399627010396,1.1137095697374928,0.8847880927588206
1482,0.6467862726791973,0.48739838745609876,1.1441300044857714,0.7092587850456548
1483,2.0579127355908975,0.43073178009185104,1.1441300044857714,0.886607064200806
1484,0.6388373388696221,0.4744149336343652,1.1750310156372672,0.7359390407120767
1485,2.070664281191662,0.44731896640766594,1.1750310156372672,0.887204756965675
1486,0.6311695781774291,0.4608930812838978,1.206366607568259,0.7615041166093847
1487,2.084078540618902,0.46428306567668914,1.206366607568259,0.8900709945078654
1488,0.6237767627663315,0.4468703310325636,1.238058767261634,0.7886813607198655
1489,2.0981105329624445,0.481542245700978,1.238058767261634,0.8869985917080124
1490,0.6173528835876505,0.43227710075949466,1.2701446463327684,0.8051049741481385
1491,2.112746452604939,0.4991010918777044,1.2701446463327684,0.897459011708954
1492,0.6107040812785307,0.4173271051526673,1.3023811354720822,0.842403458550315
1493,2.1278864369153383,0.5167635811293959,1.3023811354720822,0.8891058267719766
1494,0.6052209430451304,0.40310629515117724,1.3335807001444522,0.7419826192077195
1495,2.143530348676902,0.5345811807656282,1.3335807001444522,0.8942514387674123
1496,0.5998640972082043,0.39072126472346363,1.362640264696147,0.6698281378343279
1497,2.1595779838670572,0.5524001508116394,1.362640264696147,0.8907645303964911
1498,0.595176813729213,0.3800160993687787,1.3896326473330813,0.5938917808136684
1499,2.176010224054831,0.5702336483359519,1.3896326473330813,0.8920557491980025
1500,0.5906231006641548,0.3709733742515387,1.414598603647786,0.5149258185763177
1501,2.1927632527891103,0.5880139921786776,1.414598603647786,0.8910203910863654
1502,0.5864168406153172,0.3622627274813585,1.4388245061022367,0.5547341072068558
1503,2.209800265834533,0.6057216444856821,1.4388245061022367,0.8924366370293991
1504,0.5826580943475332,0.35341440242195843,1.4627497599641976,0.5300750268417262
1505,2.227081002635862,0.6233306705983568,1.4627497599641976,0.8903292741656105
1506,0.5794035311869132,0.344326782297918,1.4864505629806044,0.5565766565180607
1507,2.2445659171096928,0.6408164771929481,1.4864505629806044,0.8920765844094375
1508,0.5765914327442624,0.33458486895693973,1.510325799716762,0.590923110812592
1509,2.2621827987311898,0.6581126375261546,1.510325799716762,0.8906329800712203
1510,0.5744397802037625,0.3242007440608566,1.5343027076835618,0.6150568374892511
1511,2.279886683776389,0.6751932109720311,1.5343027076835618,0.8918150077116669
1512,0.5729063357357835,0.3132149177239224,1.5583496537779273,0.6443927875694428
1513,2.2976295579496995,0.6920290109601956,1.5583496537779273,0.8868193206657524
1514,0.5722486800231421,0.3016355307088645,1.5824061877945004,0.6761950489734408
1515,2.315391684116589,0.7086251961586445,1.5824061877945004,0.8905654966479091
1516,0.5719870340547457,0.2899637128787519,1.606035716210277,0.6620946158509083
1517,2.3330870253780702,0.7249076930558098,1.606035716210277,0.8869394681095453
1518,0.5723878374639255,0.2781067047803479,1.6292589904076005,0.6868195666315066
1519,2.350680941162492,0.7408655748338489,1.6292589904076005,0.8828122822346556
1520,0.573678247481209,0.26572795580386593,1.65237884457611,0.7117277956313532
1521,2.3681331988546295,0.7564806653167536,1.65237884457611,0.8843884376876772
1522,0.5757122208899939,0.25288420460313704,1.675397571145363,0.74665127805058
1523,2.385387878124514,0.7717174233549868,1.675397571145363,0.8785670816957789
1524,0.5781075702629329,0.24081959604856845,1.697013562640434,0.6643598145193984
1525,2.4024332405274764,0.7865882014251968,1.697013562640434,0.8767147581119393
1526,0.5801478485127589,0.23052669166104117,1.7162624795447412,0.577979904753418
1527,2.4192135127377936,0.8010568035951146,1.7162624795447412,0.8765428451433817
1528,0.5813803739749563,0.2219904654305608,1.7333001221556406,0.5234427584067962
1529,2.4356434500314483,0.8150575236364298,1.7333001221556406,0.872118065230543
1530,0.5820436791375041,0.21510589973649502,1.7480893488876046,0.4500255866720932
1531,2.451717668647598,0.8286080683289414,1.7480893488876046,0.8694275998600509
1532,0.5821352893449908,0.20979489680143484,1.760663737096221,0.38283091706798933
1533,2.4674198630608264,0.8417125845095303,1.760663737096221,0.8688052007137882
1534,0.5813804253099155,0.20602804194936575,1.7711500515939782,0.35389213189784885
1535,2.482665446568572,0.8543060537152302,1.7711500515939782,0.8639634226123916
1536,0.5800497168963185,0.20368134854579695,1.7794734979068643,0.29841077347604994
1537,2.497472894336598,0.8664259469155118,1.7794734979068643,0.8636826376448985
1538,0.5778242728154932,0.20274079589394467,1.785808180502949,0.26376032077017963
1539,2.511746662830318,0.8779963878210217,1.785808180502949,0.8583381116652512
1540,0.5759102783777659,0.20185229034685992,1.791224213748904,0.2801672941904966
1541,2.525491725333196,0.889039617010343,1.791224213748904,0.8557558449355367
1542,0.5749586860867546,0.20003752195447008,1.7967298690913853,0.2994904830655566
1543,2.5386553046063214,0.8995208381029935,1.7967298690913853,0.8525439959346061
1544,0.5745752263131441,0.19784160262087305,1.8018003222716716,0.2844535933702694
1545,2.5512178685450824,0.9094365140761592,1.8018003222716716,0.848677014601892
1546,0.5738325101963784,0.1964013197837285,1.8053490506964003,0.24108921505211797
1547,2.563148876066181,0.9187716733558763,1.8053490506964003,0.8452355149493439
1548,0.5732284247001017,0.19503852019424392,1.808058350877071,0.2733035671611961
1549,2.574430787316548,0.9275226537306717,1.808058350877071,0.8421280553509198
1550,0.5728670174632692,0.19365078341692898,1.8099775505374063,0.2388304808320635
1551,2.5850380604578858,0.9356773671821536,1.8099775505374063,0.8384638625026514
1552,0.5717802156948395,0.19329506411837594,1.8101780867744874,0.21905924118081946
1553,2.5949466099079723,0.9432242795355804,1.8101780867744874,0.8351007720744319
1554,0.5697312161456741,0.1941820009303709,1.8084771728313693,0.2067675126056477
1555,2.604130730990253,0.9501495947385256,1.8084771728313693,0.8314644592078062
1556,0.567899742964198,0.1950079026745677,1.8059647576642626,0.18670326909393295
1557,2.6125696313089635,0.9564432530522691,1.8059647576642626,0.8285049409909501
1558,0.5671792357116834,0.1947789696870108,1.8035618858371503,0.19351012233623122
1559,2.620233005253181,0.9620857281559972,1.8035618858371503,0.8238204205538218
1560,0.5675999387046479,0.19351576839347023,1.801149711719014,0.20302206925617533
1561,2.627109507821944,0.9670739716918613,1.801149711719014,0.8200294359346241
1562,0.5690989609110497,0.19126679469404212,1.798766918050976,0.23147041492811074
1563,2.633183294061475,0.9713999387732181,1.798766918050976,0.8161054334756602
1564,0.5716478352140434,0.18806891056063754,1.7964019623306713,0.2663999516658418
1565,2.6384445669111027,0.9750601913235067,1.7964019623306713,0.8123069171020091
1566,0.5752303872008184,0.1839541770702973,1.7939984421849267,0.2925093371793917
1567,2.6428836115044887,0.9780504707657843,1.7939984421849267,0.8085800285769401
1568,0.5798024016627551,0.17896250413399073,1.791584708724006,0.3327948723178451
1569,2.646491465644941,0.9803663088561378,1.791584708724006,0.8048720450549017
1570,0.5853388368314029,0.17312688467038784,1.7891201245766346,0.3617475776625869
1571,2.649261018625286,0.9820040199292203,1.7891201245766346,0.8011956303669014
1572,0.5918038852023337,0.16648308666426337,1.7865989896975198,0.39636536395049166
1573,2.6511873342705785,0.982960989286143,1.7865989896975198,0.7975651203138282
1574,0.5991611080926557,0.15906720886077336,1.7840601806261553,0.4362599241582932
1575,2.6522681055962583,0.9832360916624656,1.7840601806261553,0.794010125206047
1576,0.6073792161467121,0.15091282285264135,1.7814338854698222,0.4743447169482657
1577,2.652504938921707,0.982830912640472,1.7814338854698222,0.79067079867516
1578,0.6156338806012099,0.14284343785860512,1.7782109016571737,0.4362840729897359
1579,2.651897308298746,0.981744129681699,1.7782109016571737,0.7875312308712841
1580,0.6228177778754632,0.1359667798584044,1.77367019288695,0.36699185698927134
1581,2.650448725082416,0.979977209985782,1.77367019288695,0.784137669878368
1582,0.6285960144772792,0.13062309464794206,1.7676390355645797,0.31469099637234876
1583,2.648173177097772,0.9775408713677863,1.7676390355645797,0.7817776687624409
1584,0.6330380203676317,0.1267596678154743,1.760265679645017,0.26040562566469105
1585,2.6450691354179114,0.9744299103131728,1.760265679645017,0.779714109823887
1586,0.6361933617160189,0.12432412018365084,1.751573423967425,0.21311997422423015
1587,2.6411521561384497,0.9706549476995324,1.751573423967425,0.779012000822859
1588,0.6393586657720064,0.12200730285471093,1.7424104087167023,0.2410083360070337
1589,2.6364335103419,0.966221816645683,1.7424104087167023,0.7775456242798261
1590,0.6434776707844855,0.11879201476512369,1.7332545015884449,0.25843528467674787
1591,2.630923867276094,0.9611348218555275,1.7332545015884449,0.7745476086912912
1592,0.6484491732139441,0.11471485721003455,1.7239698983983813,0.2925168522451095
1593,2.6246400713062297,0.9554050819950053,1.7239698983983813,0.7744194490438374
1594,0.6542639906248434,0.10980797423398607,1.7147191952555403,0.3169907631936968
1595,2.617590656353031,0.9490320655757449,1.7147191952555403,0.7774922554320604
1596,0.6610112815544226,0.10409139548554663,1.7058335034463612,0.3691094835702093
1597,2.609793245770506,0.9420219483828209,1.7058335034463612,0.779773760986842
1598,0.6679357089226347,0.09828255404700956,1.6967513563159753,0.34303015380908886
1599,2.6012720923367474,0.9343910108586594,1.6967513563159753,0.7796829313037954
1600,0.6739972575666378,0.09352492981578375,1.687010696071785,0.2827330268309547
1601,2.592048515398877,0.9261507240832735,1.687010696071785,0.7749846306215619
1602,0.6797902886991015,0.08901156825627288,1.676688558642606,0.31129868249961745
1603,2.5821412705601703,0.9173118743695463,1.676688558642606,0.7811512669751602
1604,0.6865054351141996,0.08373520254115575,1.6668469954245062,0.3605809194923926
1605,2.5715853501363743,0.9078897743772976,1.6668469954245062,0.7765631801278622
1606,0.6926876025627667,0.07888939272295073,1.6562219193751493,0.282463379431466
1607,2.5603814297392025,0.897888713140467,1.6562219193751493,0.7812260573228528
1608,0.6976771002997203,0.07550677011663193,1.64504892860552,0.23042373748422534
1609,2.5485787248297838,0.8873316307053621,1.64504892860552,0.790850567734269
1610,0.7019841881122287,0.07356098663377678,1.6341489181268094,0.23860056023235088
1611,2.536220117246059,0.8762433223116007,1.6341489181268094,0.7850482650233186
1612,0.7052248765795304,0.07299019022286592,1.6228266148007213,0.19078488410296002
1613,2.5233198031123543,0.8646329124618497,1.6228266148007213,0.7899832326642214
1614,0.7084994550412702,0.07256358234294347,1.6116152095318994,0.21932986294627257
1615,2.5099130476038276,0.852520176774984,1.6116152095318994,0.7965849897553396
1616,0.7121985248088141,0.07167013022982252,1.6005823840982907,0.21870837221093034
1617,2.4960373467087322,0.839926734063034,1.6005823840982907,0.792351740885178
1618,0.7150822380118705,0.07138475965343544,1.5889776388323074,0.15797001225673393
1619,2.4816695604082906,0.8268336894844882,1.5889776388323074,0.7979245823673727
1620,0.7168699852137468,0.07236693762316483,1.577159429220331,0.15123254348292586
1621,2.466864295850226,0.8132721571553652,1.577159429220331,0.807057329225928
1622,0.7184156170344584,0.07470868758435491,1.566494793248317,0.20707513152968365
1623,2.4517654291991207,0.7993374419006959,1.566494793248317,0.805184137687489
1624,0.7191267794737055,0.07818167647499939,1.5560412180646273,0.22656537573344435
1625,2.4363412326158036,0.785006023963601,1.5560412180646273,0.8079489572007075
1626,0.7199233417084482,0.08150255519478068,1.5459674653924822,0.19855760488214405
1627,2.4206199898451315,0.7702939541234425,1.5459674653924822,0.8157960223374198
1628,0.7214553043338181,0.08369442166446395,1.536361602903111,0.1717037703745949
1629,2.4046567477297827,0.7552369456407854,1.536361602903111,0.8137511450029038
1630,0.7227269564056831,0.08551248413839979,1.5265943690072385,0.14025391317723956
1631,2.388378690320238,0.7397742290481392,1.5265943690072385,0.8214098122107742
1632,0.7238291484986793,0.0882084542179268,1.5179792121969742,0.18215675358370215
1633,2.372013176729321,0.7240728659986567,1.5179792121969742,0.8247153376581101
1634,0.7250147121450027,0.09075485990338654,1.5099793299693356,0.1452533706928964
1635,2.3555130498625183,0.7080937345397641,1.5099793299693356,0.8259405185134894
1636,0.72657595142497,0.09211139201816153,1.5021573378462718,0.11626756086397931
1637,2.338877463669187,0.691830992866606,1.5021573378462718,0.8298256838517521
1638,0.7282711105646047,0.09228541924037958,1.494232146908543,0.09278995838311145
1639,2.322069190938404,0.675248272509825,1.494232146908543,0.845163882620007
1640,0.731139730077495,0.09158842127389238,1.4877530380031314,0.16415510044245446
1641,2.3054316247997924,0.6586212541580267,1.4877530380031314,0.8396013079496735
1642,0.7337529605672144,0.09108930074438451,1.4819444941062954,0.10952187162988955
1643,2.2888523502831175,0.6418601666322044,1.4819444941062954,0.840017514962193
1644,0.7359660712627478,0.09046494476766453,1.4764092449600885,0.11816180555053434
1645,2.2722774063292173,0.6249188338102436,1.4764092449600885,0.8474665745979936
1646,0.7389767120540004,0.08894830861807757,1.4718757069133999,0.18214082137879914
1647,2.255951085157407,0.6080068490363649,1.4718757069133999,0.8461683424343425
1648,0.7413973714880938,0.08756152233128778,1.4676589277310463,0.11143357777414703
1649,2.2396819270562323,0.5909634770731691,1.4676589277310463,0.8521409677101186
1650,0.743390079666143,0.08741492207314555,1.4649255555299125,0.0940198768540502
1651,2.2237121340573176,0.5740066082545563,1.4649255555299125,0.8548497247757335
1652,0.7449217530207508,0.08842376906495816,1.4636275263897878,0.0975658714264524
1653,2.208061712432077,0.5571669476436714,1.4636275263897878,0.8590424948811702
1654,0.746758255303805,0.08940482217374912,1.4635641127913437,0.0948813147543433
1655,2.1928013814416345,0.5405253025057282,1.4635641127913437,0.8603419660861403
1656,0.7489202545949292,0.08930880882748277,1.4639547421499541,0.11041222273754447
1657,2.1779531001801344,0.5241233123932878,1.4639547421499541,0.8626691137865609
1658,0.7513675234026636,0.08818758824286611,1.4647658375207102,0.14356328795136494
1659,2.1635604538776687,0.5080276013711426,1.4647658375207102,0.8608265722122225
1660,0.7538722246872428,0.08602813028259818,1.4657899429819377,0.19119943555738167
1661,2.149671550840891,0.492315464702146,1.4657899429819377,0.8621699448471117
1662,0.7562103353408381,0.08412456130821253,1.4678208256350191,0.12707355980708204
1663,2.1363387848623843,0.4770756284452702,1.4678208256350191,0.8634056931686294
1664,0.758192768662522,0.0834477755467064,1.471499707761059,0.08392958473232971
1665,2.123631349751976,0.4624216200577985,1.471499707761059,0.8641888114605397
1666,0.7602303756142312,0.08276922756060036,1.4761622864802098,0.11701082480056826
1667,2.111579522091803,0.4484366164471265,1.4761622864802098,0.8653466555722971
1668,0.7625313996870494,0.08112874282334707,1.4811563088702275,0.16481359301276077
1669,2.1002231493872605,0.4352207166561689,1.4811563088702275,0.8646019682797701
1670,0.7649831974256723,0.07855523654283589,1.4863645888688064,0.2144244816529821
1671,2.0895795217142314,0.4228581636295691,1.4863645888688064,0.865095841381861
1672,0.7672113841649878,0.07624064244653105,1.492484168146201,0.14711838801861735
1673,2.07967371820572,0.41144757242851854,1.492484168146201,0.8659166292037934
1674,0.768838947629556,0.075025149319456,1.500033709481436,0.0862840613363653
1675,2.0705587024881,0.40112199578208574,1.500033709481436,0.8747116639734881
1676,0.7707354817566506,0.07518673733612748,1.509685351155252,0.09789088294473168
1677,2.0623840455421223,0.3921162273887042,1.509685351155252,0.8677195468146386
1678,0.7721356363871492,0.07632480551266893,1.5207649936488836,0.08735346817662534
1679,2.055105418712393,0.3844638464408946,1.5207649936488836,0.8672375685281243
1680,0.7734510954326558,0.0773051053805489,1.5325048340391967,0.05874347764903319
1681,2.0487602149450854,0.37827673333135386,1.5325048340391967,0.866440952868759
1682,0.7745245309002918,0.07707333036838325,1.543927976417308,0.07293797964983535
1683,2.0432835380611847,0.3735581773310766,1.543927976417308,0.8686439372031112
1684,0.7758470264290626,0.07590876560101169,1.5553805731813806,0.12453668339828147
1685,2.0388068852690644,0.3704894602475934,1.5553805731813806,0.8725808877177689
1686,0.7777316514247434,0.07400857638767437,1.5670202293363626,0.17658438647999117
1687,2.0353827327393383,0.369147620538314,1.5670202293363626,0.8721156204695532
1688,0.7797177754011745,0.07126838700763355,1.578499301682785,0.22315877219689856
1689,2.0329621161362628,0.369495991295625,1.578499301682785,0.8708490404109784
1690,0.7817192038491507,0.06774148741508289,1.5897386590651823,0.2687180637721092
1691,2.03153910730814,0.3715192126913014,1.5897386590651823,0.8770797230793301
1692,0.7839574453834726,0.0636609118055856,1.6008490363461518,0.3143514029415903
1693,2.0311421700144474,0.37520543555716873,1.6008490363461518,0.8709369392634672
1694,0.7859913165105468,0.05893849933276482,1.611532064933536,0.3586838526936121
1695,2.0317409111202416,0.3804808276191546,1.611532064933536,0.8766764554518194
1696,0.7882113279356816,0.05504235590851629,1.6230484602780821,0.2919692598177535
1697,2.0333993472008722,0.38730714938900485,1.6230484602780821,0.871625189781385
1698,0.7896873114275833,0.05214341530937796,1.6357302851192466,0.21574357217559317
1699,2.0360002348291304,0.3955443467003353,1.6357302851192466,0.8806392640524204
1700,0.7916225328649973,0.05087293909870502,1.6501307457640684,0.17086739433776243
1701,2.0396746841039506,0.4051408946279372,1.6501307457640684,0.8744291412553672
1702,0.7929343008000479,0.05025846677178919,1.6656385993088698,0.10760720234308463
1703,2.0442954635280897,0.4159557967631676,1.6656385993088698,0.8776327168857241
1704,0.7938514723670406,0.05029371493327457,1.6823103873845264,0.0473321994629845
1705,2.0498822687011087,0.4278925616281191,1.6823103873845264,0.8904497432404331
1706,0.7954568075208643,0.051682755196826274,1.7005536780528998,0.09786123837504368
1707,2.056467388171592,0.44081917786115915,1.7005536780528998,0.8806112805311995
1708,0.7967368415577011,0.05359370002276665,1.7198133425626663,0.11059714280762709
1709,2.0639725530556507,0.45463017145174617,1.7198133425626663,0.8822150799688866
1710,0.7978271109660452,0.05524865827401587,1.738991797696349,0.056506405647970784
1711,2.072377131276174,0.4692169475536721,1.738991797696349,0.8831788309082387
1712,0.7982906804600981,0.05566506389908309,1.7571252599699965,0.026543851385914613
1713,2.081623708443909,0.4845488382126377,1.7571252599699965,0.8946075097616029
1714,0.7995264558663602,0.05588903201950766,1.7746104473139952,0.10470941779444541
1715,2.0917402160595024,0.500417019412848,1.7746104473139952,0.889181901840032
1716,0.8005535407020176,0.056107418386475316,1.792186195439677,0.04601204318379583
1717,2.102658532063747,0.5167887477330199,1.792186195439677,0.889495837157131
1718,0.8012181846118754,0.05604156263923196,1.8095791313383576,0.07430929148323122
1719,2.114343494374142,0.5336086751378025,1.8095791313383576,0.8927351597703186
1720,0.8017431355835587,0.055239018579973494,1.8259195066123495,0.12293445539344822
1721,2.126758687146254,0.5507678430723613,1.8259195066123495,0.8991637233182851
1722,0.8025137883623782,0.054083191738374364,1.841344679406553,0.17893470391563027
1723,2.1398596705633186,0.5681967596428836,1.841344679406553,0.8991492697646059
1724,0.8030726461229343,0.05239331097100486,1.8556861642078954,0.22748605676190514
1725,2.1536040637589764,0.5858428586196122,1.8556861642078954,0.9022132109885929
1726,0.8035545192494797,0.050639568025959675,1.8693380190927453,0.24273237456857516
1727,2.167948420160437,0.6036500452302592,1.8693380190927453,0.8990975202698739
1728,0.8039988394944535,0.049436565974969995,1.8833272028861605,0.17086339104268974
1729,2.1828465392695104,0.6215615152844142,1.8833272028861605,0.8974665895376884
1730,0.8042912404528457,0.0483959086334046,1.8970888077526138,0.21776637267062857
1731,2.1982582862620266,0.639541449318466,1.8970888077526138,0.900013640791309
1732,0.8045580251775555,0.04740696305311002,1.909692376244028,0.2665662989597278
1733,2.2141191477163544,0.657505012935783,1.909692376244028,0.8989724549693549
1734,0.8046223740340848,0.0465985339649723,1.92108866821286,0.3159375293896788
1735,2.2303827899319795,0.6754180481740111,1.92108866821286,0.8984879768765229
1736,0.8046819447452066,0.046464018768381056,1.9324709640746571,0.24392548893536264
1737,2.2470085255070673,0.6932560241865692,1.9324709640746571,0.8970822741368505
1738,0.8046982573054026,0.046883914719744665,1.9435780719753109,0.28868113637492837
1739,2.263950782059047,0.7109849969292653,1.9435780719753109,0.8965651880620721
1740,0.8044338928316985,0.04781484526576911,1.9534304283206756,0.33198261686262387
1741,2.2811764825036764,0.7285913424687491,1.9534304283206756,0.8965108532786874
1742,0.803860966682984,0.049501321176038574,1.9620129062217821,0.3741896597292965
1743,2.2986325779983225,0.7460306976486315,1.9620129062217821,0.8999478886251755
1744,0.8033696526911646,0.05256839496203805,1.9693796068146439,0.4209188286892792
1745,2.3162404533079415,0.7632276135953218,1.9693796068146439,0.8948736183798264
1746,0.8027743089472823,0.05617262001410291,1.9766690980847803,0.3431752235956168
1747,2.3339855658275472,0.7801997134535403,1.9766690980847803,0.8952755221120872
1748,0.8023920506148731,0.06052098717467405,1.9836458699684933,0.3879383134254618
1749,2.3517808447769624,0.7968661895719396,1.9836458699684933,0.8918278506972108
1750,0.8014912532607206,0.06552984632852406,1.9892779264073919,0.4236035999853646
1751,2.3696411610650507,0.8132797222348827,1.9892779264073919,0.8910436096292613
1752,0.8002918393534482,0.07145244158252702,1.9935824607135801,0.4612786276031687
1753,2.3874877516292736,0.8293718616117309,1.9935824607135801,0.8901141328534864
1754,0.79899962743609,0.07846975153530386,1.9965748383614659,0.49922062517459037
1755,2.4052536792923673,0.845093503930804,1.9965748383614659,0.88994500908357
1756,0.7976560942464384,0.08657442167692903,1.9982490333887717,0.536022019502033
1757,2.422883954467603,0.8604119583179933,1.9982490333887717,0.8864471310894807
1758,0.796125671754277,0.09559396939974982,1.9986070283044677,0.5759848784527638
1759,2.4403482171585344,0.8753227017770505,1.9986070283044677,0.8837038110777402
1760,0.7948246176230782,0.10455822758850654,1.998908161495051,0.4958286111203315
1761,2.457613517220347,0.8898165643507254,1.998908161495051,0.8819427113768711
1762,0.794101798774367,0.11261402732911283,2.000114082113149,0.41952346275493535
1763,2.4746303535092093,0.9038655950270377,2.000114082113149,0.878618334629609
1764,0.7933146336817994,0.12047607926492027,2.0009289924807874,0.4623286140363756
1765,2.491394814880226,0.9174894920619698,2.0009289924807874,0.8769851204437006
1766,0.7926203378839389,0.12810857539470127,2.001434782046546,0.39290351338790436
1767,2.507826870935729,0.9306272149314261,2.001434782046546,0.874203658754769
1768,0.7922784406372417,0.13471594728065867,2.0025816509180485,0.3313182974185806
1769,2.5239299855789326,0.9433040931379845,2.0025816509180485,0.8759337078579943
1770,0.7928906377769621,0.14068669954421364,2.0043415494950376,0.28737335873529346
1771,2.539572708316654,0.9554092798236806,2.0043415494950376,0.86939102978858
1772,0.7940023482907203,0.14562676840085034,2.0067512886056336,0.2242707852992737
1773,2.554760767854466,0.9669705613320617,2.0067512886056336,0.8654886395534264
1774,0.7953879404410498,0.14940020659307848,2.009798067260511,0.16543078405898123
1775,2.5695117572570907,0.9780237342026025,2.009798067260511,0.865024495679458
1776,0.7968656837523874,0.15325672852185201,2.0120979617561594,0.19989835816929347
1777,2.583712174337036,0.9884775303104466,2.0120979617561594,0.8610444812406356
1778,0.7978000816102017,0.1577404175516516,2.0126603402077747,0.24904021444695393
1779,2.5973698050130154,0.9983571094300425,2.0126603402077747,0.8573384036974508
1780,0.798522623082781,0.16219948560146313,2.0123423964015084,0.21619397197619566
1781,2.6104450571721607,1.0076413794945343,2.0123423964015084,0.8533411124556541
1782,0.799597816459385,0.16593958696166553,2.012252572078696,0.17295357654722873
1783,2.622928113143179,1.016335953316036,2.012252572078696,0.8508552108470265
1784,0.8013129521918124,0.16889960250412636,2.012673862649538,0.144404387938831
1785,2.6347786723987467,1.024417598199125,2.012673862649538,0.8479710725518902
1786,0.8036352619665442,0.17112344228792062,2.0135578027472354,0.12969523195173432
1787,2.6459738276645184,1.0318783609590303,2.0135578027472354,0.8444705425661391
1788,0.8058274492771782,0.17335635226944854,2.013606292334279,0.14025382072084752
1789,2.656487997185022,1.0387071597479571,2.013606292334279,0.8406827479937501
1790,0.8072044660973742,0.17602071056446958,2.011825015571107,0.14295437626534674
1791,2.666295139530633,1.0448919105197305,2.011825015571107,0.8384195737344446
1792,0.8078243337965668,0.1791122831784853,2.0082452047765553,0.17039119759769233
1793,2.675368595714635,1.0504194733730963,2.0082452047765553,0.8336163410368459
1794,0.8076783769508731,0.18256937418302743,2.0029134288982386,0.2020770764523245
1795,2.6836877992360137,1.055281436531925,2.0029134288982386,0.8298074589116978
1796,0.8067823772822091,0.18637055289534096,1.995876592867902,0.24953926215443137
1797,2.6912406720944224,1.0594759321075025,1.995876592867902,0.8268585715938742
1798,0.8052125854179402,0.19058256893105593,1.9871568005416385,0.2844341883716564
1799,2.69800072297685,1.0629882538157054,1.9871568005416385,0.8233496964537145
1800,0.8029534337897059,0.19516870541033024,1.9768089470893364,0.3238773168793041
1801,2.7039628615552926,1.06582109371401,1.9768089470893364,0.8198277080084958
1802,0.8000434772965553,0.20016616172476234,1.9648680555647515,0.3668041843283624
1803,2.70911283638186,1.0679687407442617,1.9648680555647515,0.8154373464881655
1804,0.7964140449110415,0.2054714271219999,1.951415062081366,0.4072036288958752
1805,2.713447305836986,1.0694337947828154,1.951415062081366,0.8129637441237371
1806,0.7921895853050576,0.2112430578168455,1.9364512073582365,0.4398155166258267
1807,2.7169444259216293,1.0702031870702795,1.9364512073582365,0.8090297216431049
1808,0.7873412224164023,0.2174334295328514,1.9200443471013016,0.48043386799668764
1809,2.719597480350573,1.0702757481467857,1.9200443471013016,0.8048056591132692
1810,0.7818689193000108,0.2240302562969178,1.902256595821514,0.5117337846281882
1811,2.72140736666282,1.0696557742265413,1.902256595821514,0.8014539002584745
1812,0.7758252153713953,0.23109629813896904,1.8831219277606057,0.5448668344431181
1813,2.722373588377409,1.0683457616398657,1.8831219277606057,0.7980094843854185
1814,0.7692156227797907,0.23862373873128823,1.8626997318456937,0.5777527181110482
1815,2.722499016005978,1.0663501977051217,1.8626997318456937,0.794828272133017
1816,0.7620392191845323,0.24658952423382913,1.8410583057107166,0.612583587324193
1817,2.7217854351852777,1.0636721185045022,1.8410583057107166,0.7918056079823382
1818,0.7543149764981135,0.254996348361347,1.8182547135966478,0.636361298793292
1819,2.720240583653602,1.0603184840070468,1.8182547135966478,0.7893800531752619
1820,0.74612147735855,0.26394533293340944,1.7942998201604958,0.6716220194314827
1821,2.7178626005447404,1.0562886567201262,1.7942998201604958,0.7879409725586347
1822,0.7376741586192729,0.27322692393487114,1.7695463262151965,0.6679166585687927
1823,2.714660831393137,1.0515900296089853,1.7695463262151965,0.784713977797671
1824,0.7289264448348274,0.2828355613062205,1.7440010076603227,0.6962785383317334
1825,2.710646265398587,1.046230704692662,1.7440010076603227,0.7822695462423356
1826,0.7196510171669279,0.2927937152866336,1.7175460280192956,0.7184531324896701
1827,2.7058363998863215,1.0402224591049771,1.7175460280192956,0.7813510165848181
1828,0.7099823167421077,0.3033127327879849,1.6901325104784075,0.7495742895740027
1829,2.700232409913004,1.0335663440400156,1.6901325104784075,0.7800485271925245
1830,0.6999729718112184,0.3141635887257908,1.662023600626543,0.7613607467382334
1831,2.6938543838464617,1.026275555758965,1.662023600626543,0.7806934965798246
1832,0.6907783685588667,0.32489300882310673,1.6341916088032864,0.6838349952847683
1833,2.6867169618341618,1.0183599894581172,1.6341916088032864,0.7827604707703021
1834,0.683132597846359,0.3349803165471213,1.6073920343684396,0.5988877699741507
1835,2.6788391871720307,1.0098322596508305,1.6073920343684396,0.7775932890463033
1836,0.6756652010836617,0.34452757743167794,1.5808662465937353,0.617432356749198
1837,2.6702384961395897,1.0006990582996056,1.5808662465937353,0.7829605393022071
1838,0.6677687786080867,0.3546968790687512,1.5534521179280087,0.6495615542370635
1839,2.6609383035832783,0.9909834655109386,1.5534521179280087,0.7781357857846058
1840,0.6591062111619078,0.3646138302249899,1.5257142447522491,0.663009699091771
1841,2.650941327227945,0.9806721814403088,1.5257142447522491,0.7875694697901
1842,0.6500977280731504,0.3753176348603131,1.4971693809604092,0.7102170729776681
1843,2.640307163694184,0.9698254824160093,1.4971693809604092,0.7813133123659615
1844,0.6415701122623044,0.3853300667252182,1.4692969510258433,0.6093088766446818
1845,2.6290211381525346,0.9584132442435672,1.4692969510258433,0.7859604753010403
1846,0.6345568759007222,0.3944924793708873,1.4426744670881442,0.5364074793492539
1847,2.61712529790524,0.9464711017318204,1.4426744670881442,0.7946789172041568
1848,0.6292573249111171,0.40376600250035893,1.4165483784190502,0.4921910278289847
1849,2.604688106666407,0.9340570873549504,1.4165483784190502,0.7957395071834376
1850,0.624179262155922,0.41279910943796116,1.3907199426642154,0.5288897434764679
1851,2.591714538035783,0.9211651703477337,1.3907199426642154,0.794821776923306
1852,0.6195294212491264,0.42148137545041836,1.3653935272922122,0.4605436608997073
1853,2.578235563779921,0.9078162428628063,1.3653935272922122,0.8011764030813386
1854,0.6162671082083434,0.42955367347353474,1.3411010574349023,0.4013445246070965
1855,2.564284173809527,0.8940330708522913,1.3411010574349023,0.8004091998673242
1856,0.6131259751267552,0.43740596781208474,1.3171974643559075,0.43752463853409435
1857,2.5499028462751863,0.8798473292481157,1.3171974643559075,0.8027440963715804
1858,0.6100787660513677,0.4449871177335338,1.2937719378872423,0.3900782650098743
1859,2.535123520979277,0.8652807858556825,1.2937719378872423,0.8067639531544628
1860,0.6081486020414886,0.4520630438018983,1.2713138986614203,0.33924653423651013
1861,2.5199709140216484,0.8503487041083276,1.2713138986614203,0.8095755347602901
1862,0.6062680449145895,0.4589426936411217,1.2493627502427083,0.3730183177110994
1863,2.504501481311801,0.8350963711899542,1.2493627502427083,0.8098235569593318
1864,0.6038697752338372,0.4653105001035099,1.2280482854595367,0.33778697473901376
1865,2.4886763555455755,0.8194802215564188,1.2280482854595367,0.8218088839868876
1866,0.6019031219916854,0.47188127935013147,1.2071437029567944,0.32395006371600205
1867,2.4726660620453886,0.8036532754526707,1.2071437029567944,0.8166908784524678
1868,0.5996410817246082,0.4780738214566094,1.1870100177901806,0.33236905627720875
1869,2.456431044681512,0.7875727067685381,1.1870100177901806,0.8251926573104145
1870,0.5964548055114126,0.4844227211754,1.1671508545300084,0.36336413772174087
1871,2.4400492942206014,0.7713068316431756,1.1671508545300084,0.824812526698263
1872,0.5923357459290756,0.4906704013258574,1.1479168583137214,0.40004388509309985
1873,2.4235522072144873,0.7548814951329692,1.1479168583137214,0.8261402415405689
1874,0.5885414692563075,0.49656760186421617,1.1297926084752903,0.3260137226644943
1875,2.40695409895968,0.7383075908039716,1.1297926084752903,0.8308298175171569
1876,0.5848631615176012,0.5024686823001613,1.112505704972205,0.3630216448347275
1877,2.3903367568640057,0.7216616791283977,1.112505704972205,0.8334073905816266
1878,0.5802681255371585,0.5083207421997497,1.0960881202118231,0.39891920420547483
1879,2.373737985102802,0.7049807738552685,1.0960881202118231,0.8347774528570212
1880,0.5759991242786255,0.5137582435512587,1.081032974223782,0.32839878732856914
1881,2.3571441858901077,0.6882545043209497,1.081032974223782,0.8404740266320264
1882,0.5731110709386757,0.5192296081854215,1.0670866987753072,0.2875801822594613
1883,2.3407209135065266,0.6716478448288504,1.0670866987753072,0.8459594762880744
1884,0.5702759884603191,0.5246078525898147,1.0542960810136632,0.31297751096911774
1885,2.32447538970866,0.6551768845870406,1.0542960810136632,0.8453900514953928
1886,0.5664670512740257,0.5298313433672124,1.0428072116197422,0.33847688665957043
1887,2.308462762836406,0.6389073844657169,1.0428072116197422,0.8450307529833498
1888,0.561722517567563,0.534935333751847,1.0327070724120508,0.3669236235173701
1889,2.2927280210672354,0.6228990838771332,1.0327070724120508,0.8464333856681604
1890,0.5560905920896038,0.5400359527738503,1.024010586679068,0.40005390778092986
1891,2.277325464482515,0.6072250627270321,1.024010586679068,0.8469790665138383
1892,0.5495708943501164,0.5448914551851989,1.0170619086977593,0.4291027011458314
1893,2.2622728982468896,0.5919266673673487,1.0170619086977593,0.8491125247171568
1894,0.5422303454237402,0.549770389030177,1.0117386990828339,0.4606524597410957
1895,2.2476522015501996,0.5771134930668242,1.0117386990828339,0.8515122857327788
1896,0.5341215465403576,0.5548849144298275,1.0079627878656383,0.4974076387670751
1897,2.2335477232556644,0.5629028648799379,1.0079627878656383,0.8505720143625801
1898,0.5252427854559667,0.559988136766739,1.0060624710074424,0.5284493947438739
1899,2.2199829206822095,0.5493559953399979,1.0060624710074424,0.8513176762989482
1900,0.5156321732503806,0.5651741811914441,1.0060311505479949,0.5611626159918663
1901,2.207006799684443,0.5365638102896072,1.0060311505479949,0.8513793608053858
1902,0.5053147465279617,0.5704346272989875,1.0079441562682694,0.5946807969251284
1903,2.1946549234649186,0.5246075522521666,1.0079441562682694,0.8512304268945632
1904,0.4942975890492064,0.5756143241950241,1.0119964232558738,0.6205228603267816
1905,2.182934018868219,0.5135431157017095,1.0119964232558738,0.8520021342019941
1906,0.48262457584958596,0.5808454856183217,1.0181065657239716,0.6570123052107566
1907,2.171908464048924,0.503485962614099,1.0181065657239716,0.8537672518628776
1908,0.4714335308458081,0.5863657222117461,1.02557771821958,0.5963042800945565
1909,2.1617014844965294,0.49460774943892294,1.02557771821958,0.8526276982324072
1910,0.46170766052437434,0.5916490547289386,1.0342407213044391,0.5147154975924628
1911,2.15227166233686,0.48691746335378716,1.0342407213044391,0.8529001300224991
1912,0.4535206174923719,0.5965457928708856,1.043946330983939,0.43932780907287194
1913,2.143641069167072,0.4804840469366753,1.043946330983939,0.8586091552468542
1914,0.4468589575951834,0.601640330953677,1.053973135345012,0.3823920692128049
1915,2.1359506095270104,0.47547719245556674,1.053973135345012,0.8527198671185389
1916,0.44034592000958217,0.6060856487445111,1.0656505918379298,0.4027554013262844
1917,2.1290606006317363,0.4718045068872673,1.0656505918379298,0.8558044423866441
1918,0.4330193215553815,0.6107656838092184,1.0787115930452988,0.4508009100342259
1919,2.123161615376783,0.46965469159877776,1.0787115930452988,0.8599249547433377
1920,0.4249428871195598,0.6157601385284714,1.093031360189924,0.4792620749218367
1921,2.1182645710758647,0.46903833136128,1.093031360189924,0.8603152260275909
1922,0.41612486078945093,0.6207746352812334,1.1088219934021213,0.5121291045051866
1923,2.1143482665475597,0.469928567233149,1.1088219934021213,0.8549373192189672
1924,0.4065377050167613,0.6253123015725204,1.1264903975916276,0.5394086886604377
1925,2.1113392270232794,0.47225826435511853,1.1264903975916276,0.8618301202767862
1926,0.39625331248440393,0.6303685679645175,1.1451127871189442,0.5765009142741347
1927,2.1093995021709744,0.47610321425151686,1.1451127871189442,0.8594851525373616
1928,0.3852777175880875,0.6354376112388359,1.1650559052861746,0.608321657397244
1929,2.108476129034189,0.48137652424369604,1.1650559052861746,0.8573433153292099
1930,0.37388502648091465,0.639906946666109,1.1866014677113368,0.6044911500430029
1931,2.1084591188115027,0.48797545941714443,1.1866014677113368,0.8725338718558046
1932,0.3620765199127205,0.6452454254415323,1.208464922575226,0.6524126573706882
1933,2.109554207757471,0.4959226928419912,1.208464922575226,0.8642664082508202
1934,0.35088995929816763,0.6504156980492896,1.2305823442606858,0.5654381555920872
1935,2.1116554383970882,0.5050921713596077,1.2305823442606858,0.8663522378480089
1936,0.3400639761400017,0.655592095552265,1.2529296727845223,0.5983751365401615
1937,2.1147502431896066,0.5154004883885402,1.2529296727845223,0.8747319300606573
1938,0.32857818894207885,0.6609785495662537,1.2760955766575521,0.6298975074788412
1939,2.118842153361177,0.5267608290580036,1.2760955766575521,0.8651469837796959
1940,0.31644002818903033,0.6656186027458332,1.3007856235989441,0.6456523609288867
1941,2.1238371228872563,0.5391069662068565,1.3007856235989441,0.8791852558742004
1942,0.3037028274250787,0.6711760887392461,1.3255954068541809,0.6939963287024268
1943,2.1298629571624503,0.5523150284330781,1.3255954068541809,0.8794470965136136
1944,1.0851598202264527,0.6767267773633391,1.3500811013749048,0.614584895687233
1945,2.136827824675044,0.5663020986385996,1.3500811013749048,0.8715385956954754
1946,1.0849973006253795,0.6814270107839531,1.373973108565118,0.5159797637723855
1947,2.14464954154719,0.5810552813045509,1.373973108565118,0.8798694486789101
1948,1.0851426509531783,0.6857366325253536,1.3967030122227648,0.4426731293299681
1949,2.1533734159624482,0.5964421039861758,1.3967030122227648,0.8845880284901836
1950,1.08635702973696,0.6905034709476426,1.4177447693360714,0.40094619374094836
1951,2.16297488997607,0.612355442216946,1.4177447693360714,0.8827155312695595
1952,1.0877466664918272,0.6947607633809298,1.4377937325132497,0.3127899745493758
1953,2.173386313810846,0.6288284648179051,1.4377937325132497,0.8905326222561039
1954,1.0897179969646955,0.6989776401592906,1.456373884438964,0.26779361909542554
1955,2.1846077775839188,0.6456866087327845,1.456373884438964,0.8979109502504004
1956,1.0928524211697423,0.7038627791367038,1.4731912879410232,0.27656207810248273
1957,2.196589994624369,0.6628356249876007,1.4731912879410232,0.8920699414533749
1958,1.096270276694197,0.7084301134147468,1.4887680761259272,0.23780325308299374
1959,2.2092830951810565,0.6802758027070699,1.4887680761259272,0.8947857718240083
1960,1.099919944839999,0.7126413655198113,1.5031924138669481,0.2071919532572979
1961,2.2226577590786674,0.6980018102920518,1.5031924138669481,0.9024561961182989
1962,1.1044084279410213,0.7172441821543355,1.5160467044016963,0.23456262882427062
1963,2.236658029242502,0.7158566031452311,1.5160467044016963,0.9018833940284222
1964,1.108624148093103,0.7216108545346145,1.5287719341325137,0.2038830733604589
1965,2.2512474173363075,0.7338418153507812,1.5287719341325137,0.9029488774480317
1966,1.1120001893455402,0.7255938509509158,1.542291598181273,0.19047971931864613
1967,2.2663843760452282,0.75191393992669,1.542291598181273,0.9039499672764164
1968,1.1144479285534319,0.7290550115765435,1.5565880482679777,0.1833965759068928
1969,2.2820305263849767,0.7700397214327247,1.5565880482679777,0.908220919965752
1970,1.116327922792634,0.7324116003132706,1.5714106718682916,0.21711839763974336
1971,2.2981221216251915,0.7881321272360629,1.5714106718682916,0.9059664666977134
1972,1.1172494403399729,0.7351593057041816,1.586884934425082,0.242126399358282
1973,2.3146273299589364,0.8061850056626977,1.586884934425082,0.9068884502111232
1974,1.117366584199922,0.7374645008360655,1.6028955285941358,0.26597383777536304
1975,2.33150226160047,0.8241624077512835,1.6028955285941358,0.907504669897766
1976,1.1166616302941355,0.7392810075109343,1.6194128313245737,0.3020847495422984
1977,2.348716923567555,0.8420535078232012,1.6194128313245737,0.9089457940109269
1978,1.115358793408074,0.7408825294305137,1.6362499216706758,0.3379040852790299
1979,2.366189685601309,0.8597631597330107,1.6362499216706758,0.9086693721328662
1980,1.113380165794052,0.7421571802699597,1.653422468096104,0.3733961363922275
1981,2.383895138753855,0.8772946328725673,1.653422468096104,0.9100559464096546
1982,1.1109323794605717,0.743377828464627,1.6707981708491477,0.41300962054758905
1983,2.4017554574995486,0.8945712065578305,1.6707981708491477,0.907332869075871
1984,1.1075771489379271,0.743933590919341,1.6885045407306,0.4388410502655832
1985,2.4197863293976596,0.9116521157904103,1.6885045407306,0.9119248798538309
1986,1.1038149018877372,0.744506854320784,1.7063052944061607,0.48550476302161705
1987,2.437866388711181,0.9284043730184284,1.7063052944061607,0.9062805877393474
1988,1.0992950241101445,0.7445982900534055,1.7242803604247192,0.5122835245635332
1989,2.456001131019131,0.9448709794849051,1.7242803604247192,0.9075876352960596
1990,1.0942707914652299,0.7445584376169097,1.7423062342966233,0.5538448255762141
1991,2.4741047201581203,0.9609744253263994,1.7423062342966233,0.9040280896332052
1992,1.089398090672832,0.7445525176653532,1.759339619910523,0.49093907866925823
1993,2.4921582391548,0.9767231347839153,1.759339619910523,0.905259218758134
1994,1.0855625706525938,0.7450856372122309,1.7743022621432063,0.41957891269984915
1995,2.510099213226025,0.9920716877529819,1.7743022621432063,0.9011665988875558
1996,1.0818485277160144,0.7456683299317247,1.7883259890612846,0.4555856712944787
1997,2.5278828668751547,1.0069968740407191,1.7883259890612846,0.8989646824458454
1998,1.077415159002204,0.745844892987563,1.8024268724509656,0.48515800643975815
1999,2.545472356334171,1.0214840436476418,1.8024268724509656,0.8952987467433392
2000,0.9589756093439435,1.1382814943911983,2.165660321028778,0.0
2001,1.115055541276084,0.3531517145346688,2.165660321028778,0.0
2002,0.9585540485181451,1.1375983657564435,2.1641732559136813,0.05942168387464137
2003,1.1145576443704432,0.3529015304770035,2.1641732559136813,0.07719810805827439
2004,0.9573737013817029,1.1357467034407436,2.1604818083411286,0.11759780332910444
2005,1.1145321731433409,0.3533556003256529,2.1604818083411286,0.11731778713444789
2006,0.9551784078720823,1.1329165836013515,2.1550130267331973,0.16503344261495573
2007,1.1148389535957588,0.3543896793980867,2.1550130267331973,0.16466360555859166
2008,0.9520674859024327,1.1291057187479867,2.1477540706559757,0.21342431009562987
2009,1.1154664939143084,0.3559935829549278,2.1477540706559757,0.21359393995945444
2010,0.9484168445592647,1.124284160709672,2.1384907947773844,0.26213919636749194
2011,1.116437720404331,0.3581925118294553,2.1384907947773844,0.2594077421502204
2012,0.9437688664696993,1.118584937668439,2.127699575002134,0.30669381981531424
2013,1.117562089011831,0.3608237240226128,2.127699575002134,0.30396596595912
2014,0.9386595601438206,1.1119800699922018,2.1150865184792207,0.34954205989273596
2015,1.1188469588083703,0.3639019956582062,2.1150865184792207,0.3463872114951388
2016,0.932970824651186,1.104536661216873,2.100853387225649,0.390647484459884
2017,1.1202687815334955,0.36741698033307474,2.100853387225649,0.3874983504267563
2018,0.9264344156434666,1.0962551918762655,2.085200705256927,0.4324870917671216
2019,1.121759805941296,0.37131888467126933,2.085200705256927,0.42574007162549005
2020,0.9195998985975927,1.087199539721093,2.067950708869071,0.4700096565031993
2021,1.1233012658887602,0.3756035321663277,2.067950708869071,0.4627197469865198
2022,0.9124609733150252,1.0774174645522296,2.0492093625459193,0.5052575307146813
2023,1.1248919875591925,0.3802844892685363,2.0492093625459193,0.49911246212755433
2024,0.9046285515290198,1.066849250222798,2.0291850923964914,0.5442640993072122
2025,1.1264150541900564,0.3852649600435879,2.0291850923964914,0.5317593163484222
2026,0.8966174919143486,1.055614815967957,2.0078052418251513,0.5775140767240409
2027,1.1278503543272722,0.39053821449462583,2.0078052418251513,0.5633817375431368
2028,0.8883171243116674,1.0437082047298905,1.9851761462115396,0.6090767200465661
2029,1.1291772169184382,0.3960965238000688,1.9851761462115396,0.5933292985109019
2030,0.8798336680898085,1.0311728655651062,1.9613568087287583,0.6453433208450501
2031,1.1303616045518659,0.401918049060368,1.9613568087287583,0.6216447383668723
2032,0.8714154219688575,1.0183788140228234,1.9367563845748372,0.6447146990229529
2033,1.131374568741346,0.4079845022520344,1.9367563845748372,0.6481188692791322
2034,0.863612042833039,1.006469212034616,1.9126207107131,0.5599649434485653
2035,1.1321886272015387,0.4142775476314928,1.9126207107131,0.673194038856605
2036,0.8566052751827024,0.9960719637489287,1.889702661600538,0.48447496741628643
2037,1.132780717533686,0.4207819138089927,1.889702661600538,0.6968130371919273
2038,0.8501466935307477,0.9865723617243469,1.8673773971496346,0.46823460787322246
2039,1.1331240290518498,0.42747679719514836,1.8673773971496346,0.7189239955293131
2040,0.8441816590356045,0.978021125088864,1.84578497851725,0.394397143480495
2041,1.1331922992255012,0.4343400691159141,1.84578497851725,0.7395622244385308
2042,0.8383970557281107,0.9696735397946308,1.8241858985526755,0.4337952489394299
2043,1.1329610492750901,0.4413495567871475,1.8241858985526755,0.7587678347595858
2044,0.8326520908106013,0.9606811644287976,1.801633628876543,0.4649298740025623
2045,1.132407554038767,0.4484830502925905,1.801633628876543,0.77658186882745
2046,0.8269009498450285,0.9510361054612811,1.7782133927111885,0.4984180327509841
2047,1.1315107678250476,0.45571828071855686,1.7782133927111885,0.7930459586026718
2048,0.8212496965816168,0.9408039424400991,1.754027580587682,0.5359866555628627
2049,1.1302512550179604,0.4630329161771701,1.754027580587682,0.8082021742538733
2050,0.8157381054845586,0.9300166674726817,1.72917170133956,0.5621680082014593
2051,1.12861112721306,0.4704045739166993,1.72917170133956,0.822092906838922
2052,0.8104326761741751,0.9187204306740057,1.7037472222848589,0.5992520808887345
2053,1.126573986731336,0.477810845108753,1.7037472222848589,0.8347607713483509
2054,0.8054748046067243,0.9078998682638681,1.6789796131645804,0.5228443810844786
2055,1.1241248762428833,0.4852293292323413,1.6789796131645804,0.8462485246252072
2056,0.8007932695549997,0.897333633256187,1.6546922811068563,0.5583050378849395
2057,1.1212502342047321,0.4926376753888277,1.6546922811068563,0.8565989944242813
2058,0.7965163848510143,0.8863718549517335,1.6300901656618763,0.5914462967712327
2059,1.1179418672209225,0.5000197695018024,1.6300901656618763,0.8659731022811706
2060,0.7925514643578982,0.8755801454417599,1.605968182751771,0.5517366809576671
2061,1.1141979715927057,0.5073690201126443,1.605968182751771,0.8749937944019153
2062,0.7888010018464623,0.8657746629242195,1.5834425161349686,0.4770953559391164
2063,1.109996567586596,0.5146459824175675,1.5834425161349686,0.8823656097237063
2064,0.7851444962508031,0.8571699369901121,1.562838883032211,0.410821527311384
2065,1.1053481744767983,0.5110707855696721,1.562838883032211,0.8899272136102007
2066,0.7813741866655948,0.8495899901148828,1.5441137013850839,0.3587375559654881
2067,1.1002252788311466,0.49330954117598624,1.5441137013850839,0.895519782507939
2068,0.7777166656702112,0.8431953446684617,1.5273493439504386,0.29570337154085213
2069,1.0946454058447783,0.4753472400765241,1.5273493439504386,0.901300888461762
2070,0.7739909323440093,0.8378342000698374,1.5125135866941206,0.2591089244825745
2071,1.0885856521698467,0.4572417590491186,1.5125135866941206,0.9059634715902368
2072,0.770112600419175,0.8334233401435062,1.499562363035767,0.22768111054285053
2073,1.082047527099043,0.43902628454231957,1.499562363035767,0.9108548736671727
2074,0.7656757242611363,0.8295650711544803,1.4882662695198259,0.2278826444734175
2075,1.0750076379278075,0.42078906281578393,1.4882662695198259,0.914473428286055
2076,0.7609961593549618,0.825902814613119,1.4780852024310267,0.24993700468507335
2077,1.0674758503105926,0.4025725618955458,1.4780852024310267,0.9184202741792569
2078,0.7561954059786358,0.8226512140109888,1.4692174862334308,0.24748171332556512
2079,1.0594656402438873,0.38440814502093446,1.4692174862334308,0.9189366430115538
2080,0.7511095293381784,0.8201391086325495,1.4621202676383054,0.26052008748443223
2081,1.0509773612526405,0.36636080009711053,1.4621202676383054,0.9201833542997654
2082,0.746510797776757,0.8179505198474513,1.4560382742425386,0.21122261656694782
2083,1.0420222261296332,0.34846277565208333,1.4560382742425386,0.9227168338900761
2084,0.7425652544049913,0.8152965407246403,1.4501423280549801,0.19336208912232755
2085,1.0325839555372331,0.3308688428486652,1.4501423280549801,0.9251051379255248
2086,0.7391365635838086,0.8120420479158084,1.444393173634565,0.18308602010305128
2087,1.0226680545981348,0.31369281884207895,1.444393173634565,0.923925118555641
2088,0.7363911002512578,0.8086103241709952,1.4392458503525183,0.1677548319134867
2089,1.0122881619228008,0.29701496234014385,1.4392458503525183,0.9235672111967236
2090,0.7343813117004262,0.8050482493429818,1.4347894792930342,0.17571777553114232
2091,1.0014502706068873,0.28096887709619606,1.4347894792930342,0.9245222290056798
2092,0.7330593305091014,0.8011430500956087,1.4308589848254174,0.22201525129581218
2093,0.9901601998993199,0.2657337082335899,1.4308589848254174,0.9247831128571212
2094,0.7317298921465853,0.7974323648982633,1.428236455126683,0.1740507508668974
2095,0.9784269573592096,0.25148333639242937,1.428236455126683,0.92111478914287
2096,0.7299862991360635,0.7945369533179978,1.4276399819957384,0.13756114750634182
2097,0.9662539685226245,0.2383455319627974,1.4276399819957384,0.9246275336237805
2098,0.7272332934264928,0.7916530169116021,1.4283423109748656,0.16369638734968067
2099,0.9536535720309621,0.22669345537142935,1.4283423109748656,0.9201496876628261
2100,0.7241012746190435,0.789581823795736,1.4309725341719246,0.169203625194737
2101,0.940621939472751,0.2166442957334713,1.4309725341719246,0.9204501780850664
2102,0.7208468643635865,0.7878941903036298,1.4350087261382616,0.1638763130615678
2103,0.9271682424949828,0.20852063255014364,1.4350087261382616,0.9213232809909899
2104,0.7170560902994064,0.7861237921381764,1.4400098427903247,0.21183732865970406
2105,0.9133167461563653,0.20265127763954668,1.4400098427903247,0.9249331915607746
2106,0.7122331480905679,0.7841397594896569,1.4458436699123283,0.26338513271796493
2107,0.8990844418876516,0.1992292584178285,1.4458436699123283,0.9166104569672086
2108,0.7069795730257259,0.7828627198469756,1.4533107400003966,0.29387434899089354
2109,0.8844604642024997,0.19830079247101817,1.4533107400003966,0.9160454456259917
2110,0.7021972861022686,0.7820092400583495,1.4619721385103672,0.22834995729178809
2111,0.8694517579024035,0.19991445164238145,1.4619721385103672,0.9182925936378344
2112,0.6981314780061063,0.7804568604662752,1.4706519317326647,0.1847107205585363
2113,0.8541439841591614,0.20410646112465666,1.4706519317326647,0.9124249590162167
2114,0.6942839595020186,0.7793231997810357,1.4805130945285154,0.21810788050505206
2115,0.8384812453879747,0.21058995073407158,1.4805130945285154,0.9118080801110409
2116,0.6907950008390232,0.7785282313598142,1.4914403538011791,0.15523928110867094
2117,0.8224830693722048,0.21916823716351724,1.4914403538011791,0.9181209344967085
2118,0.6881039505107069,0.7771350775669592,1.5024226720045664,0.10506459800144788
2119,0.8062265170736682,0.22959712195039797,1.5024226720045664,0.9086848468618611
2120,0.6867104738912915,0.7763053802959569,1.5146277435552948,0.04532329209579867
2121,0.7896624169756972,0.24159436951068441,1.5146277435552948,0.9094322095339008
2122,0.6862982159855688,0.7754059310447781,1.5273971434376779,0.05001610940864043
2123,0.7728554980810368,0.25490641664768254,1.5273971434376779,0.9077098960084587
2124,0.6865359604048701,0.7745517580524622,1.5408246031925767,0.05441520344597012
2125,0.7558248839445474,0.2692969793106074,1.5408246031925767,0.9053552277279795
2126,0.6875319434848294,0.77391019863562,1.5550453491424052,0.1036291696463841
2127,0.7385787455940984,0.28457047590207085,1.5550453491424052,0.9040646662427694
2128,0.6889510319880107,0.773530327332678,1.5700702968479843,0.08905893401552645
2129,0.7211372410564815,0.30055862958237567,1.5700702968479843,0.9023494634004848
2130,0.6897298240448915,0.7732948771409682,1.585742056639063,0.0284107655124022
2131,0.7035049495156097,0.3171333228918554,1.585742056639063,0.9023246740967202
2132,0.6892786247791045,0.7724890885186202,1.601234078730784,0.06405189082162695
2133,0.6857769046098018,0.3341183083409545,1.601234078730784,0.8996062079790746
2134,0.687708604784576,0.7713200424665766,1.6166974119390791,0.10679417644367846
2135,0.6679629210299812,0.3514216629375885,1.6166974119390791,0.8977651288053713
2136,0.6850601893311576,0.7697754224400377,1.6320626205907465,0.15893202255004427
2137,0.6500855977702845,0.368962782536201,1.6320626205907465,0.8953315765401506
2138,0.6814135496929783,0.7681175393408225,1.6475680002268935,0.20551751688211786
2139,0.6321305372059208,0.3867119941874867,1.6475680002268935,0.8999334064683089
2140,0.6767107275341852,0.7657270630633743,1.662459370963791,0.2558603941404193
2141,0.6142429887763832,0.40450851188658565,1.662459370963791,0.893320503178621
2142,0.6723040019419952,0.7635234037530392,1.6776753691785273,0.19080111359695517
2143,0.5964169779512004,0.4223399873943237,1.6776753691785273,0.8919628592233269
2144,0.6691846756093788,0.761855779952131,1.693571619776194,0.12668494654163162
2145,0.5786898347789822,0.4401668005982919,1.693571619776194,0.889469606755809
2146,0.667307044707123,0.7607247323024843,1.7101002547278816,0.07224704542373771
2147,0.5611317449276453,0.4579288620640954,1.7101002547278816,0.8869078260702118
2148,0.6653850446884528,0.75985715432382,1.726948207418734,0.12091948100892035
2149,0.5437391729795819,0.4756450157761349,1.726948207418734,0.8860471662070769
2150,0.6623801410849661,0.7586479919156075,1.743384007428414,0.17419494971166524
2151,0.5266295712570093,0.4932296600189857,1.743384007428414,0.8867574988645016
2152,0.6583453911327498,0.7564473490038924,1.7586646287340413,0.2250295264012414
2153,0.5099476142518613,0.5105802432091484,1.7586646287340413,0.8813542123858141
2154,0.6533106831732495,0.7541058620797614,1.7737302255540774,0.2738562961293568
2155,0.4935962973661633,0.5278317524542998,1.7737302255540774,0.8880144559075407
2156,0.6473482132383125,0.7509630547234648,1.7877573190778604,0.31986135160362933
2157,0.47781953032295293,0.5448058066243053,1.7877573190778604,0.8797873514007765
2158,0.6417029719786045,0.7482798750395672,1.8021355938158512,0.2514180759743096
2159,0.4625655194131519,0.5616134764851335,1.8021355938158512,0.8842005108097636
2160,0.6374135059091071,0.7461106936795535,1.8168306870925102,0.18537279614831267
2161,0.4480622533381787,0.554312218887236,1.8168306870925102,0.8769025522637018
2162,0.63308771344999,0.7444329210248106,1.8319253621924059,0.2403236289204611
2163,0.43418092310823464,0.5466741809253743,1.8319253621924059,0.8788150541279285
2164,0.6277183359197437,0.7423996916565495,1.8464243657222854,0.29131948485306336
2165,0.4211240192977264,0.5387096844678889,1.8464243657222854,0.8877576837965092
2166,0.6216015620999336,0.739047265505699,1.859078645573721,0.3287922916118061
2167,0.4093172425482463,0.5303716592106704,1.859078645573721,0.8760525195513075
2168,0.6144853448375441,0.7355780003621089,1.871354083490827,0.3783106948628317
2169,0.39852629410696877,0.521727392144252,1.871354083490827,0.884732572386429
2170,0.6078542910518185,0.7320090917542617,1.883109239931971,0.3028062412352673
2171,0.3890938800569607,0.5127496071076452,1.883109239931971,0.8763833819394674
2172,0.6024794233038457,0.7295494441417824,1.895715695146009,0.23939069377569905
2173,0.3809685581600086,0.503469128165458,1.895715695146009,0.8768504810301314
2174,0.5982652811519985,0.7281856637462589,1.9091587552299576,0.18676818930340486
2175,0.3742409768614259,0.4938919078759372,1.9091587552299576,0.8789090614573483
2176,0.5952765885175635,0.7275671856299218,1.9229458942196862,0.13422291231287936
2177,0.36912142155875244,0.4840127732213928,1.9229458942196862,0.8810694484018647
2178,0.5936064478926633,0.7274438779503959,1.936769739648913,0.061009401585917014
2179,0.3657063721607578,0.47384056032309213,1.936769739648913,0.8764586025354452
2180,0.5919542841847393,0.7273573547380294,1.9501660785098247,0.10423326413769243
2181,0.3639754305664361,0.4633906805922006,1.9501660785098247,0.8768424754826885
2182,0.5893974131510012,0.7265133906149305,1.9622788757553284,0.15363629502775197
2183,0.36396274775526494,0.4526712183716763,1.9622788757553284,0.878000343078927
2184,0.5870627800033699,0.725757333657023,1.9739751423913554,0.09555860839406859
2185,0.3656627825919303,0.4416908001731127,1.9739751423913554,0.8767669860479611
2186,0.5858289867447818,0.7258805857514884,1.9860322114853775,0.058907836969820916
2187,0.3690489009666287,0.4304583586270511,1.9860322114853775,0.8729166607575222
2188,0.5855611468398216,0.7269753606612773,1.9985317974469499,0.07498527023745134
2189,0.37405270564821713,0.4189805791620539,1.9985317974469499,0.8724289286940059
2190,0.5863277858316318,0.7288542086684073,2.0112057510839767,0.119086063917148
2191,0.3806107878949371,0.4072699041791433,2.0112057510839767,0.8704827094805795
2192,0.5880962301952141,0.7314945977783291,2.0239925263854404,0.15713704928672836
2193,0.38861577890869703,0.3953376583473376,2.0239925263854404,0.8671476383244333
2194,0.589678584834115,0.7339537755288262,2.0359324160062284,0.1018465572909087
2195,0.3979459403826788,0.3831910499742044,2.0359324160062284,0.8652742762421045
2196,0.5902196620987192,0.7354044711767271,2.0461901684606563,0.06119677047911675
2197,0.40847997220594967,0.3708376668834953,2.0461901684606563,0.8631341923665085
2198,0.590860043804181,0.7368711084049892,2.0557755009991623,0.09115462967243633
2199,0.4200941748455054,0.35828640208860607,2.0557755009991623,0.8606857120864037
2200,0.5913614671813123,0.7381865691955793,2.064502300850101,0.04629808903006989
2201,0.432664031657506,0.34554636039349634,2.064502300850101,0.8579553615373052
2202,0.5908916992497637,0.7384969446791682,2.0715142341312816,0.05431192534415898
2203,0.44606729873024487,0.33262681149233564,2.0715142341312816,0.8549717568372338
2204,0.5905553545154644,0.7388722992376238,2.0778545651740976,0.03503217654935016
2205,0.4601862750555001,0.31953720033938515,2.0778545651740976,0.8517628703201909
2206,0.5902468509001877,0.7392732339708779,2.0834710037539845,0.03582867723993161
2207,0.47490929689253447,0.3062871639355776,2.0834710037539845,0.8483558872969252
2208,0.5891374332207385,0.7387834486523341,2.08745908920593,0.08203957584805556
2209,0.49013159531363004,0.2928865531961921,2.08745908920593,0.8447771690474624
2210,0.5881627713448357,0.7384088659945904,2.090798341647659,0.023209765725545468
2211,0.5057605619075751,0.27934248357498953,2.090798341647659,0.8412233962252949
2212,0.5876073894186155,0.7385529762691956,2.0938784324604245,0.036209982191575264
2213,0.521714089306648,0.2656607580437771,2.0938784324604245,0.8381385153280989
2214,0.5866076562116833,0.7381546225992573,2.095655665884067,0.07517181546576784
2215,0.5379074850414653,0.25185337580081707,2.095655665884067,0.8344955121004598
2216,0.5856503832125327,0.7379145363483526,2.096829717107007,0.04178210372895514
2217,0.5542891506720826,0.23791746351201892,2.096829717107007,0.8325759507842222
2218,0.5856140128403304,0.7386738254620325,2.0981547927157864,0.05646556913671619
2219,0.5707519838109404,0.2238862313923224,2.0981547927157864,0.8284345839212327
2220,0.5857064221189435,0.7396907371198722,2.098951497244435,0.042493151843581725
2221,0.5872702925529688,0.20975048858341538,2.098951497244435,0.8260621950233522
2222,0.5852685691203988,0.7398825491844446,2.0981491714909906,0.03744119306012501
2223,0.6037625258613493,0.19553687682811965,2.0981491714909906,0.8220304157951606
2224,0.5838215442511863,0.7390748290716482,2.095668733487988,0.09631942372651026
2225,0.6202569210737121,0.18121573642091043,2.095668733487988,0.8214593545944495
2226,0.5818741580917361,0.7371201898184956,2.0912597928739807,0.14091074143590998
2227,0.6365972012073887,0.1668638674749316,2.0912597928739807,0.818370496837485
2228,0.5792953962142703,0.7341268174764862,2.0850840646855793,0.19273973386288704
2229,0.6527778605180506,0.15248065878854755,2.0850840646855793,0.8152303582120928
2230,0.5765594665099107,0.7314098126603898,2.0784911707288876,0.13876789140549728
2231,0.6688329086400508,0.13805328464357888,2.0784911707288876,0.8154137815466633
2232,0.5747735379087724,0.7298271997765637,2.072194077987652,0.08501660694963854
2233,0.6845982836962724,0.12368298901468808,2.072194077987652,0.8120622173817572
2234,0.5734270569347711,0.729421516940983,2.0663324729798074,0.064356960272659
2235,0.7001050693579213,0.10938338630264748,2.0663324729798074,0.8129504110124878
2236,0.5729789159498058,0.7301032707820536,2.0607463422522034,0.07351732330198907
2237,0.715289522987386,0.09524057546824691,2.0607463422522034,0.809381558346603
2238,0.572983828929164,0.7318793630240266,2.055524008963519,0.11663813311777155
2239,0.7301438263307853,0.08135507751666829,2.055524008963519,0.8069533387714611
2240,0.5734391475359484,0.7347054911726639,2.05063480666201,0.16789040087225238
2241,0.7446388904680965,0.0679184283326092,2.05063480666201,0.8043358561771369
2242,0.5741749377815909,0.7385363603995221,2.046079012702351,0.21730135825111607
2243,0.7587644401641997,0.055282351106394866,2.046079012702351,0.8049871635351441
2244,0.5755096153571095,0.7433429609669906,2.0417900391342276,0.2631303369941647
2245,0.7724969813319903,0.044169186137042446,2.0417900391342276,0.8026871539237125
2246,0.5767391169214243,0.7478311391633097,2.0365448989930113,0.19721335392928965
2247,0.7858126790316691,0.036034878080100426,2.0365448989930113,0.8013790251350127
2248,0.5779948969623472,0.7522555988036018,2.030610940627604,0.24487350491674859
2249,0.7986950646530527,0.03315026130650509,2.030610940627604,0.8003320723553551
2250,0.5795329882062312,0.7576165222199273,2.0250322133338337,0.29138726280598515
2251,0.811098263251884,0.03673410234349174,2.0250322133338337,0.7977820351736914
2252,0.5813129724856998,0.7638668416777649,2.0198009247238264,0.3358173448749446
2253,0.8230014218807401,0.04522363117741596,2.0198009247238264,0.7957227276398773
2254,0.5834525919987691,0.7709906812518846,2.0149071960146,0.37919564680473744
2255,0.8344039289601957,0.05640940610045491,2.0149071960146,0.7944161818336366
2256,0.5858069061875739,0.7789240453460117,2.010347433203581,0.4198116311288176
2257,0.8452912709393609,0.06894856007261638,2.010347433203581,0.7930539880387582
2258,0.5884185860222994,0.7876384957397109,2.006121343722679,0.4589872923664298
2259,0.8556451935803769,0.08217582067385816,2.006121343722679,0.7916152480551116
2260,0.5912516712798193,0.7970881023525827,2.002216804569541,0.4965149548201843
2261,0.8654729575865718,0.09578269554224016,2.002216804569541,0.7906656779408348
2262,0.5943613547214219,0.8072540955961892,1.9986478432461887,0.5347196762876966
2263,0.874746093730686,0.10957480440107224,1.9986478432461887,0.7901187271840557
2264,0.5977398695236017,0.8181023290992239,1.9954347144481042,0.5714948173967447
2265,0.883430775927062,0.12342359221226767,1.9954347144481042,0.7889158668245918
2266,0.6011329852918591,0.8284642612200955,1.9913957777443607,0.49526455997652297
2267,0.8915259233577788,0.13727260561418864,1.9913957777443607,0.7869641788682052
2268,0.6042721970878312,0.8373706962665645,1.9855514579932851,0.4183383039301947
2269,0.8990366908215676,0.15109351402182944,1.9855514579932851,0.7862564286528059
2270,0.6074792691998884,0.8458915553385244,1.979055335085262,0.440622845841234
2271,0.9059268229004592,0.1648219965913192,1.979055335085262,0.7857363368892365
2272,0.6108063964856764,0.8549682097828579,1.9729751200878762,0.47867632570054935
2273,0.9121930374354736,0.17843711314496927,1.9729751200878762,0.7846999374856977
2274,0.6142009447439193,0.864678232136414,1.9674550048001418,0.5128327617518156
2275,0.9178347267340625,0.19192564116713065,1.9674550048001418,0.783629513871676
2276,0.6176847057203066,0.8749942179962695,1.9625133506707788,0.5498927180255222
2277,0.9228438840856787,0.20526795471828732,1.9625133506707788,0.7820953195395431
2278,0.621094236072379,0.8857896316021311,1.9580719217324374,0.5769170330245869
2279,0.9272402221306445,0.21848276057973928,1.9580719217324374,0.7824043873744069
2280,0.6247163492127618,0.8971815076829143,1.9542860701773563,0.6098878618247846
2281,0.9309806563014756,0.2315064252267592,1.9542860701773563,0.7847750395209783
2282,0.6285360678236487,0.9091348728016062,1.9511638176471537,0.6434615958301114
2283,0.934071547831018,0.24433936543809656,1.9511638176471537,0.7825401541194021
2284,0.6323379164231954,0.9214798811845147,1.9486174462224661,0.6685150379450667
2285,0.9365102227806008,0.2569699679268032,1.9486174462224661,0.7840782791282218
2286,0.6362614027859863,0.9342670853999624,1.9467082470818722,0.6959435266821463
2287,0.9383046579383448,0.269402834800976,1.9467082470818722,0.7834527422455261
2288,0.6402608270389637,0.9474419361862769,1.945446258043476,0.7232654682454772
2289,0.9394454660432449,0.2816157788125693,1.945446258043476,0.7817720614130693
2290,0.6442334176390805,0.9609005579113049,1.9447658072424983,0.7447941621965426
2291,0.9399438234376684,0.2936190687243697,1.9447658072424983,0.7834312488415104
2292,0.6484855120487856,0.9748189492944542,1.944869405018504,0.7742031717081252
2293,0.9397856559483588,0.30537945635786556,1.944869405018504,0.7852033295606172
2294,0.6528313995821281,0.9889298742244869,1.9455182453936042,0.7819563505644089
2295,0.9389858642185781,0.3169132920863573,1.9455182453936042,0.7864178691420175
2296,0.6572895947742562,1.0032475106017595,1.9467660476087327,0.8042437233279777
2297,0.9375461314655107,0.3282141889551212,1.9467660476087327,0.7850449252895054
2298,0.6615857712557143,1.0176327303996968,1.9484977231816685,0.8231796457933899
2299,0.935490731438187,0.33932451787488715,1.9484977231816685,0.7870284783518061
2300,0.6657894679561553,1.0320932404052263,1.9507476880481998,0.8385022606733514
2301,0.9328159437613663,0.3502316649045386,1.9507476880481998,0.7972097559988147
2302,0.6707083724511933,1.0472434793721341,1.9542213016413734,0.8703261581571067
2303,0.9294747933623475,0.36080983830104774,1.9542213016413734,0.7916369416966976
2304,0.6756879989977678,1.0616828041121003,1.9574366914488373,0.7787880832011194
2305,0.9255086312832591,0.37113287055584443,1.9574366914488373,0.7928837739954198
2306,0.6807871959277031,1.0756756302426387,1.9607265858316216,0.8098355734517808
2307,0.9209218261809717,0.3811899062706365,1.9607265858316216,0.7957701684897496
2308,0.6860879232673331,1.0891660385850899,1.9640655583086144,0.7202751802255429
2309,0.9157212267646399,0.39097330295235416,1.9640655583086144,0.7960683658280725
2310,0.6912197170478924,1.1012148913965922,1.9664585671460146,0.6358638160973624
2311,0.9099337539074421,0.40054556999877566,1.9664585671460146,0.7997302494605929
2312,0.6965962145086975,1.1122660290565811,1.968481657253631,0.5654093538365781
2313,0.9035426309170128,0.4098190678271136,1.968481657253631,0.8010866459157623
2314,0.7019432345722689,1.1221630902598116,1.9699483334391317,0.4937521876924339
2315,0.8965820084557677,0.4188975414057083,1.9699483334391317,0.806536733067004
2316,0.7080254274559197,1.1316998531375686,1.9718903741175275,0.4593339627750637
2317,0.8890200998912652,0.4164058780620705,1.9718903741175275,0.8074076582703557
2318,0.7143427589457522,1.1405031598875104,1.9738962064664602,0.4316428379268654
2319,0.8808961997616931,0.4034874478993822,1.9738962064664602,0.8101563801440623
2320,0.7207824443674852,1.148533991548895,1.9759837446407593,0.3864200756377176
2321,0.8722220499379538,0.391344789409227,1.9759837446407593,0.8129217482920641
2322,0.727334413149815,1.1558414958417849,1.978246749954115,0.3508531649796912
2323,0.863009696709828,0.38008773900057724,1.978246749954115,0.8118033937431528
2324,0.7332291580527556,1.1625199173520355,1.9807870151934757,0.33901183114302536
2325,0.8532704465727202,0.3697599617218165,1.9807870151934757,0.8157447789620142
2326,0.7386047302402667,1.1693456664004993,1.9845053841875462,0.3465854405121363
2327,0.8430105175997552,0.3606128576502582,1.9845053841875462,0.8174763562589797
2328,0.7433068684096519,1.1761186606409826,1.9891202656876161,0.35550447708374266
2329,0.8322406136910432,0.35268137546114575,1.9891202656876161,0.8209736193374969
2330,0.747596532402108,1.1830762471850478,1.9949044718476625,0.3706309821499443
2331,0.8209753935171595,0.34614925232538446,1.9949044718476625,0.8248248021519059
2332,0.7515494312601384,1.1902733322768406,2.001884252622777,0.4081684265910857
2333,0.809229119125541,0.34111149293144016,2.001884252622777,0.8245551129929606
2334,0.7545772656021479,1.197027383963356,2.009279990295934,0.4048518949418287
2335,0.7969948824955111,0.337563701269858,2.009279990295934,0.8298382557264595
2336,0.7573359102460813,1.2040256471471171,2.0178548358204775,0.4478332784407728
2337,0.7843112930825836,0.3357081133315503,2.0178548358204775,0.8316191092746031
2338,0.7595647551351734,1.2109458590821423,2.0272236271304926,0.4630726536165378
2339,0.7711877947589757,0.3355441149295784,2.0272236271304926,0.83335571638885
2340,0.7610294865524355,1.2174836452237885,2.0370269382215382,0.48641042223515485
2341,0.7576287641599067,0.3370569197699402,2.0370269382215382,0.8356752514163347
2342,0.7617604289888451,1.2236272220395696,2.047203905163245,0.4959481311483422
2343,0.7436307943124307,0.34021333949459,2.047203905163245,0.8404941271403831
2344,0.7622607367833837,1.2299332941654564,2.058342852615752,0.5304645061964057
2345,0.7292617663913842,0.34504630615027276,2.058342852615752,0.8430333635085966
2346,0.7625482037117309,1.2364050649901486,2.0703798872320727,0.5670594356253373
2347,0.7145295919620467,0.3514481996381759,2.0703798872320727,0.8485450672603484
2348,0.7623831744108677,1.2411820115112946,2.0829452858492643,0.5961418620623709
2349,0.6994429751338339,0.3593115248264556,2.0829452858492643,0.850470476302861
2350,0.76176514819581,1.2358417400421926,2.095967967541244,0.620750608137628
2351,0.6840232012738451,0.36852984736069455,2.095967967541244,0.8464981280807573
2352,0.7603939126488709,1.229631109898352,2.1090098656231473,0.6343923050008825
2353,0.6682599661226325,0.37898854500295115,2.1090098656231473,0.8500720431556618
2354,0.7585946883287659,1.222773862918126,2.1224036965041546,0.6564481527024089
2355,0.6522132687241263,0.39057589656169706,2.1224036965041546,0.8516347466480458
2356,0.756252056392823,1.2152115087020021,2.135933080447562,0.6768971274818316
2357,0.6358681987195827,0.40318009352651846,2.135933080447562,0.8550886375695198
2358,0.7536742841039089,1.2071345694720288,2.149913339854648,0.7003327502078646
2359,0.619305698100281,0.4166710145947806,2.149913339854648,0.8562235703929628
2360,0.7506132048129295,1.1984087606710048,2.163972273071926,0.7196558574220271
2361,0.6024922233799844,0.4309596613668333,2.163972273071926,0.8673552243771084
2362,0.7477859035374246,1.1894024219290815,2.178937281101048,0.7657416810169629
2363,0.5855497710479051,0.44589591290138136,2.178937281101048,0.8588425037263012
2364,0.7450100547251359,1.1807650011204125,2.1939612010464926,0.6655983045034792
2365,0.5683843264546261,0.4614505435045959,2.1939612010464926,0.8674667557641023
2366,0.7437191282187327,1.1738050668811015,2.2103832255111913,0.6096738628556967
2367,0.5511635182031798,0.47745387158005875,2.2103832255111913,0.8678899382506469
2368,0.7434182920366692,1.1682554666940106,2.2276684930502277,0.5428250884646162
2369,0.5338671916961534,0.4938562876251581,2.2276684930502277,0.864861746133137
2370,0.7438007905231252,1.1639539997374304,2.245526811903707,0.4658417545934422
2371,0.5164705194151881,0.5106323011696329,2.245526811903707,0.8685003901537752
2372,0.7444118397249005,1.1598638836349673,2.2639034130812727,0.5003351193385766
2373,0.4991212866550767,0.5276383097298535,2.2639034130812727,0.8709886142364719
2374,0.7444307880217526,1.1549574464990546,2.282162079433645,0.5330397794066432
2375,0.4818340204217938,0.5448368111377931,2.282162079433645,0.8692682978774664
2376,0.7435126515178554,1.1491150686618488,2.2998673933921707,0.531021095918704
2377,0.46455035234011505,0.5510830196252915,2.2998673933921707,0.8753481201898574
2378,0.7422483608890501,1.1425825037599808,2.317581425206476,0.5649796626325221
2379,0.44752968745699667,0.5504423355196079,2.317581425206476,0.8732561713187134
2380,0.7404140211820874,1.13528502663301,2.335008191908323,0.6016394295086265
2381,0.4307449392564671,0.5495002543357074,2.335008191908323,0.8732112697876802
2382,0.7383373096711511,1.1278751239558105,2.352285339536026,0.5538177844818385
2383,0.4142158597420597,0.5482912008345171,2.352285339536026,0.8750904534552371
2384,0.736824232919121,1.1214175199491545,2.3700339139448197,0.48524478583833974
2385,0.39802797217212926,0.5468120608012778,2.3700339139448197,0.8785066532648129
2386,0.736577558285684,1.1164265090480758,2.3889137664628772,0.45176268049456364
2387,0.3823907764972346,0.544998640624517,2.3889137664628772,0.8831993523934867
2388,0.7374681183233768,1.112840893168825,2.408779815932568,0.41338424485990855
2389,0.3674005507390884,0.5428629655393552,2.408779815932568,0.8778550640698489
2390,0.7389495319458059,1.110482029285016,2.429111645012282,0.3307154244156733
2391,0.35299987903635754,0.5405011463201538,2.429111645012282,0.8850148999043999
2392,0.7406474336385195,1.108211637138515,2.449658617052426,0.37655216914896483
2393,0.3395436121599174,0.5377984260406546,2.449658617052426,0.885442173153032
2394,0.7414571940868231,1.1049452126813697,2.4694202291694243,0.39680245160729866
2395,0.3270572241200327,0.5348199785743109,2.4694202291694243,0.8855268714264576
2396,0.7415847937454602,1.1009718285568968,2.4885148677120785,0.3815917032801911
2397,0.3157008854675164,0.5315655387205442,2.4885148677120785,0.8878578572323914
2398,0.74111197158189,1.09628430630053,2.5069959129021937,0.4100165128205625
2399,0.30564719958254755,0.528032852405997,2.5069959129021937,0.8933783537084142
2400,0.7399112389140773,1.0906975325620505,2.524699052638766,0.4494650035848005
2401,1.1053514998151812,0.5242171440437441,2.524699052638766,0.8856312501148974
2402,0.7380323245017991,1.0847200118096891,2.5415719005850703,0.40788063366324984
2403,1.1221383410848602,0.5201551638993138,2.5415719005850703,0.8870419543129637
2404,0.7356181309746956,1.078325360400277,2.55776745316936,0.42894493062494227
2405,1.1392644050563336,0.5158480247836613,2.55776745316936,0.8916600381347847
2406,0.7329280787764884,1.0711160358597474,2.5734700210243617,0.4890286300137846
2407,1.1565564871797334,0.5112139686286001,2.5734700210243617,0.8916229176828738
2408,0.7296718273330911,1.0632820780005758,2.588367312385499,0.49604359459277375
2409,1.1740360614443481,0.5063214136843974,2.588367312385499,0.887827593006668
2410,0.72635398214895,1.0555984669052074,2.602881026203239,0.44959064864044873
2411,1.1916715838855008,0.5011869741615534,2.602881026203239,0.8881191850578857
2412,0.7227459979124089,1.0477621784917384,2.6167866329340246,0.47763352126337194
2413,1.2094171651346948,0.4958148148156771,2.6167866329340246,0.8884552197061499
2414,0.7183956487443204,1.0391532640035512,2.6296421048498035,0.5037264093561011
2415,1.2272184933843255,0.4902044134183929,2.6296421048498035,0.8916106262168075
2416,0.7136113806690491,1.029734606711016,2.6416823726123666,0.5403729432970314
2417,1.2449604814228725,0.4843314788662163,2.6416823726123666,0.8869553635156054
2418,0.7081196798334551,1.0195834744500845,2.652592564394668,0.5692974334606535
2419,1.2626318274214485,0.4782197550703271,2.652592564394668,0.8851891091773086
2420,0.7019205732181212,1.0087412251583592,2.6623595859893685,0.5923920201001103
2421,1.2802090036955076,0.47188186066093046,2.6623595859893685,0.8844182089698056
2422,0.6951796129378174,0.9971929533623168,2.6711086020787325,0.6298127462945694
2423,1.2976256367067838,0.46531394519729347,2.6711086020787325,0.8819706085939002
2424,0.687942758501514,0.9851245775326521,2.678844036871374,0.638528867607748
2425,1.3148493360595945,0.45852306393209513,2.678844036871374,0.8800278654899982
2426,0.680224286449447,0.9725283252937279,2.6855553702667074,0.6598233580913029
2427,1.3318429882501248,0.45151301361534835,2.6855553702667074,0.8778992638191232
2428,0.6719740166399468,0.9593127416909487,2.691163229946727,0.6951660436884195
2429,1.3485647534165444,0.4442855362370859,2.691163229946727,0.8754136644522903
2430,0.6632360768288136,0.9455738731152218,2.695671467393605,0.7092315997760221
2431,1.3649732560442807,0.43684219626989407,2.695671467393605,0.8725950809194116
2432,0.6540299477955658,0.9313237902389797,2.699067169601121,0.7299261758674613
2433,1.3810287458649486,0.42918472617980424,2.699067169601121,0.869474816987088
2434,0.6443532620240294,0.9165349828075988,2.701317385275869,0.7627408874964015
2435,1.3966931674051082,0.4213150549991373,2.701317385275869,0.8660837468038075
2436,0.6345502177838123,0.9016161216971954,2.7027298788145178,0.7530133712869991
2437,1.4119301769852273,0.4132353254597474,2.7027298788145178,0.8624519660658334
2438,0.6257178220808943,0.8876792038468125,2.7043715429090427,0.6657199208978581
2439,1.4267051518661467,0.40494791094029703,2.7043715429090427,0.8586087446612213
2440,0.6184351978576764,0.8753538598152358,2.7068083409489248,0.589028146480873
2441,1.4409851945715928,0.3964554326989784,2.7068083409489248,0.8545824917270256
2442,0.6114770468660033,0.8634109326290396,2.7088095974166224,0.6134402519197834
2443,1.4547391335073407,0.3877607775175648,2.7088095974166224,0.8504007214334507
2444,0.6039128824891214,0.8508905228742227,2.709426718496089,0.6381606702894387
2445,1.4679375207626997,0.37886711592499095,2.709426718496089,0.8460900191747187
2446,0.5957833223735631,0.8378078814779106,2.7086780304623117,0.6744716201507267
2447,1.480552627834292,0.3697779212355122,2.7086780304623117,0.8416760083377359
2448,0.5870798971372709,0.8242329216749772,2.70653620707816,0.6866643946520685
2449,1.4925584398886427,0.36049698971843525,2.70653620707816,0.8371833178669355
2450,0.5778560879739855,0.8101664913179394,2.7030347375103445,0.71332513175224
2451,1.5039306490745428,0.3510284623180348,2.7030347375103445,0.8326355508725056
2452,0.5681228565620873,0.7956593789182227,2.698168224144154,0.7395621499957726
2453,1.5146466473065556,0.3413768484703923,2.698168224144154,0.8280552545561206
2454,0.5579018543834645,0.7807524378183908,2.6919520351267794,0.7566603060403793
2455,1.5246969565653543,0.3315455974640904,2.6919520351267794,0.823739437651268
2456,0.5472268447946608,0.7654684507892389,2.6844026206927545,0.7760054456357338
2457,1.534060998114521,0.32153940699821815,2.6844026206927545,0.8194925217409863
2458,0.5361214619477577,0.7498449022548829,2.6755343641193408,0.7985820789065143
2459,1.5427277672960389,0.3113622502581039,2.6755343641193408,0.8159801852394463
2460,0.5246291137894236,0.7338816366321472,2.6653584700105433,0.8263621342361178
2461,1.550661937159493,0.3010233316060619,2.6653584700105433,0.812154974972429
2462,0.5133884240821958,0.7181940441742685,2.654531221809047,0.7800007920311101
2463,1.5578565890595912,0.29052853522441835,2.654531221809047,0.8080450697954421
2464,0.5022809362553446,0.702658335485288,2.6429240270546672,0.8015736095057344
2465,1.5642997657018425,0.27988555440010143,2.6429240270546672,0.8039351613114543
2466,0.4907779370887788,0.686897686401513,2.629990666294545,0.8280383848432611
2467,1.5699796887429058,0.2691034001334502,2.629990666294545,0.7998478080498906
2468,0.47924574292231525,0.6712501253570835,2.616111376142179,0.8159776393958651
2469,1.5748926028336168,0.2581902570257165,2.616111376142179,0.7976467991834589
2470,0.46885076900308514,0.6564777098474186,2.6024732057959574,0.7327573553634349
2471,1.5790244115596104,0.24715902415347651,2.6024732057959574,0.7927452903160278
2472,0.4601785652563966,0.6431253352191459,2.589727858319018,0.6501793475658562
2473,1.5823748911466153,0.23602019275689012,2.589727858319018,0.7903486373192576
2474,0.45200245506134445,0.6301467522181953,2.576590297158938,0.6731103486542883
2475,1.584930246154094,0.22479155792087724,2.576590297158938,0.7861046769108379
2476,0.44328529889982105,0.6170325106036574,2.5620295478293804,0.691257777317681
2477,1.586692512421516,0.21348782729462998,2.5620295478293804,0.7830613628491323
2478,0.43408526947493187,0.6037409868264021,2.546088741284869,0.7161981462081791
2479,1.5876632405752427,0.2021263968589727,2.546088741284869,0.779441604614962
2480,0.4244058925937086,0.590400965851226,2.528795663841217,0.7415014021531972
2481,1.5878446853350956,0.19072753743009918,2.528795663841217,0.7765243744907054
2482,0.4147398326402859,0.5773005730330324,2.5106641830011998,0.7125511517115215
2483,1.5872409782645842,0.1793144939102076,2.5106641830011998,0.7738865919419529
2484,0.4050196127335514,0.5643651741492144,2.4916201826943025,0.7389820622594864
2485,1.5858555588605698,0.16791617190607933,2.4916201826943025,0.7713576651119938
2486,0.39486272031548386,0.5515320850355261,2.4713004470894266,0.7557075428006219
2487,1.5836929754870992,0.15656798766818575,2.4713004470894266,0.7689355756355953
2488,0.38431232185935427,0.5388237248683775,2.4497436386098226,0.7706067436878891
2489,1.5807594468789192,0.1453137981614243,2.4497436386098226,0.7666243461884584
2490,0.3734077470776694,0.5262822632392546,2.426986955092783,0.7940484080486333
2491,1.5770628932410153,0.13420906415417452,2.426986955092783,0.764427470115118
2492,0.3621583250249418,0.5140759632739611,2.403078242862886,0.8068527564220099
2493,1.5726129490903071,0.12332542794051483,2.403078242862886,0.7623476724804733
2494,0.3506263094391387,0.502184689137264,2.3780518345459383,0.8259989395622882
2495,1.5674209770257668,0.1127573072761262,2.3780518345459383,0.760386930601767
2496,0.3388329100807255,0.4907604600040028,2.351958018415312,0.8500447212261073
2497,1.5615000831561978,0.10263125117607112,2.351958018415312,0.7585465074504545
2498,0.3280242269066797,0.4800780098680202,2.326082521970016,0.7637465705290952
2499,1.5548651342190178,0.09311865934243813,2.326082521970016,0.7568269876676018
2500,0.31912871015855343,0.47023125828198803,2.30142877027257,0.6841759595535133
2501,1.5475327763814952,0.08445135938674846,2.30142877027257,0.7552283155043118
2502,0.3108699434748193,0.46095415359800634,2.2767180288169246,0.7085947390087949
2503,1.5395214556925334,0.07693593578354747,2.2767180288169246,0.7537498343695616
2504,0.3022309080683439,0.4523414531588372,2.2509984009704294,0.7190136202726011
2505,1.5308514401238906,0.07095449511187343,2.2509984009704294,0.752390327670425
2506,1.7318587452949576,0.44437061695636404,2.224300228883202,0.7363450927863748
2507,1.5215428585218886,0.06693261382186835,2.224300228883202,0.7514344810748541
2508,1.716999870396789,0.4372360019682711,2.1966912126005553,0.755599558163953
2509,1.5116112813912441,0.06525607313237278,2.1966912126005553,0.7526059836023449
2510,1.701735850586197,0.43094158779700825,2.1682354914590096,0.7746454849883145
2511,1.5010875755515418,0.06608776434193821,2.1682354914590096,0.7512033042128656
2512,1.6861498447126781,0.4256712152230569,2.1390205926391803,0.7906356636071833
2513,1.48999586064169,0.06933517725142428,2.1390205926391803,0.7521010080491574
2514,1.6701523552126452,0.4213015485380572,2.1090545094821076,0.8155887470742724
2515,1.4783734215374635,0.0746497279674951,2.1090545094821076,0.7509357709556778
2516,1.6548563374166885,0.4175525883852788,2.0796082822618582,0.7405950179364061
2517,1.4662543219253346,0.08160181398948417,2.0796082822618582,0.7491460431989388
2518,1.6410569057364928,0.4139406117026686,2.0516385429246413,0.6695262058786594
2519,1.4536723076792875,0.0897867421898557,2.0516385429246413,0.7482914699015834
2520,1.6286705635187448,0.410298263622651,2.02510762518472,0.606016988875705
2521,1.4406589204457483,0.0988788940502706,2.02510762518472,0.7481838318528771
2522,1.6176192474358226,0.40648715757637616,1.9999780828886249,0.5520024071406766
2523,1.4272440666527908,0.10863460461452136,1.9999780828886249,0.7483914963020024
2524,1.6078472177350354,0.4024132488300811,1.9762173790571171,0.4808371813354174
2525,1.4134506065647203,0.11888740271546326,1.9762173790571171,0.7503687228948693
2526,1.5983277281955675,0.3987105634405031,1.952704840571317,0.49986223461959123
2527,1.3993368186534323,0.12946279904833713,1.952704840571317,0.7499166645348441
2528,1.5885806792169244,0.39627799353995946,1.9287379728185625,0.4951009246652452
2529,1.3849062100211855,0.14031378346483075,1.9287379728185625,0.7530069305949918
2530,1.5782660670727644,0.3947752174251214,1.9042116252468637,0.5356918231981349
2531,1.3702646678171644,0.1512676477933298,1.9042116252468637,0.7516698428358493
2532,1.5686004695302767,0.39361429933844866,1.8804301104310988,0.45861891297287977
2533,1.355393367942549,0.16235651779670754,1.8804301104310988,0.7558678606437995
2534,1.5598118759414192,0.39165108747283617,1.8580181026552167,0.42593281737688926
2535,1.3404038577946487,0.17344633626466316,1.8580181026552167,0.7545884203072176
2536,1.5513894902938452,0.390099476589078,1.8361690129973527,0.42582238005733325
2537,1.3253032480432458,0.18455637020842286,1.8361690129973527,0.7569750047744376
2538,1.5426063158620964,0.38970385883191216,1.8140644480129375,0.4389375082352907
2539,1.3101485614694852,0.19564761753398338,1.8140644480129375,0.7575630931939249
2540,1.533703499495751,0.3905746254129365,1.7919401059358264,0.4465790042681814
2541,1.2949646645166144,0.2067258841817194,1.7919401059358264,0.7609746128444265
2542,1.524393124318783,0.3925275493048796,1.769694509775865,0.46881349819991275
2543,1.2798622161394033,0.2177048807254198,1.769694509775865,0.7614845120753402
2544,1.515004369713905,0.3956895759539898,1.7476088099418938,0.48697183073604355
2545,1.2648388557933388,0.22863123218719164,1.7476088099418938,0.7640939367615279
2546,1.5055064316460567,0.3999933894577273,1.7257455002913806,0.508275868600782
2547,1.2499611773458692,0.23947684131759595,1.7257455002913806,0.7666229062255523
2548,1.4960843861884208,0.4054363661154276,1.7042973915525221,0.5208957975234426
2549,1.23524195496556,0.25027349454232845,1.7042973915525221,0.7697102389810042
2550,1.4868195659065016,0.41195156432290164,1.6834039905263247,0.5339901681313046
2551,1.2207206782550934,0.2610262018318711,1.6834039905263247,0.7821163831099733
2552,1.476901123738534,0.41937956104372864,1.6625742202442517,0.5783307742227214
2553,1.2066222181096413,0.2715569622634642,1.6625742202442517,0.7798500672964409
2554,1.4671242135179545,0.4278203710952649,1.6424783776910787,0.5925849231113073
2555,1.1928938112274468,0.2819720599074257,1.6424783776910787,0.7794407888219304
2556,1.4579441500982633,0.4372148246653562,1.6234511372093696,0.6052774146201197
2557,1.1794163310337553,0.292439292076895,1.6234511372093696,0.7869318510587883
2558,1.4489697535852413,0.44744946830191656,1.6053831267492256,0.62462412892992
2559,1.1664208623548968,0.30278194069745745,1.6053831267492256,0.796643296184162
2560,1.439564347661459,0.45854901618105176,1.5878384468772324,0.6635475847569257
2561,1.1540815475941537,0.31288261275813595,1.5878384468772324,0.7930529149222034
2562,1.431097910687786,0.4697724871024722,1.5719897441501367,0.6182587105053776
2563,1.142108936337433,0.3230786923028067,1.5719897441501367,0.8048658497095791
2564,1.4231922264001158,0.4806934758233943,1.5576701310229557,0.5993651132174258
2565,1.1306192386106022,0.33331120861227714,1.5576701310229557,0.8224818452879381
2566,1.4146718884178904,0.4921558458377478,1.5440516581360788,0.6575261449408701
2567,1.1201337334846606,0.34311840785224035,1.5440516581360788,0.8127188981196919
2568,1.406986897849782,0.5030004609262949,1.5323206648585042,0.5633651340648967
2569,1.1102182984204274,0.3529817039627834,1.5323206648585042,0.8206200111623868
2570,1.4000086178201998,0.5122421452118355,1.5225216568575026,0.4882612406806586
2571,1.1009138994860035,0.3629158044411697,1.5225216568575026,0.8322341558513522
2572,1.3932981438908163,0.5200319652451624,1.5141851732142455,0.43438040966959407
2573,1.092243664319469,0.37295389055537337,1.5141851732142455,0.8520215204622981
2574,1.3856454956570092,0.5269673794432194,1.5065067251520352,0.45236542153501313
2575,1.0848706795272203,0.38246212362483895,1.5065067251520352,0.8411499805380568
2576,1.3787053550321122,0.532404716792656,1.5006377503534627,0.37930427619380513
2577,1.0781922485763213,0.3921049517856934,1.5006377503534627,0.8640502853994338
2578,1.3711996792811258,0.5369918513393779,1.4954798738376884,0.39621967629084415
2579,1.0725864533944915,0.40152670861419815,1.4954798738376884,0.8576970852085887
2580,1.3643093182122128,0.5401912739827072,1.4919668775055879,0.3410111434355973
2581,1.0677609049828465,0.4110826207856705,1.4919668775055879,0.872819461405512
2582,1.3569005409653385,0.542654064219183,1.4890947683356415,0.3828068082416704
2583,1.0640479241990006,0.42044245922976803,1.4890947683356415,0.8775592632748453
2584,1.3495070083657026,0.544153966766278,1.4872690737209504,0.3747151568605824
2585,1.0613413400666434,0.42975091638519314,1.4872690737209504,0.8893490983918337
2586,1.3419057824886693,0.5448817279700346,1.486207354956665,0.3925589283412836
2587,1.0596537787405533,0.4390193352374855,1.486207354956665,0.8905431641013655
2588,1.334732869401422,0.5457170028501618,1.4864323513130568,0.34452269364083643
2589,1.0589836117256577,0.4482736178067529,1.4864323513130568,0.8956324908966306
2590,1.3283735969926953,0.5473568659783716,1.488273186177681,0.3046305338987814
2591,1.0593151471256272,0.45755829159094613,1.488273186177681,0.9052084442286366
2592,1.3222852237512894,0.550074026620555,1.4912677927292715,0.2883007755694081
2593,1.0607990075871594,0.4666767506092884,1.4912677927292715,0.911588426390576
2594,1.3167246286467047,0.5536323136343139,1.49565682465547,0.2747210054075525
2595,1.0633835219217767,0.4756898636408059,1.49565682465547,0.9132772395355587
2596,1.3117934051526685,0.5578981474722979,1.5015367888887412,0.2697762458323309
2597,1.0670498215358133,0.4846111570040431,1.5015367888887412,0.9167322347499326
2598,1.3079087774647915,0.562515245367387,1.5093044144490069,0.2657829933775051
2599,1.071725040235864,0.49355323227296943,1.5093044144490069,0.9239115127459647
2600,1.304522003566166,0.5678080345054665,1.5184265630804221,0.27627734955203614
2601,1.077505564514953,0.5023124290316016,1.5184265630804221,0.9273336304594353
2602,1.3019210822406706,0.5735129646216546,1.5291557242876337,0.295377166497871
2603,1.0842916398827533,0.5110411583279835,1.5291557242876337,0.9350866174530902
2604,1.2992612932681356,0.5802793899737227,1.5406297994492153,0.357846425707709
2605,1.092138923877328,0.5195434282734569,1.5406297994492153,0.9335446501993784
2606,1.2971542730235657,0.5863086937621386,1.5533945856818863,0.2832463228362103
2607,1.100917390491656,0.5280858213535063,1.5533945856818863,0.9398027811273897
2608,1.294761247003894,0.5912332758855741,1.5665159097323451,0.23033460592763264
2609,1.110664410104087,0.5364842805155794,1.5665159097323451,0.9437620442588552
2610,1.2920042577163426,0.5926829627821232,1.5798588738516852,0.19979220951369167
2611,1.1213275461418535,0.5448044918365201,1.5798588738516852,0.9533756034142675
2612,1.2879927529522082,0.5881721101941922,1.592434920040357,0.24576443087226912
2613,1.132906452627067,0.5527970501721892,1.592434920040357,0.9478123280209666
2614,1.2837416586170238,0.584415226277962,1.6052132820189793,0.21938326082028045
2615,1.145311158945885,0.5606755279137139,1.6052132820189793,0.95170085944109
2616,1.279589774160918,0.580628282395143,1.618528099965356,0.2026610796056991
2617,1.1585032603896974,0.5683648177647052,1.618528099965356,0.9535743082364814
2618,1.2762513270721891,0.5767049178529539,1.633097968525132,0.19084448667801052
2619,1.1724318820161368,0.5758715025075046,1.633097968525132,0.9529389068329223
2620,1.2741573649827118,0.5732021987549504,1.6493753389715888,0.18297016705598176
2621,1.187071431419425,0.5833531676977889,1.6493753389715888,0.959845878176195
2622,1.2723220286831458,0.5689548031940045,1.666218147041198,0.23814690072282646
2623,1.202335164653393,0.5904746753593982,1.666218147041198,0.9587674541382972
2624,1.2705363724280527,0.5649500680148746,1.683345603468188,0.20331983257544117
2625,1.2181848604443435,0.5973900579020565,1.683345603468188,0.9578476016957311
2626,1.2681104698075105,0.5613174960479091,1.6999584936247842,0.18230612290825918
2627,1.2345672186151635,0.6040830213332494,1.6999584936247842,0.9583990760120168
2628,1.265045300476584,0.5580218803792987,1.715995022742781,0.18931704386870424
2629,1.251422499570724,0.6105252344124342,1.715995022742781,0.956528711610802
2630,1.2615000857804461,0.5552388298473521,1.731576756390321,0.1838373745099219
2631,1.2687082393269786,0.6167334524225458,1.731576756390321,0.9575993427559532
2632,1.2580540953477501,0.5524028419110487,1.7472954514934678,0.1545975589170776
2633,1.2863531016697345,0.6226572604578585,1.7472954514934678,0.9547725184539616
2634,1.2555264754575743,0.5495379890644414,1.7639823094508393,0.14053956775554433
2635,1.3043098937996256,0.6283016136809545,1.7639823094508393,0.9520523832204544
2636,1.2541461607226694,0.5469992007302685,1.7818611515832885,0.12871606956357978
2637,1.3225707239417144,0.6337204761167646,1.7818611515832885,0.9520585723037069
2638,1.253465573375532,0.544225642147859,1.800367249424793,0.1757811419180859
2639,1.3410169048397365,0.6387974263963406,1.800367249424793,0.9536210936552791
2640,1.2525577959251757,0.5413293325188021,1.818469234098209,0.15537945379751827
2641,1.3595993665241508,0.6435341912925462,1.818469234098209,0.945617097511423
2642,1.2510085179383026,0.5388507418442204,1.8356718549925295,0.1354818668860834
2643,1.3782929267379915,0.6479542769367737,1.8356718549925295,0.9441781765316727
2644,1.2486274003212676,0.5364696713249173,1.8517330206098757,0.13351185794568624
2645,1.3970209293386386,0.6520170631185206,1.8517330206098757,0.9404670236581497
2646,1.2464226755705223,0.5341725209894018,1.8676873602944082,0.11273266719707678
2647,1.4157417834291603,0.6557226313186685,1.8676873602944082,0.9354443723016022
2648,1.2452475414573283,0.5320535187376286,1.8843821444579536,0.10149972007017789
2649,1.4344090299560022,0.6590628060878119,1.8843821444579536,0.9321361136842791
2650,1.2449507081831874,0.5299284424652657,1.9016147093225668,0.1286626293768849
2651,1.452964434666395,0.6620180601955693,1.9016147093225668,0.9263709958639879
2652,1.2455544354281811,0.527885213127938,1.9193622281005607,0.18063667753046916
2653,1.4713679132094997,0.6645841718308086,1.9193622281005607,0.9217281294308804
2654,1.2460540807958258,0.5259489133291352,1.9365409238105984,0.12440019125710294
2655,1.4895798300838048,0.6667548029206396,1.9365409238105984,0.9168033086592008
2656,1.2456183851108487,0.5240478619885643,1.9522588547772801,0.08716455218669959
2657,1.5075544796476583,0.6685177426382694,1.9522588547772801,0.9115598034468343
2658,1.2452739646821733,0.5221892159471825,1.9675451749169988,0.12667424232595595
2659,1.5252472772644048,0.6698612972015394,1.9675451749169988,0.9060317419974682
2660,1.2448488926033507,0.5204093305455656,1.9821855841761837,0.0907402278928972
2661,1.5426152091933405,0.6707746149603505,1.9821855841761837,0.9002553117775524
2662,1.2434931395455426,0.5186081111119636,1.9952844201167763,0.09300672202114625
2663,1.5596169024492637,0.6712477040898751,1.9952844201167763,0.8942658986293863
2664,1.2422847101049852,0.5168888332554603,2.0079138459382166,0.09536841518586706
2665,1.576212668237211,0.6712714371551847,2.0079138459382166,0.8880979255526749
2666,1.2410352090812058,0.5152693380818059,2.0198527832766318,0.10704469908839606
2667,1.5923645354493325,0.6708375542084793,2.0198527832766318,0.8817848015356724
2668,1.2388167837619446,0.5135010739528933,2.0301450199974305,0.13765559981368253
2669,1.60803627634393,0.6699386650006893,2.0301450199974305,0.8753588745267306
2670,1.2356568678973863,0.5115815676588894,2.0388086400788508,0.18523617858176974
2671,1.6231997380966965,0.6685708952830262,2.0388086400788508,0.8689933467623292
2672,1.231572720172374,0.5094917224273549,2.0458532833298593,0.23131000866161874
2673,1.6378292365367701,0.666730754647417,2.0458532833298593,0.8629444772513091
2674,1.2265998720091202,0.5072640155035557,2.051294709029965,0.2755146728209981
2675,1.6518863852651884,0.6644096658385786,2.051294709029965,0.8569872597716248
2676,1.220734971198824,0.5048343415529906,2.0551197287768237,0.32331101341653445
2677,1.665344572930207,0.6616042188924149,2.0551197287768237,0.850857686908079
2678,1.2140043523497137,0.5022146178589436,2.0573425517272823,0.3660605783120895
2679,1.678175122958373,0.6583105344957593,2.0573425517272823,0.8446578544406246
2680,1.2064388139323823,0.49943706168023994,2.0579839001068625,0.41065760655289224
2681,1.6903512350981185,0.6545259213181891,2.0579839001068625,0.8382910067252693
2682,1.1980671201863877,0.4965377090285173,2.057066289761851,0.4517923789017675
2683,1.7018501191556308,0.6502493870651722,2.057066289761851,0.8324282520873488
2684,1.1889079127451914,0.49352338320331274,2.054602475344512,0.4922679519612806
2685,1.7126508017277964,0.6454808387037803,2.054602475344512,0.8263838529368398
2686,1.1802263573340792,0.49092767762297784,2.0518573851367155,0.41866013460595025
2687,1.7227519897008265,0.6402242562991617,2.0518573851367155,0.8217179747017972
2688,1.172939807279037,0.48881750406699487,2.0496970810941333,0.3464702248521959
2689,1.732116431557061,0.6344766615609417,2.0496970810941333,0.8160821517459456
2690,1.1670466829153177,0.4873729667657941,2.048129009031355,0.2787365199368122
2691,1.7407370632989156,0.6282417399318818,2.048129009031355,0.8108543155975385
2692,1.162492923494095,0.4865776358008386,2.047112794268876,0.21483410062663788
2693,1.7486238980318307,0.6215240326763266,2.047112794268876,0.809902450211198
2694,1.1591957079418733,0.4861178888152111,2.0464997502517717,0.15357104879647063
2695,1.7557165324467916,0.6143226164297672,2.0464997502517717,0.8026045454363658
2696,1.1571404862060672,0.4862060122932902,2.0463014897120533,0.09581584099265883
2697,1.7620204655868257,0.6066448358452206,2.0463014897120533,0.7986445224357317
2698,1.1562784394489556,0.4868111657782635,2.0464686724216015,0.053115160769366704
2699,1.7675294877868448,0.5984971247684088,2.0464686724216015,0.7933495438443223
2700,1.1565632056861814,0.4880702153741664,2.0469898103385478,0.07061665965301761
2701,1.7722618869832485,0.5898840750777143,2.0469898103385478,0.7903797952961561
2702,1.1579434692126533,0.48981728146415826,2.047779183875465,0.10527319137472692
2703,1.776183119905581,0.5808141022902467,2.047779183875465,0.7877357037093514
2704,1.1603876786550393,0.49199593088981475,2.0488027406943266,0.15800573716103064
2705,1.7792917476234877,0.5712960609735876,2.0488027406943266,0.7837373353163783
2706,1.1638423843194579,0.4948002636410981,2.0500445310374307,0.20388521211968663
2707,1.7815941672335251,0.5613374860701381,2.0500445310374307,0.7819203163558947
2708,1.1682777229298806,0.49813921757506013,2.051467252650407,0.2521142356520111
2709,1.7830853520709087,0.5509490195533457,2.051467252650407,0.7788375412547162
2710,1.1736493057987625,0.502074548847798,2.0530456033409634,0.2975444584386398
2711,1.7837661915639098,0.5401415032050702,2.0530456033409634,0.7763368354849081
2712,1.1799144560379335,0.5066382014250806,2.0547542288401353,0.3422033000538607
2713,1.783638441895207,0.5289270794762935,2.0547542288401353,0.7735821620696861
2714,1.1870366334846898,0.5118385022896985,2.0565723048565108,0.3850430174856817
2715,1.7827061066692311,0.5173186755170024,2.0565723048565108,0.7714756428607523
2716,1.1949642964886635,0.5177285146739332,2.0584754560883995,0.4257789514869644
2717,1.7809731658830754,0.5053316985318704,2.0584754560883995,0.7689559552298285
2718,1.2036622041660519,0.5243064351864732,2.060448150755463,0.4647877324710087
2719,1.7784469129504559,0.49298212996836893,2.060448150755463,0.7666114961104571
2720,1.2130981889034027,0.5315716783083704,2.0624799352313845,0.5027971305127097
2721,1.7751389083081681,0.4802837045269451,2.0624799352313845,0.7648880085301192
2722,1.2232321803419857,0.5395417795832281,2.064557985185701,0.5386700537213613
2723,1.771059991308681,0.46725203040673563,2.064557985185701,0.7632964503337882
2724,1.2340275190895194,0.5482242866156828,2.0666727927263553,0.5759007695878132
2725,1.7662214285871358,0.45390480793700966,2.0666727927263553,0.7618472631039512
2726,1.2454363553472343,0.5576370541582172,2.068810287905085,0.6062646405940816
2727,1.7606358550660313,0.4402615361029323,2.068810287905085,0.7605041511634666
2728,1.257449795437295,0.5677492294314832,2.0709816680930815,0.6387787780967934
2729,1.7543176063329313,0.4263435287190752,2.0709816680930815,0.7592373892723393
2730,1.2700148993140077,0.578580301051692,2.073174262545248,0.6687080384344598
2731,1.7472828554065316,0.4121740628397029,2.073174262545248,0.758046593650227
2732,1.283094736024636,0.5901242403591778,2.0753863382101647,0.698232817725049
2733,1.7395496729575803,0.39777857836927777,2.0753863382101647,0.7569321537762891
2734,1.2966606212442644,0.5852516454353112,2.0776234154486053,0.7264269944171855
2735,1.7311380436339965,0.3831850279241133,2.0776234154486053,0.7558940986570403
2736,1.3106914835209182,0.5755115581517825,2.0798910554217476,0.7524578573235412
2737,1.722067840860369,0.36841164158997886,2.0798910554217476,0.7553022727939661
2738,1.3251442940939744,0.5654537600806203,2.0821824526093122,0.7825401125434586
2739,1.712358870174979,0.35348471878237053,2.0821824526093122,0.7550699828516925
2740,1.3397770109721485,0.5552495859292312,2.0842707994138574,0.7822226511068252
2741,1.7020290194780543,0.33842489192278086,2.0842707994138574,0.7557691245228833
2742,1.3546454878514576,0.5449225216924143,2.0862573509070534,0.8109964190683854
2743,1.691108613082292,0.3232988431631267,2.0862573509070534,0.7557626448555251
2744,1.369738821051861,0.5342353108553142,2.0882043012162335,0.8295660670527493
2745,1.6796170511922306,0.30812967017149895,2.0882043012162335,0.7584755444987439
2746,1.385347426850779,0.5234831497396591,2.090409109561379,0.8519698498596869
2747,1.6676070012171595,0.293035167454641,2.090409109561379,0.7566010813390333
2748,1.4011988407955103,0.5124854628960311,2.092684124431028,0.8734135966651468
2749,1.655103012186021,0.278051384414832,2.092684124431028,0.7562307675261999
2750,1.417140297667245,0.5011817883874636,2.094906764321077,0.8899085863950404
2751,1.642116803665996,0.26320495859422083,2.094906764321077,0.7590708428284212
2752,1.4335398438542875,0.48989999818468877,2.0974494353791044,0.9188402472170508
2753,1.6287105394123065,0.24864450886092565,2.0974494353791044,0.7583826909166441
2754,1.4490639165965429,0.4794060431593146,2.098899991403649,0.8180004518817916
2755,1.6148814970021903,0.2343997564489671,2.098899991403649,0.7601843646193043
2756,1.4639081731304842,0.46947855092956425,2.0995128940002323,0.8357832794837885
2757,1.600657235292857,0.22058883646413902,2.0995128940002323,0.7644006505991039
2758,1.4793363318714785,0.45961444294582826,2.1007280918696285,0.8715408246286862
2759,1.5861476173492186,0.20748863019368557,2.1007280918696285,0.7651590136871137
2760,1.4941616030944482,0.4506622984369614,2.1012479086528737,0.7814111039428311
2761,1.5713498933372494,0.19520552333072586,2.1012479086528737,0.7704804314809864
2762,1.507762476020318,0.44341987547168465,2.100365680355067,0.6980755737674087
2763,1.5562938948878349,0.1839415559985857,2.100365680355067,0.7713269200722509
2764,1.5209766958304005,0.4367398320046057,2.099155718313189,0.7321327564257518
2765,1.541039399685587,0.17397545349428417,2.099155718313189,0.77220738413853
2766,1.5336028168068425,0.4307496912067352,2.0974361670443824,0.6492200232888821
2767,1.5256223417155124,0.16557678197325296,2.0974361670443824,0.7741186288002198
2768,1.5448842675245975,0.42612810037967974,2.0943424187207276,0.5691751662192671
2769,1.5100387430435156,0.15898681784754914,2.0943424187207276,0.7853839949531048
2770,1.5554337768405484,0.4231193647631565,2.0905817449182287,0.5115858344163596
2771,1.494413143991479,0.15457385499017395,2.0905817449182287,0.7874091701447525
2772,1.5656740667341202,0.4203900900061802,2.0867897319476674,0.5474010177004338
2773,1.4787598515012956,0.1525188286338078,2.0867897319476674,0.7849931793722148
2774,1.5756093526073336,0.41747160908430603,2.083050842137448,0.5061914243591381
2775,1.463097025017908,0.15292648906392606,2.083050842137448,0.7968204903188659
2776,1.5856896432281793,0.41450616483758107,2.0798930595748306,0.541758788401614
2777,1.447526008993691,0.1558351123536434,2.0798930595748306,0.7923111877269979
2778,1.5955077835198384,0.41069361722148606,2.076894238450519,0.5488801118865935
2779,1.431945291205742,0.1610702604211991,2.076894238450519,0.7996561404125728
2780,1.6056637687866824,0.40645052269005255,2.0747981632723267,0.5817837875898606
2781,1.4165578474914802,0.16849573289970063,2.0747981632723267,0.8144957252202684
2782,1.6162523990877302,0.40187903754455473,2.0737326861430967,0.6100397355683653
2783,1.4014269198880187,0.17783076635933837,2.0737326861430967,0.8064170110366627
2784,1.6262300591315269,0.39642587046674826,2.07248443158326,0.6142986380926715
2785,1.386359636807847,0.18879878755961166,2.07248443158326,0.8162180283139253
2786,1.6361016987954138,0.39045961979317995,2.071648563920626,0.6358131307581629
2787,1.3715102439294704,0.20116935035041622,2.071648563920626,0.8284703147105372
2788,1.646869143272342,0.3845516983561525,2.072532077505733,0.6895409228261893
2789,1.3572536807737492,0.2146365051108708,2.072532077505733,0.8237462757507599
2790,1.6566279845747949,0.3790155795481323,2.0725870627236698,0.5850714873259042
2791,1.343035818818024,0.22913299937311163,2.0725870627236698,0.8567899038259946
2792,1.6665076407472383,0.3754154848612871,2.073492725742159,0.5471749501771388
2793,1.3295419281500185,0.24431098111751107,2.073492725742159,0.8425833187235969
2794,1.6758075443770801,0.37201416759048733,2.0744286291103906,0.5634675187616177
2795,1.3165126004021184,0.260111489197689,2.0744286291103906,0.8464369328602076
2796,1.6844588814324024,0.3677436288836258,2.0752259242720212,0.563368345205326
2797,1.3037872178471714,0.2765242495598596,2.0752259242720212,0.8598534277539834
2798,1.6933695355803549,0.36314739592307177,2.077047277143634,0.6067532406752555
2799,1.291697289550744,0.2933343670085245,2.077047277143634,0.8757165387170265
2800,1.7027717721344844,0.35839300283998615,2.080194876221024,0.6359779193693783
2801,1.280366826519152,0.31041155608966303,2.080194876221024,0.8679032843129442
2802,1.7114249982602114,0.3528728122552317,2.083125438501183,0.6399867536165682
2803,1.2695051700173654,0.32787716617714163,2.083125438501183,0.8870457670555257
2804,1.7206675376352614,0.34736164703459066,2.087478571440428,0.6912316217653759
2805,1.2595015653088826,0.34547838263776276,2.087478571440428,0.8889559069666986
2806,1.7295461968354373,0.3425484268853298,2.0921000674817054,0.6166191175260473
2807,1.250211906541811,0.36327922543187585,2.0921000674817054,0.8988243445862594
2808,1.7380140404719275,0.33926568762167786,2.0970250941806206,0.5514098770707581
2809,1.2417543357676697,0.3811897669858957,2.0970250941806206,0.8961734104916061
2810,1.7452424378095013,0.33687036205630744,2.101243315129579,0.4486046755892018
2811,1.2339001201102082,0.3993751461853062,2.101243315129579,0.9215104891339583
2812,1.7528440489261072,0.33620985124656977,2.1067688497727293,0.4232260792723785
2813,1.227088369286909,0.4175131906790167,2.1067688497727293,0.917811913730968
2814,1.7601852332764747,0.3357085927337021,2.112840129534201,0.4434033185588831
2815,1.221174518526174,0.43570707986295565,2.112840129534201,0.9164822657629633
2816,1.7665266378142779,0.33400733437236485,2.1184718680140997,0.43816378094441977
2817,1.2159176160843945,0.454174035464674,2.1184718680140997,0.9456943437856589
2818,1.7738320909423144,0.33240336464727005,2.126087906773568,0.5101546969232201
2819,1.2119067294752668,0.4724145023162107,2.126087906773568,0.9342410147782781
2820,1.7808075832287842,0.33014645946898213,2.1341225100785985,0.5305750837831748
2821,1.208876065729094,0.49065126281299115,2.1341225100785985,0.9441687199220177
2822,1.7875671693972677,0.3283718367463322,2.1427366965000862,0.4662898610066052
2823,1.2068524273667185,0.5088613970991918,2.1427366965000862,0.9425874994737272
2824,1.793709302138875,0.32755631529599355,2.1515492452548095,0.38741255912230205
2825,1.2057930511786878,0.5270948788904388,2.1515492452548095,0.9559626790456963
2826,1.799956692640964,0.32710928321241356,2.1613408623605608,0.4341787478025575
2827,1.205845637588602,0.5451904381823176,2.1613408623605608,0.9553052627850741
2828,1.8059192603449727,0.32692438592852235,2.17168888455601,0.37648208606549943
2829,1.2069615330267283,0.5631882580841105,2.17168888455601,0.9578568922491224
2830,1.8114992291200287,0.32765251396866535,2.1825667230652956,0.3238126032366006
2831,1.2091235421769986,0.5810985983617614,2.1825667230652956,0.9606347954484976
2832,1.816216368921632,0.32883022990572686,2.1934624838200456,0.24277132562998485
2833,1.2122650802945012,0.5990108703059648,2.1934624838200456,0.9673377822412657
2834,1.820801996287827,0.3299988060749593,2.2050906945111506,0.27271406005631194
2835,1.2164997681790743,0.616745719615673,2.2050906945111506,0.9727108983905972
2836,1.825730323572641,0.33076657184573804,2.2178108196542667,0.3137004468813154
2837,1.2218365678550236,0.6342376573564251,2.2178108196542667,0.9714382390076773
2838,1.8299528707068768,0.33042060552040864,2.230436257853182,0.32429037817785183
2839,1.2281211548681603,0.6517277479188855,2.230436257853182,0.9846405880336551
2840,1.8347141952317918,0.32992836222894456,2.2442822653873873,0.38577461619477854
2841,1.2354862829631619,0.668905974030422,2.2442822653873873,0.984996502033668
2842,1.8393349790184683,0.32970666369734547,2.258750754793288,0.32887024844725854
2843,1.2438377245175412,0.6858861994787303,2.258750754793288,0.9848981914300962
2844,1.8436580193708352,0.33028479734454375,2.273809298875113,0.27356682102362523
2845,1.2531413941576057,0.7026721816955344,2.273809298875113,0.9857707451535943
2846,1.8477758264586859,0.3316451790221892,2.2895487116496134,0.2288693856829632
2847,1.2633658611843797,0.719260982227304,2.2895487116496134,0.986426926675892
2848,1.8515102270661734,0.3335776554294544,2.305789567496001,0.1852480302821973
2849,1.2744815956856794,0.7356354363298302,2.305789567496001,0.9930600548651104
2850,1.8553767244257686,0.3364132952800399,2.3230347292582834,0.18313084896655765
2851,1.2864650340423245,0.7516939151581831,2.3230347292582834,0.9929826387265946
2852,1.8590768023159965,0.3390684308046331,2.3407544667189764,0.1782444196189235
2853,1.2992605596915816,0.7674911287972386,2.3407544667189764,0.9901764048089441
2854,1.8625151625351226,0.3408295612677151,2.3586476285893547,0.20170663215075305
2855,1.312826556566728,0.7830074094538206,2.3586476285893547,0.9926756815769233
2856,1.865888726141947,0.3418938435202309,2.376859546000888,0.2285124580700612
2857,1.3271167099183503,0.7981981714196362,2.376859546000888,0.9916794933732337
2858,1.8690992206163983,0.3425749433241683,2.3953564504585234,0.218905237906018
2859,1.342086565221904,0.813104016632289,2.3953564504585234,0.9914521748172255
2860,1.8721986996378228,0.3436319912066001,2.414360416632373,0.1831791344462776
2861,1.357686988975002,0.8276751085530423,2.414360416632373,0.9934236034416579
2862,1.8752907652355042,0.34545392504143946,2.4340453836337526,0.16394273621357197
2863,1.3738666431164381,0.841890983329319,2.4340453836337526,0.9896402876901816
2864,1.8782184111810825,0.34786924816066817,2.4542203664181876,0.15792661232022334
2865,1.3905713383466718,0.8557285496200826,2.4542203664181876,0.9893611648275457
2866,1.88115167032109,0.3509685727349049,2.475013672154096,0.17861183750784515
2867,1.407750254161973,0.8691813551555949,2.475013672154096,0.9854654643377085
2868,1.8839105987298903,0.35458043965380465,2.4962069835686274,0.19841396829366642
2869,1.4253503855646328,0.8822335054886935,2.4962069835686274,0.9859489161702184
2870,1.8867530387155904,0.35887649799590576,2.5179923366595385,0.24439807559314883
2871,1.443309216998688,0.8948489436546344,2.5179923366595385,0.9832318982666544
2872,1.889587509717255,0.3637653376877988,2.540235351453503,0.2825259658190144
2873,1.46157828460309,0.9070279661258536,2.540235351453503,0.9775542093813748
2874,1.8922760931607472,0.36912864265810785,2.5627538426598933,0.3144307858584569
2875,1.4801085983276607,0.9187632810588225,2.5627538426598933,0.9742436460358762
2876,1.8948123012702673,0.3741886329593015,2.585225889701785,0.24880612020579804
2877,1.4988461245822484,0.9300359997875921,2.585225889701785,0.9708194914778253
2878,1.8971184049065093,0.3782751912974955,2.6073205698769804,0.19716796339259593
2879,1.5177416398770027,0.9408347575661665,2.6073205698769804,0.9671205396851066
2880,1.8991946715378532,0.3814137046939267,2.628983634864704,0.1360988732183701
2881,1.5367325030094032,0.9511281881263883,2.628983634864704,0.9646233815631671
2882,1.9010576047415404,0.38364354225582636,2.6501932311722745,0.08615188498348118
2883,1.5557715740464266,0.9609083078030672,2.6501932311722745,0.9577245081074683
2884,1.9026104605794758,0.3849287819783298,2.6708197812098775,0.07143808967830104
2885,1.574810116244999,0.9701627258930833,2.6708197812098775,0.952742194623116
2886,1.9038246180746106,0.38528413243883514,2.690799674511756,0.0850564977604936
2887,1.593799745260358,0.9788781758855115,2.690799674511756,0.947569537742193
2888,1.9048054974205426,0.38481500619459,2.7101967327202487,0.14053980376370068
2889,1.612693812355403,0.9870422811040703,2.7101967327202487,0.9431981860101278
2890,1.9054909387017733,0.3835143722192337,2.72891067199159,0.17650277785950397
2891,1.631438543481705,0.9946348702008136,2.72891067199159,0.9362583070941496
2892,1.905899944697601,0.3814303213703536,2.746917329188738,0.22471505085832888
2893,1.6499801013839386,1.0016367671163176,2.746917329188738,0.929703573602865
2894,1.9059644585143183,0.37855490845935874,2.7641271239112393,0.26752898976395595
2895,1.668279177819855,1.0080422702251781,2.7641271239112393,0.9232526884144288
2896,1.9057757570108784,0.3749844106994292,2.7806114065062375,0.3177997014445632
2897,1.6863102097850926,1.0138550395902406,2.7806114065062375,0.917102348134442
2898,1.9052613395847038,0.3707096436928167,2.7962590725221985,0.35717225957134746
2899,1.7040165295036847,1.0190513627446147,2.7962590725221985,0.9107482605797856
2900,1.9044269131444365,0.3657729121933435,2.811050024404474,0.39670715808437834
2901,1.7213600718540851,1.023623406563057,2.811050024404474,0.904121601715767
2902,1.9033062889861776,0.36023548069591227,2.8249889646336657,0.4409480845797599
2903,1.7383022658897167,1.0275624286757667,2.8249889646336657,0.8971345562651658
2904,1.9018025473585076,0.3540758159216973,2.837974649141418,0.4756205589251907
2905,1.754817193637559,1.0308677615994484,2.837974649141418,0.8908601992660176
2906,1.8999890522411227,0.34738304794921654,2.8500365659834803,0.5160572390851211
2907,1.7708553869493167,1.0335227551213355,2.8500365659834803,0.884174393494523
2908,1.897912485815669,0.3402309743595032,2.8611983961791334,0.5488361741863612
2909,1.786386760652691,1.0355240686344473,2.8611983961791334,0.8769924039089113
2910,1.8953048058413617,0.33249186185547774,2.8712516450264682,0.5798680727305476
2911,1.8014300949368622,1.0368947162134954,2.8712516450264682,0.8723533146068752
2912,1.8926337077556836,0.32451641110686247,2.8805027879674987,0.618847754017629
2913,1.815863707664573,1.0375793155489448,2.8805027879674987,0.8645408603585458
2914,1.889466468751283,0.3160744595207987,2.8886246315719424,0.6467406538895998
2915,1.8297333157108335,1.0376154768360417,2.8886246315719424,0.8589219787522646
2916,1.8859773205580634,0.30733303735820894,2.895717860443786,0.6744540097877081
2917,1.8429736634834424,1.0369817072272707,2.895717860443786,0.8535431518411437
2918,1.882348842918885,0.29847468194069876,2.9019185092109203,0.7077875711440554
2919,1.8555517831259003,1.0356754816155562,2.9019185092109203,0.847386863003299
2920,1.8783441804783119,0.2894065844106007,2.907029262952793,0.7364464439804412
2921,1.8674674115989969,1.0337086432688636,2.907029262952793,0.8444684213418224
2922,1.8740651834516617,0.2802708902879224,2.9111190428452285,0.7600292055031549
2923,1.8786912970124343,1.0310803198528922,2.9111190428452285,0.8365590398144409
2924,1.8693892455773642,0.2710582744385419,2.914078440716982,0.7827902021850985
2925,1.889210319539423,1.027796500020836,2.914078440716982,0.8302745956077016
2926,1.864176521326002,0.26174211602294545,2.9158243547977545,0.8032330054556232
2927,1.8990504529688392,1.0238741761169765,2.9158243547977545,0.8289784935857535
2928,1.8588881545841385,0.2527733437706902,2.916664267965236,0.8292634417484102
2929,1.9081167506221424,1.0192943996457624,2.916664267965236,0.8213022440445779
2930,1.8530158944206667,0.2438550061684443,2.9162371861187015,0.8472854676070661
2931,1.9164708493837788,1.0140840967350824,2.9162371861187015,0.8183074845816524
2932,1.846884092150005,0.23536442261973284,2.914761488729912,0.8682548121970195
2933,1.9240483550092091,1.0082374545464525,2.914761488729912,0.8143888137054404
2934,1.8404006499338776,0.2273547286978372,2.9121676934601393,0.8899998416660289
2935,1.9308498350313523,1.001766461417655,2.9121676934601393,0.810242855672949
2936,1.8334352889290106,0.21983504047703023,2.9083836351399603,0.9021104012956129
2937,1.9369012555710066,0.9946845425012656,2.9083836351399603,0.8082494980624171
2938,1.826300859166207,0.21326185451955904,2.903601862107935,0.924948297225402
2939,1.9421349249633824,0.9869957595611852,2.903601862107935,0.806262815141673
2940,1.8189487443915806,0.20777456089351878,2.8977868879416255,0.9424289900314924
2941,1.946553135134873,0.9787165356624763,2.8977868879416255,0.8006764114707445
2942,1.8109910897409174,0.20309164571762078,2.8906840847480515,0.9538435821515856
2943,1.9502028852219468,0.9698599822577614,2.8906840847480515,0.8009647078002357
2944,1.8029045645419084,0.19992757517280318,2.8826139378437072,0.9815090708891357
2945,1.9530247258929216,0.9604427843305245,2.8826139378437072,0.7960548103167406
2946,1.7951080503208254,0.19839748160485324,2.8742463750421567,0.8919499211400712
2947,1.9550617566819672,0.9504760245685095,2.8742463750421567,0.7950853343358135
2948,1.7886564305001404,0.19912578607084533,2.866642288561117,0.8121927265762271
2949,1.9562827652072103,0.9399812984567949,2.866642288561117,0.7946010749593683
2950,1.7834983939073468,0.2016234109680025,2.8597894613720816,0.7319142350472365
2951,1.9567033632948114,0.9289736291249261,2.8597894613720816,0.7906039535111584
2952,1.7784468671663898,0.20487249024186616,2.8524168470792555,0.7478702964682099
2953,1.9563327848423129,0.9174673395514563,2.8524168470792555,0.7902400807024113
2954,1.7728863166806816,0.20879431632565754,2.8437468697906803,0.7654168064755076
2955,1.9551589490709667,0.9054894155282981,2.8437468697906803,0.7877155419180225
2956,1.7666458190338128,0.21312218521685572,2.8336685249517393,0.7830190600783404
2957,1.9531913572992754,0.893060154208854,2.8336685249517393,0.7859550539680454
2958,1.759734792954637,0.21785734077822952,2.82221361102206,0.7939943684125642
2959,1.9504462300025998,0.8801926117670308,2.82221361102206,0.785339574792963
2960,1.752333616593007,0.22333929715296372,2.80950675398754,0.8187147873646832
2961,1.9469171373497178,0.8669244657726419,2.80950675398754,0.7844642969984363
2962,1.7443761410727754,0.2294467084579537,2.7955168193156594,0.8306730528290387
2963,1.9426172371949635,0.8532805188759945,2.7955168193156594,0.7830291527043118
2964,1.735816278314394,0.23606232680790115,2.7802324076006517,0.8478690193214264
2965,1.937561755372677,0.8392818747562804,2.7802324076006517,0.7830815912680543
2966,1.7267173179998092,0.2433001940385032,2.763708707652456,0.8587281177676596
2967,1.9317607158026375,0.8249622338656991,2.763708707652456,0.7823575784455937
2968,1.7170828180262847,0.2511439773947925,2.7459632165289434,0.8761201528597801
2969,1.925227520485972,0.810357960691184,2.7459632165289434,0.7813054815282512
2970,1.7068989756383386,0.2595224674790837,2.727006792337994,0.8992537841505415
2971,1.9179790807123756,0.7955042490323491,2.727006792337994,0.7791932949240572
2972,1.696173104812104,0.2684072346643408,2.7068652973580964,0.9122079903024578
2973,1.9100339356664608,0.7804410429528357,2.7068652973580964,0.7779252076845395
2974,1.6849116234908768,0.27776073868568113,2.6855665493877323,0.9122998131746552
2975,1.9014127448888158,0.7652065926809266,2.6855665493877323,0.7769941526935374
2976,1.6731590531817813,0.28766544145731476,2.6631581693248485,0.930805257152629
2977,1.892135604100461,0.7498283749365962,2.6631581693248485,0.7771959442225272
2978,1.6608961540785574,0.29800569149956024,2.63965268536883,0.9389610468029964
2979,1.8822235891296029,0.7343530008263894,2.63965268536883,0.7775727431421752
2980,1.6481416258107509,0.30878192557019746,2.6150851702631197,0.9483745625406673
2981,1.8717003329253792,0.7188305666597758,2.6150851702631197,0.7757462363341195
2982,1.6348783413934636,0.31984695226152565,2.5894730949481235,0.9575220641221086
2983,1.860584280335625,0.7032874654052653,2.5894730949481235,0.7763930825136702
2984,1.6211909414360874,0.33149732167791757,2.5628841515562284,0.9716942917799676
2985,1.8489139127664975,0.687821981926239,2.5628841515562284,0.775524443257113
2986,1.6069995305233353,0.34328205368030573,2.535313525942265,0.9793639825644893
2987,1.8367014548541687,0.6724387365319922,2.535313525942265,0.7767916240563124
2988,1.592407976309348,0.3556838953083872,2.5068324714351222,0.9977290948811051
2989,1.8240000253766986,0.6572620070410993,2.5068324714351222,0.777239506194138
2990,1.577366005775646,0.36836214228218794,2.477453436025575,1.0085741025725612
2991,1.8108273320645818,0.6423148898198761,2.477453436025575,0.7775726576202506
2992,1.5619799087106998,0.3812726931421815,2.44731286432962,1.0026522072679551
2993,1.797217534509169,0.6276678415896924,2.44731286432962,0.777390548474689
2994,1.5462520450742605,0.39450490104547953,2.4164214990404878,1.0184908233880356
2995,1.783202693080781,0.6133872856362197,2.4164214990404878,0.7781795009347191
2996,1.5301114822994115,0.4079536949201622,2.384757361118399,1.0261713679146478
2997,1.7688255939702455,0.5995606845344054,2.384757361118399,0.7780415204541168
2998,1.5136301434889914,0.4212279273163744,2.3524129949251256,1.0118551809479737
2999,1.7540482944327533,0.5861406027743118,2.3524129949251256,0.7823408000082688
3000,1.49683829792437,0.43505640541694585,2.3194301216383906,1.0343596804271478
3001,1.7390194099033571,0.5733987420598772,2.3194301216383906,0.7883926650032614
3002,1.4796540075309736,0.44922972381457227,2.285753288924708,1.0437390294757127
3003,1.723735949486121,0.5613430591270041,2.285753288924708,0.7845194247452927
3004,1.462088161751212,0.4631855223781306,2.251459786764569,1.0387522528702913
3005,1.7081775270557158,0.5499736026077572,2.251459786764569,0.787206094188461
3006,1.4441836591454467,0.47696496738441013,2.2165725151104505,1.037036988603395
3007,1.6923337027547944,0.539320570736273,2.2165725151104505,0.8000623278834854
3008,1.4258768193331388,0.49165315197840376,2.181100446428747,1.0717854326943648
3009,1.6764865884318814,0.529789243343821,2.181100446428747,0.7943660384514568
3010,1.4084740384320376,0.5061062060590643,2.1463733598224053,0.9774834502847137
3011,1.660539245361318,0.5212684170647078,2.1463733598224053,0.7970627317117153
3012,1.3929906605529387,0.5197422504009701,2.113349948485051,0.8788607401865727
3013,1.6444070584100277,0.5136975620308444,2.113349948485051,0.8047580664324675
3014,1.378015073855717,0.533525845860017,2.0807365625005456,0.9044972593887125
3015,1.6283342735053206,0.5073828972919212,2.0807365625005456,0.8065462624684582
3016,1.3626311881628148,0.5468103164704212,2.0476859333342,0.8985061782808199
3017,1.6122109333204662,0.5022275419081975,2.0476859333342,0.8139022518283923
3018,1.346737571628126,0.5603255443391081,2.0141365798573028,0.9263165618427678
3019,1.5962178963759892,0.4984257730137642,2.0141365798573028,0.8170425360025466
3020,1.3314009047613233,0.5734980935547896,1.9811569731953216,0.8527909922565666
3021,1.5803322838379188,0.4959554777639832,1.9811569731953216,0.8223393452213681
3022,1.317573319545113,0.586448402718839,1.9496389406525967,0.7971594147908876
3023,1.5646158322382202,0.4948638396741918,1.9496389406525967,0.8255261993911979
3024,1.305554684159535,0.5984909033042934,1.9198681358822516,0.6995408158729638
3025,1.5489579097568666,0.4950645188785967,1.9198681358822516,0.8336019915754641
3026,1.2952363012320809,0.6098883153350755,1.8918587825347086,0.6364128491906966
3027,1.5335580229692973,0.4966857860223149,1.8918587825347086,0.8397791559872427
3028,1.286502024203666,0.6208540458183978,1.8653757308048788,0.5854390742028666
3029,1.5183474170557962,0.4996555138277345,1.8653757308048788,0.8539056987116539
3030,1.2788565802852359,0.6324766055310476,1.8400928275866646,0.6079049620042805
3031,1.503734289870986,0.5041414253112175,1.8400928275866646,0.8548171089348926
3032,1.2726387827005041,0.6436583671660261,1.8163368003739093,0.5496004671880629
3033,1.4895069197539121,0.509950097000841,1.8163368003739093,0.8542412875843645
3034,1.2668204495109525,0.6539045598218366,1.793205116719445,0.5167099512848492
3035,1.4755717028250306,0.5169910889545662,1.793205116719445,0.8623808899343758
3036,1.260301175416422,0.6636210880787397,1.7697801220184186,0.5141100000658263
3037,1.4620909661372512,0.5252667923422998,1.7697801220184186,0.8775457896010902
3038,1.2527443724892457,0.6736080180334235,1.7457785515049593,0.5530839366869235
3039,1.4492792783287842,0.534749013480745,1.7457785515049593,0.875135689951611
3040,1.2457140360288714,0.6830569532497105,1.7226973656491678,0.492378585432998
3041,1.4370434733188906,0.5453237547409546,1.7226973656491678,0.8763296674501879
3042,1.2392197612406646,0.6914403141690089,1.7005138956071095,0.45591470822812835
3043,1.4252084746149731,0.5569100273049074,1.7005138956071095,0.8868496262704846
3044,1.2321421586250334,0.6991885384004424,1.6783625542716496,0.4532635012765861
3045,1.4139908310175242,0.5694710957789052,1.6783625542716496,0.8938591615598874
3046,1.2244672659065579,0.7064297576113209,1.6562622558290052,0.4568585421420078
3047,1.4034348253190965,0.5829390061807751,1.6562622558290052,0.9042576725946714
3048,1.2156244824189297,0.7141531078559354,1.6337873409840817,0.5182293718271184
3049,1.3938696501958454,0.5972109582956077,1.6337873409840817,0.9070352861899241
3050,1.2071765567603248,0.7217665603996511,1.6122630977385337,0.4798076543075171
3051,1.3851042676155207,0.6122126529354578,1.6122630977385337,0.9071215091328532
3052,1.2004158726739025,0.7287147238867834,1.5927451590897945,0.3910034781593174
3053,1.3769498411374244,0.6279282769564748,1.5927451590897945,0.9258219499496942
3054,1.1944207267077003,0.7364233240635668,1.574401014955797,0.40427946639545503
3055,1.3698218727544218,0.644211770495011,1.574401014955797,0.9261955533758447
3056,1.1885679137341507,0.7438488090118295,1.5569076254930032,0.3972778897171604
3057,1.3635827296290048,0.66103194581849,1.5569076254930032,0.9273250452669605
3058,1.182076174318847,0.7506698901680389,1.5398126400073724,0.3966061834268078
3059,1.3582764810302357,0.6783232205143398,1.5398126400073724,0.9287613451076479
3060,1.175453200640824,0.756151759375049,1.5236883930340321,0.37069727517073475
3061,1.353757403826772,0.6961140031720838,1.5236883930340321,0.9383438396526639
3062,1.1683809762482622,0.7609368640120338,1.508237632763998,0.3777030187452541
3063,1.3501535548381767,0.7143229011814558,1.508237632763998,0.9493014103922139
3064,1.160044481107264,0.7662158284773704,1.4927948887565914,0.4335633230424163
3065,1.3478085894235683,0.7327127081773601,1.4927948887565914,0.94689119455015
3066,1.1511696448637532,0.770999822237506,1.4781062209672566,0.45182369945847334
3067,1.346474801928936,0.75136293857087,1.4781062209672566,0.952442099157032
3068,1.1417930555913491,0.7753051033296101,1.4642946889681472,0.4738618075563774
3069,1.3461780586268555,0.7702171097582713,1.4642946889681472,0.9515239369359488
3070,1.13246573083604,0.7784421287557657,1.4519721364496647,0.47714643280641933
3071,1.346770105139494,0.7893707564429633,1.4519721364496647,0.9601343999434588
3072,1.1224619683926806,0.7814945700091225,1.4404708277027707,0.5233616888543655
3073,1.348477079806837,0.8086062263014332,1.4404708277027707,0.9647726608761253
3074,1.1117372501319212,0.784560197053522,1.4297923803295671,0.5485876002604545
3075,1.3512944991783293,0.8278671644276601,1.4297923803295671,0.9623374598258365
3076,1.1011707179128978,0.7865754153176394,1.420918258720037,0.557216344680634
3077,1.355041236663191,0.8473162528733191,1.420918258720037,0.9779121990634658
3078,1.0897553249216614,0.7888924214866415,1.412828584700813,0.6103400885220788
3079,1.3599115290762847,0.8666756781613144,1.412828584700813,0.9738812547800063
3080,1.0788352485863044,0.7913549732371267,1.40636138397316,0.5403966972589336
3081,1.3657937035981331,0.8860242950737126,1.40636138397316,0.9713948728278242
3082,1.0695404194755171,0.7936861964544792,1.4022033979262245,0.453882006869828
3083,1.3726079803575058,0.9054563111941968,1.4022033979262245,0.9769741593057916
3084,1.0614911776295215,0.7962576846300263,1.3998957621003068,0.3837607154027291
3085,1.380395595869434,0.9248623774114294,1.3998957621003068,0.981872455383761
3086,1.054057842275733,0.7996868092579882,1.3986980214573321,0.34822792087235027
3087,1.3891850106272023,0.9440889800146209,1.3986980214573321,0.9834012522192832
3088,1.0473201385193434,0.8037685270080956,1.398648411700231,0.31530480396549126
3089,1.3989208276146397,0.9631356264936227,1.398648411700231,0.9807806416314941
3090,1.0413598644811985,0.8070338040586092,1.400544836127151,0.3128651242611264
3091,1.4095068004835494,0.9822092534457005,1.400544836127151,0.9865384496324163
3092,1.035079834320639,0.8096742517009691,1.4038211682046857,0.3292206839709408
3093,1.420967969171519,1.001116954158869,1.4038211682046857,0.9949656715676469
3094,1.0277762724800328,0.812453964099474,1.4077146457492022,0.38871245945871213
3095,1.4332834342399392,1.0196823500414833,1.4077146457492022,0.986664766896432
3096,1.0212415415326281,0.8148020687305053,1.4133076421322688,0.32158654534759235
3097,1.4463717845269748,1.0381657348099438,1.4133076421322688,0.9937821385413367
3098,1.0150691624548873,0.8180797063053581,1.4194470898858893,0.28391988659624595
3099,1.4602119239721194,1.0563171711209711,1.4194470898858893,0.9923069292832486
3100,1.009151675333218,0.821129155318752,1.4268197102182922,0.3005029277585612
3101,1.4747488135206148,1.074198802820599,1.4268197102182922,0.992502394029184
3102,1.0029484080761246,0.8235359029634108,1.435501079532663,0.32315587296408343
3103,1.4899381402240437,1.0918109554912476,1.435501079532663,0.991870376843373
3104,0.996483439780518,0.8253325545508003,1.4454793559018313,0.3469040911211795
3105,1.5057371040427046,1.1091407129479371,1.4454793559018313,0.9901516018325973
3106,0.990339278343683,0.8260171050846885,1.4573416955395206,0.3674648790304507
3107,1.5221363071115317,1.1263166345675713,1.4573416955395206,0.9993323342363067
3108,0.9832664764767199,0.8268527697901991,1.4696823048208556,0.4265673297940032
3109,1.539022602408156,1.1429957016207248,1.4696823048208556,0.9968752490353395
3110,0.9765250432527287,0.8277907545460509,1.4828636175912426,0.3658651744284374
3111,1.5563728269723418,1.1593071167801186,1.4828636175912426,0.9919730177954684
3112,0.9706159375359308,0.8292062638037219,1.4965946885966257,0.2958698302031366
3113,1.5741373610900427,1.1752322691549117,1.4965946885966257,0.9900000694284076
3114,0.9649162773885452,0.8305313223613146,1.5110978095480687,0.32261946295397204
3115,1.5922672962212956,1.1907539809187586,1.5110978095480687,0.9893450497596271
3116,0.9589813436932048,0.8313238811316321,1.5266083007231435,0.35998602324946893
3117,1.6107164517264516,1.2058597108981417,1.5266083007231435,0.9905529355619566
3118,0.9528101928421194,0.8316432186196316,1.5430462723544984,0.3956868220601455
3119,1.629428909939531,1.2205158417212119,1.5430462723544984,0.9839629372244486
3120,0.9466083334405183,0.8313587045715519,1.5605294163056713,0.4361738523956364
3121,1.6483495463819642,1.2346946833090182,1.5605294163056713,0.9812790492116588
3122,0.9405879021598911,0.8310290814493245,1.5785383493227578,0.39836308489634115
3123,1.6674313416255937,1.2483836346189479,1.5785383493227578,0.9782429700528181
3124,0.9351030830138457,0.8311794759893663,1.596551147625456,0.3306075899664421
3125,1.6866342623950878,1.261577941659698,1.596551147625456,0.976211521972859
3126,0.9301841803350028,0.8319525662546418,1.6143162219046583,0.281003022817331
3127,1.7059045311568195,1.274249591084474,1.6143162219046583,0.9696315713632099
3128,0.9260231876517835,0.8330978391409565,1.631999654119099,0.22603832238796362
3129,1.7252224201941195,1.2864163954715082,1.631999654119099,0.9669422424860499
3130,0.9221781319055713,0.8349480716900509,1.6490990772551233,0.19616292369031924
3131,1.7444755471752762,1.2979746828186627,1.6490990772551233,0.9612387782364591
3132,0.9188388219261416,0.8372791619424584,1.665782342423892,0.15791211111357692
3133,1.7636426469999866,1.3089441826606898,1.665782342423892,0.9561759185058601
3134,0.9159406961222707,0.8401060482819749,1.6819649100722864,0.14927779888510648
3135,1.7826809746488417,1.3193130448982038,1.6819649100722864,0.950764682481812
3136,0.9130835559383348,0.8428037255509239,1.6981712027804539,0.1590532261828912
3137,1.8015376837015562,1.329057592582239,1.6981712027804539,0.9448534024881942
3138,0.910136133827867,0.8447368737129461,1.7149728762637326,0.15197188512024232
3139,1.8201747466098745,1.338169708912583,1.7149728762637326,0.938952219212804
3140,0.9071191918694679,0.8459281178755452,1.7323171608735948,0.16741470061915525
3141,1.8385588695675295,1.3466438268053156,1.7323171608735948,0.9330733183198916
3142,0.9039924837577928,0.8464527188991066,1.750091492371873,0.21741775318201267
3143,1.8566492927509584,1.3544657032746554,1.750091492371873,0.9270137965706676
3144,0.9008747527775858,0.8462606147966639,1.768309078972179,0.24558677469441176
3145,1.874403414306906,1.3616193501905312,1.768309078972179,0.9208828181318833
3146,0.8977840471795725,0.8453870034220127,1.7868893032503161,0.28035289411806624
3147,1.8917713369553746,1.3680833590479804,1.7868893032503161,0.9148617813987668
3148,0.8946775981512904,0.8439153252340629,1.8057151963963984,0.33088105257205835
3149,1.908715044410251,1.3738470640838765,1.8057151963963984,0.9076769102885972
3150,0.8918104587310808,0.8418075988304115,1.824803693243167,0.3464410218490765
3151,1.9252108124422291,1.3789102123225934,1.824803693243167,0.9009936614740794
3152,0.8891145816493448,0.8391428428353759,1.8440447140931295,0.38746171060642176
3153,1.9412263914621535,1.3832650541554934,1.8440447140931295,0.8961881878495096
3154,0.8864790239576738,0.8359663714068338,1.8633388665281216,0.4246011887102643
3155,1.956701071349458,1.3868851459525544,1.8633388665281216,0.8880511075218744
3156,0.8840911291391618,0.8321928505854321,1.8827692680061587,0.46438233337558354
3157,1.9716300994036011,1.3897829184175967,1.8827692680061587,0.8815014785940547
3158,0.8820648762469308,0.8277953959729787,1.9023549442260077,0.49925972482769865
3159,1.9860042125924307,1.3919649754094534,1.9023549442260077,0.8759705685314604
3160,0.8802709435464086,0.8229207957491906,1.9218779720007313,0.5314244115297656
3161,1.999743226597618,1.3933961283264618,1.9218779720007313,0.8692449895871447
3162,0.878970275969689,0.817438362205338,1.9414798280460437,0.5628643782302315
3163,2.012862568414965,1.3940988728707175,1.9414798280460437,0.863034210668878
3164,0.8782656121350144,0.8113334567121763,1.9611596416102532,0.5959868845208511
3165,2.0253500064808403,1.394077291025241,1.9611596416102532,0.8579477912173267
3166,0.8780493072421991,0.8047341807344977,1.9807448417863935,0.6218846538605639
3167,2.0371524644305326,1.3933156174353534,1.9807448417863935,0.852298312619706
3168,0.8784355256781613,0.7976135179452473,2.0002634767292404,0.6493549190585105
3169,2.048274788083461,1.391827848220152,2.0002634767292404,0.8477088314156219
3170,0.8793029908573808,0.7900959005401379,2.0195546374504425,0.6774140659294255
3171,2.0586643169572603,1.3896023708595153,2.0195546374504425,0.8450631527844858
3172,0.8804692931533854,0.7823369610033752,2.038459594484974,0.7141515982606998
3173,2.0682832583019795,1.3866384202441577,2.038459594484974,0.8368126140153996
3174,0.8819845320626285,0.7749848713414467,2.056244644556528,0.6238218347867123
3175,2.0772021810404597,1.3829751373672943,2.056244644556528,0.8340246131771378
3176,0.8834692946976855,0.7681149230259822,2.072803930003723,0.6634207167911383
3177,2.0853284000923886,1.3785919878384558,2.072803930003723,0.8296091844926616
3178,0.8849667090667096,0.7617861016999024,2.0880441110373678,0.5833134448498972
3179,2.0926802395028328,1.373509628578308,2.0880441110373678,0.8243657918247866
3180,0.8861749066773463,0.7566208234330846,2.101229062463925,0.5046028719730801
3181,2.0992980319729933,1.367749302376743,2.101229062463925,0.8220166456645759
3182,0.8867459322436744,0.7527505558285214,2.1121929169534557,0.4365892285363942
3183,2.1051196298720103,1.3613075430893307,2.1121929169534557,0.8212317478115834
3184,0.8863041010128923,0.7503312060913057,2.120819156591616,0.40044220597140606
3185,2.110117968643119,1.3541956657640228,2.120819156591616,0.8159571110560343
3186,0.8852171695816315,0.7490571838860338,2.127339806925204,0.3384785611796475
3187,2.114310787254899,1.346433273146683,2.127339806925204,0.8119182027202092
3188,0.8835826195738271,0.7488041963767695,2.1318620787940534,0.2926780018409673
3189,2.1177211884955307,1.3380360561893012,2.1318620787940534,0.8125864027584951
3190,0.8809857378354213,0.749780435566251,2.1342365874062317,0.28590026116660966
3191,2.1203026364510045,1.3290193645831923,2.1342365874062317,0.8065534961202008
3192,0.8778226962290314,0.7516902565631269,2.134685062657378,0.24878466299278812
3193,2.1220915384055306,1.31939918985894,2.134685062657378,0.8045565993726395
3194,0.8739867674703274,0.7545647826818959,2.1331959296742764,0.24524963512608258
3195,2.123079809831377,1.3091919790650945,2.1331959296742764,0.8032094226018268
3196,0.869266028839132,0.7507423475252838,2.129730007577911,0.2785951240231851
3197,2.123245982647775,1.2984230155830068,2.129730007577911,0.8013659377451767
3198,0.8637142725661567,0.7452686141907976,2.1243642584031384,0.31233159751381917
3199,2.122603577889553,1.2871129397788563,2.1243642584031384,0.7991885239691521
3200,0.8573901815236598,0.7395783669027037,2.117158025591376,0.3364757769947174
3201,2.1211572456917143,1.2752856415438416,2.117158025591376,0.7974335959727388
3202,0.8503011319237282,0.7336569904254843,2.108160459223319,0.380187275344856
3203,2.118916377612857,1.2629638380406072,2.108160459223319,0.7959123818488117
3204,0.8424344185272182,0.727448641262036,2.097412720680816,0.40780614268149806
3205,2.1158829941713164,1.2501783085146034,2.097412720680816,0.7937642482394853
3206,0.835044407500372,0.7217481284976287,2.086221845233114,0.3388029359390706
3207,2.112076136730223,1.2369453652262163,2.086221845233114,0.794316764551568
3208,0.8288347430378001,0.7165605353230261,2.075599394735612,0.28677320767116504
3209,2.107493409045229,1.2233094001892377,2.075599394735612,0.7920780094284124
3210,0.8239170436915838,0.7121876704519834,2.065511622480264,0.22353414833415097
3211,2.102152892443828,1.20929381847511,2.065511622480264,0.7914579254461499
3212,0.8202428901674577,0.7085917675244137,2.0559250345058735,0.17323713986217207
3213,2.096067234772299,1.1949315420785016,2.0559250345058735,0.790838562281345
3214,0.8177745340680745,0.7057608008648846,2.046808173819761,0.12389744420117296
3215,2.089249414502634,1.1802651819348828,2.046808173819761,0.7880946033053914
3216,0.8164983655827712,0.703763750637979,2.0381210151063165,0.0997604474496448
3217,2.0817181015826973,1.1653240809542273,2.0381210151063165,0.7890287193903579
3218,0.8163239059895986,0.7024165665172033,2.0298740177804926,0.1109683379094993
3219,2.073490745241042,1.1501570996481914,2.0298740177804926,0.7860636584162195
3220,0.81727280399498,0.7019175863842857,2.022005547349921,0.11902437201199281
3221,2.064588416801453,1.1348018746473143,2.022005547349921,0.7854218042973625
3222,0.8192723990393777,0.7021150507549215,2.0145368375446058,0.16348294221075618
3223,2.055033035797614,1.1193013774974605,2.0145368375446058,0.784125201243027
3224,0.8223234594216161,0.7032010208670643,2.0073859226554505,0.20561537750787592
3225,2.0448433721762433,1.1036772287757874,2.0073859226554505,0.784417506030083
3226,0.8263569991616067,0.7049741168068826,2.0006158339879794,0.2477870790755723
3227,2.0340477724390476,1.0880053420450546,2.0006158339879794,0.7840331670821669
3228,0.8313554190718665,0.7075220221507779,1.9941864765416097,0.2917744734121308
3229,2.022669270203947,1.0723195792313813,1.9941864765416097,0.7840165385618235
3230,0.8372862506256707,0.7108596350751174,1.988083835605693,0.33624012952987503
3231,2.01073379936723,1.0566683028433177,1.988083835605693,0.7852473317278126
3232,0.844114230863204,0.715013212467352,1.9822904473262648,0.37191052886782794
3233,1.998272811485317,1.0411129115321407,1.9822904473262648,0.7856063351776276
3234,0.8518102480858971,0.7199114622919054,1.9768485465229424,0.41661215054784184
3235,1.9853174516761938,1.0257088270240957,1.9768485465229424,0.7871372043217618
3236,0.8601885054202801,0.7254869674469911,1.971585985782134,0.4443198709168581
3237,1.971903146692858,1.0105189890121513,1.971585985782134,0.7874685114567728
3238,0.8680059952762352,0.7306722996127599,1.9653985817977875,0.3691725868280994
3239,1.958063433162492,0.9955995028912907,1.9653985817977875,0.7836527867644687
3240,0.8743272167237697,0.7349329016234255,1.957250957627063,0.29421992199888214
3241,1.9437784687495687,0.9809075416505442,1.957250957627063,0.7867556216336219
3242,0.879296309491972,0.7379235374752232,1.9476243291605526,0.2326834605924981
3243,1.9291594465798316,0.9666517328855044,1.9476243291605526,0.7920315953148327
3244,0.884238617345552,0.7356706264761214,1.937737571075546,0.2769935479712668
3245,1.9142175062853566,0.9528413744124419,1.937737571075546,0.7889951344297603
3246,0.8900376855302918,0.7297208443540659,1.928241176818601,0.3132223031516504
3247,1.8989712420783325,0.9395076302709694,1.928241176818601,0.7910992743926857
3248,0.8966153749909258,0.7231092356061473,1.9190520351500466,0.3478342569822893
3249,1.8834220396516963,0.9266614234451341,1.9190520351500466,0.7989027993563856
3250,0.9041626337869206,0.7155192043512116,1.9107086461065623,0.39645623475779046
3251,1.867702964923009,0.9145065568562372,1.9107086461065623,0.7992115990487175
3252,0.9124754338547397,0.7072531701719745,1.902839421760011,0.4290249582156193
3253,1.8518065915044277,0.9030309506643863,1.902839421760011,0.7994392226446364
3254,0.9214478401475922,0.6984474624185258,1.8952946643716813,0.46300420875921516
3255,1.8357327670528587,0.8922432438767149,1.8952946643716813,0.8095600432455804
3256,0.9312496217923227,0.6888466928379067,1.8885149379945319,0.5046174549488484
3257,1.8196076133275902,0.8823119323711552,1.8885149379945319,0.8076028013877795
3258,0.9416765073449764,0.6787352137328857,1.8821775305769546,0.5349237389148693
3259,1.8034327909211405,0.8732390830007357,1.8821775305769546,0.8089207039844534
3260,0.9525644630457081,0.6683333360676167,1.876013115159471,0.5629061065389201
3261,1.7871756996605,0.8649960851702936,1.876013115159471,0.8145735292266558
3262,0.9639642309100778,0.6575612764216333,1.8702561056876885,0.5947911664612128
3263,1.7709570854529504,0.8577253998980426,1.8702561056876885,0.8201581202787154
3264,0.9759434659633618,0.6463300514991217,1.8650718347525395,0.6225079258064156
3265,1.754831067636091,0.8514823347473216,1.8650718347525395,0.823078419361881
3266,0.9882702361672918,0.6349549855470926,1.860045860973468,0.6465939618848758
3267,1.7387133496923264,0.8461860571506978,1.860045860973468,0.8304935474294919
3268,1.0010825956969016,0.6232646064271575,1.8555821533401147,0.6738401087761283
3269,1.7228044272112697,0.8420268307450098,1.8555821533401147,0.8477478133495204
3270,1.014869546456703,0.6106524807482668,1.8524587306105422,0.7237281564492916
3271,1.7072435855537378,0.8391055392350282,1.8524587306105422,0.8410202214600272
3272,1.0279341089489769,0.598805647318713,1.8488872492684332,0.631610410577381
3273,1.691925954402476,0.8373065016628487,1.8488872492684332,0.8444250471206062
3274,1.040605850304592,0.5874021603253635,1.8452301530617026,0.6618627891108974
3275,1.6769076580610884,0.8366561586644947,1.8452301530617026,0.850586224888338
3276,1.0537208963012017,0.5758106926419377,1.8421483408957464,0.6943646806255134
3277,1.6622429828139957,0.8371707231976285,1.8421483408957464,0.8578642418065804
3278,1.0662965632655956,0.5647550954943334,1.8390023655001253,0.6190239498666132
3279,1.647995373653075,0.8388630930679558,1.8390023655001253,0.8600951908403305
3280,1.0775026601780113,0.554837214076572,1.8351932361211079,0.5464248229014569
3281,1.6341890919219637,0.8417147450630962,1.8351932361211079,0.8616115393296714
3282,1.0872886645862976,0.5461125506340102,1.8306506332998072,0.4652487391436342
3283,1.6208425846716612,0.8457032469229007,1.8306506332998072,0.8655546791496989
3284,1.0954901958622079,0.5387871949371885,1.825078522289611,0.3848070218811204
3285,1.6078874321431063,0.8507701415032279,1.825078522289611,0.8747332330691244
3286,1.1027806463496497,0.5319746965595107,1.8196538899552117,0.33578648306250275
3287,1.5956326504184568,0.8570114603912198,1.8196538899552117,0.887805319901494
3288,1.1093679258511997,0.5254300877461593,1.814641611783594,0.3203869133058038
3289,1.584101310752563,0.8643719931960548,1.814641611783594,0.8799494840341097
3290,1.1146950429424884,0.5198875786747184,1.8092327606166678,0.27101260219217976
3291,1.5732070505663391,0.8727688605688534,1.8092327606166678,0.8926203859529258
3292,1.1192104830628027,0.5148004744033485,1.8041271398181036,0.24045011723588453
3293,1.563084800374764,0.882186539089019,1.8041271398181036,0.8899820787864183
3294,1.1235837925194694,0.5099324734851688,1.799522974635872,0.26048508660850145
3295,1.5536955928794285,0.8925624363976993,1.799522974635872,0.8940937673383145
3296,1.1275067924078626,0.5055555633866086,1.795144663050724,0.20199618148899878
3297,1.545039037314557,0.9038528068838374,1.795144663050724,0.9040170488014901
3298,1.1316519494786148,0.5009411205679638,1.7919171538714087,0.24604292130390912
3299,1.537312964610535,0.9160215749020707,1.7919171538714087,0.9036029207811916
3300,1.135497460939095,0.49663095970500976,1.7892390841191468,0.22069506607459197
3301,1.530458083360939,0.929006389061108,1.7892390841191468,0.9070108209394733
3302,1.1384302477357984,0.4929516147349647,1.7869056567520347,0.2129853447558218
3303,1.5245322080221875,0.9427520617534426,1.7869056567520347,0.9095990450191863
3304,1.140215287817901,0.4902215772277936,1.784524884158498,0.19307873908123263
3305,1.5194342845079816,0.9572262721018302,1.784524884158498,0.926974670711031
3306,1.141654424029814,0.48751256124328474,1.78336654087943,0.24968603573078582
3307,1.5154313918600248,0.972334191844485,1.78336654087943,0.9157004235674314
3308,1.1419690054975977,0.48580639882870774,1.7822612593675597,0.25789498798040084
3309,1.5123161771393514,0.9880710219776038,1.7822612593675597,0.9222400636389464
3310,1.1416180573841348,0.48460190479828197,1.7819477464772404,0.29187989980523127
3311,1.5102508492156808,1.0043457079790297,1.7819477464772404,0.9347245140934054
3312,1.141745077239322,0.4830326800933609,1.783193695826409,0.25713756809253463
3313,1.5092643768891894,1.0210868633733292,1.783193695826409,0.927707607319463
3314,1.1420335387165896,0.4815598909653404,1.7853599108385945,0.23181618119957165
3315,1.5092951190924195,1.0382679337962066,1.7853599108385945,0.9319412316718807
3316,1.14271952375858,0.4799135906656642,1.7886883174283648,0.18429141069356092
3317,1.5103695875537624,1.055825186508487,1.7886883174283648,0.939235186085965
3318,1.1440972550333595,0.4778689419839521,1.7932358921403526,0.14761740754835453
3319,1.5124759966339054,1.0737153458783624,1.7932358921403526,0.9336781010938315
3320,1.1456073286025095,0.47600948867543447,1.7982799886804741,0.10976256273311076
3321,1.515564122811046,1.0919383229738586,1.7982799886804741,0.9371229449805161
3322,1.1473340577265523,0.4742016639788768,1.8039248193774924,0.09311845906107258
3323,1.5196279570948128,1.1104701757081723,1.8039248193774924,0.9482800941870475
3324,1.150270198732407,0.4713380301682212,1.8114522993946147,0.16889788828704655
3325,1.5248099833942834,1.1290852806583735,1.8114522993946147,0.9421595144881759
3326,1.1529782370711161,0.46868169470102955,1.8197446448775265,0.11891904728892481
3327,1.5309779652817825,1.1478594668431785,1.8197446448775265,0.9467591228680031
3328,1.155494516640399,0.4661422021946507,1.8289457595942265,0.12113086607135931
3329,1.5381156466895975,1.1667492405398392,1.8289457595942265,0.946722333983914
3330,1.1582062700222355,0.4635727399943601,1.8388638202978236,0.14323849487247045
3331,1.5461981366280904,1.1857229122351673,1.8388638202978236,0.9486413743052923
3332,1.1613813845886503,0.460770829675454,1.8495795141759066,0.18583360119868897
3333,1.5552062646348728,1.2047292122527224,1.8495795141759066,0.9524224235442817
3334,1.1650086298616447,0.4577555637910646,1.8610543585714052,0.22792607229562212
3335,1.5651136898776046,1.2237153378921117,1.8610543585714052,0.9492774580872143
3336,1.1684186776865209,0.4552734076344559,1.8724840842454715,0.2618191520567406
3337,1.57586503189191,1.2427729028426748,1.8724840842454715,0.9532689715056184
3338,1.1719635762931067,0.45295801847763895,1.8842780941300974,0.3009490290499031
3339,1.5874497569083454,1.2618291112958284,1.8842780941300974,0.9587890966496315
3340,1.176484904886934,0.44993660879980524,1.8973330171880414,0.3544734967285175
3341,1.599848631466647,1.2806486529361218,1.8973330171880414,0.9554290203427787
3342,1.1810314101630894,0.44727392796539295,1.910559570602199,0.39079531088188324
3343,1.613000942334681,1.2993874283885347,1.910559570602199,0.9682814121217308
3344,1.186355415767559,0.4442104121905915,1.9247212467247585,0.4399339298168814
3345,1.6268628206256026,1.3178858173434296,1.9247212467247585,0.9566124267826616
3346,1.1911245527779692,0.4417643154933531,1.939124471738198,0.36536259194685367
3347,1.641397094472095,1.3362567889271206,1.939124471738198,0.9630306762824808
3348,1.1956062592928611,0.43924340538426504,1.954617286487063,0.3042740978659367
3349,1.656549766293924,1.3543694448858221,1.954617286487063,0.9623047078118738
3350,1.1994918666573409,0.4369242311514473,1.9708395080295404,0.2423652822595527
3351,1.672274821735964,1.3722203076739137,1.9708395080295404,0.9594484896562846
3352,1.2024382029197387,0.435134580377215,1.9874294356262003,0.16251169321472256
3353,1.6885655008232576,1.3899240036189182,1.9874294356262003,0.9669016461373136
3354,1.2058079720857509,0.43292621307226437,2.004929514745035,0.22875836821688028
3355,1.705311902759186,1.4072174571217324,2.004929514745035,0.9613451854713293
3356,1.2088512389667403,0.43099098704413397,2.0227012790482077,0.1608189828454367
3357,1.722494670065494,1.4241890792981335,2.0227012790482077,0.9634800038893842
3358,1.2119080801395077,0.42907174136849163,2.0408945683624307,0.20258601876406826
3359,1.7400611985943344,1.4408021195225589,2.0408945683624307,0.9585763657665567
3360,1.2145313904879338,0.4280708906023708,2.0584841682197204,0.23247984770722405
3361,1.758050576627445,1.457216184936292,2.0584841682197204,0.9614557039703715
3362,1.2173395416559958,0.427353168508998,2.0759880447883274,0.2780178661427558
3363,1.776315763251326,1.4731749568476924,2.0759880447883274,0.962081596769966
3364,1.220724659578018,0.42655784147799886,2.0937327455366606,0.33012472691143274
3365,1.7948015241625253,1.4886557681040484,2.0937327455366606,0.9619891504694879
3366,1.224505736637451,0.42591305466443047,2.1115066829506826,0.37460211524373155
3367,1.8134652575427639,1.5036577838899363,2.1115066829506826,0.9565099529252974
3368,1.2278895904578087,0.425616545405767,2.1293462704584663,0.3033392203802863
3369,1.8323053631146486,1.5182381721469442,2.1293462704584663,0.9573732730796046
3370,1.2311267855295616,0.42488996030438847,2.148014782372987,0.2384260391323395
3371,1.851224457951298,1.5322946425022888,2.148014782372987,0.9544467792279844
3372,1.234235771180976,0.4243335520833932,2.166721778652011,0.2819899159820474
3373,1.8702018154983275,1.5458486580228514,2.166721778652011,0.9525550665569076
3374,1.2374428541430358,0.4242703650639466,2.1850078409731464,0.3272126651436137
3375,1.889187821775106,1.5588744021515484,2.1850078409731464,0.9501916673194447
3376,1.2406037089609911,0.42444840818930274,2.2031780735664204,0.2963890001457661
3377,1.9081351767345658,1.5713495483156517,2.2031780735664204,0.9457968279144171
3378,1.2436746415730098,0.42499213863896423,2.2210679008250986,0.3392433820898352
3379,1.926998200956964,1.5832536682289522,2.2210679008250986,0.9422315784458303
3380,1.2467180544698278,0.4262023900154171,2.238329480642026,0.3790726028994407
3381,1.945734361537866,1.594569589186745,2.238329480642026,0.9387018344253408
3382,1.2498470792842258,0.4280045848713783,2.2550327964319186,0.416083709751133
3383,1.9642919645455745,1.6052697570056946,2.2550327964319186,0.9346761541859061
3384,1.2530842427662352,0.4304117176725536,2.2711632468409246,0.46099476176586285
3385,1.9826171934532728,1.6153258315304442,2.2711632468409246,0.9303125969631003
3386,1.2563291092289282,0.43337131612827423,2.286786109753848,0.47119606177883994
3387,2.0006797246035584,1.6247337896256058,2.286786109753848,0.9255769234438671
3388,1.259549332438907,0.4369585612956222,2.301829664389315,0.505210979078274
3389,2.018451195522801,1.6334889876172887,2.301829664389315,0.9209542225107433
3390,1.2628435880034041,0.4412559769386643,2.316218480659687,0.5465225829308461
3391,2.035889328947547,1.641572376356205,2.316218480659687,0.9163165908765437
3392,1.2661046575596187,0.4460247915596949,2.330138930550765,0.5340736061379286
3393,2.052947042217041,1.6489613784464991,2.330138930550765,0.9121027870803958
3394,1.2692782278524095,0.450460783468974,2.344239152962678,0.45620092237622484
3395,2.069588673293618,1.655644066754186,2.344239152962678,0.9061913793790011
3396,1.2724407717142994,0.4549426555360265,2.3581313762374894,0.4997650825504662
3397,2.085773883545753,1.6616048350958237,2.3581313762374894,0.9016722615336271
3398,1.2755435146158896,0.4601596322024574,2.3711957016048686,0.5193849052369495
3399,2.101472064607562,1.6668361395772329,2.3711957016048686,0.896777601710144
3400,1.2785908264092347,0.46613087829237865,2.383405901332601,0.55092193198821
3401,2.116651458580517,1.671329396350307,2.383405901332601,0.8917458632836334
3402,1.2816510948242925,0.47289881921934473,2.3947342277146815,0.5907291859011478
3403,2.1312787054755544,1.6750751470656429,2.3947342277146815,0.884230459875744
3404,1.2845117898701028,0.48030062074490343,2.405240587226247,0.5845572048609762
3405,2.1453377575116868,1.6780758213607445,2.405240587226247,0.8787214300625873
3406,1.287155687309117,0.48837442334770076,2.4148865734136242,0.615440469521495
3407,2.158829207862159,1.6803429698866794,2.4148865734136242,0.8749023714604609
3408,1.2899160715524862,0.497173203647514,2.423658080883747,0.6511060767440412
3409,2.17165678724616,1.6818284131233807,2.423658080883747,0.8687527796777205
3410,1.292383047407017,0.5068859655560287,2.4313145033520995,0.6715457523903375
3411,2.183864109208546,1.6825711526672642,2.4313145033520995,0.8648876610573698
3412,1.2948428969263235,0.5173601731823209,2.4380149363577956,0.703641803813992
3413,2.195384809000329,1.6825446340833,2.4380149363577956,0.8627771510929846
3414,1.2974687351624863,0.5285317989568231,2.4438420463997845,0.729212876721361
3415,2.206173297177636,1.6817387239950883,2.4438420463997845,0.8550741185532523
3416,1.2997778970737186,0.5405551095228905,2.4485100595959515,0.7539424598765451
3417,2.21626352692499,1.6801843316458214,2.4485100595959515,0.8510524476174809
3418,1.3018332701957054,0.5533618045616836,2.452073500478055,0.774788064058129
3419,2.225645346811391,1.6778872129164557,2.452073500478055,0.8478181163611042
3420,1.3039533524164715,0.5668428350957387,2.454700184702894,0.800918539633954
3421,2.2342647331050056,1.6748355324154685,2.454700184702894,0.8438241870750398
3422,1.3059433960424878,0.5810248235303447,2.4562748499560016,0.8235933843634452
3423,2.242124394501239,1.6710441718205202,2.4562748499560016,0.8419460422280982
3424,1.3080229375016619,0.5958531597286763,2.4569322561464277,0.8536829755409725
3425,2.2492120491273364,1.6665217907046344,2.4569322561464277,0.837837866877598
3426,1.310175177653332,0.6102757260875167,2.4573491948624833,0.7787523749946689
3427,2.2555134847890383,1.6612775304062632,2.4573491948624833,0.8324981104876654
3428,1.312383923519728,0.6232563567622706,2.458213394565102,0.6884820699352665
3429,2.2610525023802204,1.6553308717483142,2.458213394565102,0.8325950747704323
3430,1.3148892758945252,0.6359080545015238,2.458849702541241,0.7172565544736541
3431,2.2657763863746245,1.648682468859702,2.458849702541241,0.8301600318897615
3432,1.31719697922447,0.6492679563755953,2.4583026117386977,0.7511709078920477
3433,2.269703935260183,1.6413521220862894,2.4583026117386977,0.8271329433897041
3434,1.3193826163831959,0.6627013652811443,2.457009123212817,0.7186790895497076
3435,2.272824122665437,1.6333536876847763,2.457009123212817,0.8212695123414865
3436,1.3215477843959154,0.6750357773311725,2.455793326411292,0.631365611859894
3437,2.275150185115446,1.6247037058235765,2.455793326411292,0.8209007928159054
3438,1.323957878151191,0.687071440272167,2.454253180467909,0.6719116694751155
3439,2.2766498804844866,1.6154194234439543,2.454253180467909,0.8170157700987427
3440,1.3259507726672313,0.6997864866464634,2.4513494954120816,0.6885077110454441
3441,2.277342097542446,1.6055206079690394,2.4513494954120816,0.8175277649982307
3442,1.327662553418542,0.7131459899400476,2.4471763557002144,0.7064987450757588
3443,2.277225385527452,1.595028005562807,2.4471763557002144,0.8126610129938562
3444,1.3289125875652206,0.7270570612582995,2.441665160583979,0.7262772104481561
3445,2.276306463741668,1.5839621469492686,2.441665160583979,0.810415782676221
3446,1.3296112485970653,0.7414599924959103,2.434794031588585,0.7446255732451154
3447,2.2746013949760013,1.5723382308386988,2.434794031588585,0.809816549813572
3448,1.3301794999574752,0.756446488675112,2.426738737930617,0.7668727265245153
3449,2.2720843437840315,1.5601964188461273,2.426738737930617,0.8073826618331953
3450,1.3303378374906567,0.7718982431367585,2.417397141898236,0.7895748566660601
3451,2.2687798526125857,1.5475554313395945,2.417397141898236,0.8058356965756601
3452,1.3301132904660524,0.7877644204786591,2.4068107044843527,0.804648680589188
3453,2.2646964459632786,1.534442826932984,2.4068107044843527,0.8065146132333457
3454,1.3297874240473753,0.8041182967448814,2.3951172200452335,0.8247897721636781
3455,2.259837555367148,1.52089917162155,2.3951172200452335,0.8038604056223003
3456,1.3290674870471004,0.8208440172670926,2.382186351638854,0.8412466489426078
3457,2.25422225102131,1.5069497807422942,2.382186351638854,0.8028401249541864
3458,1.3280466351939364,0.8379551354846885,2.3680729663679116,0.862799148216666
3459,2.2478643168249515,1.4926285413588858,2.3680729663679116,0.8002346720432473
3460,1.3264807931189257,0.8552784593163892,2.3527092274809243,0.8719851716750946
3461,2.2407814400051738,1.4779577894033769,2.3527092274809243,0.7994777070329492
3462,1.3245688045477944,0.8728789121550435,2.3361880014233942,0.8859573097385324
3463,2.2329859640996674,1.4629874844774886,2.3361880014233942,0.8007007415877798
3464,1.322570282786394,0.8908870642138002,2.3186206038148023,0.9078618246911815
3465,2.224497065415988,1.4477673501937942,2.3186206038148023,0.7976004466488053
3466,1.3202039921106936,0.9091102372266727,2.299922673093854,0.9246093752241814
3467,2.2153375101126525,1.4323345601326487,2.299922673093854,0.795940825603465
3468,1.3173769320079731,0.9274528262058044,2.2800918110355135,0.9306232727575756
3469,2.205527011023412,1.416707135256423,2.2800918110355135,0.7976870242302521
3470,1.3144057078219118,0.9461282932477723,2.2592327534868453,0.9516632400112373
3471,2.1950910872297413,1.400955104652918,2.2592327534868453,0.7944715086003684
3472,1.310890745184388,0.9647895237692505,2.2372673432792167,0.9597409499066021
3473,2.184042994162441,1.3850729970472648,2.2372673432792167,0.7951063994362414
3474,1.3071104166648628,0.9836183895210524,2.2142934425967082,0.9679261097370211
3475,2.172418108839044,1.369156939511793,2.2142934425967082,0.7983067655568359
3476,1.3032132202510391,1.0027490769032985,2.1903523702967123,0.9951222756621015
3477,2.160247021634889,1.35325877690968,2.1903523702967123,0.7939335466714339
3478,1.299554192026596,1.0208201982409726,2.166612210993927,0.8879657818570279
3479,2.147537541430575,1.337369225807652,2.166612210993927,0.7953517203538482
3480,1.2963975164915718,1.0382647021127507,2.143030507650014,0.8918120516203619
3481,2.1343414539143963,1.3216004475686634,2.143030507650014,0.7988268416523687
3482,1.293038847958143,1.0558801465919887,2.1185532955485376,0.9177901728572488
3483,2.120697581856775,1.3060145688663904,2.1185532955485376,0.7943555751857164
3484,1.2889762030737977,1.0732579849020436,2.0930379957513585,0.9101292893331488
3485,2.1065923479204693,1.2905662862086815,2.0930379957513585,0.7979097592247275
3486,1.2847792020882383,1.0910052241332024,2.0665836242435014,0.9411341076455658
3487,2.0921270877311082,1.2754468720858467,2.0665836242435014,0.7998009210315192
3488,1.2806644209339442,1.1084212396010449,2.039828965396557,0.8990919011110858
3489,2.077300728741262,1.2606349882845116,2.039828965396557,0.8036714803908467
3490,1.2774472768261433,1.1248401492630475,2.0139040410586495,0.814578842526764
3491,2.062147526977874,1.2461834974199084,2.0139040410586495,0.8001294901374133
3492,1.2743813980567105,1.1405982478506884,1.9880066941682333,0.8246957983139074
3493,2.0467034500682293,1.2321471410564404,1.9880066941682333,0.8050651809825303
3494,1.2708856216868252,1.1565453124157958,1.961121184857003,0.8544507468075058
3495,2.031017329940754,1.2185983932024158,1.961121184857003,0.8021055983210681
3496,1.2675145893233055,1.1714172539038181,1.934494627094303,0.7471630947515039
3497,2.014996052290802,1.2054049954632273,1.934494627094303,0.8112825460228601
3498,1.2656859223876447,1.185618163348659,1.909196801380943,0.701674674544324
3499,1.9989054700177342,1.1929498699016654,1.909196801380943,0.8089835947233682
3500,1.2648152184156831,1.1984694517287326,1.8851594623399046,0.6369079825947427
3501,1.982642600296996,1.181081618361166,1.8851594623399046,0.8120349063920785
3502,1.264870426990117,1.2100266722747155,1.8623062735752758,0.5527297357108063
3503,1.9661623722944235,1.1697513096129009,1.8623062735752758,0.8267668828675409
3504,1.2664003198990974,1.2213430201644522,1.8406102464860157,0.5469661804413082
3505,1.9497931776559,1.15937085737792,1.8406102464860157,0.8198242898805366
3506,1.26881504066235,1.231605766033506,1.8200606304602156,0.4881646523553719
3507,1.9334035669430742,1.1497638268358563,1.8200606304602156,0.824900563527695
3508,1.2711577791497797,1.2415920674886503,1.7993581774214231,0.4969432569756214
3509,1.9170545328187976,1.1409975995606056,1.7993581774214231,0.8287150000970622
3510,1.2725273768179095,1.2516079507131923,1.7775447575363752,0.513243194191357
3511,1.900800239025797,1.1331256493242923,1.7775447575363752,0.8332534975570285
3512,1.2729482647291022,1.261623263186369,1.754666441687528,0.5082650059598159
3513,1.884672612036512,1.1261740358766303,1.754666441687528,0.8355794147076057
3514,1.272470565367936,1.2716552931223128,1.7307641308999544,0.5312945626119076
3515,1.868706723141698,1.1201706943311542,1.7307641308999544,0.8443521549435544
3516,1.271344024122565,1.281704077704442,1.7060926234747775,0.5370681263614829
3517,1.852970764441201,1.1151707813784197,1.7060926234747775,0.8435981430086796
3518,1.2705473197154373,1.2912008108059614,1.681913473381148,0.483214859730066
3519,1.837488938082572,1.1111838584261504,1.681913473381148,0.8532611170223309
3520,1.2709075455009669,1.3001356451897654,1.6590297849604436,0.44539363344577787
3521,1.8223472557898093,1.108267593094974,1.6590297849604436,0.8496491789297805
3522,1.2720338594195055,1.3078626800513156,1.6374591644033174,0.3735015264318568
3523,1.807424584697168,1.1063147479729607,1.6374591644033174,0.8558916945012784
3524,1.2740601262160351,1.3147084173326868,1.617143954485248,0.3298678381973761
3525,1.792781780566529,1.1053688148901315,1.617143954485248,0.8672088903522949
3526,1.2773714607581554,1.3216954122494353,1.598026479734968,0.347342840870133
3527,1.7788004953778231,1.1056740462625725,1.598026479734968,0.8659838759849676
3528,1.2805239016422063,1.3285342284456154,1.5789283925495758,0.3355871380457438
3529,1.7653520190702798,1.1070987002292685,1.5789283925495758,0.8712550891770404
3530,1.2825858867673876,1.3353849540003861,1.5589290452252695,0.3326285818906012
3531,1.752472286447843,1.1096295026844292,1.5589290452252695,0.8734330381883656
3532,1.283553738942945,1.3421312744990608,1.5380884865149658,0.3356713285510275
3533,1.740150781459964,1.1132271533681837,1.5380884865149658,0.8785169750084452
3534,1.283481900991354,1.3488020488701253,1.5164907113681219,0.3444315559243512
3535,1.728457029672422,1.1178948177695824,1.5164907113681219,0.8810988504927038
3536,1.2823258794374217,1.3551669781344449,1.494246672331052,0.3673717507869258
3537,1.7173756774552302,1.123592721596657,1.494246672331052,0.8877287775335663
3538,1.280293472683526,1.361671765307895,1.4713894464271076,0.3950102105518691
3539,1.7070813955774566,1.1303536492570172,1.4713894464271076,0.8923216828345348
3540,1.2784575275259278,1.367983401014396,1.4490985850454692,0.3502466468555299
3541,1.69754191490761,1.1381189949233717,1.4490985850454692,0.8967503389245568
3542,1.2777483486392394,1.3739655797906143,1.4283522227354433,0.31284478982200575
3543,1.6887995496955022,1.1468593856755864,1.4283522227354433,0.8991297800707746
3544,1.2781374984672076,1.3795681135007254,1.4091946869764875,0.27825222232038077
3545,1.6808796604972658,1.15653845042312,1.4091946869764875,0.907664266048418
3546,1.2796046109201542,1.3848835229634426,1.3916160206960309,0.2712523254544637
3547,1.673846900514808,1.1671239179768496,1.3916160206960309,0.90492188551805
3548,1.2820469648931492,1.3897698323233567,1.3756815045310933,0.24217134805806323
3549,1.6677332920567798,1.1785718019455171,1.3756815045310933,0.9047545510020635
3550,1.2840309345287957,1.3936989640403317,1.3603557626820042,0.18945726430410906
3551,1.662374865860257,1.1908374438414069,1.3603557626820042,0.9134355354604149
3552,1.2848740276825488,1.3973592526596472,1.3447420218147734,0.1829502038726184
3553,1.6579566382043334,1.2038959490846801,1.3447420218147734,0.917890197509506
3554,1.2846691775381702,1.400879380254229,1.3288951873145132,0.1915127133218193
3555,1.654511384419468,1.2177021269138777,1.3288951873145132,0.9283417193283069
3556,1.2836384599961077,1.4052473020376628,1.3125477648921438,0.24886750399883334
3557,1.6522603720474685,1.2321715760528869,1.3125477648921438,0.9196678418947482
3558,1.2815053879259108,1.4091232989336009,1.2962800260424754,0.261279362140239
3559,1.6509729065666296,1.2472742993489796,1.2962800260424754,0.925994012331019
3560,1.2783977060074816,1.4129333953739514,1.2800209429135216,0.2986958420469681
3561,1.6507210733181386,1.2629463270703776,1.2800209429135216,0.9257877617924285
3562,1.2742405783575637,1.4161114472688237,1.2641005497852003,0.32433640281437137
3563,1.651406011307699,1.2791787529735084,1.2641005497852003,0.936926171293375
3564,1.2692300572578916,1.419502688053147,1.248276513384127,0.3668585552486219
3565,1.6531694231172165,1.2958658123893316,1.248276513384127,0.9357042870722906
3566,1.263306276502533,1.4226283060517146,1.232890402882821,0.4008726760557341
3567,1.6559471024145926,1.3129800848042248,1.232890402882821,0.9338823317309403
3568,1.2564782033902364,1.425353538363721,1.2181416329909114,0.44019091299109525
3569,1.6597226710379924,1.3304810617865432,1.2181416329909114,0.9353432236023322
3570,1.24995810012501,1.4276749551263492,1.2050182676909147,0.35832859923803506
3571,1.6644484872735312,1.3483670703956312,1.2050182676909147,0.9393302543962206
3572,1.2435775509811493,1.430012314851622,1.1931829061579158,0.3967552157510844
3573,1.6701802284079506,1.3665324264634435,1.1931829061579158,0.947318729449233
3574,1.2363961987464613,1.4326579774358608,1.1817217069881087,0.45244850827731053
3575,1.6769095466659825,1.3849040914840716,1.1817217069881087,0.9447184575198556
3576,1.2296080859594933,1.4351307500083177,1.171949422173804,0.37454585793715
3577,1.6845792895726575,1.403478800315936,1.171949422173804,0.9425352761001574
3578,1.2229558741679127,1.4373551514976683,1.163754350676463,0.41168418063195766
3579,1.6931630895805332,1.4222232663917123,1.163754350676463,0.9450133834926284
3580,1.2156446484824164,1.4395197151816637,1.1564575185808028,0.43160739496135336
3581,1.7026449078032508,1.4410686676517581,1.1564575185808028,0.9444184136502896
3582,1.207627803442847,1.441233004283756,1.1504102564056826,0.46950100732788375
3583,1.7129826195964446,1.4600194267536222,1.1504102564056826,0.9451557558492198
3584,1.1998991420663243,1.4425135171639956,1.1462774826084716,0.3963655229136225
3585,1.724143753146837,1.4791026992526508,1.1462774826084716,0.9583891997382876
3586,1.1935341917298357,1.4447878468355495,1.1435466224231947,0.3564296303017613
3587,1.736121387536632,1.4980440654890743,1.1435466224231947,0.9480555268451689
3588,1.1885518884537842,1.4471758021282919,1.1428449664611136,0.2840732636016564
3589,1.7488519276579946,1.516944478610084,1.1428449664611136,0.9472271297427897
3590,1.1836460832469358,1.4492187845846929,1.1437258720744587,0.315575478775771
3591,1.762298931995854,1.5357987620994482,1.1437258720744587,0.9572972876269153
3592,1.1778098360119642,1.4512349453807867,1.1453084918682261,0.3575542753800469
3593,1.7764162179049179,1.5545047537448586,1.1453084918682261,0.9532120137129698
3594,1.1710728163196367,1.4508629190375961,1.1479002675741872,0.3942433292028944
3595,1.7911629830570104,1.5730663185904772,1.1479002675741872,0.9521850486898857
3596,1.1634680628912597,1.4448097953386227,1.1515826292426825,0.4308282669876124
3597,1.806495843334927,1.591449884088873,1.1515826292426825,0.948182452208419
3598,1.155028413325476,1.4378649524107234,1.1565533907006886,0.47054426678185013
3599,1.822378238838416,1.609647646133097,1.1565533907006886,0.9488984303201284
3600,1.147042497918805,1.4312995566161753,1.1629674329208803,0.39334734137845306
3601,1.838764270380317,1.6276171452690553,1.1629674329208803,0.9551573626536686
3602,1.1404934171526127,1.426183863389527,1.1705319732939738,0.33199114509083605
3603,1.8555816825477023,1.645259981258451,1.1705319732939738,0.9489534625117295
3604,1.134082120760933,1.4211405923236065,1.1792825804318032,0.37580895493623395
3605,1.8727900465648868,1.6625765345942143,1.1792825804318032,0.9468490479706794
3606,1.1280439933682906,1.4164018189566099,1.1891608356713013,0.31156336845596816
3607,1.8903511156054371,1.6795616367773976,1.1891608356713013,0.9448440005192772
3608,1.1233861434325374,1.4128742952105056,1.200378310988229,0.234494554270054
3609,1.9082378079837197,1.6962240748529156,1.200378310988229,0.9469386220125343
3610,1.118780154813489,1.4094540414056753,1.2121536353589661,0.2825197885895896
3611,1.9263516634643698,1.7124401719791749,1.2121536353589661,0.9456115570823221
3612,1.1132296172570055,1.4050735963768168,1.2246709503586088,0.32007200210828607
3613,1.9446672756106094,1.7282298392501265,1.2246709503586088,0.9406325975537516
3614,1.1067855445270847,1.3997297181428594,1.2380776955468622,0.36298732079123724
3615,1.963164302203128,1.7436094966853424,1.2380776955468622,0.9416164624556795
3616,1.0995864553921493,1.3936955550080325,1.2519032788138689,0.39259300607788383
3617,1.9817366779006438,1.7584635598814575,1.2519032788138689,0.9393109673125574
3618,1.0929000930057053,1.3881253967631082,1.2663557204048228,0.3205384435048345
3619,2.000372106854462,1.7728229274783245,1.2663557204048228,0.934355857140128
3620,1.0876159107457803,1.383851691476924,1.2814349409608112,0.2629588590754022
3621,2.019037687381548,1.786680753808569,1.2814349409608112,0.9360433273805436
3622,1.0836401876320294,1.3808959091935205,1.2966732546914113,0.2150167150345618
3623,2.037654603538527,1.7999705479912527,1.2966732546914113,0.9301214558483624
3624,1.0809530178464688,1.3791570952906738,1.3122130193386263,0.169444085048588
3625,2.056183985871818,1.812680503162332,1.3122130193386263,0.9262654467266404
3626,1.0795040311924253,1.3785917276681068,1.3279481071874515,0.11975490733173202
3627,2.0745775127275596,1.8247863145200858,1.3279481071874515,0.9224580015229094
3628,1.0779968258049861,1.3779429245347676,1.343837944801808,0.1406774636356466
3629,2.0927863695064306,1.8362635254958481,1.343837944801808,0.9177055755879662
3630,1.0754649024967826,1.3761955261908976,1.3601024789520704,0.1663426044976722
3631,2.1107791699424707,1.8471061088362377,1.3601024789520704,0.9139747150990475
3632,1.0719179063808035,1.3734153577525,1.3765207366178354,0.21937506164089238
3633,2.128496969568371,1.8572785136640841,1.3765207366178354,0.9091532290893755
3634,1.0674157252365932,1.3696259130820396,1.3931546503594368,0.2523122573066816
3635,2.1459051326822975,1.866770724773788,1.3931546503594368,0.9044236440512676
3636,1.0619987117832268,1.364864880437689,1.409965544387755,0.289976733660291
3637,2.1629671539972364,1.8755697099828885,1.409965544387755,0.8997223915137172
3638,1.0556885578005009,1.3591729327317401,1.4268523145371432,0.34004978821767234
3639,2.1796468011025962,1.8836619911794459,1.4268523145371432,0.8948407915364275
3640,1.0485439243643842,1.3525771648040013,1.4438561887277706,0.3753499869480719
3641,2.1959106095228798,1.8910359989155274,1.4438561887277706,0.8902097983367596
3642,1.0406019220233935,1.3451120778543666,1.460917242150761,0.411887699709856
3643,2.2117073291812877,1.8976655069596284,1.460917242150761,0.8846943155117454
3644,1.0319117776127436,1.3368103057917513,1.4780413940939163,0.4524907919761565
3645,2.227017662116528,1.9035509487398123,1.4780413940939163,0.8797056427104876
3646,1.0224797346268484,1.3277050414782277,1.4950779738858109,0.48718725051260237
3647,2.2417846474158996,1.9086633587935837,1.4950779738858109,0.8743129745287475
3648,1.0123400102543691,1.3178237057532676,1.5119990251801307,0.5291859659825667
3649,2.255984061090858,1.9130001041966613,1.5119990251801307,0.868855405892543
3650,1.0018843420274823,1.3075495810852447,1.5287237288100322,0.5288568778879025
3651,2.269593884859234,1.916559409625287,1.5287237288100322,0.8637042214550082
3652,0.9922095361182717,1.2980818997488035,1.5447339202511585,0.45134894715729823
3653,2.2825814201230092,1.919332105280903,1.5447339202511585,0.8598625507967819
3654,0.9827765876221758,1.2888599342096614,1.5601371835173559,0.4952638160506657
3655,2.294923993661642,1.921316154988431,1.5601371835173559,0.8531528212894733
3656,0.9729714902329644,1.2791225713369527,1.5753951338503385,0.5014897694749898
3657,2.3065969808811144,1.9225084985511696,1.5753951338503385,0.8499882600068468
3658,0.96265788390601,1.2688195442221255,1.5902328828266767,0.5438392349199878
3659,2.317561354579256,1.922898964221626,1.5902328828266767,0.8425160029265841
3660,0.952278348463131,1.258241928484749,1.6050083930013384,0.5310694286241708
3661,2.3278577504300046,1.9225206133902573,1.6050083930013384,0.8389327288751738
3662,0.9416112652986054,1.2472874074183558,1.619309107829876,0.5663000515954603
3663,2.3373884579806967,1.9213336671199575,1.619309107829876,0.8351041679160385
3664,0.9303030811458622,1.2356109772734092,1.6331380607634924,0.6042233360195515
3665,2.3461448589077203,1.9193490629674799,1.6331380607634924,0.8296618717631804
3666,0.9186241520548798,1.22332547475332,1.6468493200850958,0.6278658397991681
3667,2.354137740233229,1.9165854747235442,1.6468493200850958,0.8258146678444449
3668,0.9064833368757784,1.2104120324483516,1.660214229398934,0.6627829208519369
3669,2.361347169939769,1.913047601775824,1.660214229398934,0.8228845503258556
3670,0.8938712461287939,1.1968739705797504,1.6731442560384817,0.6901433249126554
3671,2.3677491302750973,1.9087409700071354,1.6731442560384817,0.8179367960443308
3672,0.880975144867338,1.1828044194411045,1.6858197800763204,0.714446626993009
3673,2.3733488596237713,1.9036823912056797,1.6858197800763204,0.8153934107881444
3674,0.8676982624997972,1.1681664120565667,1.698046185991062,0.7478837175470037
3675,2.3781269477775573,1.8978817770893013,1.698046185991062,0.8103366835110204
3676,0.8551595109741387,1.1541604382233197,1.7094757378117782,0.667826893040731
3677,2.3821175275486923,1.8913611420128016,1.7094757378117782,0.8080222230332463
3678,0.8430787181734541,1.1405251070217974,1.7200560027910934,0.6965311784325666
3679,2.3852883310531627,1.8841279128146071,1.7200560027910934,0.8092617095967407
3680,0.8304485321073797,1.1262113056334377,1.7299581088270612,0.7329592051694624
3681,2.38760123291392,1.8761973995960037,1.7299581088270612,0.8019703262629926
3682,0.8185768859034523,1.1125474433447204,1.7390052233986357,0.6528303262279409
3683,2.389107488145594,1.867592514835413,1.7390052233986357,0.8022345888595266
3684,0.8069016818860185,1.0990922900902054,1.7469366293267399,0.6827647817302287
3685,2.3897653430002004,1.8583346233790514,1.7469366293267399,0.7986648425967492
3686,0.7950718103026674,1.0851557819321458,1.7545688260455503,0.717406130499758
3687,2.389600303477735,1.848446067622636,1.7545688260455503,0.797101693755067
3688,0.7834867973855971,1.0712849390263914,1.7614975656650191,0.6879616138501241
3689,2.3886141834725505,1.837950687354905,1.7614975656650191,0.7936068294162023
3690,0.7729254269703595,1.0585766974097675,1.7669772935398995,0.6054069986653136
3691,2.3868266739265955,1.8268655011841959,1.7669772935398995,0.7926737009452337
3692,0.7633122828563589,1.0472730150476546,1.7703582320052034,0.5322490069394779
3693,2.3842182945173245,1.815228671080456,1.7703582320052034,0.7911223907643475
3694,0.754535868341039,1.0372842257763828,1.7716866643102418,0.47314889613588884
3695,2.3808079651391965,1.8030646349617598,1.7716866643102418,0.7916967798741219
3696,0.7464267214461812,1.0284774356665913,1.770960211396853,0.4101126838248693
3697,2.3766030017271387,1.79040760677515,1.770960211396853,0.7876070123552539
3698,0.7388122293438402,1.020072231397854,1.7694902520984963,0.4286361870808456
3699,2.371620915039161,1.7772827823293444,1.7694902520984963,0.7868866460716215
3700,0.7310576159565847,1.0110978068714969,1.7679945393918608,0.4556248774389133
3701,2.3658704745229318,1.7637314874032413,1.7679945393918608,0.7866993031376464
3702,0.7232277904863286,1.0016010655074465,1.7664853586394453,0.48688480327460915
3703,2.3593686376862664,1.7497883436681927,1.7664853586394453,0.7843530344821042
3704,0.7156504093040873,0.9918292411631745,1.7650855366981546,0.5050319289689593
3705,2.3521337317367483,1.7354841736341489,1.7650855366981546,0.7843094366783118
3706,0.708065708782121,0.9815888653147192,1.7636510868409563,0.5462668907535493
3707,2.344182747038758,1.7208665570819135,1.7636510868409563,0.7833492273824129
3708,0.7007106051017186,0.9710603372735519,1.7622617025165568,0.5707782143206193
3709,2.33553707834868,1.705977540300643,1.7622617025165568,0.7816939110809019
3710,0.6936649618594796,0.960307865260806,1.7609256897411452,0.5893144260838097
3711,2.326218434905447,1.6908495074490357,1.7609256897411452,0.7814211849264674
3712,0.6869125652411421,0.9493171563427244,1.7596206197982012,0.6098641744880287
3713,2.316251515768299,1.6755378865478712,1.7596206197982012,0.7809429572907065
3714,0.6805084621133357,0.9381289778170184,1.7583541492833297,0.6423985361189256
3715,2.305659109570986,1.660074103903548,1.7583541492833297,0.7812030684810012
3716,0.6745561114157199,0.9268263365445272,1.757148649513922,0.6613682832621883
3717,2.294467125255528,1.6445064435771946,1.757148649513922,0.7826044481828769
3718,0.6690835180788116,0.9154289769813317,1.7560056593092204,0.6946614648547297
3719,2.282700423279885,1.6288755923121023,1.7560056593092204,0.7824105378374574
3720,0.6640226836143234,0.904531367526648,1.753817910643561,0.616620023004336
3721,2.2703936941834884,1.6132473796602287,1.753817910643561,0.781938905048744
3722,0.6593838596645986,0.8940792421242809,1.750751901290061,0.6313594244002766
3723,2.257571140109448,1.5976543315348408,1.750751901290061,0.7833360435303219
3724,0.65528756833361,0.8836201220453842,1.7477967938221293,0.6626184949992664
3725,2.2442721440285793,1.5821648624791482,1.7477967938221293,0.7849989601258001
3726,0.6517149813453139,0.8734244029585243,1.7445101320188698,0.6443556794092111
3727,2.230530474316415,1.5668292052517654,1.7445101320188698,0.7846803142736121
3728,0.6483397602101456,0.8638890698980926,1.7397856630035489,0.5664765505481086
3729,2.2163725922941064,1.5516829700359376,1.7397856630035489,0.7857107630290772
3730,0.6448709844422277,0.8550852015111172,1.7331389090770712,0.4977027243267297
3731,2.2018314355073563,1.5367753378599154,1.7331389090770712,0.7882700468077303
3732,0.6416591653247898,0.8465570801140504,1.7259221660501958,0.5336885375390371
3733,2.186950670378276,1.5221720750092167,1.7259221660501958,0.7942052046821758
3734,0.6386173518099276,0.8383755177896182,1.7179544790418237,0.47733337433580747
3735,2.1717711271037916,1.507930267808483,1.7179544790418237,0.794402196980616
3736,0.635308782873969,0.8307691739325794,1.7082752323214756,0.4121822825875523
3737,2.156318839139574,1.4940826665067024,1.7082752323214756,0.7968577066436154
3738,0.6316904716397639,0.8236897313922287,1.6970014829132807,0.3564850740858539
3739,2.140652881953626,1.4807107167604179,1.6970014829132807,0.795653145329007
3740,0.6284052748427752,0.8169530485981165,1.6854559422965696,0.3749309457748324
3741,2.1247896051942137,1.4678311408271298,1.6854559422965696,0.8009232684285291
3742,0.6258050001259671,0.8102137071887712,1.6747305972582947,0.41226138601366474
3743,2.1087921952298063,1.4555254875437955,1.6747305972582947,0.8006987836120053
3744,0.6236852543213066,0.8042175254612289,1.6634279481796126,0.3311840081094305
3745,2.0925958008460395,1.4437083780567062,1.6634279481796126,0.8064839641314879
3746,0.6211488438661044,0.7987097963174499,1.6506874549557904,0.29226468007253065
3747,2.0763373435069923,1.4325552441001408,1.6506874549557904,0.8155505117383847
3748,0.6174760854693352,0.7927286257050947,1.6368879814291941,0.2964493664739433
3749,2.0601682101206227,1.422237984341392,1.6368879814291941,0.8124198940483586
3750,0.6134070777483228,0.7872162515962086,1.6218391927907172,0.2641122608039878
3751,2.0439930826367028,1.4126306448642327,1.6218391927907172,0.8170831182577182
3752,0.6098242281501712,0.7822622487906746,1.6067768992046232,0.24286633063695845
3753,2.0278147638968407,1.4037354722930435,1.6067768992046232,0.8254130659335635
3754,0.606797430607155,0.7770016560833602,1.5931748496394953,0.2671441229341322
3755,2.0118737204856068,1.3958025166996817,1.5931748496394953,0.8236185837543785
3756,0.6051782003260017,0.7727197341926728,1.5803041874096269,0.24293748374110138
3757,1.995860209817398,1.3885037260731832,1.5803041874096269,0.8389034070088397
3758,0.6040511511623463,0.7680350339343366,1.5690920897850869,0.3072955546847655
3759,1.9802738855144497,1.3823303458115175,1.5690920897850869,0.8349120222918982
3760,0.6031237937353581,0.7638609143804685,1.5576792224403462,0.24506979381319974
3761,1.9648532578751206,1.3770077298747452,1.5576792224403462,0.8407443490752116
3762,0.6015661043035518,0.7600309691751268,1.5450812616138878,0.20124957618600176
3763,1.9495869997188957,1.3725244417157096,1.5450812616138878,0.8498869892471896
3764,0.598954799311379,0.755780733413785,1.5319379737400585,0.2193866046444513
3765,1.9347282436333835,1.3690904622099878,1.5319379737400585,0.8560189352193398
3766,0.5952018909379702,0.7508390862646849,1.5185891178476298,0.2482243459029668
3767,1.9203661184893714,1.3667502985690843,1.5185891178476298,0.8575179820172215
3768,0.5917389662042223,0.7461771425935948,1.50579374475038,0.21755184829851515
3769,1.9064131862519593,1.36540636677666,1.50579374475038,0.8613616942790743
3770,0.5895980556677154,0.7424275326570097,1.494160690825412,0.18009038967665258
3771,1.8928171130227784,1.3650049466925094,1.494160690825412,0.8680953779497712
3772,0.5886852381434724,0.7395140739343514,1.4837260820995533,0.17142314861984048
3773,1.8796698626648112,1.3655979492787067,1.4837260820995533,0.8766916087049124
3774,0.5886379043613814,0.7366405840797322,1.4752000604207858,0.20925334537723014
3775,1.867207948422652,1.367313102561685,1.4752000604207858,0.8802647773880576
3776,0.5893499940453315,0.7340642562803686,1.4680798906362535,0.21818509757765753
3777,1.8554058987281372,1.3700929409838853,1.4680798906362535,0.8822532388330776
3778,0.5910030894986583,0.7322233769607381,1.4619855010276,0.23690473152154112
3779,1.8441843414339918,1.3738604526262508,1.4619855010276,0.887846494548545
3780,0.5937554713028991,0.7311928828006351,1.4570714309358237,0.27144411929872037
3781,1.83357952926755,1.37861177059861,1.4570714309358237,0.893879621308737
3782,0.5975200930370154,0.7308453110197434,1.4534482868737517,0.30617558288213836
3783,1.8236697072614814,1.3843580167888843,1.4534482868737517,0.9031540315042104
3784,0.6021271464645354,0.7306376482214446,1.451750140636622,0.35176171790421595
3785,1.8146494390738233,1.3911439196481525,1.451750140636622,0.9010768802289462
3786,0.6077589614924993,0.7313424631075307,1.4511152315477136,0.3809527074059579
3787,1.8063707011259427,1.3988685017118025,1.4511152315477136,0.9057156631734098
3788,0.6143585373862631,0.7329236870834718,1.451543245079398,0.4177012352103292
3789,1.7988687446798655,1.407514799557098,1.451543245079398,0.9139838592464832
3790,0.6213560726751789,0.73458862947109,1.4534262512526155,0.4228838632164484
3791,1.7923302807852972,1.4170971127963445,1.4534262512526155,0.9146613010582553
3792,0.628908607129835,0.7368178808361807,1.456304571769395,0.45789476687631786
3793,1.7866833089641387,1.4275502078447129,1.456304571769395,0.9218773701412885
3794,0.6373164381535555,0.7396846415860648,1.4605592041226247,0.4943624019752844
3795,1.7819834480849297,1.4388423647724708,1.4605592041226247,0.9203843107074516
3796,0.6465759150197627,0.7433664358601134,1.4659367745259348,0.5320846849742312
3797,1.7782062538400851,1.4509292328130627,1.4659367745259348,0.9281130061014449
3798,0.6553862282055857,0.7468827545389198,1.4719049048273016,0.4626984916222513
3799,1.775406204805512,1.4637744007908062,1.4719049048273016,0.9307005215549388
3800,0.662758835160591,0.7495731607762985,1.4779105154790466,0.39399195380964563
3801,1.7736005803588124,1.477333659249834,1.4779105154790466,0.9287726107924806
3802,0.6687599194840501,0.7515731673174283,1.4838582867897403,0.31835070822696626
3803,1.772790798912391,1.4915631447705346,1.4838582867897403,0.9276852421930831
3804,0.6747066660941855,0.7541217566950876,1.489897209698713,0.34499319199599465
3805,1.772864097695388,1.5064545958857456,1.489897209698713,0.9372661439360923
3806,0.6815314982071119,0.75689956265683,1.498035117766849,0.40361713608943633
3807,1.774075996884097,1.5219000780462217,1.498035117766849,0.933437669113448
3808,0.6879961970605412,0.7596399542071206,1.5067006223567145,0.32821994921202874
3809,1.7762928721040019,1.5378809455685736,1.5067006223567145,0.9371442234348702
3810,0.6932936645755107,0.7615911994717963,1.5157295793315595,0.2817744224964643
3811,1.7795258365717816,1.5543417437057638,1.5157295793315595,0.9340135988245586
3812,0.6986610828839375,0.764159600526081,1.5249291707177088,0.30606535161918696
3813,1.7836717107380773,1.5713115447071835,1.5249291707177088,0.9405832133023023
3814,0.704980804021516,0.767121478015538,1.5360411432913113,0.3674964478642324
3815,1.7888914917301153,1.58861245228335,1.5360411432913113,0.9372683065059936
3816,0.7109313616947863,0.7700689713676384,1.547541684857135,0.2984888323452907
3817,1.7950453061481377,1.606303673676293,1.547541684857135,0.9424284303783216
3818,0.7155553741044356,0.7718688800874799,1.559617267993423,0.24602002391714778
3819,1.8021802879917996,1.6242619991225944,1.559617267993423,0.9388999837290882
3820,0.7188390214980438,0.7729234259356355,1.5716208142380346,0.17128031607137337
3821,1.8102160521769943,1.6425328523440565,1.5716208142380346,0.943740238102069
3822,0.7209256728913388,0.7727843969493223,1.5844240005197467,0.14767514745777738
3823,1.819178966121684,1.6609725722599857,1.5844240005197467,0.9435688549351879
3824,0.7230669332167663,0.7727446811707729,1.5980329137332372,0.17378813045566924
3825,1.829014228923528,1.6795799752843996,1.5980329137332372,0.9485365793526895
3826,0.7262680541063394,0.7736407735412179,1.6127234952874148,0.21009099933525194
3827,1.8396895829647384,1.698311624086247,1.6127234952874148,0.9425758378025848
3828,0.7304537410191678,0.7755560102293734,1.628216672287302,0.2507923196117218
3829,1.8511699308128688,1.7171325340780939,1.628216672287302,0.9414598559330962
3830,0.7343146502398481,0.777457021492367,1.6439849219944165,0.1918979430310589
3831,1.8634208843521598,1.736039299935936,1.6439849219944165,0.951892632692493
3832,0.7369976560705657,0.7781033424837284,1.660482177118203,0.14837836735654944
3833,1.8764024138152504,1.7548844322553545,1.660482177118203,0.9399318398050266
3834,0.7395409251115668,0.7791942448588476,1.6768187795355058,0.1593963152604331
3835,1.8900925874253705,1.7738332238531427,1.6768187795355058,0.943837006724045
3836,0.7430844586683808,0.7812062413811932,1.6939458098881097,0.20216472679436506
3837,1.9044342022654328,1.7926624391172974,1.6939458098881097,0.9442267999975376
3838,0.7475984675210076,0.7841236373470072,1.711796063146687,0.2501513209594765
3839,1.9193858208113983,1.8113766551059505,1.711796063146687,0.9425285186609828
3840,0.7528701892782539,0.788119224212904,1.7297944367885623,0.2807635019086463
3841,1.9349440183039261,1.8300827030658335,1.7297944367885623,0.9455503864305722
3842,0.758897264876087,0.7930464677529916,1.7480852418184125,0.31963131257713423
3843,1.95105042083057,1.848660748556321,1.7480852418184125,0.9481154551128944
3844,0.7657649873215115,0.7987900320752225,1.766890608677432,0.3599875425192974
3845,1.9676265185281185,1.8669803956783515,1.766890608677432,0.9498520762456856
3846,0.7737088197553587,0.8052619604185968,1.7866352648749484,0.4171137024993563
3847,1.9845885308284237,1.8849388053267575,1.7866352648749484,0.9506504297374341
3848,0.7812809340930886,0.8113804877407879,1.806715756115178,0.35371767366068596
3849,2.0019401703023463,1.902651574370696,1.806715756115178,0.9505456320946751
3850,0.7875565994830946,0.816178379807802,1.8270932571612561,0.29155050449464576
3851,2.01963014587913,1.9200757887316542,1.8270932571612561,0.9468245581760645
3852,0.7925244646275372,0.8197216713688668,1.8476062856662323,0.2185909656948272
3853,2.037616782439809,1.937190552999011,1.8476062856662323,0.9468798385307828
3854,0.7974224816805945,0.8232580284011515,1.8682708167582256,0.2573080581001394
3855,2.0558528381106367,1.9539633760991781,1.8682708167582256,0.9490178562702288
3856,0.8031531268492598,0.8277859681676537,1.888952919766416,0.300388301349429
3857,2.0742866397594266,1.970355808074213,1.888952919766416,0.9471153399627071
3858,0.8096490852648728,0.833280092688523,1.9095443117177244,0.3414733477698136
3859,2.0928696147370895,1.986336567911698,1.9095443117177244,0.9453882574778141
3860,0.8168438865634167,0.8397124672144863,1.929946078490573,0.37890410800045365
3861,2.111557986691424,2.0018820396716994,1.929946078490573,0.9409273802607567
3862,0.8246896390112599,0.8470481275156705,1.9501041999935729,0.41581875417161845
3863,2.13031282251568,2.0169744604067836,1.9501041999935729,0.9400919505936203
3864,0.8332502118615703,0.8552356374624157,1.9701515705737769,0.45566569203149143
3865,2.149069821022994,2.0315614168947294,1.9701515705737769,0.9382534250817269
3866,0.8424683173344899,0.8642508719263042,1.9900039604261468,0.49646726571405636
3867,2.167787999499783,2.045624160191611,1.9900039604261468,0.9341046066300973
3868,0.8510798500090081,0.8728225991239419,2.0095527009543788,0.42243095369607003
3869,2.186455047813491,2.0591768583056798,2.0095527009543788,0.9329062807507983
3870,0.8585435905545068,0.8799326827223501,2.0293969260872204,0.34774264319071546
3871,2.2049539199396784,2.072107751352563,2.0293969260872204,0.9283308569244516
3872,0.8657523692137679,0.8827848061224906,2.048940384642142,0.3895643866039229
3873,2.223283081987943,2.0844455932136428,2.048940384642142,0.9252373650708418
3874,0.873622922175461,0.8789568681088269,2.0680671394709504,0.4245106842989709
3875,2.241385408614729,2.096152556537762,2.0680671394709504,0.9211817113952587
3876,0.882132921546426,0.8751509794779766,2.086757819618022,0.46934284782536384
3877,2.2592170582153455,2.1072065530346187,2.086757819618022,0.9168136743621373
3878,0.8902175946808946,0.871590943250987,2.105230705681139,0.39363145962599083
3879,2.2767455173082403,2.1175965902839993,2.105230705681139,0.9125093380616044
3880,0.8971004323794607,0.8683201499393617,2.1237108080982883,0.32226681565597237
3881,2.293934060919335,2.1273062927770336,2.1237108080982883,0.9082678111472592
3882,0.9038393882134221,0.8651728337294836,2.1418734989275086,0.3710807952042253
3883,2.3107455798624508,2.136318478144321,2.1418734989275086,0.9038691380165791
3884,0.9102178386556687,0.8622074022594823,2.1596911251693838,0.3003582003089881
3885,2.327139357385464,2.144612720610775,2.1596911251693838,0.8990898373520869
3886,0.9154944530497299,0.8593906424840139,2.1774306434096764,0.2352262324543966
3887,2.3430795274415646,2.1521732602146915,2.1774306434096764,0.8943522356001429
3888,0.9206824812285029,0.8566678816294716,2.1947079203289013,0.2861718732050938
3889,2.358523894247198,2.158979466154451,2.1947079203289013,0.8889258004364916
3890,0.9257994302446796,0.8541051411747296,2.2114089223226836,0.24474083574499286
3891,2.3734416570868,2.1650207572225018,2.2114089223226836,0.8841401679163537
3892,0.930089174754755,0.8515976858866937,2.227869480133491,0.18527017378043947
3893,2.3877983029936156,2.1702838565493283,2.227869480133491,0.8792531541197575
3894,0.9343239939206085,0.8491719248950585,2.243751856085242,0.23579351938907675
3895,2.4015595350010672,2.174756405542819,2.243751856085242,0.8729910835748773
3896,0.9385928894455449,0.8471363883655144,2.25868612424468,0.21724629561925843
3897,2.414738598009565,2.1784595217574036,2.25868612424468,0.8684002825882283
3898,0.9422209082778504,0.8451747149558885,2.2731805179415,0.15777982834710239
3899,2.4272783370988904,2.181363975262165,2.2731805179415,0.865725662105756
3900,0.9456142509545385,0.8429174981529214,2.2874549684654495,0.15852094785218315
3901,2.4391094077667903,2.183437158298209,2.2874549684654495,0.8592596272199242
3902,0.9492907193268231,0.8408753470148145,2.3007981356438445,0.2074430214283755
3903,2.4502490584841814,2.1847041012669157,2.3007981356438445,0.8539092779897693
3904,0.9531388446625586,0.8392934020085654,2.3129712587233136,0.20062615650156243
3905,2.4606920368074716,2.185172979241278,2.3129712587233136,0.8510710662427577
3906,0.9574595606649111,0.8378657748347749,2.324213062951124,0.25386768498272777
3907,2.4703824887770205,2.1848238365771193,2.324213062951124,0.84544453904933
3908,0.9618772030181233,0.8366746063400085,2.3345445657757016,0.23482154361476573
3909,2.4793272781133133,2.1836735295351164,2.3345445657757016,0.8411615711890865
3910,0.9657611558235026,0.8353472619223147,2.344473390130625,0.17455669776390234
3911,2.487495405125654,2.1817190560633057,2.344473390130625,0.8370630167959994
3912,0.969593908096631,0.8340903937552884,2.3536606609092403,0.22625555700305952
3913,2.4948872036648515,2.178973845398507,2.3536606609092403,0.8356950972627132
3914,0.9735395350372728,0.833125790263335,2.361821193181558,0.21202433458766537
3915,2.5014854853850594,2.1754434493372434,2.361821193181558,0.8290627515781174
3916,0.9769287861358712,0.8320840297951764,2.3694470031169934,0.15782242904288676
3917,2.5072808052456916,2.171137892234566,2.3694470031169934,0.8281143062414659
3918,0.9797584087351305,0.8304846407495802,2.3770087160984237,0.12724044276391322
3919,2.5122597266294084,2.1660670301608125,2.3770087160984237,0.8254796780442484
3920,0.9819430419969886,0.8284511215637179,2.3843536763856896,0.10787132854013409
3921,2.51642566421687,2.160246883675339,2.3843536763856896,0.8185417741508876
3922,0.9839000984488291,0.8267352580280078,2.3906060793438373,0.10004704182405248
3923,2.5197728824737693,2.153690895578075,2.3906060793438373,0.8166362269370889
3924,0.9864337244345585,0.8254644941792911,2.39552871621898,0.14897683658455935
3925,2.522279491198331,2.1464121200583484,2.39552871621898,0.8127431390516076
3926,0.9890546049237778,0.8249200788323898,2.398917068290205,0.1512232710367694
3927,2.5239657435852605,2.138431791008379,2.398917068290205,0.8105325325901185
3928,0.9918900025376882,0.8249842884442165,2.4008943886921252,0.19321398242767546
3929,2.52482397339672,2.129767470499653,2.4008943886921252,0.808067723062489
3930,0.9949504423688096,0.8257464220881736,2.401397970482369,0.23889894571661147
3931,2.524860371272507,2.1204387590846836,2.401397970482369,0.8092151480537785
3932,0.9984950564677323,0.8269831933924097,2.4006548241583223,0.2828318067512908
3933,2.524058125104247,2.110471100286202,2.4006548241583223,0.8034694222674433
3934,1.0020027102211693,0.829110384486991,2.398316950373743,0.31782692521539513
3935,2.5224431709968402,2.0998850244852627,2.398316950373743,0.8018497012157226
3936,1.005581379387374,0.8320184531108695,2.394517748099301,0.3563819858481093
3937,2.52001867222198,2.0887044869772438,2.394517748099301,0.8022562884204121
3938,1.0096128656784797,0.8354260153755408,2.3895552577142225,0.40578067888701314
3939,2.516775481204588,2.0769673438341423,2.3895552577142225,0.7997863098823293
3940,1.013541863643169,0.8388022245342861,2.3839782204727893,0.3495618502074863
3941,2.5127372856100143,2.0646967179304627,2.3839782204727893,0.7993109322694701
3942,1.0171406978814412,0.8413739021120381,2.3785083921135097,0.27916379522064644
3943,2.5079140724757987,2.0519248723801975,2.3785083921135097,0.7977638340971572
3944,1.0206574218487516,0.8439607682085392,2.3723506057554835,0.3229788206260831
3945,2.502318856210797,2.0386853676798737,2.3723506057554835,0.7958171555009006
3946,1.0241853977458104,0.8474006766047397,2.364727380775685,0.3596760347836547
3947,2.4959671936743226,2.0250116680254187,2.364727380775685,0.793170896517077
3948,1.0275531123457446,0.8517732893967837,2.3555789101107205,0.3961742685091535
3949,2.488877524863908,2.0109277931640883,2.3555789101107205,0.7924885484090136
3950,1.0308521690330383,0.8569981886079594,2.3450116265948093,0.43057283139818675
3951,2.4810638834250507,1.9964755918327275,2.3450116265948093,0.7922660991179523
3952,1.034279992840712,0.8629619105162674,2.3331839413589655,0.4686881594087984
3953,2.4725448570576134,1.9817082674514535,2.3331839413589655,0.7918507431535143
3954,1.0378573524424022,0.8696597685327795,2.3201401574992384,0.5077073350177457
3955,2.463344715674658,1.9666724294169355,2.3201401574992384,0.7900215354514752
3956,1.0411537903003902,0.8772687752537265,2.3056757247319624,0.5391079544133296
3957,2.4534827957854706,1.9513702435479015,2.3056757247319624,0.7909411002077819
3958,1.044613279197552,0.8855887737033812,2.290076001392178,0.5752868103916623
3959,2.442988419390767,1.9358881507246408,2.290076001392178,0.791032730839263
3960,1.048009091987507,0.8943663882879616,2.2735493990028544,0.5755143468773357
3961,2.43188408486252,1.9202469582937463,2.2735493990028544,0.7901237042702091
3962,1.0512809684105568,0.9024990764626624,2.25706844018791,0.4947255295984296
3963,2.4201871643299593,1.904464879478084,2.25706844018791,0.7949002785654369
3964,1.054862512784631,0.9091963895902617,2.2414429991032048,0.4349656924617031
3965,2.407940111765389,1.8886366878346095,2.2414429991032048,0.7939781106879322
3966,1.058432071853246,0.9145868164530919,2.2264789755640306,0.3661798401764837
3967,2.3951695800124524,1.8727959492874326,2.2264789755640306,0.7907140333491761
3968,1.061564424674615,0.918779367009575,2.211932700364689,0.28748785002944593
3969,2.3818641645717773,1.8568959309957698,2.211932700364689,0.7938842500597719
3970,1.0649549019609272,0.9216533422817034,2.1981411564250117,0.2502477438798065
3971,2.368117898878031,1.8411305323420144,2.1981411564250117,0.793879734207891
3972,1.0682171394063447,0.9233035524811132,2.1848830264056893,0.19692597654451624
3973,2.353908240077818,1.8254293794988214,2.1848830264056893,0.7973727440963476
3974,1.0720037044010327,0.9237153542961757,2.172425048569661,0.1981032755324858
3975,2.3393317433693186,1.8099641033589566,2.172425048569661,0.7996974004957268
3976,1.076207822401226,0.9229755561733309,2.160676062440643,0.22591099617036417
3977,2.324409347944632,1.7947484745951021,2.160676062440643,0.7990763124369985
3978,1.080359767730126,0.9211338588701814,2.149438721993299,0.22383102745372283
3979,2.309146690773042,1.7797778055113471,2.149438721993299,0.801038781156974
3980,1.0844248250703459,0.918195749815347,2.138668313528195,0.23490743571134956
3981,2.2935278116469795,1.7650229886428435,2.138668313528195,0.805238313966885
3982,1.088667028199496,0.9141814370256385,2.1284563427572643,0.27616165730236214
3983,2.2775961817271284,1.750553721426537,2.1284563427572643,0.8204663232780973
3984,1.0940626723868228,0.9093151458828164,2.1191236436610867,0.33512473348868016
3985,2.2615668793964834,1.7366810068746585,2.1191236436610867,0.8146586955802658
3986,1.0990697325507313,0.9047353100673702,2.109131480105559,0.26612766655335784
3987,2.2453775999549,1.7232909640209568,2.109131480105559,0.8131078679871658
3988,1.102833824436674,0.9013015675198477,2.0973568972711463,0.19622963874999297
3989,2.2289176934083765,1.7102291308791688,2.0973568972711463,0.8228579022559986
3990,1.1063981040297164,0.8992223726790131,2.084246235240496,0.15773131524218384
3991,2.212476448198081,1.6978784745758002,2.084246235240496,0.8220399270647116
3992,1.10889521418164,0.8981892374097138,2.0696308783834665,0.10491386843046227
3993,2.195929528822983,1.6860637962239802,2.0696308783834665,0.8269425765574843
3994,1.110448399986993,0.8981410508446256,2.053604989450741,0.07116351671157028
3995,2.1792830060520805,1.6747934349991396,2.053604989450741,0.8322972257818868
3996,1.1112347427476261,0.8990656903383796,2.0362657086998697,0.08025513764196286
3997,2.1625664882099573,1.6641048204575952,2.0362657086998697,0.8399077145450218
3998,1.1112805421940515,0.9009145658464771,2.0176207358824176,0.1137061482444291
3999,2.145735901269191,1.6539498520565272,2.0176207358824176,0.8524386640651174
4000,1.3826668235203678,0.9293806449108888,1.4882869587047667,0.0
4001,1.8827714987540363,0.45283554377580437,1.4882869587047667,0.0
4002,1.3825893615584437,0.9287544933299755,1.4885078360605983,0.05676418856743749
4003,1.8837812222213672,0.4537842454719883,1.4885078360605983,0.07544949138863492
4004,1.3821018492442856,0.9281304522474253,1.488696270794347,0.026534472721178457
4005,1.8850803935076477,0.45561430701641825,1.488696270794347,0.11584882635009842
4006,1.3811723472762993,0.9284936482477769,1.4899213718951796,0.07797424955493545
4007,1.8866995750799602,0.4583229023968772,1.4899213718951796,0.16370826726288257
4008,1.3810951848117574,0.9301725422962597,1.4926978297749594,0.11327508808120319
4009,1.8889456529134203,0.4620226311227594,1.4926978297749594,0.21415222762816624
4010,1.3804022045759685,0.9327256173113114,1.4964377548721821,0.17531637319341786
4011,1.8914965279788736,0.4665488028846402,1.4964377548721821,0.26078519252851096
4012,1.380048589184482,0.9363642798327909,1.5016265812060008,0.2181987279726464
4013,1.894689986260635,0.4720128031801119,1.5016265812060008,0.30648353272926143
4014,1.3803952734284624,0.9410905756891663,1.508159726606286,0.2647932027411812
4015,1.8984620510999757,0.47835484532164124,1.508159726606286,0.3497791807132443
4016,1.3805889991307192,0.9454975795956003,1.5146906570524372,0.19771464099859873
4017,1.90277891790916,0.4855339846933729,1.5146906570524372,0.39155228264646463
4018,1.380646002925962,0.9486280958015362,1.5203019117656575,0.1340196958926809
4019,1.9076881988859546,0.4935349020175411,1.5203019117656575,0.4306355036079132
4020,1.3798777248315341,0.9504396490016334,1.5249059104122276,0.09893970882111859
4021,1.9130496440340732,0.5023063057266345,1.5249059104122276,0.46989924959413937
4022,1.3787613304726298,0.9510880444889531,1.528855219428392,0.06710037406898549
4023,1.919060673145898,0.5118636846069143,1.528855219428392,0.5066583416143123
4024,1.3778562324419357,0.9506444506847725,1.5321869276682307,0.06622283489672272
4025,1.9257498564317828,0.5221738872255136,1.5321869276682307,0.5415686268735146
4026,1.3769772536079328,0.9491034886741232,1.534924315116773,0.10595172694229911
4027,1.9330986939047625,0.5331971336134504,1.534924315116773,0.573709210695527
4028,1.3753603802169287,0.9464999689666541,1.5371900111514458,0.15921343938481303
4029,1.941047797916862,0.5449043649943623,1.5371900111514458,0.6067333647396255
4030,1.3738995906844822,0.9428641700449214,1.5390015995368147,0.2057789004065264
4031,1.9496910068407094,0.5572546272734556,1.5390015995368147,0.63571773462277
4032,1.3720921881500256,0.9382394852741293,1.5404735529021039,0.254107645391575
4033,1.958987845780161,0.5702148319025421,1.5404735529021039,0.6646452901297102
4034,1.3699666725485538,0.9326639144253869,1.5416741509560867,0.3009409993642468
4035,1.9689403398596208,0.5837487129218584,1.5416741509560867,0.6900429270577231
4036,1.3674684627290294,0.9266141882732525,1.5431201107096062,0.30796474949627656
4037,1.9795337720551807,0.5978293622279036,1.5431201107096062,0.7161557440320891
4038,1.365452406873336,0.9212385773174531,1.5458697034186737,0.23942585150223855
4039,1.990786631515943,0.6124071122134472,1.5458697034186737,0.7400072908121411
4040,1.3639805326732444,0.9171940847397584,1.5505810528675326,0.17397489167328806
4041,2.002684659971705,0.6274476850803322,1.5505810528675326,0.7616879297457372
4042,1.3629178278440877,0.9144480077161675,1.5572330458223864,0.10980204375325847
4043,2.015210809854217,0.6429268778407381,1.5572330458223864,0.7851236116590424
4044,1.3625234474754562,0.912905350119733,1.565679461616807,0.04867026333419492
4045,2.0283648567520087,0.6587891152922957,1.565679461616807,0.8036321761655731
4046,1.3620653755637973,0.9113122297783046,1.574797361645931,0.10328270264017173
4047,2.042129111101187,0.6749924409370976,1.574797361645931,0.8227207507616775
4048,1.3610900747384866,0.9086794710470001,1.5836756281064759,0.15519572542948376
4049,2.056481550440539,0.691504411576847,1.5836756281064759,0.8389112814467732
4050,1.3596599369840228,0.9050384562575051,1.5923362068040667,0.20717763758771154
4051,2.071400553177925,0.7082850646385905,1.5923362068040667,0.8550984263108831
4052,1.3577489988824218,0.9004393522245195,1.6008393475118523,0.25427426394665054
4053,2.086861740243234,0.7252976671516872,1.6008393475118523,0.868427023373275
4054,1.3551885566056288,0.8949779035957572,1.6093305137366576,0.3012394277763654
4055,2.1028410566906772,0.7425174338530414,1.6093305137366576,0.8823379866249951
4056,1.3521532987758447,0.8886573630547238,1.617762973399299,0.34455495005212156
4057,2.1193095066474577,0.7598966041563415,1.617762973399299,0.8949193218669748
4058,1.3486744044272145,0.8815118174853747,1.6261536492630058,0.38692967966607106
4059,2.1362311908148013,0.7773832143332691,1.6261536492630058,0.9077243676685448
4060,1.3449566063095795,0.8734971752114894,1.6343744557037378,0.42902933586911635
4061,2.1535643434571887,0.7949250693871556,1.6343744557037378,0.9162958462733733
4062,1.3407331848942017,0.8647575660486416,1.6426342780471517,0.4677300282909861
4063,2.171275709466187,0.8125011476341328,1.6426342780471517,0.9247147022670537
4064,1.335958730919272,0.8553650757894831,1.6510039116265693,0.5078880136593953
4065,2.189338892351862,0.8301007767818106,1.6510039116265693,0.933978303710733
4066,1.3308807089890915,0.8452491583143351,1.6592951693376083,0.5421456906149589
4067,2.207691994104776,0.8476409325777196,1.6592951693376083,0.939808928162385
4068,1.3252782061345783,0.8345650876261423,1.6677183335861907,0.5775679725637372
4069,2.226318070705917,0.8651343811119014,1.6677183335861907,0.9474043875905085
4070,1.3194152916811213,0.8232145156077838,1.676037555484369,0.6143691533651107
4071,2.2451513654125144,0.8825038122803299,1.676037555484369,0.9517552172101065
4072,1.3137617557728138,0.8122456120338322,1.6851139531651944,0.5523633240489044
4073,2.2641649765876544,0.8997438484955221,1.6851139531651944,0.9559513027728985
4074,1.308860174971914,0.8026374007695831,1.6957035133618263,0.47454866652580074
4075,2.2833466325839753,0.9168658170687436,1.6957035133618263,0.9619505275659491
4076,1.3050861841904988,0.7942835506323639,1.7074585597761374,0.40251493340641736
4077,2.302597092018607,0.9337541573861698,1.7074585597761374,0.9647658985753927
4078,1.3022223139303595,0.787231257909044,1.7204433656145588,0.3298257258890385
4079,2.3218930617859233,0.9504101392665733,1.7204433656145588,0.9652388714526265
4080,1.2992163000503172,0.7805215813773791,1.734028736592295,0.3700268977634627
4081,2.341217932867711,0.966839314599255,1.734028736592295,0.9680480703598131
4082,1.2958168549671771,0.7729770686389625,1.7470484540734752,0.41701299897217364
4083,2.3604799451942973,0.9829503328769469,1.7470484540734752,0.9690463229997401
4084,1.2918908818125239,0.7649747212930478,1.7598981497993904,0.4364774832176435
4085,2.379665200160169,0.9987539070898858,1.7598981497993904,0.9691303878150225
4086,1.2874297389362817,0.7565292476118282,1.7725460131234234,0.47098148803527645
4087,2.398730918670518,1.014222863743869,1.7725460131234234,0.9693145025582918
4088,1.2823950061114615,0.7475413727068595,1.784860573172002,0.5133737434184721
4089,2.4176387889438233,1.029335526220325,1.784860573172002,0.9708306414987663
4090,1.277056936214108,0.738367522180751,1.7970330369670464,0.5113156844588811
4091,2.4363348168611045,1.044052814251864,1.7970330369670464,0.9668305212648983
4092,1.272128467627337,0.7300697292327549,1.8098225868602167,0.43672127055334276
4093,2.454805597131549,1.0583808833825574,1.8098225868602167,0.9670904184820165
4094,1.2684579906498958,0.7227434372236565,1.8229360099188598,0.36421734665204847
4095,2.4729582642970738,1.0722396693725533,1.8229360099188598,0.9635455983947998
4096,1.264862858088498,0.7156494496229625,1.8360283243741788,0.4106132936418933
4097,2.490779748626383,1.085636230385803,1.8360283243741788,0.9613919794002769
4098,1.2605530057276055,0.7081094132611163,1.8486614438671554,0.4409299291162724
4099,2.508239968259628,1.098557893271162,1.8486614438671554,0.959052297291328
4100,1.2555570973752714,0.700163538899538,1.8608086307981335,0.47477387354839706
4101,2.525300793570869,1.1109831842764164,1.8608086307981335,0.9546539324628861
4102,1.2498407624309198,0.691939344738497,1.8725527224379472,0.5120910657960018
4103,2.541934030481922,1.1229001971175927,1.8725527224379472,0.9510847700944011
4104,1.2433854591472342,0.6835614143522737,1.8839816587947809,0.5403655218124473
4105,2.5581300580415958,1.1343140956520867,1.8839816587947809,0.9515207932982687
4106,1.2364579564772744,0.6747144523038346,1.894582450581993,0.5798574073750986
4107,2.573783941653196,1.1451385405178673,1.894582450581993,0.9438646017655908
4108,1.2288567703045454,0.6657838754546159,1.904750063940669,0.6054010525491604
4109,2.5888947583007424,1.1553877568011581,1.904750063940669,0.9386958188377165
4110,1.2206088778600557,0.656829650134046,1.914494308684081,0.6363621241815847
4111,2.6034606236626803,1.1650728568082573,1.914494308684081,0.9347696138915569
4112,1.211797845914377,0.6478043545293288,1.9236481926783298,0.6671149272362994
4113,2.617421906266292,1.1741510602280862,1.9236481926783298,0.9320508340372684
4114,1.202486281454577,0.6386741283378932,1.9321012647154512,0.693171398636656
4115,2.630757110921105,1.1826147102931057,1.9321012647154512,0.9245974590902971
4116,1.1925337989733753,0.6298175509455277,1.9401994530547761,0.7178924240777951
4117,2.6434648715715627,1.1904730681153433,1.9401994530547761,0.9199884351964696
4118,1.1820068869975173,0.6212249572260211,1.947837481893614,0.7416422118423753
4119,2.6555166119292366,1.197710355744629,1.947837481893614,0.9181482424954956
4120,1.171066615112276,0.6126323877178989,1.954605945202693,0.772844990994421
4121,2.6668394775317745,1.204272909463603,1.954605945202693,0.9092378116500852
4122,1.1594992895022345,0.6046545716534881,1.9611244417451372,0.7917365322700722
4123,2.6774820325652873,1.2102111486333473,1.9611244417451372,0.9046971671134016
4124,1.1474044672460366,0.5971968051547935,1.9671852632072289,0.8144584711766186
4125,2.687405578508791,1.2154995539765663,1.9671852632072289,0.9003508356700992
4126,1.1348666950917015,0.590145953666761,1.9725521535638906,0.8325271308211907
4127,2.6965556304034797,1.2201001484741176,1.9725521535638906,0.8956076670449786
4128,1.1219193281957567,0.5834877217735064,1.977139352212481,0.8596369171337581
4129,2.704924305793993,1.2106814396416266,1.977139352212481,0.8895463033762425
4130,1.108728208098592,0.577542860697508,1.9811862553749284,0.8601239568839907
4131,2.7125127322408686,1.1988703305544457,1.9811862553749284,0.8839251771304172
4132,1.0964430135215293,0.5722748518362617,1.984553108708145,0.77257983205991
4133,2.7193072763895283,1.1865911003259564,1.984553108708145,0.8791947558602456
4134,1.0858339451490833,0.5673794785300093,1.986963907226937,0.6915315525230562
4135,2.725287555439597,1.1738643020985555,1.986963907226937,0.8738591985426734
4136,1.076817206044622,0.56277025145839,1.9884457884334021,0.6143434895894163
4137,2.7304518924345773,1.1607072736306114,1.9884457884334021,0.8682727102351065
4138,1.0693308845439355,0.5583127064053921,1.9889610253381473,0.5497151875445074
4139,2.7347927903396685,1.1471403852052648,1.9889610253381473,0.8625718450325525
4140,1.0632983801325533,0.553973263913631,1.9885706889626715,0.4832451627698632
4141,2.7383103206831056,1.133181703301145,1.9885706889626715,0.8581426974758234
4142,1.0587011137686233,0.5494692079325934,1.9870474084081429,0.42934579103147175
4143,2.7409812565373914,1.1188664354500304,1.9870474084081429,0.8533453770639753
4144,1.0554609133799906,0.5448204925493794,1.9844944216266995,0.37415881833540166
4145,2.7428159556588683,1.1042128831211095,1.9844944216266995,0.8477987199210196
4146,1.052285722304891,0.5404675875919082,1.9812847329144478,0.39905951147639407
4147,2.743809602704664,1.089251619188723,1.9812847329144478,0.8425160128781818
4148,1.0481587166269428,0.5369113566734952,1.9778187378025065,0.4090644075328985
4149,2.743969892438296,1.0740046894275599,1.9778187378025065,0.8378394454977857
4150,1.0431134737284233,0.5342236886514588,1.9741463756829434,0.43093145191562626
4151,2.743308288881072,1.0584879027805216,1.9741463756829434,0.8351343274141729
4152,1.0372127474144741,0.5320964520432602,1.9698663692770768,0.4659633510404063
4153,2.7417981696914304,1.0427741704768294,1.9698663692770768,0.8291917445238738
4154,1.030450388273495,0.5309658227824425,1.9654443288143397,0.48061558997685516
4155,2.739471297735588,1.0268618897584056,1.9654443288143397,0.8264015505403483
4156,1.0228732302983259,0.5305874319926416,1.960563906742908,0.5034940520495853
4157,2.7363174527861776,1.0108208183461076,1.960563906742908,0.8214306644006129
4158,1.0145020635243687,0.531171515990543,1.9554531745446844,0.5356807967607501
4159,2.732359972761158,0.9946636742374891,1.9554531745446844,0.8209373527764464
4160,1.0053636315328451,0.5325708094411626,1.9499132171745392,0.5574298004949598
4161,2.7276009618314663,0.9784586095176397,1.9499132171745392,0.8156270139902595
4162,0.9954813648871347,0.5348816419250868,1.9440474660141212,0.5963363683185353
4163,2.722058161693951,0.962245246597933,1.9440474660141212,0.8111662899161252
4164,0.9861358192319678,0.5372581044816278,1.9373204577652396,0.519224686840815
4165,2.7157486980924617,0.9460704728808498,1.9373204577652396,0.808532672842088
4166,0.9783151458936606,0.5388826372937812,1.9292084485438459,0.44928854127236284
4167,2.7086908663184968,0.9299873890577491,1.9292084485438459,0.8039743831337441
4168,0.9707068390457912,0.5406712013799392,1.9203789740646429,0.49008705109416706
4169,2.7009053065405135,0.9140495385527544,1.9203789740646429,0.8003658968025559
4170,0.962996394790701,0.5429832835680917,1.9111937419853129,0.4625666950863661
4171,2.6924136536766423,0.8982963499384219,1.9111937419853129,0.7978720836252822
4172,0.9562834989081674,0.5447434365194438,1.9008572252294171,0.3988467300598076
4173,2.683239225834918,0.8828059813723168,1.9008572252294171,0.7951699861383924
4174,0.9509780895475206,0.5455545572820123,1.8891452687875474,0.3420951451512548
4175,2.6734079118500107,0.8676359511266255,1.8891452687875474,0.7932982461879402
4176,0.9457815082177347,0.5465010916854036,1.876858181254216,0.38192695487077255
4177,2.6629466395365524,0.85284639567661,1.876858181254216,0.79013142020347
4178,0.9397251191700747,0.5484856248998938,1.8646945293431822,0.3933337760106544
4179,2.6518832474015213,0.8384989272657177,1.8646945293431822,0.7881119448161725
4180,0.9328360903834902,0.551490957712338,1.8526705062741224,0.41303147519232486
4181,2.640247531058819,0.8246602369622914,1.8526705062741224,0.7864948236028434
4182,0.9251124026268552,0.5554893849590766,1.8407760553916863,0.4560385490081804
4183,2.628076443488439,0.8114139826228526,1.8407760553916863,0.7840960755301705
4184,0.9170001181742898,0.5601121811284583,1.82882287004928,0.4458908889775855
4185,2.6153999158338155,0.7988156578015839,1.82882287004928,0.7821939963966472
4186,0.9096699045207618,0.564246840470221,1.8160740788235852,0.3781530543954726
4187,2.6022501996587737,0.7869288567287467,1.8160740788235852,0.7824339228615735
4188,0.9024980368401345,0.5683840177020149,1.8028675842350332,0.4223302279201034
4189,2.588675693159715,0.7758474202336588,1.8028675842350332,0.7802782535936331
4190,0.8946828616455468,0.5733856554994623,1.7899540907025382,0.4308766793550781
4191,2.5747098419996055,0.76562545933784,1.7899540907025382,0.7783026587571338
4192,0.886218077470359,0.5792468044638941,1.777376768622939,0.45502361555154164
4193,2.560391320337293,0.756325680056031,1.777376768622939,0.7769947788678772
4194,0.8770248375515097,0.5860705116254571,1.765276279056376,0.4842866016106005
4195,2.5457387815494505,0.7479787115539864,1.765276279056376,0.7784810917811098
4196,0.86707733423561,0.59378750612019,1.7536114574475488,0.5176282515854732
4197,2.5308351637001167,0.740702515056064,1.7536114574475488,0.7763072901629016
4198,0.8564393392680993,0.6023928359817892,1.742491116743724,0.5571963894727789
4199,2.51570747996054,0.7345228662761147,1.742491116743724,0.7775174217004774
4200,0.8458995014990678,0.6110576186353962,1.7313372551569415,0.5168845991281458
4201,2.500399893278803,0.7294844310512566,1.7313372551569415,0.7775845700261889
4202,0.836477166053033,0.6186803491711866,1.7193310068899188,0.45613930610425313
4203,2.4849662223610935,0.725632687572432,1.7193310068899188,0.7764519381346227
4204,0.8284784414250805,0.6249330946163538,1.7062757957304473,0.3948462612203286
4205,2.469454700229388,0.7229963482037522,1.7062757957304473,0.7765874798050989
4206,0.8218391808824329,0.6298576291779081,1.6922367988908829,0.32895562543214807
4207,2.453911721469786,0.7215930151130898,1.6922367988908829,0.779438547028331
4208,0.8164769284402574,0.6334975358702689,1.6772726442805093,0.2821997926226553
4209,2.4384031909796064,0.721443141009889,1.6772726442805093,0.7762746087889985
4210,0.8123628572357594,0.6360668761348413,1.6617537594100071,0.2433662876883472
4211,2.422894338423279,0.7224986075260048,1.6617537594100071,0.7803827338620053
4212,0.8091683089217571,0.6375758509372693,1.6454651616723706,0.2262790521212542
4213,2.4075730345234416,0.7248279771278835,1.6454651616723706,0.7799507015960404
4214,0.8060153838998109,0.6391744594618142,1.6296170355322865,0.24932831673973346
4215,2.3924339418274054,0.7283747497397653,1.6296170355322865,0.7791609945675714
4216,0.8021431742320114,0.6417633462526096,1.6151023116544378,0.25378668060802273
4217,2.3774784442854213,0.733094657744329,1.6151023116544378,0.7809825634718489
4218,0.7975598646877596,0.6453049040626219,1.6019655644162158,0.26217813263588075
4219,2.3627782280574787,0.7389645826741835,1.6019655644162158,0.787296248567544
4220,0.7919862010618629,0.6498947554623821,1.5901585657606803,0.29884185515754064
4221,2.3484479160754663,0.7459526672994059,1.5901585657606803,0.7836312574202389
4222,0.7858468161819832,0.6553758039240368,1.5799404300544329,0.32013710624662645
4223,2.334433600012069,0.7539932244662728,1.5799404300544329,0.7883483127202435
4224,0.7787929284167118,0.6618308329290598,1.5711830064613905,0.3685509066996425
4225,2.3209097142369477,0.763041254116051,1.5711830064613905,0.7879287645538925
4226,0.7711672162005181,0.669109391905062,1.5640210785064355,0.3976645750470787
4227,2.307806993014307,0.7594236767748913,1.5640210785064355,0.7902817732609885
4228,0.7630910400795913,0.6771209098150103,1.5584914588901009,0.422898338052568
4229,2.2951628155273522,0.7480352386930667,1.5584914588901009,0.8016932992139882
4230,0.7540012301257639,0.6861010988489357,1.5544918500010654,0.4771415824675093
4231,2.2831656414701165,0.737512934479604,1.5544918500010654,0.7968868269450862
4232,0.7454764390332688,0.6945716587922146,1.5510134587755813,0.3961491968415845
4233,2.271786024576535,0.7278510556884928,1.5510134587755813,0.804998918066894
4234,0.7371016699387125,0.7028780601775271,1.5482472549327815,0.43410335884029294
4235,2.261046457375886,0.7190959171539894,1.5482472549327815,0.8075058328534198
4236,0.7281503578450568,0.7119513635422101,1.547266818691681,0.47015615138626715
4237,2.2509890502120746,0.7113120956036092,1.547266818691681,0.8068278609427946
4238,0.7187245804902496,0.7217217205848271,1.5480951337349464,0.5042915889442008
4239,2.241646499028402,0.704553417855593,1.5480951337349464,0.8106913410031723
4240,0.7087832325092315,0.7321951655086091,1.5507341387267766,0.5363523676748875
4241,2.233073396625973,0.6988909127865373,1.5507341387267766,0.8204262427883872
4242,0.6982623519103132,0.7433945924321028,1.5551787560958288,0.5721472972276491
4243,2.2253107664561353,0.6943782270933647,1.5551787560958288,0.8223820051566876
4244,0.687321105128023,0.7552262507344422,1.5614584371856506,0.6037908884347657
4245,2.2183973949042564,0.6910613119760275,1.5614584371856506,0.8186132071559007
4246,0.6764099089444859,0.767440272948343,1.5695012950325542,0.6258685251427737
4247,2.2122556237634035,0.6888838626779588,1.5695012950325542,0.8243448520366363
4248,0.6651758465650477,0.7802135493771263,1.5793169956979465,0.660265263653481
4249,2.2070213962136997,0.6879644939019789,1.5793169956979465,0.8319035222535414
4250,0.6532179943995983,0.7937779612329472,1.5909696825683546,0.692994691401617
4251,2.202783772260112,0.6883652979830095,1.5909696825683546,0.8303791878561008
4252,0.6413307022500215,0.8076859642006881,1.6042997416156146,0.7153336009676727
4253,2.1994210258300892,0.6899800141394904,1.6042997416156146,0.8388688983417484
4254,0.6289823518556343,0.8222455827578182,1.6193956712220712,0.7470781190115515
4255,2.197048409028846,0.6928751331026908,1.6193956712220712,0.841291043926147
4256,0.6165459257917314,0.8372499278829009,1.6361671158187738,0.7721716645592428
4257,2.195642880428085,0.6970063322950755,1.6361671158187738,0.8415823961489496
4258,0.6043924658061461,0.8524958057000611,1.654454807491326,0.7926770637789348
4259,2.1951403554802473,0.702306679791761,1.654454807491326,0.8468718737712869
4260,0.5923869613000837,0.8680671064759449,1.6742692413514795,0.811985260109634
4261,2.1956179442090664,0.7087889460342335,1.6742692413514795,0.8504124402518746
4262,0.5807006522200517,0.8838703451326633,1.695438559254999,0.8300933970431115
4263,2.19698033115387,0.716371586470368,1.695438559254999,0.8633752726307217
4264,0.5683388185003044,0.9005434643133168,1.7183975960419045,0.8710775682191209
4265,2.19944846503676,0.7251011258613396,1.7183975960419045,0.8570361956353849
4266,0.5572957050338807,0.9161546861582962,1.741315717945999,0.7684772521908378
4267,2.2027977405447245,0.7348396150240317,1.741315717945999,0.8674021594609276
4268,0.5468177286515538,0.9305709173050402,1.763705024219903,0.7016326956535759
4269,2.20717137360815,0.7455723871200878,1.763705024219903,0.8672155817931708
4270,0.5373635518385219,0.9434905610635621,1.7853612932143321,0.626357303651093
4271,2.2124710076361196,0.7572154571065236,1.7853612932143321,0.8763594000710964
4272,0.5286769381416702,0.9550660580172897,1.8063952540547,0.5503387040792107
4273,2.218699318703529,0.7697078089292744,1.8063952540547,0.8726609949639951
4274,0.521341632724883,0.9649158569365467,1.8265334868081038,0.46286494372102877
4275,2.2257868037695574,0.7830085446212651,1.8265334868081038,0.8798773431067766
4276,0.5141721850173573,0.9738059929842506,1.8463135248591453,0.416111576639563
4277,2.233799291186237,0.797024759673809,1.8463135248591453,0.883143375162716
4278,0.5074748946405471,0.9815526244842968,1.8655944346408917,0.3688691048809759
4279,2.2426773535841575,0.8116959521500848,1.8655944346408917,0.8826922271038042
4280,0.501554562215351,0.9879601798868899,1.8842177358553658,0.3191181289276504
4281,2.2523807231920236,0.8269780691311948,1.8842177358553658,0.8896652499869533
4282,0.49575300335277933,0.9935024736442509,1.9025076611271259,0.28182861542260423
4283,2.262896083275854,0.8427746437192076,1.9025076611271259,0.8870563806406446
4284,0.4907648320517249,0.9984815925821223,1.9210662366932014,0.2649388181238101
4285,2.2741777377380106,0.85910278000814,1.9210662366932014,0.8950622810189908
4286,0.48531627429500285,1.0044446068080084,1.9412865349934167,0.31093908345273136
4287,2.2862049162294906,0.8757904828178684,1.9412865349934167,0.8950680743498328
4288,0.4800787637980815,1.010891520345914,1.9627274768685818,0.32739281199604836
4289,2.2989313285130994,0.8928328891015089,1.9627274768685818,0.8963075443126307
4290,0.47500907196936365,1.017848758242,1.9853361166354773,0.36916879016313536
4291,2.312317409830578,0.9101669562179808,1.9853361166354773,0.8967093250458434
4292,0.4703134986170578,1.0251577517610762,2.008918588768361,0.3954006260182974
4293,2.326325783020962,0.9277496690611144,2.008918588768361,0.8974228483230406
4294,0.46624903560429587,1.032615164330926,2.0332549996604516,0.40386522294549365
4295,2.3409292539743953,0.9455623609419848,2.0332549996604516,0.8997100788432012
4296,0.4626471896594778,1.0403557447218594,2.0583607267037562,0.43597516020199106
4297,2.3560730381184984,0.963513218429626,2.0583607267037562,0.9017384702611587
4298,0.459164474242854,1.048694957641751,2.0844282669601935,0.4741499110011926
4299,2.3716984264423515,0.9815258044493115,2.0844282669601935,0.9012154702154686
4300,0.45643282672573626,1.0571226493113872,2.110987138123764,0.500717020910213
4301,2.387783220183356,0.9996056153137937,2.110987138123764,0.9028672846478915
4302,0.4540977837650231,1.0659818495595685,2.1382542737420542,0.5301174103787453
4303,2.4042626106871876,1.0176705659711194,2.1382542737420542,0.903966960975561
4304,0.452260977662126,1.075230249681531,2.1661310076284583,0.5614135238995751
4305,2.4210830980532028,1.0356699933288949,2.1661310076284583,0.902201299164022
4306,0.4511854939053353,1.0846637328229878,2.1943990375517926,0.600323042196444
4307,2.4382128413394843,1.0535906201556593,2.1943990375517926,0.9020211750353608
4308,0.45059821696090996,1.0936316046962906,2.222251737407292,0.5300031616664883
4309,2.4556212693646766,1.0714170939054477,2.222251737407292,0.904463054400948
4310,0.44958909575201683,1.1020909494012987,2.249405926646836,0.47457673591033217
4311,2.473221814128119,1.0890525693516833,2.249405926646836,0.9043749867597857
4312,0.44828270776215345,1.1097530431862501,2.2755932039768525,0.4040276739918519
4313,2.49099724812627,1.1065056988091264,2.2755932039768525,0.9013112586997709
4314,0.44668169980432404,1.1165656490991058,2.300739335429649,0.34500568264826303
4315,2.5089016411028795,1.123741955971206,2.300739335429649,0.9011890910078519
4316,0.4445775315017593,1.1227280088433877,2.3249779541508793,0.29215433106103517
4317,2.526869356286035,1.1407030947270826,2.3249779541508793,0.8994374550589732
4318,0.4429218965400999,1.1284219154645008,2.3486820435038993,0.3066397709790837
4319,2.544903962581119,1.157420051103862,2.3486820435038993,0.9003932183876707
4320,0.44184433610062945,1.1345804434732816,2.372736817966546,0.339254274439377
4321,2.5628719116759577,1.1737534771183105,2.372736817966546,0.8971816958487238
4322,0.44194215233312867,1.1404552941532533,2.396529850586479,0.358103093557488
4323,2.5808554507884596,1.1898278263307471,2.396529850586479,0.9005650744914311
4324,0.44261941555754275,1.1468341913543278,2.4206223201145343,0.4021096109118857
4325,2.59867750475448,1.2054577453712338,2.4206223201145343,0.8961040509961504
4326,0.4442808215418648,1.1531879894404422,2.444530597801608,0.425696709664186
4327,2.6163499446991785,1.2206832857011842,2.444530597801608,0.8937970244227865
4328,0.447101821852449,1.1592267158949052,2.4679958420535506,0.45546866701335037
4329,2.63388754722368,1.235541977950507,2.4679958420535506,0.8935223277913737
4330,0.45088313669950186,1.1652097365457506,2.491176379772793,0.4795750169083044
4331,2.6512015499071016,1.2499559056019294,2.491176379772793,0.898586069287919
4332,0.45533065343194506,1.1716816007644524,2.51450293214149,0.5209852402961044
4333,2.668190071425953,1.263837672048371,2.51450293214149,0.8889564862001292
4334,0.46100501740006605,1.1775927919366942,2.537088837887745,0.537390214426375
4335,2.684975742583618,1.2773361793158984,2.537088837887745,0.8953683206823904
4336,0.4673878223307386,1.183956524601571,2.55969618774978,0.5781721629280918
4337,2.7013330992865754,1.2902354003689267,2.55969618774978,0.8888527019184951
4338,0.4744141641359124,1.190134167042659,2.581706195691096,0.5703183027982994
4339,2.7173077481420984,1.3026027986032684,2.581706195691096,0.8899483452094546
4340,0.4820626861412178,1.1963000730003468,2.603288547057868,0.6097964348631791
4341,2.7328800496546095,1.3144358558043883,2.603288547057868,0.8837586181835255
4342,0.4895506546622326,1.202016205847711,2.6238770602416843,0.5274570560449406
4343,2.748028867064711,1.3257293594508333,2.6238770602416843,0.8840781556936563
4344,0.4957193920442168,1.2077758912708962,2.6437641744121865,0.47196901920453704
4345,2.7626772711043475,1.3364239400179434,2.6437641744121865,0.880388911968986
4346,0.5007037242845349,1.2131659168503726,2.6625734326182284,0.4006018042540607
4347,2.776843581785041,1.3465519258051681,2.6625734326182284,0.879631150217899
4348,0.5044339905524982,1.218544099689465,2.680578426551995,0.3406559719943223
4349,2.790437092414983,1.3560415920999718,2.680578426551995,0.8774364934931839
4350,0.5081986171615477,1.223791322140068,2.6978422545112237,0.3803381014728442
4351,2.803464960483443,1.364913483762736,2.6978422545112237,0.8741817321603792
4352,0.512509508750667,1.2286270453058035,2.7141627775271497,0.3672128727522474
4353,2.815932994058523,1.3731846850393827,2.7141627775271497,0.8726566646503563
4354,0.5161670837860753,1.2332201189023446,2.729504023697552,0.3014015448109072
4355,2.8277921383744045,1.3808215440320304,2.729504023697552,0.8712879826981196
4356,0.5185764927484139,1.2379201732141976,2.7440900696703263,0.27278066707482584
4357,2.8389963663885975,1.384305670100196,2.7440900696703263,0.8689871881109692
4358,0.5197921371884391,1.242632349158261,2.7578002036802687,0.2393868763663917
4359,2.84952120968555,1.3771947599080228,2.7578002036802687,0.866951941484117
4360,0.5211179562059597,1.2473129773918141,2.7707541068336146,0.2692829785789407
4361,2.8593398132514536,1.3694635071484513,2.7707541068336146,0.8632183874593826
4362,0.5235331428367718,1.2513358846788176,2.7825284385820352,0.2649429384569273
4363,2.8685046845911573,1.3611311498826522,2.7825284385820352,0.8622839188849774
4364,0.5269946328135626,1.2549798322841965,2.793330848066401,0.2735172909264848
4365,2.8769259137301857,1.3521985178340177,2.793330848066401,0.8614783263921851
4366,0.5314973875453683,1.2584629616484682,2.8033714691658096,0.32080424548547
4367,2.8845768543059567,1.342680696369765,2.8033714691658096,0.8582380195049079
4368,0.5368842092488922,1.2615124710846386,2.8123737835655955,0.33530782077506455
4369,2.891466949436767,1.332594462233501,2.8123737835655955,0.8544471190398311
4370,0.5430994161926307,1.2640392868170067,2.8202623309226493,0.362887323693772
4371,2.8976065303551963,1.3219527175403942,2.8202623309226493,0.8524068699968614
4372,0.5501434698774086,1.2660301984444298,2.827019661815212,0.38736413405836145
4373,2.9029767989937993,1.3107693252172334,2.827019661815212,0.8531387288880119
4374,0.5580884703596708,1.2678875095223605,2.8330234141998294,0.4366336652618946
4375,2.9075244941752203,1.2990698384697488,2.8330234141998294,0.8478060143073961
4376,0.5655960456048224,1.2696993024144951,2.8381513535743172,0.3738427856966648
4377,2.911267646922525,1.286870942310779,2.8381513535743172,0.8467109021655717
4378,0.5717690348262139,1.27196587096055,2.842733584358777,0.309413009618015
4379,2.9142000588970056,1.2741937119088436,2.842733584358777,0.8432119584163292
4380,0.5766325090657263,1.2745733078591746,2.846643798009299,0.25227094812283785
4381,2.9163143923620587,1.2610619452863336,2.846643798009299,0.8396888952750134
4382,0.5813819029997344,1.2769617021501836,2.8495492888172125,0.2768511283289128
4383,2.9176224869185043,1.2474909442539157,2.8495492888172125,0.8387342361592277
4384,0.5870459666608697,1.278932968515519,2.851428335537184,0.32000279271415616
4385,2.918096204939136,1.23352157358897,2.851428335537184,0.8349248702559641
4386,0.5934744435003683,1.2802751104250016,2.8520732440215166,0.3419392182266529
4387,2.9177541340648725,1.2191698382300822,2.8520732440215166,0.8328967691748062
4388,0.6006526661343236,1.2810672294826098,2.851571995352658,0.3710140589450658
4389,2.9165970730566366,1.2044633933499267,2.851571995352658,0.8305393313628451
4390,0.6085723568343245,1.281379685021406,2.8500046072170413,0.4151408117699151
4391,2.9146270542326027,1.1894322619760087,2.8500046072170413,0.8287613509075327
4392,0.6169402268843903,1.2812768001036985,2.8473871226077896,0.42448306634273975
4393,2.911846244418714,1.174111459993927,2.8473871226077896,0.827843875296622
4394,0.6247261208757839,1.2814234214413487,2.8441752643166103,0.3553285286942506
4395,2.9082622653670533,1.1585340737634744,2.8441752643166103,0.8253667142364906
4396,0.6323343910299295,1.281584198188863,2.840225997801475,0.4011014172931225
4397,2.903883385783489,1.1427371813368314,2.840225997801475,0.8232927385496716
4398,0.6396562154883051,1.2817632872310496,2.8355309457133915,0.34292515547377905
4399,2.898720085621191,1.1267602318083805,2.8355309457133915,0.8189181450623325
4400,0.6456263307643655,1.2822257421814578,2.830146511781056,0.27244947629553773
4401,2.8928001875148204,1.1105825547017638,2.830146511781056,0.8190217616801194
4402,0.6505810910574297,1.283538815409132,2.8246782238055728,0.23040390487977697
4403,2.886109414392284,1.0943417205450763,2.8246782238055728,0.8177692045359045
4404,0.6546080738141755,1.2856859137761483,2.8191404682086203,0.22399118926508618
4405,2.878673956458796,1.0780721834955704,2.8191404682086203,0.8137318657884094
4406,0.6574120349171656,1.2882266748055775,2.81305075718678,0.17363217506376538
4407,2.8705213315940092,1.061736254797413,2.81305075718678,0.8148508378627352
4408,0.6603936566051636,1.2908309672758498,2.8064083091373346,0.18891278276613202
4409,2.8616637150071393,1.0454967516701204,2.8064083091373346,0.8116980349146732
4410,0.6640303073708468,1.2925602174238113,2.7984417196370366,0.1956435952547471
4411,2.8521289524573716,1.0293432123860369,2.7984417196370366,0.8114682126453364
4412,0.6683665467223553,1.293529787963678,2.789308299735397,0.2405365398152518
4413,2.8419416703497715,1.0133412949236773,2.789308299735397,0.8104887700971272
4414,0.6728670442767237,1.2941196002910922,2.779285370344081,0.22067397252811127
4415,2.8311283663327633,0.9975456718360614,2.779285370344081,0.8083799883661777
4416,0.6767697381917622,1.2951365007896158,2.7689983315798345,0.17435791128417763
4417,2.819715391152096,0.9820067821678771,2.7689983315798345,0.8068832418325003
4418,0.6805837912165513,1.2960332603051001,2.758065539160231,0.21180603871904896
4419,2.807731813984965,0.966786546639623,2.758065539160231,0.805924903085994
4420,0.684874843123155,1.2960494785616676,2.7459251524407393,0.225612734918872
4421,2.795209456296274,0.9519510525149213,2.7459251524407393,0.8046912426136118
4422,0.6895519470272192,1.2951658467834437,2.732564057835936,0.26086845301898837
4423,2.7821720209741048,0.9375397995917238,2.732564057835936,0.8041655739775585
4424,0.6947060648274808,1.2934872617628939,2.718149460863707,0.29911146168862796
4425,2.7686616381977114,0.9236443885906859,2.718149460863707,0.8041914023557593
4426,0.7005219255561341,1.2911877869045063,2.702945231058457,0.33762867097292326
4427,2.7547309699794256,0.9103656586817718,2.702945231058457,0.8030457442728615
4428,0.7067118775947733,1.2880894629420263,2.6867332058739777,0.3704857957744843
4429,2.740403611771808,0.8977322419754411,2.6867332058739777,0.8023591488907231
4430,0.7133318977593291,1.284270910163654,2.669634020851792,0.4177805760016142
4431,2.7257165024517125,0.8858067396654224,2.669634020851792,0.8016349532039563
4432,0.7196405496146422,1.2807204878030376,2.652450577130736,0.34497619676383096
4433,2.7107100285878527,0.8746556263762143,2.652450577130736,0.8011588567345282
4434,0.7251538025982982,1.2782682680350341,2.6359011693263206,0.27809707470104317
4435,2.6954280384807117,0.8643468044497857,2.6359011693263206,0.7997914980105473
4436,0.7304322297455836,1.2757801395568016,2.6190452712058123,0.3142587184636577
4437,2.6798847690017227,0.8549031594382838,2.6190452712058123,0.8004685083502451
4438,0.7361485650621312,1.2725239419025196,2.6014246812855295,0.36344466653186386
4439,2.6641660443782578,0.8464440190479084,2.6014246812855295,0.8012985237020341
4440,0.7416559365493633,1.2695534135059272,2.5839289914946493,0.3031635366875626
4441,2.6483128090544046,0.8390139263990225,2.5839289914946493,0.799705655517737
4442,0.7463098340513902,1.2676066719017522,2.5671286192939995,0.22891873486775247
4443,2.6323429375341063,0.8326297642384022,2.5671286192939995,0.8008328632603514
4444,0.750981897946015,1.2657325160928086,2.5504033373322534,0.27354048935345193
4445,2.6163450785364697,0.8273793720414637,2.5504033373322534,0.7992846645912074
4446,0.7557777941428913,1.2628713580628033,2.5327486275652804,0.30458234401989154
4447,2.6003103218180077,0.8232444664792464,2.5327486275652804,0.7996922895531253
4448,0.7606060636227646,1.2590314841989,2.514178451150737,0.33702060628701624
4449,2.5842732215548003,0.8202518537877512,2.514178451150737,0.8023904982851221
4450,0.7660257936910105,1.2545232073133874,2.495283639833464,0.379616036053975
4451,2.5684111123679187,0.8185235406860841,2.495283639833464,0.8006152324419191
4452,0.771397413491389,1.2490771460913135,2.4755722329896717,0.41567570755985855
4453,2.5526458941175956,0.8179733235888297,2.4755722329896717,0.8026216302973465
4454,0.7772098231785836,1.2429402552939361,2.4555152659447934,0.46019532107234473
4455,2.5371168463345506,0.8186646913474404,2.4555152659447934,0.8043530421310241
4456,0.7830163231422872,1.2372648471721133,2.436153500217472,0.396624834281763
4457,2.521863345695504,0.820578018037234,2.436153500217472,0.8023032080598899
4458,0.7879678802864092,1.2327665338502252,2.4179444260792726,0.31354471257865657
4459,2.5068301935775894,0.8236514103810446,2.4179444260792726,0.8076640615989582
4460,0.7931499999600559,1.2284868633791888,2.4003926990000894,0.36558443177804023
4461,2.492221526946446,0.8279295707444981,2.4003926990000894,0.8048925445310617
4462,0.7978983227956667,1.2244308976059666,2.3832968938088652,0.3008963118701907
4463,2.4779691049519523,0.8333363445333675,2.3832968938088652,0.8073448746622682
4464,0.8022735706893727,1.2216560542812218,2.367816062712244,0.2356398259412894
4465,2.4641927340483707,0.8398566973442202,2.367816062712244,0.8084646065520049
4466,0.8065462452545907,1.2189018185032974,2.3527766003174864,0.284415915406629
4467,2.45088780745086,0.8474356328440704,2.3527766003174864,0.8118331138264755
4468,0.8107546975862274,1.216421108966146,2.3385096668244314,0.22739355901178604
4469,2.438135683793823,0.8560313825221487,2.3385096668244314,0.8162617973213537
4470,0.8146413342474857,1.2151595450751644,2.325926294794785,0.18717065697606874
4471,2.42597267747863,0.8655894045846432,2.325926294794785,0.8128092431747135
4472,0.8181695609907257,1.2137797623897066,2.3137410616575838,0.21726878725751456
4473,2.414417315879077,0.876055735339333,2.3137410616575838,0.8142150818483158
4474,0.8213244660860453,1.212136620227528,2.301796827708942,0.168925224975242
4475,2.4034536587270243,0.871493968440515,2.301796827708942,0.824910634677996
4476,0.8248425999272339,1.211507300441926,2.291659494839162,0.1786844178026295
4477,2.393283504358979,0.8639881691902683,2.291659494839162,0.8200534915008318
4478,0.827874631889197,1.2119773168870012,2.2832528108620336,0.1434834779729207
4479,2.3838762717267925,0.8575239609902559,2.2832528108620336,0.8220079575472999
4480,0.8306753393198132,1.2122970375137183,2.275381865290487,0.132244027224166
4481,2.3752152478211648,0.8520982038854703,2.275381865290487,0.8239936335768405
4482,0.8331560643608474,1.2114517340728355,2.2670441824617247,0.1438550526891904
4483,2.3673031885079285,0.8477254768936653,2.2670441824617247,0.8361818057303649
4484,0.836343712102594,1.2096493158657657,2.2587541336666384,0.20992783088352696
4485,2.3603239843899124,0.8445714899860942,2.2587541336666384,0.8368179107847253
4486,0.8393469811581092,1.208033730283763,2.2514673258403226,0.16935300002013834
4487,2.354231048695012,0.8425944650540809,2.2514673258403226,0.8382041001353011
4488,0.8421212942430406,1.207601584243531,2.2461899320082575,0.14468909747308584
4489,2.3490486367456076,0.8418102986559555,2.2461899320082575,0.8336503317510788
4490,0.8441557835594389,1.208242675500219,2.2427052316268643,0.10178052925414516
4491,2.344709891184763,0.8421615854135632,2.2427052316268643,0.837912233506055
4492,0.8457990833415808,1.2087460131598275,2.239922321818284,0.07979038277889686
4493,2.341268710624511,0.8436834533262587,2.239922321818284,0.8429429705275988
4494,0.8475149294602533,1.2081573452826038,2.2370440905699507,0.10198663144985197
4495,2.338826047622897,0.8464322184109083,2.2370440905699507,0.8468207477420571
4496,0.849461495258511,1.2064930890365664,2.2340948716178914,0.14704962386415343
4497,2.3373845051351756,0.850382773132794,2.2340948716178914,0.8536177933530263
4498,0.8515949320581763,1.2037671481079677,2.231069881180156,0.19346971361784795
4499,2.3369383916841238,0.8554999376636588,2.231069881180156,0.8510612884148138
4500,0.8534188955614601,1.200020088399749,2.227935645771964,0.2360341368192623
4501,2.337450866187365,0.8617294091959883,2.227935645771964,0.8540066995186658
4502,0.8551189128549248,1.1961673768174816,2.225632741765694,0.20263142661909656
4503,2.338937644705279,0.8690448042162826,2.225632741765694,0.8565711481100299
4504,0.856557588324874,1.1933148964464686,2.2252119889850763,0.1379748357223173
4505,2.34134963560418,0.8773891229890006,2.2252119889850763,0.8646012535229654
4506,0.8585077863979245,1.1916857275575305,2.227008006922249,0.10888545578980117
4507,2.344763154198411,0.8867493366600248,2.227008006922249,0.8619472038011825
4508,0.8597752079052867,1.1900678440373194,2.229658152425941,0.12057176370714966
4509,2.3490630013962552,0.8970514150329163,2.229658152425941,0.871989466977433
4510,0.8614007264981149,1.1873320206507496,2.232189611868171,0.18825883225638537
4511,2.354369238206936,0.9082679958450103,2.232189611868171,0.8683846071298437
4512,0.8624972292922498,1.1849023107702434,2.235887386646238,0.11226181121947675
4513,2.360561531232281,0.92033543079829,2.235887386646238,0.8765906739979027
4514,0.8642320734687565,1.1836281368327666,2.2416675873615914,0.0914075803863529
4515,2.3676915340754925,0.933191223636615,2.2416675873615914,0.8776130727725855
4516,0.8658709283128689,1.1822915519834474,2.248250201179786,0.11741502975123104
4517,2.375704570841679,0.9467775242175133,2.248250201179786,0.8819368309716619
4518,0.8671628398712112,1.179900870372684,2.254626239135084,0.15124561959693758
4519,2.384577211245869,0.9610325029953898,2.254626239135084,0.8793690305344081
4520,0.8675193410635146,1.1766460365940117,2.260959582894379,0.18400334605928936
4521,2.3942634440148027,0.9759386621816631,2.260959582894379,0.8849906714133592
4522,0.8678419708449955,1.1723666204297285,2.2670877451628333,0.23614924356388553
4523,2.4047665888135423,0.9913861524915918,2.2670877451628333,0.8897855290684864
4524,0.8680404435910666,1.1671020286220437,2.2730101349997653,0.28174651527592426
4525,2.416042331164516,1.0073105446376502,2.2730101349997653,0.8864037731042409
4526,0.8673522479927501,1.1611468224358572,2.2790188450218354,0.3162983741002453
4527,2.4280542534505476,1.023728180038437,2.2790188450218354,0.8953320448479861
4528,0.8668856924065396,1.1541603244665655,2.28469958320519,0.37135613305124976
4529,2.440762837272149,1.0404848759056204,2.28469958320519,0.891415732037296
4530,0.8663132150633251,1.1476455921202082,2.291532111162895,0.2945382055298025
4531,2.4541303620549866,1.0575773333280816,2.291532111162895,0.8938287696024898
4532,0.8662272197811441,1.14245477126641,2.300295313500321,0.22744660784233117
4533,2.4681161820660313,1.074945985762603,2.300295313500321,0.8950189173798742
4534,0.8660727952342027,1.1373927864213706,2.30978116501924,0.27099552451056913
4535,2.4826816165325565,1.0925456656684436,2.30978116501924,0.8956481309897336
4536,0.8651852897370809,1.1316678647170415,2.3192166809852823,0.3068812686091262
4537,2.4978005162194825,1.1103596726172946,2.3192166809852823,0.9006847730449618
4538,0.8643478141288247,1.1249051738657092,2.3280917659474305,0.3579120661311859
4539,2.5133812338883064,1.1282337266307767,2.3280917659474305,0.8970175556051756
4540,0.862637443022778,1.1176672673270391,2.337049924235511,0.3898134032098195
4541,2.529439563804613,1.1462475338343148,2.337049924235511,0.9008510948751376
4542,0.8608475657832029,1.1095300505237558,2.3455124508031533,0.4390823671904867
4543,2.545871106211166,1.1642427328548355,2.3455124508031533,0.8990025072467888
4544,0.8591185856333193,1.1019093388386723,2.3548718687178027,0.3598152658649608
4545,2.56267002517966,1.1822494651161108,2.3548718687178027,0.9019964187537759
4546,0.8582977483723552,1.0954043125986612,2.365581786189023,0.30654410115266
4547,2.5797655218255926,1.2001847764455618,2.365581786189023,0.8996934128612397
4548,0.8580347406720168,1.0901755392010626,2.3777978623568967,0.23398316084975554
4549,2.5971360408673463,1.2167451345413873,2.3777978623568967,0.9019760998205351
4550,0.8586141669406651,1.0859351371334707,2.3911240994161873,0.20023052758665622
4551,2.614702246288123,1.2298632765708535,2.3911240994161873,0.8997370303543408
4552,0.8597990002815956,1.082788419055175,2.4056527889037556,0.14882359539951642
4553,2.6324388813012205,1.2436640934461154,2.4056527889037556,0.8996020525416908
4554,0.8616539763129544,1.0806198124260187,2.4212095461022267,0.12490904491359467
4555,2.6502961096858755,1.2580922828660468,2.4212095461022267,0.9004686090419528
4556,0.8634175302387541,1.078414742706568,2.4367938715814597,0.1531573283756289
4557,2.668215617268446,1.273086794959201,2.4367938715814597,0.8974749828776076
4558,0.8642027356677109,1.075652740007564,2.4519804240173113,0.15554331543144323
4559,2.6862074117791677,1.2886179830336755,2.4519804240173113,0.8975588404907652
4560,0.8641499354116532,1.0722886612580527,2.466638970285611,0.18415852457364024
4561,2.704195676197615,1.304619008877756,2.466638970285611,0.8996889891728527
4562,0.8636099190765404,1.0680347572707751,2.480363997088926,0.2283543888620246
4563,2.7220908352254956,1.3210085113228052,2.480363997088926,0.8966345008511102
4564,0.8623569158113422,1.0631648077475062,2.493426196189133,0.28011903442629726
4565,2.739874405218486,1.3377426613854682,2.493426196189133,0.8946868569180265
4566,0.8603507630638946,1.05778925874888,2.5059056657398564,0.31336641553742456
4567,2.757518332864142,1.3547756155451705,2.5059056657398564,0.8928664171646559
4568,0.8575006988242353,1.0520888394894752,2.5179587944679738,0.3465868594880994
4569,2.7750004053228765,1.372067901917568,2.5179587944679738,0.8952872622677301
4570,0.85413946988138,1.0457576716329613,2.529143884879879,0.3890491348590457
4571,2.7922185593683118,1.389524802033794,2.529143884879879,0.8942879834965505
4572,0.8501636493244907,1.0389779764854854,2.5396270979822106,0.4353279880357873
4573,2.809161311310717,1.4071129502927588,2.5396270979822106,0.8883683905167832
4574,0.845768536163849,1.032392576787103,2.550005906409878,0.4146136085233683
4575,2.8258170647905096,1.4248027635841247,2.550005906409878,0.8865389690252112
4576,0.8408582546706779,1.0260413208236887,2.560356143930815,0.44717517485407204
4577,2.842228521616977,1.4388920473684372,2.560356143930815,0.8883952406092516
4578,0.8356786974726265,1.0189255508182502,2.5694128136960206,0.4926466531192227
4579,2.8581483339300258,1.4514271785446928,2.5694128136960206,0.8833760699046204
4580,0.8296109259718089,1.0120191147556499,2.578313222138559,0.5176554339991816
4581,2.8737332831367333,1.463489461162433,2.578313222138559,0.883207290473564
4582,0.822864256900227,1.0051394323634482,2.586755328818582,0.5486921620597363
4583,2.8888982784101263,1.4750075724765774,2.586755328818582,0.8829650669758123
4584,0.8155919938356672,0.9981232162210635,2.5944562562299582,0.5792031792091247
4585,2.90355331270365,1.485908295832917,2.5944562562299582,0.8825566097472064
4586,0.807965590569756,0.9906856918569958,2.601049834299698,0.6212559674989705
4587,2.9176441120260828,1.4961550466592952,2.601049834299698,0.8779884223427398
4588,0.7995870814731175,0.9836910951841814,2.607486569398782,0.6381559654533412
4589,2.9312805407978333,1.50586547516803,2.607486569398782,0.8788196204802626
4590,0.7907738545364766,0.9765873425073045,2.6130192540514345,0.6713781740417989
4591,2.9443005022339603,1.5148992865224926,2.6130192540514345,0.8802252155653258
4592,0.7815057306272271,0.9694843784098334,2.6177407130953028,0.7076697224676725
4593,2.956717323713082,1.512902831350389,2.6177407130953028,0.8749551636043987
4594,0.7728026774477754,0.9628686863833751,2.6221294326512115,0.6219653112241601
4595,2.968518447351368,1.5083767660892657,2.6221294326512115,0.8721041401154103
4596,0.7654598541166816,0.9570269124824845,2.6265682344900525,0.5413708600227529
4597,2.9797450063756106,1.5032102413016306,2.6265682344900525,0.8739821419531556
4598,0.7596852459646871,0.9512014241293327,2.630209992122977,0.4885833060567934
4599,2.9902553829853677,1.4973701092593485,2.630209992122977,0.8698098142373009
4600,0.7552426160227741,0.945740838106539,2.6334845016841495,0.41630651580542866
4601,3.0000882969517977,1.4908847220179646,2.6334845016841495,0.8670350821516327
4602,0.752000772039574,0.9407904533551873,2.6366004016124327,0.3509631941566561
4603,3.009267217984985,1.4837704783241932,2.6366004016124327,0.8683196941518644
4604,0.7501388314266272,0.9356395149123297,2.6387743380001156,0.32572000356738284
4605,3.0176809755576386,1.4760172994756406,2.6387743380001156,0.8654178768112121
4606,0.7494596211556142,0.930639808875831,2.640419215606739,0.27622385405242167
4607,3.0253591770442694,1.4676467683891479,2.640419215606739,0.862265761904008
4608,0.7499115478569167,0.9257635495819452,2.6415130244307115,0.2413300960315852
4609,3.032278165383533,1.458670306769422,2.6415130244307115,0.8588595259187358
4610,0.750194077584039,0.9213744420591613,2.642361510508945,0.2358870731939028
4611,3.0384855229611794,1.4491016003134511,2.642361510508945,0.8581778615628003
4612,0.7494495698743368,0.9172866254959495,2.642574508645559,0.26183787727583285
4613,3.043889615425162,1.4389508027933104,2.642574508645559,0.856794854902533
4614,0.7477475023367303,0.9133552932636017,2.641968075411767,0.28574048140920494
4615,3.048474796892107,1.4282382691824331,2.641968075411767,0.8539755508161545
4616,0.745051864722398,0.9098668067859331,2.6408289434512815,0.3025504431942395
4617,3.052259500321388,1.4169815889588333,2.6408289434512815,0.8506748619742316
4618,0.7413713223572064,0.9069731282700465,2.6393035573194847,0.3323249319466044
4619,3.0552562937806496,1.4051942974715912,2.6393035573194847,0.8489910100183159
4620,0.7367738749231938,0.9045548052386408,2.6372191409776358,0.3667246717688834
4621,3.0574353413538238,1.3929005825134033,2.6372191409776358,0.8467048589543326
4622,0.7312812910182864,0.9026985171468458,2.634650952890258,0.3950640127150454
4623,3.058804383974015,1.3801177905794866,2.634650952890258,0.846299791013507
4624,0.7249660400325794,0.9011519877455867,2.6312826815129453,0.4402504397474387
4625,3.0593339704400484,1.3668825060180925,2.6312826815129453,0.8413687465903752
4626,0.7178331147235902,0.9004475541984716,2.627711895577943,0.45301892003100536
4627,3.0590724070965516,1.3531923085567432,2.627711895577943,0.8415291588258599
4628,0.7099707989296101,0.9000805790792719,2.623332340350161,0.498540440760383
4629,3.0579677133466343,1.3391077138089014,2.623332340350161,0.8374553835871739
4630,0.7015620892663513,0.900337971861859,2.6185167114802073,0.5025091746644123
4631,3.0560569171955776,1.324633704473721,2.6185167114802073,0.8366491092422148
4632,0.6929358958333413,0.9009238249343562,2.6130061097507773,0.5019202575721476
4633,3.0533350240394554,1.3098080880920457,2.6130061097507773,0.8337625330117112
4634,0.6838305578432058,0.9020190363433626,2.6069360603810776,0.5437454000112404
4635,3.0498127296250193,1.2946574647077864,2.6069360603810776,0.8341917495631382
4636,0.6744385977752864,0.9035642404929121,2.600295887293748,0.5311268061165105
4637,3.0454971660739614,1.2792157573899492,2.600295887293748,0.8290989682215139
4638,0.6659298508333398,0.9051458252533052,2.5930239792914516,0.45174282035471347
4639,3.040415805377153,1.2634725288254163,2.5930239792914516,0.8284785196778917
4640,0.6589371335087968,0.9061092303394909,2.584618968510525,0.38545092682256094
4641,3.034556231980183,1.2475053072050442,2.584618968510525,0.8272111127827454
4642,0.6534112074353347,0.9063803217990153,2.5750517521285365,0.32313516575343737
4643,3.02793617099655,1.2313386616759896,2.5750517521285365,0.8278430624193324
4644,0.64923570272986,0.9054787950166094,2.5637577236738758,0.29463678226977286
4645,3.0205587139543613,1.2150848491400512,2.5637577236738758,0.8244520191278364
4646,0.6463899371746813,0.9038512028511779,2.551332392348619,0.24874544327110376
4647,3.0124594819371424,1.1987250301450056,2.551332392348619,0.8230532874579572
4648,0.6435674823707875,0.9023711496256742,2.5383536197159136,0.28457321879183584
4649,3.0036572239681276,1.182304894756765,2.5383536197159136,0.8215648986968249
4650,0.6397787808500118,0.9019043943513413,2.5254895544153118,0.30322528765435036
4651,2.9941727473708664,1.1658710149938185,2.5254895544153118,0.8203417837524511
4652,0.6350582411542172,0.9024044052899252,2.5127076520346745,0.31683219704917226
4653,2.984026695320119,1.1494540129301685,2.5127076520346745,0.8215234285569313
4654,0.6294002512038588,0.903708647640913,2.4998246636825727,0.35872511628956716
4655,2.9732487905495497,1.133155411321635,2.4998246636825727,0.818266668234336
4656,0.6228914891704418,0.9060064474568726,2.4871344332374976,0.3771015307648221
4657,2.961862188522694,1.11698932764901,2.4871344332374976,0.819203146767798
4658,0.6155115293986123,0.9091196398695366,2.474431811798076,0.42075774421928547
4659,2.949901944897103,1.1010416695315957,2.474431811798076,0.8178157107548089
4660,0.6074142437026228,0.9130705033297946,2.4618475861826714,0.4391152268776351
4661,2.93739523856678,1.0853499354376857,2.4618475861826714,0.8151461939480522
4662,0.598614888883882,0.917864249778542,2.4494327451132345,0.46665042398065637
4663,2.924373448935731,1.0699713856007733,2.4494327451132345,0.8162962298209776
4664,0.5890481425232791,0.9234983078147341,2.437190370868088,0.5040440650164318
4665,2.9108729777626388,1.054974093563607,2.437190370868088,0.8127168939069008
4666,0.578815894445643,0.930084078991126,2.4253553675412274,0.5296640428123907
4667,2.8969135825778713,1.040383647827899,2.4253553675412274,0.8130578934716358
4668,0.5678497890393625,0.9374310312388272,2.413710401960732,0.5630975157706521
4669,2.882559434400832,1.0263269204293262,2.413710401960732,0.8131365333694368
4670,0.5562049608904981,0.9455795697461667,2.4023798898804443,0.6041333443469522
4671,2.8678386321719413,1.0128398421069094,2.4023798898804443,0.809893404918106
4672,0.5451748857317064,0.9534310769586721,2.3906782481518225,0.5275481347198736
4673,2.852770862568431,0.9999504627254793,2.3906782481518225,0.809787659131248
4674,0.535664492891096,0.9599850561369352,2.377857209923061,0.4474902958795577
4675,2.8374048468458106,0.9877408546817531,2.377857209923061,0.8122324840829207
4676,0.5274970111023388,0.965172682571613,2.363799035695065,0.38704827759562094
4677,2.821810397301561,0.9763159952434062,2.363799035695065,0.8084023357404919
4678,0.5195929948388164,0.97035878127818,2.3497502719922605,0.41390044673202836
4679,2.8059869595426314,0.9656702641402357,2.3497502719922605,0.8086378193379461
4680,0.5109526531546821,0.9764712908879932,2.3364683741272034,0.4577814575894876
4681,2.790007432899302,0.9559050457598244,2.3364683741272034,0.8082184367301438
4682,0.5016792312020456,0.9835166312622816,2.324050698530894,0.48467277457255137
4683,2.7738721346069983,0.9470213835359288,2.324050698530894,0.8097526306517501
4684,0.4916294202259509,0.991379429720272,2.312398585869311,0.522513270512776
4685,2.757724513461018,0.9391865991541907,2.312398585869311,0.8077906641420459
4686,0.4815031562707712,0.9995548155889685,2.3012435027389126,0.5057782242161803
4687,2.7415323990115703,0.9323536412229543,2.3012435027389126,0.8082254313878735
4688,0.4723056500709474,1.0068822898651,2.289664643567573,0.43381561251440726
4689,2.7253575768667155,0.9265829275233036,2.289664643567573,0.8099369030154127
4690,0.46436299466864356,1.0128066539892813,2.2771791725656287,0.36647771547604446
4691,2.709299495035089,0.9219561796355673,2.2771791725656287,0.807328160746428
4692,0.45677886033488885,1.0186695409842512,2.265104915736828,0.4048416127387687
4693,2.6933132925740275,0.918420745565383,2.265104915736828,0.8100609386814503
4694,0.4483610353512076,1.0254350926711968,2.254194296094301,0.44179155808838516
4695,2.677557708370476,0.9160884595653048,2.254194296094301,0.8084650128787496
4696,0.43968367262875774,1.0327236196159344,2.2442927930032726,0.43484404482539185
4697,2.66201228298245,0.9149180968274343,2.2442927930032726,0.808795963267713
4698,0.43180380595698686,1.0393551860484243,2.2344323690660257,0.37483040633469944
4699,2.646704780582081,0.9149082146605045,2.2344323690660257,0.8108818998409506
4700,0.4249910417769034,1.044640511372217,2.2238911141351,0.3101452077530269
4701,2.631763976641807,0.9161061162984886,2.2238911141351,0.8149648312753707
4702,0.418244696061146,1.0498674922820705,2.2139253041369225,0.3472851444967043
4703,2.6172268718771456,0.9184901281850011,2.2139253041369225,0.8102095055761178
4704,0.4111120324879275,1.0560015230336437,2.2056531453667545,0.3720201298420136
4705,2.6030571382150107,0.9220079856065648,2.2056531453667545,0.8128950439243018
4706,0.40320762823132617,1.063057156629736,2.1989540279516264,0.41817888475964105
4707,2.5893929613784317,0.9266754258082324,2.1989540279516264,0.8173728430418575
4708,0.39464351486478694,1.0709967131185858,2.1939026507069785,0.45401820019974054
4709,2.5762744845588497,0.9324548563015073,2.1939026507069785,0.8174382677879518
4710,0.38641656290600607,1.0748467356315434,2.1894583513246064,0.39278755810408433
4711,2.563717902349854,0.9393007161717629,2.1894583513246064,0.8150490729261973
4712,0.3793754309453917,1.076656910335753,2.184671141820399,0.32688259782688667
4713,2.55174538374496,0.947170832474488,2.184671141820399,0.8186460199576067
4714,0.3733210789085909,1.0774440565878116,2.1794835151122367,0.27634211395488856
4715,2.540450864337431,0.9560266800820223,2.1794835151122367,0.8204718153597277
4716,0.36741524840782547,1.0783313966750603,2.1752078366906114,0.3045184206718144
4717,2.529844700528331,0.9658150234473903,2.1752078366906114,0.8216205643701741
4718,0.3609224448465098,1.0801262441232302,2.1728777595470405,0.3415259654206481
4719,2.5199770977057883,0.9764834360046436,2.1728777595470405,0.8211908446539266
4720,0.35402211889871765,1.0829207613498453,2.172481826457276,0.37805113311835753
4721,2.5108458798698265,0.9879825089312908,2.172481826457276,0.8293656192041055
4722,0.3464286891443853,1.0864454760777789,2.1740201728877446,0.416680587296429
4723,2.502567061081644,0.9892721186624044,2.1740201728877446,0.823034823076904
4724,0.339661087587178,1.0901654431200483,2.1762349941769528,0.33223304602357245
4725,2.4949852874876126,0.9853587165484471,2.1762349941769528,0.8284152248556218
4726,0.3337881621426653,1.092766378289132,2.17822123807948,0.2741072492250041
4727,2.488356178346713,0.9826413363439142,2.17822123807948,0.8302571070075008
4728,0.3280440806817861,1.0953583785940681,2.1811781583513747,0.3091482784524043
4729,2.4826266113892967,0.9810697310150627,2.1811781583513747,0.8328697596633449
4730,0.3217048956142909,1.0987932793332384,2.1861455263109613,0.361881697793409
4731,2.4778257532798658,0.9806604707508323,2.1861455263109613,0.8342105730437684
4732,0.31512842303541183,1.1032087040248173,2.1930612835429253,0.38708257033423527
4733,2.4739534300105963,0.9814029661591765,2.1930612835429253,0.8407411650468811
4734,0.30796860028356665,1.1084034917418362,2.2019482028120794,0.42697982406923923
4735,2.471056694290969,0.983317375692711,2.2019482028120794,0.8408452972683489
4736,0.30063717909667526,1.1145140826288809,2.2127112258469572,0.4677421131487107
4737,2.469124023543138,0.9863757284178823,2.2127112258469572,0.8410868529838609
4738,0.9352253631940617,1.120557325803573,2.2242211679664434,0.4063631940499696
4739,2.4681348247804284,0.990543886233782,2.2242211679664434,0.8451198392508682
4740,0.9422769648069947,1.125422653812851,2.235486439440205,0.3445438805743255
4741,2.468093300888213,0.9958031612253719,2.235486439440205,0.8500851508946373
4742,0.948398480874136,1.1290358519068568,2.2463817145752887,0.28133586976631003
4743,2.469026864361652,1.0021431117215291,2.2463817145752887,0.8589773672705565
4744,0.9544495470795711,1.132618929962114,2.2581912832630233,0.32329526426686334
4745,2.470944780636888,1.0095358624948045,2.2581912832630233,0.8528204529233587
4746,0.9606795310620947,1.1372717797465257,2.2717519715186993,0.35262030190259935
4747,2.4737960563282106,1.0179265591948592,2.2717519715186993,0.8608759526404668
4748,0.9675967944141771,1.1427834742520315,2.2871763868382775,0.39157821754458244
4749,2.47764228775639,1.0272998210750273,2.2871763868382775,0.8610594070489082
4750,0.9748762772727296,1.1492252343117328,2.3042880125405074,0.42649391295488964
4751,2.482443164395606,1.0375964420363855,2.3042880125405074,0.8612220526343431
4752,0.982293609024613,1.1566156855137466,2.3229252187958673,0.4596159383945834
4753,2.4881527523424025,1.0487665627708478,2.3229252187958673,0.8738302064541951
4754,0.9904704628694835,1.1647620470825897,2.3432540046303987,0.5010530392624776
4755,2.494798723400949,1.06076138549735,2.3432540046303987,0.8672372276450656
4756,0.9988541688960244,1.1737710961942576,2.3649979946675854,0.5384081714385721
4757,2.5023357883939132,1.0735267163292512,2.3649979946675854,0.8699091125835177
4758,1.0068173819615212,1.1823512950656727,2.386934253404058,0.4584240226439356
4759,2.510741979328123,1.087008759205278,2.386934253404058,0.8748508673534103
4760,1.0139803238064389,1.1894832631380852,2.40816682151949,0.3970711249601351
4761,2.519997086574594,1.1011419120273591,2.40816682151949,0.8741997526396222
4762,1.0199501963413042,1.1952774280886818,2.42854196096055,0.31814316906066664
4763,2.530057249892982,1.1158950365877602,2.42854196096055,0.8766063064399929
4764,1.0247641772086857,1.199738734170616,2.448079434593571,0.24348881343761924
4765,2.540898284114162,1.1312502531837763,2.448079434593571,0.8891647125019225
4766,1.0295952263847763,1.2028467269589167,2.4673107606607045,0.2375561146620166
4767,2.552501566968726,1.14704347178838,2.4673107606607045,0.8821065446254767
4768,1.0335671059831932,1.2047186008912234,2.485826525870581,0.18084092361401732
4769,2.564815432090736,1.163273933947821,2.485826525870581,0.8833247879874832
4770,1.0366733045045171,1.2053893559173725,2.5036119799404104,0.16333659290086552
4771,2.577804476273291,1.1798971619044576,2.5036119799404104,0.8877686804447877
4772,1.0393498186410377,1.2049044144574925,2.5208802364192993,0.15678339369756358
4773,2.591424855256048,1.1968398738080532,2.5208802364192993,0.8875824302347219
4774,1.0419651614346381,1.20455984251489,2.538601925337274,0.1630973661717172
4775,2.6056396853490003,1.2140653097804537,2.538601925337274,0.8937994510907188
4776,1.0447136926210983,1.2046474955253845,2.5570095476580668,0.16225195413675578
4777,2.6204046305151705,1.2315152332610817,2.5570095476580668,0.8895303433588516
4778,1.0467929820391573,1.2040035372719846,2.5749229557459112,0.1401666345724083
4779,2.635695913732198,1.2491784070129754,2.5749229557459112,0.8920814952425745
4780,1.0484650233710877,1.2022563038810827,2.5921785359064606,0.17200586023969036
4781,2.6514506060520278,1.2651721725544878,2.5921785359064606,0.8942909102519222
4782,1.050295839612966,1.2007172011054408,2.609831547714108,0.15585930594990707
4783,2.6676120125488962,1.2755297815931628,2.609831547714108,0.8923677144323271
4784,1.0518809119186225,1.199625948957317,2.6278239039616045,0.1277095824653067
4785,2.684182938599624,1.2867327779846365,2.6278239039616045,0.894227838633323
4786,1.0531071233704654,1.1978760553906933,2.6453259854678515,0.16549776437426592
4787,2.7010916105713285,1.2987428811634751,2.6453259854678515,0.8980576773555178
4788,1.0544833322160931,1.1951879160329886,2.662349269813143,0.21315001060745783
4789,2.7182516708191877,1.3115027580667598,2.662349269813143,0.8940404169507317
4790,1.0553303511157452,1.1925696402964747,2.679203717012826,0.14733516663003637
4791,2.7357079443646897,1.3249802370099908,2.679203717012826,0.8988197169908445
4792,1.0568374357782442,1.1912680667441864,2.697132792667284,0.11285504332457125
4793,2.753304003825518,1.339093948053275,2.697132792667284,0.8944726911955184
4794,1.0579188405616553,1.1909016870932907,2.7154297038750297,0.055679664772458566
4795,2.7711327338472342,1.353839896565866,2.7154297038750297,0.902276308763459
4796,1.0596120044210093,1.1917842544407495,2.7346325526047837,0.09004581576064391
4797,2.788993038763237,1.3691024880256906,2.7346325526047837,0.8968846085640295
4798,1.0612442167618603,1.1936438954496973,2.754259500211314,0.11316790694974896
4799,2.806919547599535,1.3848586115948023,2.754259500211314,0.8963025911415694
4800,1.0629191712100667,1.1964792546470182,2.7743213804864992,0.16886477263080785
4801,2.8248609851508713,1.4010515086382558,2.7743213804864992,0.8960865557749462
4802,1.0645377238836786,1.1997519942077455,2.79438236175511,0.16435432977254677
4803,2.842764092933069,1.4176218901299291,2.79438236175511,0.8991092279045464
4804,1.0661143883246096,1.2024233498863524,2.8137726127124876,0.12117752274164807
4805,2.8605883926509508,1.4345175307855869,2.8137726127124876,0.8939425972776645
4806,1.0672930180646114,1.203820213596492,2.831896657006395,0.05638780112002242
4807,2.8783427459717994,1.451720719074601,2.831896657006395,0.8940135901582054
4808,1.0682594022585092,1.204048061725511,2.8488475898708026,0.061315462555441944
4809,2.895956448706236,1.469163378752439,2.8488475898708026,0.8953394812768897
4810,1.0698026095098485,1.2035617174372137,2.8652007808422986,0.11988652028188278
4811,2.9133017948187607,1.4867317073545623,2.8652007808422986,0.8932028991102812
4812,1.0713696352179878,1.202124519427112,2.8805219365520176,0.16230525551882824
4813,2.9303928418442142,1.5044116207810008,2.8805219365520176,0.8916360058234618
4814,1.0729082617186791,1.2008619389353705,2.8954595314873406,0.11717523184752064
4815,2.947194077340213,1.5221562876192964,2.8954595314873406,0.8889906426848609
4816,1.0740293969125987,1.2004425447223313,2.9102404417970407,0.06873877744879965
4817,2.9636991279555756,1.5399436560073942,2.9102404417970407,0.8905138460159847
4818,1.0750820349694932,1.2010320890007105,2.9250892763108096,0.055722893236403566
4819,2.97982437256529,1.5576901201758158,2.9250892763108096,0.8861360595059031
4820,1.0757297446579532,1.2023802000692012,2.9396811570088563,0.08531688264251679
4821,2.9955626278449,1.5753742061000313,2.9396811570088563,0.8876110570228709
4822,1.076294362258658,1.2046548389125897,2.954253080206403,0.14323559725747106
4823,3.0108567115533793,1.592933137889502,2.954253080206403,0.8833984031790065
4824,1.0765568859726637,1.2076742012708672,2.968553758915723,0.1854694569812214
4825,3.0256686832448754,1.610319982684062,2.968553758915723,0.8816082369484345
4826,1.0765196509144903,1.2113988236010023,2.982557719051366,0.23067713540573145
4827,3.0399802648440017,1.6182622510134392,2.982557719051366,0.8781253530408925
4828,1.0761054785690107,1.215731869196035,2.996152714638495,0.28109918682417573
4829,3.053765414817185,1.6172641550827083,2.996152714638495,0.8769005232952958
4830,1.0755098222476838,1.2207763631317714,3.0094695662801088,0.32320569299999136
4831,3.0669715859037465,1.615558300347565,3.0094695662801088,0.8732854955682989
4832,1.0744971490038275,1.2263184500086235,3.022258294679043,0.3639510363910988
4833,3.0795941340639494,1.6131577566541853,3.022258294679043,0.8716170488073918
4834,1.0733487445200356,1.2325361097267158,3.034742932476008,0.40938339588833283
4835,3.0915831296600897,1.6100542061302203,3.034742932476008,0.867720366711363
4836,1.0715631724151689,1.238992243059195,3.046444242445009,0.4428363199316314
4837,3.1029903279838904,1.606280568101295,3.046444242445009,0.8666633790486519
4838,1.0695227722816483,1.2459456185876754,3.057629362495952,0.4819872767480408
4839,3.1137018478767935,1.6018043276797929,3.057629362495952,0.8657415739805264
4840,1.0675536582097098,1.253652715448259,3.068604036294656,0.5241249345480075
4841,3.1236786924119375,1.5966290992193157,3.068604036294656,0.8619448598922985
4842,1.065353329921291,1.2615604569308008,3.078879590619923,0.531068574932264
4843,3.132941634892015,1.5907774188366832,3.078879590619923,0.8613016874180148
4844,1.0632120843799253,1.269419399384993,3.088417879952854,0.5145675300257521
4845,3.1414667586494205,1.5842567085597692,3.088417879952854,0.8566473365456345
4846,1.060884847278254,1.277329704853738,3.0971574573392986,0.5503873641556182
4847,3.149236285028237,1.577077229270871,3.0971574573392986,0.8529624030686545
4848,1.0579728519733318,1.2853355239015207,3.1049896433191417,0.5798249889618686
4849,3.1563054692160684,1.569258640954948,3.1049896433191417,0.8522582925902625
4850,1.054813127141755,1.2937115869503855,3.1121669909362515,0.6108861518452144
4851,3.1625572800408146,1.5607969051346555,3.1121669909362515,0.8497074643966153
4852,1.0513158525232071,1.3023377554800462,3.118605352791783,0.6405090820423137
4853,3.168029756348565,1.5517118051329892,3.118605352791783,0.8530601737792982
4854,1.0478842046905144,1.311608312163625,3.124721167233293,0.6767698681399711
4855,3.1726689432506467,1.5420183468527089,3.124721167233293,0.8472235448675407
4856,1.0441042521596016,1.3210684760883036,3.1300318083736145,0.702167798852501
4857,3.176491343344883,1.531736181624389,3.1300318083736145,0.8430282940622352
4858,1.0399740191843923,1.330682002045969,3.134519779054506,0.7357003401374742
4859,3.179500464017326,1.5208830192412912,3.134519779054506,0.8426844841100214
4860,1.0360513197841448,1.340059854558647,3.138311785524704,0.6917185690413369
4861,3.1816882973536016,1.5094785065841354,3.138311785524704,0.8383726048910125
4862,1.032729470909606,1.3410977414754415,3.1411541568297134,0.6074002959168552
4863,3.1830637408777487,1.4975389952247486,3.1411541568297134,0.8372356230115338
4864,1.0304118441775874,1.342614835026594,3.143298229928973,0.5381240438832506
4865,3.183600862001163,1.485094580781422,3.143298229928973,0.8339818406155138
4866,1.028673858599518,1.344145151040003,3.144317399995588,0.4536836481808418
4867,3.1833532495236234,1.4721409187843641,3.144317399995588,0.8358016780077435
4868,1.0273269029771614,1.3460097201366505,3.1448368043544623,0.504150971698715
4869,3.182238983299702,1.4587483867448507,3.1448368043544623,0.8312570648674016
4870,1.0253859067160855,1.3474547539991404,3.144381357604195,0.531758433271687
4871,3.180306408617016,1.444922547153345,3.144381357604195,0.8300167779239029
4872,1.0229364874917506,1.348567162692451,3.143044925827826,0.557777790956512
4873,3.177560286855705,1.430692587698876,3.143044925827826,0.827349858093797
4874,1.0197789128272914,1.3490872782663719,3.140564474834397,0.5821817584706316
4875,3.1740266642098613,1.4160619790001028,3.140564474834397,0.8292199770883155
4876,1.0163660943294541,1.3495529821671308,3.1374960435992887,0.6223706246035379
4877,3.169677577693555,1.4011089559244172,3.1374960435992887,0.8248973474189174
4878,1.012634282050511,1.3496689203859982,3.133411084130695,0.6029915611349815
4879,3.164550141460267,1.3858278228821028,3.133411084130695,0.8280732453650088
4880,1.0096598980005203,1.3502691908444062,3.1288929569565473,0.5312604599549577
4881,3.158643434258184,1.3702778755250833,3.1288929569565473,0.8240377006044874
4882,1.0076765083215815,1.351402582754346,3.12385110824628,0.4571963447922365
4883,3.1519742475811126,1.3544969999230105,3.12385110824628,0.8220325557976255
4884,1.0057915797684578,1.3525283690166787,3.118084257189626,0.4990413594221981
4885,3.144563873247812,1.3385049613688964,3.118084257189626,0.822272945548848
4886,1.0032673659618518,1.3531639999341436,3.111372382470312,0.522109337920414
4887,3.136426858131945,1.3223542138427744,3.111372382470312,0.821993714324916
4888,1.000129743795455,1.3533255535900626,3.103743734220784,0.5469902728445153
4889,3.127583338930894,1.3060804452120778,3.103743734220784,0.8210603631622779
4890,0.9964448942170178,1.3530809072330128,3.095287737405912,0.5871941905289705
4891,3.118054730682676,1.2897435620044015,3.095287737405912,0.8182623039167042
4892,0.9922960714727207,1.352395383638227,3.0858913311204983,0.5892083945455371
4893,3.1078631183584093,1.2733630897490278,3.0858913311204983,0.8170437620727098
4894,0.9884902788863259,1.351760499758235,3.075752588244284,0.49980948880973264
4895,3.0970223586385615,1.2569362091617289,3.075752588244284,0.8202963287379014
4896,0.9851479764812942,1.3515624655680814,3.065521542360548,0.5434069411218053
4897,3.085582431531979,1.2406663263006246,3.065521542360548,0.8167784464460489
4898,0.9811507077863731,1.350816877346668,3.0544003710208076,0.5666832325488335
4899,3.073562628156131,1.224519864451334,3.0544003710208076,0.8153763332806259
4900,0.9764062295338106,1.3493853159168896,3.042237649190631,0.5926974937670393
4901,3.0609857576729578,1.208526132159009,3.042237649190631,0.815486670217711
4902,0.9710692407625378,1.3474530517792815,3.0292659783914173,0.6248462388451534
4903,3.047888294097871,1.192762266133899,3.0292659783914173,0.8173300347203742
4904,0.9653435426583161,1.3452790037942608,3.0158196191065074,0.6502066434225879
4905,3.0343186845637153,1.1773228462085374,3.0158196191065074,0.8154495573103666
4906,0.9590844060917252,1.3426562150360248,3.001669745096914,0.6853215776151494
4907,3.0203042486660707,1.1622379271714527,3.001669745096914,0.8152098867516328
4908,0.9530186415101483,1.340109116072063,2.987168146248659,0.629704982385426
4909,3.0058824990757946,1.147567034881675,2.987168146248659,0.8135615596936701
4910,0.9479970198143086,1.3382778696209265,2.972778646246421,0.5507802796856898
4911,2.9910953118184835,1.1333762301790067,2.972778646246421,0.8124488620831932
4912,0.9431797154316034,1.3365314114698408,2.958104889089752,0.5883228013845739
4913,2.975969104552929,1.1197014802634904,2.958104889089752,0.8120931130159881
4914,0.9376643540142886,1.3341404911729104,2.942638659128901,0.6122742503487223
4915,2.960544634989144,1.1066071029189566,2.942638659128901,0.8138332531867217
4916,0.9316389700045855,1.3313465462907446,2.9267091219011037,0.6343985966006433
4917,2.9448881479960947,1.094192521457536,2.9267091219011037,0.8109451870674066
4918,0.9249024999915063,1.3278571278246372,2.9099322800838276,0.6572195208045106
4919,2.9289833822959412,1.0824298407173272,2.9099322800838276,0.812531566923559
4920,0.9177443270707837,1.3240574506793001,2.892878177385739,0.6862922985509129
4921,2.9129650043284467,1.0715072336301157,2.892878177385739,0.8106215944632418
4922,0.9099426354026046,1.3196240545462823,2.875107893876538,0.7075121125696413
4923,2.8968019404816783,1.061375698924536,2.875107893876538,0.8133461676561816
4924,0.9017465474749836,1.3148906866480456,2.8570976673444135,0.7392523507977589
4925,2.88059895817308,1.052163156886398,2.8570976673444135,0.8120782646034977
4926,0.8930304801998367,1.3096667064889482,2.8386201488246106,0.7616935556415324
4927,2.8643793157825326,1.0438885090798768,2.8386201488246106,0.8105408508496551
4928,0.8838107312432758,1.3039602713061487,2.8196885236378697,0.7802476813002801
4929,2.848172557667048,1.0365800199524815,2.8196885236378697,0.8118219926907605
4930,0.8741788742665154,1.2978855300894363,2.800492798157151,0.8042656111791869
4931,2.832059993104508,1.030313756190267,2.800492798157151,0.8118174768711172
4932,0.8641380141437502,1.2914322416282324,2.781028033942263,0.8346515031332922
4933,2.816076264923779,1.0251115182117045,2.781028033942263,0.8128545026667213
4934,0.8547651787741773,1.285471805290481,2.7620298860044454,0.7448764568591705
4935,2.800279453439385,1.021011646674019,2.7620298860044454,0.8102695209318942
4936,0.8467260275791685,1.2804541040947919,2.743743920540539,0.664853244403053
4937,2.7846278459635823,1.0179719289727454,2.743743920540539,0.8127694985819706
4938,0.8402003576849557,1.2766751975330979,2.7267161257008423,0.5829955231277434
4939,2.7692880689627963,1.016103877638592,2.7267161257008423,0.8133003813170152
4940,0.8340214911676668,1.2731607009057395,2.710163694828774,0.6234605205260851
4941,2.754290247313479,1.0154010542831289,2.710163694828774,0.8141981817154912
4942,0.8283462457994959,1.2700227758893947,2.694218266199315,0.5486173305025558
4943,2.7396901966514413,1.0158686437496591,2.694218266199315,0.8129047962043037
4944,0.8238203511617691,1.2676812127142916,2.679066740246064,0.471379181489105
4945,2.725400297622401,1.0174344056955127,2.679066740246064,0.8201981182505963
4946,0.820807525067478,1.2667043296088145,2.6656671787335755,0.41958403722618337
4947,2.7116897750743276,1.0202021398826588,2.6656671787335755,0.8200892471892318
4948,0.8178910573728857,1.265739322272524,2.6526718040634085,0.4481591148959486
4949,2.698492195397554,1.0240943484803855,2.6526718040634085,0.8181407987394346
4950,0.8141164563681397,1.2639397040267315,2.6393483422684154,0.47258661377209066
4951,2.6858530252580497,1.0290883911950972,2.6393483422684154,0.8247446550360137
4952,0.8095950129192405,1.2614482742477482,2.625873866409987,0.5002323016925868
4953,2.6738102041538836,1.035154173212827,2.625873866409987,0.8243125975308897
4954,0.8042769743752011,1.258174433992318,2.6121543981975184,0.5239537284268788
4955,2.6623965369715132,1.0422570737046384,2.6121543981975184,0.8244182132918049
4956,0.7982329832489056,1.2542027935704796,2.5983213829208767,0.5554519573781121
4957,2.6516702199371247,1.050362976486715,2.5983213829208767,0.8239057250893177
4958,0.791310379495838,1.2492938239096218,2.5840319722128924,0.5748343198447747
4959,2.6415758676708805,1.059423555835861,2.5840319722128924,0.8306303265813271
4960,0.7839164381158964,1.2440233744026754,2.5701346888278636,0.6088801729810986
4961,2.6323418304401884,1.0694065706101934,2.5701346888278636,0.8276343679269229
4962,0.7756493830258243,1.2377843928796046,2.555756243178414,0.6237928748149192
4963,2.6237849992593394,1.0802591884732993,2.555756243178414,0.8326545803488832
4964,0.7668271146926448,1.2310261546317547,2.5415666751245825,0.6528930164160993
4965,2.6160968414539902,1.091928656234587,2.5415666751245825,0.8355404322343032
4966,0.7574864491528649,1.2237936742139823,2.5275935848101128,0.6915043856920419
4967,2.6092753494088083,1.104358166251127,2.5275935848101128,0.8387485974623777
4968,0.7488047831143936,1.2171457572859914,2.5148934508802157,0.6206120996022995
4969,2.6033570772161068,1.1099691328153132,2.5148934508802157,0.8439599088372777
4970,0.741658307056123,1.2118540245659273,2.5042213726300715,0.5456651021177966
4971,2.5983318630234455,1.1092753125099453,2.5042213726300715,0.840888445267441
4972,0.7357834625786244,1.2075606525240763,2.495179587536423,0.45745504504620943
4973,2.5941393966883672,1.109634591001471,2.495179587536423,0.8461559223826199
4974,0.7301893998257029,1.2035158887254032,2.487199575942484,0.5048737590260499
4975,2.5909183433469742,1.1111434745899809,2.487199575942484,0.8567192618511026
4976,0.7249100304595083,1.1997767981802767,2.4803300595747757,0.4566442283472121
4977,2.5886605520619677,1.1137781008454197,2.4803300595747757,0.8555085207305664
4978,0.7195971214050835,1.195926489379685,2.474142359503839,0.49053250714733504
4979,2.587348779257019,1.117507551206194,2.474142359503839,0.8564585317756841
4980,0.7146819769976533,1.192388909311245,2.469089169806958,0.4245455361719283
4981,2.5869982664638678,1.1223209883250382,2.469089169806958,0.8619932773829379
4982,0.7111247084264136,1.1900714432877277,2.466114204401418,0.3761626771503768
4983,2.587614462157256,1.1281971227371927,2.466114204401418,0.8580692630421668
4984,0.7086630819686195,1.1886115532194246,2.4648040318552673,0.28680091795828383
4985,2.589096562984599,1.1350601282109607,2.4648040318552673,0.8700403996860617
4986,0.7067493326450244,1.1877371673278536,2.4650268772599224,0.33541243101900375
4987,2.59163222189827,1.1429760664866782,2.4650268772599224,0.8649563438117396
4988,0.7052307357533549,1.1871192015013479,2.466371444304185,0.26901782177098515
4989,2.5950778926665197,1.1518441192712496,2.466371444304185,0.8726000482058609
4990,0.7049975329820132,1.1877274035004177,2.469888361384788,0.24740301856840538
4991,2.5995146575315826,1.161657740295416,2.469888361384788,0.8763071377440974
4992,0.7047021822341508,1.188235310939376,2.4741764379780666,0.2580574901918936
4993,2.6048767337845606,1.1723529464011044,2.4741764379780666,0.8771288583647179
4994,0.7033436885047011,1.187680902658445,2.4782450242281957,0.27483789114326695
4995,2.6111536088913594,1.1838848839599756,2.4782450242281957,0.8798726097846226
4996,0.7009775338744338,1.1861271822958996,2.482127345683175,0.29839477185404484
4997,2.6183195344491934,1.1962061880162915,2.482127345683175,0.8839429173756093
4998,0.697652750001697,1.1836276405471027,2.485862106136048,0.32733561725048604
4999,2.626360205490271,1.209266654394689,2.485862106136048,0.8812974648204521
5000,0.6932987158388222,1.180047229532212,2.489325002052718,0.34879279117822154
5001,2.635234058818231,1.2230328975507234,2.489325002052718,0.8878403956744482
5002,0.6881365533954085,1.1757140637864647,2.4927740099855966,0.3885479188368829
5003,2.6449474756513425,1.2374257958878072,2.4927740099855966,0.8891733012310297
5004,0.6821087843804059,1.1705154177810364,2.4960965287512904,0.4251156358214851
5005,2.655454785912237,1.252397928222078,2.4960965287512904,0.8874010074059369
5006,0.6751573487056313,1.1643303202621347,2.499206110744384,0.45390936366301393
5007,2.666720586339483,1.2679312519034247,2.499206110744384,0.8907312203706435
5008,0.6674069494948732,1.157331551579393,2.5022197380610884,0.47964504688725706
5009,2.678720975099513,1.2839497907096338,2.5022197380610884,0.9000031952101689
5010,0.6589880871920965,1.1497435541202616,2.505206267412003,0.5323416479451729
5011,2.69141191368722,1.3003628692303941,2.505206267412003,0.8922900668219216
5012,0.6509841725271858,1.1424524617905143,2.509276752812965,0.4392694561540504
5013,2.704773259744259,1.3108114417292955,2.509276752812965,0.9002556893174386
5014,0.6445190566136766,1.1366989627846555,2.515468187394241,0.39191779579804553
5015,2.7187343834375306,1.3178151490613983,2.515468187394241,0.8953743912513566
5016,0.6394272975775077,1.13219290459001,2.5236782084917144,0.30829880103670354
5017,2.733302813777304,1.3257612836525776,2.5236782084917144,0.9037175744000269
5018,0.6344982955744087,1.1278863992320383,2.532544428254919,0.36384006891419823
5019,2.7483840760158786,1.3346815848962943,2.532544428254919,0.9014717995270192
5020,0.6286625996988062,1.1226462727525452,2.541018881763734,0.39896024928285734
5021,2.7639534567621777,1.3445098276663592,2.541018881763734,0.9005344776451363
5022,0.6220938929541355,1.1166490983282706,2.5492453421731245,0.4116027414732338
5023,2.7799754090055684,1.355203204944172,2.5492453421731245,0.9025772427010006
5024,0.6147937520379854,1.1099008317140882,2.5571807486001914,0.4406355341696966
5025,2.796397454713907,1.3667208317151858,2.5571807486001914,0.9025727102160144
5026,0.6066771561984176,1.1023197950341055,2.56470699516715,0.4837905897536668
5027,2.813181411886702,1.3790169954523526,2.56470699516715,0.9017642430912306
5028,0.5979912454850475,1.0941263250277653,2.5720718907990423,0.49534679636139406
5029,2.830290415117924,1.392047393289527,2.5720718907990423,0.9025864060629494
5030,0.5899782771504426,1.0865668375336643,2.5804658012261847,0.41307496245246433
5031,2.8476851985913085,1.4057675250017938,2.5804658012261847,0.9097719461281123
5032,0.5821730526759161,1.0792334337600962,2.5892723223828056,0.45893677533301713
5033,2.8652779185713904,1.420112542646342,2.5892723223828056,0.9043481622882776
5034,0.5735705695172991,1.0710692809703208,2.5975524053699295,0.48461439897821007
5035,2.883041946954114,1.4350343666386698,2.5975524053699295,0.9029691908684409
5036,0.5641947213337118,1.0621101848218264,2.605282192521275,0.5263016012828109
5037,2.900939158056169,1.4504834904076316,2.605282192521275,0.9028372216503229
5038,0.5543986125287838,1.0527047687759081,2.6127802021363964,0.5250247776261144
5039,2.918927111258445,1.4664090814487718,2.6127802021363964,0.902699066999818
5040,0.545383599335327,1.0440612146377866,2.6211466347316343,0.44962305058590735
5041,2.93693796767889,1.4827449693036152,2.6211466347316343,0.8994482920432357
5042,0.5366742507135126,1.0356663918388074,2.630024544274109,0.475703332909876
5043,2.9550042246206165,1.4994860454315193,2.630024544274109,0.900694445306291
5044,0.5271682153386409,1.0264795481596343,2.6380710934932226,0.5193783500251942
5045,2.9729681978067823,1.516508895134027,2.6380710934932226,0.8984569880904251
5046,0.516948332603424,1.0165454313900266,2.6454618148247566,0.5427258069066395
5047,2.9908433068456177,1.5337964036429792,2.6454618148247566,0.9025523515313341
5048,0.5059796194192225,1.0058582337034165,2.652038758214236,0.5796449591908186
5049,3.008565501134276,1.5512818941634647,2.652038758214236,0.895774592589725
5050,0.49436481338731736,0.9944864226966198,2.657955905213062,0.6128817767396845
5051,3.026103410567001,1.5689215911995504,2.657955905213062,0.8963426350967529
5052,0.48231924307214125,0.982667761895401,2.663331655173633,0.6168301065424867
5053,3.043416095745825,1.58666576861788,2.663331655173633,0.8923778562102244
5054,0.4706633395280903,0.9712093800671358,2.6689851486876583,0.5739701581534988
5055,3.060491103647213,1.6044882353998002,2.6689851486876583,0.8928885749432542
5056,0.46014338226940915,0.9609113895774894,2.6753935277115852,0.5141815645512695
5057,3.0772274938991306,1.6222919170847179,2.6753935277115852,0.8897281070970346
5058,0.45113639556240137,0.9521341697676597,2.682939965096917,0.43980439898662116
5059,3.093610543669975,1.640048351867615,2.682939965096917,0.8878469904747147
5060,0.44358598363792767,0.9448191329313567,2.6915396356681325,0.3716533908513226
5061,3.1096152121234306,1.6577225295364304,2.6915396356681325,0.8879676381935542
5062,0.43621996639704796,0.9376736922657963,2.6999785852905203,0.4161951747284087
5063,3.1252021128855048,1.67526795515166,2.6999785852905203,0.8819972534696663
5064,0.42820129017773895,0.9298167430637273,2.707640911374801,0.4323192551767232
5065,3.140411486444933,1.6927109148034623,2.707640911374801,0.8817738947933786
5066,0.4193964086016314,0.921152683778395,2.7141355326448817,0.4610966402254159
5067,3.1550941881263666,1.7099068697938076,2.7141355326448817,0.8808816250443559
5068,0.4098155400775882,0.9116939985775766,2.7194423442409805,0.5056141953206539
5069,3.16922548037411,1.72682107120179,2.7194423442409805,0.8773361955503247
5070,0.39956591816457493,0.9015359147843429,2.723709778818443,0.5287183116848295
5071,3.1828045108511915,1.738962874055561,2.723709778818443,0.8734813852063089
5072,0.38876352495006533,0.8907839140562915,2.7270791390096436,0.5529083502511681
5073,3.195821384049754,1.7380269406059492,2.7270791390096436,0.872516832114829
5074,0.37725711413401486,0.8793126437562357,2.729238584034165,0.5936769605348471
5075,3.208210938128891,1.7363593356024318,2.729238584034165,0.8690189174063762
5076,0.36544826812018155,0.8675061260062015,2.73063863062661,0.5954411377213101
5077,3.2199815784931434,1.7339795073548334,2.73063863062661,0.8662564252233823
5078,0.3534014766423286,0.8554174604178719,2.731374855695153,0.6168512851287256
5079,3.231146279461884,1.7309043649644413,2.731374855695153,0.8663315741684999
5080,0.340654998040039,0.8426151074088096,2.7307387269599497,0.6524284123793954
5081,3.2415689635231364,1.727090366015016,2.7307387269599497,0.8621926377432954
5082,0.3274882335334369,0.8293433902990205,2.7291141626792466,0.6803281349794164
5083,3.2512817134486265,1.7225678970727212,2.7291141626792466,0.8596229173754675
5084,0.31398535154512175,0.8156725363344405,2.726578607178422,0.697002155603529
5085,3.2602920247711684,1.7173528080354463,2.726578607178422,0.8583602470723015
5086,1.03757954855857,0.8014482987950723,2.722825840965857,0.7336149991426277
5087,3.2685400433969316,1.711440242829569,2.722825840965857,0.8554537794702222
5088,1.0279114496085782,0.7875407856280104,2.7186359749088425,0.6818539633530067
5089,3.2760310522819367,1.7048469627639942,2.7186359749088425,0.8524792535248575
5090,1.0193767591455363,0.7749537680772083,2.7148833789655655,0.6016303150497768
5091,3.2827877203073044,1.697589684717547,2.7148833789655655,0.8549166307353118
5092,1.0124233802890337,0.7635976661420388,2.711242721101565,0.5448292088482495
5093,3.288719711385016,1.6896662543709002,2.711242721101565,0.8475605045158829
5094,1.0067561701249155,0.7538260297907982,2.708303559621798,0.45478165317240354
5095,3.2939151706641905,1.6811018374363145,2.708303559621798,0.8466939438146167
5096,1.0012214179747476,0.7444966517697355,2.7050462646635403,0.47839137746534666
5097,3.2983132265867128,1.6719011864337776,2.7050462646635403,0.8469114075967896
5098,0.9950219499510865,0.7343721658504947,2.70020808533522,0.5269058901673358
5099,3.3018283625360914,1.6620829349178166,2.70020808533522,0.8422943264925532
5100,0.9879782427703929,0.7240108584670494,2.6945444710552966,0.5347835483031029
5101,3.304552437921532,1.651666100632191,2.6945444710552966,0.8418896263681547
5102,0.9802201873643036,0.7131382362031239,2.687645447605563,0.5655894014502562
5103,3.306438095128876,1.6406729170016914,2.687645447605563,0.8394945307819291
5104,0.9717084444046108,0.702007720450003,2.6798020141986667,0.5985446853521139
5105,3.307505424951164,1.6291213217493186,2.6798020141986667,0.8380422201872078
5106,0.9624742725534016,0.6906618989028169,2.671030431911852,0.6144210140168466
5107,3.307757143915083,1.6170301914039502,2.671030431911852,0.8385065908632912
5108,0.9525890297760841,0.6788767132545037,2.6610140057718503,0.6551059983556313
5109,3.3071653126020015,1.6044347512037016,2.6610140057718503,0.8341989957295093
5110,0.9427474966882876,0.6676346666287128,2.6507044675765563,0.5997738850976705
5111,3.3057798051798337,1.5913359393120976,2.6507044675765563,0.8336682830184583
5112,0.9328363084115803,0.656750597584913,2.639891371600999,0.6251939678893432
5113,3.3035846333802397,1.5777640325351094,2.639891371600999,0.8335788717187529
5114,0.922268854774086,0.6456710978439181,2.6280461487801428,0.6518668339416946
5115,3.3005606023988925,1.563767296284838,2.6280461487801428,0.8340093398916579
5116,0.9110579943119842,0.6342449047666932,2.614989808045984,0.6897212642330109
5117,3.296721827528092,1.549378162412924,2.614989808045984,0.830055534726812
5118,0.9003169437443513,0.6234511528747468,2.6016035545824816,0.6161347558233007
5119,3.2921000778288865,1.5346025067698748,2.6016035545824816,0.8296685135170545
5120,0.8910712389256459,0.6136038725567593,2.5881024981888405,0.5430114665419252
5121,3.286699967968159,1.5194755834542473,2.5881024981888405,0.8310165129203964
5122,0.8833667639120616,0.6043573712961251,2.57417102997454,0.4987187410475004
5123,3.2805251091144476,1.5040504970159112,2.57417102997454,0.829341306441622
5124,0.8771441738827513,0.5958727367133066,2.56004700017806,0.4329249058180605
5125,3.2735949478851443,1.4883589273551703,2.56004700017806,0.8279441387522557
5126,0.8723456701951398,0.5880837939725311,2.5457244147013016,0.3763311391975185
5127,3.26592896052624,1.472429300863068,2.5457244147013016,0.8261726216696458
5128,0.8676728580873084,0.5806888847148105,2.5310390300292105,0.39558444010853383
5129,3.2575449704586843,1.456291547676665,2.5310390300292105,0.8287499217012071
5130,0.8620881634783498,0.5731534392828174,2.515522792533254,0.43050729961174344
5131,3.2484600111619675,1.4400090733566353,2.515522792533254,0.8284705312922187
5132,0.8556356611330695,0.5656954193100135,2.499386948097557,0.4417002817255148
5133,3.2386972778093677,1.4236175052799758,2.499386948097557,0.8237932839695593
5134,0.8483817161433265,0.5586319640621947,2.482935198337384,0.4528436988856784
5135,3.228275353987763,1.407120309930384,2.482935198337384,0.8240565104936068
5136,0.8403422690844207,0.5517893700225159,2.4659743849580473,0.47772574301732496
5137,3.2172195789986477,1.390601275762562,2.4659743849580473,0.8247362058818346
5138,0.8314836327173073,0.544865898427822,2.4481959816460033,0.5095030047292018
5139,3.205566459091212,1.374150119519566,2.4481959816460033,0.8261289093291174
5140,0.8218653366115971,0.5381607603860009,2.429886481809868,0.541935757807116
5141,3.1933416559829215,1.3577834779361486,2.429886481809868,0.8220692757158753
5142,0.8115423417883488,0.5318764047784572,2.411235495929809,0.5623894876327665
5143,3.1805759533754374,1.3415516854718772,2.411235495929809,0.8209994956254097
5144,0.8005814445954869,0.5262279886987292,2.3924360296671052,0.5844763135684344
5145,3.1672896638903,1.3254751240812623,2.3924360296671052,0.8209723433205602
5146,0.7889940053554779,0.5211537029261305,2.3734180363753246,0.6137110806936581
5147,3.1535186448328143,1.309623212528821,2.3734180363753246,0.8227341437004364
5148,0.7766838059462337,0.516277915663181,2.353820428572615,0.6453110568409198
5149,3.139326376109692,1.2941179681991464,2.353820428572615,0.819923187112635
5150,0.7638079051770867,0.5121627407418097,2.334179198468342,0.6756201761238245
5151,3.124723051275515,1.2789498883998691,2.334179198468342,0.8209313405186843
5152,0.7514354621657905,0.5083865777874362,2.3142354191952075,0.5971304500059864
5153,3.10975846233794,1.264202154134176,2.3142354191952075,0.8213299492148518
5154,0.7393426461167029,0.5050158896562924,2.294088437977238,0.6356618621944424
5155,3.0944670470684956,1.2499225288925533,2.294088437977238,0.819129517964275
5156,0.7278523042878453,0.5020513562020685,2.2738553873445104,0.5553707025298852
5157,3.0788875121540267,1.2361667803503285,2.2738553873445104,0.820501245679552
5158,0.7178661024184151,0.4990326258383006,2.2533487810283788,0.48488311808038176
5159,3.063068253709413,1.2230041234262836,2.2533487810283788,0.8193153290585943
5160,0.7081510353527622,0.49633357687754304,2.2327886892345656,0.523578026807997
5161,3.0470373504758514,1.210470500349773,2.2327886892345656,0.8193995776450352
5162,0.6985668774272071,0.4940506392233783,2.212302225257604,0.4883735727959881
5163,3.0308392935475488,1.198626524343422,2.212302225257604,0.8188344801011452
5164,0.6901166978210467,0.49169313597740166,2.1917080339197565,0.41795569779634456
5165,3.014519286042108,1.1875303982613494,2.1917080339197565,0.8196248869332837
5166,0.683015124199398,0.488968296373698,2.1708885505806528,0.37784105314473354
5167,2.9981404977857196,1.1772580980133651,2.1708885505806528,0.8197500328207403
5168,0.6772358915875172,0.4858822247891618,2.1499289908695536,0.3176837744422053
5169,2.9817370361852205,1.1678449895577139,2.1499289908695536,0.8220241927774876
5170,0.671557256544613,0.4829840990230682,2.129145867157735,0.34038165799812825
5171,2.9653715977738497,1.1593560678110701,2.129145867157735,0.8209189008351461
5172,0.6651102466903616,0.48092456856943827,2.108992578577887,0.35847130066301525
5173,2.949085595174586,1.1518273672852561,2.108992578577887,0.8201616687738442
5174,0.657910221617386,0.4796904995298559,2.0894986706714627,0.398415038671682
5175,2.9329266018631523,1.1452978745169298,2.0894986706714627,0.8190184128653235
5176,0.650529925755864,0.47918684121459953,2.0707369313204342,0.38261846971568436
5177,2.9168944261711536,1.1397608522119982,2.0707369313204342,0.8198292738129183
5178,0.6440554170390436,0.47871283257290914,2.052382010866415,0.308251649983731
5179,2.9010147489569014,1.135236193555897,2.052382010866415,0.8267348118238691
5180,0.6384882187655392,0.47708232965715486,2.033501759731778,0.2967416434621107
5181,2.8855243297399813,1.1319014572823378,2.033501759731778,0.8213811590196838
5182,0.634268247815285,0.47500142772475107,2.014868727713289,0.2406055370395308
5183,2.870315465371002,1.129646572999723,2.014868727713289,0.8241254874258153
5184,0.6299934816492118,0.4729520961938534,1.9966539394883334,0.26697220674634453
5185,2.855511440121541,1.1285382587317005,1.9966539394883334,0.8233577051999504
5186,0.6250787087254227,0.472019241793265,1.9797540590098648,0.2721202625939683
5187,2.8410852729342886,1.1285332813114235,1.9797540590098648,0.8256592837189771
5188,0.6193258102892855,0.47191710897798583,1.9639296461328994,0.3087201936872762
5189,2.8271489615651086,1.1296718552548528,1.9639296461328994,0.8255691091221204
5190,0.6130250390312746,0.4729314513052973,1.9495522386953867,0.3250618112503623
5191,2.8136670641502337,1.1319053930564567,1.9495522386953867,0.8283879953196156
5192,0.6059198773240757,0.47474747706213827,1.9363610196416687,0.3652653407587597
5193,2.8007829531025017,1.1352704044954596,1.9363610196416687,0.8276370144581956
5194,0.5984255894128925,0.47772206692145175,1.9248113675135012,0.3892481063848737
5195,2.7884145854427422,1.139697451194167,1.9248113675135012,0.8366253245661817
5196,0.5899728861159973,0.4813202966879782,1.9143442125517782,0.44417341347062095
5197,2.776758057432303,1.1452206116684582,1.9143442125517782,0.8324898744833378
5198,0.5819979170681966,0.4848433477530848,1.90473545985999,0.3711447906661231
5199,2.765777952643757,1.1517802699642201,1.90473545985999,0.8322610657515256
5200,0.5754196532582779,0.4875052920120076,1.895484375211993,0.30462141283501254
5201,2.7554369697752144,1.1593303431663682,1.895484375211993,0.8361141224254748
5202,0.5697451543897973,0.4889908205827381,1.8862383069974584,0.26603355241047855
5203,2.7459008912273486,1.1678599928416438,1.8862383069974584,0.836868646464773
5204,0.5650998340515297,0.4894418465638662,1.8771898177945383,0.23753449479165734
5205,2.7371646293922955,1.1773158177795002,1.8771898177945383,0.8368904147970213
5206,0.5617748284539751,0.48905500228504495,1.86855641207267,0.16935074823357354
5207,2.7291221702108572,1.187653687003598,1.86855641207267,0.8480995578862142
5208,0.5580409653446597,0.4885730866070886,1.8607372154340978,0.22747706161819822
5209,2.722054117146153,1.1988268445573804,1.8607372154340978,0.8410507253796733
5210,0.5546212911924513,0.4884922214356499,1.8543994609599825,0.17996203889170445
5211,2.7157992286501007,1.2107893935744882,1.8543994609599825,0.8514409294993253
5212,0.5516340850868113,0.48749255564670346,1.8482787284949471,0.1811304189929942
5213,2.7104922672878504,1.223475666867078,1.8482787284949471,0.84720586146772
5214,0.548765189360534,0.4867024713632995,1.8434584747515486,0.19104279611980343
5215,2.706110566615897,1.2325548763331993,1.8434584747515486,0.8499557760759467
5216,0.5452548736261706,0.4870488613222707,1.8406676780477147,0.20295898354228883
5217,2.702648953345251,1.233791076479604,1.8406676780477147,0.8494073834106254
5218,0.5412332274793974,0.48853238166849317,1.8399944059817417,0.21302856019620658
5219,2.7001328171535,1.2361197942593234,1.8399944059817417,0.8504583616660791
5220,0.5368930739362028,0.49115318455803264,1.8414745508148873,0.23251160819003988
5221,2.698507921915336,1.239490029995411,1.8414745508148873,0.8547107174465012
5222,0.5318313976888467,0.49473938899665276,1.8448789892287056,0.2807969151359042
5223,2.6978948688218987,1.2439630755994904,1.8448789892287056,0.8565652865036227
5224,0.5261399779186485,0.4992944027023385,1.85024224587764,0.32756648660432575
5225,2.6982882482880948,1.2495072141686925,1.85024224587764,0.8558625559610201
5226,0.5202888981354519,0.5048646287669714,1.8577123538603093,0.35393562870264433
5227,2.6995982446381985,1.2560476241350373,1.8577123538603093,0.8582912626016937
5228,0.5143735219086926,0.5113833323613535,1.8672508597383628,0.3809990487786247
5229,2.7018340276731454,1.263570070778242,1.8672508597383628,0.8659865437842832
5230,0.507512040509001,0.5187356618148893,1.87849930820076,0.434606477214897
5231,2.7051230798687733,1.27209512068717,1.87849930820076,0.8610728588800428
5232,0.5009184608659975,0.52697962308468,1.8918191291288737,0.45753629421255637
5233,2.70930807478262,1.2815271965595678,1.8918191291288737,0.8663579032112468
5234,0.49381485711322193,0.536044410197243,1.9068923041765533,0.5001840101190255
5235,2.7144697213100906,1.2918527257351133,1.9068923041765533,0.8663320268859375
5236,0.4868117222487929,0.5459000953855971,1.9238207812549233,0.5302621569134833
5237,2.7205363058392424,1.3030152156246404,1.9238207812549233,0.8695730058946276
5238,0.4795690709472822,0.5565310532568936,1.9424411953425416,0.5709226349436657
5239,2.7275118108055696,1.3149700393785655,1.9424411953425416,0.8735132271283854
5240,0.4723216642628028,0.5677761106419681,1.962602056695238,0.5869789593533772
5241,2.7353674608408904,1.3276667419537986,1.962602056695238,0.8721046164968477
5242,0.46535954734661855,0.579607842685969,1.984309742679521,0.6150617529801364
5243,2.7440719167085454,1.3410603911123067,1.984309742679521,0.8756572472920009
5244,0.4584834095576918,0.5921317421195569,2.0075548210833043,0.6475465391365257
5245,2.753605667863177,1.355092010935919,2.0075548210833043,0.8765653885033415
5246,0.4518855677541324,0.6053032186515764,2.0322843240322634,0.682640875567438
5247,2.763933517258793,1.3666913782601136,2.0322843240322634,0.8768826999062442
5248,0.4460045607142118,0.6178277324785384,2.057189789926475,0.598758185091419
5249,2.775025377824608,1.3703362574137237,2.057189789926475,0.8776661364079277
5250,0.44117862907157507,0.6286603179072908,2.081250425659674,0.5093386967652158
5251,2.78685793393651,1.3749768992445726,2.081250425659674,0.8855696109641035
5252,0.43617532437016004,0.6381214050726169,2.1043576955177437,0.4516956380106293
5253,2.799381671125638,1.3807171254188897,2.1043576955177437,0.880810219221601
5254,0.4320056877472454,0.6471981984464185,2.127842703050447,0.4767653399403237
5255,2.812573279135461,1.3874395059002504,2.127842703050447,0.8829839790234323
5256,0.42843768329874266,0.6568957693556021,2.152629025952092,0.4998728291205991
5257,2.8263988401487348,1.395134223537486,2.152629025952092,0.8855403079825305
5258,0.4254207153769257,0.6671908787534674,2.178622662264223,0.5280870541883632
5259,2.8408279217178474,1.4037738941120794,2.178622662264223,0.8955968332111699
5260,0.42207332412839954,0.6784729272338632,2.205828361288109,0.5799908120256257
5261,2.855756810775898,1.4133586889843035,2.205828361288109,0.8919190024443245
5262,0.4191608827735185,0.6892087093320116,2.2328709943950917,0.5127419220326906
5263,2.8711724114006563,1.4238108605973456,2.2328709943950917,0.8881969871593791
5264,0.41671118561303155,0.6983299886395263,2.258689277283228,0.42354040475604315
5265,2.8870720422949665,1.4350863551128779,2.258689277283228,0.8913019075647219
5266,0.41453473783728373,0.7072030095670371,2.2845231113044044,0.4536457151825896
5267,2.9033698950724234,1.4471489154109436,2.2845231113044044,0.8930250720082753
5268,0.41288393933231426,0.7167870709250622,2.3113600451667735,0.4923280224449038
5269,2.920028941759801,1.459949920275114,2.3113600451667735,0.8953157592831241
5270,0.41180501466896624,0.7270697246693871,2.3391191282586705,0.5328468696117963
5271,2.9369912187224214,1.4734362948291868,2.3391191282586705,0.8954346326482713
5272,0.4109836536790137,0.7368354282064098,2.3664711188955763,0.45750850066848414
5273,2.95422077729401,1.4875592387129837,2.3664711188955763,0.8953587642710807
5274,0.4098542419658582,0.7452745024725956,2.3924341451934907,0.388740171063359
5275,2.9716628834299357,1.5022635669001891,2.3924341451934907,0.8932496266064083
5276,0.40928211585163243,0.7532707124644455,2.4181209196162756,0.41782297718885647
5277,2.9893292579562942,1.517526598358361,2.4181209196162756,0.8963801279625292
5278,0.4092236669991116,0.7620868709047891,2.44460585038462,0.46092493621850994
5279,3.007083005329237,1.5332512308287425,2.44460585038462,0.8932385276528164
5280,0.4095634112968075,0.7702179785420499,2.4704731526892174,0.37814278450260674
5281,3.0249918462249266,1.549448883798323,2.4704731526892174,0.8981548325640711
5282,0.40895996189818784,0.7774549177763813,2.4950207137947933,0.33803531134543047
5283,3.042878723346768,1.5659895788148472,2.4950207137947933,0.8965324224194549
5284,0.40775602043482384,0.7835336022195328,2.5181019100752007,0.2826120988035949
5285,3.060752579807804,1.5828512254339395,2.5181019100752007,0.8958508126439376
5286,0.40674294345019124,0.7894887964152447,2.5408740821812925,0.3229126218233171
5287,3.078576166458074,1.599986681392097,2.5408740821812925,0.8923087216933593
5288,0.4058656395695688,0.7950109284171196,2.562991460229114,0.2593132396017426
5289,3.096309294662784,1.6173477435587138,2.562991460229114,0.8936880770087887
5290,0.40410764908463115,0.7996629790068184,2.583741820156974,0.25359419667763305
5291,3.113897953157951,1.6348761674747034,2.583741820156974,0.8922819084469532
5292,0.40158401351605005,0.8033668090619356,2.603043231160505,0.22552629123888948
5293,3.131304917795227,1.6525261896981498,2.603043231160505,0.8897519328567952
5294,0.39828532505549546,0.8061830297691639,2.6209127478248653,0.21756717326528258
5295,3.1484924088803004,1.670252403536885,2.6209127478248653,0.8888419004177563
5296,0.39520293459598943,0.8090095352399448,2.6383982316312684,0.22156144489531837
5297,3.165404808608594,1.6879950671825157,2.6383982316312684,0.8882010272835473
5298,0.39257762687510633,0.8119483138923217,2.655634685890178,0.20112054065564122
5299,3.182010198742728,1.7057137992701954,2.655634685890178,0.8845213131209733
5300,0.3894913928666424,0.8142699080182066,2.671660065014701,0.2131657829241169
5301,3.198271768161695,1.7233648475362051,2.671660065014701,0.8859025942595737
5302,0.3855043152924743,0.8159376485976018,2.6862678693772506,0.22645355434497286
5303,3.214139987168726,1.740893468787509,2.6862678693772506,0.8817748799026592
5304,0.38176300407736,0.8176484291243374,2.700398783707628,0.20623877280311068
5305,3.2295854949437928,1.758262661950809,2.700398783707628,0.8785655783676347
5306,0.37880259034277064,0.8193516060629766,2.714189847521964,0.18006409729790454
5307,3.244627333317321,1.7754810565992347,2.714189847521964,0.8776134609978572
5308,0.3754515188684059,0.8206337030930667,2.726833540054446,0.20027582726764287
5309,3.259173007920604,1.7924555439767493,2.726833540054446,0.8778655667577003
5310,0.37103218798596654,0.8216736649686436,2.7382232147070535,0.24793384997687537
5311,3.2731574551274343,1.80911552880686,2.7382232147070535,0.8728760362974737
5312,0.3658455110761169,0.8218651190669898,2.7479534170321225,0.2811795212890944
5313,3.2866624113218403,1.825531688582381,2.7479534170321225,0.8785035312862476
5314,0.35962635018252764,0.8220312615688428,2.756525011041921,0.33539008803253134
5315,3.2995217777437227,1.840057138557032,2.756525011041921,0.8704311617279537
5316,0.352585191537915,0.8217356985656189,2.763621056056802,0.3708507818484981
5317,3.311776451690344,1.8389411707113492,2.763621056056802,0.8680824628682713
5318,0.34473400660837195,0.8210582710907817,2.7692714648238157,0.4119074834853467
5319,3.3233975106703744,1.8370938961735164,2.7692714648238157,0.8658003408068914
5320,0.33612904465343857,0.8199048218180797,2.7734135591900815,0.4498107070434629
5321,3.334413782855153,1.8345422241770606,2.7734135591900815,0.8692248042711845
5322,0.32787261447082977,0.8151878391743947,2.7771986296743574,0.38056823189276634
5323,3.344698767576062,1.8312418029485604,2.7771986296743574,0.861868538917797
5324,0.3211021734568123,0.8087348205362422,2.7806772791532017,0.30847202411325625
5325,3.3543417684922723,1.827245483969743,2.7806772791532017,0.8629574439225051
5326,0.3156221746302462,0.8036943359292141,2.784324308994552,0.24260616462180457
5327,3.363211553240681,1.8225152863053404,2.784324308994552,0.862845687948204
5328,0.31145119564048174,0.7999535503965425,2.7879003331617342,0.1829468565414258
5329,3.3713501850630014,1.817083569076792,2.7879003331617342,0.8604295249221042
5330,0.308557421211769,0.7974315835047665,2.7912776013879315,0.11809541899113328
5331,3.3787343976721185,1.810957080083227,2.7912776013879315,0.8552605550837871
5332,0.306912443854081,0.7959967751541076,2.7942372453135396,0.05508634366235334
5333,3.385374308255904,1.804151765240751,2.7942372453135396,0.8535171375978344
5334,0.30644655065725906,0.7955616334973813,2.796735525011438,0.0022444266242587097
5335,3.391284199635893,1.7966806696046351,2.796735525011438,0.8551659720407176
5336,0.30709092177803177,0.7963748028770209,2.7993722526780043,0.06302252968140717
5337,3.396333447525493,1.7885350865083043,2.7993722526780043,0.8506109076712716
5338,0.308832916256991,0.798122317701931,2.8015328428442317,0.11155996238233028
5339,3.4005922944650404,1.7797453692653606,2.8015328428442317,0.849631135684899
5340,0.31163233942799456,0.8008702329524887,2.8034421153223077,0.1663366949645396
5341,3.404040492971786,1.770325653510165,2.8034421153223077,0.847422910888951
5342,0.3153434128565608,0.8043806267600294,2.804827702296338,0.20665086655883091
5343,3.40669003533334,1.7602923100206294,2.804827702296338,0.8490548452986525
5344,0.3188933861951879,0.8078014268510244,2.805501673930346,0.16080335273211363
5345,3.408506875655604,1.7496646668055489,2.805501673930346,0.844071321646777
5346,0.32128005890291195,0.8100801542673777,2.8047372732004896,0.09034130369263686
5347,3.409534026291272,1.738455133653864,2.8047372732004896,0.8439082554854854
5348,0.32367266852628873,0.812357474167097,2.8031859452270114,0.1450219312777948
5349,3.4097316669162083,1.7266887262850756,2.8031859452270114,0.8424625917562001
5350,0.3270537373138283,0.8154490496447129,2.801124401998654,0.19130474901782954
5351,3.409114608473181,1.714383305231498,2.801124401998654,0.8441415002883501
5352,0.33146695120411934,0.8195335819724071,2.798890905615741,0.24198315660082478
5353,3.4076528715810226,1.7015782859274855,2.798890905615741,0.8419106701215432
5354,0.3368050187386508,0.8220184403369389,2.7961622117834826,0.2860303581651815
5355,3.405377779544899,1.6882903727505272,2.7961622117834826,0.8375400180699885
5356,0.3429267392992242,0.8214467097761723,2.792602904058273,0.3285069574500188
5357,3.4023238860669323,1.6745195166454114,2.792602904058273,0.8398287250475857
5358,0.3499910785618931,0.8210440540773903,2.7888882444196534,0.37274459097208806
5359,3.398439763359007,1.6603434973244318,2.7888882444196534,0.8368867747547767
5360,0.3578720503787478,0.8204753882662934,2.7847016925517205,0.4182672471001241
5361,3.393767067376195,1.6457675330181887,2.7847016925517205,0.8342343695401855
5362,0.3651998909868712,0.8196489229950725,2.7793693918663895,0.33854836414590256
5363,3.3883419387577787,1.6307715979272148,2.7793693918663895,0.8368619305843223
5364,0.3713193676860549,0.8196233108226147,2.7735012428777455,0.2762948813157744
5365,3.3821211696546816,1.6154844629578073,2.7735012428777455,0.8339334795606097
5366,0.37613843660943885,0.819946704409935,2.7666934132036585,0.2087788720202929
5367,3.3751496169467927,1.5998924705427586,2.7666934132036585,0.8322681485573339
5368,0.3807283889797697,0.819911376263589,2.758834138472119,0.2520811921802282
5369,3.3674491770537456,1.5839932954063958,2.758834138472119,0.835743070717962
5370,0.3863290938540442,0.819909534900881,2.75084196544018,0.30431038009210093
5371,3.3590201961979753,1.5679032884136257,2.75084196544018,0.8358782727810049
5372,0.39190493932534215,0.8198472026677642,2.742190432248992,0.264084246793429
5373,3.3498926349407965,1.5516195907534835,2.742190432248992,0.8347710687996928
5374,0.39649273921312583,0.8201109267793885,2.7327969019885234,0.19765402927521483
5375,3.340087197040715,1.5351910986474886,2.7327969019885234,0.8344038556262621
5376,0.4010353469566999,0.8204007348347756,2.722855398580394,0.2513411302195044
5377,3.329627512540854,1.5186614319598863,2.722855398580394,0.8294245115841562
5378,0.4055471797285948,0.820166408808293,2.711907682300701,0.21909332350113517
5379,3.3185254676938962,1.5019978798615938,2.711907682300701,0.8305861384224145
5380,0.4091941062653915,0.8201581041884622,2.7002595246292778,0.15769121331389663
5381,3.306813497472576,1.4853251483249592,2.7002595246292778,0.8308080393946533
5382,0.41172866264671937,0.8206994702698149,2.6880958210560535,0.10806179831116167
5383,3.2945198312729738,1.4686858991470342,2.6880958210560535,0.8354462414114885
5384,0.4135758023013424,0.8222822751484026,2.6760709105920304,0.09926279794429488
5385,3.2816922713513197,1.4521848534697679,2.6760709105920304,0.83222028098695
5386,0.4154628915841983,0.8237708401187925,2.6635734027690874,0.13094595286105795
5387,3.268352177879129,1.4358219383501796,2.6635734027690874,0.8317802323128277
5388,0.41779785099548516,0.8248360145250914,2.6505556373649637,0.1233736075762771
5389,3.2545348457573384,1.419653249780006,2.6505556373649637,0.8283269313664885
5390,0.41951467495321054,0.8259292070290304,2.63691943053154,0.08351199026919956
5391,3.2402560574863695,1.4036881162410992,2.63691943053154,0.8284390744126465
5392,0.4202144736509784,0.8275105258868664,2.6228973801364273,0.09244985741458374
5393,3.225550263761731,1.3879874729415111,2.6228973801364273,0.8298930410940848
5394,0.4203395637981295,0.8300131831096954,2.609136353668429,0.1412932877218473
5395,3.2104985526728385,1.3726969684212802,2.609136353668429,0.8283133782218095
5396,0.41966348200566406,0.8330901145998979,2.5952381841290837,0.17984623515544487
5397,3.1951090202762056,1.3578059952043937,2.5952381841290837,0.8278611354861275
5398,0.41914016396931447,0.836011284679663,2.5810793064053352,0.13762680723993495
5399,3.1794156946754897,1.3433630801011507,2.5810793064053352,0.8285442605885719
5400,0.41937418377456154,0.838085591762937,2.5664452977033894,0.08582103908751143
5401,3.1634724661923284,1.3294479248553606,2.5664452977033894,0.8276512160232596
5402,0.4202949132821768,0.8393180406864827,2.5513443450805746,0.059408341143025054
5403,3.1473064549232994,1.3160941730449052,2.5513443450805746,0.8273656656761875
5404,0.42169882835753836,0.8395908797877226,2.535597202382448,0.09251823182689854
5405,3.1309262857553253,1.3033132221237336,2.535597202382448,0.833521174860901
5406,0.4240036023972865,0.8393375957005961,2.5198894570755126,0.14495649357980586
5407,3.11446014482982,1.2912795481348738,2.5198894570755126,0.8301293704390178
5408,0.4260843871690672,0.839130823980211,2.5041606522958095,0.08289420394640476
5409,3.0979134414578433,1.2799889281774015,2.5041606522958095,0.8297501097330995
5410,0.428167319287878,0.8388676576045517,2.4884722645805795,0.12620958904204724
5411,3.0813263126217434,1.269486504935687,2.4884722645805795,0.8301480304644052
5412,0.4308029947569048,0.8378086291864996,2.4725300149299527,0.178370438836543
5413,3.064754586992354,1.2598331227474382,2.4725300149299527,0.8286948796255308
5414,0.4332290894834229,0.8368534543288016,2.456747188508503,0.11415912955208593
5415,3.0482339402164995,1.2510629507395643,2.456747188508503,0.830373159986316
5416,0.43501674422347636,0.8368295018166532,2.4416850225896134,0.06775402688094655
5417,3.0318378495255316,1.2432462911831619,2.4416850225896134,0.8293951228875166
5418,0.4368068300329498,0.8367305574787585,2.426841210043756,0.10801529280553498
5419,3.0155941651201204,1.2364012067237826,2.426841210043756,0.8326389843938686
5420,0.4391043985988218,0.8357845876449852,2.4118639557741304,0.15111417193254056
5421,2.9995631027391103,1.2305741504496024,2.4118639557741304,0.8294036021299701
5422,0.44179560294339265,0.8339546291629815,2.3966897415528723,0.20185356160416004
5423,2.9837777521604916,1.2257822221937429,2.3966897415528723,0.8320221513865493
5424,0.4446039441763634,0.8320495261290192,2.3819180749071007,0.17296453879476784
5425,2.9683032351093965,1.2220651811387009,2.3819180749071007,0.8316005653135772
5426,0.44695534814012317,0.830886714007244,2.3680384855032215,0.11510115082744796
5427,2.9531978377139922,1.2194490776489237,2.3680384855032215,0.8297424964512394
5428,0.448367785989522,0.8304592303197542,2.354812365806077,0.06324352948552206
5429,2.938420920998176,1.2178885855864054,2.354812365806077,0.8317333121004776
5430,0.4492405911259937,0.8309957326968523,2.342743526685834,0.053450243650324594
5431,2.9240979392389606,1.217450157217982,2.342743526685834,0.8392849744794334
5432,0.4500392594345219,0.8327167627464496,2.3323125934559745,0.10335824220616364
5433,2.9103201041206708,1.218159313528915,2.3323125934559745,0.8345381945601597
5434,0.45077722805356185,0.8342254627327531,2.322364293978702,0.07562342858065194
5435,2.897098945311146,1.2199874174165029,2.322364293978702,0.8324149053255865
5436,0.45114503231077124,0.8356138796325442,2.312801335194676,0.09323854705364533
5437,2.884383812976573,1.2228814476526513,2.312801335194676,0.8371692453279153
5438,0.4514479711572004,0.8381144963035811,2.304974661535202,0.14237092440366592
5439,2.8723616030423993,1.2268923077711729,2.304974661535202,0.8396363973972379
5440,0.45183248180481056,0.8404404652253623,2.2978291147677457,0.089020465306449
5441,2.861005955396714,1.2319664130402423,2.2978291147677457,0.838141446261482
5442,0.4525105813029814,0.8416670327798732,2.2906893921951488,0.061023431444370745
5443,2.8503512751289235,1.238076419828738,2.2906893921951488,0.8365733412640899
5444,0.45285235889017234,0.8428195944558096,2.2841654350841245,0.07661205945025316
5445,2.840386025260069,1.245183130306892,2.2841654350841245,0.8414854888888406
5446,0.45351773868673423,0.843975348980611,2.278714037607873,0.039672465637186204
5447,2.8312624638412536,1.2532763648348757,2.278714037607873,0.8391562959765585
5448,0.45426641415996355,0.8439938904682734,2.2731914858524034,0.047367798926047124
5449,2.822910607445735,1.2622984285249812,2.2731914858524034,0.8472540009343349
5450,0.45552695349658007,0.843116998180205,2.2680295045825143,0.10438627829874778
5451,2.815428094520929,1.272214297920144,2.2680295045825143,0.8436439928802439
5452,0.45693171842127,0.8412179616673902,2.2629624481273636,0.15409470905312883
5453,2.808818873675328,1.2829744422727711,2.2629624481273636,0.8439057576975751
5454,0.4583310174750153,0.8391488779127931,2.258675385983231,0.13040986488534292
5455,2.8031007022656387,1.2945308941540201,2.258675385983231,0.8446549485182102
5456,0.45947989587033045,0.8379055734341733,2.255975316701904,0.07202051048102563
5457,2.7982963341945735,1.3068340142303918,2.255975316701904,0.8450289642560852
5458,0.4603074764844046,0.8377364133732219,2.2550897851028204,0.04823433228465089
5459,2.794428537312832,1.3198313628763054,2.2550897851028204,0.8473307787506072
5460,0.46091949840264457,0.8386382324399956,2.2560777094775113,0.06760860594418444
5461,2.791515751277346,1.3330928354378482,2.2560777094775113,0.8458518790387907
5462,0.4607397569922646,0.8403564447217515,2.2584667399425555,0.11492077861260719
5463,2.7894650431130974,1.3358978689490517,2.2584667399425555,0.8500456820777554
5464,0.4604148679911166,0.8431097952656632,2.2627812472500026,0.1691458397599178
5465,2.7884215738198135,1.339801105403233,2.2627812472500026,0.858067493208094
5466,0.4607890140354139,0.8458592560455744,2.2683580432252763,0.11320603322848183
5467,2.788411805541222,1.3447927580369954,2.2683580432252763,0.8540890503634874
5468,0.46100853220030197,0.8485342848156873,2.2748185777695737,0.15558217267959812
5469,2.7893839875677715,1.3508136337069685,2.2748185777695737,0.8523795368900291
5470,0.4607999218839296,0.8508507047093146,2.2817767753683893,0.09419718761702343
5471,2.791276286639275,1.3578083615808263,2.2817767753683893,0.8555374902186839
5472,0.460534911347576,0.8519900012955297,2.288629751477048,0.036778943378886084
5473,2.794143144756315,1.3657783446157818,2.288629751477048,0.8577681964694006
5474,0.4602657859637942,0.8520130643698873,2.295414534470925,0.024889812835907982
5475,2.7979732777375586,1.3746863007909014,2.295414534470925,0.8596689533933023
5476,0.4600165593488124,0.850959398036674,2.3021336671287354,0.07697805820967742
5477,2.8027474516343807,1.384491055165873,2.3021336671287354,0.8647874008086474
5478,0.4600890038683451,0.848884891074359,2.3088868395402744,0.12995791432915382
5479,2.8084743231766858,1.395151169646185,2.3088868395402744,0.8636080538565984
5480,0.4600498154559542,0.8457672545572649,2.3154796469351218,0.18344386496853973
5481,2.815104539081649,1.4066146460137274,2.3154796469351218,0.8659620651843151
5482,0.4600044128872321,0.8427687854619441,2.3229672543441726,0.1290925236775235
5483,2.822618806851522,1.4188346488762849,2.3229672543441726,0.8645970986100924
5484,0.4598253810899537,0.840906269725163,2.332230143002207,0.06592646846815459
5485,2.830981846410092,1.427849970691551,2.332230143002207,0.866667413232314
5486,0.45965206999410835,0.8402634083335869,2.3433641418053592,0.008646267875647227
5487,2.840178912042452,1.4296413771843406,2.3433641418053592,0.8725265071781135
5488,0.4599379268264717,0.8395429973936454,2.3552256510354415,0.06395269791001065
5489,2.850192286344544,1.4325418090833506,2.3552256510354415,0.8696409276322564
5490,0.4598669418783617,0.8377268021391548,2.366643622094669,0.11455216195537442
5491,2.8609769644569614,1.436480849981783,2.366643622094669,0.8766072365235719
5492,0.4596752616551399,0.8348493927647933,2.3776519559597196,0.16713007428738083
5493,2.8725008637262306,1.4414584486177813,2.3776519559597196,0.8721611135333139
5494,0.45898135549547736,0.8309745204762472,2.388195156923204,0.2154250710852556
5495,2.884733142111549,1.4474348466012195,2.388195156923204,0.877074300167288
5496,0.458307024817794,0.8261066819431281,2.3983196266294926,0.26633420106943606
5497,2.8976305864902088,1.4544123391136692,2.3983196266294926,0.8750663198288662
5498,0.457575126058446,0.82134208281053,2.4089956336886558,0.2172369846878867
5499,2.911152755387105,1.4623529990248334,2.4089956336886558,0.8753104482573432
5500,0.45680114535236427,0.8177736567183348,2.4212611627467133,0.14941119980574827
5501,2.9252823576874833,1.4712092816748148,2.4212611627467133,0.8841333352069938
5502,0.45691308393750385,0.8153956035798218,2.4351914546672435,0.09148772988236048
5503,2.9399376575054763,1.4809700601414202,2.4351914546672435,0.8799192314819435
5504,0.456930978755963,0.8130069800320241,2.4494287159382275,0.1403747706468062
5505,2.9550879302300146,1.491580334141438,2.4494287159382275,0.8825895623481077
5506,0.45661849450814446,0.8095987340956441,2.462932417053913,0.19184909978913628
5507,2.9706984244343815,1.5029964770335311,2.462932417053913,0.8825715474907404
5508,0.4559247623051019,0.8052278812281813,2.475687328125865,0.23876428276780506
5509,2.9867173943921035,1.5151740673982186,2.475687328125865,0.8843768799922542
5510,0.45498191385283054,0.7999083182700225,2.4876755677905398,0.2894249097263778
5511,3.0030947272909074,1.5280641374986932,2.4876755677905398,0.8791944956402648
5512,0.45366382119701143,0.7949125971500408,2.5001332239890615,0.22781158914661373
5513,3.0198542475687593,1.541644944964774,2.5001332239890615,0.884741612102679
5514,0.4532849638256435,0.7909618205131275,2.5138037296192217,0.1688840338009501
5515,3.03682430781413,1.5558205425418088,2.5138037296192217,0.8806987257134278
5516,0.45311604422073787,0.7883428941270023,2.5288948394236077,0.11129332709338302
5517,3.05404610406494,1.5705737746831068,2.5288948394236077,0.8839965626540734
5518,0.45365840160075116,0.7868236478039916,2.5451759879115405,0.05679940149350396
5519,3.0714227161014303,1.585828219882047,2.5451759879115405,0.8827157951363653
5520,0.454160742700101,0.7852469357069015,2.561368033431427,0.11049977100445657
5521,3.0889264320025362,1.601539781207034,2.561368033431427,0.8812612943915001
5522,0.4539958468635469,0.7827527025935102,2.5765052985478056,0.1465538742306219
5523,3.1065353571614653,1.61767153975863,2.5765052985478056,0.8821652033981616
5524,0.4534429689330232,0.7792745940526543,2.590487858057302,0.19575394284411307
5525,3.1241663843771996,1.6341479717938248,2.590487858057302,0.8827422932602986
5526,0.45240019786603153,0.7749087954173981,2.6033623258655862,0.24023557576536164
5527,3.1417915168256503,1.6509279400350039,2.6033623258655862,0.8805262911225917
5528,0.45085579723885993,0.7697189575353899,2.6151292074789074,0.2871809031976668
5529,3.1593563281385104,1.6679530243538099,2.6151292074789074,0.8791138357765924
5530,0.4485553389057631,0.7639137028007259,2.6259724801866997,0.3272881744555772
5531,3.1768922145327636,1.6852298920838742,2.6259724801866997,0.880575777240868
5532,0.446088061563199,0.7572313105739457,2.6355839899672286,0.3719855133402686
5533,3.1942460612307326,1.702626521830056,2.6355839899672286,0.8792451663329082
5534,0.4432808951454898,0.7498203639189936,2.644060880775501,0.4140724523454714
5535,3.2114096782545567,1.7201186768922663,2.644060880775501,0.8780714281867328
5536,0.440056074613759,0.7417971165246954,2.6514544597816805,0.4555663252267903
5537,3.228347765366423,1.7376629568675874,2.6514544597816805,0.8799390641834558
5538,0.4366131461491109,0.7330952544397383,2.6576745995438413,0.49463859138338634
5539,3.2450064623870447,1.7552009746472927,2.6576745995438413,0.8753375411572669
5540,0.43317155853754524,0.7247944858354609,2.663854440345026,0.4374118351958563
5541,3.2614105305214607,1.7727420645661285,2.663854440345026,0.8752916126153059
5542,0.430467921101463,0.7176079735303392,2.6707928933229277,0.3652264171326799
5543,3.2774698768876145,1.790198411660349,2.6707928933229277,0.8778595439971857
5544,0.42893458297380777,0.711333543735245,2.678347413584831,0.3029308791549202
5545,3.293105348429673,1.8074886614716505,2.678347413584831,0.8748314118456879
5546,0.4281846246658356,0.7061569515639551,2.6866548652988436,0.23588353046736513
5547,3.3083272215007162,1.8246111483876728,2.6866548652988436,0.8713713137417413
5548,0.4273522149902835,0.7011940614376108,2.694617529605712,0.28530172520537206
5549,3.3231221110903943,1.8415453191062532,2.694617529605712,0.8719704170134305
5550,0.42605775878657987,0.6955391210555566,2.7011488862131894,0.32124334360688717
5551,3.3374134672556055,1.8582119724879629,2.7011488862131894,0.8701436285276823
5552,0.42420283844860707,0.6893552890126374,2.706361829787107,0.3576014499144062
5553,3.3511914303639556,1.8745937590073898,2.706361829787107,0.8696016423619324
5554,0.42187704899805306,0.6826406421424478,2.7102230444095032,0.4050690513712426
5555,3.3644196493842924,1.8906487181196607,2.7102230444095032,0.8668483965388278
5556,0.4196195537846402,0.6761246572281808,2.7135947719135465,0.356900236797547
5557,3.377074574372148,1.9063472917941016,2.7135947719135465,0.8652647117913268
5558,0.41808951952620105,0.6704518647540803,2.717327136742144,0.28680165571880517
5559,3.389130795490205,1.9115817047493895,2.717327136742144,0.8651089731930196
5560,0.41668922329574737,0.664884720470852,2.7204635795224097,0.33729388458720133
5561,3.4005476812289888,1.910038173544456,2.7204635795224097,0.865448066961745
5562,0.41517119279187653,0.6593289351901488,2.7228155611684612,0.30961985573195777
5563,3.41130905225945,1.9077600200501847,2.7228155611684612,0.8637508889945841
5564,0.41423463248210207,0.6544138082447091,2.7252504201583445,0.24290114278528574
5565,3.4213827213850445,1.9047466693846353,2.7252504201583445,0.8589250677520994
5566,0.4132139052283018,0.6497634215827248,2.7271745303788477,0.28099150015829344
5567,3.4307755812304395,1.901015033275588,2.7271745303788477,0.8593764954164531
5568,0.4117096223604228,0.6445770820785025,2.727548551335231,0.33262307897881527
5569,3.43943679615463,1.8965577160725697,2.727548551335231,0.8556814539374011
5570,0.4099887409077373,0.6395355086656856,2.7271692597066948,0.3042565714524982
5571,3.447363089356895,1.8913880739200886,2.7271692597066948,0.8537152268602823
5572,0.4086785383707858,0.6353007665163268,2.7270202896592752,0.23245276964749922
5573,3.4545862008053945,1.8855277663293226,2.7270202896592752,0.8561242033184894
5574,0.4085655752421337,0.6313437230870581,2.726764038221005,0.20381256304389134
5575,3.4609752440395494,1.87895269511251,2.726764038221005,0.8506201173696797
5576,0.4090879340907474,0.6282520490187071,2.7269451256808575,0.13674478433565626
5577,3.4666324417305954,1.871704882032578,2.7269451256808575,0.8518243402915571
5578,0.409869469022096,0.6250885487946585,2.72632078765748,0.15842040579157646
5579,3.471451494313037,1.8637766411890244,2.72632078765748,0.8478413824784027
5580,0.40974727918310383,0.6220250227989692,2.724654697123324,0.1821585721982011
5581,3.475510646973518,1.855196679686152,2.724654697123324,0.8475388775860788
5582,0.40879847389989293,0.6188106042077306,2.7216423751158914,0.2193168878337073
5583,3.478766221540897,1.8459725124676851,2.7216423751158914,0.8489194471057311
5584,0.40735484139121964,0.6150312088638047,2.716900820049843,0.270345254415286
5585,3.481166373285223,1.836121669034505,2.716900820049843,0.8454029254395873
5586,0.4051417113961332,0.6111852601842741,2.7108597786650335,0.30492257505531
5587,3.4827560805712645,1.825665450630738,2.7108597786650335,0.8432769323845525
5588,0.4020669735829891,0.6075285509625673,2.7037330292834447,0.3405983341875855
5589,3.4835520801223603,1.8146179566010563,2.7037330292834447,0.8440813705250141
5590,0.39845715346413646,0.6036580021062332,2.695138104166788,0.38302776724699156
5591,3.483504686638115,1.8030076532690782,2.695138104166788,0.8443060204178756
5592,0.39424046498329296,0.5997986051407725,2.6852649946233247,0.4296278446595981
5593,3.482639874496898,1.7908534282572257,2.6852649946233247,0.8418111623213311
5594,0.3903895706948884,0.5961973701572824,2.6749098029655376,0.3558597663104907
5595,3.480958509628225,1.7781794310639343,2.6749098029655376,0.8390022609748631
5596,0.38756443865280704,0.5930853821918344,2.6647962848957154,0.28612487006255366
5597,3.4784791997195366,1.7650004549415417,2.6647962848957154,0.8411702478412822
5598,0.3859770888154354,0.5899335765072925,2.654485941267582,0.24391803791843855
5599,3.475176448385316,1.7513640298992363,2.654485941267582,0.8376285422189427
5600,0.3854143864890666,0.5869442073485878,2.6441908155872493,0.18628912442271475
5601,3.4710773843457483,1.7372867875442328,2.6441908155872493,0.8383784006888378
5602,0.38582678205558296,0.5840710942724605,2.633892293763202,0.14258752258961543
5603,3.4661896783228645,1.7228000788246733,2.633892293763202,0.8350081439384219
5604,0.38603711569352,0.5815342735730211,2.6231474440577602,0.1651389118405343
5605,3.4605353998366324,1.7079133005905323,2.6231474440577602,0.8381250609406486
5606,0.38547909847296263,0.5789283893845625,2.611058309218951,0.21257182821832987
5607,3.454105760834341,1.6926969518520771,2.611058309218951,0.8340386348565285
5608,0.38435504166995743,0.5765615652228078,2.598141884102443,0.2088065589400941
5609,3.446926080177976,1.6771699189531803,2.598141884102443,0.8333215582131558
5610,0.3836881428917772,0.5742666905473012,2.58491866268765,0.1538489489269044
5611,3.439013098855955,1.6613691569577531,2.58491866268765,0.8317197008338916
5612,0.38277962042685354,0.5724888358506259,2.5714955323089566,0.17927983726887378
5613,3.4303897389495432,1.6452706564901616,2.5714955323089566,0.8336956314977063
5614,0.3811329541545335,0.5707036023541127,2.5568299284042117,0.22156264853174734
5615,3.421063195487955,1.6290117914486104,2.5568299284042117,0.8354719714759046
5616,0.3786754369594113,0.5691419417793431,2.5411514321837068,0.2648165060611137
5617,3.4110633633135077,1.6126184441804425,2.5411514321837068,0.8303990694519621
5618,0.3751849039464022,0.5683757699113138,2.5250159458312447,0.29791738654728417
5619,3.4004071048769084,1.5960462484819062,2.5250159458312447,0.8367566526846986
5620,0.37107905205416786,0.5676442497372587,2.507720818191636,0.34484916599291376
5621,3.389129751301901,1.5794508888062884,2.507720818191636,0.8315544482806623
5622,0.36616793852042634,0.5674615457531283,2.489786255188311,0.38217689304514446
5623,3.3772580424636938,1.5628423132081222,2.489786255188311,0.8297766716431544
5624,0.36045631425548,0.5679360449049171,2.471335060857817,0.422352100804571
5625,3.3648111319910745,1.54622884123144,2.471335060857817,0.8343949658947054
5626,0.3541401531589911,0.5687679426373524,2.452094978188945,0.459721862209029
5627,3.351831956425006,1.5297089180434227,2.452094978188945,0.8323879419542113
5628,0.34715391987089106,0.5702192877605092,2.432361316923505,0.4972058125794257
5629,3.338349030303553,1.513316300441528,2.432361316923505,0.8300911285322805
5630,0.33951273714654356,0.5723751405606705,2.4122659299813947,0.5296359877604047
5631,3.324399461734413,1.4971103000570598,2.4122659299813947,0.8277807765935313
5632,0.3311922492643645,0.5753950151921847,2.3920002180223325,0.5636158571858393
5633,3.309990672472938,1.4810821433978514,2.3920002180223325,0.8331180202584331
5634,0.32246327983554246,0.5788519306489357,2.3711650727460882,0.5985873107643359
5635,3.295200838765506,1.4653808969816358,2.3711650727460882,0.8288122603501528
5636,0.31320488845430344,0.5825926963651757,2.3502076938586955,0.6277355809835521
5637,3.2800536955468615,1.450026069066061,2.3502076938586955,0.8271914033937132
5638,0.3034937711328959,0.5781518764519465,2.32912827053097,0.6598274036701576
5639,3.26457648180651,1.4350514105164554,2.32912827053097,0.8275585055945055
5640,1.263761802244857,0.5740687235906664,2.3080099998844164,0.6869864188901988
5641,3.2488267647057025,1.420543265019695,2.3080099998844164,0.8263898624565953
5642,1.2597478135957587,0.5706220519851607,2.2871255170399367,0.7129233378878396
5643,3.2328240532499866,1.4065217154404042,2.2871255170399367,0.8269849652908845
5644,1.2558691073819868,0.5675310890202031,2.2662459124877334,0.7414144232175064
5645,3.21663351709329,1.3930782144102913,2.2662459124877334,0.8257984379572182
5646,1.2525914104435223,0.556246783060668,2.245807643148623,0.7647542829989427
5647,3.200225723136444,1.3801670559866153,2.245807643148623,0.8274806841843673
5648,1.2496605205472922,0.5424318509892005,2.2256844772721913,0.790308794520123
5649,3.183703165033567,1.36792978667254,2.2256844772721913,0.829461661277803
5650,1.246905980292302,0.5282704233198466,2.2057919627748643,0.8151542871897786
5651,3.1671334363047614,1.3564463245032374,2.2057919627748643,0.8320979678368855
5652,1.2445786137281574,0.5139641497176946,2.1864067291743017,0.8403514019192444
5653,3.1505279712961807,1.345723184374931,2.1864067291743017,0.8285962960665557
5654,1.243180942580234,0.4999492291895037,2.168013455464129,0.8553940690985389
5655,3.133851256542451,1.3357201686568525,2.168013455464129,0.8348661368891863
5656,1.2418855457017335,0.48561328909910667,2.150021417892318,0.8843982568081129
5657,3.117306385472456,1.326662506410408,2.150021417892318,0.8311011476461886
5658,1.2415644662993273,0.4717266253102412,2.1332157573305617,0.8970700784633351
5659,3.1007859850118114,1.3184268023951142,2.1332157573305617,0.8398716811281804
5660,1.241429604977101,0.4576612772017764,2.1170612797158874,0.9223651257670321
5661,3.0845130457831504,1.3112328476305242,2.1170612797158874,0.8399007455718743
5662,1.2419328770180302,0.44386942857899997,2.101974905209335,0.9406985991337296
5663,3.0684282610939246,1.3050050579942198,2.101974905209335,0.8385572261475648
5664,1.2431399858643828,0.43048975686513014,2.0881087376299927,0.9598535039070637
5665,3.0525870780792212,1.2997833472551565,2.0881087376299927,0.8407799106802192
5666,1.2450612503784857,0.41762171497887707,2.0755398850949245,0.9771733654530077
5667,3.0370272233031597,1.29558724311711,2.0755398850949245,0.8383569860374867
5668,1.248053826034154,0.40574519646021723,2.0646164682697212,0.9906540758556341
5669,3.021699842239985,1.2923682336975226,2.0646164682697212,0.842101346609874
5670,1.251516710548474,0.3949301641578721,2.0549407323108873,0.9375406527286554
5671,3.0067336446499677,1.2902162423849852,2.0549407323108873,0.8482077662353686
5672,1.2541639307892058,0.38461382105699876,2.045460991045776,0.8656663677763071
5673,2.992301676530478,1.2892297987201569,2.045460991045776,0.8468699518122444
5674,1.25639588921383,0.3754769763674385,2.0365561601024065,0.7777375128767728
5675,2.978323573295618,1.2893221586555463,2.0365561601024065,0.8530047662991757
5676,1.2580116676620294,0.3671606262769371,2.0280819916414012,0.6959739999674074
5677,2.9648661199617927,1.2905087336729384,2.0280819916414012,0.8544349847764929
5678,1.2597699765667927,0.3595055291545753,2.0207365229076015,0.720866875208942
5679,2.9519408090712904,1.2927674506044908,2.0207365229076015,0.856378719581446
5680,1.262302531841621,0.35252949703484004,2.015171664053938,0.7422699743426938
5681,2.9396186541574463,1.2961049571310828,2.015171664053938,0.8528680287803492
5682,1.266081940280099,0.34694843872513853,2.011799794903428,0.7558019985279038
5683,2.9277915536087695,1.3004457990986782,2.011799794903428,0.8572746021150639
5684,1.2707053362140697,0.3423866460242001,2.010348412597733,0.7759058416499854
5685,2.916610196499073,1.3058304319396938,2.010348412597733,0.8612895871249554
5686,1.276033435544672,0.3387646393003765,2.0107383029514985,0.795823582531497
5687,2.9061456728267627,1.3122485745650492,2.0107383029514985,0.8738050702935157
5688,1.2815921219136954,0.33548760106265524,2.0125804374252705,0.8381743367336483
5689,2.896534010702197,1.3196948336225887,2.0125804374252705,0.862864853011281
5690,1.2874272642104942,0.33360831111461525,2.0158077991399708,0.7321121081550486
5691,2.8875339025234923,1.3280647700450274,2.0158077991399708,0.8698919949693733
5692,1.2930876495880164,0.33224485737965354,2.0201253506322954,0.7642364437037065
5693,2.8794178231038736,1.3373812060699475,2.0201253506322954,0.8739728812067435
5694,1.2984384567436398,0.3312829780286666,2.025358770497294,0.6953763357023216
5695,2.872162633439068,1.3475858543467345,2.025358770497294,0.8724367662505832
5696,1.3041099560149376,0.3314287630948361,2.0320676685760968,0.7123761215457161
5697,2.8656845338400503,1.358628534130227,2.0320676685760968,0.8762298427869765
5698,1.3098740149614896,0.33232714474704556,2.0400492801127235,0.6458522501464801
5699,2.8600712338203964,1.3704754585224153,2.0400492801127235,0.8804895218304065
5700,1.315551924941254,0.333547252951286,2.0491340755474257,0.6897047140045303
5701,2.855409171208582,1.3830741387995154,2.0491340755474257,0.8823079255910337
5702,1.3209437272877604,0.3350398005260325,2.059079177871605,0.6216679477731009
5703,2.851671050052452,1.3963728615203181,2.059079177871605,0.8869741352205159
5704,1.3252219930678883,0.3361073046602151,2.0690156048628476,0.5555786151250973
5705,2.848843908483896,1.4040991051369363,2.0690156048628476,0.885643129518772
5706,1.328502237424231,0.33678330969949455,2.07903232182467,0.47747672742536823
5707,2.846971333486127,1.4073875489069936,2.07903232182467,0.8846333656856185
5708,1.3320582300359396,0.33813531299888416,2.0903202722071543,0.49596412369947745
5709,2.8459584167923744,1.4116623773073584,2.0903202722071543,0.8884756673090832
5710,1.3365282312234865,0.34055438948909045,2.1035346400736374,0.5121356379790161
5711,2.845932658514399,1.416989407961378,2.1035346400736374,0.8896960955866009
5712,1.3419435412224798,0.34411990389454605,2.1186572387744493,0.5394744199870652
5713,2.846867029977626,1.423327622430632,2.1186572387744493,0.8954088876918728
5714,1.3480383782928447,0.3484777187054647,2.1353975131900595,0.5756132498590462
5715,2.8488007200565426,1.4306698647947471,2.1353975131900595,0.8941567036921273
5716,1.355052062237883,0.34703582254595206,2.153928317871483,0.5976935487955469
5717,2.8516927550535804,1.4389630172156236,2.153928317871483,0.8919366036174563
5718,1.3629455472059253,0.33843230699622695,2.1741614065467587,0.6209291021939188
5719,2.855518344324011,1.4481661242509754,2.1741614065467587,0.8929675468467397
5720,1.3716741316459993,0.3301624138661936,2.1960054582091884,0.6488499782751591
5721,2.8602695251751498,1.4557599622260475,2.1960054582091884,0.8981268933403042
5722,1.3811925845539004,0.3222542638608761,2.219361576489231,0.6766731033965809
5723,2.8659457442331937,1.4535735007518973,2.219361576489231,0.8934832797262422
5724,1.3916182348484105,0.3153628657733658,2.2443023692757698,0.6922354835138972
5725,2.8724956472003877,1.4523842224618486,2.2443023692757698,0.9024209784910049
5726,1.4026710669569153,0.30862089389950925,2.2704824008278215,0.7330117574511109
5727,2.8799598949521825,1.4523326612131169,2.2704824008278215,0.8947468078684356
5728,1.4133314195195041,0.3030634200588657,2.296824068294385,0.6373473128540366
5729,2.888275087391175,1.4533207789954132,2.296824068294385,0.9012296182048717
5730,1.4236750709167465,0.29783753832563253,2.3233306218977345,0.6724984790964378
5731,2.897443824148326,1.455429377201019,2.3233306218977345,0.8954933039293048
5732,1.4348386917720086,0.29380156451896594,2.351101191379513,0.6913939612888185
5733,2.907418830632833,1.4585879956121859,2.351101191379513,0.8966852381548294
5734,1.446718157080461,0.2906437158413089,2.3799686520793117,0.7188961139428104
5735,2.918176217493677,1.4628121514559393,2.3799686520793117,0.895581874513933
5736,1.4589723206996927,0.28885792130245624,2.4095706784017237,0.7045001793251593
5737,2.929684766579977,1.4680435042561273,2.4095706784017237,0.8987791725930148
5738,1.4703638007061564,0.28712007008709406,2.4385522768834993,0.6402509304640311
5739,2.9419060254565044,1.4743296588705963,2.4385522768834993,0.8985237526215029
5740,1.4802502023675401,0.28551821020333634,2.466230996988403,0.5685419387581598
5741,2.9547982125567076,1.4816091988348241,2.466230996988403,0.8954374139010699
5742,1.4886486598204298,0.2843619734768394,2.4926494448376157,0.4850698433463129
5743,2.9683487291894064,1.48982071454855,2.4926494448376157,0.9013970941288886
5744,1.495620475260436,0.28246812274617994,2.517707726398517,0.4516570407127911
5745,2.982476376879686,1.4989802187592698,2.517707726398517,0.9001397430277964
5746,1.5012192911804576,0.28027967675477866,2.541450762551909,0.4020241711758802
5747,2.9971531183868483,1.509022694692158,2.541450762551909,0.8956396954178
5748,1.5054627909901093,0.27796363762646753,2.5638737348544445,0.32459299910842465
5749,3.0123521113159772,1.5199053282149755,2.5638737348544445,0.8979183138247497
5750,1.5097059937546637,0.2757208031742328,2.58622603456066,0.3545855353987406
5751,3.0279949161357704,1.5315853428518595,2.58622603456066,0.894040318261916
5752,1.5148444205205167,0.274867273838697,2.6094389577556156,0.3656641415910741
5753,3.04409289801165,1.5440236154477807,2.6094389577556156,0.8957300867170928
5754,1.5209195453005506,0.27491476396198855,2.6334155367321213,0.38682385664609237
5755,3.0605418423403523,1.5571614358511165,2.6334155367321213,0.8948833533041198
5756,1.5279066058606006,0.2759225530311898,2.6581176518470766,0.42390187072344515
5757,3.077309379814785,1.5709487270734919,2.6581176518470766,0.8980913583545417
5758,1.535784092325634,0.2779198119865835,2.6834749066139953,0.4627756313217
5759,3.094343308239009,1.585330065804869,2.6834749066139953,0.8926584543984772
5760,1.5432323391317684,0.2800324130430332,2.708135183960343,0.39320435425872985
5761,3.1116000940404036,1.600253473723263,2.708135183960343,0.8938604393426633
5762,1.5493208120897155,0.28128692775397635,2.73114711924802,0.33883481323833364
5763,3.129039957588047,1.615670034533873,2.73114711924802,0.890456549622607
5764,1.5552821797327738,0.28279363869662216,2.753682559241493,0.3632965114205362
5765,3.1466083159719873,1.631522381385828,2.753682559241493,0.8892851314368883
5766,1.5620872898647442,0.28543065169619486,2.7766792934458993,0.38290088307017894
5767,3.164263674549304,1.6477608107290795,2.7766792934458993,0.8890771628430735
5768,1.5697277399125857,0.28914377883570114,2.8000824272699623,0.4273177481375765
5769,3.1819478992331343,1.6643244499651386,2.8000824272699623,0.8847327600313777
5770,1.5774600481488512,0.293301455053956,2.8231247112717153,0.39578766718244773
5771,3.1996199127488127,1.6811638751472562,2.8231247112717153,0.8828075652717465
5772,1.5842485435024702,0.2968000089169555,2.844727033507163,0.33204958845243315
5773,3.2172234021662627,1.698218724489031,2.844727033507163,0.8801458837256944
5774,1.5909041456447814,0.3003932406255633,2.8656677981006426,0.3761614168386917
5775,3.2347140922954587,1.7154374767250506,2.8656677981006426,0.8770990906612673
5776,1.5980692619479497,0.30489966139323393,2.8865911419933963,0.37334491165934625
5777,3.2520727137277716,1.7327896015884565,2.8865911419933963,0.8753025976293691
5778,1.6058216686773477,0.31027482155591113,2.907524096334049,0.4061818062594868
5779,3.2692326927167086,1.7502072285364556,2.907524096334049,0.8729050860087585
5780,1.6142182419327575,0.316665030012772,2.928522805778302,0.43232648946167673
5781,3.286169206206777,1.7676567318451342,2.928522805778302,0.8720724489195926
5782,1.6233877507496701,0.3239956145191762,2.949642791608939,0.47232265386027766
5783,3.3027940090612873,1.7850504767540707,2.949642791608939,0.8679164318803652
5784,1.633080225159234,0.3322630211246381,2.970671174614614,0.4947272813949474
5785,3.319113226062404,1.8023821563452413,2.970671174614614,0.8687596149481636
5786,1.6434407616998363,0.34140867507256756,2.991699056117683,0.5286990043940166
5787,3.3350567828803013,1.819579598637306,2.991699056117683,0.8641278709694613
5788,1.6543715547770748,0.35140039759337977,3.0126272183054392,0.5696187331710328
5789,3.350597876759491,1.8366088871470674,3.0126272183054392,0.863517924969021
5790,1.6647750098470855,0.36094285806040405,3.0323261382127917,0.49177810043689024
5791,3.3657063864370307,1.853433892052702,3.0323261382127917,0.8591312459288559
5792,1.6738333682692692,0.36903262639622314,3.049923754150855,0.41928740494388345
5793,3.3803351784005926,1.8700027911768273,3.049923754150855,0.8557437194670934
5794,1.6823770710181993,0.3769028412527139,3.0663522923382223,0.44720099780149114
5795,3.3945416490270195,1.886364311555703,3.0663522923382223,0.8557717748364334
5796,1.691564246383514,0.38562233935727463,3.082648796140666,0.4764505334153187
5797,3.4081606954001553,1.9023539089143768,3.082648796140666,0.8538701986070992
5798,1.701410951406275,0.39518350563938104,3.0988379948598657,0.5208163514020069
5799,3.4211791262634286,1.9179507625658698,3.0988379948598657,0.8518731120894782
5800,1.7107823189834246,0.4042765389477268,3.1137808869920227,0.4469840076595407
5801,3.433613753456848,1.9331651628634936,3.1137808869920227,0.8527858385958369
5802,1.7189900457662013,0.41195297356351185,3.1267212309088928,0.379270030410786
5803,3.445425104237178,1.9479523087853823,3.1267212309088928,0.8512008443385483
5804,1.7270003269839242,0.41948180739453367,3.138667619174341,0.4235244216621221
5805,3.4565912864996458,1.9622847898775817,3.138667619174341,0.8491394223669605
5806,1.7345964842994657,0.4266133096678843,3.1493905252434917,0.35571962200053875
5807,3.4670915357589465,1.9761363956357358,3.1493905252434917,0.8467196718911866
5808,1.7410968355872591,0.43240683157633825,3.158141733759574,0.29583108351244686
5809,3.4768992866981105,1.989474646098425,3.158141733759574,0.8424708158893296
5810,1.747221380333982,0.4379940088046539,3.165734799753985,0.3144669106810164
5811,3.486021130238148,2.0023024591618603,3.165734799753985,0.8436700519760921
5812,1.7540352659495657,0.44451250902038064,3.1732333112710687,0.36438028929598876
5813,3.4943829484775417,2.003126819400737,3.1732333112710687,0.8394528750849919
5814,1.7602184368385152,0.45051982453871764,3.1793400655313366,0.2909370173884372
5815,3.5020635998314837,1.9980930211758592,3.1793400655313366,0.8425037523465463
5816,1.7658439419172516,0.45551551507576643,3.183915920015124,0.27546757969156105
5817,3.5089149888338995,1.9923112322361747,3.183915920015124,0.8411349918999361
5818,1.770618761036797,0.4593576150709178,3.186729446962002,0.23217689402561048
5819,3.5149954306600635,1.985818594170389,3.186729446962002,0.8368830518187247
5820,1.7743239785430405,0.4619328595303222,3.1875911629989138,0.20131105803066615
5821,3.5203235197570164,1.9786333200178903,3.1875911629989138,0.8367369616211846
5822,1.7771935582900162,0.46340867754523973,3.1866992292499803,0.20428418667176282
5823,3.5248624635690557,1.9707608841782391,3.1866992292499803,0.8423539975327184
5824,1.7798486421921647,0.464249280130448,3.1846128258109108,0.24272096167762602
5825,3.52856353846001,1.9622121067922491,3.1846128258109108,0.8357114776718712
5826,1.781818796193709,0.46416804390578337,3.1809161549971705,0.26941902253107997
5827,3.5314567705601303,1.9530107122728804,3.1809161549971705,0.8344033839702393
5828,1.7831072290513206,0.4631916077624642,3.17562150753973,0.2982433500372971
5829,3.5335528611751172,1.9431738985323284,3.17562150753973,0.8357113030039408
5830,1.7841194295035585,0.46165564190942104,3.1691004025206397,0.3471023461729241
5831,3.534815796857385,1.9327214169508824,3.1691004025206397,0.8342015449664736
5832,1.7846619613320869,0.45945042498120164,3.161188942925478,0.3793700556279002
5833,3.5352679125305473,1.9216727030050362,3.161188942925478,0.8338941889118658
5834,1.7848061885121016,0.45666460322625335,3.1519607736955932,0.4161764852184184
5835,3.5349003792586178,1.9100503145660357,3.1519607736955932,0.8337415827509275
5836,1.7850580696911382,0.4542070535446903,3.142113059388927,0.35538230600082305
5837,3.5337155155524687,1.897877462857112,3.142113059388927,0.8337349980935621
5838,1.7856326947355856,0.4526003747968721,3.1320510071048835,0.2840582107231203
5839,3.5317109454583453,1.8851821272687797,3.1320510071048835,0.8315148720690052
5840,1.7861813496230683,0.4514907807893546,3.121479806955872,0.21649568761776203
5841,3.5289228046200902,1.871969444747489,3.121479806955872,0.8321590777081814
5842,1.7869402316075054,0.4510276342614775,3.110656304866171,0.1600569386724437
5843,3.525322797092843,1.8582851850112576,3.110656304866171,0.8325257987882222
5844,1.788079330124761,0.45132774598273023,3.0997820668361284,0.10728526767684146
5845,3.5209188681374237,1.8441631390041853,3.0997820668361284,0.8327489103724776
5846,1.7895182719899647,0.45229655087626325,3.0888203642766374,0.09363855767961501
5847,3.5157248822892946,1.829635553935289,3.0888203642766374,0.8314271279056703
5848,1.7908791190922693,0.45329575920769205,3.0772785546518953,0.0835511657127864
5849,3.509759770480364,1.8147274696922302,3.0772785546518953,0.8301256834865908
5850,1.791740781423585,0.4535857910250316,3.0645491317374,0.11578544451504078
5851,3.503049528061416,1.7994351792206538,3.0645491317374,0.8317171891864231
5852,1.7925296047941626,0.45347155800255834,3.051033083643776,0.16843889564422213
5853,3.495586605916482,1.7838395114638474,3.051033083643776,0.8352348686921504
5854,1.7936869089377852,0.45340345822085204,3.037206066564828,0.22568479521393356
5855,3.487389960511808,1.7679905214533587,3.037206066564828,0.8332365975344823
5856,1.7948340444439383,0.4530597312838272,3.022721394460714,0.26907748872691584
5857,3.4784860611020734,1.7519042682767116,3.022721394460714,0.8323103570963991
5858,1.7959489384336895,0.4524528649562677,3.007602512481053,0.3141307736135226
5859,3.4688954037448836,1.7356326112713965,3.007602512481053,0.8302181402590944
5860,1.7967577418022769,0.4516939545350927,2.9918433006332044,0.2468275963516325
5861,3.45863825629194,1.719169887633668,2.9918433006332044,0.8357466743126064
5862,1.7977889213122529,0.4515624209289297,2.976286570205558,0.18529950843827345
5863,3.4477427669666745,1.702637228701425,2.976286570205558,0.8298803917195652
5864,1.7983823722307661,0.4513228164741402,2.9602301238706294,0.1333676132949496
5865,3.436227611627563,1.6860094452977175,2.9602301238706294,0.8301785803007364
5866,1.7985441869885241,0.4509524469736303,2.943720729008781,0.07463594228732846
5867,3.424114925459131,1.6693319530976203,2.943720729008781,0.83405766799161
5868,1.7989980757619415,0.45119806996997536,2.9276496781217913,0.01932338834880335
5869,3.411460598000221,1.652756609658374,2.9276496781217913,0.8304847933686791
5870,1.7991456584211398,0.45143819294292065,2.9113902963135807,0.041876140808137396
5871,3.3982799267342103,1.636258341251601,2.9113902963135807,0.8302560286431568
5872,1.7990682721506004,0.4517463631498654,2.8950702041314855,0.09983897238419075
5873,3.3846074731262505,1.6198952985009016,2.8950702041314855,0.8291673907780065
5874,1.7986283555222986,0.45178890719482256,2.878398050159971,0.08690386280098758
5875,3.3704610395487045,1.6036823287178987,2.878398050159971,0.8305712374302101
5876,1.7986600069852252,0.4521194386538727,2.8620925700666433,0.040167788766546836
5877,3.3559063768235604,1.5877452342153922,2.8620925700666433,0.8290342021253718
5878,1.7988971308782093,0.4523345254397949,2.845780034888055,0.03299502008483874
5879,3.340957103078981,1.5720845091097038,2.845780034888055,0.8287089096695652
5880,1.7993696628226683,0.4524754910517742,2.8295327961344534,0.0892366923501754
5881,3.3256391304873225,1.5567364070116911,2.8295327961344534,0.8310549860195077
5882,1.80053456835276,0.45304927507524373,2.8139708283191793,0.1450953783766686
5883,3.3100351920834292,1.541835267896519,2.8139708283191793,0.8299451288517944
5884,1.8020852316013414,0.4537548534707554,2.798780097744585,0.19484442693376444
5885,3.2941531619560642,1.5273763399934885,2.798780097744585,0.8296543206004693
5886,1.8040309228657474,0.45463038438188924,2.784042522977314,0.2445831247291631
5887,3.278038276577157,1.513422344219942,2.784042522977314,0.8313345985885053
5888,1.8058992614449603,0.4555291278293331,2.7695995896575845,0.1794933374377122
5889,3.2617264459117665,1.5000192741364167,2.7695995896575845,0.8312477881072532
5890,1.8071746995975877,0.45614812735728066,2.7551805427722336,0.11610786086495986
5891,3.245260688849461,1.487222295345762,2.7551805427722336,0.8336102190424738
5892,1.8079017570867157,0.4565053979244978,2.7408595529534217,0.0555469012382041
5893,3.228679152468696,1.475077850328211,2.7408595529534217,0.8334420081448328
5894,1.8080601523681392,0.45655675280761854,2.7266597067629763,0.015180066749504395
5895,3.2120379543888427,1.4636527941824222,2.7266597067629763,0.8381790468491256
5896,1.8077390991306799,0.4563866608191271,2.7126950075289504,0.05985186365893335
5897,3.195373690072572,1.452985881603547,2.7126950075289504,0.8319108087637903
5898,1.8065216276603693,0.45552174224114006,2.6984494149212512,0.11521190464207191
5899,3.1786619635812743,1.443047753805558,2.6984494149212512,0.8370737174339614
5900,1.8050558837597643,0.45468278410508317,2.684851874041021,0.16553870448709865
5901,3.162113978782916,1.4340670208894188,2.684851874041021,0.8322782409974074
5902,1.8025112249661013,0.4529324020239732,2.6706799634428204,0.21634349282255047
5903,3.145492559523189,1.4257866940384614,2.6706799634428204,0.8402654999742714
5904,1.7997059729298068,0.4512032150826064,2.6572084458188967,0.26217005503395974
5905,3.129156253997915,1.4185692813612285,2.6572084458188967,0.8430972758152938
5906,1.7965716638334535,0.44943742671492726,2.6442960605324592,0.308753888643077
5907,3.113082941171333,1.4123680748196878,2.6442960605324592,0.8413564627223054
5908,1.7928446203789412,0.4473440394865098,2.6315855164864215,0.35306786206850727
5909,3.0972518603072445,1.4071462479612047,2.6315855164864215,0.8427533963321188
5910,1.78856997574521,0.4449921140273908,2.619141243575621,0.39593267504777513
5911,3.0817130492283615,1.4029335409567454,2.619141243575621,0.841682742131529
5912,1.7832531942204704,0.4417991348923446,2.6062542477599044,0.434486107290127
5913,3.0663434834872416,1.3996227003490647,2.6062542477599044,0.8493869379395395
5914,1.7776864970469617,0.4387360293691913,2.594077990533078,0.47541083268385254
5915,3.0514524266698597,1.397443185054021,2.594077990533078,0.8524521225977085
5916,1.7718933503924468,0.43587642631724866,2.5825949417914513,0.5145377486515322
5917,3.037036914931351,1.3963611069611093,2.5825949417914513,0.8525645815517708
5918,1.7655289189439995,0.43281943379777627,2.5713784940700646,0.5513702619826755
5919,3.0231026620699595,1.3963518221965192,2.5713784940700646,0.8524517262629348
5920,1.7586715345541766,0.4294946349420123,2.5603503729503205,0.5512308034294172
5921,3.0095779844861714,1.3973494766461494,2.5603503729503205,0.8635260958358494
5922,1.752793397590338,0.42719682321524766,2.5511165766464665,0.4762447196646411
5923,2.9966852174149605,1.3994601791592445,2.5511165766464665,0.8596485725366958
5924,1.7469974421672727,0.4250392301213709,2.5427313482077727,0.5150568449236004
5925,2.984389178572536,1.4026278687729754,2.5427313482077727,0.8614397990921243
5926,1.7415642574181422,0.42324559120208693,2.535483286045558,0.4419521331428146
5927,2.9727226412904897,1.4068362472623996,2.535483286045558,0.8612788596806303
5928,1.7368415103670558,0.4216364950186967,2.5295238725868523,0.3593889789064757
5929,2.9615767486432527,1.4120146579460502,2.5295238725868523,0.8680781397753278
5930,1.7335401974235984,0.42116245261947216,2.5259006901225383,0.30253455401354884
5931,2.951284588078967,1.418258319963966,2.5259006901225383,0.8662466357950712
5932,1.7308790592328702,0.4207211066068429,2.5235720175572203,0.22513499154749406
5933,2.9415723160414435,1.4254371512262505,2.5235720175572203,0.8723697524304681
5934,1.7293879559502119,0.4210577428089603,2.523329386448703,0.1675310306695187
5935,2.932728237965795,1.433600595671658,2.523329386448703,0.8765336208700559
5936,1.7280979465693675,0.4217061938854496,2.5242350504902924,0.22970017812820814
5937,2.924715809348521,1.442689199731789,2.5242350504902924,0.8760248521425472
5938,1.726940193961956,0.4223866767504855,2.5261617863890424,0.1755954531908397
5939,2.9175316790635817,1.452658125823307,2.5261617863890424,0.8778389074545802
5940,1.72673023965173,0.42353513590624825,2.5299041279076517,0.13195250842566258
5941,2.911226349847708,1.4634686721443009,2.5299041279076517,0.8771335052837779
5942,1.7271241048885844,0.4246515927586297,2.5350349629561664,0.06899198008682468
5943,2.905672168635246,1.470625145281656,2.5350349629561664,0.8870764390807964
5944,1.7287689678398293,0.42674587454625473,2.542372056310493,0.12300418388942162
5945,2.9011317014586004,1.4712356759927239,2.542372056310493,0.8828178855864347
5946,1.7311923303432293,0.4291344715862487,2.5513562898291267,0.1352670586047492
5947,2.8975130385059695,1.47290588399702,2.5513562898291267,0.8823280717637526
5948,1.7331527147381518,0.4309489960881485,2.5607249389567497,0.08860812835618574
5949,2.8947400238310377,1.4755694030651525,2.5607249389567497,0.8864608146081728
5950,1.7342007289442216,0.43231190085060706,2.5700881253075014,0.08094448584568115
5951,2.8929683241059294,1.4793183155187712,2.5700881253075014,0.8926591813308232
5952,1.7344666078119986,0.4334105214271359,2.5795211738124606,0.09739917009238745
5953,2.892172919191872,1.4841120216003558,2.5795211738124606,0.8887645659319606
5954,1.7336969029999458,0.4338030277282056,2.588715069931874,0.14417535326341424
5955,2.8923445044332317,1.4829840129143288,2.588715069931874,0.887602583878873
5956,1.7322084390340649,0.4335431552488854,2.597943259119722,0.1319698787540786
5957,2.8934285887150906,1.4764516541072417,2.597943259119722,0.8903675417771715
5958,1.7302323966869788,0.43308752046160703,2.6074130047796507,0.18175478643703954
5959,2.8955072058618465,1.4709595352241702,2.6074130047796507,0.8895928929392367
5960,1.7272602105052512,0.4319190979348426,2.616574746815469,0.2291765306044633
5961,2.8985220531620075,1.4664530737852932,2.616574746815469,0.8950395752429696
5962,1.7235814158620786,0.43054440515000025,2.62566420236293,0.2775497023599816
5963,2.902509963645083,1.463029654870354,2.62566420236293,0.890572890157562
5964,1.718919288307857,0.4284372432083369,2.634383459294495,0.3199731764950684
5965,2.9074059945340687,1.4606140565645696,2.634383459294495,0.8920249788521188
5966,1.7134076832687921,0.4258232623592088,2.6428203325359605,0.3636435418358834
5967,2.913222021156781,1.4592623375796971,2.6428203325359605,0.8971710950611227
5968,1.7072192558590524,0.42304410506700896,2.651077724832889,0.40556680828795855
5969,2.9199596453472667,1.459025143372378,2.651077724832889,0.8920016959703264
5970,1.700078908283685,0.4195171895186879,2.6588969237943822,0.4406201795395379
5971,2.9275608540952742,1.4598203399701122,2.6588969237943822,0.8996582557263982
5972,1.6923451233819795,0.4160007398772669,2.6665194874311053,0.4873460131671681
5973,2.936038988422574,1.4617370167795156,2.6665194874311053,0.8929762759503065
5974,1.6849525456918821,0.41266940563537213,2.6749010814969854,0.406312002604962
5975,2.9453482598593035,1.4647220384928243,2.6749010814969854,0.8925373041904309
5976,1.6776388713955361,0.40928265601419117,2.6837728966925725,0.4444056080561935
5977,2.9554573664606543,1.4687399448927072,2.6837728966925725,0.8939575656045167
5978,1.6695935300812892,0.40562397097252245,2.692212720300504,0.48133307045890555
5979,2.9663440209558147,1.4738143354821256,2.692212720300504,0.9005860924481458
5980,1.6609117897855266,0.401975246083599,2.700247957969277,0.5213755816608103
5981,2.977969430710225,1.479921146870563,2.700247957969277,0.8918585446928387
5982,1.65132882573167,0.3975344713483907,2.707710082671264,0.5503269615064149
5983,2.990308041456579,1.4869932024358337,2.707710082671264,0.8937173963893975
5984,1.641031891054519,0.3927594931520951,2.71465759343304,0.582117870117188
5985,3.0033194502550984,1.4950395963319167,2.71465759343304,0.9032674443766909
5986,1.6302094835748113,0.38841312003279493,2.7211355990982367,0.6280605462158046
5987,3.0169481376806386,1.504032426973866,2.7211355990982367,0.8931950782019792
5988,1.6198663781790057,0.38431277243342044,2.728259976717965,0.5383849556060103
5989,3.031168433087546,1.5139126243935221,2.728259976717965,0.8973847019920201
5990,1.6098626687687583,0.3808019647317497,2.7357495552581588,0.5822469322586138
5991,3.0459165233692955,1.524644290136622,2.7357495552581588,0.8922489906981342
5992,1.6003260078557389,0.37748767585810294,2.7438167485390794,0.4964482445067371
5993,3.06118109844082,1.5361800397370569,2.7438167485390794,0.892762539016124
5994,1.592289185328059,0.3750712374233257,2.7534138135874,0.42028378637588504
5995,3.0769056038132154,1.5484784296016743,2.7534138135874,0.8951933142068099
5996,1.5857569923864174,0.3740115662441725,2.7643947399653257,0.3629523694968035
5997,3.093011999520837,1.5614803027812914,2.7643947399653257,0.8946130947739696
5998,1.5793695540092023,0.37309804795963614,2.7754331035669138,0.3978341287867091
5999,3.109474035743093,1.5751377439531549,2.7754331035669138,0.890545840187242
