sample,d_goal,d_hazard,d_agent,speed
0,0.789164425850718,0.5964015180573957,1.2523710676770363,0.0
1,1.3135703513447516,0.5993568773889589,1.2523710676770363,0.0
2,0.7881272063579556,0.5957158807749335,1.2523473748267906,0.0771981080582744
3,1.314087602007326,0.5999517750106571,1.2523473748267906,0.07719810805827433
4,0.7863527392050136,0.5939647483714398,1.2533789050317545,0.12065825942934387
5,1.314430759093897,0.6004690789391732,1.2533789050317545,0.12065825942934381
6,0.7840540813061955,0.5912167322795236,1.2556074884262252,0.16677241880614552
7,1.3144332991440397,0.600736420147081,1.2556074884262252,0.1667724188061455
8,0.7812137069910967,0.5875131135165643,1.2589390260803575,0.21289685539273026
9,1.3141655603350388,0.6008295641426038,1.2589390260803575,0.2128968553927302
10,0.7778099817819816,0.5828972548019589,1.2632720225523304,0.25789991251737315
11,1.313707651296909,0.6008362075579773,1.2632720225523304,0.25789991251737304
12,0.7738256015710667,0.5774152430830738,1.2685077374960128,0.30137019363805245
13,1.3131397039047272,0.6008455942507989,1.2685077374960128,0.30137019363805223
14,0.7692474536575208,0.5711159162393581,1.2745508109198853,0.34314307160756097
15,1.3125411260085358,0.6009473852469902,1.2745508109198853,0.3431430716075609
16,0.7640661893934838,0.5640509433126166,1.2813094108856116,0.3831529887787707
17,1.311990200696809,0.6012308255968194,1.2813094108856116,0.3831529887787706
18,0.7582758300669387,0.5562749597012273,1.288695304515163,0.4213801851951916
19,1.311563673955387,0.6017838393940591,1.288695304515163,0.42138018519519144
20,0.7518734149865856,0.5478457550551307,1.2966238773064431,0.45782847946286337
21,1.311336318871483,0.6026920466599854,1.2966238773064431,0.4578284794628632
22,0.7448586885652628,0.5388245128280694,1.3050141097761168,0.4925148963171712
23,1.3113804801779991,0.6040377186124097,1.3050141097761168,0.4925148963171712
24,0.7372338228766929,0.5292761004159563,1.3137885196059136,0.5254643789861284
25,1.311765604895874,0.605898696800846,1.3137885196059136,0.5254643789861282
26,0.7290031723694952,0.5192694079832637,1.3228730769712171,0.5567068953764172
27,1.312557766185905,0.6083473093612866,1.3228730769712171,0.5567068953764172
28,0.7201730576940777,0.5088777322825017,1.3321971000440216,0.5862757579172598
29,1.3138191887314845,0.6114493238472275,1.3321971000440216,0.5862757579172595
30,0.7107515758947877,0.49817919869205973,1.3416931368495073,0.614206597240965
31,1.315607784977841,0.6152629797966136,1.3416931368495073,0.6142065972409649
32,0.7007484345275142,0.48725720992636673,1.3512968387884792,0.640536706408582
33,1.3179767122675712,0.6198381445933229,1.3512968387884792,0.640536706408582
34,0.690174807573808,0.4762009029203697,1.360946830272373,0.6653046043393299
35,1.3209739612588645,0.6252156327988516,1.360946830272373,0.66530460433933
36,0.6790432113326782,0.46510558573255734,1.370584578093094,0.6885497337788578
37,1.3246419859299952,0.6314267219583555,1.370584578093094,0.6885497337788579
38,0.667367398780014,0.45407311348721474,1.380154263392691,0.7103122445241818
39,1.329017384923538,0.6384928874554964,1.380154263392691,0.7103122445241812
40,0.6551622711951036,0.4432121461860226,1.389602658422602,0.7306328322107999
41,1.3341306429591928,0.6438607409209502,1.389602658422602,0.7306328322107999
42,0.6424438061685059,0.43263821204136865,1.3988790096953618,0.7495526142189216
43,1.3400059395725508,0.6290557981976805,1.3988790096953618,0.7495526142189216
44,0.6292290014322833,0.4224734792567602,1.4079349286333482,0.7671130309322435
45,1.346661030581313,0.6139261646340659,1.4079349286333482,0.7671130309322434
46,0.6155358343015164,0.41284612000620735,1.4167242904052642,0.7833557646603468
47,1.3541072055347818,0.5985252196399554,1.4167242904052642,0.7833557646603465
48,0.6013832368971816,0.4038891381137311,1.425203141304802,0.7983226710910294
49,1.3623493220858454,0.5829101035264841,1.425203141304802,0.798322671091029
50,0.5867910877504614,0.3957385345178881,1.4333296147591048,0.8120557197774062
51,1.3713859158703656,0.5671421252857256,1.4333296147591048,0.8120557197774061
52,0.5717802208875786,0.38853071187637067,1.4410638558483708,0.8245969412372594
53,1.3812093822222793,0.5512872200863163,1.4410638558483708,0.8245969412372591
54,0.5563724540885725,0.3823990812440394,1.448367954063547,0.835988378957468
55,1.3918062240193032,0.5354164520309995,1.448367954063547,0.8359883789574675
56,0.5405906387373751,0.37746993483582203,1.4552058839181752,0.8462720450814479
57,1.4031573582484909,0.519606552264128,1.4552058839181752,0.8462720450814476
58,0.524458734579351,0.373857784464937,1.4615434529556166,0.8554898788913842
59,1.4152384725787108,0.5039404744032381,1.4615434529556166,0.8554898788913841
60,0.5080019138359395,0.3716605149737082,1.4673474363999803,0.863683707429843
61,1.4280205145344642,0.48850869146953496,1.4673474363999803,0.8634424293315144
62,0.4912467005737209,0.370954829442388,1.4725728346868727,0.8708952077695571
63,1.44146906705559,0.4734219982827432,1.4725728346868727,0.8702796066186628
64,0.4742211530929224,0.3717925233578473,1.4772034681108641,0.8771658705571246
65,1.4555468025474187,0.458773056799182,1.4772034681108641,0.8765920381336588
66,0.4569550995288033,0.3741980814713207,1.4812153258008103,0.8825369645403377
67,1.4702131369118343,0.4446710963694144,1.4812153258008103,0.8820190677977503
68,0.4394804400347153,0.3781679343289484,1.4845829312646261,0.8870495018495735
69,1.4854240888411854,0.4312359290561716,1.4845829312646261,0.886586127205633
70,0.421831533081771,0.38367147040037947,1.4872823344916983,0.8907442038478257
71,1.5011330860438918,0.4185943635028502,1.4872823344916983,0.8903332871314413
72,0.40404568888029496,0.3906536353841288,1.4892912133280667,0.8936614673962835
73,1.517291414417174,0.40687876380836646,1.4892912133280667,0.8933009145484568
74,0.3861638000913909,0.3990387325233547,1.4905888671212608,0.8958413314061534
75,1.5338486434470051,0.39622489213483403,1.4905888671212608,0.8955290461382345
76,0.368231149305374,0.4087349174481078,1.4911562090025745,0.8973234435652254
77,1.5507530288171987,0.3867687957074691,1.4911562090025745,0.8970573305078642
78,0.3502984446753395,0.41963887264145133,1.4909757608438707,0.8981470271412375
79,1.5679518895491629,0.3786426793580346,1.4909757608438707,0.8979249940166654
80,0.33242314991080096,0.4316402293203972,1.4900316507966416,0.898350847774831
81,1.5853919575872297,0.3719698502257461,1.4900316507966416,0.8981708075647159
82,0.31467119232091323,0.4446254376592071,1.4883096131955287,0.8979731801838977
83,1.6030196986697656,0.3668590149971795,1.4883096131955287,0.8978330533330197
84,1.5701656106566444,0.458480928096144,1.485796990646129,0.897051774709256
85,1.6207816041474281,0.36339842386230986,1.485796990646129,0.8969494913673358
86,1.5603754240687946,0.47309552702480845,1.4824827381611556,0.8956238236395797
87,1.6386244540930033,0.3616505306310634,1.4824827381611556,0.8955573259424432
88,1.5514884276812761,0.4883621753842916,1.47835742925365,0.8937259272619895
89,1.6564955525925453,0.36164790377864736,1.47835742925365,0.8936931716534421
90,1.543549651782456,0.5041790475412592,1.4734132639408375,0.8913940595941676
91,1.6743429365231983,0.36339102432209686,1.4734132639408375,0.8913930191900494
92,1.5365996271106495,0.520450187079804,1.4676440786575968,0.8886635337647831
93,1.6921155594213972,0.36684833958204005,1.4676440786575968,0.8886922007605905
94,1.5306739303231605,0.5370857749959893,1.46104535812479,0.8855689670217889
95,1.7097634522410496,0.37195856850434206,1.46104535812479,0.8856253551449648
96,1.5258027686203905,0.5540021330296522,1.4536142492652566,0.8821442453631138
97,1.7272378629105865,0.378634881808306,1.4536142492652566,0.8822263923706318
98,1.522010614897407,0.5711215470754897,1.445349577309664,0.8784224878016539
99,1.744491376636142,0.38677031591643185,1.445349577309664,0.8785284580228475
100,1.5193159039945041,0.5883719771123017,1.4362518642861914,0.8744360102965623
101,1.7614780188804746,0.39624368393739295,1.4362518642861914,0.8745638972202321
102,1.5177307992716533,0.6025959747476163,1.4263233501428954,0.8702162894056007
103,1.7781533428868959,0.4069253151425065,1.4263233501428954,0.8703642183093198
104,1.517261036879881,0.5931818135440893,1.4155680168102824,0.8657939257389103
105,1.7944745035262588,0.41868213152032613,1.4155680168102824,0.8659600563571016
106,1.5179058528281437,0.5834037015111341,1.4039916155748962,0.8611986073227811
107,1.8104003191328495,0.43138178455488196,1.4039916155748962,0.8613811365485652
108,1.5196579953673597,0.5732656532761489,1.391601698203537,0.8564590730126432
109,1.8258913228700837,0.44489576886937965,1.391601698203537,0.8566562376266923
110,1.5225038224817458,0.5627723336225372,1.3784076523329332,0.8516030761272163
111,1.8409098050357855,0.45910157016161013,1.3784076523329332,0.8518131555448784
112,1.526423481554092,0.5519290753543367,1.3644207417223244,0.8466573485099548
113,1.8554198475846029,0.47388398654376945,1.3644207417223244,0.8468786675357991
114,1.5313911657179327,0.5407418997731381,1.3496541520574932,0.8416475652589945
115,1.8693873520156887,0.4891357945246205,1.3496541520574932,0.8418784968356808
116,1.5373754391720322,0.5292175404448515,1.334123043095241,0.8365983104018201
117,1.8827800616498163,0.5047579290458916,1.334123043095241,0.8368372783378722
118,1.5443396219286505,0.5173634710989348,1.3178446080481308,0.8315330438248797
119,1.89556757920355,0.5206593262076986,1.3178446080481308,0.8317785254836295
120,1.5522422231761175,0.5051879387096154,1.3008381412312204,0.8264740698002171
121,1.9077213804600561,0.5367565489286845,1.3008381412312204,0.8267245987298849
122,1.5610374116952144,0.4927000030702386,1.2831251151259648,0.8214425074796023
123,1.919214824737251,0.5529732869603876,1.2831251151259648,0.8216966759623585
124,1.570675511572276,0.4799095845051683,1.2647292681613753,0.8164582637503222
125,1.9300231627643747,0.5692397971734996,1.2647292681613753,0.8167147252462306
126,1.581103511757064,0.4668275217914072,1.2456767046681234,0.811540008864366
127,1.9401235424976304,0.585492329294873,1.2456767046681234,0.8117974803245022
128,1.5922655787480837,0.45346564291479335,1.2259960086254345,0.8067051552628973
129,1.9494950133338458,0.6016725663816934,1.2259960086254345,0.8069624192846925
130,1.6041035627605584,0.43983685200455913,1.2057183729895966,0.8019698400194104
131,1.9581185291176784,0.6177270976946604,1.2057183729895966,0.8022257468165361
132,1.6165574890421088,0.4259552367311332,1.184877746560297,0.7973489113167733
133,1.965976950282059,0.6336069334651201,1.184877746560297,0.797602380475689
134,1.6295660274479864,0.41183620169163865,1.1635110004967342,0.7928559193546428
135,1.973055045412648,0.6492670655326356,1.1635110004967342,0.7931059413503584
136,1.6430669348793927,0.39749663494989745,1.1416581167243538,0.7885031120539636
137,1.97933949248441,0.664666074256606,1.1416581167243538,0.7887487494986907
138,1.6569974666463436,0.38295511708585633,1.1193624005527163,0.7843014358843352
139,1.9848188799811903,0.6797657799140157,1.1193624005527163,0.7845418244845009
140,1.6712947541788263,0.3682321850391331,1.0966707198231784,0.7802605420881551
141,1.989483708076784,0.6945309355552274,1.0966707198231784,0.780494891287779
142,1.6858961477323504,0.35335066697066386,1.0736337727762866,0.7763887985133734
143,1.9933263900276779,0.7089289576852259,1.0736337727762866,0.77661639180501
144,1.700739523789082,0.3383361096785709,1.0503063865097555,0.7726933071955613
145,1.9963412539027987,0.7229296909438978,1.0503063865097555,0.7729135020838417
146,1.7157635577310912,0.32321732727525404,1.0267478473024247,0.769179927751374
147,1.9985245447535456,0.7365052030193526,1.0267478473024247,0.7693921553585845
148,1.7309079630577038,0.3080271094944181,1.0030222630919143,0.7658533065613516
149,1.9998744273075564,0.7496296062367979,1.0030222630919143,0.7660570708693166
150,1.7461136989436772,0.29280314093012094,0.9791989568619777,0.7627169116325926
151,2.0003909892513962,0.7622789025516061,0.9791989568619777,0.7629117883603121
152,1.7613231483045217,0.2775891995813828,0.9553528874252137,0.7597730729436738
153,2.0000762451501632,0.7519894088413482,0.9553528874252137,0.7599587080655175
154,1.7764802687692522,0.2624367250065113,0.9315650908365347,0.7570230279878298
155,1.9989341410352282,0.738269327596542,0.9315650908365347,0.7571991359024586
156,1.7915307190804242,0.24740687313368656,0.9079231311559606,0.7544669721484498
157,1.9969705596744602,0.7242683236878161,0.9079231311559606,0.7546333335139157
158,1.8064219634677763,0.23257320402640916,0.8845215431768131,0.752104113465865
159,1.9941933265216907,0.7100208244764201,0.8845215431768131,0.7522605727212953
160,1.8211033564953485,0.21802517282006653,0.8614622417279437,0.7499327312883548
161,1.9906122163233033,0.6955638810164887,0.8614622417279437,0.7500791938871714
162,1.835526210780943,0.20387259244470188,0.8388548619911809,0.7479502382451907
163,1.9862389603390382,0.6809373627304536,0.8388548619911809,0.7480866676288276
164,1.8496438498470897,0.19025116417761928,0.816816982867781,0.7461532449367841
165,1.9810872541107418,0.6661841682648069,0.816816982867781,0.7462796592811839
166,1.8634116481979126,0.17732893646880585,0.7954741710493473,0.7445376267075778
167,1.975172765686188,0.6513504508622103,0.7954741710493473,0.7446540954773551
168,1.8767870605373573,0.1653129899642102,0.7749597679630557,0.7430985918516143
169,1.968513144174532,0.6364858550805994,0.7749597679630557,0.7432052321985985
170,1.8897296418599678,0.15445452448591002,0.7554143269346315,0.7418307505987668
171,1.9611280284746488,0.6216437596209133,0.7554143269346315,0.7419277236426386
172,1.9022010599624146,0.14504867533868263,0.7369845967345262,0.7407281842407569
173,1.9530390559767628,0.6068815182533136,0.7369845967345262,0.7408156912697222
174,1.9141651017472276,0.13742318278339732,0.7198219445681594,0.7397845137794639
175,1.9442698709905728,0.5922606872146831,0.7198219445681594,0.7398627924083748
176,1.9255876745230425,0.1319092843699283,0.7040801222979611,0.738992967514246
177,1.9348461325985973,0.5778472228642264,0.7040801222979611,0.7390622878363502
178,1.9364368033504047,0.12879252670382077,0.6899123106282103,0.7383464470284867
179,1.9247955215709012,0.56371162776386,0.6899123106282103,0.7384071077951269
180,1.9466826253399547,0.12825316580831347,0.6774674325603196,0.7378375910865344
181,1.9141477459058078,0.5499290167506322,0.6774674325603196,0.7378899159467786
182,1.9562973816812055,0.1303198348618423,0.6668858115182189,0.737458837008821
183,1.9029345444798675,0.5365790672537234,0.6668858115182189,0.7375031708381825
184,1.9652554080650324,0.13486113042776485,0.6582943563639699,0.737202479153227
185,1.8911896881985497,0.5237458106681416,0.6582943563639699,0.7372391844975519
186,1.973533124060968,0.14162011384963044,0.6518015710638756,0.7370607241930236
187,1.878948977936305,0.5115172150776623,0.6518015710638756,0.7370901778502915
188,1.981109021920722,0.15027235404202577,0.6474927876243532,0.7370257429441737
189,1.8662502384405397,0.4999845056406175,0.6474927876243532,0.7370483327035312
190,1.9879636552010915,0.1604810680764937,0.645426078254756,0.7370897185559983
191,1.8531333072487466,0.48924116974618465,0.645426078254756,0.7371058401099028
192,1.994079627531616,0.17193396721981646,0.6456292906756821,0.7372448909378617
193,1.8396400175321015,0.47938160233047383,0.6456292906756821,0.7372549449798151
194,1.999441581793859,0.18436049094089668,0.6480985568399121,0.7374835973495931
195,1.825814173633518,0.4704993652944681,0.6480985568399121,0.7374879868667041
196,2.0040361899290735,0.19753528716704244,0.6527984595534684,0.7377983091339955
197,1.8117015179154716,0.4626850658554399,0.6527984595534684,0.7377974369005296
198,2.0078521435481242,0.2112744572477819,0.6596638353446583,0.7381816646154511
199,1.7973496873759789,0.4560239020941281,0.6596638353446583,0.7381759308906944
200,2.010880145480929,0.2254290925012232,0.6686029906154044,0.7386264982289026
201,1.782808158334266,0.45059297699894585,0.6686029906154044,0.7386162986601
202,2.013112902371428,0.23987853941966525,0.6795019551718139,0.7391258659782927
203,1.7681281773367195,0.4464585379807529,0.6795019551718139,0.7391115897071175
204,2.014545118397197,0.2545244365263588,0.6922293203011979,0.7396730673527935
205,1.7533626762962025,0.44367334628962574,0.6922293203011979,0.7396550953218135
206,2.0151734901695737,0.26928582059012796,0.7066412123258351,0.7402616638530883
207,1.7385661697631765,0.44227440714237726,0.7066412123258351,0.7402403673069806
208,2.014996702849632,0.28409526518701983,0.7225860211684084,0.7408854942988066
209,1.7237946321466602,0.4422812853528254,0.7225860211684084,0.7408612334736502
210,2.014015427496866,0.2988958955401857,0.7399086095908027,0.7415386871023181
211,1.709105352670394,0.44369518743601094,0.7399086095908027,0.7415118100951337
212,2.0122323196502303,0.3136391032680433,0.7584538441360853,0.7422156697038982
213,1.6945567658798995,0.44649891334002173,0.7584538441360853,0.7421865115137042
214,2.009652019124556,0.3282828029435626,0.7780693917676947,0.7429111753692035
215,1.680208255626267,0.4506576825524955,0.7780693917676947,0.7428800571001908
216,2.0062811509886167,0.34279010144173694,0.7986078047627551,0.7436202475525533
217,1.6661199306601753,0.45612074000572506,0.7986078047627551,0.7435874757695115
218,2.002128327673575,0.35712827952515336,0.819927967409581,0.7443382420291275
219,1.652352370292384,0.46282356691442433,0.819927967409581,0.7443041082549857
220,1.9972041521414843,0.37126800916014757,0.8418960043393426,0.7450608269963462
221,1.6389663390309461,0.47069047454489155,0.8418960043393426,0.7450256073415694
222,1.9915212220222502,0.38518274904434724,0.8643857576846558,0.745783981339815
223,1.6260224697036878,0.4796373496021121,0.8643857576846558,0.7457479362534216
224,1.9850941346032458,0.3988482753190708,0.8872789350583797,0.7465039912526894
225,1.6135809153248983,0.4895743437252192,0.8872789350583797,0.7464673653848034
226,1.977939492527825,0.41224231530532796,0.9104650181025703,0.7472174453895262
227,1.6017009708680978,0.5004083455476813,0.9104650181025703,0.7471804675555905
228,1.970075910026533,0.42534426017679955,0.9338410061948961,0.7479212287269386
229,1.5904406671526448,0.5120451290403654,0.9338410061948961,0.7478841119640451
230,1.9615240194669903,0.43813493846418333,0.9573110545327095,0.7486125152939701
231,1.5798563402194024,0.5243911253162498,0.9573110545327095,0.7485754570001214
232,1.9523064779643997,0.4505964367160813,0.9807860517971416,0.7492887599252746
233,1.5700021808244453,0.5373548094130634,0.9807860517971416,0.7492519420728074
234,1.9424479737434628,0.4627119569316601,1.0041831706486761,0.7499476891801813
235,1.5609297699703089,0.5508477255311734,1.0041831706486761,0.749911278595024
236,1.9319752318833092,0.474465702832525,1.0274254146008954,0.7505872915606507
237,1.5526876076580716,0.5647851937643831,1.0274254146008954,0.7505514402595586
238,1.9209170190089484,0.48584278887755344,1.0504411772322295,0.7512058071512114
239,1.5453206432054025,0.5790867504627368,1.0504411772322295,0.7511706527295829
240,1.9093041464148648,0.49682916730680443,1.0731638239507881,0.7518017167942342
241,1.5388698164528039,0.5936763757534118,1.0731638239507881,0.7517673828576058
242,1.897169471017982,0.5074115695471182,1.0955313023011513,0.7523737309045386
243,1.533371619887912,0.608482558148025,1.0955313023011513,0.7523403275373103
244,1.8845478934376672,0.5175774591088976,1.117485783779998,0.7529207780182869
245,1.5288576920767942,0.6234382398558279,1.117485783779998,0.7528884022837049
246,1.871476352389392,0.5273149937139429,1.1389733380315958,0.7534419931625735
247,1.5253544527363008,0.6384806790695869,1.1389733380315958,0.7534107296284401
248,1.8579938144560464,0.5366129948645285,1.1599436388928914,0.7539367061239877
249,1.5228827892693577,0.6388296543164167,1.1599436388928914,0.7539066274089969
250,1.8441412581671586,0.545460923428453,1.1803497008658281,0.7544044296867929
251,1.5214578036012574,0.6238836696254042,1.1803497008658281,0.7543755970228126
252,1.8299616511724273,0.5411872003273995,1.2001476440677488,0.7548448479042246
253,1.5210886267190853,0.6088373111034178,1.2001476440677488,0.7548173117102286
254,1.8154999191438514,0.5300528514890096,1.219296485440176,0.7552578044597225
255,1.521778306483241,0.5937408330316062,1.219296485440176,0.7552316049234579
256,1.8008029048831737,0.5197668098699134,1.2377579539009294,0.755643291168732
257,1.5235237721375772,0.5786484168352529,1.2377579539009294,0.7556184588325477
258,1.7859193159523685,0.5104202423296903,1.2554963271452706,0.7560014366659497
259,1.5263158766077705,0.5636185003543036,1.2554963271452706,0.7559779930135482
260,1.7708996589899906,0.5021018257302928,1.2724782878961003,0.7563324953175882
261,1.530139515278391,0.5487141085755318,1.2724782878961003,0.7563104533587693
262,1.7557961587325437,0.4948956190779666,1.2886727975412933,0.7566368363933357
263,1.5349738176155068,0.5340031694701507,1.2886727975412933,0.7566162012440867
264,1.740662659636649,0.48887871758066737,1.3040509852572935,0.7569149335281763
265,1.5407924058845406,0.519558791318936,1.3040509852572935,0.756895702983734
266,1.7255545079058277,0.48411880664297763,1.3185860508881366,0.7571673545001
267,1.5475637134149862,0.5054594688123473,1.3185860508881366,0.7571495195988575
268,1.710528411678254,0.4806717736438124,1.3322531800189674,0.7573947513459133
269,1.5552513534693921,0.4917891743669674,1.3322531800189674,0.7573782969222816
270,1.6956422771440804,0.47857956195398405,1.345029469847054,0.75759785083388
271,1.5638145288350984,0.4786372790081279,1.345029469847054,0.7575827560584244
272,1.6809550184496511,0.4778684561681843,1.3568938646079596,0.7577774453087136
273,1.5732084717896808,0.466098235021669,1.3568938646079596,0.7577636842140898
274,1.6665263394290206,0.4785479642296903,1.36782709945811,0.757934383921499
275,1.5833849040774302,0.45427094254078626,1.36782709945811,0.7579219259128955
276,1.652416485498796,0.48061041108940683,1.3778116518468968,0.758069564254436
277,1.594292506928684,0.4432577176850886,1.3778116518468968,0.7580583746034113
278,1.6386859644774785,0.48403128675867396,1.3868316995317131,0.7581839243478199
279,1.6058773918894058,0.4331627854104242,1.3868316995317131,0.758173964668573
280,1.625395235659519,0.4887703117895457,1.394873084498536,0.7582784351344087
281,1.6180835642251303,0.42409024121255945,1.394873084498536,0.758269663841676
282,1.6126043671968364,0.4947731103615178,1.4019232821495724,0.7583540932842484
283,1.630853371836567,0.4161414671182412,1.4019232821495724,0.7583464660321619
284,1.600372662719155,0.5019733282731408,1.4079713752091352,0.7584119144611203
285,1.6441279338915697,0.40941205121756763,1.4079713752091352,0.7584053845624819
286,1.5887582591522778,0.5102950077093125,1.4130080318802514,0.7584529269900165
287,1.657847544665752,0.4039883431535389,1.4130080318802514,0.7584474458155763
288,1.5778176988516501,0.5196550332441225,1.417025487858659,0.7584781659334575
289,1.6719520493296365,0.3999438694679564,1.417025487858659,0.7584736832908805
290,1.5676054804249369,0.5299654887726012,1.4200175318787824,0.75848866757297
291,1.6863811895757608,0.3973359132481343,1.4200175318787824,0.758485132065295
292,1.5581735939247972,0.541135804195352,1.4219794945290491,0.758485464290719
293,1.7010749180108584,0.39620260792289724,1.4219794945290491,0.7584828236541988
294,1.549571047390012,0.5530746144847921,1.4229082401324538,0.7584695798450282
295,1.7159736811258801,0.3965608835988584,1.4229082401324538,0.7584677812663393
296,1.5418433929253879,0.565691294744539,1.4228021615435142,0.7584420250324138
297,1.731018671391792,0.3984055262526003,1.4228021615435142,0.7584410154452956
298,1.5350322615551377,0.5788971683174667,1.4216611777656218,0.7584037937277105
299,1.7461520496129386,0.4017094746544701,1.4216611777656218,0.7584035200891913
300,1.5291749168739963,0.5926064089680211,1.4194867343440676,0.758355859292953
301,1.7613171391107325,0.4064253153053839,1.4194867343440676,0.7583562688393689
302,1.5243038379722862,0.5967865991089755,1.4162818065406446,0.7582991713448131
303,1.7764585936218724,0.4124877804559275,1.4162818065406446,0.7583002118279145
304,1.520446342154687,0.5916002813034902,1.412050905346469,0.7582346528696551
305,1.7915225409935187,0.41981694361473837,1.412050905346469,0.7582362727731459
306,1.5176242575575036,0.5858998853481722,1.4068000864413897,0.758163197674576
307,1.8064567048604931,0.42832176062179905,1.4068000864413897,0.7581653464114835
308,1.515853654873943,0.5796911913804831,1.4005369622619641,0.7580856681622201
309,1.8212105065141946,0.43790362207200323,1.4005369622619641,0.7580882962535601
310,1.5151446460333806,0.5729805427313597,1.3932707173962702,0.7580028934166171
311,1.835735149136156,0.44845964803727745,1.3932707173962702,0.7580059526518519
312,1.5155012558971015,0.5657748494314284,1.3850121275838345,0.7579156675868646
313,1.849983686486185,0.4598855446144876,1.3850121275838345,0.7579191111667029
314,1.5169213709125826,0.5580815927830594,1.3757735826635713,0.7578247485550873
315,1.8639110780189514,0.4720779312787779,1.3757735826635713,0.7578285312172104
316,1.5193967663233503,0.5499088312640937,1.3655691138828903,0.7577308568748076
317,1.8774742322649989,0.4849361228498416,1.3655691138828903,0.7577349350031415
318,1.5229132110941606,0.5412652080871608,1.3544144260581765,0.757634674965625
319,1.8906320401616208,0.4983634029991402,1.3544144260581765,0.7576390066838036
320,1.5274506473224798,0.532159960810433,1.3423269351616858,0.7575368465499185
321,1.9033453998632184,0.5122678573762974,1.3423269351616858,0.7575413917996197
322,1.532983438703365,0.5226029334852739,1.329325812003816,0.7574379763171958
323,1.9155772344053168,0.5265628474106432,1.329325812003816,0.757442696922037
324,1.5394806807155257,0.5126045919385764,1.315432032783775,0.757338629801645
325,1.9272925034455688,0.5411672059564848,1.315432032783775,0.7573434895173612
326,1.546906563694621,0.5021760429292705,1.3006684373970165,0.757239333458477
327,1.938458210161766,0.5560052282955895,1.3006684373970165,0.757244298010103
328,1.555220778915197,0.49132905809825905,1.2850597965154698,0.7571405749246992
329,1.9490434042531564,0.5710065206306918,1.2850597965154698,0.7571456120314958
330,1.5643789572384483,0.4800761038605652,1.2686328885971945,0.7570428034500876
331,1.9590191818682798,0.5861057558814281,1.2686328885971945,0.7570478828389579
332,1.5743331297874847,0.468430378683321,1.25141658813602,0.7569464304843125
333,1.9683586831707007,0.6012423749952174,1.25141658813602,0.756951523892452
334,1.5850322004430442,0.4564058595744207,1.2334419666284806,0.756851830406375
335,1.97703708815345,0.616360261939956,1.2334419666284806,0.7568569115739038
336,1.5964224206453408,0.4440173601026613,1.2147424079134084,0.7567593413827989
337,1.9850316112233604,0.6314074123290303,1.2147424079134084,0.7567643860361212
338,1.6084478579619683,0.43128060291986703,1.195353739725671,0.7566692663413283
339,1.9923214949972987,0.6463356091936746,1.195353739725671,0.7566742521679524
340,1.6210508510510648,0.4182123106121973,1.1753143834940203,0.7565818740472324
341,1.9988880036827927,0.6611001145525165,1.1753143834940203,0.7565867806627784
342,1.6341724449282473,0.40483031984524603,1.1546655245946076,0.7564974002697127
343,2.004714416354937,0.6756593818635551,1.1546655245946076,0.7565022091778282
344,1.6477528017575886,0.3911537252880154,1.1334513054320239,0.7564160490263268
345,2.0097860203888778,0.6899747919098387,1.1334513054320239,0.7564207435722011
346,1.6617315836652748,0.37720306184727903,1.1117190438372608,0.7563379938937939
347,2.014090105261701,0.7040104129256789,1.1117190438372608,0.7563425592119633
348,1.676048305267899,0.3630005365164681,1.0895194793152996,0.7562633793740313
349,2.0176159568983523,0.7177327846141444,1.0895194793152996,0.756267802331129
350,1.6906426546786957,0.34857032492341916,1.06690704959918,0.7561923223047569
351,2.0203548527023973,0.7311107249782978,1.06690704959918,0.7561965914378606
352,1.7054547826816377,0.3339389528444432,1.0439401997091737,0.7561249133045291
353,2.0223000573832013,0.7441151584643451,1.0439401997091737,0.7561290187557159
354,1.7204255605348042,0.31913579009174714,1.0206817251878275,0.7560612182426233
355,2.0234468196656437,0.7567189637014232,1.0206817251878275,0.7560651516903326
356,1.7354968074807102,0.30419369404465174,0.9971991502658056,0.7560012797246811
357,2.023792369946067,0.7688968390516145,0.9971991502658056,0.7560050343124531
358,1.7506114895099836,0.28914985372510577,0.9735651402523494,0.7559451185856388
359,2.023335918938025,0.7719080516133526,0.9735651402523494,0.7559486888487723
360,1.7657138912590042,0.2740469040768494,0.9498579452336123,0.7558927353819933
361,2.022078657332883,0.7583447449221199,0.9498579452336123,0.7558961171726334
362,1.7807497631382945,0.258934405637105,0.9261618689449488,0.755844111876028
363,2.020023756482741,0.7444526214969185,0.9261618689449488,0.7558473022871758
364,1.7956664459044913,0.24387081871776606,0.9025677521482641,0.7557992125051838
365,2.017176370095819,0.7302651782540177,0.9025677521482641,0.755802209794079
366,1.8104129749227396,0.22892614420007495,0.8791734536374018,0.7557579858303144
367,2.013543636916721,0.7158182924586188,0.8791734536374018,0.7557607893416237
368,1.8249401663355744,0.21418545224888205,0.8560843037434432,0.7557203659571249
369,2.009134684345192,0.7011504041978663,0.8560843037434432,0.7557229760463304
370,1.8392006872744584,0.1997535632252147,0.8334134945963533,0.7556862739256236
371,2.003960632926461,0.6863027162385625,0.8334134945963533,0.7556886918829843
372,1.8531491121349837,0.1857611462434854,0.8112823582597833,0.7556556190629644
373,1.9980346016232329,0.67131941078078,0.8112823582597833,0.7556578470383846
374,1.8667419667980032,0.17237237417222467,0.7898204683769193,0.7556283002955556
375,1.9913717137532396,0.656247881566978,0.7898204683769193,0.7556303412246761
376,1.8799377625263574,0.1597938361057919,0.7691654839434764,0.7556042074168329
377,1.9839891034461132,0.6411389783105028,0.7691654839434764,0.7556060649486207
378,1.8926970211081104,0.14828332563951682,0.7494626370147015,0.7555832223075615
379,1.9759059224384778,0.6260472583391237,0.7494626370147015,0.7555849007336618
380,1.9049822926583242,0.13815494659948233,0.730863752650959,0.7555652201060268
381,1.967143346985698,0.6110312375631369,0.730863752650959,0.7555667242920898
382,1.9167581673368326,0.12977356934318499,0.7135256839352283,0.7555500703258875
383,1.9577245846218305,0.5961536292219088,0.7135256839352283,0.7555514056450824
384,1.9279912820924112,0.12352852533697738,0.6976080537818148,0.7555376379199185
385,1.947674880445089,0.5814815542018448,0.6976080537818148,0.7555388101888002
386,1.9386503234062784,0.11977854195154526,0.6832702257482891,0.7555277842882658
387,1.9370215225437097,0.5670867009721644,0.6832702257482891,0.7555287997051506
388,1.9487060268812937,0.11877415473874745,0.6706674846504712,0.7555203682302242
389,1.9257938461055795,0.5530454063899422,0.6706674846504712,0.7555212333161928
390,1.9581311744080854,0.12058753735304066,0.6599464973400356,0.7555152468388959
391,1.914023235673604,0.5394386210296254,0.6599464973400356,0.7555159683815352
392,1.966900589535797,0.1250897944154566,0.6512402401686808,0.7555122763384525
393,1.9017431249168302,0.5263517148726921,0.6512402401686808,0.755512861338408
394,1.9749911315828386,0.1319907067347633,0.6446627076598721,0.7555113128640024
395,1.888988993184314,0.5138740721997556,0.6446627076598721,0.7555117684844121
396,1.9823816889414752,0.1409153038487412,0.6403038309751091,0.7555122131843872
397,1.8757983579943562,0.5020984200101924,0.6403038309751091,0.7555125467032313
398,1.9890531719585223,0.15147695163998504,0.6382251022797282,0.7555148353684816
399,1.862210762486201,0.49111983455840275,0.6382251022797282,0.7555150541338779
400,1.9949885057120418,0.16332383682239196,0.6384563921097394,0.7555190393958215
401,1.848267756725202,0.4810343784850164,0.6384563921097394,0.755519150784269
402,2.0001726229498447,0.17615817509228188,0.6409943463802781,0.7555246877126071
403,1.8340128716071318,0.47193733950772815,0.6409943463802781,0.755524699090171
404,2.0045924574088954,0.18973773313722736,0.6458025676030292,0.7555316457343234
405,1.8194915839549055,0.4639210730128105,0.6458025676030292,0.7555315644207404
406,2.0082369376945186,0.2038691091894677,0.6528135568461003,0.7555397822964129
407,1.804751271244717,0.4570724955669526,0.6528135568461003,0.7555396155320815
408,2.0110969818636817,0.21839866292482377,0.6619321703000031,0.7555489700545753
409,1.789841154242925,0.45147033150874954,0.6619321703000031,0.7555487249703783
410,2.0131654928268192,0.2332038881207281,0.6730401764659173,0.7555590858364208
411,1.774812225686015,0.44718227326336635,0.6730401764659173,0.7555587694263255
412,2.0144373546567698,0.2481862042915023,0.6860014179118573,0.7555700109463132
413,1.7597171630012647,0.4442622665464061,0.6860014179118573,0.7555696300426831
414,2.0149094298707357,0.26326529126315046,0.7006670897037055,0.7555816314253518
415,1.7446102229550309,0.4427481605632075,0.7006670897037055,0.7555811926768858
416,2.0145805577309357,0.27837476975724024,0.7168807261060658,0.7555938382685043
417,1.7295471160404643,0.4426599584842597,0.7168807261060658,0.7555933481207256
418,2.0134515535911612,0.29345895484127343,0.7344826064964785,0.7556065276009867
419,1.7145848583905592,0.4439988588086377,0.7344826064964785,0.7556059922791871
420,2.011525209299029,0.3084704282821594,0.753313418799357,0.7556196008160316
421,1.6997815990412777,0.4467471973899541,0.753313418799357,0.7556190263105734
422,2.0088062946467113,0.32336822289191736,0.773217130403101,0.7556329646762108
423,1.6851964204899363,0.45086929686681887,0.773217130403101,0.755632356730087
424,2.0053015598456434,0.3381164600509475,0.7940430999492513,0.7556465313805177
425,1.670889110713819,0.4563131258149174,0.7940430999492513,0.755645895479067
426,2.0010197389824613,0.3526833220305326,0.81564751595254,0.7556602185994111
427,1.656919905150569,0.4630125853627534,0.81564751595254,0.7556595599620727
428,1.9959715543935925,0.3670402720992729,0.8378942738023015,0.7556739494800186
429,1.643349197611198,0.47089019138636645,0.8378942738023015,0.7556732730540235
430,1.990169721873728,0.3811614587940218,0.8606554081412708,0.755687652623695
431,1.6302372197110575,0.4798599107361476,0.8606554081412708,0.7556869630795778
432,1.9836289566081755,0.39502325785429926,0.8838111900801744,0.7557012620380904
433,1.6176436891710075,0.48982993524192675,0.8838111900801744,0.7557005637669109
434,1.9763659796900488,0.4086039177354177,0.9072499842193413,0.7557147170658626
435,1.6056274282596543,0.5007052258164881,0.9072499842193413,0.7557140141780233
436,1.968399525049578,0.42188328359806565,0.9308679433975616,0.755727962292123
437,1.5942459547072638,0.5123897171541386,0.9308679433975616,0.7557272586176692
438,1.9597503465837185,0.4348425811780738,0.954568602271351,0.7557409474326501
439,1.5835550485998655,0.5247881295600636,0.954568602271351,0.7557402465229432
440,1.95044122522879,0.4474642466688728,0.978262415777598,0.755753627204858
441,1.5736083000215002,0.5378073806704605,0.978262415777598,0.7557529323355094
442,1.940496975666245,0.45973179220333,1.0018662758978016,0.7557659611834353
443,1.5644566435023695,0.5513576228971006,1.0018662758978016,0.7557652753583963
444,1.9299444522908966,0.47162969905962443,1.025303030020071,0.7557779136425198
445,1.5561478865860594,0.5653529524317654,1.025303030020071,0.755777239599217
446,1.9188125540011618,0.48314333259258274,1.048501016381437,0.75578945338618
447,1.5487262409738136,0.5797118447054888,1.048501016381437,0.7557887936015972
448,1.9071322272912838,0.49425887428906107,1.071393626229645,0.7558005535689224
449,1.542231865654796,0.5943573722543802,1.071393626229645,0.7557999102665265
450,1.8949364670352866,0.5049632673931748,1.0939188980997092,0.755811191507853
451,1.5367004321040123,0.6092172568875708,1.0939188980997092,0.7558105666652647
452,1.8822603142510725,0.515244173337507,1.1160191466081,0.7558213484880415
453,1.5321627219460572,0.6242238012672362,1.1160191466081,0.7558207438453666
454,1.8691408500202211,0.5250899368169405,1.1376406261257437,0.7558310095625671
455,1.528644267379833,0.6393137372270211,1.1376406261257437,0.7558304266312846
456,1.8556171846147185,0.5344895578011,1.158733228353823,0.7558401633486227
457,1.5261650440962498,0.6372857506590243,1.158733228353823,0.755839603420956
458,1.8417304407465382,0.5434326691350757,1.179250211999455,0.7558488018209919
459,1.5247392253868777,0.6222979468397374,1.179250211999455,0.7558482659796738
460,1.8275237297108422,0.5421738229360618,1.1991479622828454,0.7558569201041091
461,1.524375004659775,0.6072218688509788,1.1991479622828454,0.7558564092324673
462,1.813042119040502,0.5310903389369768,1.218385777791955,0.7558645162638487
463,1.5250744917078982,0.592108047832302,1.218385777791955,0.7558640310561343
464,1.7983325901316634,0.5208706937243204,1.236925682153151,0.7558715911000885
465,1.5268336859066978,0.5770109906680948,1.236925682153151,0.755871132071981
466,1.7834439841413656,0.5116051180977672,1.2547322580476392,0.755878147941025
467,1.5296425271678618,0.5619895070204278,1.2547322580476392,0.755877715440248
468,1.7684269343045105,0.5033810833659232,1.2717725012317556,0.7558841924401297
469,1.53348502307901,0.5471070351882339,1.2717725012317556,0.7558837866571154
470,1.75333378267616,0.49628115851493015,1.2880156923852815,0.7558897323765547
471,1.5383394483520783,0.5324319494388742,1.2880156923852815,0.7558893533551032
472,1.7382184791854862,0.4903806661169127,1.3034332847959018,0.7558947774597289
473,1.544178610615632,0.5180378239779976,1.3034332847959018,0.7558944251076062
474,1.723136460801139,0.48574525907148053,1.317998806076615,0.7558993391387981
475,1.550970174828383,0.5040036194358748,1.317998806076615,0.7558990132382285
476,1.7081445085676306,0.48242857813333195,1.3316877722978078,0.7559034304175011
477,1.5586770372442555,0.49041374679330907,1.3316877722978078,0.7559031306355048
478,1.693300580294013,0.4804701738444094,1.3444776130917715,0.7559070656749881
479,1.5672577389711257,0.47735795164575184,1.3444776130917715,0.7559067915735329
480,1.6786636167765452,0.47989387752933926,1.3563476064517404,0.7559102604930467
481,1.5766669087482208,0.46493094992787526,1.3563476064517404,0.7559100115389666
482,1.6642933196341632,0.48070677945890355,1.3672788220988903,0.7559130314901015
483,1.5868557246003514,0.45323173701355984,1.3672788220988903,0.755912807064758
484,1.650249899147399,0.4828989190625332,1.377254072428771,0.7559153961623226
485,1.5977723844622331,0.44236248899983677,1.377254072428771,0.7559151955709771
486,1.6365937909346606,0.4864437198298778,1.3862578701738604,0.7559173727320985
487,1.6093625766343462,0.43242698266851676,1.3862578701738604,0.7559171952129696
488,1.6233853408882701,0.4912991231847899,1.3942763920320207,0.755918980004084
489,1.6215699419522105,0.42352848437283036,1.3942763920320207,0.7559188247370718
490,1.6106844585351061,0.497409305799187,1.4012974476127011,0.7559202372289775
491,1.6343365207388822,0.41576710242039827,1.4012974476127011,0.7559201033440306
492,1.5985502398845077,0.5047068157531637,1.4073104531448397,0.7559211639751287
493,1.6476031788842604,0.4092366639089869,1.4073104531448397,0.7559210505602431
494,1.5870405618709134,0.51311494119114,1.4123064094737756,0.7559217800080412
495,1.6613100086814496,0.40402126115899195,1.4123064094737756,0.7559216861168789
496,1.5762116516700924,0.5225501304808238,1.4162778839502375,0.7559221051777809
497,1.6753967012892264,0.40019170270459525,1.4162778839502375,0.755922029836895
498,1.5661176354315676,0.532924309598414,1.4192189958837167,0.7559221593142648
499,1.6898028888340106,0.39780217926056216,1.4192189958837167,0.7559221015299286
500,1.5568100722769684,0.5441469818098877,1.421125405296403,0.7559219621303706
501,1.7044684551823344,0.3968874922480276,1.421125405296403,0.7559219208950008
502,1.5483374807013301,0.5561270377743041,1.4219943047733112,0.7559215331327684
503,1.7193338152867976,0.3974611712612662,1.4219943047733112,0.7559215074309472
504,1.5407448657062472,0.5687742438850747,1.4218244142602554,0.7559208915403494
505,1.7343401637275644,0.39951472027468354,1.4218244142602554,0.7559208803544374
506,1.5340732560063846,0.5820004086641994,1.4206159787148813,0.7559200562100916
507,1.7494296936396654,0.40301809254767823,1.4206159787148813,0.7559200585254412
508,1.5283592613977852,0.5957202496786039,1.418370768567917,0.7559190455701869
509,1.7645457876427921,0.4079213309954651,1.418370768567917,0.7559190603799554
510,1.5236346607760798,0.5955030474853426,1.4150920830030274,0.7559178775602224
511,1.7796331826886662,0.4141571624488181,1.4150920830030274,0.7559179038697932
512,1.5199260312768461,0.5902992809863546,1.4107847561150275,0.755916569578196
513,1.7946381109280203,0.4216442336208828,1.4107847561150275,0.7559166064092092
514,1.5172544285324236,0.5845795396523875,1.4054551660585892,0.7559151384341183
515,1.8095084187923827,0.4302906403772614,1.4054551660585892,0.7559151848281286
516,1.515635127081959,0.578349762284221,1.3991112473538527,0.7559136003099548
517,1.8241936665027925,0.43999742712291534,1.3991112473538527,0.7559136553317175
518,1.5150774285512272,0.571616449847089,1.3917625065723902,0.7559119707256334
519,1.8386452101747972,0.4506618019118597,1.3917625065723902,0.7559120334660354
520,1.5155845433887485,0.5643866689853295,1.3834200416878006,0.7559102645108395
521,1.8528162686015235,0.4621799014110851,1.3834200416878006,0.7559103340894842
522,1.517153549792103,0.5566680566364766,1.3740965654407093,0.7559084957823169
523,1.8666619766773078,0.47444902671372224,1.3740965654407093,0.7559085713497742
524,1.5197754310983012,0.548468826016555,1.3638064331392463,0.7559066779263743
525,1.8801394272843095,0.4873693421050393,1.3638064331392463,0.7559067586661129
526,1.5234351904785095,0.5397977743077939,1.352565675394215,0.755904823586304
527,1.8932077033127053,0.5008450783030417,1.352565675394215,0.7559049087163198
528,1.52811203941082,0.5306642924536846,1.3403920363742963,0.7559029446544183
529,1.9058279013286963,0.5147853098386403,1.3403920363742963,0.7559030334285674
530,1.5337796542395612,0.5210783775582312,1.3273050182619148,0.7559010522683932
531,1.9179631482490693,0.5291043871459611,1.3273050182619148,0.7559011439774508
532,1.5404064932822206,0.5110506485015852,1.3133259326960165,0.7558991568116252
533,1.9295786122306025,0.5437221028532814,1.3133259326960165,0.7558992507840858
534,1.5479561655040153,0.5005923655298601,1.2984779601050276,0.7558972679173098
535,1.9406415088399804,0.5585636635999214,1.2984779601050276,0.7558973635199381
536,1.5563878408001361,0.48971545476183975,1.2827862179627114,0.7558953944759336
537,1.951121103437009,0.5735595272707221,1.2827862179627114,0.7558954911140843
538,1.565656691425285,0.47843253879158193,1.2662778391421343,0.7558935446459046
539,1.9609887105818316,0.5886451534238282,1.2662778391421343,0.7558936417636312
540,1.5757143540733052,0.46675697486973344,1.248982061698775,0.7558917258670287
541,1.9702176911660614,0.6037607034126578,1.248982061698775,0.7558918229469872
542,1.5865094024912094,0.4547029025394988,1.230930331582359,0.7558899448765595
543,1.978783447868211,0.6188507170073551,1.230930331582359,0.7558900414397319
544,1.5979878212441951,0.4422853031152176,1.21215641995661,0.755888207727551
545,1.9866634194452264,0.6338637844297054,1.21215641995661,0.7558883033327974
546,1.6100934722502815,0.4295200740627863,1.192696556993257,0.7558865198092531
547,1.9938370742937224,0.6487522265569025,1.192696556993257,0.7558866140527077
548,1.6227685468885542,0.41642412222720576,1.1725895841952785,0.7558848858692968
549,2.000285903645923,0.6634717914070218,1.1725895841952785,0.7558849783836266
550,1.635953997769575,0.4030154810300862,1.1518771274846704,0.7558833100374299
551,2.0059934147055727,0.6779813716259958,1.1518771274846704,0.7558834004909611
552,1.6495899455642553,0.3893134583356657,1.1306037934468867,0.7558817958505681
553,2.010945123977233,0.6922427452896364,1.1306037934468867,0.7558818839463075
554,1.6636160575544972,0.37533882380684996,1.108817391234906,0.7558803462789421
555,2.0151285509976127,0.7062203406821222,1.108817391234906,0.7558804317534917
556,1.6779718957455287,0.3611140474520267,1.0865691826677446,0.7558789637531304
557,2.0185332126389706,0.7198810246211225,1.0865691826677446,0.7558790463755198
558,1.692597233431222,0.3466636049928507,1.0639141629641442,0.7558776501917753
559,2.0211506181213386,0.7331939132157141,1.0639141629641442,0.7558777297622182
560,1.7074323400086853,0.33201437107598936,1.0409113742662326,0.7558764070298043
561,2.0229742648415083,0.746130203548138,1.0409113742662326,0.7558764833783878
562,1.722418234588244,0.3171961287862742,1.017624253539354,0.7558752352469585
563,2.0239996351016307,0.7586630245754363,1.017624253539354,0.7558753082322883
564,1.7374969095405184,0.30224223419592827,0.9941210154600938,0.7558741353964928
565,2.0242241937981285,0.7707673054868048,0.9941210154600938,0.7558742049042898
566,1.7526115255721402,0.28719048889056203,0.9704750693618397,0.7558731076338657
567,2.0236473871116964,0.7703381486425604,0.9704750693618397,0.7558731735755355
568,1.7677065802393108,0.2720842929589344,0.9467654669852006,0.7558721517452927
569,2.0222706422207843,0.7567273433163474,0.9467654669852006,0.7558722140564718
570,1.7827280520105435,0.2569741775014243,0.9230773744148022,0.7558712671760309
571,2.020097368043407,0.742791621449717,0.9230773744148022,0.7558713258151195
572,1.79762352209448,0.24191985091223095,0.8995025568562568,0.7558704530582645
573,2.0171329569947902,0.7285647987819294,0.8995025568562568,0.7558705080049545
574,1.8123422762736763,0.22699293748597402,0.876139858457355,0.7558697082384942
575,2.013384787730509,0.714083092627571,0.876139858457355,0.7558697594923012
576,1.8268353889476387,0.21228063677718234,0.8530956508367861,0.7558690313043215
577,2.0088622288258255,0.699385306635602,0.8530956508367861,0.7558690788831252
578,1.8410557915036903,0.19789057335901222,0.8304842130421961,0.7558684206105475
579,2.003576643321078,0.684513032928487,0.8304842130421961,0.7558684645491499
580,1.854958327015884,0.18395709934329274,0.8084279921878857,0.7558678743044995
581,1.9975413940396578,0.6695108710213771,0.8084279921878857,0.7558679146532032
582,1.8684997931316432,0.1706491611391182,0.7870576782651744,0.7558673903505233
583,1.9907718495584374,0.654426661819856,0.7870576782651744,0.7558674271737401
584,1.8816389748524995,0.1581793474642409,0.7665120094719098,0.7558669665535755
585,1.983285390679852,0.639311733433856,0.7665120094719098,0.7558669999284663
586,1.894336668756675,0.14681254140914962,0.7469372077765376,0.7558666005818707
587,1.9751014172193042,0.6242211533940958,0.7469372077765376,0.7558666305970219
588,1.9065557000531177,0.13687025267760924,0.7284859316081438,0.7558662899885343
589,1.9662413548803264,0.6092139789686447,0.7284859316081438,0.7558663167426777
590,1.9182609337032388,0.12872316750280074,0.7113156284925009,0.7558660322322351
591,1.9567286619421722,0.5943534934997108,0.7113156284925009,0.7558660558330073
592,1.9294192807009933,0.12276155897785941,0.6955861816458124,0.7558658246967609
593,1.9465888354292833,0.579707411882961,0.6955861816458124,0.7558658452595146
594,1.9399997004661518,0.11933645464118055,0.6814567782804404,0.7558656647095231
595,1.9358494163685322,0.5653480324238151,0.6814567782804404,0.7558656823561851
596,1.9499732001807302,0.11868046947408561,0.6690819899019337,0.755865549558982
597,1.924539993667415,0.5513523053852304,0.6690819899019337,0.7558655644169627
598,1.9593128317851485,0.12084107102181317,0.6586071483670403,0.755865476510974
599,1.9126922060636617,0.5378017808710379,0.6586071483670403,0.7558654887121311
600,1.9679936872487886,0.12566553979422787,0.6501632203890939,0.7558654428239521
601,1.9003397415033882,0.5247823908977436,0.6501632203890939,0.7558654525036086
602,1.9759928926389063,0.13284763302419492,0.6438615112853157,0.7558654457631354
603,1.8875183332004302,0.512384013715558,0.6438615112853157,0.7558654530591525
604,1.983289601431747,0.1420062311423969,0.6397886390294447,0.7558654826135872
605,1.8742657515137149,0.5006997643796012,0.6397886390294447,0.7558654876654922
606,1.9898649874395,0.15275617100251393,0.638002279119294,0.7558655506922249
607,1.860621790652577,0.4898249566312699,0.638002279119294,0.7558655536403962
608,1.9957022376655484,0.16475113575426029,0.638528160554512,0.7558656473587889
609,1.8466282490825783,0.47985569022063246,0.638528160554512,0.7558656483436976
610,2.000786545347442,0.17770004217346355,0.6413586811013526,0.7558657700257924
611,1.8323289023580192,0.47088703782629493,0.6413586811013526,0.7558657691872956
612,2.005105103401277,0.19136700748630336,0.6464533193168428,0.7558659161674699
613,1.8177694669542404,0.46301083884073313,0.6464533193168428,0.7558659136441638
614,2.008647098441741,0.20556401759400406,0.6537407900236455,0.7558660833277656
615,1.8029975535163423,0.4563131535637186,0.6537407900236455,0.7558660792563887
616,2.0114037055181964,0.2201417556879449,0.6631226713255498,0.7558662691273804
617,1.7880626077858113,0.450871487441774,0.6631226713255498,0.755866263642276
618,2.013368083677884,0.23498108951043506,0.6744780728528179,0.7558664712699273
619,1.7730158373189,0.44675195321777345,0.6744780728528179,0.7558664645025496
620,2.0145353724419555,0.2499860390340533,0.6876688445752696,0.7558666875472114
621,1.757910121978476,0.4440065874558058,0.6876688445752696,0.755866679625687
622,2.014902689257706,0.2650782818982857,0.70254484430027,0.7558669158436909
623,1.7427999060742474,0.4426710631885345,0.70254484430027,0.7558669068924279
624,2.014469127970433,0.2801929773182922,0.7189488686220826,0.7558671541401448
625,1.7277410699567393,0.4427630307154935,0.7189488686220826,0.7558671442794896
626,2.013235758340043,0.2952756321546653,0.7367209743750076,0.7558674005165927
627,1.7127907788519845,0.4442812688575124,0.7367209743750076,0.7558673898625327
628,2.0112056266102067,0.3102797589668743,0.7557020443245912,0.7558676531545075
629,1.6980073067723203,0.44720574428130305,0.7557020443245912,0.7558676418184171
630,2.0083837571208405,0.3251651245824366,0.7757365595169509,0.7558679103383623
631,1.6834498334709829,0.4514985719770509,0.7757365595169509,0.755867898426788
632,2.004777154937318,0.3398964354601356,0.7966746202622653,0.7558681704565504
633,1.669178212642137,0.45710576687065907,0.7966746202622653,0.7558681580710406
634,2.000394809451395,0.354442345627891,0.8183733065788891,0.7558684320017214
635,1.6552527099208956,0.46395959569948964,0.8183733065788891,0.755868419238689
636,1.9952476988887178,0.36877470337531176,0.8406974915272007,0.7558686935705766
637,1.641733709725348,0.4719812936478987,0.8406974915272007,0.7558686805212012
638,1.9893487956352411,0.3828679754633169,0.8635202242324626,0.7558689538631627
639,1.6286813906165845,0.4810839054847769,0.8635202242324626,0.7558689406133212
640,1.9827130722691757,0.39669880409900216,0.886722790625873,0.7558692116817028
641,1.6161553696394415,0.49117503996907913,0.886722790625873,0.7558691983119361
642,1.9753575081554875,0.41024566386750716,0.9101945448688754,0.7558694659290102
643,1.604214317044426,0.5021593768866697,0.9101945448688754,0.7558694525145163
644,1.967301096425634,0.4234885944490398,0.93383258724416,0.7558697156065141
645,1.592915543867846,0.5139408246192971,0.93383258724416,0.7558697022171695
646,1.9585648511253193,0.43640899120422655,0.9575413476149985,0.7558699598119486
647,1.5823145660379978,0.5264242813142782,0.9575413476149985,0.7558699465123517
648,1.9491718142667336,0.4489894402583904,0.981232118771511,0.7558701977367285
649,1.5724646499417745,0.5395169974083057,0.981232118771511,0.7558701845862703
650,1.9391470624680724,0.4612135880384575,1.0048225716582415,0.755870428663055
651,1.5634163456753243,0.5531295686263116,1.0048225716582415,0.7558704157160071
652,1.9285177128012547,0.47306603765916677,1.0282362746572953,0.755870651960786
653,1.5552170154479428,0.5671766070459198,1.0282362746572953,0.7558706392664095
654,1.917312927397736,0.4845322663629022,1.0514022315547653,0.7558708670841
655,1.5479103657328661,0.5815771456882427,1.0514022315547653,0.7558708546867698
656,1.9055639162813758,0.4955985595640492,1.0742544471972535,0.755871073567988
657,1.5415359926782686,0.5962548323423018,1.0742544471972535,0.7558710615073331
658,1.8933039378056906,0.5062519580587981,1.0967315257790033,0.7558712710246038
659,1.5361289509225382,0.6111379637988766,1.0967315257790033,0.7558712593356619
660,1.88056829596999,0.516480215724108,1.1187763038449823,0.7558714591395004
661,1.5317193562232847,0.6261594046657487,1.1187763038449823,0.7558714478528793
662,1.8673943337745305,0.5262717656095481,1.1403355181568335,0.7558716376677785
663,1.528332032148668,0.6412564271097024,1.1403355181568335,0.7558716268098331
664,1.8538214216490336,0.5356156927697033,1.1613595073073542,0.7558718064301732
665,1.5259862104554995,0.6353526370309086,1.1613595073073542,0.7558717960231873
666,1.8398909398522474,0.5445017125269153,1.1818019451968786,0.7558719653091054
667,1.5246952936845388,0.6203502381560609,1.1818019451968786,0.7558719553714834
668,1.8256462535938989,0.5407348611143495,1.2016196040579323,0.7558721142447198
669,1.5244666869672994,0.6052660167356,1.2016196040579323,0.755872104791178
670,1.811132679476522,0.5297574108672425,1.2207721445253554,0.7558722532309209
671,1.525301704123554,0.5901509977799825,1.2207721445253554,0.7558722442726893
672,1.796397441696264,0.5196556640215882,1.2392219302191607,0.7558723823114462
673,1.5271955509294988,0.5750602242229282,1.2392219302191607,0.7558723738564673
674,1.781489616283398,0.5105195912270196,1.2569338643799965,0.7558725015759681
675,1.5301373860730438,0.5600530845022827,1.2569338643799965,0.7558724936291026
676,1.7664600615106738,0.502436139933478,1.2738752462322165,0.7558726111562684
677,1.5341104579195057,0.5451936370590753,1.2738752462322165,0.755872603719495
678,1.751361332458594,0.4954870604042791,1.290015644919351,0.755872711222475
679,1.5390923129253617,0.530550913526643,1.290015644919351,0.755872704295096
680,1.7362475776106596,0.4897465439868265,1.305326789042397,0.7558728019793935
681,1.545055069487199,0.516199174669947,1.305326789042397,0.7558727955582342
682,1.72117441527029,0.4852788010931137,1.31978247002026,0.7558728836629311
683,1.5519657493043215,0.5022180836166311,1.31978247002026,0.7558728777425384
684,1.7061987875580988,0.48213574286945937,1.3333584576759838,0.7558729565366364
685,1.5597866570439498,0.4886927497830743,1.3333584576759838,0.7558729511094741
686,1.6913787897791233,0.4803549516854463,1.3460324266272863,0.7558730208883497
687,1.568475798270743,0.4757135848165825,1.3460324266272863,0.7558730159449893
688,1.676773473061552,0.4799581232047453,1.3577838922228402,0.755873077026986
689,1.5779873252453074,0.4633759002812571,1.3577838922228402,0.7558730725562929
690,1.6624426183795236,0.4809501325987356,1.368594154915491,0.7558731252794487
691,1.588272000284793,0.451779168179915,1.368594154915491,0.7558731212687622
692,1.6484464804005432,0.4833188212230716,1.3784462521001317,0.7558731659876763
693,1.5992776668610724,0.44102586342074707,1.3784462521001317,0.7558731624229873
694,1.6348455000595148,0.48703552626172353,1.3873249165676431,0.7558731995058429
695,1.6109497194175473,0.4312198168177403,1.3873249165676431,0.7558731963719607
696,1.6216999853694685,0.49205629780419613,1.3952165408380213,0.7558732261976933
697,1.623231563932504,0.4224640334283844,1.3952165408380213,0.7558732234784103
698,1.6090697607417903,0.4983236801255448,1.4021091467365905,0.7558732464340361
699,1.6360650624604514,0.4148579782322366,1.4021091467365905,0.7558732441122813
700,1.5970137860063427,0.5057688882040619,1.4079923596682005,0.7558732605903793
701,1.6493909561622064,0.4084944002367301,1.4079923596682005,0.7558732586483672
702,1.585589747384513,0.5143141924212277,1.4128573871266459,0.7558732690447226
703,1.6631492626181024,0.40345585186588656,1.4128573871266459,0.7558732674640939
704,1.57485362385381,0.5238753329241508,1.416697001051458,0.7558732721754954
705,1.6772796444476161,0.3998111496820733,1.416697001051458,0.7558732709374516
706,1.564859233615041,0.5343638139938623,1.4195055237127345,0.7558732703596492
707,1.6917217473881685,0.3976120942999825,1.4195055237127345,0.7558732694450774
708,1.5556577666814775,0.5456889690545973,1.4212788168679586,0.7558732639708948
709,1.7064155069854479,0.3968907978520269,1.4212788168679586,0.7558732633604843
710,1.547297310888733,0.5577597299100151,1.4220142739937112,0.7558732533780846
711,1.7213014238999818,0.39765793767922397,1.4220142739937112,0.7558732530524415
712,1.5398223797975017,0.5704860726580071,1.4217108154508964,0.7558732389437443
713,1.736320808533964,0.39990216031294584,1.4217108154508964,0.7558732388834888
714,1.5332734519442073,0.5837801435596802,1.4203688864953794,0.7558732210227355
715,1.7514159962315814,0.4035907149783265,1.4203688864953794,0.7558732212086007
716,1.5276865316008157,0.5975570895709232,1.417990458097781,0.7558731999610626
717,1.766530534715077,0.408671232451864,1.417990458097781,0.7558732003739809
718,1.5230927415542235,0.5948456858459594,1.4145790305873653,0.7558731760948084
719,1.781609345701812,0.41507442141444434,1.4145790305873653,0.7558731767159903
720,1.5195179583418479,0.5895755399491032,1.4101396401864417,0.7558731497491956
721,1.7965988628213814,0.4227173617174331,1.4101396401864417,0.7558731505602034
722,1.516982499840102,0.5837901095522547,1.4046788685542544,0.7558731212377758
723,1.8114471480341652,0.43150704631353953,1.4046788685542544,0.7558731222205888
724,1.5155008740831715,0.5774954078972308,1.3982048555139552,0.7558730908617316
725,1.8261039887610029,0.4413438557101993,1.3982048555139552,0.755873091998806
726,1.5150815967123294,0.5706980107631865,1.3907273151937198,0.7558730589092956
727,1.8405209778842861,0.4521247215075025,1.3907273151937198,0.7558730601836143
728,1.515727082578602,0.5634050601083258,1.3822575558744523,0.755873025655273
729,1.8546515786884148,0.4637458249505294,1.3822575558744523,0.7558730270503932
730,1.517433614835113,0.5556242688434253,1.3728085039027211,0.7558729913606689
731,1.8684511766849816,0.4761047618352599,1.3728085039027211,0.7558729928607603
732,1.520191392478117,0.5473639270159418,1.3623947320997014,0.75587295627241
733,1.8818771201259858,0.4891021735550068,1.3623947320997014,0.7558729578622884
734,1.5239846548630176,0.5386329097445878,1.351032493176003,0.7558729206231568
735,1.8948887508556116,0.502642890589694,1.351032493176003,0.7558729222883117
736,1.528791879374002,0.5294406873200728,1.3387397587495262,0.7558728846312007
737,1.9074474269945378,0.516636660364886,1.3387397587495262,0.7558728863578182
738,1.5345860462960015,0.5197973379823498,1.3255362646600555,0.7558728485004398
739,1.9195165387957365,0.5309985404551066,1.3255362646600555,0.7558728502754191
740,1.5413349631387747,0.5097135640035333,1.3114435633813297,0.7558728124204289
741,1.9310615188611078,0.5456490358500713,1.3114435633813297,0.7558728142313957
742,1.5490016392794608,0.4992007118557975,1.296485084449935,0.7558727765664959
743,1.9420498477668577,0.5605140502273097,1.296485084449935,0.7558727784018083
744,1.5575447008719692,0.48827079743437146,1.2806862039614504,0.7558727410999194
745,1.9524510560139903,0.5755247095350643,1.2806862039614504,0.755872742948674
746,1.566918835532946,0.4769365375497813,1.2640743243285413,0.7558727061681659
747,1.9622367230996483,0.5906171041195464,1.2640743243285413,0.7558727080201957
748,1.5770752563346562,0.46521138921749666,1.2466789656531814,0.7558726719051744
749,1.9713804743956984,0.6057319845353383,1.2466789656531814,0.7558726737510465
750,1.5879621750663164,0.45310959867981854,1.2285318702353427,0.7558726384316914
751,1.9798579764228745,0.6208144367139456,1.2285318702353427,0.7558726402626978
752,1.5995252754974705,0.44064626262493983,1.2096671219212927,0.7558726058556412
753,1.9876469310215918,0.6358135545090341,1.2096671219212927,0.7558726076637903
754,1.6117081784076681,0.42783740476371807,1.190121282182426,0.7558725742725377
755,1.9947270688436123,0.6506821216901709,1.190121282182426,0.7558725760505408
756,1.6244528913495306,0.4147000718436627,1.1699335450037422,0.7558725437659252
757,2.001080142521359,0.6653763109925982,1.1699335450037422,0.7558725455071799
758,1.637700237403865,0.4012524544020272,1.1491459128393813,0.755872514407845
759,2.0066899198129846,0.6798554045803681,1.1491459128393813,0.7558725161064189
760,1.6513902584912101,0.3875140391970762,1.1278033960449543,0.755872486259327
761,2.0115421769704325,0.6940815379843831,1.1278033960449543,0.7558724879099359
762,1.6654625900618978,0.37350580246429127,1.105954238299125,0.7558724593708988
763,2.0156246925338053,0.7080194680076994,1.105954238299125,0.7558724609688872
764,1.6798568051487053,0.35925045614095885,1.0836501705454264,0.7558724337831078
765,2.0189272417174715,0.7216363640599619,1.0836501705454264,0.7558724353244247
766,1.694512726799392,0.34477276329548195,1.0609466958705236,0.7558724095270581
767,2.021441591520684,0.7349016217422928,1.0609466958705236,0.7558724110082317
768,1.7093707087915233,0.3300999446185791,1.0379034074182847,0.75587238662495
769,2.0231614966672047,0.747786697139222,1.0379034074182847,0.7558723880430634
770,1.7243718852615204,0.3152622055860789,1.0145843408255346,0.7558723650906279
771,2.0240826964537537,0.7602649600999372,1.0145843408255346,0.7558723664432921
772,1.739458390455919,0.30029342462193376,0.9910583616275942,0.7558723449301268
773,2.0242029125652756,0.7723115647445616,0.9910583616275942,0.7558723462154535
774,1.7545735502446418,0.28523205740244945,0.9673995864509419,0.7558723261422178
775,2.023521847895348,0.7685944092328861,0.9673995864509419,0.7558723273587926
776,1.7696620473377718,0.2701223328018091,0.9436878343690095,0.7558723087189511
777,2.0220411863917906,0.7549395359809433,0.9436878343690095,0.7558723098658046
778,1.784670062335743,0.2550158435860838,0.9200091012736692,0.7558722926461898
779,2.019764593930088,0.7409640002440816,0.9200091012736692,0.7558722937227702
780,1.799545392836112,0.23997367136488948,0.89645604518477,0.7558722779041362
781,2.016697720199828,0.7267019200031206,0.89645604518477,0.7558722789102816
782,1.8142375528360013,0.2250692306703095,0.8731284637194449,0.7558722644678483
783,2.0128482015714515,0.7121898377855302,0.8731284637194449,0.7558722654037577
784,1.8286978546247774,0.2103920669496953,0.8501337361056762,0.7558722523077426
785,2.0082256648913988,0.6974669076853545,0.8501337361056762,0.755872253173949
786,1.842879475271728,0.19605288125095938,0.8275871908563394,0.7558722413900811
787,2.002841732132653,0.6825750997345049,0.8275871908563394,0.7558722421874248
788,1.8567375096916685,0.18219003551488389,0.8056123464270518,0.755872231677449
789,1.9967100258039316,0.6675594209043586,0.8056123464270518,0.7558722324070501
790,1.8702290121287621,0.16897761117926785,0.7843409561749708,0.7558722231292083
791,1.989846174993667,0.6524681508622064,0.7843409561749708,0.7558722237924392
792,1.8833130277444174,0.15663453230973406,0.763912771722087,0.7558722157019377
793,1.9822678218936316,0.6373530889774154,0.763912771722087,0.7558722163004006
794,1.8959506158363186,0.1454329456699832,0.7444749224694456,0.7558722093498541
795,1.9739946286108756,0.6222698068337625,0.7444749224694456,0.7558722098853539
796,1.908104866057916,0.13570153047700875,0.7261807970039525,0.7558722040252139
797,1.9650482840345884,0.6072778975087679,0.7261807970039525,0.755872204499735
798,1.9197409088551876,0.12781578732844423,0.709188309651793,0.7558721996786935
799,1.955452510475822,0.5924412089775597,0.709188309651793,0.7558722000943765
800,1.9308259211930963,0.12216486192174264,0.6936574491371799,0.7558721962597519
801,1.9452330697417604,0.5778280440615547,0.6936574491371799,0.7558721966188716
802,1.9413291285097145,0.11908907065828866,0.6797470434820487,0.7558721937169703
803,1.9344177682415278,0.5635113033134752,0.6797470434820487,0.7558721940219143
804,1.9512218037126057,0.11880004076758081,0.6676107418295818,0.7558721919983723
805,1.9230364606465506,0.5495685401908977,0.6676107418295818,0.7558721922516212
806,1.9604772639201449,0.12131872817229065,0.6573923111838058,0.7558721910517229
807,1.9111210515444368,0.5360818901397698,0.6573923111838058,0.7558721912558313
808,1.9690708655500506,0.1264687581735475,0.6492204673330033,0.7558721908248072
809,1.8987054944305608,0.5231378274724506,0.6492204673330033,0.755872190982385
810,1.976979998268091,0.13392953598752402,0.6432035867477165,0.7558721912656878
811,1.8858257872756181,0.5108266973751393,0.6432035867477165,0.7558721913793833
812,1.9841840782311597,0.14331590475951067,0.6394247518171299,0.7558721923229421
813,1.8725199637901286,0.4992419668356866,0.6394247518171299,0.7558721923954262
814,1.9906645409899248,0.154245944136051,0.6379376322993516,0.7558721939458798
815,1.8588280793785472,0.4884791402106895,0.6379376322993516,0.7558721939798307
816,1.9964048343561729,0.1663800216295954,0.6387636739302803,0.7558721960847394
817,1.8447921906369995,0.4786342954835897,0.6387636739302803,0.7558721960828297
818,2.001390411487966,0.17943443927594407,0.6418909414777799,0.7558721986908686
819,1.8304563271012917,0.46980221889867213,0.6418909414777799,0.7558721986557523
820,2.0056087244008287,0.19318001119304726,0.6472747649946136,0.7558722017168829
821,1.815866453798076,0.462074150530704,0.6472747649946136,0.7558722016511824
822,2.009049218074538,0.20743425986820943,0.6548401057656353,0.755872205116806
823,1.8010704229954846,0.45553520117467067,0.6548401057656353,0.7558722050231024
824,2.0117033252918506,0.2220522357527022,0.6644853452348469,0.7558722088461979
825,1.7861179133949687,0.4502615578428549,0.6644853452348469,0.7558722087270203
826,2.013564462316753,0.23691817280786034,0.6760870521973448,0.7558722128622579
827,1.771060354859992,0.4463176528695063,0.6760870521973448,0.755872212720076
828,2.0146280254948956,0.2519386613063679,0.6895052252528502,0.755872217123918
829,1.7559508366477496,0.44375351797569573,0.6895052252528502,0.755872216961134
830,2.0148913888368747,0.26703733906379323,0.7045885366668767,0.7558722215919205
831,1.7408439970074292,0.4426025659515829,0.7045885366668767,0.755872221410861
832,2.0143539026253365,0.282150865916796,0.7211791969697412,0.7558722262288774
833,1.7257958919447847,0.44288002779614183,0.7211791969697412,0.7558722260317876
834,2.0130168930687473,0.2972259056263349,0.7391171841149368,0.7558722309993179
835,1.7108638409421584,0.4445822183779992,0.7391171841149368,0.7558722307883587
836,2.0108836630074167,0.3122168707984279,0.7582437063963842,0.7558722358697245
837,1.6961062474813857,0.44768671537478044,0.7582437063963842,0.7558722356469655
838,2.007959493660335,0.3270842358463671,0.7784038736291795,0.7558722408085549
839,1.681582392361543,0.4521534306386819,0.7784038736291795,0.7558722405759712
840,2.004251647383914,0.3417932699100198,0.7994486265947767,0.7558722457862521
841,1.6673521980518862,0.4579264518342995,0.7994486265947767,0.7558722455457224
842,1.999769371395126,0.3563130799485279,0.8212360198592793,0.755872250775246
843,1.653475962689925,0.4649364554528959,0.8212360198592793,0.7558722505285504
844,1.9945239023911274,0.3706158835181189,0.8436319727631975,0.7558722557499428
845,1.640014062840445,0.4731034528713123,0.8436319727631975,0.7558722554987595
846,1.988528471974565,0.3846764524427077,0.8665106047927608,0.7558722606867062
847,1.6270266247849114,0.48233963127176377,0.8665106047927608,0.7558722604326129
848,1.9817983127675813,0.3984716844008374,0.8897542616595508,0.7558722655638311
849,1.6145731649172952,0.4925520838274886,0.8897542616595508,0.7558722653083039
850,1.9743506650673677,0.41198027090477785,0.913253322875529,0.7558722703615093
851,1.6027122007790586,0.5036452759382142,0.913253322875529,0.7558722701059222
852,1.9662047838611116,0.4251824384290435,0.9369058643751068,0.7558722750617857
853,1.5915008353591156,0.5155231529599957,0.9369058643751068,0.7558722748074115
854,1.957381945977489,0.438059745445817,0.9606172332425118,0.755872279648514
855,1.580994318487695,0.5280908489875216,0.9606172332425118,0.7558722793965259
856,1.9479054571046388,0.45059492248957483,0.9842995771205462,0.7558722841073016
857,1.5712455904258094,0.5412559992822545,0.9842995771205462,0.7558722838587741
858,1.9378006583498697,0.46277174556519846,1.0078713588826178,0.755872288425451
859,1.5623048140396347,0.5549296885567984,1.0078713588826178,0.755872288181363
860,1.9270949319533348,0.4745749355623538,1.0312568776414337,0.7558722925919004
861,1.554218903183505,0.5690270842656925,1.0312568776414337,0.7558722923531359
862,1.915817705695643,0.485990078078153,1.0543858098918486,0.7558722965971552
863,1.5470310560179275,0.5834678107624234,1.0543858098918486,0.7558722963645065
864,1.904000455457097,0.49700355934687945,1.0771927791868199,0.7558723004332206
865,1.5407803028758351,0.5981761196571512,1.0771927791868199,0.7558723002073917
866,1.8916767052931835,0.5076025149490747,1.0996169588547624,0.7558723040935326
867,1.5355010788777121,0.613080906740823,1.0996169588547624,0.7558723038751413
868,1.8788820242866187,0.5177747887081563,1.12160170954582,0.7558723075728814
869,1.531222831709287,0.6281156186512693,1.12160170954582,0.7558723073624636
870,1.8656540193204045,0.5275088997427609,1.1430942515564098,0.7558723108673412
871,1.5279696747560059,0.6432180846117027,1.1430942515564098,0.7558723106653527
872,1.852032322789104,0.5367940160720477,1.164045370693212,0.7558723139741922
873,1.5257600951030388,0.6334117834205778,1.164045370693212,0.7558723137810139
874,1.838058574127517,0.5456199335020618,1.1844091557175658,0.7558723168918462
875,1.5246067247558341,0.6183960098160262,1.1844091557175658,0.755872316707788
876,1.8237763938885267,0.5392646103049054,1.2041427650204835,0.755872319619772
877,1.524516181846659,0.6033048228633883,1.2041427650204835,0.7558723194450744
878,1.8092313489471983,0.5283956685221582,1.2232062200139193,0.7558723221584179
879,1.5254889866345782,0.5881897507381028,1.2232062200139193,0.7558723219932585
880,1.7944709072495928,0.5184142098728638,1.2415622227101162,0.7558723245091403
881,1.5275195548785945,0.5731063817525115,1.2415622227101162,0.755872324353635
882,1.779544380366719,0.5094099261299644,1.2591759950435375,0.7558723266741261
883,1.5305962687885326,0.558114692337953,1.2591759950435375,0.7558723265283358
884,1.764502851962791,0.5014692177033204,1.2760151376308881,0.7558723286563246
885,1.5347016233713715,0.5432793699520339,1.2760151376308881,0.7558723285202565
886,1.7493990901502665,0.49467298958670924,1.2920495058374966,0.7558723304593744
887,1.5398124437287433,0.5286701117825727,1.2920495058374966,0.7558723303329866
888,1.7342874415919405,0.4890942737368384,1.307251101204972,0.7558723320875348
889,1.545900166849708,0.5143618721744151,1.307251101204972,0.7558723319707407
890,1.7192237051344652,0.4847958106188509,1.3215939764837505,0.7558723335456186
891,1.5529311797849539,0.500435021957923,1.3215939764837505,0.7558723334382911
892,1.7042649827320324,0.4818277577052298,1.3350541526974347,0.7558723348389289
893,1.560867204857377,0.48697537154578885,1.3350541526974347,0.7558723347409024
894,1.6894695054593947,0.48022571121974217,1.3476095468392937,0.7558723359731945
895,1.5696657217981034,0.474073997545888,1.3476095468392937,0.7558723358842704
896,1.6748964325371802,0.4800092215693492,1.3592399089625158,0.7558723369545126
897,1.5792804163997896,0.461826801263982,1.3592399089625158,0.7558723368744608
898,1.6606056215176668,0.4811809490784984,1.3699267675738667,0.7558723377892885
899,1.5896616454220143,0.45033371946317946,1.3699267675738667,0.7558723377178521
900,1.6466573681236067,0.4837265475090671,1.3796533823752195,0.7558723384841834
901,1.6007569080122277,0.4396975069604151,1.3796533823752195,0.7558723384210817
902,1.6331121147125085,0.4876152876640233,1.3884047035195048,0.7558723390460619
903,1.6125113147473473,0.43002202199820927,1.3884047035195048,0.755872338990993
904,1.6200301269666368,0.4928013558774811,1.396167336657869,0.7558723394819417
905,1.6248680464730643,0.421409974073215,1.396167336657869,0.7558723394345868
906,1.6074711391919871,0.4992256967971375,1.4029295131542796,0.7558723397989492
907,1.6377687963356835,0.4139601439953115,1.4029295131542796,0.7558723397589742
908,1.595493969546703,0.5068182275429592,1.4086810649336035,0.7558723400042745
909,1.6511541896850115,0.40776415765169527,1.4086810649336035,0.7558723399713343
910,1.5841561075995354,0.515500235883293,1.4134134035105215,0.7558723401051333
911,1.6649641778063473,0.40290298209306774,1.4134134035105215,0.7558723400788726
912,1.573513277818154,0.5251867866836502,1.4171195028206531,0.7558723401087263
913,1.6791384026578677,0.3994434008002951,1.4171195028206531,0.7558723400887832
914,1.5636189838673793,0.5357889917543592,1.4197938855430365,0.755872340022207
915,1.6936165309037279,0.397434792773468,1.4197938855430365,0.755872340008215
916,1.55452403990596,0.5472160393261654,1.4214326126657921,0.7558723398526487
917,1.708338556514392,0.3969065636229564,1.4214326126657921,0.7558723398442381
918,1.5462760963406565,0.559376922127662,1.4220332761052645,0.7558723396070147
919,1.7232450720383434,0.39786653860949894,1.4220332761052645,0.7558723396038162
920,1.538919168649948,0.5721818410232339,1.4215949942442856,0.7558723392921339
921,1.738277509328788,0.40030052519941517,1.4215949942442856,0.7558723392937791
922,1.532493178841509,0.5855432908026287,1.420118410308263,0.7558723389146738
923,1.7533783510393273,0.4041731033989675,1.420118410308263,0.7558723389207971
924,1.527033519771759,0.599008012374648,1.417605693549482,0.7558723384811213
925,1.768491314594351,0.4094295391459609,1.417605693549482,0.7558723384913623
926,1.5225706528533838,0.594190744171217,1.4140605432612232,0.7558723379977642
927,1.7835615106077627,0.4159985774888993,1.4140605432612232,0.7558723380117687
928,1.5191297495442921,0.5888534133764903,1.4094881956948302,0.7558723374706731
929,1.798535577884564,0.4237957876375482,1.4094881956948302,0.755872337488094
930,1.516730386409364,0.5830015459973409,1.403895434005686,0.7558723369056881
931,1.813361797211581,0.4327271127355158,1.403895434005686,0.7558723369261875
932,1.5153863024656538,0.5766412281498853,1.397290601408944,0.7558723363084074
933,1.8279901861435353,0.44269231585986407,1.397290601408944,0.7558723363316561
934,1.515105225988575,0.5697791089042461,1.3896836177838123,0.7558723356841762
935,1.8423725769349049,0.45358808996812466,1.3896836177838123,0.7558723357098561
936,1.5158887760332587,0.5624224040592299,1.3810860000271314,0.7558723350380802
937,1.856462679671072,0.4653106893937537,1.3810860000271314,0.7558723350658846
938,1.517732441706849,0.554578901081985,1.371510886523889,0.7558723343749368
939,1.870216132526577,0.47775802425196073,1.371510886523889,0.7558723344045718
940,1.520625639835135,0.5462569654986301,1.360973066175299,0.7558723336992956
941,1.883590540934399,0.4908312248450819,1.360973066175299,0.7558723337304784
942,1.5245518492373396,0.5374655490846686,1.3494890125051635,0.7558723330154304
943,1.896545507296547,0.5044357268047778,1.3494890125051635,0.755872333047892
944,1.5294888174962953,0.5282142002820104,1.3370769234536437,0.7558723323273417
945,1.9090426527096567,0.5184819508975197,1.3370769234536437,0.755872332360827
946,1.5354088340184218,0.5185130773668611,1.323756767565424,0.7558723316387564
947,1.9210456320247264,0.5328856587023075,1.323756767565424,0.7558723316730237
948,1.5422790614288626,0.5083729650151932,1.3095503373877289,0.7558723309531284
949,1.9325201434114978,0.5475680620178983,1.3095503373877289,0.75587233098795
950,1.5500619160220317,0.4978052950673418,1.2944813110138251,0.7558723302736428
951,1.9434339334577209,0.5624557545302826,1.2944813110138251,0.7558723303088052
952,1.558715487132059,0.486822172490204,1.2785753228404249,0.7558723296032188
953,1.953756798703389,0.5774805224627926,1.2785753228404249,0.7558723296385219
954,1.568193984910396,0.47543640778757695,1.26186004475336,0.7558723289445156
955,1.963460584390846,0.5925790789274312,1.26186004475336,0.755872328979774
956,1.5784482060750147,0.46366155743378046,1.244365279115129,0.7558723282999386
957,1.972519181103801,0.6076927557880986,1.244365279115129,0.7558723283349809
958,1.5894260076753628,0.4515119743264658,1.2261230650995634,0.7558723276716452
959,1.9809085198716483,0.6227671776149096,1.2261230650995634,0.7558723277063125
960,1.6010727797276803,0.4390028708034286,1.2071678001008481,0.7558723270615535
961,1.9886065662296422,0.6377519348836999,1.2071678001008481,0.7558723270957007
962,1.6133319086331666,0.4261503974891749,1.187536378132392,0.7558723264713497
963,1.9955933136498551,0.6526002678349423,1.187536378132392,0.7558723265048455
964,1.626145224510414,0.4129717421902524,1.1672683473186571,0.7558723259024953
965,2.001850776691615,0.6672687681149139,1.1672683473186571,0.7558723259352226
966,1.6394534268709096,0.3994852543274985,1.1464060887589869,0.7558723253562413
967,2.0073629841625067,0.6817171022097932,1.1464060887589869,0.7558723253880929
968,1.6531964843691014,0.38571060209466934,1.1249950191899407,0.7558723248336313
969,2.012115972531101,0.695907758493927,1.1249950191899407,0.7558723248645148
970,1.6673140056061984,0.3716689718290791,1.1030838199666215,0.7558723243355169
971,2.0160977797894852,0.7098058182240046,1.1030838199666215,0.7558723243653501
972,1.6817455791136908,0.35738332219924634,1.0807246948878542,0.7558723238625638
973,2.019298439926512,0.723378749838604,1.0807246948878542,0.7558723238912757
974,1.6964310816574066,0.34287871007824106,1.0579736592534512,0.7558723234152646
975,2.0217099781406396,0.7365962253235967,1.0579736592534512,0.7558723234427938
976,1.711310954868016,0.32818271083055245,1.0348908621923967,0.7558723229939478
977,2.023326406893462,0.7494299570681766,1.0348908621923967,0.7558723230202448
978,1.7263264509132288,0.3133259638250816,1.0115409436402387,0.7558723225987887
979,2.024143722880778,0.761853553481642,1.0115409436402387,0.7558723226238131
980,1.741419848483592,0.2983428851666131,0.9879934262397349,0.7558723222298199
981,2.024159904976524,0.7738423916074674,0.9879934262397349,0.755872322253542
982,1.7565346407778653,0.2832726050815191,0.9643231407162168,0.7558723218869421
983,2.0233749131854655,0.7668413871891727,0.9643231407162168,0.7558723219093396
984,1.771615697459924,0.26816020859439166,0.9406106807138831,0.7558723215699324
985,2.0217906886224064,0.7531430461554992,0.9406106807138831,0.7558723215909923
986,1.7866094027342057,0.25305838680560316,0.9169428793925517,0.7558723212784583
987,2.0194111545182816,0.7391283401247385,0.9169428793925517,0.755872321298174
988,1.8014637717689168,0.23802964368877022,0.8934132949455048,0.7558723210120828
989,2.0162422182360524,0.7248316918300599,0.8934132949455048,0.7558723210304564
990,1.8161285477033897,0.2231492496839044,0.8701226852411725,0.755872320770278
991,2.012291774261299,0.7102899718415455,0.8701226852411725,0.7558723207873167
992,1.8305552814247406,0.20850918305342173,0.8471794426525648,0.7558723205524326
993,2.0075697081129693,0.6955426878480543,0.8471794426525648,0.75587232056815
994,1.8446973962043338,0.19422333400342442,0.8246999485414529,0.7558723203578607
995,2.002087901098383,0.6806321912483045,0.8246999485414529,0.7558723203722768
996,1.8585102391594361,0.18043421439339818,0.8028087927550304,0.7558723201858123
997,1.9958602358124138,0.6656039002029285,0.8028087927550304,0.7558723201989519
998,1.8719511213607691,0.1673212006790249,0.7816387872544164,0.7558723200354809
999,1.9889026022531877,0.65050653709001,0.7816387872544164,0.7558723200473725
1000,1.8849793482513564,0.15510970271720265,0.7613306857484365,0.7558723199060117
1001,1.98123290439476,0.6353923766058538,0.7613306857484365,0.7558723199166878
1002,1.8975562418830587,0.14407919939156208,0.7420325051822985,0.7558723197965088
1003,1.972871067020313,0.620317498424658,0.7420325051822985,0.7558723198060063
1004,1.9096451563199721,0.13456538875040622,0.7238983338334829,0.755872319706044
1005,1.9638390425765702,0.6053420352256144,0.7238983338334829,0.7558723197144027
1006,1.921211487406256,0.12694802725902746,0.7070865099783574,0.7558723196336625
1007,1.9541608177605145,0.5905304028646856,0.7070865099783574,0.7558723196409247
1008,1.9322226779527576,0.12161404499974043,0.6917570714376603,0.7558723195783901
1009,1.9438624194921803,0.5759514943904948,0.6917570714376603,0.7558723195846012
1010,1.942648219263766,0.11889161739454544,0.6780684170254009,0.7558723195392398
1011,1.932971919861465,0.5616788134353228,0.6780684170254009,0.7558723195444463
1012,1.9524596498032962,0.11897024409350182,0.666173191524765,0.755872319515217
1013,1.92151943956164,0.5477905153587053,0.666173191524765,0.7558723195194673
1014,1.9616305516899162,0.12184422188513114,0.6562135068321792,0.7558723195053264
1015,1.9095371492368454,0.5343693167414675,0.6562135068321792,0.7558723195086696
1016,1.9701365456101712,0.12731445822616058,0.6483157352437879,0.7558723195085748
1017,1.897059268074648,0.5215022261654948,0.6483157352437879,0.7558723195110613
1018,1.9779552846527764,0.135047413394568,0.6425852373092721,0.7558723195239775
1019,1.8841220588673329,0.509280042938111,0.6425852373092721,0.7558723195256584
1020,1.985066447488274,0.14465507485983983,0.639101486975624,0.7558723195505617
1021,1.870763818646879,0.4977965674341683,0.639101486975624,0.7558723195514877
1022,1.9914517312510729,0.15575943501356287,0.6379140978344381,0.7558723195873709
1023,1.8570248638688267,0.48714746957624167,0.6379140978344381,0.7558723195875936
1024,1.9970948444218235,0.16802777685770282,0.639040210465087,0.7558723196334693
1025,1.8429475089803933,0.4774287736187407,0.639040210465087,0.7558723196330389
1026,2.0019814999570107,0.1811837642752997,0.6424635659532151,0.7558723196879424
1027,1.8285760370598116,0.4687349406775891,0.6424635659532151,0.7558723196869095
1028,2.0060994088686512,0.19500477888996925,0.6481353850166386,0.7558723197499032
1029,1.813956661059531,0.4611565670828064,0.6481353850166386,0.7558723197483171
1030,2.0094382744190624,0.2093137279705936,0.6559769393590577,0.7558723198184918
1031,1.7991374740292891,0.4547777659422877,0.6559769393590577,0.7558723198164008
1032,2.0119897870630568,0.2239698913792964,0.6658834948626667,0.7558723198928786
1033,1.784168386541205,0.44967335687514015,0.6658834948626667,0.7558723198903313
1034,2.013747620241738,0.23886075646158886,0.677729169059064,0.7558723199722673
1035,1.7691010493945887,0.4459060458633181,0.677729169059064,0.755872319969309
1036,2.014707427107526,0.25389539592661786,0.6913721990514025,0.7558723200558954
1037,1.7539887595515777,0.44352382103572324,0.6913721990514025,0.75587232005257
1038,2.0148668382384263,0.26899934100473266,0.7066601551703824,0.7558723201430348
1039,1.7388863471563483,0.442557807330523,0.7066601551703824,0.7558723201393859
1040,2.0142254603800867,0.28411070197845456,0.7234347347960051,0.7558723202329944
1041,1.723850041432985,0.44302080299450225,0.7234347347960051,0.7558723202290634
1042,2.012784876236197,0.2991772619184856,0.7415358969474017,0.7558723203251199
1043,1.708937313254449,0.4449066611560846,0.7415358969474017,0.7558723203209471
1044,2.0105486453106307,0.31415430527698723,0.7608052219574789,0.7558723204187942
1045,1.6942066922436065,0.448190588066786,0.7608052219574789,0.7558723204144184
1046,2.007522305787644,0.32900299281215195,0.7810884823087051,0.7558723205134379
1047,1.6797175564242595,0.4528303232927652,0.7810884823087051,0.7558723205088965
1048,2.003713377418897,0.3436891402577076,0.8022374821355164,0.7558723206085108
1049,1.66552989270332,0.45876806798837805,0.8022374821355164,0.7558723206038378
1050,1.9991313653672524,0.3581822952432879,0.8241112643505559,0.7558723207035086
1051,1.6517040268517316,0.4659329549745262,0.8241112643505559,0.7558723206987371
1052,1.9937877649366333,0.37245503518562373,0.8465768012514017,0.7558723207979658
1053,1.6383003221762742,0.4742438201444682,0.8465768012514017,0.7558723207931265
1054,1.9876960670939263,0.38648242970783264,0.8695092840369163,0.755872320891453
1055,1.625378846747698,0.4836120396455816,0.8695092840369163,0.7558723208865749
1056,1.9808717646622875,0.40024162631455207,0.8927921157615483,0.7558723209835779
1057,1.6129990098771112,0.493944233220129,0.8927921157615483,0.7558723209786885
1058,1.9733323590344416,0.4137115290309683,0.9163166963077072,0.7558723210739835
1059,1.601219169507957,0.5051446880159318,0.9163166963077072,0.7558723210691077
1060,1.9650973672188747,0.42687254765473864,0.9399820707082674,0.7558723211623483
1061,1.5900962133000462,0.5171174157760714,0.9399820707082674,0.7558723211575097
1062,1.956188328990339,0.4397064010257502,0.9636944958676499,0.7558723212483838
1063,1.57968511739688,0.5297678092651288,0.9636944958676499,0.7558723212436034
1064,1.9466288138679406,0.45219596190840256,0.987366966556718,0.7558723213318357
1065,1.570038488145564,0.5430039051362664,0.987366966556718,0.7558723213271326
1066,1.9364444275883799,0.46432513414736454,1.0109187298925086,0.7558723214124786
1067,1.5612060933234269,0.556737288323476,1.0109187298925086,0.7558723214078714
1068,1.9256628176777304,0.47607875501561875,1.0342748083127449,0.7558723214901206
1069,1.5532343906473745,0.5708836884955169,1.0342748083127449,0.7558723214856246
1070,1.9143136776516438,0.4874425173471683,1.0573655440438716,0.7558723215645976
1071,1.5461660624214892,0.5853633247080975,1.0573655440438716,0.755872321560227
1072,1.9024287492901917,0.49840290729569614,1.0801261728790557,0.7558723216357724
1073,1.5400395660309585,0.6001010531411017,1.0801261728790557,0.7558723216315398
1074,1.8900418223390911,0.5089471544988877,1.102496431361869,0.7558723217035359
1075,1.534888710533203,0.6150263674389878,1.102496431361869,0.7558723216994522
1076,1.8771887308832298,0.519063192138112,1.1244201988802351,0.7558723217678033
1077,1.5307422697568336,0.6300732938225401,1.1244201988802351,0.7558723217638779
1078,1.8639073455210595,0.5287396249239357,1.1458451744334126,0.755872321828513
1079,1.5276236420403657,0.6451802152928423,1.1458451744334126,0.755872321824754
1080,1.8502375603397445,0.537965703452608,1.166722586716613,0.7558723218856266
1081,1.5255505659958122,0.6314687801817288,1.166722586716613,0.7558723218820395
1082,1.8362212735516033,0.5467313036986976,1.187006935497411,0.7558723219391255
1083,1.5245349004693651,0.6164404429272309,1.187006935497411,0.7558723219357164
1084,1.821902360503892,0.5378069667131081,1.2066557619018696,0.7558723219890101
1085,1.524582475229464,0.6013431625981519,1.2066557619018696,0.7558723219857828
1086,1.8073266376185606,0.5270480855996661,1.225629445087051,0.7558723220353001
1087,1.5256930169133753,0.5862289760110219,1.225629445087051,0.755872322032257
1088,1.7925418156597785,0.5171884438248493,1.2438910227779612,0.7558723220780307
1089,1.5278601525092517,0.5711540224691396,1.2438910227779612,0.7558723220751729
1090,1.7775974405695039,0.5083174217860736,1.2614060332391184,0.7558723221172516
1091,1.5310714902661613,0.5561788719314338,1.2614060332391184,0.7558723221145802
1092,1.762544819961489,0.5005208358541753,1.278142376397327,0.7558723221530278
1093,1.5353087755463077,0.5413688460095109,1.278142376397327,0.7558723221505416
1094,1.747436933230042,0.4938787057674426,1.2940701920076696,0.7558723221854345
1095,1.540548116897467,0.5267943117346091,1.2940701920076696,0.7558723221831334
1096,1.7323283231216204,0.48846286335723643,1.3091617529422106,0.7558723222145605
1097,1.5467602756527035,0.512530919856007,1.3091617529422106,0.7558723222124412
1098,1.717274966547158,0.48433454049952723,1.3233913718692325,0.7558723222405025
1099,1.5539110107584286,0.4986597494599183,1.3233913718692325,0.7558723222385626
1100,1.7023341223950141,0.48154210760698135,1.3367353197730538,0.7558723222633669
1101,1.561961469359667,0.4852673092242269,1.3367353197730538,0.7558723222616028
1102,1.687564154154705,0.48011914969972336,1.3491717549364355,0.7558723222832666
1103,1.570868612966842,0.47244533349436196,1.3491717549364355,0.7558723222816737
1104,1.673024325297488,0.48008305769852344,1.3606806611671443,0.7558723223003221
1105,1.580585668790556,0.46029030025520706,1.3606806611671443,0.7558723222988959
1106,1.6587745655995707,0.4814342751733786,1.3712437941965656,0.7558723223146571
1107,1.5910625960274098,0.44890259076029065,1.3712437941965656,0.7558723223133931
1108,1.6448752069548542,0.4841562789173427,1.380844635311376,0.7558723223264021
1109,1.6022465574535867,0.43838521107367634,1.380844635311376,0.755872322325294
1110,1.6313866877225314,0.4882162953973307,1.3894683513997803,0.7558723223356907
1111,1.6140823875592278,0.4288420091059704,1.3894683513997803,0.7558723223347322
1112,1.6183692253026047,0.49356667842989815,1.3971017607026062,0.755872322342656
1113,1.6265130495522635,0.42037535206794335,1.3971017607026062,0.7558723223418412
1114,1.6058824574356396,0.500146810521225,1.4037333036576458,0.7558723223474347
1115,1.6394800747910163,0.4130832822580336,1.4037333036576458,0.7558723223467578
1116,1.593985053679719,0.5078853514823518,1.4093530183143081,0.7558723223501658
1117,1.6529239794917612,0.4070562433175407,1.4093530183143081,0.7558723223496188
1118,1.5827342996147935,0.5167026471024839,1.4139525198759215,0.7558723223509864
1119,1.6667846548319352,0.40237355736097763,1.4139525198759215,0.7558723223505632
1120,1.5721856575368032,0.5265131252372703,1.417524984000189,0.7558723223500338
1121,1.6810017277765206,0.39909992030754415,1.417524984000189,0.7558723223497272
1122,1.5623923086911746,0.5372275393921376,1.4200651335553531,0.7558723223474411
1123,1.695514891053227,0.39728224608535373,1.4200651335553531,0.7558723223472442
1124,1.5534046834029134,0.5487549616479002,1.4215692285916908,0.755872322343343
1125,1.7102642016646545,0.39694720664755667,1.4215692285916908,0.7558723223432491
1126,1.5452699867201156,0.5610044692062384,1.4220350593459818,0.7558723223378714
1127,1.7251903481384203,0.39809976791295204,1.4220350593459818,0.7558723223378724
1128,1.5380317283200198,0.5738865058766663,1.4214619421515888,0.7558723223311542
1129,1.7402348873759421,0.400722911885754,1.4214619421515888,0.7558723223312437
1130,1.5317292663459592,0.5873139282509277,1.4198507181796185,0.7558723223233172
1131,1.7553404524722631,0.4047785820155085,1.4198507181796185,0.7558723223234884
1132,1.5263973754644007,0.5984122992271756,1.4172037549882117,0.7558723223144829
1133,1.7704509332540879,0.41020972694597296,1.4172037549882117,0.7558723223147281
1134,1.5220658496761708,0.5935272371175818,1.4135249509082066,0.7558723223047674
1135,1.7855116315361799,0.4169431849065827,1.4135249509082066,0.7558723223050805
1136,1.5187591502242286,0.5881227980989832,1.4088197423450943,0.7558723222942851
1137,1.800469393244634,0.424893074625145,1.4088197423450943,0.7558723222946592
1138,1.5164961082759025,0.5822045807455365,1.4030951141301895,0.7558723222831438
1139,1.815272719616988,0.43396434770316367,1.4030951141301895,0.755872322283573
1140,1.5152896909158426,0.5757787440645322,1.3963596131092082,0.7558723222714481
1141,1.8298718596809553,0.4440562022417915,1.3963596131092082,0.7558723222719255
1142,1.5151468373978956,0.5688520104501237,1.3886233652148419,0.7558723222592969
1143,1.8442188861516857,0.4550651368195401,1.3886233652148419,0.7558723222598169
1144,1.516068370636456,0.561431669594958,1.37989809633244,0.7558723222467834
1145,1.8582677567861166,0.46688751397837686,1.37989809633244,0.7558723222473401
1146,1.5180489866695637,0.5535255836008068,1.3701971573355678,0.7558723222339964
1147,1.871974363104381,0.4794215842874145,1.3701971573355678,0.7558723222345846
1148,1.5210773224209002,0.5451421935816058,1.3595355537420226,0.7558723222210197
1149,1.8852965682426508,0.49256898499568624,1.3595355537420226,0.7558723222216341
1150,1.5251360996637702,0.5362905281169101,1.3479299805220093,0.7558723222079311
1151,1.8981942355474124,0.5062357680978551,1.3479299805220093,0.7558723222085671
1152,1.5302023407868817,0.5269802139940298,1.3353988626797568,0.7558723221948046
1153,1.9106292493645927,0.5203330334704215,1.3353988626797568,0.7558723221954566
1154,1.5362476499078608,0.517221489777451,1.3219624023289964,0.7558723221817067
1155,1.922565529322999,0.5347772483439867,1.3219624023289964,0.755872322182371
1156,1.5432385511826032,0.5070252228703452,1.3076426330926936,0.7558723221687008
1157,1.9339690392638365,0.5494903300088988,1.3076426330926936,0.7558723221693731
1158,1.55113687489259,0.4964029308926537,1.2924634827791641,0.7558723221558443
1159,1.944807791829062,0.5643995588324583,1.2924634827791641,0.75587232215652
1160,1.5599001810988593,0.48536680840350455,1.2764508454211811,0.7558723221431894
1161,1.9550518495925573,0.5794373767268806,1.2764508454211811,0.7558723221438655
1162,1.5694822103351076,0.47392976025610517,1.259632663912376,0.7558723221307841
1163,1.9646733235003786,0.5945411142907067,1.259632663912376,0.7558723221314574
1164,1.5798333509452596,0.4621054432088501,1.242039024636133,0.7558723221186723
1165,1.9736463692799568,0.6096526791351893,1.242039024636133,0.7558723221193389
1166,1.5909011131978734,0.44990831785175894,1.223702265655332,0.7558723221068939
1167,1.9819471823828916,0.6247182289098643,1.223702265655332,0.7558723221075514
1168,1.6026306011571543,0.43735371347582264,1.2046571002143664,0.7558723220954827
1169,1.9895539919415242,0.639687845345555,1.2046571002143664,0.7558723220961289
1170,1.614964974374017,0.42445790926010846,1.1849407574935062,0.755872322084468
1171,1.996447054145096,0.6545152200958815,1.1849407574935062,0.7558723220851005
1172,1.6278458926942343,0.4112382361404209,1.164593142742504,0.7558723220738748
1173,2.0026086453762546,0.669157359035287,1.164593142742504,0.7558723220744913
1174,1.6412139387826803,0.3977132050411591,1.1436570190936712,0.7558723220637247
1175,2.0080230553920857,0.683574308693092,1.1436570190936712,0.7558723220643234
1176,1.6550090142613458,0.3839026689201653,1.1221782134967921,0.7558723220540349
1177,2.0126765807848876,0.6977289064162486,1.1221782134967921,0.755872322054614
1178,1.669170706595633,0.369828028464811,1.1002058493029099,0.7558723220448191
1179,2.0165575189156066,0.7115865544405519,1.1002058493029099,0.7558723220453776
1180,1.6836386249946094,0.35551249452498335,1.0777926080133775,0.7558723220360881
1181,2.019656162476433,0.7251150171336059,1.0777926080133775,0.7558723220366242
1182,1.6983527045870022,0.3409814248106656,1.0549950225508689,0.7558723220278487
1183,2.0219647948075985,0.7382842401135837,1.0549950225508689,0.7558723220283615
1184,1.7132534789797325,0.3262627584897662,1.0318738040254645,0.7558723220201062
1185,2.023477686066139,0.7510661896397216,1.0318738040254645,0.7558723220205944
1186,1.7282823219949475,0.31138758075344874,1.0084942032590951,0.7558723220128637
1187,2.0241910903205427,0.7634347105345521,1.0084942032590951,0.7558723220133275
1188,1.7433816599189866,0.2963908610764259,0.9849264071579746,0.7558723220061211
1189,2.0241032436239843,0.7753654008765137,0.9849264071579746,0.7558723220065602
1190,1.7584951559932602,0.2813124249993907,0.9612459682044939,0.7558723219998745
1191,2.023214363099624,0.7650824247393447,0.9612459682044939,0.755872322000288
1192,1.7735678691476018,0.26619824133300857,0.9375342626461557,0.7558723219941181
1193,2.0215266470534488,0.7513411586429944,0.9375342626461557,0.7558723219945058
1194,1.7885463891386288,0.25110213644874596,0.913878969103643,0.7558723219888441
1195,2.0190442761127714,0.7372878634497309,0.913878969103643,0.7558723219892061
1196,1.8033789503271382,0.23608808613909252,0.8903745539662641,0.7558723219840426
1197,2.0157734153710174,0.7229572695350107,0.8903745539662641,0.7558723219843794
1198,1.8180155263272286,0.2212332828022698,0.8671227427216983,0.7558723219797028
1199,2.0117222175012586,0.7083865786945774,0.8671227427216983,0.7558723219800143
1200,1.8324079077021806,0.20663222487561506,0.8442329469216487,0.7558723219758113
1201,2.0069008267813158,0.6936156556883903,0.8442329469216487,0.7558723219760984
1202,1.8465097647828173,0.19240210471490654,0.82182260455827,0.7558723219723554
1203,2.001321383951551,0.6786872370377081,0.82182260455827,0.7558723219726174
1204,1.8602766975558551,0.17868972373223016,0.8000173772066174,0.7558723219693191
1205,1.9949980318019152,0.663647156093594,0.8000173772066174,0.755872321969557
1206,1.8736662744232289,0.1656799105456144,0.7789511308361948,0.7558723219666862
1207,1.987946921356699,0.6485445821290633,0.7789511308361948,0.7558723219669005
1208,1.8866380614772136,0.15360470255903708,0.7587656099534688,0.7558723219644401
1209,1.9801862184929684,0.6334322694329622,0.7587656099534688,0.7558723219646319
1210,1.8991536437771561,0.14275095882693625,0.7396096991087688,0.7558723219625635
1211,1.9717361107910152,0.6183668099633645,0.7396096991087688,0.7558723219627331
1212,1.9111766399569043,0.13346120710927017,0.7216381557021383,0.7558723219610377
1213,1.9626188143714798,0.6034088799010715,0.7216381557021383,0.7558723219611865
1214,1.9226727113414084,0.1261188470138433,0.7050096990490498,0.7558723219598452
1215,1.9528585804232468,0.5886234662824376,0.7050096990490498,0.7558723219599734
1216,1.9336095666089876,0.12110746249541234,0.6898843597764283,0.7558723219589687
1217,1.9424817010678483,0.5740800546715388,0.6898843597764283,0.7558723219590773
1218,1.943956962904125,0.11874168427657646,0.676420037972759,0.7558723219583902
1219,1.9315165141390829,0.5598527525252011,0.676420037972759,0.7558723219584802
1220,1.9536867041852115,0.1191878751245295,0.6647682931813146,0.7558723219580906
1221,1.9199934063800557,0.5460203156426033,0.6647682931813146,0.7558723219581627
1222,1.9627726374827694,0.12241370472965445,0.6550694939185779,0.7558723219580508
1223,1.907944814473042,0.5326660372749291,0.6550694939185779,0.7558723219581058
1224,1.9711906476461876,0.12819841356992503,0.6474475794661888,0.7558723219582516
1225,1.8954052232199554,0.519877451903562,0.6474475794661888,0.7558723219582912
1226,1.9789186510705064,0.13619691955572685,0.6420048115610963,0.7558723219586742
1227,1.8824111600823266,0.5077457997242383,0.6420048115610963,0.7558723219586991
1228,1.9859365888186278,0.14601945836219282,0.6388169880579087,0.7558723219593002
1229,1.8690011851694994,0.4963651954899801,0.6388169880579087,0.7558723219593113
1230,1.9922264194877366,0.15729252017197967,0.6379296218563674,0.7558723219601113
1231,1.8552158756326578,0.4858314491830641,0.6379296218563674,0.7558723219601098
1232,1.9977721121108172,0.1696904748678695,0.6393555325603368,0.7558723219610903
1233,1.841097803281208,0.4762404989933295,0.6393555325603368,0.7558723219610768
1234,2.0025596393340797,0.18294429206875376,0.6430741525142579,0.755872321962219
1235,1.826691504088736,0.46768644202967824,0.6430741525142579,0.7558723219621947
1236,2.006576971067913,0.1968377770009649,0.6490326368559444,0.7558723219634816
1237,1.8120434381008825,0.4602591865785351,0.6490326368559444,0.7558723219634473
1238,2.0098140687718358,0.21119906516561218,0.6571486347787606,0.7558723219648616
1239,1.7972019381008963,0.45404180044697023,0.6571486347787606,0.7558723219648185
1240,2.012262880501894,0.225891527719563,0.6673143791501043,0.7558723219663435
1241,1.7822171452355684,0.44910768801572387,0.6673143791501043,0.755872321966292
1242,2.013917336821317,0.24080579400479712,0.6794016256503996,0.7558723219679123
1243,1.7671409296616094,0.445517784680085,0.6794016256503996,0.7558723219678538
1244,2.0147733476510985,0.25585333318991993,0.6932669382487142,0.7558723219695538
1245,1.7520267941489716,0.44331799849959347,0.6932669382487142,0.755872321969489
1246,2.014828800115886,0.2709615049645963,0.7087568664562995,0.7558723219712553
1247,1.7369297584837922,0.4425371416543833,0.7087568664562995,0.7558723219711844
1248,2.014083557421316,0.286069821433636,0.7257126643412828,0.7558723219730028
1249,1.7219062224622679,0.44318556910111906,0.7257126643412828,0.7558723219729271
1250,2.012539458781098,0.3011271486586002,0.7439743286316484,0.7558723219747844
1251,1.7070138052724153,0.4452546772864912,0.7439743286316484,0.7558723219747049
1252,2.010200320395025,0.31608961575653644,0.7633838549546849,0.7558723219765894
1253,1.6923111591396798,0.4487173210963723,0.7633838549546849,0.7558723219765066
1254,2.0070719374620087,0.33091904939872413,0.7837877093377603,0.755872321978407
1255,1.6778577552821257,0.4535291005801436,0.7837877093377603,0.7558723219783211
1256,2.003162087194526,0.34558179646620046,0.8050385794684762,0.755872321980227
1257,1.6637136404992008,0.45963037233029674,0.8050385794684762,0.7558723219801387
1258,1.998480532781886,0.3600478335064253,0.8269965081040299,0.7558723219820404
1259,1.6499391631216926,0.4669487725177552,0.8269965081040299,0.7558723219819504
1260,1.9930390282287314,0.37429008879494974,0.8495295252534878,0.7558723219838387
1261,1.6365946675938288,0.47540200963221796,0.8495295252534878,0.7558723219837474
1262,1.9868513239715102,0.3882839228139245,0.8725138936067548,0.7558723219856138
1263,1.6237401576515913,0.484900694537561,0.8725138936067548,0.7558723219855222
1264,1.9799331731485301,0.40200672750930466,0.8958340698574477,0.7558723219873594
1265,1.6114349289075653,0.49535101450681324,0.8958340698574477,0.7558723219872676
1266,1.9723023383678564,0.41543761521627104,0.9193824682729675,0.7558723219890683
1267,1.5997371726465246,0.5066571131487779,0.9193824682729675,0.7558723219889768
1268,1.963978598780904,0.42855717575712216,0.9430590956419892,0.7558723219907348
1269,1.5887035537606942,0.518723096498531,0.9430590956419892,0.7558723219906448
1270,1.9549837572272974,0.4413472857379037,0.9667711106745546,0.755872321992354
1271,1.5783887669792795,0.5314546372275077,0.9667711106745546,0.7558723219922651
1272,1.945341647167484,0.45379095809210857,0.9904323470720063,0.7558723219939216
1273,1.5688450768293292,0.5447601885575397,0.9904323470720063,0.755872321993834
1274,1.9350781390628338,0.46587222286556895,1.0139628281486954,0.7558723219954337
1275,1.560121848045789,0.5585518456256701,1.0139628281486954,0.7558723219953482
1276,1.9242211457976177,0.47757603240763025,1.037288291988966,0.7558723219968867
1277,1.552265074356713,0.5727459060560909,1.037288291988966,0.7558723219968032
1278,1.9128006266624826,0.48888818574425524,1.0603397393702332,0.7558723219982776
1279,1.5453169146244277,0.5872631860375724,1.0603397393702332,0.7558723219981967
1280,1.9008485893339977,0.499795268111664,1.0830530117106232,0.7558723219996044
1281,1.5393152461403645,0.6020291462769277,1.0830530117106232,0.7558723219995256
1282,1.8883990891889242,0.5102846025338266,1.1053684027433115,0.7558723220008651
1283,1.5342932453681926,0.616973876466644,1.1053684027433115,0.7558723220007892
1284,1.8754882251845526,0.520344211012188,1.1272303051534118,0.7558723220020589
1285,1.5302790065353806,0.63203197941984,1.1272303051534118,0.7558723220019854
1286,1.8621541314176007,0.5299627834182815,1.1485868917640507,0.7558723220031832
1287,1.5272952081349218,0.6444527471017838,1.1485868917640507,0.7558723220031133
1288,1.8484369633440487,0.5391296525806856,1.1693898298071452,0.7558723220042362
1289,1.5253588365907922,0.6295237970601563,1.1693898298071452,0.7558723220041692
1290,1.8343788775016634,0.5478303180041098,1.1895940261914808,0.7558723220052173
1291,1.5244809750692818,0.6144837087876519,1.1895940261914808,0.7558723220051539
1292,1.8200240034274042,0.5363629251084517,1.2091574013573032,0.7558723220061268
1293,1.5246666637252866,0.5993812113520547,1.2091574013573032,0.7558723220060666
1294,1.8054184063058423,0.5257156397486928,1.2280406891875146,0.7558723220069663
1295,1.5259148356340433,0.5842688556439005,1.2280406891875146,0.7558723220069093
1296,1.7906100387257464,0.5159793236242374,1.2462072604612584,0.7558723220077361
1297,1.5282183303802963,0.5692033375058644,1.2462072604612584,0.7558723220076828
1298,1.7756486797650732,0.5072430123651288,1.2636229674366526,0.7558723220084377
1299,1.5315639848854037,0.5542458258608646,1.2636229674366526,0.7558723220083879
1300,1.760585859476263,0.4995919005632421,1.2802560073008193,0.7558723220090725
1301,1.535932798685531,0.5394622814634474,1.2802560073008193,0.7558723220090265
1302,1.745474766712412,0.4931050822287891,1.2960768024031641,0.7558723220096427
1303,1.5413001686657763,0.5249237452565859,1.2960768024031641,0.7558723220096008
1304,1.7303701381308672,0.48785314819713316,1.3110578953759742,0.7558723220101508
1305,1.5476361863264114,0.51070656690016,1.3110578953759742,0.7558723220101117
1306,1.715328126146523,0.4838957833970353,1.3251738574342709,0.7558723220105974
1307,1.5549059891046002,0.49689253384433263,1.3251738574342709,0.7558723220105625
1308,1.7004061435970312,0.4812795385222927,1.3384012083279226,0.755872322010986
1309,1.5630701561622742,0.4835688496996783,1.3384012083279226,0.7558723220109542
1310,1.685662682942496,0.48003596346182537,1.3507183465894674,0.7558723220113186
1311,1.5720851384076484,0.4708278985425796,1.3507183465894674,0.7558723220112902
1312,1.6711571079705996,0.4801802768515258,1.3621054888789574,0.7558723220115979
1313,1.5819037123388378,0.45876672099406907,1.3621054888789574,0.7558723220115727
1314,1.6569494162325737,0.48171070517810505,1.3725446173717326,0.7558723220118261
1315,1.5924754475472247,0.4474861213577153,1.3725446173717326,0.7558723220118039
1316,1.6430999708135712,0.4846085604419337,1.382019434266475,0.755872322012006
1317,1.6037471783356831,0.43708932696291447,1.382019434266475,0.755872322011987
1318,1.629669200558196,0.4888390481775922,1.390515322609804,0.7558723220121406
1319,1.615663470816309,0.42768013624364154,1.390515322609804,0.7558723220121245
1320,1.6167172685396864,0.4943527219635445,1.3980193127410137,0.7558723220122328
1321,1.6281670779701924,0.41936052608842583,1.3980193127410137,0.7558723220122185
1322,1.604303709384727,0.5010874403083043,1.4045200537573719,0.7558723220122839
1323,1.6411993763939792,0.41222774488739367,1.4045200537573719,0.7558723220122727
1324,1.592487037041742,0.5089706465324253,1.4100077894878942,0.7558723220122983
1325,1.6547007797468396,0.4063709943182651,1.4100077894878942,0.7558723220122894
1326,1.581324325694414,0.5179217850052787,1.4144743385428287,0.7558723220122774
1327,1.668611125180029,0.40186789205650775,1.4144743385428287,0.755872322012271
1328,1.5708707677466522,0.5278546845034418,1.4179130780783573,0.7558723220122248
1329,1.6828700302259259,0.39878099280854096,1.4179130780783573,0.7558723220122204
1330,1.5611792140985206,0.5386797738758106,1.4203189309824047,0.7558723220121427
1331,1.6974172187052003,0.3971547035658985,1.4203189309824047,0.7558723220121399
1332,1.5522997032381292,0.5503060374885336,1.4216883562488996,0.7558723220120337
1333,1.712192815154405,0.3970129376929736,1.4216883562488996,0.7558723220120329
1334,1.544278986922272,0.5626426599362819,1.4220193423654302,0.7558723220119005
1335,1.727137608069216,0.3983577970358871,1.4220193423654302,0.7558723220119012
1336,1.5371600613281038,0.5756003455557344,1.421311403593892,0.7558723220117454
1337,1.7421932828986104,0.4011694542436354,1.421311403593892,0.7558723220117478
1338,1.5309817134434374,0.589092325481428,1.4195655790763355,0.755872322011571
1339,1.7573026262184448,0.40540725100801583,1.4195655790763355,0.7558723220115746
1340,1.525778093039337,0.5978077542768562,1.4167844347497207,0.7558723220113795
1341,1.772409702870965,0.41101186774586895,1.4167844347497207,0.7558723220113842
1342,1.521578320759943,0.592854982855486,1.4129720681044793,0.755872322011173
1343,1.7874600080951992,0.4179082934800925,1.4129720681044793,0.7558723220111788
1344,1.5184061426127642,0.5873835296285344,1.4081341158735856,0.7558723220109533
1345,1.8024005968092407,0.42600925672226925,1.4081341158735856,0.7558723220109606
1346,1.5162796404158327,0.5813990657735861,1.4022777647920972,0.7558723220107232
1347,1.8171801922569113,0.43521877534535625,1.4022777647920972,0.7558723220107314
1348,1.51521100655599,0.574907823238007,1.3954117656227276,0.7558723220104836
1349,1.8317492762152603,0.44543553410092296,1.3954117656227276,0.755872322010493
1350,1.5152063897707457,0.5679165978049737,1.3875464507019073,0.7558723220102376
1351,1.8460601628916053,0.45655588043627826,1.3875464507019073,0.7558723220102478
1352,1.5162658166558716,0.5604327531461071,1.3786937553239194,0.755872322009986
1353,1.8600670585332877,0.4684763191746889,1.3786937553239194,0.7558723220099967
1354,1.51838319132484,0.5524642261080009,1.3688672433490732,0.7558723220097308
1355,1.8737261086419716,0.48109546650463325,1.3688672433490732,0.7558723220097425
1356,1.5215463732306833,0.5440195335336856,1.3580821374966083,0.7558723220094739
1357,1.8869954345371756,0.4943154838317104,1.3580821374966083,0.7558723220094857
1358,1.5257373307447002,0.535107780986479,1.3463553548651426,0.7558723220092158
1359,1.8998351608587123,0.5080430500635919,1.3463553548651426,0.7558723220092282
1360,1.530932365808604,0.5257386738262751,1.3337055483142468,0.7558723220089586
1361,1.9122074354412355,0.5221899494596636,1.3337055483142468,0.7558723220089716
1362,1.5371024029636446,0.5159225311916528,1.3201531544412184,0.7558723220087035
1363,1.9240764428407695,0.5366733562006177,1.3201531544412184,0.7558723220087161
1364,1.5442133344148616,0.5056703035712542,1.305720448998549,0.7558723220084511
1365,1.9354084126464124,0.5514158915252684,1.305720448998549,0.7558723220084642
1366,1.5522264115824718,0.49499359481259403,1.2904316107209417,0.755872322008203
1367,1.9461716235726598,0.5663455190261862,1.2904316107209417,0.7558723220082159
1368,1.5610986728613916,0.48390468962629496,1.2743127946668995,0.7558723220079596
1369,1.9563364042004057,0.5813953316618816,1.2743127946668995,0.7558723220079729
1370,1.5707833970541765,0.4724165879127536,1.2573922163293394,0.755872322007722
1371,1.965875131118444,0.5965032722335476,1.2573922163293394,0.7558723220077354
1372,1.5812305721302824,0.4605430475852436,1.2397002479322448,0.7558723220074912
1373,1.9747622251123456,0.611611818568199,1.2397002479322448,0.7558723220075036
1374,1.592387369537631,0.4482986380140052,1.2212695285049804,0.7558723220072675
1375,1.9829741459538073,0.6266676558880825,1.2212695285049804,0.7558723220072798
1376,1.6041986151754208,0.43569880680465545,1.2021350895099923,0.7558723220070513
1377,1.9904893862604447,0.6416213518768301,1.2021350895099923,0.7558723220070638
1378,1.6166072492450656,0.4227599633989004,1.1823344979885184,0.7558723220068433
1379,1.997288464822885,0.6564270446141353,1.1823344979885184,0.7558723220068555
1380,1.6295547684430811,0.40949958401163367,1.1619080193747588,0.7558723220066442
1381,2.003353919732116,0.6710421495913876,1.1619080193747588,0.7558723220066561
1382,1.6429816452650527,0.3959363437870682,1.1408988022994278,0.7558723220064543
1383,2.0086703015845058,0.6854270891715785,1.1408988022994278,0.755872322006466
1384,1.6568277204834718,0.3820902838943828,1.119353087839942,0.7558723220062735
1385,2.0132241669938598,0.6995450458688808,1.119353087839942,0.7558723220062847
1386,1.6710325660875038,0.367983023768088,1.0973204457492682,0.7558723220061022
1387,2.0170040725983984,0.7133617394839925,1.0973204457492682,0.7558723220061129
1388,1.6855358170877504,0.3536380320793787,1.074854040168849,0.7558723220059407
1389,2.0200005697148002,0.7268452272683364,1.074854040168849,0.7558723220059509
1390,1.7002774715661975,0.3390809746529791,1.0520109271470417,0.7558723220057889
1391,2.0222061997605953,0.7399657257689114,1.0520109271470417,0.7558723220057985
1392,1.7151981591764032,0.324340163911777,1.0288523858650245,0.7558723220056467
1393,2.0236154905394064,0.7526954527237785,1.0288523858650245,0.755872322005656
1394,1.7302393789680264,0.3094471432251062,1.0054442847106781,0.7558723220055144
1395,2.024224953460061,0.7650084872599665,1.0054442847106781,0.7558723220055232
1396,1.7453437079282765,0.2944374516975787,0.9818574820948812,0.7558723220053917
1397,2.0240330817396894,0.7767609232756901,0.9818574820948812,0.7558723220054
1398,1.7604549820121569,0.27935163171734967,0.9581682599870253,0.7558723220052788
1399,2.023040349621893,0.7633176549189264,0.9581682599870253,0.7558723220052861
1400,1.7755184516888143,0.2642365645559152,0.9344587853191916,0.7558723220051747
1401,2.0212492126231854,0.7495340099688909,0.9344587853191916,0.755872322005182
1402,1.790480914180558,0.24914725019477107,0.9108175903784577,0.7558723220050799
1403,2.018664108803572,0.7354427105016108,0.9108175903784577,0.7558723220050866
1404,1.8052908246321315,0.23414918757486367,0.8873400577317168,0.7558723220049945
1405,2.0152914610395998,0.7210787974685026,0.8873400577317168,0.7558723220050008
1406,1.8198983884383018,0.21932155955436397,0.8641288877365129,0.7558723220049177
1407,2.0111396802598716,0.7064798071178795,0.8641288877365129,0.7558723220049234
1408,1.8342556368939664,0.20476147516577786,0.841294516935074,0.7558723220048493
1409,2.0062191695831775,0.6916859647995742,0.841294516935074,0.7558723220048549
1410,1.8483164882272494,0.19058954536852948,0.818955443371634,0.7558723220047893
1411,2.00054232927734,0.6767403959520155,0.818955443371634,0.7558723220047947
1412,1.8620367959449002,0.17695700381098523,0.7972384001505057,0.7558723220047372
1413,1.994123562431912,0.6616893531500136,0.7972384001505057,0.7558723220047419
1414,1.8753743862710992,0.16405428892356932,0.7762783019068072,0.7558723220046927
1415,1.9869792812092313,0.6465824567666503,0.7762783019068072,0.7558723220046969
1416,1.8882890863038904,0.1521202008586036,0.7562178716651748,0.7558723220046554
1417,1.9791279135052209,0.6314729449528362,0.7562178716651748,0.7558723220046593
1418,1.900742744354483,0.14144900564722865,0.7372068403944527,0.7558723220046251
1419,1.9705899098129696,0.616417926123007,0.7372068403944527,0.7558723220046281
1420,1.9126992437785586,0.13238982728038237,0.719400602560551,0.7558723220046013
1421,1.9613877500375905,0.6014786238036594,0.719400602560551,0.755872322004604
1422,1.9241245114590886,0.12532902956107234,0.7029582139399496,0.7558723220045834
1423,1.95154594995934,0.5867205994079904,0.7029582139399496,0.7558723220045858
1424,1.934986521959473,0.12064566108638879,0.6880396399545226,0.7558723220045718
1425,1.94109106698254,0.5722139331386973,0.6880396399545226,0.7558723220045734
1426,1.9452552982355718,0.11863941178096143,0.6748022108688222,0.7558723220045652
1427,1.9300517047396428,0.5580333367785291,0.6748022108688222,0.7558723220045667
1428,1.9549029096762756,0.11945260651503113,0.663396318921247,0.755872322004564
1429,1.9184585160419603,0.5442581647646173,0.663396318921247,0.7558723220045646
1430,1.963903468134848,0.12302647202333317,0.6539605004732032,0.7558723220045673
1431,1.9063442035804188,0.5309722821031528,0.6539605004732032,0.7558723220045678
1432,1.9722331225172345,0.12911972306411995,0.646616172709718,0.7558723220045747
1433,1.8937435176806303,0.5182637402320742,0.646616172709718,0.7558723220045744
1434,1.9798700524084272,0.13737712787876194,0.6414624172078384,0.7558723220045861
1435,1.8806932503062153,0.5062242063072263,0.6414624172078384,0.7558723220045862
1436,1.986794461143091,0.1474082095227769,0.6385712907206793,0.7558723220046015
1437,1.867232224382678,0.4949480896484615,0.6385712907206793,0.7558723220046007
1438,1.9929885686612507,0.1588444771769654,0.6379841644530112,0.7558723220046198
1439,1.853401277381662,0.48453131392083415,0.6379841644530112,0.7558723220046193
1440,1.998436604433005,0.17136751899549627,0.6397095252136181,0.755872322004641
1441,1.8392432379631567,0.47506969804256705,0.6397095252136181,0.7558723220046402
1442,2.0031248006870985,0.18471553619816322,0.6437225155095081,0.7558723220046653
1443,1.8248028943230132,0.4666569354617967,0.6437225155095081,0.7558723220046641
1444,2.0070413861358327,0.19867860886169278,0.649966272072836,0.7558723220046915
1445,1.8101269527377883,0.45938220156561815,0.649966272072836,0.75587232200469
1446,2.01017658035235,0.21308994537491774,0.6583548911485492,0.7558723220047197
1447,1.7952639846424854,0.4533274710389841,0.6583548911485492,0.7558723220047181
1448,2.012522588924935,0.22781687331478664,0.668777656508704,0.7558723220047493
1449,1.7802643604246233,0.4485646854364798,0.668777656508704,0.7558723220047479
1450,2.0140735994858123,0.24275305607714026,0.681104051664403,0.7558723220047808
1451,1.7651801679773782,0.44515296612407734,0.681104051664403,0.7558723220047792
1452,2.0148257786882144,0.25781227629112113,0.695189055158721,0.7558723220048131
1453,1.7500651139341858,0.4431361059354752,0.695189055158721,0.7558723220048116
1454,2.0147772701844993,0.2729236595134977,0.7108782754906119,0.7558723220048466
1455,1.7349744054181315,0.4425405811412169,0.7108782754906119,0.755872322004845
1456,2.0139281936390727,0.28802807284775445,0.7280125915809894,0.755872322004881
1457,1.7199646100946138,0.4433742948797918,0.7280125915809894,0.7558723220048789
1458,2.0122806447921695,0.30307543037142254,0.7464320927228384,0.7558723220049154
1459,1.7050934923299872,0.44562619400898795,0.7464320927228384,0.7558723220049136
1460,2.0098386965734747,0.3180226796803206,0.7659792313809256,0.7558723220049502
1461,1.6904198233486787,0.449266803931965,0.7659792313809256,0.7558723220049482
1462,2.0066084012474223,0.332832293662505,0.7865011964856434,0.7558723220049853
1463,1.6760031634641286,0.45424961936812236,0.7865011964856434,0.7558723220049831
1464,2.002597793554188,0.3474711354445334,0.8078515782087331,0.7558723220050205
1465,1.6619036147525181,0.46051319519458095,0.8078515782087331,0.755872322005018
1466,1.997816894791188,0.3619095991443305,0.8298914296429839,0.7558723220050548
1467,1.6481815429592654,0.4679837183075548,0.8298914296429839,0.7558723220050528
1468,1.9922777177585893,0.37612095519791433,0.852489842501633,0.7558723220050891
1469,1.6348972679906066,0.4765778177406778,0.852489842501633,0.7558723220050867
1470,1.9859942724682578,0.39008084823483524,0.8755241501950906,0.7558723220051226
1471,1.622110723055536,0.4862053843146726,0.8755241501950906,0.7558723220051202
1472,1.978982572487952,0.4037669094310015,0.898879858978184,0.7558723220051555
1473,1.6098810833893258,0.4967722130365402,0.898879858978184,0.7558723220051533
1474,1.971260641760579,0.4171584553612034,0.9224503912807537,0.7558723220051875
1475,1.5982663665019257,0.5081823378090252,0.9224503912807537,0.7558723220051856
1476,1.9628485217012552,0.43023625267590615,0.9461367081711214,0.7558723220052187
1477,1.5873230070343591,0.5203399859668256,0.9461367081711214,0.755872322005217
1478,1.9537682783317538,0.4429823332248683,0.9698468620923375,0.7558723220052492
1479,1.5771054105420652,0.5331511304847675,0.9698468620923375,0.7558723220052471
1480,1.94404400916192,0.4553798481115899,0.9934955174734781,0.7558723220052787
1481,1.5676654918099766,0.5465246555917184,0.9934955174734781,0.7558723220052764
1482,1.9337018494698102,0.467412951992955,1.0170034658101712,0.7558723220053064
1483,1.5590522045797495,0.5603731759930066,1.0170034658101712,0.7558723220053049
1484,1.9227699775657936,0.47906671102607684,1.0402971532076584,0.7558723220053332
1485,1.5513110707624622,0.5746135625176677,1.0402971532076584,0.7558723220053318
1486,1.9112786185497865,0.49032702941445594,1.0633082318792453,0.7558723220053591
1487,1.5444837182388442,0.5891672305422201,1.0633082318792453,0.755872322005358
1488,1.8992600459843743,0.5011805906643958,1.0859731423244678,0.7558723220053835
1489,1.5386074371289906,0.6039602449820662,1.0859731423244678,0.7558723220053826
1490,1.8867485808091946,0.5116148105349189,1.1082327295137848,0.7558723220054063
1491,1.5337147648633267,0.6189232895800372,1.1082327295137848,0.7558723220054054
1492,1.873780586713149,0.5216177993255373,1.1300318940606326,0.7558723220054281
1493,1.5298331104369405,0.6339915406251098,1.1300318940606326,0.755872322005427
1494,1.860394461060677,0.5311783316506744,1.151319277801339,0.7558723220054487
1495,1.5269844278308535,0.6425229373459723,1.151319277801339,0.7558723220054477
1496,1.8466306203367797,0.5402858222369887,1.1720469822164885,0.7558723220054678
1497,1.5251849477144106,0.6275769367592925,1.1720469822164885,0.7558723220054673
1498,1.8325314789335976,0.5462987967350162,1.1921703175497744,0.7558723220054857
1499,1.5244449752136937,0.6125259179757928,1.1921703175497744,0.7558723220054852
1500,1.8181414199507873,0.534932699591877,1.2116475801882591,0.7558723220055023
1501,1.524768759787982,0.5974190883054326,1.2116475801882591,0.7558723220055017
1502,1.8035067565252578,0.5243985430931536,1.2304398557697833,0.7558723220055179
1503,1.5261544411800179,0.5823095181691224,1.2304398557697833,0.7558723220055173
1504,1.7886756820468253,0.5147870553883005,1.2485108455124674,0.7558723220055317
1505,1.5285940731051844,0.5672544654964222,1.2485108455124674,0.7558723220055311
1506,1.7736982074601146,0.5061868933138484,1.2658267133704717,0.7558723220055444
1507,1.5320737239485123,0.5523157035729107,1.2658267133704717,0.7558723220055441
1508,1.7586260837064143,0.4986825914762458,1.2823559517761596,0.755872322005556
1509,1.5365736513843133,0.5375598371943016,1.2823559517761596,0.7558723220055555
1510,1.74351270723076,0.4923522774824856,1.2980692639087232,0.755872322005566
1511,1.5420685456548113,0.5230585851197357,1.2980692639087232,0.7558723220055658
1512,1.728413006379923,0.4872652604490516,1.3129394606179141,0.7558723220055753
1513,1.5485278343594993,0.5088889981648234,1.3129394606179141,0.7558723220055753
1514,1.713383306458882,0.4834796405537069,1.3269413703187989,0.7558723220055834
1515,1.5559160401083105,0.4951335718669707,1.3269413703187989,0.7558723220055835
1516,1.6984811712114873,0.481040117079565,1.3400517603533335,0.7558723220055903
1517,1.56419318133907,0.48188020090185635,1.3400517603533335,0.7558723220055905
1518,1.6837652185617942,0.4799761821818202,1.3522492684834269,0.7558723220055963
1519,1.5733152060177438,0.46922191036332916,1.3522492684834269,0.7558723220055964
1520,1.6692949086136553,0.48030087097977997,1.3635143433363235,0.7558723220056013
1521,1.5832344478191749,0.457256288577979,1.3635143433363235,0.7558723220056011
1522,1.655130302175743,0.48201019419688734,1.3738291927660178,0.7558723220056053
1523,1.5939000946867992,0.44608454040463974,1.3738291927660178,0.7558723220056054
1524,1.6413317884745242,0.4850833127721906,1.3831777392241598,0.7558723220056084
1525,1.6052586603297339,0.43581008328380105,1.3831777392241598,0.7558723220056086
1526,1.6279597812539448,0.48948343601558164,1.391545581351295,0.7558723220056108
1527,1.617254450157052,0.4265366258317094,1.391545581351295,0.7558723220056109
1528,1.6150743831483738,0.49515935048777204,1.398919961105154,0.7558723220056124
1529,1.6298300142877162,0.4183657055019574,1.398919961105154,0.7558723220056125
1530,1.6027350190590302,0.5020474293707562,1.4052897358382948,0.7558723220056129
1531,1.6429265815271183,0.4113937206090971,1.4052897358382948,0.7558723220056133
1532,1.5910000402589803,0.5100739404373723,1.410645354823719,0.7558723220056133
1533,1.6564844694909353,0.4057085708872929,1.410645354823719,0.7558723220056133
1534,1.5799263020818672,0.5191574669767708,1.4149788398054683,0.7558723220056128
1535,1.6704434673186852,0.40138611049030054,1.4149788398054683,0.7558723220056124
1536,1.5695687192856425,0.5292112761410555,1.4182837692226313,0.7558723220056116
1537,1.6847431886013373,0.39848670045555595,1.4182837692226313,0.7558723220056117
1538,1.5599798044809237,0.5401455051342521,1.4205552658208749,0.75587232200561
1539,1.6993233932122864,0.39705220090572857,1.4205552658208749,0.7558723220056102
1540,1.5512091963158297,0.5518690783343417,1.4217899874265336,0.7558723220056083
1541,1.714124277655561,0.3971037441688263,1.4217899874265336,0.7558723220056079
1542,1.5433031853436836,0.5642913099393009,1.4219861207154234,0.7558723220056054
1543,1.7290867343181384,0.3986405660134331,1.4219861207154234,0.7558723220056054
1544,1.5363042465853065,0.5773231817349396,1.4211433778629152,0.755872322005603
1545,1.7441525806337699,0.4016400484412129,1.4211433778629152,0.7558723220056024
1546,1.5302505886474422,0.5908783115591092,1.4192629960141978,0.7558723220055994
1547,1.75926475964057,0.4060589683244018,1.4192629960141978,0.7558723220055992
1548,1.5251757297890112,0.5971943843174059,1.4163477395650834,0.7558723220055961
1549,1.7743675137562642,0.41183578836685536,1.4163477395650834,0.7558723220055961
1550,1.5211081114634308,0.5921739897090746,1.412401905294925,0.7558723220055924
1551,1.7894065338190932,0.4188937066667887,1.412401905294925,0.755872322005592
1552,1.518070759553087,0.5866356178068295,1.4074313304451633,0.7558723220055883
1553,1.8043290855664773,0.42714412173172583,1.4074313304451633,0.7558723220055878
1554,1.5160810027227647,0.5805850124299021,1.4014434038905195,0.7558723220055835
1555,1.819084115765302,0.4364901748968967,1.4014434038905195,0.7558723220055836
1556,1.5151502560568633,0.5740284785170963,1.3944470806058498,0.7558723220055792
1557,1.8336223401840999,0.4468300881971848,1.3944470806058498,0.7558723220055795
1558,1.5152838764508314,0.5669728853085357,1.3864528996910352,0.7558723220055747
1559,1.8478963155239918,0.4580601000269803,1.3864528996910352,0.7558723220055749
1560,1.5164810941760665,0.5594256705434522,1.3774730062800604,0.75587232200557
1561,1.8618604973157353,0.4700768903768664,1.3774730062800604,0.75587232200557
1562,1.518735022735874,0.5513948459276685,1.3675211777295624,0.7558723220055652
1563,1.8754712856563216,0.4827794651261041,1.3675211777295624,0.7558723220055653
1564,1.5220327467064751,0.542889004179651,1.3566128545577445,0.7558723220055604
1565,1.888687060509977,0.4960705261076546,1.3566128545577445,0.755872322005561
1566,1.5263554848511596,0.5339173280323125,1.3447651766877637,0.755872322005556
1567,1.9014682081429075,0.5098573889318913,1.3447651766877637,0.7558723220055559
1568,1.5316788235454812,0.5244896016527396,1.3319970256416152,0.7558723220055508
1569,1.9137771401048176,0.5240525269295995,1.3319970256416152,0.7558723220055514
1570,1.537973013580836,0.514616225048455,1.3183290734324284,0.7558723220055464
1571,1.9255783060176093,0.5385738221032803,1.3183290734324284,0.7558723220055467
1572,1.5452033218221004,0.5043082321628926,1.303783839015973,0.7558723220055419
1573,1.9368382012860288,0.5533445978023848,1.303783839015973,0.7558723220055421
1574,1.5533304280492608,0.49357731353267553,1.2883857532871772,0.7558723220055376
1575,1.9475253707085625,0.5682934971991813,1.2883857532871772,0.7558723220055378
1576,1.5623108566443944,0.48243584459591815,1.2721612337453114,0.7558723220055331
1577,1.9576104088409239,0.5833542595465635,1.2721612337453114,0.7558723220055332
1578,1.5720974325895913,0.47089692101872715,1.2551387701026715,0.7558723220055289
1579,1.967065957849681,0.5984654345139804,1.2551387701026715,0.7558723220055287
1580,1.5826397514828194,0.45897440276590207,1.2373490222757895,0.7558723220055246
1581,1.9758667034901207,0.61357006460353,1.2373490222757895,0.7558723220055245
1582,1.5938846538965528,0.44668296910813654,1.2188249323742286,0.7558723220055205
1583,1.983989369750053,0.6286153571222466,1.2188249323742286,0.7558723220055201
1584,1.6057766953210637,0.4340381873679096,1.1996018524870695,0.7558723220055167
1585,1.9914127126194967,0.6435523604408585,1.1996018524870695,0.7558723220055164
1586,1.6182586040650513,0.4210565990093879,1.1797176902562083,0.7558723220055128
1587,1.9981175133743043,0.6583356541247634,1.1797176902562083,0.7558723220055128
1588,1.6312717207451548,0.4077558277424285,1.159213074410249,0.7558723220055094
1589,2.0040865716990184,0.67292305872275,1.159213074410249,0.7558723220055091
1590,1.6447564143034172,0.39415471573216937,1.1381315425999987,0.7558723220055058
1591,2.0093046989197334,0.6872753682750408,1.1381315425999987,0.7558723220055056
1592,1.6586524707794088,0.38027349591618265,1.116519754006737,0.7558723220055024
1593,2.0137587115705946,0.7013561067096524,1.116519754006737,0.7558723220055026
1594,1.6728994522767566,0.3661340110163099,1.0944277292585343,0.7558723220054994
1595,2.01743742547687,0.7151313080274737,1.0944277292585343,0.7558723220054991
1596,1.6874370246621844,0.3517599933528736,1.0719091201464879,0.7558723220054966
1597,2.02033165050248,0.7285693193646635,1.0719091201464879,0.7558723220054965
1598,1.702205253493092,0.3371774243916201,1.0490215114230974,0.7558723220054935
1599,2.0224341860795776,0.741640625535907,1.0490215114230974,0.7558723220054935
1600,1.7171448684743242,0.32241499959284786,1.0258267565078611,0.755872322005491
1601,2.0237398176114576,0.7543176934052976,1.0258267565078611,0.7558723220054911
1602,1.7321974973938505,0.30750473330348393,1.0023913481097373,0.7558723220054889
1603,2.024245313816975,0.7665748343302031,1.0023913481097373,0.7558723220054884
1604,1.7473058709867273,0.292482751115825,0.9787868234544654,0.7558723220054866
1605,2.02394942506403,0.7750363659753229,0.9787868234544654,0.7558723220054864
1606,1.7624140005389948,0.27739033460756857,0.9550902017836301,0.7558723220054842
1607,2.022852882720824,0.7615471478090728,0.9550902017836301,0.7558723220054838
1608,1.777467330283825,0.2622753072816431,0.9313844488266018,0.7558723220054824
1609,2.020958399535834,0.7477216750510709,0.9313844488266018,0.7558723220054823
1610,1.792412866778987,0.24719388254789196,0.9077589587361954,0.7558723220054805
1611,2.0182706710401113,0.7335929613978617,0.9077589587361954,0.7558723220054807
1612,1.8071992875056042,0.23221313580021932,0.884310038176279,0.7558723220054792
1613,2.0147963779479157,0.7191963613483566,0.884310038176279,0.7558723220054787
1614,1.8217770309107293,0.21741431143037265,0.8611413694831032,0.7558723220054782
1615,2.0105441895132126,0.704569748868664,0.8611413694831032,0.7558723220054776
1616,1.8360983700464262,0.20289722266994537,0.8383644197506203,0.7558723220054769
1617,2.0055247677794497,0.6897537134544371,0.8383644197506203,0.7558723220054762
1618,1.8501174718501263,0.18878601907267012,0.8160987501028878,0.7558723220054757
1619,1.999750772637665,0.6747917732896036,0.8160987501028878,0.7558723220054753
1620,1.863790443977095,0.17523651215770147,0.7944721643997036,0.7558723220054743
1621,1.9932368675825607,0.6597306042329312,0.7944721643997036,0.7558723220054746
1622,1.8770753709460832,0.16244490780067597,0.7736206198052443,0.7558723220054735
1623,1.9859997260270195,0.6446202819781959,0.7736206198052443,0.7558723220054737
1624,1.8899323412017495,0.15065689619808226,0.7536878045405232,0.7558723220054727
1625,1.9780580380018005,0.6295145328057932,0.7536878045405232,0.755872322005473
1626,1.9023234665385798,0.14017415335848962,0.7348242735036146,0.7558723220054724
1627,1.9694325170280178,0.6144709857311824,0.7348242735036146,0.7558723220054724
1628,1.9142128951755926,0.1313521182775698,0.7171860246271499,0.755872322005472
1629,1.9601459069046403,0.5995514154067373,0.7171860246271499,0.755872322005472
1630,1.925566819622523,0.12457937208513639,0.7009324038576664,0.7558723220054715
1631,1.9502229881007411,0.5848219607061871,0.7009324038576664,0.7558723220054717
1632,1.9363534803387854,0.12022918464440786,0.6862232516503344,0.7558723220054712
1633,1.9396905833816995,0.5703532984173025,0.6862232516503344,0.7558723220054719
1634,1.946543166057694,0.11858492863377723,0.6732152557620577,0.7558723220054709
1635,1.9285775622291543,0.5562207448925791,0.6732152557620577,0.7558723220054715
1636,1.9561082115309996,0.11976410866145827,0.6620575579034724,0.7558723220054714
1637,1.9169148435353898,0.5425042510496718,0.6620575579034724,0.7558723220054715
1638,1.9650229933428733,0.12368184185718513,0.6528867730628835,0.7558723220054715
1639,1.9047353959632745,0.5292882482650259,0.6528867730628835,0.7558723220054717
1640,1.9732639243478827,0.13007753568790728,0.6458217077724457,0.7558723220054715
1641,1.892074235262374,0.5166612953972338,0.6458217077724457,0.7558723220054717
1642,1.9808094472037638,0.13858718102052406,0.6409581837417467,0.7558723220054716
1643,1.8789684177200028,0.5047154719183292,0.6409581837417467,0.7558723220054719
1644,1.987640027396194,0.1488205606100416,0.6383644543353432,0.7558723220054718
1645,1.8654570288029304,0.493545461083431,0.6383644543353432,0.7558723220054723
1646,1.9937381460885193,0.1604146628758023,0.6380777116249795,0.7558723220054724
1647,1.8515811659116217,0.48324727298055836,0.6380777116249795,0.7558723220054728
1648,1.9990882930736098,0.173058389177798,0.6401021017916071,0.7558723220054726
1649,1.8373839140254855,0.4739165731746475,0.6401021017916071,0.7558723220054733
1650,2.0036769600568145,0.18649708260754244,0.6444085002992919,0.7558723220054728
1651,1.8229103128665465,0.46564661103373917,0.6444085002992919,0.7558723220054738
1652,2.007492634457451,0.20052694575537205,0.6509360759479152,0.7558723220054733
1653,1.8082073140532144,0.4585257836573018,0.6509360759479152,0.7558723220054742
1654,2.010525793880517,0.2149861062859609,0.6595954439410228,0.7558723220054737
1655,1.7933237265595885,0.4526349246181524,0.6595954439410228,0.7558723220054748
1656,2.012768901379532,0.2297457167189596,0.6702730241023843,0.7558723220054744
1657,1.7783101486446653,0.448044465363771,0.6702730241023843,0.7558723220054753
1658,2.0142164016047146,0.24470237000397202,0.6828361176046434,0.7558723220054745
1659,1.763218884277196,0.44481167063219623,0.6828361176046434,0.7558723220054757
1660,2.0148647179074297,0.2597720821531113,0.6971382045367142,0.7558723220054754
1661,1.7481038419650101,0.44297818424027674,0.6971382045367142,0.7558723220054762
1662,2.0147122504510957,0.27488568429510907,0.7130240308451565,0.7558723220054757
1663,1.7330204138135121,0.4425681251783066,0.7130240308451565,0.755872322005477
1664,2.0137593753599594,0.28998535344918863,0.7303341667942069,0.7558723220054767
1665,1.7180253326000126,0.4435869382484602,0.7303341667942069,0.7558723220054776
1666,2.0120084449195708,0.3050220180298077,0.7489088473402662,0.755872322005477
1667,1.7031765046736196,0.4460211298178514,0.7489088473402662,0.7558723220054782
1668,2.0094637888256974,0.31995341888315126,0.7685910216648024,0.7558723220054779
1669,1.6885328165912883,0.44983891945813703,0.7685910216648024,0.7558723220054786
1670,2.0061317164612875,0.33474265612473,0.7892286294978258,0.7558723220054787
1671,1.6741539135968548,0.45499173209280813,0.7892286294978258,0.7558723220054792
1672,2.0020205201630814,0.34935709474803694,0.8106761812167705,0.7558723220054792
1673,1.6600999483591454,0.46141636455371104,0.8106761812167705,0.7558723220054803
1674,1.997140479420057,0.3637675354831105,0.832795749790723,0.7558723220054804
1675,1.6464312988238963,0.4690376021250133,0.832795749790723,0.7558723220054807
1676,1.9915038659242592,0.3779475825190509,0.8554574919186604,0.755872322005481
1677,1.6332082546156976,0.47777104214701543,0.8554574919186604,0.755872322005481
1678,1.9851249493700749,0.3918731581402739,0.8785398104553883,0.7558723220054814
1679,1.6204906721590464,0.4875259000937061,0.8785398104553883,0.7558723220054818
1680,1.978020003869864,0.40552212770741997,0.9019292568007413,0.7558723220054822
1681,1.6083375995730949,0.4982076181371554,0.9019292568007413,0.7558723220054824
1682,1.970207314821273,0.4188740080913913,0.9255202551165385,0.7558723220054827
1683,1.5968068734246725,0.5097201534300839,0.9255202551165385,0.7558723220054829
1684,1.9617071860237119,0.4319097396719389,0.9492147131643264,0.7558723220054828
1685,1.5859546905785034,0.5219678807324403,0.9492147131643264,0.7558723220054834
1686,1.9525419467975111,0.4446115070956599,0.9729215690077001,0.7558723220054834
1687,1.5758351596287958,0.5348570929017126,0.9729215690077001,0.7558723220054839
1688,1.9427359588082862,0.45696259769588077,0.9965563096096405,0.7558723220054842
1689,1.5664998376845622,0.5482971189005881,0.9965563096096405,0.7558723220054842
1690,1.9323156222401392,0.4689472891966251,1.0200404866720825,0.7558723220054845
1691,1.5579972595502627,0.5622011017793205,1.0200404866720825,0.7558723220054848
1692,1.9213093808936315,0.4805507603306217,1.043301246756281,0.7558723220054849
1693,1.5503724675196706,0.576486490355967,1.043301246756281,0.7558723220054853
1694,1.9097477257070636,0.4917590194933884,1.0662708864680375,0.7558723220054853
1695,1.5436665510021124,0.591075300897436,1.0662708864680375,0.7558723220054855
1696,1.8976631961118273,0.5025588476718871,1.0888864389209951,0.7558723220054857
1697,1.5379162059416727,0.6058942019549142,1.0888864389209951,0.7558723220054863
1698,1.885090378533718,0.5129377527273931,1.1110892944471362,0.7558723220054865
1699,1.5331533243915216,0.620874469149632,1.1110892944471362,0.7558723220054865
1700,1.8720659012418135,0.5228839327502831,1.1328248562934584,0.7558723220054869
1701,1.5294046245998663,0.6359518490190653,1.1328248562934584,0.7558723220054869
1702,1.858628424624691,0.5323862466917254,1.154042230568779,0.7558723220054873
1703,1.5266913315049573,0.6405905847162312,1.154042230568779,0.7558723220054869
1704,1.8448186258408228,0.5414341908518486,1.1746939487791817,0.7558723220054874
1705,1.5250289166061342,0.625628302330142,1.1746939487791817,0.7558723220054875
1706,1.8306791766468515,0.5447797556257152,1.1947357207563392,0.755872322005488
1707,1.5244269047915795,0.6105671815951792,1.1947357207563392,0.7558723220054876
1708,1.8162547130559252,0.5335164900588593,1.2141262155205765,0.7558723220054883
1709,1.524888753912069,0.5954569133118421,1.2141262155205765,0.7558723220054882
1710,1.8015917953210658,0.5230969933318086,1.2328268675421812,0.7558723220054883
1711,1.5264118107779585,0.5803510929099158,1.2328268675421812,0.7558723220054882
1712,1.7867388565795586,0.513611830480641,1.2508017059063972,0.7558723220054888
1713,1.5289873449359908,0.5653075459496554,1.2508017059063972,0.7558723220054887
1714,1.7717461383389523,0.5051492449090166,1.2680172040044453,0.755872322005489
1715,1.5326006591839885,0.5503886554355557,1.2680172040044453,0.7558723220054887
1716,1.7566656108404815,0.49779307259849825,1.2844421475331056,0.7558723220054892
1717,1.5372312734428322,0.5356616750049416,1.2844421475331056,0.7558723220054892
1718,1.741550876210373,0.49162043392080135,1.3000475187671665,0.7558723220054894
1719,1.5428531764586428,0.5211990049637297,1.3000475187671665,0.7558723220054894
1720,1.7264570522145415,0.4866993157532785,1.314806395257924,0.7558723220054894
1721,1.5494351379689526,0.5070783992541441,1.314806395257924,0.7558723220054894
1722,1.7114406343804953,0.4830861963316418,1.3286938612975194,0.7558723220054896
1723,1.556941072523266,0.4933830608227185,1.3286938612975194,0.7558723220054894
1724,1.6965593342568834,0.4808238928581476,1.3416869306674923,0.7558723220054896
1725,1.5653304451562349,0.4802015709879389,1.3416869306674923,0.7558723220054895
1726,1.6818718916625788,0.4799398185186902,1.3537644793572396,0.75587232200549
1727,1.5745587085908117,0.46762758641930985,1.3537644793572396,0.7558723220054898
1728,1.6674378589513772,0.4804448152735995,1.3649071870924987,0.7558723220054898
1729,1.5845777615854244,0.45575922730992374,1.3649071870924987,0.75587232200549
1730,1.6533173556033358,0.48233268105081084,1.375097486655143,0.7558723220054903
1731,1.595336418390586,0.44469807550836127,1.375097486655143,0.75587232200549
1732,1.6395707918666487,0.48558044099054387,1.3843195201036653,0.7558723220054903
1733,1.6067808799813816,0.434547706233085,1.3843195201036653,0.75587232200549
1734,1.6262585607293523,0.4901493341471589,1.3925591011195577,0.7558723220054904
1735,1.6188551987041073,0.4254116967550732,1.3925591011195577,0.7558723220054903
1736,1.6134406982081242,0.4959864141716115,1.399803682809276,0.7558723220054906
1737,1.6315017291333966,0.41739109493648474,1.399803682809276,0.7558723220054904
1738,1.6011765128052016,0.5030266080622038,1.4060423303857779,0.7558723220054905
1739,1.6446615591975944,0.41058139213771366,1.4060423303857779,0.7558723220054908
1740,1.5895241859980263,0.5111950490605265,1.411265698238874,0.7558723220054904
1741,1.6582749169196718,0.40506912599182154,1.411265698238874,0.7558723220054909
1742,1.578540346772028,0.5204094994548131,1.415466010981018,0.7558723220054906
1743,1.6722815493749248,0.40092832857105554,1.415466010981018,0.7558723220054908
1744,1.5682796244539072,0.5305827017228307,1.418637048125805,0.7558723220054905
1745,1.6866210716352674,0.39821711608847,1.418637048125805,0.7558723220054905
1746,1.558794185405252,0.5416245337826697,1.4207741321214498,0.7558723220054905
1747,1.701233284517721,0.3969747638877095,1.4207741321214498,0.7558723220054906
1748,1.550133260434055,0.5534438870363727,1.4218741195218703,0.7558723220054901
1749,1.716058460859966,0.3972196033516755,1.4218741195218703,0.7558723220054905
1750,1.54234267100163,0.5659502267883881,1.4219353951347595,0.7558723220054904
1751,1.7310376007989101,0.3989480049004836,1.4219353951347595,0.7558723220054904
1752,1.5354643633620961,0.579054828543231,1.4209578690400517,0.7558723220054901
1753,1.7461126571293073,0.4021345811571351,1.4209578690400517,0.75587232200549
1754,1.5295359605845522,0.592671708432852,1.4189429764244417,0.75587232200549
1755,1.7612267322762591,0.40673358317323005,1.4189429764244417,0.7558723220054899
1756,1.5245903428909766,0.5965721999337009,1.415893680228938,0.7558723220054901
1757,1.776324248740832,0.41268130780127477,1.415893680228938,0.7558723220054898
1758,1.5206552668238205,0.5914842694882793,1.411814476657711,0.75587232200549
1759,1.7913510950881841,0.4198992210657294,1.411814476657711,0.75587232200549
1760,1.5177530333841296,0.5858790756728612,1.406711403648586,0.7558723220054901
1761,1.806254749659995,0.4282974515430937,1.406711403648586,0.75587232200549
1762,1.515900214429405,0.5797624349880911,1.40059205245931,0.75587232200549
1763,1.820984384225343,0.43777832053719073,1.40059205245931,0.7558723220054898
1764,1.515107445299255,0.573140725417526,1.3934655825800943,0.7558723220054897
1765,1.8354909497532825,0.44823963696988667,1.3934655825800943,0.7558723220054899
1766,1.5153792898912015,0.5660208897286083,1.3853427402428264,0.7558723220054897
1767,1.849727246411533,0.4595775710784972,1.3853427402428264,0.7558723220054896
1768,1.5167141823187367,0.558410439819867,1.376235880861739,0.7558723220054895
1769,1.8636479797824053,0.47168900972434546,1.376235880861739,0.7558723220054897
1770,1.5191044469586195,0.5503174623745388,1.3661589958102556,0.7558723220054892
1771,1.8772098051507646,0.48447337146972996,1.3661589958102556,0.7558723220054896
1772,1.5225363962651253,0.5417506261375454,1.3551277440152445,0.7558723220054896
1773,1.8903713615689384,0.4978339139267512,1.3551277440152445,0.7558723220054893
1774,1.5269905033356617,0.5327191912030008,1.3431594889342044,0.7558723220054895
1775,1.9030932972475667,0.5116785984590171,1.3431594889342044,0.7558723220054892
1776,1.5324416439916875,0.5232330207869214,1.330273341574054,0.7558723220054892
1777,1.9153382876653187,0.5259205915925533,1.330273341574054,0.7558723220054893
1778,1.5388594012125172,0.5133025960694299,1.316490210313427,0.7558723220054892
1779,1.9270710476385258,0.5404784836134696,1.316490210313427,0.755872322005489
1780,1.5462084232227655,0.5029390348289646,1.301832858404812,0.7558723220054892
1781,1.9382583384472398,0.5552762978629043,1.301832858404812,0.7558723220054889
1782,1.5544488254493924,0.49215411476629056,1.286325970159479,0.7558723220054892
1783,1.9488689709790463,0.5702433532681173,1.286325970159479,0.7558723220054892
1784,1.5635366259580559,0.4809603026397925,1.2699962269577227,0.7558723220054889
1785,1.958873805727445,0.5853140305227589,1.2699962269577227,0.755872322005489
1786,1.5734242038420951,0.4693707906207407,1.2528723943798377,0.7558723220054887
1787,1.9682457503682738,0.6004274807849227,1.2528723943798377,0.7558723220054888
1788,1.5840607703315812,0.45739954164832836,1.2349854219190814,0.7558723220054888
1789,1.9769597555356655,0.6155273056855091,1.2349854219190814,0.7558723220054887
1790,1.5953928430511732,0.44506134604692704,1.216368556915274,0.7558723220054889
1791,1.9849928093280473,0.6305612291493226,1.216368556915274,0.7558723220054886
1792,1.607364714805216,0.43237189229984274,1.1970574745335836,0.7558723220054888
1793,1.9923239309942458,0.6454807750060705,1.1970574745335836,0.7558723220054885
1794,1.6199189094207027,0.419347855706599,1.1770904258020596,0.7558723220054887
1795,1.9989341641791076,0.6602409594136246,1.1770904258020596,0.7558723220054883
1796,1.632996618448191,0.40600700975579956,1.1565084059047266,0.7558723220054888
1797,2.0048065700464166,0.6748000034702656,1.1565084059047266,0.7558723220054883
1798,1.6465381138292925,0.39236836652207097,1.135355345090757,0.7558723220054886
1799,2.0099262205433592,0.6891190687897036,1.135355345090757,0.7558723220054879
1800,1.6604831329201153,0.3784523543818077,1.1136783246836635,0.7558723220054884
1801,2.0142801920245343,0.7031620170119195,1.1136783246836635,0.755872322005488
1802,1.6747712334601244,0.36428104403237876,1.0915278207273056,0.7558723220054883
1803,2.0178575594136072,0.716895193022176,1.0915278207273056,0.7558723220054878
1804,1.6893421171571805,0.3498784374656441,1.0689579777442137,0.7558723220054883
1805,2.0206493910463053,0.7302872308877777,1.0689579777442137,0.7558723220054878
1806,1.7041359214980303,0.3352708395723153,1.0460269148451389,0.7558723220054883
1807,2.0226487443087087,0.743308881071671,1.0460269148451389,0.755872322005488
1808,1.7190934801778677,0.32048733897606363,1.0227970659320373,0.755872322005488
1809,2.023850662158982,0.755932857249021,1.0227970659320373,0.7558723220054882
1810,1.73415655317177,0.3055604342617574,0.9993355548648128,0.7558723220054884
1811,2.0242521705978915,0.7681337009674087,0.9993355548648128,0.7558723220054878
1812,1.7492680279518602,0.2905268549889031,0.9757146050616482,0.7558723220054883
1813,2.023852277133163,0.773305621561804,0.9757146050616482,0.7558723220054879
1814,1.764372093699579,0.27542864510846604,0.9520119808740618,0.7558723220054882
1815,2.022651970264009,0.7597709728511682,0.9520119808740618,0.7558723220054877
1816,1.7794143905886284,0.26031460126545175,0.9283114549686021,0.7558723220054883
1817,2.020654219994528,0.7459042282402588,0.9283114549686021,0.7558723220054876
1818,1.7943421363387078,0.2452421916540198,0.9047032915506174,0.7558723220054882
1819,2.0178639793673163,0.7317386957678063,0.9047032915506174,0.7558723220054879
1820,1.8091042322812823,0.23028012347358767,0.8812847292290616,0.7558723220054883
1821,2.014288186990982,0.7173100464896364,0.8812847292290616,0.7558723220054878
1822,1.8236513511534502,0.21551177637764785,0.8581604392733744,0.7558723220054878
1823,2.009935770516562,0.7026564953930505,0.8581604392733744,0.755872322005488
1824,1.8379360087604923,0.20103976465509582,0.83544292462301,0.7558723220054882
1825,2.0048176509975306,0.6878189997122597,0.83544292462301,0.7558723220054878
1826,1.851912621535696,0.18699189998085405,0.8132528120940513,0.7558723220054876
1827,1.9989467480453027,0.672841474237964,0.8132528120940513,0.7558723220054878
1828,1.8655375518895698,0.17352872012321588,0.791718974926228,0.7558723220054878
1829,1.992337985666347,0.6577710221987334,0.791718974926228,0.7558723220054877
1830,1.8787691430893598,0.1608523553406561,0.770978405851303,0.755872322005488
1831,1.9850082986372541,0.6426581788431993,0.770978405851303,0.7558723220054879
1832,1.8915677452517938,0.14921550371137618,0.7511757438885399,0.7558723220054878
1833,1.9769766392397525,0.6275571628436669,0.7511757438885399,0.7558723220054878
1834,1.9038957338733302,0.13892722767826027,0.7324623440397147,0.7558723220054878
1835,1.968263984137757,0.612526127929362,0.7324623440397147,0.7558723220054879
1836,1.9157175221674634,0.13034894897354832,0.7149947725348401,0.7558723220054879
1837,1.958893341132292,0.5976274035891975,0.7149947725348401,0.7558723220054877
1838,1.926999568331134,0.12387065033182343,0.698932617472291,0.7558723220054877
1839,1.9488897554766373,0.5829277091209198,0.698932617472291,0.7558723220054878
1840,1.9377103787241914,0.11985853143142212,0.6844355328363277,0.7558723220054879
1841,1.938280315372406,0.5684983196575539,0.6844355328363277,0.7558723220054874
1842,1.9478205078185122,0.11857830405210218,0.6716594896460952,0.7558723220054878
1843,1.9270941561966557,0.5544151560957986,0.6716594896460952,0.7558723220054874
1844,1.9573025556574237,0.12012199856627738,0.6607522947793966,0.7558723220054878
1845,1.915362462929682,0.5407587633066611,0.6607522947793966,0.7558723220054876
1846,1.9661311634616543,0.12437910071140192,0.6518485523025515,0.7558723220054879
1847,1.9031184701622137,0.5276141331669809,0.6518485523025515,0.7558723220054873
1848,1.9742830079248932,0.1310709927934028,0.6450643702030078,0.7558723220054877
1849,1.8903974589587407,0.5150703218108134,0.6450643702030078,0.7558723220054876
1850,1.9817367946596522,0.13982623052370435,0.6404922324005604,0.7558723220054876
1851,1.8772367497404066,0.5032198056517112,0.6404922324005604,0.7558723220054876
1852,1.9884732511817798,0.15025576028859702,0.6381965294325995,0.7558723220054877
1853,1.8636756902263927,0.4921575204170865,0.6381965294325995,0.7558723220054876
1854,1.9944751197588888,0.16200245183575596,0.6382102404456562,0.7558723220054878
1855,1.8497556373375774,0.481979534471493,0.6382102404456562,0.7558723220054877
1856,1.9997271503932021,0.17476258137106707,0.6405331671637619,0.7558723220054878
1857,1.835519931821709,0.47278132507797593,0.6405331671637619,0.7558723220054878
1858,2.0042160941620395,0.18828853058467956,0.6451319446420547,0.755872322005488
1859,1.8210138642074867,0.46465565636224043,0.6451319446420547,0.7558723220054878
1860,2.0079306970984327,0.20238246965945214,0.6519418274130602,0.7558723220054879
1861,1.8062846305388665,0.4576901012549658,0.6519418274130602,0.7558723220054877
1862,2.0108616947593014,0.21688729402578852,0.6608700237505775,0.7558723220054878
1863,1.7913812761849928,0.4519643041139665,0.6608700237505775,0.755872322005488
1864,2.0130018075984077,0.23167785313387845,0.6718001757586947,0.7558723220054875
1865,1.776354625871251,0.44754713937283924,0.6718001757586947,0.755872322005488
1866,2.014345737235119,0.24665356838037256,0.6845974921233957,0.7558723220054878
1867,1.761257197940568,0.44449397345721364,0.6845974921233957,0.755872322005488
1868,2.014890163687061,0.261732611923737,0.69911404061973,0.7558723220054876
1869,1.7461431007407442,0.4428442688030207,0.69911404061973,0.7558723220054883
1870,2.0146337436143513,0.2768474623890523,0.715193781696982,0.7558723220054877
1871,1.731067908954689,0.442619767571879,0.715193781696982,0.755872322005488
1872,2.0135771096044643,0.2919415633049466,0.7326770417563132,0.755872322005488
1873,1.7160885176594098,0.44382345173420856,0.7326770417563132,0.755872322005488
1874,2.0117228705093306,0.30696682499010836,0.7514042527624305,0.7558723220054883
1875,1.7012629719318226,0.446439398251571,0.7514042527624305,0.7558723220054885
1876,2.009075612829213,0.3218817572333975,0.7712188988509228,0.7558723220054885
1877,1.6866502699316814,0.4504335462376537,0.7712188988509228,0.7558723220054883
1878,2.0056419031206847,0.3366500690682237,0.7919696970179865,0.7558723220054882
1879,1.672310137601844,0.45575528763715173,0.7919696970179865,0.755872322005488
1880,2.001430291387892,0.35123961347973015,0.813512094393316,0.7558723220054883
1881,1.6583027734512732,0.4623397056595424,0.813512094393316,0.7558723220054882
1882,1.9964513153966081,0.3656215872261901,0.835709192445689,0.7558723220054883
1883,1.6446885623426661,0.4701102318607631,0.835709192445689,0.7558723220054886
1884,1.990717505828637,0.37976992012272387,0.8584322154594244,0.7558723220054882
1885,1.6315277578074034,0.4789814794121445,0.8584322154594244,0.7558723220054882
1886,1.984243392169195,0.3936608058273439,0.8815606339762833,0.7558723220054884
1887,1.6188801331632736,0.4888620325564903,0.8815606339762833,0.7558723220054885
1888,1.9770455091912167,0.40727233900055054,0.9049820398058986,0.7558723220054883
1889,1.606804602615401,0.4996570192699128,0.9049820398058986,0.755872322005488
1890,1.9691424038673153,0.42058423298843145,0.9285918522183733,0.7558723220054883
1891,1.5953588145683224,0.5112703520287389,0.9285918522183733,0.755872322005488
1892,1.9605546425015403,0.43357759889549274,0.9522929179825663,0.7558723220054883
1893,1.584598720545513,0.5236065782671172,0.9522929179825663,0.7558723220054883
1894,1.951304817828239,0.446234771791422,0.9759950526379364,0.7558723220054884
1895,1.574578124366488,0.5365723294994007,0.9759950526379364,0.7558723220054885
1896,1.941417555773379,0.45853917335623284,0.9996145575016335,0.755872322005488
1897,1.565348217521126,0.5500773924529316,0.9996145575016335,0.7558723220054884
1898,1.9309195215136854,0.4704752028819456,1.023073736551314,0.7558723220054883
1899,1.556957107942408,0.564035446727422,1.023073736551314,0.7558723220054885
1900,1.919839424400043,0.48202815048009023,1.046300429302169,0.755872322005488
1901,1.5494493505371292,0.5783645234645287,1.046300429302169,0.7558723220054882
1902,1.9082080212329189,0.49318412778072135,1.069227569781776,0.7558723220054883
1903,1.5428654888064197,0.5929872411859476,1.069227569781776,0.7558723220054883
1904,1.896058117288363,0.5039300124843912,1.0917927773271545,0.7558723220054882
1905,1.5372416175895809,0.607830871262949,1.0917927773271545,0.755872322005488
1906,1.8834245643928171,0.5142534039397273,1.113937981832488,0.7558723220054885
1907,1.5326089773168798,0.6228272788582637,1.113937981832488,0.755872322005488
1908,1.870344255233169,0.5241425875351516,1.1356090839572681,0.7558723220054885
1909,1.528993590094518,0.6379127774268426,1.1356090839572681,0.7558723220054883
1910,1.8568561129651922,0.5335865061640254,1.1567556494114668,0.7558723220054887
1911,1.5264159474250723,0.6386557857908184,1.1567556494114668,0.7558723220054878
1912,1.8430010750491659,0.5425747373847023,1.1773306355677056,0.7558723220054884
1913,1.5248907583754774,0.6236779978290488,1.1773306355677056,0.7558723220054878
1914,1.8288220700971467,0.5432733933992863,1.1972901481573843,0.7558723220054884
1915,1.5244267655620936,0.6086076118444248,1.1972901481573843,0.7558723220054878
1916,1.8143639863639165,0.5321144960716641,1.216593225573653,0.7558723220054882
1917,1.525026634483994,0.5934948074130375,1.216593225573653,0.7558723220054878
1918,1.7996736303559426,0.521811187336194,1.2352016482444979,0.7558723220054883
1919,1.5266869195896295,0.578393710471454,1.2352016482444979,0.755872322005488
1920,1.7847996738738323,0.5124538388568245,1.253079770593112,0.7558723220054887
1921,1.5293981081236339,0.5633627197465371,1.253079770593112,0.755872322005488
1922,1.7697925876493208,0.5041302453698617,1.2701943732267922,0.7558723220054884
1923,1.5331447404019773,0.5484648332693982,1.2701943732267922,0.7558723220054878
1924,1.754704559595012,0.4969235051901116,1.2865145331596353,0.7558723220054885
1925,1.537905602842749,0.5337679582130389,1.2865145331596353,0.7558723220054878
1926,1.7395893955630508,0.49090969050756644,1.3020115100577008,0.7558723220054885
1927,1.5436539879672369,0.5193451799753696,1.3020115100577008,0.7558723220054879
1928,1.7245024004187681,0.4861554256942197,1.3166586466843224,0.7558723220054886
1929,1.5503580137938722,0.5052749573069186,1.3166586466843224,0.7558723220054879
1930,1.7095002371903625,0.4827155305199017,1.3304312819090798,0.7558723220054885
1931,1.557980993660393,0.4916411994653677,1.3304312819090798,0.7558723220054877
1932,1.694640762071007,0.48063091050731177,1.3433066748212121,0.7558723220054883
1933,1.5664818465782022,0.4785331694134459,1.3433066748212121,0.7558723220054876
1934,1.6799828331422797,0.4799268800413905,1.3552639386539438,0.7558723220054883
1935,1.5758155377628755,0.466045145202796,1.3552639386539438,0.7558723220054877
1936,1.6655860908753348,0.48061207988785754,1.3662839833789293,0.7558723220054885
1937,1.5859335389782396,0.4542757621228135,1.3662839833789293,0.7558723220054878
1938,1.651510708766865,0.48267809978926773,1.376349465969439,0.7558723220054883
1939,1.596784298732261,0.4433269543576135,1.376349465969439,0.7558723220054878
1940,1.6378171128975179,0.48609984585347094,1.3854447474573859,0.7558723220054885
1941,1.6083137131038017,0.43330242138396063,1.3854447474573859,0.7558723220054883
1942,1.6245656697752,0.4908366140660621,1.3935558560235664,0.7558723220054882
1943,1.6204655889801272,0.424305566422667,1.3935558560235664,0.755872322005488
1944,1.6118163425538512,0.49683376011090175,1.4006704554636051,0.7558723220054883
1945,1.6331820926610765,0.4164368965760625,1.4006704554636051,0.7558723220054883
1946,1.5996283166020844,0.5040248043632457,1.4067778184651367,0.7558723220054882
1947,1.6464041780549399,0.40979093871868405,1.4067778184651367,0.7558723220054882
1948,1.5880595964280546,0.5123337865758408,1.4118688042159326,0.7558723220054883
1949,1.6600719899792964,0.4044528081303148,1.4118688042159326,0.755872322005488
1950,1.5771665771279364,0.5216776878178834,1.4159358399391204,0.7558723220054878
1951,1.6741252393254489,0.4004946568639519,1.4159358399391204,0.7558723220054879
1952,1.567003594782431,0.5319687623138497,1.4189729060215048,0.755872322005488
1953,1.688503547999684,0.39797230655376914,1.4189729060215048,0.755872322005488
1954,1.5576224615312744,0.5431166603895053,1.4209755244653284,0.7558723220054882
1955,1.7031467625848158,0.3969224119580589,1.4209755244653284,0.7558723220054878
1956,1.5490719923477376,0.5550302667663645,1.4219407504536534,0.7558723220054882
1957,1.7179952365513127,0.397360486190185,1.4219407504536534,0.7558723220054878
1958,1.5413975317390318,0.5676192186561979,1.4218671668758947,0.755872322005488
1959,1.7329900815804609,0.3992800377831619,1.4218671668758947,0.7558723220054879
1960,1.5346404896310688,0.5807951009089202,1.4207548817137658,0.7558723220054877
1961,1.748073389143805,0.4026529337625525,1.4207548817137658,0.7558723220054878
1962,1.5288378964707068,0.5944723389834972,1.4186055282400039,0.7558723220054876
1963,1.7631884239220363,0.40743094033548555,1.4186055282400039,0.7558723220054882
1964,1.5240219880130559,0.5959412119318485,1.4154222680334836,0.7558723220054878
1965,1.7782797909559815,0.4135482416119202,1.4154222680334836,0.7558723220054882
1966,1.5202198302858538,0.590785834219133,1.411209796865681,0.7558723220054876
1967,1.7932935786188178,0.4209246308641568,1.411209796865681,0.7558723220054884
1968,1.5174529947883852,0.5851139164770872,1.40597435356571,0.755872322005488
1969,1.8081774795996557,0.4294690265902147,1.40597435356571,0.7558723220054886
1970,1.5157372930686033,0.5789313479291157,1.3997237320251992,0.755872322005488
1971,1.822880892111857,0.43908298582800803,1.3997237320251992,0.7558723220054887
1972,1.515082578442525,0.5722445796588473,1.3924672965610774,0.755872322005488
1973,1.8373550035015052,0.4496639529306842,1.3924672965610774,0.7558723220054885
1974,1.5154926208243529,0.5650606280339217,1.3842160009147353,0.7558723220054878
1975,1.851552858347419,0.4611080696841897,1.3842160009147353,0.7558723220054884
1976,1.516965058508273,0.5573870792069758,1.3749824112310993,0.7558723220054879
1977,1.8654294130272235,0.47331246035000596,1.3749824112310993,0.7558723220054885
1978,1.5194914283965582,0.549232094960725,1.3647807334318642,0.7558723220054879
1979,1.878941578585406,0.4861769781049987,1.3647807334318642,0.7558723220054885
1980,1.5230572737360129,0.5406044202223589,1.3536268454746059,0.7558723220054883
1981,1.8920482535882304,0.49960545079600255,1.3536268454746059,0.7558723220054885
1982,1.5276423260464302,0.5315133926447261,1.3415383350748495,0.755872322005488
1983,1.9047103484941528,0.5135064938745434,1.3415383350748495,0.7558723220054885
1984,1.5332207557360273,0.5219689547418265,1.3285345435625786,0.755872322005488
1985,1.9168908029126293,0.5277939706424172,1.3285345435625786,0.7558723220054883
1986,1.5397614840182876,0.5119816691790811,1.314636616649281,0.7558723220054885
1987,1.928554596973149,0.5423871797394362,1.314636616649281,0.7558723220054883
1988,1.5472285472637186,0.5015627379613329,1.299867562997601,0.7558723220054885
1989,1.9396687578828793,0.5572108421130516,1.299867562997601,0.7558723220054883
1990,1.555581503896608,0.49072402644239876,1.2842523216139017,0.7558723220054883
1991,1.950202362617482,0.5721949484530169,1.2842523216139017,0.7558723220054888
1992,1.564775873402813,0.4794780933109705,1.2678178392253703,0.755872322005488
1993,1.9601265375665562,0.5872745159468048,1.2678178392253703,0.7558723220054883
1994,1.5747635969369056,0.4678382280044771,1.250593158957893,0.755872322005488
1995,1.969414455843317,0.6023892918223206,1.250593158957893,0.7558723220054882
1996,1.585493509362766,0.4558184973863713,1.2326095217983628,0.7558723220054883
1997,1.9780413328675683,0.6174834312914714,1.2326095217983628,0.7558723220054882
1998,1.596911813265137,0.44343380402192495,1.2139004825038149,0.7558723220054883
1999,1.9859844207414639,0.6325051694533684,1.2139004825038149,0.7558723220054883
2000,0.9589756093439435,1.1382814943911983,2.165660321028778,0.0
2001,1.115055541276084,0.3531517145346688,2.165660321028778,0.0
2002,0.958800389876595,1.1374826658074613,2.1638743336189457,0.07719810805827448
2003,1.1145576443704432,0.3529015304770035,2.1638743336189457,0.07719810805827439
2004,0.9578149885107645,1.1356005065946364,2.1599875872604453,0.12065825942934394
2005,1.1142611583018749,0.3531201643043182,2.1599875872604453,0.12065825942934379
2006,0.9559742634021701,1.1327339254235178,2.1542603045297377,0.16677241880614552
2007,1.114339074471636,0.35394967631303054,2.1542603045297377,0.16677241880614546
2008,0.9533449147221716,1.1289151113115432,2.1467335378001215,0.2128968553927303
2009,1.1147338484162383,0.3553413728506765,2.1467335378001215,0.2128968553927302
2010,0.9500004519329632,1.1241767880065248,2.1374465202343895,0.25789991251737315
2011,1.1153819016760784,0.3572440382801238,2.1374465202343895,0.2578999125173731
2012,0.9460164804058396,1.1185543160565963,2.1264441647511414,0.30137019363805245
2013,1.1162228997436814,0.35961157555357287,2.1264441647511414,0.3013701936380523
2014,0.9414704863063964,1.1120856532584162,2.113776987570494,0.3431430716075611
2015,1.1172000572844754,0.36240291655533835,2.113776987570494,0.34314307160756097
2016,0.9364418034045328,1.1048112776271537,2.0995008339334547,0.38315298877877063
2017,1.118260049138271,0.3655815387187031,2.0995008339334547,0.3831529887787707
2018,0.9310115601471114,1.096774132364514,2.0836766566786813,0.4213801851951915
2019,1.1193528894137688,0.3691149296879874,2.0836766566786813,0.4213801851951915
2020,0.9252625914240444,1.0880195913167368,2.0663703502118356,0.45782847946286337
2021,1.1204317984667804,0.37297404029258574,2.0663703502118356,0.45782847946286326
2022,0.9192793072559853,1.0785954420180146,2.0476526347797788,0.4925148963171712
2023,1.1214530627080752,0.37713274798477536,2.0476526347797788,0.49251489631717127
2024,0.9131475105945596,1.0685518834631036,2.0275989863253594,0.5254643789861282
2025,1.1223758909358237,0.3815673470246631,2.0275989863253594,0.5254643789861283
2026,0.9069541562901624,1.0579415357086153,2.00628960764572,0.5567068953764172
2027,1.1231622702324158,0.38625607690650515,2.00628960764572,0.5567068953764172
2028,0.9007870435007295,1.0468194582338908,1.983809436844855,0.5862757579172598
2029,1.1237768238840253,0.3911786964538393,1.983809436844855,0.5862757579172599
2030,0.8947344345291391,1.035243173695252,1.9602481891403667,0.6142065972409652
2031,1.1241866732606542,0.3963161076675653,1.9602481891403667,0.6142065972409652
2032,0.8888845944168705,1.0232726932767335,1.9357004279369587,0.640536706408582
2033,1.1243613051373638,0.4016500307510817,1.9357004279369587,0.640536706408582
2034,0.8833252477041045,1.0109705392720936,1.9102656606908406,0.6653046043393296
2035,1.124272445543937,0.40716272968922,1.9102656606908406,0.6653046043393298
2036,0.8781429516754574,0.9984017598259638,1.8840484544293308,0.6885497337788579
2037,1.1238939408975999,0.4128367862403626,1.8840484544293308,0.6885497337788578
2038,0.8734223891714958,0.985633929921488,1.8571585648226614,0.7103122445241818
2039,1.1232016468972281,0.41865491913052283,1.8571585648226614,0.7103122445241814
2040,0.869245588598816,0.9727371317424743,1.829711071391041,0.7306328322108
2041,1.1221733254323352,0.42459984453633115,1.829711071391041,0.7306328322107999
2042,0.865691083944557,0.9597839064891635,1.8018265097303672,0.7495526142189217
2043,1.1207885495802614,0.43065417354075985,1.8018265097303672,0.7495526142189217
2044,0.8628330330964004,0.9468491686373195,1.7736309895211277,0.7671130309322436
2045,1.119028616624573,0.43680034207953417,1.7736309895211277,0.7671130309322433
2046,0.8607403181605503,0.9340100725756394,1.7452562845278252,0.7833557646603464
2047,1.1168764689211463,0.4430205689142878,1.7452562845278252,0.7833557646603465
2048,0.8594756562275624,0.9213458206435198,1.7168398778077096,0.7983226710910288
2049,1.114316622360654,0.4492968373250308,1.7168398778077096,0.798322671091029
2050,0.8590947525737184,0.9089374009636892,1.6885249419776074,0.8120557197774059
2051,1.111335102122476,0.4556108964706745,1.6885249419776074,0.8120557197774059
2052,0.8596455300381821,0.8968672433040035,1.6604602307499334,0.824596941237259
2053,1.1079193853813907,0.46194427868974847,1.6604602307499334,0.8245969412372592
2054,0.8611674678284815,0.8852187817261113,1.6327998542466309,0.8359883789574676
2055,1.1040583506111452,0.46827832937715574,1.6327998542466309,0.8359883789574675
2056,0.8636910800267142,0.8740759142245458,1.605702907152839,0.8462720450814476
2057,1.0997422331251696,0.47459424645514464,1.605702907152839,0.8462720450814476
2058,0.8672375586189314,0.863522352166163,1.579332916043241,0.8554898788913838
2059,1.0949625865016868,0.4808731268404227,1.579332916043241,0.8554898788913845
2060,0.8718185982806198,0.8536408563080882,1.55385707082557,0.8636837074298428
2061,1.0897122495561995,0.48709601768148736,1.55385707082557,0.8636837074298429
2062,0.877436411039665,0.8445123616176397,1.5294452059764112,0.870895207769557
2063,1.0839853185470711,0.493243970491286,1.5294452059764112,0.8708952077695571
2064,0.8840839291347109,0.8340593598295178,1.506268500992425,0.8771658705571242
2065,1.0777771243282634,0.49929809662387903,1.506268500992425,0.8771658705571244
2066,0.8917451848167994,0.8168376432192058,1.4844978771765702,0.8825369645403376
2067,1.0710842141962083,0.4855098106441187,1.4844978771765702,0.8825369645403377
2068,0.9003958473897538,0.7997147651197052,1.4643020803386089,0.8870495018495734
2069,1.0639043382144198,0.4678747552860859,1.4643020803386089,0.8870495018495737
2070,0.9100038911662642,0.7827572513816262,1.4458454566956822,0.8907442038478258
2071,1.0562364398392052,0.4502512888884117,1.4458454566956822,0.8907442038478259
2072,0.9205303636888791,0.7660350747875487,1.4292854520996432,0.8936614673962832
2073,1.048080650712313,0.43270433749898635,1.4292854520996432,0.8936614673962836
2074,0.9319302216853117,0.7496216540309917,1.4147698917141738,0.8958413314061527
2075,1.0394382895313012,0.41530597966551464,1.4147698917141738,0.8958413314061532
2076,0.9441532026668209,0.7335937780260009,1.4024341263703657,0.8973234435652255
2077,1.0303118649556768,0.39813661986860366,1.4024341263703657,0.8973234435652252
2078,0.9571447024795059,0.7180314321759723,1.3923981598985506,0.8981470271412378
2079,1.0207050825564759,0.38128629989960783,1.3923981598985506,0.8981470271412376
2080,0.9708466329790336,0.7030175002753308,1.384763894754083,0.8983508477748304
2081,1.0106228558689347,0.3648561092376414,1.384763894754083,0.8983508477748305
2082,0.9851982387621173,0.6886373137668078,1.379612646895265,0.8979731801838979
2083,1.0000713216624062,0.3489596101848258,1.379612646895265,0.8979731801838977
2084,1.0001368570191536,0.6749780199066235,1.377003081313676,0.8970517747092559
2085,0.9890578595988101,0.333724123517987,1.377003081313676,0.8970517747092559
2086,1.0155986096183702,0.6621277429446929,1.3769697045047014,0.8956238236395796
2087,0.9775911165108151,0.31929161985265975,1.3769697045047014,0.8956238236395799
2088,1.0315190211515124,0.6501745187309721,1.3795220194240119,0.8937259272619897
2089,0.9656810355937022,0.3058188306511656,1.3795220194240119,0.8937259272619901
2090,1.0478335606437896,0.6392049941395237,1.3846444047081496,0.8913940595941678
2091,0.953338890870413,0.29347604538795236,1.3846444047081496,0.8913940595941682
2092,1.0644781078469894,0.6293028989175515,1.3922967282012688,0.8886635337647829
2093,0.9405773273574001,0.2824439403200019,1.3922967282012688,0.8886635337647832
2094,1.081389347475584,0.6205473188595709,1.4024156517644613,0.8855689670217893
2095,0.9274104074290527,0.27290777275338807,1.4024156517644613,0.8855689670217891
2096,1.098505096458666,0.6130108243463083,1.4149165368564371,0.882144245363114
2097,0.913853663949703,0.2650484937831483,1.4149165368564371,0.8821442453631139
2098,1.1157645703546546,0.6067575347290043,1.4296958242503837,0.878422487801654
2099,0.8999241608129521,0.2590308983032051,1.4296958242503837,0.8784224878016541
2100,1.1331085956207152,0.6018412229564145,1.446633740083644,0.8744360102965627
2101,0.8856405615958386,0.2549898537206082,1.446633740083644,0.8744360102965627
2102,1.150479774559063,0.598303581576064,1.4655971751450811,0.8702162894056015
2103,0.8710232070965881,0.25301670692467587,1.4655971751450811,0.8702162894056009
2104,1.1678226095858366,0.5961727762093725,1.4864425933174483,0.8657939257389105
2105,0.8560942025740567,0.25314867969694127,1.4864425933174483,0.8657939257389107
2106,1.1850835930799755,0.5954624025126931,1.5090188450352795,0.8611986073227813
2107,0.8408775155370601,0.25536388696010526,1.5090188450352795,0.8611986073227811
2108,1.202211268548518,0.5961709366898937,1.533169788251796,0.8564590730126433
2109,0.8253990849322341,0.2595833605243405,1.533169788251796,0.8564590730126432
2110,1.2191562682534032,0.5982817302072275,1.5587366485211824,0.8516030761272163
2111,0.8096869425356611,0.2656795709467591,1.5587366485211824,0.8516030761272164
2112,1.2358713318302148,0.6017635519092156,1.5855600778808023,0.846657348509955
2113,0.7937713472471254,0.2734892781915817,1.5855600778808023,0.846657348509955
2114,1.252311309824932,0.6065716326149194,1.6134818967916291,0.8416475652589945
2115,0.7776849327909662,0.2828278213764549,1.6134818967916291,0.8416475652589951
2116,1.2684331555031576,0.6126491260406508,1.6423465230972918,0.8365983104018202
2117,0.7614628690107024,0.29350229589498256,1.6423465230972918,0.8365983104018201
2118,1.2841959077611829,0.619928871461889,1.67200210637927,0.8315330438248796
2119,0.7451430364627408,0.3053220419946249,1.67200210637927,0.8315330438248799
2120,1.2995606674967917,0.6283353308964759,1.7023013955046706,0.8264740698002172
2121,0.7287662133130568,0.31810592168483515,1.7023013955046706,0.8264740698002171
2122,1.3144905693822078,0.6377865765049309,1.7331023722972516,0.8214425074796026
2123,0.7123762725523967,0.33168662459473025,1.7331023722972516,0.8214425074796023
2124,1.3289507506211415,0.6481962194078733,1.7642686860161951,0.8164582637503222
2125,0.6960203861897215,0.34591262537405304,1.7642686860161951,0.8164582637503222
2126,1.3429083179634003,0.6594751947088544,1.79566992262114,0.8115400088643661
2127,0.6797492312678723,0.3606484972768056,1.79566992262114,0.8115400088643661
2128,1.3563323139896937,0.6715333443875623,1.8271817404642756,0.8067051552628975
2129,0.66361719017026,0.37577419977775905,1.8271817404642756,0.8067051552628977
2130,1.3691936834611413,0.6842807658064674,1.858685900762208,0.8019698400194102
2131,0.647682534656376,0.3911838093351872,1.858685900762208,0.8019698400194105
2132,1.3814652403475332,0.6890262858293092,1.8900702174824247,0.7973489113167733
2133,0.6320075793022457,0.40678401460440994,1.8900702174824247,0.7973489113167734
2134,1.3931216360005838,0.6916124548899872,1.9212284475015617,0.792855919354643
2135,0.6166587855064609,0.42249257739508017,1.9212284475015617,0.7928559193546432
2136,1.404139328818684,0.6954582061793202,1.9520601382982667,0.7885031120539638
2137,0.6017067920270422,0.43823687391919136,1.9520601382982667,0.7885031120539636
2138,1.414496555653693,0.7005190846228664,1.9824704471752428,0.7843014358843349
2139,0.5872263423725816,0.4539525731330827,1.9824704471752428,0.7843014358843354
2140,1.4241733051344099,0.7067414566759251,2.012369943132696,0.7802605420881549
2141,0.5732960737547492,0.4695824731173552,2.012369943132696,0.7802605420881553
2142,1.4331512930221924,0.7140638163402488,2.041674400057568,0.776388798513373
2143,0.5599981275139878,0.4850754957016706,2.041674400057568,0.7763887985133735
2144,1.4414139396688703,0.7224181875707755,2.070304587835838,0.772693307195561
2145,0.547417538146997,0.4986398845807608,2.070304587835838,0.7726933071955612
2146,1.4489463496132282,0.7317315508963705,2.0981860663058347,0.7691799277513739
2147,0.5356413588974933,0.4902716759313613,2.0981860663058347,0.7691799277513741
2148,1.4557352933277874,0.7419272310479909,2.1252489856065018,0.7658533065613513
2149,0.524757488244894,0.48148640349940314,2.1252489856065018,0.7658533065613519
2150,1.4617691911106823,0.7529261950950139,2.1514278953906762,0.7627169116325921
2151,0.5148531755107546,0.47229064265221044,2.1514278953906762,0.7627169116325925
2152,1.4670380991066119,0.764648224919924,2.1766615645253844,0.7597730729436736
2153,0.5060132067127411,0.4626916301887317,2.1766615645253844,0.7597730729436742
2154,1.471533697434975,0.777012941982103,2.200892812248281,0.7570230279878298
2155,0.49831780404935616,0.45269726968743845,2.200892812248281,0.75702302798783
2156,1.47524928040127,0.7899406748953951,2.224068351255461,0.7544669721484498
2157,0.49184031228029135,0.44231614012854353,2.224068351255461,0.7544669721484496
2158,1.4781797487689108,0.8033531705846384,2.2461386428299255,0.7521041134658648
2159,0.4866447883669941,0.43155750865543036,2.2461386428299255,0.7521041134658651
2160,1.4803216040719909,0.8171741574022353,2.267057763855581,0.7499327312883547
2161,0.48278364988628647,0.42043134857409975,2.267057763855581,0.749932731288355
2162,1.4816729449546358,0.8313297736624589,2.286783285377179,0.7479502382451901
2163,0.4802955639350331,0.4089483639985483,2.286783285377179,0.7479502382451906
2164,1.4822334655289184,0.8457488779138563,2.305276162244101,0.7461532449367839
2165,0.4792037627668345,0.3971200229615805,2.305276162244101,0.7461532449367841
2166,1.4820044557504073,0.8603632583607884,2.322500633301129,0.7445376267075774
2167,0.4795149495753548,0.38495860136317595,2.322500633301129,0.7445376267075775
2168,1.48098880381783,0.8751077586285407,2.3384241315507976,0.743098591851614
2169,0.4812189076602386,0.37247724087702294,2.3384241315507976,0.743098591851614
2170,1.4791910006106999,0.8899203359690906,2.35301720370051,0.7418307505987669
2171,0.4842888554820546,0.35969002495912794,2.35301720370051,0.7418307505987667
2172,1.4766171461856452,0.9047420663828036,2.3662534385162837,0.7407281842407571
2173,0.4886825112857092,0.34661207851517734,2.3662534385162837,0.7407281842407569
2174,1.4732749583581939,0.9195171092605628,2.378109403428273,0.7397845137794634
2175,0.4943437588460209,0.33325969875407485,2.378109403428273,0.7397845137794635
2176,1.4691737834014233,0.9341926422293486,2.3885645888668225,0.738992967514246
2177,0.5012047533557225,0.31965052753408435,2.3885645888668225,0.7389929675142459
2178,1.464324608895696,0.948718775043796,2.397601359848628,0.7383464470284864
2179,0.5091882810277211,0.3058037794712265,2.397601359848628,0.7383464470284865
2180,1.4587400787640374,0.9630484496856588,2.4052049143781624,0.7378375910865345
2181,0.5182101882932109,0.2917405457980623,2.4052049143781624,0.7378375910865342
2182,1.4524345105248986,0.977137332352102,2.411363248278148,0.7374588370088212
2183,0.5281817213183345,0.27748420231147947,2.411363248278148,0.7374588370088208
2184,1.4454239147872503,0.9909437017445105,2.416067126113206,0.7372024791532271
2185,0.5390116553126384,0.2630609620900709,2.416067126113206,0.737202479153227
2186,1.4377260170011628,1.0044283370065896,2.4193100579220004,0.7370607241930234
2187,0.5506081366140528,0.2485006321204336,2.4193100579220004,0.7370607241930234
2188,1.4293602814591473,1.017554407787766,2.421088281524625,0.7370257429441737
2189,0.5628802013329905,0.2338376608867199,2.421088281524625,0.7370257429441737
2190,1.4203479375180985,1.0302873682039233,2.42140075022316,0.737089718555998
2191,0.5757389676900503,0.21911260659347506,2.42140075022316,0.7370897185559981
2192,1.410712007977143,1.0425948559089904,2.4202491257640837,0.7372448909378614
2193,0.5890985231211652,0.20437422115486747,2.4202491257640837,0.7372448909378618
2194,1.4004773395011312,1.0544465970550558,2.4176377764812775,0.7374835973495926
2195,0.6028765419227549,0.189682445656224,2.4176377764812775,0.7374835973495929
2196,1.3896706349207122,1.0658143175842545,2.4135737805876807,0.7377983091339955
2197,0.6169946761295675,0.17511276574741932,2.4135737805876807,0.7377983091339957
2198,1.378320487165409,1.0766716610439129,2.4080669346320627,0.738181664615451
2199,0.6313787634476138,0.1607625994632354,2.4080669346320627,0.7381816646154511
2200,1.3664574144929817,1.086090102687077,2.4011297671847656,0.7386264982289026
2201,0.6459588933796987,0.14676069035719194,2.4011297671847656,0.7386264982289028
2202,1.3541138965634831,1.0884427433376225,2.3927775578624657,0.7391258659782927
2203,0.6606693678472788,0.1332807880496278,2.3927775578624657,0.739125865978293
2204,1.3413244107662583,1.0900864608781706,2.383028361846647,0.7396730673527934
2205,0.6754485868768886,0.12056089796027722,2.383028361846647,0.7396730673527938
2206,1.3281254680390924,1.0910188622216905,2.371903040093251,0.7402616638530882
2207,0.690238884121732,0.10892804624621896,2.371903040093251,0.7402616638530884
2208,1.3145556472169109,1.0912387804133612,2.3594252954710964,0.7408854942988062
2209,0.7049863316311903,0.09882326048051775,2.3594252954710964,0.7408854942988067
2210,1.3006556267092686,1.0907462693064904,2.3456217151033987,0.7415386871023181
2211,0.7196405286146579,0.09080805732226203,2.3456217151033987,0.7415386871023183
2212,1.2864682120280135,1.0895426008710147,2.3305218192188266,0.742215669703898
2213,0.7341543850543432,0.08551268612087178,2.3305218192188266,0.7422156697038986
2214,1.2720383573665415,1.0876302650970828,2.314158116844312,0.7429111753692036
2215,0.7484839078843675,0.0834849422985597,2.314158116844312,0.742911175369204
2216,1.2574131790689111,1.0850129724891218,2.296566168689361,0.7436202475525531
2217,0.7625879949951173,0.08497428010994812,2.296566168689361,0.7436202475525535
2218,1.2426419584217774,1.0816956591783993,2.2777846575779095,0.7443382420291272
2219,0.7764282404433382,0.08980805334796413,2.2777846575779095,0.7443382420291277
2220,1.2277761307588584,1.077684494714681,2.2578554667754727,0.745060826996346
2221,0.7899687528469264,0.09748079416600046,2.2578554667754727,0.7450608269963467
2222,1.2128692573947495,1.0729868926303177,2.2368237665318627,0.745783981339815
2223,0.8031759879228703,0.10736707376199293,2.2368237665318627,0.7457839813398158
2224,1.1979769764163752,1.0676115239031398,2.2147381091074196,0.7465039912526894
2225,0.8160185954035118,0.1188901168919571,2.2147381091074196,0.74650399125269
2226,1.1831569278771787,1.0615683334780093,2.1916505324665203,0.7472174453895262
2227,0.8284672800701774,0.13158906426565803,2.1916505324665203,0.7472174453895265
2228,1.1684686484909235,1.0548685600407728,2.1676166726972794,0.7479212287269387
2229,0.8404946763174931,0.1451195485245325,2.1676166726972794,0.7479212287269389
2230,1.1539734305482492,1.0475247592726544,2.142695885040273,0.7486125152939699
2231,0.8520752354614952,0.15923032295844583,2.142695885040273,0.7486125152939701
2232,1.1397341395303293,1.0395508308475625,2.1169513731688596,0.7492887599252743
2233,0.8631851248951493,0.17373801043223777,2.1169513731688596,0.7492887599252748
2234,1.1258149848315475,1.0309620494690206,2.0904503260439435,0.7499476891801811
2235,0.873802138149636,0.18850692249243903,2.0904503260439435,0.7499476891801812
2236,1.1122812381982978,1.0217751002767834,2.063264061248838,0.7505872915606508
2237,0.8839056149188214,0.2034345551276076,2.063264061248838,0.7505872915606511
2238,1.0991988950218328,1.012008118984774,2.0354681731745545,0.7512058071512112
2239,0.8934763701329909,0.218441586720189,2.0354681731745545,0.7512058071512114
2240,1.086634274568834,1.0016807371403622,2.007142683749175,0.7518017167942341
2241,0.9024966312154685,0.23346506882088214,2.007142683749175,0.7518017167942345
2242,1.0746535566662487,0.9908141329183113,1.9783721925617987,0.7523737309045386
2243,0.9109499827144361,0.24845378593392062,1.9783721925617987,0.7523737309045386
2244,1.0633222543307104,0.9794310878783261,1.949246022195834,0.752920778018287
2245,0.9188213175667219,0.2633650683151919,1.949246022195834,0.7529207780182872
2246,1.0527046243688754,0.967556050119535,1.9198583533331015,0.7534419931625732
2247,0.9260967943167726,0.27816257809472633,1.9198583533331015,0.7534419931625739
2248,1.0428630210467624,0.9552152042537255,1.8903083426982035,0.7539367061239873
2249,0.9327637996799827,0.2928147519965457,1.8903083426982035,0.7539367061239878
2250,1.0338572014445018,0.942436548585658,1.8607002151691658,0.7544044296867928
2251,0.9388109159034247,0.30729369171832294,1.8607002151691658,0.7544044296867932
2252,1.025743594914811,0.9292499798253057,1.8311433193870548,0.7548448479042245
2253,0.9442278924378772,0.3215743632957898,1.8311433193870548,0.7548448479042249
2254,1.0185745529083474,0.9156873855532919,1.8017521339785658,0.7552578044597222
2255,0.9490056214923669,0.3356340125088662,1.8017521339785658,0.7552578044597227
2256,1.0123975990057932,0.9017827445042023,1.7726462091188446,0.7556432911687321
2257,0.9531361170961012,0.349451733311214,1.7726462091188446,0.7556432911687321
2258,1.0072547019446756,0.8875722345067857,1.743950025710222,0.7560014366659492
2259,0.956612497342694,0.3630081460223277,1.743950025710222,0.7560014366659498
2260,1.003181596374475,0.8730943476055322,1.7157927520988265,0.7563324953175877
2261,0.9594289695382018,0.37628515520811173,1.7157927520988265,0.7563324953175878
2262,1.0002071766767415,0.8583900114608454,1.688307876231071,0.7566368363933353
2263,0.9615808180179944,0.3892657660812131,1.688307876231071,0.7566368363933357
2264,0.9983529881962205,0.8435027155568599,1.661632689785558,0.7569149335281763
2265,0.9630643944382286,0.40193394433919055,1.661632689785558,0.7569149335281762
2266,0.9976328375320861,0.8284786400046327,1.6359076005098225,0.7571673545000998
2267,0.9638771103861026,0.41427450856917775,1.6359076005098225,0.7571673545001001
2268,0.9980525391990901,0.8133667837785933,1.6112752502296321,0.7573947513459128
2269,0.964017432189543,0.42627304729482723,1.6112752502296321,0.7573947513459133
2270,0.9996098102396397,0.7982190880292185,1.5878794193124481,0.7575978508338798
2271,0.9634848778419564,0.4379158548277315,1.5878794193124481,0.7575978508338799
2272,1.002294317674416,0.783090548640983,1.5658637042778043,0.7577774453087134
2273,0.962280015991607,0.4385068941480444,1.5658637042778043,0.7577774453087134
2274,1.006087876571079,0.7680393104263237,1.5453699641790068,0.7579343839214988
2275,0.9604044669784957,0.4233605819410032,1.5453699641790068,0.7579343839214988
2276,1.0109647895927796,0.7531267332560577,1.5265365435391145,0.7580695642544358
2277,0.9578609059347492,0.4082730674467089,1.5265365435391145,0.7580695642544356
2278,1.016892312740125,0.7384174180476849,1.5094962948601778,0.7581839243478201
2279,0.9546530679979545,0.393309586427267,1.5094962948601778,0.7581839243478199
2280,1.0238312271003893,0.7239791779369272,1.4943744413977544,0.7582784351344084
2281,0.9507857557210104,0.37854289494390103,1.4943744413977544,0.7582784351344083
2282,1.0317364930868855,0.7098829372865811,1.481286339776457,0.7583540932842482
2283,0.9462648487973861,0.3640542682324545,1.481286339776457,0.7583540932842481
2284,1.0405579620239165,0.6962025386769136,1.4703352202953732,0.7584119144611199
2285,0.9410973162576368,0.34993452100967604,1.4703352202953732,0.7584119144611199
2286,1.050241119958995,0.6830144360284804,1.4616099981385513,0.7584529269900164
2287,0.9352912313320781,0.33628496426207966,1.4616099981385513,0.7584529269900163
2288,1.0607278400592421,0.6703972510208082,1.4551832586683557,0.7584781659334575
2289,0.9288557892161233,0.32321816018003535,1.4551832586683557,0.7584781659334572
2290,1.0719571225601987,0.6584311706100391,1.4511095222524064,0.7584886675729698
2291,0.9218013280193939,0.3108582665869306,1.4511095222524064,0.7584886675729697
2292,1.0838658046156378,0.6471971664330499,1.4494238870695826,0.758485464290719
2293,0.9141393532277394,0.29934067931073355,1.4494238870695826,0.7584854642907188
2294,1.096389226176315,0.6367760229450292,1.4501411316144763,0.7584695798450287
2295,0.9058825660591152,0.28881060046777085,1.4501411316144763,0.758469579845028
2296,1.109461841871439,0.627247170870326,1.4532553331544202,0.7584420250324136
2297,0.8970448961501609,0.2794201144033037,1.4532553331544202,0.7584420250324135
2298,1.1230177725107107,0.6186873362134846,1.4587400265935317,0.7584037937277108
2299,0.8876415390704636,0.2713233928111244,1.4587400265935317,0.7584037937277106
2300,1.1369912930751376,0.6111690323587572,1.4665488935688915,0.7583558592929532
2301,0.8776889992258106,0.2646698400781956,1.4665488935688915,0.758355859292953
2302,1.1513172568057495,0.6047589425542915,1.476616938157499,0.7582991713448134
2303,0.8672051387799212,0.2595953760408539,1.476616938157499,0.7582991713448132
2304,1.1659314571824455,0.5995162602727632,1.4888620771080325,0.7582346528696553
2305,0.8562092332953825,0.25621261462147404,1.4888620771080325,0.7582346528696545
2306,1.1807709312157053,0.5954910726561267,1.503187051947706,0.7581631976745762
2307,0.8447220348673913,0.2546012926373673,1.503187051947706,0.7581631976745753
2308,1.1957742085949956,0.5927228841000212,1.519481559243399,0.75808566816222
2309,0.8327658435961316,0.25480067747459023,1.519481559243399,0.7580856681622197
2310,1.2108815119160323,0.5912393798015542,1.5376244938475585,0.7580028934166173
2311,0.820364588311591,0.25680557129310594,1.5376244938475585,0.7580028934166172
2312,1.2260349135222621,0.5910555205817735,1.5574862069731854,0.7579156675868648
2313,0.8075439175231449,0.2605668428602033,1.5574862069731854,0.7579156675868648
2314,1.241178454523071,0.5921730400896049,1.5789306943629295,0.7578247485550872
2315,0.7943313016076526,0.2659963607375627,1.5789306943629295,0.7578247485550867
2316,1.2562582313664794,0.5945803854098092,1.6018176471793442,0.7577308568748078
2317,0.7807561472634205,0.27297519585106655,1.6018176471793442,0.7577308568748075
2318,1.2712224550126558,0.5982531060346643,1.6260043171252487,0.7576346749656252
2319,0.7668499252282402,0.28136339859533116,1.6260043171252487,0.7576346749656248
2320,1.2860214873309848,0.6031546593582828,1.6513471656630347,0.7575368465499189
2321,0.7526463121674247,0.2910096719457289,1.6513471656630347,0.7575368465499185
2322,1.3006078588711636,0.6092375687236559,1.6777032835606376,0.757437976317196
2323,0.7381813474547566,0.30175971242818916,1.6777032835606376,0.7574379763171954
2324,1.314936271671019,0.6164448469495687,1.7049315804733554,0.7573386298016448
2325,0.7234936052590591,0.31346259819440636,1.7049315804733554,0.7573386298016443
2326,1.3289635902844588,0.624711586596034,1.7328937545363252,0.7572393334584774
2327,0.7086243818638723,0.3259751326578355,1.7328937545363252,0.7572393334584772
2328,1.3426488237586571,0.6339666181516564,1.761455059067884,0.7571405749246993
2329,0.6936178974263665,0.33916439221529515,1.761455059067884,0.7571405749246988
2330,1.3559531008704728,0.6441341470525209,1.7904848878182982,0.7570428034500878
2331,0.6785215103475285,0.3529088767065666,1.7904848878182982,0.7570428034500873
2332,1.3688396405538692,0.6551352969423312,1.8198572022346344,0.7569464304843121
2333,0.6633859409857661,0.36709867602175705,1.8198572022346344,0.7569464304843122
2334,1.3812737191148103,0.6631096123567513,1.849450824486724,0.7568518304063748
2335,0.6482654994917683,0.3816350083526857,1.849450824486724,0.7568518304063746
2336,1.3932226355374497,0.6634850478571557,1.8791496190198729,0.7567593413827987
2337,0.6332183099541646,0.3964294023880294,1.8791496190198729,0.7567593413827987
2338,1.4046556759333841,0.6651162950989101,1.9088425836082927,0.7566692663413285
2339,0.6183065197035807,0.4114027148158143,1.9088425836082927,0.756669266341328
2340,1.415544077971334,0.6679880105965103,1.9384238686353314,0.7565818740472323
2341,0.6035964784279642,0.42648410787158625,1.9384238686353314,0.7565818740472321
2342,1.4258609959442654,0.6720736757200695,1.9677927408921951,0.7564974002697128
2343,0.589158866660656,0.44161006206094905,1.9677927408921951,0.7564974002697127
2344,1.4355814669809615,0.6773363503483402,1.9968535057576204,0.7564160490263268
2345,0.5750687472793825,0.456723464806882,1.9968535057576204,0.7564160490263263
2346,1.4446823787856111,0.683729681488922,2.0255153993230244,0.7563379938937941
2347,0.561405507148204,0.47177279332738853,2.0255153993230244,0.7563379938937936
2348,1.4531424391886094,0.6911991015300194,2.0536924599358697,0.7562633793740314
2349,0.5482526494756136,0.48671139622193915,2.0536924599358697,0.7562633793740312
2350,1.4609421477111055,0.6996831445539481,2.081303386785123,0.7561923223047565
2351,0.5356973917695137,0.501496870290096,2.081303386785123,0.7561923223047564
2352,1.4680637692820058,0.7091148101154839,2.1082713915566726,0.756124913304529
2353,0.5238300208445893,0.5140135147260017,2.1082713915566726,0.7561249133045287
2354,1.4744913101963948,0.7194229108683318,2.134524047835809,0.7560612182426233
2355,0.5127429570910601,0.505465000898998,2.134524047835809,0.7560612182426232
2356,1.4802104963664708,0.7305333515770784,2.159993141810173,0.7560012797246809
2357,0.5025294874581585,0.4964719432971288,2.159993141810173,0.7560012797246809
2358,1.485208753887993,0.7423703003550703,2.184614526905972,0.7559451185856387
2359,0.49328214271667337,0.4870435085752597,2.184614526905972,0.7559451185856387
2360,1.4894751919252693,0.7548572265783526,2.208327984247004,0.7558927353819932
2361,0.48509072134499653,0.47718939065307103,2.208327984247004,0.755892735381993
2362,1.4930005879043295,0.7679177924224961,2.2310770902343235,0.755844111876028
2363,0.478040000134513,0.4669198204481958,2.2310770902343235,0.755844111876028
2364,1.4957773749959076,0.7814765954495297,2.252809092080104,0.7557992125051836
2365,0.47220721808487937,0.4562455787849761,2.252809092080104,0.755799212505184
2366,1.4977996318661484,0.7954597677241411,2.273474791770748,0.7557579858303146
2367,0.46765946976840495,0.4451780133130609,2.273474791770748,0.7557579858303146
2368,1.4990630746725948,0.8097954425420921,2.2930284386623003,0.7557203659571248
2369,0.4644511881722327,0.43372906049808724,2.2930284386623003,0.7557203659571249
2370,1.499565051285299,0.8244141032550995,2.311427630709465,0.7556862739256235
2371,0.46262192417438824,0.42191127404686346,2.311427630709465,0.7556862739256234
2372,1.4993045377170828,0.839248830264749,2.328633224183991,0.7556556190629644
2373,0.46219463014086815,0.40973786152785824,2.328633224183991,0.7556556190629643
2374,1.4982821367525443,0.8542354624692399,2.344609251637458,0.7556283002955558
2375,0.46317462284282,0.3972227314810895,2.344609251637458,0.755628300295556
2376,1.4965000787717415,0.8693126886966278,2.3593228477979467,0.7556042074168324
2377,0.465549337527333,0.3843805540317244,2.3593228477979467,0.7556042074168329
2378,1.4939622247711521,0.8844220833043217,2.372744183052028,0.7555832223075616
2379,0.4692889003224451,0.37122683900358483,2.372744183052028,0.7555832223075613
2380,1.4906740715909927,0.8995080984507307,2.3848464041467543,0.755565220106027
2381,0.4743474561713802,0.3577780368805067,2.3848464041467543,0.755565220106027
2382,1.486642759363766,0.9145180237608634,2.3956055817457833,0.7555500703258877
2383,0.4806651117277745,0.34405166984363506,2.3956055817457833,0.7555500703258878
2384,1.481877081203504,0.9294019223572489,2.405000664485625,0.7555376379199183
2385,0.48817030102314346,0.3300665027560307,2.405000664485625,0.7555376379199185
2386,1.4763874951579985,0.9441125506009538,2.413013439199047,0.755527784288266
2387,0.4967823627987922,0.3158427677237723,2.413013439199047,0.7555277842882658
2388,1.47018613844668,0.9586052674341287,2.4196284970005824,0.755520368230224
2389,0.5064141305135038,0.30140246126696535,2.4196284970005824,0.7555203682302242
2390,1.4632868440040268,0.9728379379554974,2.424833204961966,0.7555152468388959
2391,0.5169743712248366,0.28676974099842123,2.424833204961966,0.755515246838896
2392,1.4557051593415429,0.9867708347941601,2.428617683141844,0.7555122763384527
2393,0.5283699569453342,0.2719714602892471,2.428617683141844,0.7555122763384526
2394,1.4474583677294295,1.0003665399634503,2.430974786773057,0.7555113128640025
2395,0.5405077013328139,0.2570378966573007,2.430974786773057,0.7555113128640026
2396,1.4385655116809066,1.0135898491572999,2.4319000934516137,0.7555122131843871
2397,0.5532958380276523,0.24200375561261922,2.4319000934516137,0.7555122131843873
2398,1.4290474186962627,1.0264076798756288,2.431391895213358,0.7555148353684816
2399,0.5666451504069399,0.22690957123563377,2.431391895213358,0.7555148353684817
2400,1.418926729188499,1.0387889843114102,2.429451195426984,0.7555190393958218
2401,0.5804697848814449,0.21180368529847773,2.429451195426984,0.755519039395822
2402,1.408227926465952,1.0507046675800855,2.4260817104751435,0.7555246877126074
2403,0.5946877921466074,0.1967450795004803,2.4260817104751435,0.7555246877126074
2404,1.3969773685872768,1.062127511603652,2.4212898762385575,0.7555316457343235
2405,0.6092214451432375,0.18180747617441437,2.4212898762385575,0.7555316457343236
2406,1.3852033218281299,1.073032104761147,2.415084859441169,0.7555397822964129
2407,0.6239973812968661,0.16708533003462234,2.415084859441169,0.7555397822964129
2408,1.3729359954038909,1.0833947772707515,2.4074785739571,0.7555489700545758
2409,0.6389466120645216,0.1527026155202754,2.4074785739571,0.7555489700545754
2410,1.3602075769756496,1.0884293325456171,2.3984857022222617,0.755559085836421
2411,0.6540044366345354,0.13882562202059667,2.3984857022222617,0.7555590858364207
2412,1.3470522683239354,1.0898763106901024,2.3881237219344915,0.7555700109463134
2413,0.6691102899981561,0.12568105055744974,2.3881237219344915,0.7555700109463136
2414,1.3335063204026338,1.0906197648275489,2.3764129382654993,0.7555816314253525
2415,0.6842075492915605,0.1135797225968479,2.3764129382654993,0.7555816314253527
2416,1.319608066780458,1.0906584229565557,2.3633765218450065,0.7555938382685045
2417,0.6992433166979211,0.10294198541245851,2.3633765218450065,0.7555938382685046
2418,1.3053979542356062,1.0899922265638915,2.349040552811257,0.7556065276009871
2419,0.714168192466046,0.09430946837646607,2.349040552811257,0.7556065276009873
2420,1.2909185689877054,1.088622330462435,2.3334340712512742,0.7556196008160319
2421,0.728936047758033,0.0883078667410472,2.3334340712512742,0.7556196008160321
2422,1.2762146567275205,1.0865511049616126,2.3165891343771134,0.7556329646762109
2423,0.743503804011969,0.08551665658767152,2.3165891343771134,0.7556329646762112
2424,1.2613331342384115,1.0837821403976617,2.2985408807986727,0.7556465313805178
2425,0.7578312231861963,0.08625853272228146,2.2985408807986727,0.7556465313805182
2426,1.2463230899955655,1.0803202540806291,2.279327602256513,0.755660218599411
2427,0.7718807115175857,0.09044416311658868,2.279327602256513,0.755660218599411
2428,1.2312357706842474,1.0761714997449496,2.258990823165892,0.7556739494800184
2429,0.7856171381614077,0.09761790200677702,2.258990823165892,0.7556739494800186
2430,1.2161245501056823,1.0713431796208408,2.237575388291154,0.7556876526236952
2431,0.799007669182119,0.10715852047269836,2.237575388291154,0.7556876526236954
2432,1.2010448764534483,1.0658438592747577,2.2151295588119315,0.7557012620380902
2433,0.8120216167461872,0.11846562861372252,2.2151295588119315,0.7557012620380906
2434,1.1860541934662727,1.0596833853987884,2.1917051169519826,0.7557147170658622
2435,0.8246303029597603,0.1310473803426769,2.1917051169519826,0.7557147170658625
2436,1.1712118305256085,1.052872906761174,2.16735747920893,0.7557279622921228
2437,0.8368069375400069,0.14453172533437658,2.16735747920893,0.7557279622921231
2438,1.1565788564088284,1.0454248985629269,2.1421458180378363,0.7557409474326503
2439,0.8485265083663258,0.15864597362640276,2.1421458180378363,0.7557409474326507
2440,1.1422178911829224,1.0373531904786133,2.1161331915901718,0.7557536272048582
2441,0.8597656838936318,0.17319110747761168,2.1161331915901718,0.755753627204858
2442,1.1281928706914541,1.0286729986922458,2.089386680776804,0.7557659611834352
2443,0.8705027264001483,0.1880202866495639,2.089386680776804,0.7557659611834356
2444,1.1145687583210433,1.0194009622712705,2.0619775324907823,0.75577791364252
2445,0.8807174150684932,0.20302309126411855,2.0619775324907823,0.7557779136425204
2446,1.101411199310682,1.0095551842517603,2.0339813072720667,0.7557894533861801
2447,0.8903909779482607,0.21811455610094774,2.0339813072720667,0.7557894533861803
2448,1.0887861138660453,0.99915527783472,2.0054780289985437,0.7558005535689225
2449,0.8995060319113914,0.2332276758740874,2.0054780289985437,0.7558005535689228
2450,1.0767592268315738,0.9882224181148316,1.9765523333206019,0.7558111915078528
2451,0.9080465297818296,0.24830829169512467,1.9765523333206019,0.7558111915078529
2452,1.0653955337055794,0.9767793997763033,1.94729361049434,0.7558213484880415
2453,0.915997713893752,0.26331157966986174,1.94729361049434,0.7558213484880419
2454,1.0547587053739456,0.9648507011920021,1.9177961369868528,0.7558310095625671
2455,0.9233460754050389,0.2781996143387072,1.9177961369868528,0.7558310095625672
2456,1.0449104370529025,0.9524625553469466,1.8881591887060603,0.7558401633486225
2457,0.9300793187627109,0.29293965715362463,1.8881591887060603,0.7558401633486228
2458,1.0359097504737254,0.9396430279690806,1.8584871269364571,0.7558488018209919
2459,0.9361863307836429,0.3075029388066104,1.8584871269364571,0.7558488018209917
2460,1.027812262140892,0.9264221031808482,1.8288894460456722,0.7558569201041088
2461,0.9416571538763975,0.3218637819347665,1.8288894460456722,0.755856920104109
2462,1.02066943430224,0.9128317768738972,1.7994807697934518,0.7558645162638487
2463,0.9464829629882895,0.3359989614135183,1.7994807697934518,0.7558645162638487
2464,1.0145278287689867,0.8989061578429719,1.7703807806879341,0.7558715911000883
2465,0.9506560459158312,0.34988723263220345,1.7703807806879341,0.7558715911000883
2466,1.009428386553697,0.8846815764771442,1.7417140644044031,0.7558781479410253
2467,0.9541697866667537,0.36350898004421334,1.7417140644044031,0.7558781479410255
2468,1.0054057580855258,0.8701967004766794,1.7136098489808453,0.7558841924401294
2469,0.9570186516081641,0.37684595288398487,1.7136098489808453,0.7558841924401296
2470,1.002487709184696,0.8554926566176034,1.6862016165786105,0.7558897323765541
2471,0.9591981781784792,0.3898810647891186,1.6862016165786105,0.7558897323765543
2472,1.0006946267963013,0.8406131569947549,1.6596265643753816,0.7558947774597282
2473,0.9607049659810168,0.40259824078494194,1.6596265643753816,0.7558947774597287
2474,1.000039145604552,0.8256046274051213,1.634024891057253,0.7558993391387978
2475,0.9615366701149619,0.41498229972888656,1.634024891057253,0.7558993391387984
2476,1.000525912157401,0.8105163345510448,1.6095388868859082,0.7559034304175009
2477,0.9616919966353245,0.4270188635541359,1.6095388868859082,0.7559034304175009
2478,1.0021514973001107,0.7954005075112587,1.586311808964697,0.7559070656749877
2479,0.9611707000679406,0.43869428694321777,1.586311808964697,0.7559070656749881
2480,1.0049044609835978,0.7803124474138132,1.5644865296218495,0.7559102604930462
2481,0.9599735829389691,0.43555270299146637,1.5644865296218495,0.7559102604930468
2482,1.0087655664351602,0.7653106174256635,1.544203955165174,0.755913031490101
2483,0.9581024973111941,0.4204498505448268,1.544203955165174,0.7559130314901015
2484,1.0137081338572953,0.7504567030453776,1.5256012248009372,0.7559153961623226
2485,0.9555603483521833,0.40541671881976366,1.5256012248009372,0.7559153961623222
2486,1.0196985178223954,0.7358156302775469,1.5088097150380806,0.7559173727320984
2487,0.9523510999924482,0.3905195144340662,1.5088097150380806,0.7559173727320986
2488,1.0266966878173476,0.7214555266607159,1.4939528927022498,0.7559189800040838
2489,0.9484797827656472,0.37583211319237114,1.4939528927022498,0.7559189800040841
2490,1.0346568882615008,0.7074476074691538,1.4811440784597345,0.7559202372289772
2491,0.943952503958034,0.36143705996161074,1.4811440784597345,0.7559202372289775
2492,1.0435283528871517,0.6938659669647091,1.47048420061674,0.7559211639751285
2493,0.938776460231232,0.34742657754714257,1.47048420061674,0.7559211639751284
2494,1.053256048565902,0.6807872527112887,1.46205963359193,0.7559217800080409
2495,0.9329599529214878,0.3339034920543887,1.46205963359193,0.7559217800080411
2496,1.063781425269688,0.6682902001887139,1.4559402243894197,0.755922105177781
2497,0.9265124062602578,0.3209819263814626,1.4559402243894197,0.7559221051777808
2498,1.0750431515529162,0.6564550058903381,1.4521776114301497,0.755922159314265
2499,0.9194443888057806,0.30878754119735313,1.4521776114301497,0.7559221593142649
2500,1.086977818364831,0.6453625204817737,1.4508039317942396,0.7559219621303701
2501,0.9117676384235901,0.29745701975539546,1.4508039317942396,0.7559219621303706
2502,1.0995205977836349,0.6350932501529342,1.4518309950331918,0.7559215331327682
2503,0.90349509120608,0.28713641650476945,1.4518309950331918,0.7559215331327684
2504,1.1126058470813376,0.6257261645701422,1.4552499754035673,0.755920891540349
2505,0.8946409147775504,0.27797795450488616,1.4552499754035673,0.7559208915403492
2506,1.1261676521218245,0.6173373240166301,1.4610316422102796,0.7559200562100913
2507,0.8852205464917561,0.2701349172335127,1.4610316422102796,0.7559200562100916
2508,1.1401403072814258,0.6099983559716957,1.4691271135064095,0.7559190455701869
2509,0.8752507370937823,0.2637544991763195,1.4691271135064095,0.7559190455701864
2510,1.1544587317536934,0.6037748312645749,1.4794690856647648,0.7559178775602223
2511,0.8647496004866883,0.2589688952216924,1.4794690856647648,0.7559178775602229
2512,1.1690588242161304,0.5987246098646024,1.4919734639941367,0.755916569578196
2513,0.8537366703149462,0.2558854829230268,1.4919734639941367,0.7559165695781962
2514,1.1838777594058933,0.5948962433431267,1.506541300354861,0.7559151384341181
2515,0.8422329641497367,0.2545775235403199,1.506541300354861,0.7559151384341186
2516,1.1988542312199202,0.5923275316767903,1.523060934019071,0.7559136003099546
2517,0.8302610561331976,0.2550771134241513,1.523060934019071,0.7559136003099548
2518,1.2139286475903042,0.5910443332600975,1.5414102317660687,0.7559119707256331
2519,0.8178451590060305,0.25737191226167033,1.5414102317660687,0.7559119707256329
2520,1.2290432826656883,0.5910597167902852,1.5614588311129634,0.7559102645108394
2521,0.8050112164999159,0.2614064141736891,1.5614588311129634,0.7559102645108391
2522,1.244142391832407,0.5923735219807237,1.5830703045395491,0.7559084957823168
2523,0.7917870071150304,0.2670874599178799,1.5830703045395491,0.7559084957823171
2524,1.2591722949079822,0.5949723649793094,1.6061041801150964,0.7559066779263742
2525,0.7782022603123661,0.2742927437766514,1.6061041801150964,0.7559066779263742
2526,1.274081432498262,0.598830088045405,1.630417772707746,0.7559048235863043
2527,0.764288786115005,0.2828806030592907,1.630417772707746,0.7559048235863041
2528,1.2888204000811319,0.603908616782077,1.6558677979961123,0.7559029446544184
2529,0.750080619010692,0.29269947743510033,1.6558677979961123,0.7559029446544185
2530,1.3033419639065167,0.6101591573238138,1.6823117574178104,0.7559010522683928
2531,0.7356141768514347,0.30359591344685266,1.6823117574178104,0.7559010522683929
2532,1.317601062316399,0.6175236444329733,1.7096090951843048,0.7558991568116252
2533,0.7209284351164815,0.31542059019706736,1.7096090951843048,0.7558991568116252
2534,1.3315547956129157,0.6259363415364821,1.737622138288205,0.7558972679173096
2535,0.7060651163934812,0.3280323401879286,1.737622138288205,0.7558972679173099
2536,1.345162407152976,0.6353254951881423,1.7662168371433251,0.7558953944759335
2537,0.6910688941757452,0.3413004447064903,1.7662168371433251,0.7558953944759338
2538,1.3583852579339877,0.6456149572671747,1.7952633284986108,0.7558935446459046
2539,0.675987608992466,0.35510560722689105,1.7952633284986108,0.7558935446459046
2540,1.3711867965624451,0.6567257053076972,1.824636344052646,0.7558917258670287
2541,0.6608724933880826,0.36934000846687776,1.824636344052646,0.7558917258670287
2542,1.3835325261670963,0.6626049093827885,1.8542154882962243,0.7558899448765595
2543,0.6457784002360115,0.38390678339363593,1.8542154882962243,0.7558899448765591
2544,1.3953899695307077,0.6631726611575147,1.8838854080238843,0.7558882077275509
2545,0.6307640261898815,0.39871917736703644,1.8838854080238843,0.7558882077275512
2546,1.4067286334669387,0.6649935256134872,1.9135358741087782,0.7558865198092531
2547,0.6158921186233128,0.4136995602607484,1.9135358741087782,0.7558865198092534
2548,1.4175199732585022,0.6680506312259813,1.9430617938714976,0.7558848858692967
2549,0.6012296500922215,0.42877841398420025,1.9430617938714976,0.7558848858692971
2550,1.4277373577960484,0.6723160242201823,1.972363169950192,0.7558833100374298
2551,0.586847939137693,0.44389336212208663,1.972363169950192,0.7558833100374303
2552,1.4373560359103277,0.677751460590511,2.00134501917822,0.7558817958505681
2553,0.5728226902159934,0.4589882783070405,2.00134501917822,0.7558817958505684
2554,1.446353104269462,0.6843094444251947,2.029917262715206,0.755880346278942
2555,0.5592339189746693,0.4740124891333073,2.029917262715206,0.7558803462789425
2556,1.4547074771150654,0.6919344459280524,2.0579945966270574,0.75587896375313
2557,0.5461657225647715,0.48892007469777754,2.0579945966270574,0.7558789637531307
2558,1.4623998580322715,0.7005642273495575,2.0854963503031416,0.7558776501917752
2559,0.5337058491677511,0.5036692626087627,2.0854963503031416,0.7558776501917757
2560,1.4694127138864983,0.7101312069454886,2.112346338542019,0.7558764070298035
2561,0.521945017892368,0.5132545678511164,2.112346338542019,0.7558764070298044
2562,1.4757302510114358,0.7205637987597381,2.1384727118219544,0.7558752352469584
2563,0.5109759416411208,0.5046441029623214,2.1384727118219544,0.7558752352469589
2564,1.4813383936959703,0.7317876775934686,2.1638078081799,0.7558741353964926
2565,0.5008920138104671,0.49558982471322804,2.1638078081799,0.7558741353964931
2566,1.4862247649906162,0.7437269319585909,2.1882880092289234,0.7558731076338655
2567,0.4917856371278062,0.48610100822190905,2.1882880092289234,0.7558731076338657
2568,1.4903786698348034,0.7563050813274319,2.2118536021233353,0.7558721517452927
2569,0.4837462012148018,0.47618745489014064,2.2118536021233353,0.755872151745293
2570,1.4937910804936008,0.7694459462343324,2.2344486487077746,0.7558712671760308
2571,0.4768577546351271,0.46585950255889824,2.2344486487077746,0.7558712671760311
2572,1.4964546242849421,0.7830743699291131,2.2560208626375218,0.7558704530582643
2573,0.47119646458196124,0.4551280389348971,2.2560208626375218,0.755870453058265
2574,1.4983635735750898,0.7971167979772807,2.27652149491111,0.7558697082384943
2575,0.4668280069231052,0.44400451914760247,2.27652149491111,0.7558697082384945
2576,1.4995138380200244,0.811501727472787,2.295905227994139,0.7558690313043214
2577,0.463805071739563,0.43250098853206226,2.295905227994139,0.7558690313043219
2578,1.4999029590329722,0.8261600406485714,2.3141300785191676,0.7558684206105479
2579,0.4621651937421933,0.4206301120438479,2.3141300785191676,0.7558684206105479
2580,1.4995301064626105,0.8410252390386869,2.331157308407084,0.7558678743044996
2581,0.4619291132192502,0.408405212125417,2.331157308407084,0.7558678743045002
2582,1.4983960774721834,0.8560335943993258,2.3469513441592325,0.7558673903505234
2583,0.4630998364520437,0.39584031739671205,2.3469513441592325,0.7558673903505236
2584,1.4965032976161208,0.8711242317433568,2.3614797040075906,0.7558669665535755
2585,0.46566249747538757,0.3829502252911643,2.3614797040075906,0.7558669665535758
2586,1.4938558241174293,0.8862391584313254,2.3747129325749037,0.7558666005818707
2587,0.4695850364742747,0.3697505827796736,2.3747129325749037,0.7558666005818706
2588,1.4904593513555233,0.9013232515641652,2.386624542681864,0.7558662899885341
2589,0.4748196205185669,0.35625799073305425,2.386624542681864,0.7558662899885348
2590,1.48632121857983,0.9163242141387616,2.39719096393934,0.755866032232235
2591,0.4813046571668869,0.3424901394341876,2.39719096393934,0.7558660322322354
2592,1.4814504198689111,0.9311925086923966,2.4063914977764997,0.7558658246967608
2593,0.48896720387020487,0.32846598551145245,2.4063914977764997,0.7558658246967607
2594,1.4758576163573731,0.945881275559686,2.4142082785774317,0.7558656647095232
2595,0.4977255615422718,0.31420598449462267,2.4142082785774317,0.7558656647095232
2596,1.469555150752869,0.9603462414404392,2.420626240627229,0.7558655495589821
2597,0.5074918564657467,0.29973239885383174,2.420626240627229,0.755865549558982
2598,1.4625570641622354,0.974545622745794,2.4256330906016945,0.7558654765109742
2599,0.5181744522725009,0.285069709629788,2.4256330906016945,0.7558654765109744
2600,1.4548791152383829,0.9884400271515493,2.429219285371458,0.7558654428239522
2601,0.5296800820737285,0.27024517192678577,2.429219285371458,0.7558654428239524
2602,1.4465388016469107,1.0019923559291146,2.4313780149303916,0.7558654457631356
2603,0.5419156397899139,0.25528957268878466,2.4313780149303916,0.7558654457631354
2604,1.4375553838323465,1.0151677089272673,2.4321051902989774,0.7558654826135871
2605,0.5547896121123381,0.2402382765547494,2.4321051902989774,0.755865482613587
2606,1.4279499110369223,1.027933293520864,2.4313994362951568,0.7558655506922248
2607,0.568213164569562,0.22513268726642582,2.4313994362951568,0.7558655506922246
2608,1.417745249488268,1.0402583384046016,2.4292620891078194,0.7558656473587889
2609,0.5821009161188803,0.2100223159322796,2.4292620891078194,0.7558656473587891
2610,1.40696611262429,1.0521140127709507,2.4256971986510285,0.7558657700257925
2611,0.5963714477759086,0.19496774520812138,2.4256971986510285,0.7558657700257922
2612,1.3956390931615923,1.0634733511536103,2.4207115357202182,0.7558659161674701
2613,0.6109475942523875,0.18004492645917583,2.4207115357202182,0.7558659161674699
2614,1.3837926967354803,1.0743111840256512,2.4143146040145647,0.7558660833277653
2615,0.6257565658022471,0.16535146341399132,2.4143146040145647,0.7558660833277655
2616,1.3714573767419087,1.08460407410169,2.4065186571323323,0.7558662691273802
2617,0.6407299426083952,0.15101582560721724,2.4065186571323323,0.7558662691273802
2618,1.3586655698915133,1.0886477518606614,2.397338720687914,0.7558664712699271
2619,0.6558035777226288,0.1372107347914995,2.397338720687914,0.7558664712699268
2620,1.3454517318395565,1.0900017130713902,2.386792619740057,0.7558666875472112
2621,0.6709174379345029,0.12417198019054003,2.386792619740057,0.7558666875472112
2622,1.3318523720795048,1.0906520641680528,2.374901011759874,0.7558669158436907
2623,0.6860154056902728,0.112222688306397,2.374901011759874,0.7558669158436908
2624,1.3179060870783605,1.0905976856299857,2.3616874254039537,0.7558671541401446
2625,0.7010450596766189,0.10179819524508747,2.3616874254039537,0.7558671541401446
2626,1.3036535903851525,1.0898386711706458,2.3471783053910817,0.7558674005165923
2627,0.715957447064933,0.09345407848015758,2.3471783053910817,0.7558674005165926
2628,1.289137738157122,1.0883763279162062,2.331403063809551,0.7558676531545071
2629,0.7307068566784648,0.08781952311681765,2.331403063809551,0.7558676531545072
2630,1.2744035482190175,1.0862131789139462,2.3143941382039146,0.7558679103383622
2631,0.7452505994171658,0.08545420361089438,2.3143941382039146,0.7558679103383622
2632,1.259498210398917,1.0833529680020668,2.296187056802992,0.7558681704565501
2633,0.759548800039608,0.0866349891152194,2.296187056802992,0.7558681704565502
2634,1.2444710854709824,1.0798006671021416,2.276820511252066,0.7558684320017213
2635,0.7735642027359775,0.09122021210579774,2.276820511252066,0.7558684320017212
2636,1.2293736895865868,1.0755624860253445,2.2563364371976493,0.7558686935705765
2637,0.7872619917159293,0.09872160624210863,2.2563364371976493,0.7558686935705763
2638,1.214259660600021,1.0706458849140286,2.2347801030381342,0.7558689538631626
2639,0.8006096271791722,0.1085121886919799,2.2347801030381342,0.7558689538631626
2640,1.1991847022090343,1.065059589471275,2.2122002070920934,0.7558692116817027
2641,0.8135766964506889,0.12000218469832148,2.2122002070920934,0.755869211681703
2642,1.1842065013567582,1.0588136091627307,2.1886489833404275,0.7558694659290095
2643,0.8261347796782128,0.13271487899788378,2.1886489833404275,0.7558694659290098
2644,1.1693846139119488,1.051919258607393,2.1641823157598084,0.7558697156065137
2645,0.8382573292532396,0.1462917895625816,2.1641823157598084,0.7558697156065137
2646,1.1547803133009598,1.0443891824068279,2.138859861071673,0.7558699598119482
2647,0.8499195619868771,0.16047060094997972,2.138859861071673,0.7558699598119486
2648,1.1404563965603594,1.0362373836953713,2.1127451794700325,0.7558701977367285
2649,0.8610983630167832,0.1750597243946426,2.1127451794700325,0.7558701977367285
2650,1.1264769422772443,1.027479256726666,2.085905872546454,0.7558704286630551
2651,0.8717722004177741,0.1899175130471109,2.085905872546454,0.7558704286630552
2652,1.1129070151579155,1.0181316238437068,2.0584137271832996,0.7558706519607857
2653,0.881921049519102,0.2049371649830576,2.0584137271832996,0.7558706519607864
2654,1.0998123125929764,1.0082127772093563,2.0303448636152726,0.7558708670840997
2655,0.8915263259833783,0.22003625336649135,2.0303448636152726,0.7558708670841
2656,1.087258749645798,0.9977425257004744,2.001779885141017,0.7558710735679877
2657,0.9005708267667109,0.23514957640725917,2.001779885141017,0.7558710735679877
2658,1.0753119804498221,0.9867422473893546,1.9728040260755075,0.7558712710246037
2659,0.90903867815056,0.2502242764724027,1.9728040260755075,0.7558712710246037
2660,1.0640368561047613,0.9752349480481534,1.9435072934446693,0.7558714591394999
2661,0.9169152901088601,0.2652164844968653,1.9435072934446693,0.7558714591395005
2662,1.0534968218229324,0.9632453261116545,1.9139845966119353,0.7558716376677778
2663,0.9241873163462148,0.28008898808783883,1.9139845966119353,0.7558716376677783
2664,1.0437532592539267,0.9507998445159839,1.884335857473458,0.7558718064301726
2665,0.9308426194127197,0.2948095909032614,1.884335857473458,0.7558718064301729
2666,1.0348647835023166,0.9379268097891666,1.8546660920551477,0.7558719653091052
2667,0.936870240367102,0.3093499435511669,1.8546660920551477,0.7558719653091056
2668,1.0268865081680087,0.924656458695212,1.825085452298005,0.7558721142447193
2669,0.9422603725218924,0.32368469998427457,1.825085452298005,0.7558721142447192
2670,1.019869295524602,0.9110210526158693,1.7957092145608102,0.7558722532309208
2671,0.947004338862083,0.33779090146200846,1.7957092145608102,0.7558722532309213
2672,1.013859012384296,0.8970549796795942,1.7666576989697707,0.7558723823114457
2673,0.9510945727822444,0.35164752166713753,1.7666576989697707,0.755872382311446
2674,1.0088958149136316,0.8827948643986256,1.7380561013210205,0.755872501575968
2675,0.9545246018366393,0.36523512738693514,1.7380561013210205,0.7558725015759683
2676,1.0050134872951795,0.8682796842315432,1.7100342169745035,0.755872611156268
2677,0.9572890342427756,0.37853562307140104,1.7100342169745035,0.7558726111562685
2678,1.0022388593556477,0.8535508920252831,1.6827260343233081,0.7558727112224746
2679,0.9593835479215468,0.3915320569705644,1.6827260343233081,0.7558727112224749
2680,1.0005913268809756,0.8386525426781086,1.6562691743222735,0.7558728019793928
2681,0.9608048818969904,0.4042084729700103,1.6562691743222735,0.7558728019793933
2682,1.000082495242687,0.8236314215703742,1.630804152639943,0.7558728836629309
2683,0.9615508299162605,0.4165497966818865,1.630804152639943,0.7558728836629311
2684,1.0007159622762671,0.8085371712973092,1.606473442755159,0.7558729565366358
2685,0.9616202361860827,0.4285417474541204,1.606473442755159,0.7558729565366364
2686,1.0024872503770403,0.7934224119714587,1.5834203222840395,0.7558730208883491
2687,0.9610129931562301,0.4401707701583052,1.5834203222840395,0.7558730208883494
2688,1.0053838909691757,0.778342848809854,1.5617874914938872,0.755873077026986
2689,0.9597300413138556,0.4335712924386301,1.5617874914938872,0.7558730770269863
2690,1.0093856574251932,0.7633573588612423,1.5417154627095755,0.7558731252794485
2691,0.9577733709853252,0.4184747735648747,1.5417154627095755,0.7558731252794485
2692,1.014464935768437,0.7485280465615745,1.5233407322651613,0.7558731659876764
2693,0.955146026174952,0.40345622075586385,1.5233407322651613,0.7558731659876764
2694,1.0205872166370011,0.7339202553664738,1.5067937625281371,0.7558731995058426
2695,0.9518521105031945,0.3885827824490708,1.5067937625281371,0.7558731995058428
2696,1.0277116874661876,0.7196025200864608,1.4921968195376039,0.755873226197693
2697,0.9478967953409161,0.3739294037947502,1.4921968195376039,0.7558732261976934
2698,1.0357919009335232,0.7056464419098216,1.4796617305700794,0.7558732464340358
2699,0.9432863302716445,0.35957983127807824,1.4796617305700794,0.7558732464340358
2700,1.0447764944942812,0.6921264657058156,1.4692876435270465,0.755873260590379
2701,0.9380280560509141,0.3456276168241081,1.4692876435270465,0.755873260590379
2702,1.054609936227162,0.6791195374474347,1.4611588840656518,0.7558732690447221
2703,0.9321304202711449,0.33217702254329645,1.4611588840656518,0.7558732690447224
2704,1.0652332739758859,0.6667046190032417,1.4553430144078658,0.7558732721754953
2705,0.9256029959825942,0.3193436692329638,1.4553430144078658,0.7558732721754957
2706,1.076584867584712,0.6549620387718762,1.4518891976401387,0.7558732703596491
2707,0.9184565035661421,0.3072546975609212,1.4518891976401387,0.7558732703596495
2708,1.0886010875148102,0.6439726603982575,1.4508269617504397,0.7558732639708948
2709,0.9107028362024435,0.29604812743061665,1.4508269617504397,0.7558732639708948
2710,1.1012169669320617,0.6338168588230906,1.4521654385673666,0.7558732533780848
2711,0.9023550893346757,0.2858710276644502,1.4521654385673666,0.7558732533780848
2712,1.11436679815801,0.6245733036996346,1.4558931255304572,0.7558732389437441
2713,0.8934275945789626,0.2768760822319965,1.4558931255304572,0.7558732389437444
2714,1.1279846679249168,0.6163175648850787,1.4619781855482268,0.7558732210227352
2715,0.8839359585977106,0.26921621700908,1.4619781855482268,0.7558732210227356
2716,1.1420049290004155,0.6091205727543566,1.4703692657602647,0.7558731999610624
2717,0.8738971075164161,0.26303719437743417,1.4703692657602647,0.7558731999610627
2718,1.1563626083486438,0.6030469861165764,1.4809967837992777,0.7558731760948082
2719,0.8633293375335719,0.2584685236882481,1.4809967837992777,0.7558731760948084
2720,1.1709937540384237,0.5981535402369125,1.4937746037370052,0.7558731497491958
2721,0.8522523724451677,0.25561362116540914,1.4937746037370052,0.7558731497491961
2722,1.1858357246103044,0.5944874638074741,1.5086020058698029,0.7558731212377755
2723,0.8406874288783575,0.25454070605292006,1.5086020058698029,0.7558731212377762
2724,1.2008274256224927,0.5920850632755643,1.5253658460516863,0.7558730908617315
2725,0.8286572901005277,0.2552761701475341,1.5253658460516863,0.7558730908617317
2726,1.2159094986806385,0.5909705727299608,1.5439428011824519,0.7558730589092951
2727,0.8161863893363416,0.25780187686310124,1.5439428011824519,0.7558730589092955
2728,1.2310244684962217,0.5911553558048503,1.5642016062836888,0.7558730256552729
2729,0.8033009035805313,0.2620570255247001,1.5642016062836888,0.7558730256552727
2730,1.246116853490938,0.5926375229688005,1.586005203158896,0.7558729913606689
2731,0.7900288589299479,0.2679441395540183,1.586005203158896,0.755872991360669
2732,1.2611332452418829,0.5954019955380604,1.6092127384662902,0.7558729562724102
2733,0.7764002484629564,0.2753378395570573,1.6092127384662902,0.7558729562724102
2734,1.2760223617070512,0.5994210111298527,1.633681367807398,0.755872920623157
2735,0.7624471636514458,0.28409467214488066,1.633681367807398,0.7558729206231568
2736,1.290735078734396,0.6046550294304261,1.6592678402609593,0.755872884631201
2737,0.7482039401784303,0.2940624293066414,1.6592678402609593,0.7558728846312005
2738,1.3052244438812601,0.6110539672938198,1.6858298533586398,0.7558728485004399
2739,0.7337073188227362,0.3050879114771739,1.6858298533586398,0.7558728485004401
2740,1.3194456760852562,0.6185586721717663,1.7132271810831734,0.7558728124204289
2741,0.7189966217223199,0.3170226842632791,1.7132271810831734,0.7558728124204291
2742,1.3333561542546606,0.6271025344873484,1.7413225868519941,0.755872776566496
2743,0.7041139437882753,0.3297268540333324,1.7413225868519941,0.7558727765664958
2744,1.3469153974009664,0.636613142382474,1.7699825397862377,0.7558727410999193
2745,0.6891043582474252,0.3430711671323729,1.7699825397862377,0.7558727410999193
2746,1.360085038527526,0.6470138940970127,1.799077756248527,0.7558727061681657
2747,0.6740161341616209,0.3569378417631422,1.799077756248527,0.755872706168166
2748,1.3728287941208723,0.6582255008817248,1.8284835901702614,0.7558726719051746
2749,0.658900962208893,0.3712205303078637,1.8284835901702614,0.7558726719051748
2750,1.3851124307668332,0.6625983215015272,1.8580802956092408,0.7558726384316912
2751,0.6438141829030403,0.3858237419238321,1.8580802956092408,0.7558726384316914
2752,1.3969037301312182,0.6633298112412638,1.8877531837712083,0.7558726058556409
2753,0.6288150086526403,0.40066197175714424,1.8877531837712083,0.755872605855641
2754,1.4081724533023363,0.665312844872895,1.9173926948111533,0.7558725742725377
2755,0.6139667275005208,0.41565870638973895,1.9173926948111533,0.755872574272538
2756,1.4188903052868451,0.6685290770378275,1.9468944024333117,0.7558725437659254
2757,0.5993368719509456,0.4307454139234269,1.9468944024333117,0.7558725437659255
2758,1.4290309002777548,0.6729491671617283,1.9761589668800006,0.7558725144078453
2759,0.5849973309617867,0.4458605824719965,1.9761589668800006,0.7558725144078453
2760,1.438569728170132,0.678533606868957,2.0050920495113784,0.7558724862593272
2761,0.5710243770566331,0.4609488404000267,2.0050920495113784,0.7558724862593276
2762,1.4474841226824327,0.6852337855991778,2.03360419994237,0.7558724593708986
2763,0.5574985739088583,0.47596017206575914,2.03360419994237,0.7558724593708991
2764,1.4557532313460144,0.692993226721591,2.061610724683193,0.7558724337831079
2765,0.5445045232873784,0.49084923095099386,2.061610724683193,0.7558724337831079
2766,1.463357987548954,0.701748922226759,2.089031544455255,0.7558724095270578
2767,0.5321304049706733,0.5055747453720703,2.089031544455255,0.755872409527058
2768,1.4702810847600243,0.7114326968234524,2.115791045829664,0.7558723866249499
2769,0.5204672606699815,0.5121686138397662,2.115791045829664,0.7558723866249499
2770,1.4765069530119563,0.7219725405650157,2.141817931550588,0.7558723650906279
2771,0.5096079751939095,0.5034999558760639,2.141817931550588,0.755872365090628
2772,1.4820217376876847,0.7332938610505931,2.1670450728405024,0.7558723449301263
2773,0.49964591741562653,0.4943886515604309,2.1670450728405024,0.7558723449301266
2774,1.4868132806272485,0.7453206197856815,2.1914093661145704,0.7558723261422178
2775,0.4906732223808344,0.48484404458377495,2.1914093661145704,0.7558723261422178
2776,1.4908711035547109,0.7579763307004039,2.214851595831301,0.755872308718951
2777,0.4827787256400047,0.4748760060407576,2.214851595831301,0.7558723087189513
2778,1.4941863938124362,0.7711849108305562,2.237316304651044,0.7558722926461897
2779,0.4760456013444508,0.4644949449691275,2.237316304651044,0.7558722926461898
2780,1.496751992383144,0.7848713830026717,2.2587516716393776,0.755872277904136
2781,0.4705488037446697,0.4537118222604029,2.2587516716393776,0.7558722779041361
2782,1.4985623841773021,0.7989624377360824,2.2791093989181492,0.7558722644678483
2783,0.46635246095115485,0.44253816882843444,2.2791093989181492,0.7558722644678486
2784,1.49961369056375,0.8133868665469048,2.2983446069144735,0.7558722523077424
2785,0.46350741051082606,0.4309861091668296,2.2983446069144735,0.7558722523077427
2786,1.4999036641242243,0.8280758817064682,2.3164157381717247,0.7558722413900811
2787,0.46204908745810097,0.41906839174863,2.3164157381717247,0.7558722413900814
2788,1.4994316856170125,0.8429633386797452,2.3332844695533077,0.7558722316774489
2789,0.4619959676273667,0.40679842815046935,2.3332844695533077,0.7558722316774493
2790,1.4981987631407505,0.8579858773830606,2.34891563257878,0.7558722231292081
2791,0.46334872802669214,0.3941903433587062,2.34891563257878,0.7558722231292082
2792,1.4962075334958236,0.8730829974568974,2.363277141573738,0.7558722157019374
2793,0.46609021570408926,0.38125904049377984,2.363277141573738,0.7558722157019379
2794,1.493462265747485,0.8881970812870104,2.376339929282469,0.7558722093498538
2795,0.4701862285515246,0.36802028425325883,2.376339929282469,0.7558722093498541
2796,1.4899688670011468,0.9032733767883654,2.388077889579844,0.7558722040252138
2797,0.4755870228285383,0.35449080884289125,2.388077889579844,0.7558722040252139
2798,1.4857348904058336,0.9182599501822896,2.3984678269215802,0.7558721996786933
2799,0.4822293899908007,0.3406884582134163,2.3984678269215802,0.7558721996786937
2800,1.480769545405974,0.9331076172756325,2.4074894121861266,0.7558721962597518
2801,0.4900391019688665,0.32663236930874834,2.4074894121861266,0.7558721962597522
2802,1.4750837102639738,0.947769860169566,2.415125144584187,0.7558721937169703
2803,0.49893351372954364,0.31234321314845487,2.415125144584187,0.7558721937169706
2804,1.4686899468756365,0.9622027349252449,2.421360319340948,0.7558721919983722
2805,0.5088241311555318,0.2978435145061635,2.421360319340948,0.7558721919983724
2806,1.461602517896773,0.9763647745079425,2.4261830008897753,0.7558721910517229
2807,0.5196189918805814,0.28315807961353817,2.4261830008897753,0.7558721910517229
2808,1.4538374061912873,0.9902168903171269,2.429584001353173,0.7558721908248072
2809,0.531224755664226,0.26831457412249604,2.429584001353173,0.7558721908248072
2810,1.4454123365976266,1.003722274773561,2.431556864126113,0.7558721912656876
2811,0.5435484493452266,0.25334431268958113,2.431556864126113,0.7558721912656879
2812,1.4363467999904667,1.0168463067567377,2.4320978524177956,0.7558721923229422
2813,0.5564988525933284,0.2382833504423377,2.4320978524177956,0.7558721923229421
2814,1.426662079586382,1.0295564611455637,2.4312059426499015,0.7558721939458798
2815,0.5699875412702883,0.2231740106226609,2.4312059426499015,0.7558721939458797
2816,1.4163812794043282,1.0418222232911305,2.42888282265205,0.7558721960847393
2817,0.5839296247781893,0.20806705017231503,2.42888282265205,0.7558721960847397
2818,1.4055293547420034,1.0536150089229763,2.4251328946381903,0.7558721986908685
2819,0.5982442237387687,0.19302476828613954,2.4251328946381903,0.7558721986908685
2820,1.3941331444652618,1.0649080897417993,2.419963282990754,0.7558722017168827
2821,0.612854736991824,0.17812551885480749,2.419963282990754,0.7558722017168829
2822,1.382221404827094,1.0756765247669415,2.4133838469223376,0.7558722051168064
2823,0.6276889446170159,0.16347031403235665,2.4133838469223376,0.7558722051168062
2824,1.3698248444322847,1.0858970973730686,2.4054071981272234,0.7558722088461978
2825,0.6426789885450066,0.14919250343187568,2.4054071981272234,0.755872208846198
2826,1.3569761598404375,1.08886289963804,2.3960487235768246,0.7558722128622579
2827,0.6577612659084274,0.13547180110984908,2.3960487235768246,0.7558722128622575
2828,1.3437100711501027,1.0901256108540724,2.3853266136537377,0.7558722171239186
2829,0.6728762636646084,0.12255385948967071,2.3853266136537377,0.7558722171239184
2830,1.330063356726495,1.0906845007237533,2.373261895857944,0.7558722215919207
2831,0.6879683568493447,0.1107750629728994,2.373261895857944,0.7558722215919206
2832,1.316074886021064,1.0905386071772234,2.3598784743549848,0.7558722262288775
2833,0.7029855874255607,0.10058658286147253,2.3598784743549848,0.7558722262288775
2834,1.3017856491794082,1.0896881812688113,2.3452031756686464,0.755872230999318
2835,0.7178794361889693,0.09255789580154723,2.3452031756686464,0.7558722309993179
2836,1.2872387818417823,1.0881346876579954,2.3292658008483875,0.7558722358697247
2837,0.7326045965695265,0.08731951286149275,2.3292658008483875,0.7558722358697244
2838,1.2724795832057205,1.0858808074225144,2.312099184462597,0.7558722408085551
2839,0.747118756336648,0.08540671659620856,2.312099184462597,0.7558722408085549
2840,1.2575555250428543,1.082930443239099,2.2937392607803964,0.7558722457862526
2841,0.761382391061565,0.08704597863459701,2.2937392607803964,0.7558722457862521
2842,1.2425162489439165,1.079288726996898,2.274225137504008,0.7558722507752463
2843,0.7753585715901492,0.09204210288325099,2.274225137504008,0.7558722507752463
2844,1.2274135486129258,1.0749620299386677,2.2535991773967887,0.7558722557499431
2845,0.7890127866207011,0.09987628935252696,2.2535991773967887,0.7558722557499429
2846,1.212301333553877,1.0699579754553021,2.2319070881139047,0.7558722606867061
2847,0.8023127806647481,0.10991849665653002,2.2319070881139047,0.755872260686706
2848,1.197235570007443,1.0642854546903993,2.2091980204771,0.7558722655638314
2849,0.8152284071126601,0.12159132450856784,2.2091980204771,0.7558722655638312
2850,1.1822741945252029,1.0579546451433584,2.185524675334407,0.7558722703615094
2851,0.8277314957635934,0.13443403857109612,2.185524675334407,0.7558722703615092
2852,1.1674769951478823,1.050977032491901,2.1609434190005095,0.7558722750617858
2853,0.8397957339588517,0.14810209227804275,2.1609434190005095,0.7558722750617857
2854,1.1529054548253772,1.043365435887802,2.135514407072279,0.755872279648514
2855,0.8513965603391161,0.16234371257975583,2.135514407072279,0.7558722796485137
2856,1.1386225515343316,1.0351340370126547,2.1093017161430834,0.7558722841073016
2857,0.8625110701988011,0.17697483314660106,2.1093017161430834,0.7558722841073011
2858,1.1246925095786673,1.0262984132132469,2.0823734825823834,0.755872288425451
2859,0.8731179314124168,0.1918590649147903,2.0823734825823834,0.7558722884254506
2860,1.1111804968734988,1.0168755750677212,2.0548020470850483,0.7558722925919004
2861,0.8831973099416717,0.20689327415749137,2.0548020470850483,0.7558722925919001
2862,1.0981522636919827,1.0068840087631241,2.0266641031060484,0.7558722965971546
2863,0.8927308039860999,0.2219976134030141,2.0266641031060484,0.7558722965971547
2864,1.0856737194748731,0.9963437236905387,1.9980408465569157,0.7558723004332208
2865,0.9017013859057297,0.237108718024428,1.9980408465569157,0.7558723004332203
2866,1.0738104459299362,0.9852763056835899,1.9690181232250688,0.7558723040935325
2867,0.9100933511157263,0.25217505916937,1.9690181232250688,0.7558723040935322
2868,1.06262714682555,0.9737049763367679,1.9396865692601954,0.7558723075728814
2869,0.9178922732260174,0.26715374493779376,1.9396865692601954,0.7558723075728812
2870,1.0521870376145088,0.9616546588377136,1.9101417387297914,0.7558723108673412
2871,0.9250849647709365,0.28200829399574834,1.9101417387297914,0.7558723108673409
2872,1.042551181261673,0.9491520507271807,1.8804842106606434,0.7558723139741919
2873,0.9316594429432341,0.29670706659933993,1.8804842106606434,0.7558723139741919
2874,1.0337777802771482,0.9362257039549752,1.8508196661471294,0.7558723168918459
2875,0.9376048998124414,0.3112221447028458,1.8508196661471294,0.755872316891846
2876,1.0259214387838778,0.9229061125210132,1.8212589240306485,0.7558723196197717
2877,0.9429116765690371,0.325528522577754,1.8212589240306485,0.7558723196197717
2878,1.0190324122079801,0.909225807866519,1.7919179213738665,0.7558723221584179
2879,0.9475712413930495,0.3396035148852851,1.7919179213738665,0.7558723221584177
2880,1.0131558655413206,0.8952194619972191,1.7629176225430327,0.7558723245091398
2881,0.9515761705987288,0.35342631899532584,1.7629176225430327,0.75587232450914
2882,1.0083311637210015,0.8809239980606883,1.7343838382964951,0.7558723266741258
2883,0.9549201327559743,0.36697768809255604,1.7343838382964951,0.7558723266741257
2884,1.0045912191353659,0.8663787077424169,1.706446934047569,0.7558723286563245
2885,0.957597875534686,0.3802396848146488,1.706446934047569,0.7558723286563245
2886,1.0019619212901953,0.8516253743641621,1.6792414046922108,0.7558723304593743
2887,0.95960521506051,0.3931954940987641,1.6792414046922108,0.7558723304593744
2888,1.0004616720491069,0.8367083999339666,1.652905292419167,0.7558723320875345
2889,0.9609390276100112,0.40582928002600765,1.652905292419167,0.7558723320875345
2890,1.0001010465496671,0.8216749335763269,1.6275794241889372,0.7558723335456183
2891,0.9615972435105967,0.41812607568810367,1.6275794241889372,0.7558723335456184
2892,1.0008825950250932,0.8065749977274225,1.6034064475815886,0.7558723348389286
2893,0.9615788431459793,0.43007169806799067,1.6034064475815886,0.755872334838929
2894,1.0028007946490292,0.7914616071782615,1.580529648002583,0.7558723359731943
2895,0.9608838550020864,0.4416526820291534,1.580529648002583,0.7558723359731945
2896,1.0058421536427138,0.7763908744570396,1.5590915372891643,0.7558723369545124
2897,0.9595133557215292,0.4316092346673798,1.5590915372891643,0.7558723369545123
2898,1.0099854628150386,0.7614220931417736,1.5392322139240828,0.7558723377892883
2899,0.9574694721675229,0.41651930874932874,1.5392322139240828,0.7558723377892883
2900,1.0152021830470743,0.7466177884888955,1.5210875084157747,0.7558723384841834
2901,0.9547553855309301,0.4015156592144084,1.5210875084157747,0.7558723384841833
2902,1.0214569515298222,0.7320437222937718,1.5047869436130727,0.7558723390460615
2903,0.9513753375473532,0.3866663913742287,1.5047869436130727,0.7558723390460615
2904,1.0287081852396438,0.7177688362626065,1.4904515579256785,0.7558723394819417
2905,0.9473346389253717,0.3720475353450919,1.4904515579256785,0.7558723394819413
2906,1.0369087574419837,0.7038651155490807,1.478191658160363,0.7558723397989486
2907,0.9426396801225833,0.35774405456415354,1.478191658160363,0.7558723397989489
2908,1.0460067220151457,0.6904073517749675,1.4681045859412174,0.7558723400042744
2909,0.9372979446434965,0.3438508436411921,1.4681045859412174,0.7558723400042743
2910,1.0559460609716804,0.6774727832189972,1.4602725950655266,0.7558723401051328
2911,0.931318025073038,0.33047361012776705,1.4602725950655266,0.755872340105133
2912,1.066667432476768,0.6651405894649752,1.454760944211774,0.7558723401087264
2913,0.9247096421018886,0.3177294745419881,1.454760944211774,0.755872340108726
2914,1.0781088995842034,0.6534912193122361,1.4516163081185032,0.755872340022207
2915,0.9174836668455345,0.3057470470072247,1.4516163081185032,0.755872340022207
2916,1.090206623460148,0.6426055349005811,1.4508655995269242,0.7558723398526486
2917,0.909652146808181,0.2946656553176537,1.4508655995269242,0.7558723398526489
2918,1.1028955086847694,0.6325637624804195,1.4525152739317082,0.7558723396070149
2919,0.9012283358958902,0.28463332949855674,1.4525152739317082,0.7558723396070148
2920,1.116109792002816,0.6234442515506599,1.4565511610643063,0.7558723392921338
2921,0.8922267289407302,0.2758031319678827,1.4565511610643063,0.7558723392921339
2922,1.129783569396403,0.6153220592433325,1.462938833910167,0.7558723389146738
2923,0.8826631012594097,0.2683275183382248,1.462938833910167,0.755872338914674
2924,1.1438512594139842,0.6082673952303281,1.4716244916854844,0.7558723384811212
2925,0.8725545538357341,0.26235068226356567,1.4716244916854844,0.7558723384811216
2926,1.1582480032192333,0.6023439825688539,1.4825363015462414,0.7558723379977641
2927,0.8619195647857006,0.25799930264353077,1.4825363015462414,0.7558723379977644
2928,1.1729100037951012,0.5976074093719718,1.4955861183601713,0.7558723374706732
2929,0.8507780478361966,0.2553727055890911,1.4955861183601713,0.7558723374706732
2930,1.1877748081722086,0.5941035618430038,1.5106714850513305,0.7558723369056886
2931,0.8391514186213164,0.25453398361156254,1.5106714850513305,0.7558723369056883
2932,1.2027815374998003,0.5918672376603044,1.5276778088341507,0.7558723363084077
2933,0.8270626696715503,0.2555038057365642,1.5276778088341507,0.7558723363084073
2934,1.2178710703131341,0.5909210370579937,1.546480610683683,0.7558723356841764
2935,0.8145364550363638,0.2582582953852628,1.546480610683683,0.7558723356841764
2936,1.232986184551975,0.5912746156766575,1.566947755092974,0.7558723350380804
2937,0.8015991855338849,0.26273147762216414,1.566947755092974,0.7558723350380803
2938,1.2480716638282836,0.592924358822796,1.5889415822963715,0.7558723343749371
2939,0.7882791356538635,0.26882171862329607,1.5889415822963715,0.7558723343749373
2940,1.2630743731980707,0.5958535038731492,1.6123208832165563,0.7558723336992956
2941,0.774606563139513,0.2764007349915077,1.6123208832165563,0.7558723336992957
2942,1.2779433093238994,0.6000327007254201,1.636942676139727,0.7558723330154303
2943,0.7606138422234013,0.2853234361323571,1.636942676139727,0.7558723330154307
2944,1.2926296294709612,0.6054209648570206,1.6626637617176359,0.755872332327342
2945,0.7463356113692563,0.2954370877036746,1.6626637617176359,0.7558723323273421
2946,1.3070866633004676,0.6119669487935145,1.6893420481039698,0.7558723316387567
2947,0.7318089361445336,0.3065888277671915,1.6893420481039698,0.7558723316387568
2948,1.321269910938941,0.6196104392297864,1.7168376502040708,0.7558723309531287
2949,0.7170734874772174,0.31863115697194194,1.7168376502040708,0.7558723309531289
2950,1.3351370303318506,0.6282839801814917,1.745013775988948,0.7558723302736429
2951,0.7021717349817718,0.33142547558335395,1.745013775988948,0.7558723302736428
2952,1.348647816448988,0.6379145266850217,1.773737418791243,0.7558723296032188
2953,0.6871491542063694,0.3448439944551165,1.773737418791243,0.7558723296032189
2954,1.3617641745054325,0.6484250463388381,1.8028798778758945,0.7558723289445155
2955,0.672054445473373,0.35877043267015607,1.8028798778758945,0.7558723289445157
2956,1.3744500890001603,0.659736004126652,1.8323171308761157,0.7558723282999386
2957,0.656939760357883,0.37309989292786117,1.8323171308761157,0.7558723282999386
2958,1.3866715900554287,0.6626220533683647,1.8619300814327668,0.7558723276716451
2959,0.6418609296609538,0.38773823390551954,1.8619300814327668,0.7558723276716455
2960,1.3983967182630406,0.6635166317142236,1.891604704053949,0.7558723270615537
2961,0.6268776838630091,0.4026011753019795,1.891604704053949,0.7558723270615538
2962,1.4095954890060516,0.665661015236512,1.9212321062278452,0.7558723264713493
2963,0.6120538533737078,0.4176132962792965,1.9212321062278452,0.7558723264713495
2964,1.4202398570232089,0.6690353945993043,1.9507085254955618,0.7558723259024954
2965,0.5974575313436552,0.432707029006176,1.9507085254955618,0.7558723259024954
2966,1.4303036818147763,0.6736090570668701,1.9799352767588934,0.7558723253562409
2967,0.5831611763611638,0.44782170639062974,1.9799352767588934,0.7558723253562412
2968,1.4397626943486501,0.6793412483219275,2.008818662724527,0.7558723248336312
2969,0.5692416261494314,0.46290269425769154,2.008818662724527,0.7558723248336314
2970,1.4485944654111331,0.6861822641999807,2.037269858175626,0.7558723243355169
2971,0.555779986751932,0.4779006198134757,2.037269858175626,0.755872324335517
2972,1.4567783758539863,0.6940747036665941,2.0652047767727293,0.7558723238625639
2973,0.5428613553158801,0.4927706971632604,2.0652047767727293,0.755872323862564
2974,1.4642955889152167,0.7029548111033629,2.09254392734384,0.7558723234152646
2975,0.5305743295551744,0.5074721444862677,2.09254392734384,0.7558723234152648
2976,1.471129024732672,0.7127538395313479,2.1192122651309573,0.7558723229939475
2977,0.5190102549010585,0.5110688950787952,2.1192122651309573,0.7558723229939476
2978,1.47726333712437,0.7233993752827177,2.145139042205132,0.7558723225987881
2979,0.5082621633282244,0.5023422724947082,2.145139042205132,0.7558723225987886
2980,1.4826848926754,0.7348165768727588,2.170257660223671,0.7558723222298196
2981,0.49842336827713646,0.4931741867157606,2.170257660223671,0.7558723222298199
2982,1.487381752146285,0.7469292944372871,2.1945055278568466,0.7558723218869416
2983,0.48958570023532266,0.4835740494059825,2.1945055278568466,0.7558723218869421
2984,1.491343654200278,0.7596610493931484,2.2178239245315035,0.7558723215699322
2985,0.48183739874054615,0.47355180083622206,2.2178239245315035,0.7558723215699326
2986,1.494562001435768,0.7729358657366965,2.240157871600349,0.7558723212784576
2987,0.475260718260059,0.4631179208180761,2.240157871600349,0.7558723212784583
2988,1.497029848703641,0.7866789539191741,2.2614560116253624,0.7558723210120827
2989,0.4699293540881368,0.45228344311262375,2.2614560116253624,0.7558723210120829
2990,1.498741893687032,0.8008172552883281,2.2816704961410466,0.755872320770278
2991,0.46590584311750655,0.4410599742286069,2.2816704961410466,0.755872320770278
2992,1.4996944697215955,0.8152798597642206,2.3007568820202278,0.7558723205524323
2993,0.4632391331151962,0.42945971777796493,2.3007568820202278,0.7558723205524325
2994,1.499885540837478,0.8299983120403917,2.318674036386393,0.7558723203578603
2995,0.461962531931543,0.4174955058910514,2.318674036386393,0.7558723203578608
2996,1.499314699008904,0.8449068225867924,2.335384049889366,0.7558723201858122
2997,0.46209223598509186,0.40518083963913665,2.335384049889366,0.7558723201858127
2998,1.4979831636032044,0.8599423995117934,2.3508521580746304,0.7558723200354809
2999,0.4636265921726661,0.3925299410098256,2.3508521580746304,0.7558723200354812
3000,1.4958937830276078,0.8750449163122067,2.3650466705222057,0.7558723199060112
3001,0.4665461738835835,0.37955781979154496,2.3650466705222057,0.7558723199060119
3002,1.4930510385787636,0.890157129031167,2.3779389074014414,0.7558723197965085
3003,0.4708146627073268,0.36628035983229584,2.3779389074014414,0.7558723197965094
3004,1.4894610505062233,0.9052246546071991,2.389503143077774,0.7558723197060436
3005,0.47638043998742396,0.3527144306705989,2.389503143077774,0.7558723197060445
3006,1.4851315863065009,0.9201959204157696,2.3997165564118257,0.7558723196336621
3007,0.48317872336610695,0.33887803267704447,2.3997165564118257,0.7558723196336629
3008,1.4800720712683069,0.935022093297768,2.40855918740664,0.7558723195783897
3009,0.4911340442592391,0.3247904868668355,2.40855918740664,0.7558723195783903
3010,1.474293601291511,0.9496569948100528,2.416013899882501,0.7558723195392396
3011,0.500162856072965,0.3104726848586229,2.416013899882501,0.75587231953924
3012,1.4678089580016316,0.9640570080577198,2.422066349888568,0.7558723195152172
3013,0.5101760854169545,0.2959474206882077,2.422066349888568,0.7558723195152175
3014,1.4606326261773988,0.9781809802874762,2.426704959594722,0.7558723195053264
3015,0.5210814800089323,0.2812398352977068,2.426704959594722,0.7558723195053267
3016,1.4527808135002793,0.9919901244313477,2.4299208964444032,0.7558723195085748
3017,0.5327856563506121,0.26637801800025457,2.4299208964444032,0.7558723195085754
3018,1.4442714726206534,1.005447921975321,2.431708057388807,0.7558723195239777
3019,0.5451957980740739,0.25139382939176036,2.431708057388807,0.755872319523978
3020,1.435124325514346,1.0185200288687772,2.4320630580638722,0.7558723195505617
3021,0.5582209957808193,0.23632404068748833,2.4320630580638722,0.7558723195505621
3022,1.4253608900739478,1.0311741856664633,2.4309852268136547,0.755872319587371
3023,0.5717732483304541,0.22121193099441133,2.4309852268136547,0.7558723195873713
3024,1.4150045088399987,1.0433801326842689,2.4284766035063483,0.7558723196334693
3025,0.5857681637490424,0.2061095553501654,2.4284766035063483,0.7558723196334696
3026,1.4040803797256616,1.0551095306338552,2.4245419431322954,0.7558723196879429
3027,0.6001254068053902,0.19108100541497056,2.4245419431322954,0.755872319687943
3028,1.3926155885226004,1.0663358869618318,2.419188724216386,0.7558723197499032
3029,0.6147689421767705,0.17620714881816432,2.419188724216386,0.7558723197499037
3030,1.3806391428927205,1.077034487941794,2.4124271621201747,0.7558723198184918
3031,0.6296271193639412,0.16159256943577294,2.4124271621201747,0.755872319818492
3032,1.3681820074472382,1.0871823364394164,2.4042702273514935,0.7558723198928787
3033,0.6446326401332008,0.14737573451009311,2.4042702273514935,0.7558723198928787
3034,1.355277139387886,1.089066470829936,2.394733669040994,0.7558723199722673
3035,0.6597224427708057,0.1337436846534256,2.394733669040994,0.7558723199722676
3036,1.3419595240313766,1.09023792573449,2.383836043785464,0.7558723200558959
3037,0.6748375308455767,0.12095236685687061,2.383836043785464,0.7558723200558959
3038,1.328266209353814,1.0907053659154418,2.3715987500963176,0.755872320143035
3039,0.6899227680905592,0.10935186395082756,2.3715987500963176,0.7558723201430353
3040,1.3142363384728122,1.0904679868139837,2.358046068727582,0.7558723202329947
3041,0.7049266557321335,0.09940931245271854,2.358046068727582,0.7558723202329943
3042,1.2999111787282422,1.0895261969266856,2.343205209189811,0.7558723203251196
3043,0.7198011042101048,0.09170720499916644,2.343205209189811,0.75587232032512
3044,1.2853341457248095,1.0878816185882048,2.3271063627832977,0.7558723204187943
3045,0.7345012077176899,0.08687470797111484,2.3271063627832977,0.755872320418794
3046,1.270550820359416,1.0855370910890871,2.309782762503775,0.7558723205134382
3047,0.7489850272541285,0.08541884197712701,2.309782762503775,0.7558723205134383
3048,1.2556089564733075,1.082496676167952,2.2912707501839824,0.7558723206085107
3049,0.7632133858068224,0.08751354209828749,2.2912707501839824,0.7558723206085106
3050,1.2405584763460316,1.0787656659470077,2.2716098512319483,0.7558723207035085
3051,0.7771496777432714,0.09291186285153777,2.2716098512319483,0.7558723207035087
3052,1.2254514507912895,1.0743505934098947,2.2508428573074446,0.7558723207979657
3053,0.7907596933838938,0.10106828535482273,2.2508428573074446,0.7558723207979657
3054,1.2103420601349937,1.0692592455514325,2.229015917236788,0.7558723208914526
3055,0.8040114589484528,0.11135252371569593,2.229015917236788,0.7558723208914527
3056,1.195286531870531,1.0635006793600603,2.206178636396536,0.7558723209835779
3057,0.8168750915411531,0.12320057512909444,2.206178636396536,0.7558723209835778
3058,1.180343050320514,1.0570852408256362,2.182384184690846,0.7558723210739832
3059,0.8293226684982579,0.13616763278309904,2.182384184690846,0.7558723210739835
3060,1.165571633222582,1.0500245871977343,2.1576894130954956,0.7558723211623481
3061,0.8413281102168985,0.14992267762942857,2.1576894130954956,0.7558723211623483
3062,1.1510339698438377,1.0423317127525127,2.1321549785322147,0.7558723212483839
3063,0.8528670754759231,0.16422406005457788,2.1321549785322147,0.7558723212483839
3064,1.136793215070089,1.0340209783592673,2.105845476555798,0.7558723213318351
3065,0.8639168682198913,0.1788949066908349,2.105845476555798,0.7558723213318351
3066,1.122913733978419,1.0251081451704145,2.0788295809669144,0.7558723214124787
3067,0.8744563547839742,0.1938038508601189,2.0788295809669144,0.755872321412479
3068,1.1094607917594161,1.015610412790071,2.0511801889862573,0.7558723214901207
3069,0.8844658905745716,0.20885126499019793,2.0511801889862573,0.755872321490121
3070,1.0965001845875413,1.0055464623053947,2.022974570018777,0.7558723215645973
3071,0.8939272552764589,0.22395977065794215,2.022974570018777,0.7558723215645975
3072,1.0840978082207908,0.9949365045898266,1.9942945152760687,0.7558723216357722
3073,0.9028235957240262,0.23906776517091563,1.9942945152760687,0.7558723216357726
3074,1.0723191628078048,0.9838023343059853,1.9652264845849725,0.7558723217035357
3075,0.9111393756460051,0.2541249967376643,1.9652264845849725,0.7558723217035358
3076,1.0612287946304324,0.9721673900451833,1.9358617455655471,0.7558723217678028
3077,0.9188603315661429,0.2690895146644008,1.9358617455655471,0.7558723217678031
3078,1.0508896783111668,0.9600568210362164,1.9062964989887718,0.7558723218285127
3079,0.9259734342140367,0.28392554335982095,1.9062964989887718,0.7558723218285128
3080,1.0413625463112464,0.9474975608328163,1.876631982506629,0.7558723218856264
3081,0.9324668548692164,0.29860198162431434,1.876631982506629,0.7558723218856263
3082,1.0327051762115524,0.9345184083399161,1.8469745430790165,0.7558723219391251
3083,0.9383299361266849,0.313091329720532,1.8469745430790165,0.755872321939125
3084,1.024971650103458,0.9211501164545619,1.817435666316175,0.7558723219890099
3085,0.9435531666330212,0.32736891270956786,1.817435666316175,0.7558723219890099
3086,1.018211604144307,0.9074254884663957,1.7881319486526743,0.7558723220352999
3087,0.9481281593988028,0.34141231161095575,1.7881319486526743,0.7558723220352997
3088,1.0124694896150914,0.8933794821705849,1.7591849958496792,0.7558723220780305
3089,0.9520476333455509,0.35520094222106324,1.7591849958496792,0.7558723220780303
3090,1.0077838692863617,0.8790493213749805,1.7307212289188587,0.7558723221172514
3091,0.9553053977939916,0.3687157401553313,1.7307212289188587,0.7558723221172515
3092,1.0041867741920514,0.86447461411119,1.7028715763731779,0.7558723221530275
3093,0.9578963396454577,0.38193892322226214,1.7028715763731779,0.7558723221530275
3094,1.001703145730251,0.8496974763601552,1.6757710300148292,0.7558723221854347
3095,0.9598164130501817,0.3948538107338691,1.6757710300148292,0.7558723221854347
3096,1.0003503861696292,0.8347626594463551,1.6495580406325667,0.7558723222145606
3097,0.9610626313954732,0.4074446851823383,1.6495580406325667,0.7558723222145606
3098,1.0001380371137634,0.8197176784070203,1.6243737304463717,0.7558723222405026
3099,0.9616330614837992,0.4196966857536002,1.6243737304463717,0.7558723222405025
3100,1.0010676004212191,0.8046129375675986,1.6003609014165094,0.7558723222633673
3101,0.9615268198060544,0.43159572598450824,1.6003609014165094,0.7558723222633669
3102,1.0031325098378454,0.7895018482166652,1.5776628231562662,0.7558723222832667
3103,0.9607440708492739,0.4431284298831256,1.5776628231562662,0.7558723222832667
3104,1.0063182546609948,0.7744409316425609,1.5564217916295828,0.7558723223003224
3105,0.9592860274111765,0.42964796609050815,1.5564217916295828,0.7558723223003221
3106,1.010602649706239,0.7594898988533899,1.536777460395802,0.7558723223146574
3107,0.9571549529266716,0.4145656469437179,1.536777460395802,0.7558723223146573
3108,1.0159562392834998,0.744711696059005,1.5188649599157966,0.7558723223264026
3109,0.9543541658442837,0.3995780308613845,1.5188649599157966,0.7558723223264026
3110,1.0223428173450322,0.7301725024952901,1.502812836962638,0.7558723223356907
3111,0.9508880461237921,0.3847541961817399,1.502812836962638,0.7558723223356906
3112,1.0297200418447494,0.7159416645239021,1.4887408645477622,0.7558723223426562
3113,0.9467620439607113,0.3701712750313364,1.4887408645477622,0.7558723223426558
3114,1.0380401188748585,0.7020915473340458,1.4767577914445376,0.7558723223474352
3115,0.9419826908790067,0.355915464717334,1.4767577914445376,0.7558723223474348
3116,1.0472505313622145,0.6886972833036284,1.4669591172866723,0.7558723223501659
3117,0.9365576133711158,0.34208301757652754,1.4669591172866723,0.7558723223501655
3118,1.0572947878824617,0.6758363945698621,1.459424991916357,0.7558723223509866
3119,0.9304955493043716,0.32878109700527597,1.459424991916357,0.7558723223509863
3120,1.0681131692218366,0.6635882671737577,1.4542183437379796,0.7558723223500339
3121,0.9238063673557915,0.31612832495710236,1.4542183437379796,0.7558723223500338
3122,1.079643453340392,0.6520334559554939,1.4513833393407418,0.7558723223474416
3123,0.916501089783292,0.30425476855338435,1.4513833393407418,0.7558723223474412
3124,1.091821602994534,0.6412528039222471,1.4509442645685569,0.7558723223433431
3125,0.9085919188911601,0.2933010301397934,1.4509442645685569,0.7558723223433429
3126,1.1045824041077894,0.6313263677630486,1.452904895827169,0.7558723223378712
3127,0.9000922676013513,0.2834160396656128,1.452904895827169,0.7558723223378712
3128,1.1178600467353998,0.6223321529877661,1.4572484014626987,0.7558723223311542
3129,0.8910167946001688,0.27475314324774863,1.4572484014626987,0.7558723223311544
3130,1.1315886439208065,0.6143446777965341,1.463937779536534,0.7558723223233174
3131,0.8813814445921194,0.2674641969597037,1.463937779536534,0.7558723223233178
3132,1.1457026867374835,0.6074334035131906,1.4729168040780918,0.755872322314483
3133,0.8712034942591067,0.2616916687794716,1.4729168040780918,0.755872322314483
3134,1.1601374362672332,0.6016610896254376,1.4841114208711967,0.7558723223047678
3135,0.8605016045930275,0.2575592396574487,1.4841114208711967,0.7558723223047676
3136,1.1748292551658195,0.5970821506376529,1.4974315093984982,0.7558723222942852
3137,0.8492958803422079,0.25516199398725536,1.4974315093984982,0.7558723222942851
3138,1.1897158828342789,0.5937411068484081,1.512772911971512,0.7558723222831439
3139,0.8376079373851187,0.2545577918071729,1.512772911971512,0.755872322283144
3140,1.2047366591053632,0.5916712284455343,1.5300196251289861,0.7558723222714482
3141,0.8254609789155382,0.2557615434108273,1.5300196251289861,0.7558723222714481
3142,1.219832701842272,0.5908934692106766,1.5490460515194107,0.7558723222592967
3143,0.8128798813874225,0.25874367474486376,1.5490460515194107,0.7558723222592967
3144,1.234947044009953,0.5914157713306825,1.5697192210282118,0.7558723222467836
3145,0.799891291218809,0.26343314748917623,1.5697192210282118,0.7558723222467832
3146,1.2500247356946232,0.5932327970809587,1.5919009055602424,0.7558723222339966
3147,0.7865237332830085,0.2697243250285235,1.5919009055602424,0.7558723222339961
3148,1.2650129162845596,0.5963261094464674,1.6154495701750364,0.7558723222210196
3149,0.7728077322093971,0.2774861879475263,1.6154495701750364,0.7558723222210196
3150,1.27986086164437,0.600664786793619,1.6402221219602682,0.7558723222079315
3151,0.7587759474576489,0.28657216406340524,1.6402221219602682,0.7558723222079313
3152,1.2945200106647494,0.6062064219545956,1.6660754353702378,0.7558723221948042
3153,0.7444633229944243,0.2968291196276424,1.6660754353702378,0.7558723221948044
3154,1.308943975088319,0.6128984284864449,1.6928676475960218,0.7558723221817067
3155,0.7299072521583105,0.30810462243383496,1.6928676475960218,0.7558723221817067
3156,1.323088536027888,0.6206795597906124,1.7204592292903143,0.7558723221687008
3157,0.7151477579050902,0.32025216700465403,1.7204592292903143,0.7558723221687006
3158,1.3369116301264734,0.6294815414230548,1.7487138445348955,0.7558723221558441
3159,0.700227688026696,0.33313447883280156,1.7487138445348955,0.755872322155844
3160,1.3503733278718435,0.6392307223478528,1.7774990195424545,0.755872322143189
3161,0.6851929240643736,0.3466252442251433,1.7774990195424545,0.7558723221431893
3162,1.363435806180071,0.6498496645525588,1.8066866426598858,0.7558723221307837
3163,0.6700926014043688,0.3606096803665334,1.8066866426598858,0.755872322130784
3164,1.3760633170063383,0.6612586090374732,1.8361533193075847,0.7558723221186721
3165,0.6549793363511764,0.3749843291670601,1.8361533193075847,0.7558723221186721
3166,1.3882221534278392,0.6626671708318249,1.8657806050722145,0.7558723221068937
3167,0.6399094537034643,0.38965638334676345,1.8657806050722145,0.7558723221068938
3168,1.3998806143718863,0.6637246870598785,1.895455138742028,0.7558723220954824
3169,0.6249432053892525,0.4045427699920562,1.895455138742028,0.7558723220954825
3170,1.4110089689296865,0.666030076395736,1.9250686950293388,0.7558723220844678
3171,0.6101449669368624,0.41956914367975007,1.9250686950293388,0.755872322084468
3172,1.4215794209994228,0.669562075266577,1.954518174373049,0.7558723220738749
3173,0.5955833938899855,0.43466888445332064,1.954518174373049,0.7558723220738752
3174,1.4315660748376076,0.6742886133865603,1.9837055447820604,0.7558723220637247
3175,0.5813315147228,0.4497821552886089,1.9837055447820604,0.7558723220637247
3176,1.4409449019613927,0.6801677089919179,2.012537748323297,0.7558723220540347
3177,0.5674667305234314,0.46485504639719566,2.012537748323297,0.7558723220540351
3178,1.4496937097330131,0.687148585525165,2.040926582673801,0.7558723220448188
3179,0.5540706850729348,0.47983881641549136,2.040926582673801,0.7558723220448194
3180,1.4577921118673658,0.6951729402538223,2.06878856619853,0.7558723220360878
3181,0.541228962671849,0.49468923021372907,2.06878856619853,0.755872322036088
3182,1.4652215010317686,0.7041762929913884,2.096044793306034,0.7558723220278483
3183,0.5290305663196552,0.509365987388236,2.096044793306034,0.7558723220278488
3184,1.47196502365042,0.7140893474408724,2.122620785373351,0.7558723220201056
3185,0.5175671273074203,0.5099614700859096,2.122620785373351,0.755872322020106
3186,1.4780075569824755,0.7248393071144249,2.1484463413056294,0.7558723220128634
3187,0.5069318010925755,0.5011770343774334,2.1484463413056294,0.7558723220128637
3188,1.483335688509862,0.73635110031067,2.1734553907839977,0.755872322006121
3189,0.49721781590103353,0.4919523275231945,2.1734553907839977,0.7558723220061209
3190,1.487937697647065,0.7485484822891922,2.197585852431905,0.7558723219998744
3191,0.48851666203292793,0.4822968292839864,2.197585852431905,0.7558723219998743
3192,1.4918035397685765,0.761354995932513,2.220779498469957,0.7558723219941178
3193,0.48091594249518005,0.47222054927738183,2.220779498469957,0.755872321994118
3194,1.4949248325391067,0.7746947836819744,2.2429818269072617,0.7558723219888437
3195,0.47449694845259677,0.4617340383183298,2.2429818269072617,0.7558723219888441
3196,1.4972948445258747,0.7884932527419636,2.2641419419107227,0.7558723219840423
3197,0.4693320721482277,0.4508484033412507,2.2641419419107227,0.7558723219840424
3198,1.498908486070363,0.8026776022778884,2.284212442682323,0.7558723219797022
3199,0.46548221797822464,0.4395753268473833,2.284212442682323,0.7558723219797023
3200,1.4997623023979334,0.8171772257241353,2.303149320940556,0.7558723219758114
3201,0.4629944090727078,0.4279270920835702,2.303149320940556,0.7558723219758117
3202,1.4998544689470117,0.8319240037041875,2.3209118669308437,0.7558723219723554
3203,0.4618998010693959,0.4159166155056027,2.3209118669308437,0.7558723219723552
3204,1.4991847889044831,0.8468525038699553,2.337462583768402,0.7558723219693188
3205,0.4622122984091626,0.4035574885416547,2.337462583768402,0.7558723219693189
3206,1.497754692939931,0.8619001036221201,2.352767109835177,0.7558723219666859
3207,0.463927919164343,0.39086403129311204,2.352767109835177,0.7558723219666859
3208,1.495567241137913,0.8770070505655765,2.3667941489016338,0.7558723219644399
3209,0.4670249780564929,0.37785136165383804,2.3667941489016338,0.7558723219644403
3210,1.4926271271340885,0.8921164740027138,2.3795154076174567,0.7558723219625634
3211,0.4714650674256457,0.36453548448485806,2.3795154076174567,0.7558723219625635
3212,1.4889406844671755,0.9071743590160242,2.3909055400070196,0.7558723219610382
3213,0.47719472999319784,0.3509334070811212,2.3909055400070196,0.7558723219610378
3214,1.4845158951639796,0.9221294929135692,2.400942098611458,0.7558723219598453
3215,0.48414765163626755,0.3370632894040921,2.400942098611458,0.7558723219598456
3216,1.479362400578459,0.9369333921199599,2.4096054919357783,0.755872321958969
3217,0.4922471674758954,0.3229446407168116,2.4096054919357783,0.755872321958969
3218,1.473491514507455,0.9515402160586115,2.416878947884026,0.7558723219583903
3219,0.5014088725582186,0.308598578780999,2.416878947884026,0.7558723219583905
3220,1.4669162386045556,0.9659066732206992,2.4227484828959476,0.7558723219580906
3221,0.5115431539247676,0.294048174319507,2.4227484828959476,0.7558723219580906
3222,1.4596512801087778,0.9799919234611745,2.427202876533251,0.7558723219580508
3223,0.5225575039555268,0.27931891302814993,2.427202876533251,0.7558723219580508
3224,1.4517130718954574,0.9937574795958131,2.4302336513012675,0.7558723219582516
3225,0.5343585245299025,0.26443932161537365,2.4302336513012675,0.7558723219582516
3226,1.4431197948417192,1.0071671105800335,2.431835057531631,0.7558723219586745
3227,0.5468535786265671,0.24944182562026956,2.431835057531631,0.7558723219586742
3228,1.4338914024769436,1.0201867479101672,2.4320040631928554,0.7558723219593002
3229,0.5599520846013766,0.23436393897048996,2.4320040631928554,0.7558723219593003
3230,1.424049647858157,1.032784396379663,2.4307403485378876,0.7558723219601116
3231,0.5735664760598818,0.2192499344187908,2.4307403485378876,0.7558723219601114
3232,1.4136181125694738,1.0449300499255223,2.428046305540501,0.7558723219610903
3233,0.587612867128231,0.20415321938382405,2.428046305540501,0.7558723219610903
3234,1.4026222376915363,1.056595612994936,2.423927042115442,0.7558723219622192
3235,0.6020114707571808,0.18913975686801357,2.423927042115442,0.7558723219622192
3236,1.3910893565189109,1.0677548276315978,2.4183903911603326,0.7558723219634818
3237,0.6166868188366033,0.17429304377207322,2.4183903911603326,0.7558723219634814
3238,1.3790487287179112,1.078383206310833,2.4114469245001904,0.7558723219648619
3239,0.6315678296924159,0.15972140516871416,2.4114469245001904,0.7558723219648614
3240,1.3665315755112748,1.087475728653653,2.403109971857811,0.7558723219663436
3241,0.6465877629374751,0.14556867166512338,2.403109971857811,0.7558723219663434
3242,1.3535711153461567,1.0892582200892933,2.3933956450147638,0.7558723219679125
3243,0.6616840950955064,0.1320295533251302,2.3933956450147638,0.7558723219679124
3244,1.3402025993444378,1.0903383851744006,2.3823228673679755,0.7558723219695541
3245,0.676798342866712,0.11937072513548097,2.3823228673679755,0.755872321969554
3246,1.3264633456456503,1.090714362570966,2.3699134091251417,0.7558723219712553
3247,0.691875854911303,0.1079563835913865,2.3699134091251417,0.755872321971255
3248,1.3123927715291546,1.090385505206935,2.356191928417675,0.7558723219730027
3249,0.7068655878591809,0.09826966440497914,2.356191928417675,0.7558723219730026
3250,1.2980324219401955,1.0893523790359878,2.34118601864147,0.7558723219747846
3251,0.7217198779854809,0.09090498345456603,2.34118601864147,0.7558723219747846
3252,1.2834259927413196,1.087616764122156,2.324926262361865,0.7558723219765896
3253,0.7363942165841559,0.08648724973459607,2.324926262361865,0.7558723219765897
3254,1.2686193466647644,1.0851816580629559,2.307446292137915,0.755872321978407
3255,0.7508470344282283,0.08549139531711583,2.307446292137915,0.755872321978407
3256,1.2536605195531143,1.0820512817941834,2.288782858629822,0.755872321980227
3257,0.7650394987062125,0.08803718208220718,2.288782858629822,0.7558723219802275
3258,1.2385997140476592,1.0782310878491757,2.268975906348915,0.7558723219820405
3259,0.778935324349091,0.09382818683596057,2.268975906348915,0.7558723219820406
3260,1.2234892774232642,1.0737277711754796,2.2480686573876203,0.7558723219838386
3261,0.7925006006010904,0.10229602026691416,2.2480686573876203,0.7558723219838391
3262,1.2083836597869324,1.0685492826425191,2.2261077034223162,0.7558723219856138
3263,0.8057036329458456,0.11281272865147884,2.2261077034223162,0.7558723219856143
3264,1.1933393483728723,1.0627048454051486,2.203143106208136,0.7558723219873593
3265,0.8185147999994029,0.12482852760753134,2.203143106208136,0.7558723219873593
3266,1.1784147732060164,1.0562049743199395,2.179228506673581,0.7558723219890683
3267,0.8309064246605299,0.13791439071166503,2.179228506673581,0.7558723219890682
3268,1.1636701790042787,1.0490614986435984,2.1544212425643363,0.7558723219907347
3269,0.842852658618215,0.1517523913477575,2.1544212425643363,0.7558723219907348
3270,1.149167457893538,1.041287588275874,2.1287824743677923,0.7558723219923538
3271,0.8543293792187275,0.16611058314346336,2.1287824743677923,0.755872321992354
3272,1.1349699373756217,1.0328977838423474,2.1023773189581747,0.7558723219939216
3273,0.8653140976619855,0.18081896160698335,2.1023773189581747,0.7558723219939217
3274,1.1211421180859116,1.023908030945012,2.075274990019761,0.7558723219954335
3275,0.8757858775083599,0.19575095250422517,2.075274990019761,0.7558723219954335
3276,1.1077493562791108,1.0143357189397424,2.0475489438128753,0.7558723219968863
3277,0.8857252625171312,0.21081027639789698,2.0475489438128753,0.7558723219968867
3278,1.0948574867681802,1.0041997246283305,2.01927702822189,0.7558723219982775
3279,0.895114212895612,0.22592191623946126,2.01927702822189,0.7558723219982775
3280,1.0825323832876959,0.9935204612770525,1.9905416322419707,0.7558723219996042
3281,0.9039360491056263,0.24102595767940888,1.9905416322419707,0.7558723219996044
3282,1.0708394550201354,0.9823199333913316,1.9614298320961292,0.7558723220008653
3283,0.9121754024462281,0.256073375245198,1.9614298320961292,0.7558723220008654
3284,1.059843080346159,0.9706217976837627,1.9320335290008577,0.7558723220020588
3285,0.9198181717045408,0.2710231240561859,1.9320335290008577,0.755872322002059
3286,1.049605981750135,0.9584514306663348,1.9024495721948307,0.755872322003183
3287,0.9268514852380617,0.2858401092631049,1.9024495721948307,0.7558723220031834
3288,1.0401885491651883,0.9458360032714931,1.872779859194924,0.7558723220042362
3289,0.9332636679201954,0.300493750324091,1.872779859194924,0.7558723220042363
3290,1.031648122743308,0.9328045628534379,1.8431314033435593,0.7558723220052173
3291,0.9390442124453716,0.31495695285396286,1.8431314033435593,0.7558723220052173
3292,1.0240382498742064,0.9193881228314191,1.813616356577037,0.755872322006127
3293,0.9441837545504486,0.32920536320819876,1.813616356577037,0.7558723220061268
3294,1.017407934966522,0.905619760098815,1.7843519730212483,0.7558723220069663
3295,0.9486740517651935,0.34321682173016005,1.7843519730212483,0.7558723220069663
3296,1.0118009037032805,0.8915347201205814,1.7554604965951033,0.7558723220077362
3297,0.9525079653565648,0.35697095737960377,1.7554604965951033,0.755872322007736
3298,1.007254905819116,0.8771705293587613,1.727068953413804,0.7558723220084377
3299,0.9556794451796263,0.37044888423001837,1.727068953413804,0.7558723220084379
3300,1.0038010815640361,0.8625671142787505,1.699308827642479,0.7558723220090726
3301,0.9581835171925245,0.3836329722386094,1.699308827642479,0.755872322009073
3302,1.0014634166299328,0.8477669256712671,1.6723155978445443,0.755872322009643
3303,0.9600162734345169,0.39650667277780843,1.6723155978445443,0.7558723220096433
3304,1.0002583082545635,0.8328150663456761,1.6462281101735348,0.7558723220101506
3305,0.9611748643049632,0.4090543849684967,1.6462281101735348,0.7558723220101506
3306,1.000194261480008,0.8177594193751265,1.6211877654284244,0.7558723220105974
3307,0.9616574930179685,0.42126135271207615,1.6211877654284244,0.7558723220105977
3308,1.0012717293112106,0.8026507729666313,1.597337499546078,0.7558723220109863
3309,0.9614634121424341,0.4331135850293724,1.597337499546078,0.7558723220109865
3310,1.0034831041581955,0.787542936654666,1.574820542067941,0.7558723220113188
3311,0.960592922171109,0.44280130702134723,1.574820542067941,0.7558723220113188
3312,1.0068128609601459,0.7724928418463181,1.5537789449541504,0.7558723220115979
3313,0.959047372095292,0.4276872473860403,1.5537789449541504,0.7558723220115984
3314,1.0112378453702704,0.7575606177650248,1.5343518851167226,0.7558723220118263
3315,0.9568291619945638,0.4126135778447179,1.5343518851167226,0.7558723220118266
3316,1.0167276939210526,0.7428096315601015,1.5166737581887846,0.7558723220120062
3317,0.9539417476837901,0.39764315731882804,1.5166737581887846,0.7558723220120066
3318,1.0232453677102111,0.7283064788240831,1.500872097879907,0.7558723220121407
3319,0.9503896474930861,0.3828460535007628,1.500872097879907,0.7558723220121408
3320,1.0307477772299396,0.7141209081052883,1.4870653737741193,0.7558723220122328
3321,0.9461784512909182,0.36830051765465505,1.4870653737741193,0.7558723220122329
3322,1.0391864737094614,0.700325660420896,1.4753607389950318,0.7558723220122842
3323,0.9413148318965094,0.3540939977846496,1.4753607389950318,0.7558723220122842
3324,1.0485083817704062,0.6869962025786425,1.4658518156539122,0.7558723220122984
3325,0.935806559065672,0.3403241186133565,1.4658518156539122,0.7558723220122983
3326,1.0586565491555369,0.6742103317450919,1.4586166179668507,0.7558723220122776
3327,0.9296625162745594,0.3270995089516872,1.4586166179668507,0.7558723220122776
3328,1.0695708915072621,0.6620476287319393,1.453715717990415,0.755872322012225
3329,0.9228927205690897,0.3145402924284406,1.453715717990415,0.7558723220122249
3330,1.0811889132926031,0.6505887395973249,1.4511907552202985,0.7558723220121425
3331,0.9155083457943489,0.30277797839725734,1.4511907552202985,0.7558723220121428
3332,1.0934463896239761,0.6399144701109118,1.4510633779580344,0.7558723220120339
3333,0.9075217495685451,0.29195440714676485,1.4510633779580344,0.7558723220120338
3334,1.1062779975621508,0.6301046860666346,1.4533346818519142,0.7558723220119008
3335,0.8989465044203739,0.28221934309174435,1.4533346818519142,0.7558723220119009
3336,1.1196178892162956,0.6212370247402169,1.45798518127833,0.7558723220117454
3337,0.8897974335671793,0.2737263165841934,1.45798518127833,0.7558723220117456
3338,1.1334002023561678,0.6133854388785612,1.4649753153994396,0.755872322011571
3339,0.880090651874102,0.2666264504524251,1.4649753153994396,0.755872322011571
3340,1.147559507180241,0.6066186136390219,1.4742464566896016,0.7558723220113793
3341,0.8698436126012637,0.26106032714209193,1.4742464566896016,0.7558723220113793
3342,1.162031190268808,0.6009983171307668,1.4857223593820423,0.7558723220111727
3343,0.8590751606163358,0.25714846213380027,1.4857223593820423,0.7558723220111729
3344,1.1767517785795483,0.5965777640122653,1.4993109619048064,0.7558723220109533
3345,0.8478055928224201,0.25498155027580943,1.4993109619048064,0.7558723220109533
3346,1.191659207645019,0.5934000857009368,1.514906443016063,0.7558723220107231
3347,0.8360567266240674,0.25461212081067036,1.514906443016063,0.755872322010723
3348,1.2066930389659554,0.5914970068172148,1.5323914266417504,0.7558723220104836
3349,0.8238519773244064,0.2560492989239377,1.5323914266417504,0.7558723220104837
3350,1.221794632035361,0.5908878229013672,1.551639234626253,0.7558723220102374
3351,0.8112164454091719,0.2592578650112957,1.551639234626253,0.7558723220102375
3352,1.236907276555096,0.5915787581363222,1.5725160979524326,0.7558723220099859
3353,0.7981770147221903,0.2641618352199457,1.5725160979524326,0.7558723220099861
3354,1.2519762902952176,0.5935627548312541,1.594883253117539,0.7558723220097309
3355,0.7847624625621027,0.27065172789551395,1.594883253117539,0.7558723220097309
3356,1.2669490877652052,0.5968197120052863,1.6185988688081836,0.7558723220094735
3357,0.7710035827184453,0.2785939552683769,1.6185988688081836,0.7558723220094736
3358,1.2817752244738576,0.6013171534340929,1.643519766617283,0.7558723220092161
3359,0.7569333223983381,0.28784061626581464,1.643519766617283,0.7558723220092161
3360,1.2964064210984487,0.6070112714436339,1.669502916615002,0.7558723220089587
3361,0.7425869338481313,0.29823830048572175,1.669502916615002,0.7558723220089588
3362,1.3107965714005372,0.6138482663544188,1.6964067030468457,0.755872322008703
3363,0.7280021412142299,0.30963509327703753,1.6964067030468457,0.7558723220087034
3364,1.3249017372428444,0.6217658859051114,1.7240919667717316,0.7558723220084509
3365,0.7132193227703559,0.32188553818855753,1.7240919667717316,0.7558723220084513
3366,1.338680133597934,0.6306950651220528,1.7524228392148118,0.7558723220082029
3367,0.698281708008444,0.3348537144875325,1.7524228392148118,0.7558723220082031
3368,1.352092106007486,0.6405615737622099,1.7812673878581196,0.7558723220079595
3369,0.6832355881760526,0.34841479299611205,1.7812673878581196,0.7558723220079596
3370,1.3651001025580014,0.65128759295614,1.8104980960767045,0.7558723220077218
3371,0.668130537557211,0.3624554850969638,1.8104980960767045,0.755872322007722
3372,1.3776686420880824,0.662770305697886,1.8399922009737721,0.7558723220074907
3373,0.6530196410322515,0.3768737602449324,1.8399922009737721,0.7558723220074911
3374,1.3897642800345633,0.6627334964286388,1.869631912294755,0.7558723220072668
3375,0.6379597210984693,0.391578129553465,1.869631912294755,0.7558723220072673
3376,1.401355573058254,0.6639537841261695,1.8993045339713999,0.7558723220070509
3377,0.6230115544655286,0.40648671040245515,1.8993045339713999,0.7558723220070511
3378,1.4124130433622677,0.6664198200161068,1.9289025077469748,0.755872322006843
3379,0.60824006444732,0.42152621582710764,1.9289025077469748,0.7558723220068433
3380,1.4229091434234593,0.6701088966936295,1.95832339596041,0.755872322006644
3381,0.5937144705864772,0.43663095782893185,1.95832339596041,0.7558723220066442
3382,1.4328182216967325,0.6749876014887287,1.9874698181374284,0.7558723220064542
3383,0.5795083712875094,0.4517419150214647,1.9874698181374284,0.7558723220064542
3384,1.4421164897190923,0.6810127441012609,2.016249353697601,0.7558723220062735
3385,0.565699728873346,0.46680588921901855,2.016249353697601,0.7558723220062736
3386,1.450781990931796,0.68813249705345,2.0445744209291523,0.7558723220061022
3387,0.5523707198374098,0.4817747593399916,2.0445744209291523,0.7558723220061024
3388,1.458794571451282,0.6962876787305395,2.0723621404570496,0.7558723220059402
3389,0.5396074069104745,0.49660483140274475,2.0723621404570496,0.7558723220059408
3390,1.466135852949782,0.7054131073928654,2.0995341897530904,0.7558723220057884
3391,0.5274991851248256,0.5112562781870925,2.0995341897530904,0.755872322005789
3392,1.4727892077517921,0.7154389596573235,2.1260166538073344,0.7558723220056462
3393,0.5161379530778112,0.5088464739892201,2.1260166538073344,0.7558723220056466
3394,1.4787397362104895,0.7262920768966628,2.1517398758834863,0.7558723220055141
3395,0.5056169652760844,0.5000043761052034,2.1517398758834863,0.7558723220055148
3396,1.4839742463966583,0.7378971757861942,2.17663831129476,0.7558723220053915
3397,0.4960293341992429,0.49072320790681145,2.17663831129476,0.7558723220053919
3398,1.4884812361098205,0.750177932902547,2.2006503863361075,0.7558723220052783
3399,0.4874661736627797,0.48101251739379236,2.2006503863361075,0.7558723220052785
3400,1.4922508772055807,0.7630579262688474,2.2237183638677807,0.7558723220051744
3401,0.4800144091403496,0.47088238372024777,2.2237183638677807,0.7558723220051747
3402,1.495275002223284,0.7764614279651019,2.2457882165394003,0.7558723220050799
3403,0.47375432468552925,0.4603434289543589,2.2457882165394003,0.7558723220050801
3404,1.4975470932928592,0.790314050811535,2.2668095082505864,0.7558723220049943
3405,0.468756965597591,0.449406833529661,2.2668095082505864,0.7558723220049947
3406,1.4990622732982046,0.8045432585466895,2.2867352841438024,0.7558723220049178
3407,0.46508156315586857,0.43808435636175536,2.2867352841438024,0.755872322004918
3408,1.4998172992758365,0.8190787530308807,2.305521969200079,0.7558723220048496
3409,0.46277318211545154,0.42638836087635884,2.305521969200079,0.7558723220048496
3410,1.499810558031067,0.833852754161583,2.3231292753441464,0.755872322004789
3411,0.46186080238322713,0.41433184855451344,2.3231292753441464,0.7558723220047893
3412,1.4990420639590782,0.8488001888191036,2.3395201168497595,0.7558723220047372
3413,0.46235602562273737,0.4019285020810797,2.3395201168497595,0.7558723220047373
3414,1.4975134590643586,0.8638588046961143,2.3546605337586577,0.7558723220046927
3415,0.4642525441936996,0.38919274082920013,2.3546605337586577,0.7558723220046927
3416,1.4952280151785668,0.8789692236828818,2.368519622979248,0.7558723220046552
3417,0.46752643082663803,0.37613979229185945,2.368519622979248,0.7558723220046556
3418,1.4921906383834598,0.8940749478905916,2.3810694767070517,0.7558723220046248
3419,0.4721372170361077,0.36278578427670455,2.3810694767070517,0.7558723220046252
3420,1.4884078756516264,0.9091223296320147,2.392285127802847,0.755872322004601
3421,0.4780296441545724,0.34914786435013306,2.392285127802847,0.7558723220046012
3422,1.4838879237228322,0.9240605149068435,2.4021445017719363,0.7558723220045834
3423,0.48513590880737906,0.3352443553551232,2.4021445017719363,0.7558723220045837
3424,1.4786406402373067,0.9388413682651799,2.4106283750057877,0.7558723220045719
3425,0.49337819405902705,0.3210949591383305,2.4106283750057877,0.7558723220045713
3426,1.4726775571486084,0.9534193854087539,2.417720338972713,0.7558723220045653
3427,0.5026712794480124,0.3067210253638461,2.417720338972713,0.7558723220045652
3428,1.4660118964371451,0.9677515985643705,2.4234067700753137,0.7558723220045641
3429,0.5129250515449403,0.29214590916207905,2.4234067700753137,0.7558723220045638
3430,1.4586585881401135,0.9817974785341149,2.4276768049275397,0.7558723220045673
3431,0.5240467812144357,0.27739545143774536,2.4276768049275397,0.7558723220045673
3432,1.450634290703631,0.9955188363839513,2.4305223208422313,0.7558723220045747
3433,0.5359430835426487,0.262498630611188,2.4305223208422313,0.7558723220045748
3434,1.4419574136470146,1.0088797269601728,2.431937921360049,0.7558723220045862
3435,0.5485215226259514,0.2474884570038599,2.431937921360049,0.7558723220045862
3436,1.4326481425061859,1.0218463558014343,2.4319209266920927,0.7558723220046017
3437,0.5616918606889654,0.23240321509474368,2.4319209266920927,0.7558723220046014
3438,1.4227284659914445,1.0343869905214493,2.4304713689908333,0.75587232200462
3439,0.5753669772240823,0.21728821084967115,2.4304713689908333,0.7558723220046197
3440,1.4122222052525994,1.046471877353222,2.427591992406784,0.7558723220046413
3441,0.5894634994366323,0.2021982610072103,2.427591992406784,0.7558723220046412
3442,1.401155045089454,1.0580731632509697,2.4232882579314303,0.7558723220046649
3443,0.603902192104297,0.18720128274840223,2.4232882579314303,0.7558723220046653
3444,1.3895545668755704,1.0691648237239957,2.417568353069995,0.7558723220046911
3445,0.618608155411357,0.1723835236561011,2.417568353069995,0.755872322004691
3446,1.3774502828752393,1.0797225964132846,2.410443206430441,0.7558723220047194
3447,0.6335108757021599,0.15785722799274113,2.410443206430441,0.7558723220047194
3448,1.364873671524647,1.0877466552586526,2.4019265073573943,0.7558723220047494
3449,0.6485441683037839,0.1437718470296346,2.4019265073573943,0.7558723220047493
3450,1.3518582131148873,1.0894381358010579,2.392034730781054,0.7558723220047805
3451,0.6636460449713186,0.13033011634604874,2.392034730781054,0.7558723220047806
3452,1.3384394251531777,1.0904269797220951,2.3807871674911474,0.7558723220048129
3453,0.6787585320070013,0.11780987954406777,2.3807871674911474,0.7558723220048131
3454,1.324654896485594,1.0907114834421938,2.368205960083953,0.7558723220048466
3455,0.6938274592090001,0.1065898404417306,2.368205960083953,0.7558723220048469
3456,1.3105443190361905,1.0902911573552094,2.354316144865456,0.7558723220048806
3457,0.7088022347531931,0.09716907110246437,2.354316144865456,0.7558723220048807
3458,1.2961495157501512,1.0891667248902193,2.339145700024634,0.7558723220049153
3459,0.7236356169584233,0.09015260615461208,2.339145700024634,0.7558723220049153
3460,1.2815144630199946,1.0873401238982676,2.3227256004161685,0.7558723220049506
3461,0.7382834905835775,0.08615795956918158,2.3227256004161685,0.7558723220049504
3462,1.2666853055224054,1.0848145103815672,2.3050898793094308,0.7558723220049852
3463,0.7527046527518582,0.0856242343854865,2.3050898793094308,0.7558723220049853
3464,1.2517103609995877,1.081594264612122,2.2862756974678677,0.7558723220050203
3465,0.7668606116731747,0.08861588080301733,2.2862756974678677,0.7558723220050205
3466,1.2366401120864385,1.0776849997164721,2.266323419916382,0.7558723220050549
3467,0.7807153999200964,0.09478967059996452,2.266323419916382,0.755872322005055
3468,1.2215271818207158,1.0730935728334372,2.2452767007297942,0.755872322005089
3469,0.7942354029981328,0.10355814542677758,2.2452767007297942,0.7558723220050892
3470,1.2064262889901831,1.0678280989824798,2.223182576127505,0.7558723220051227
3471,0.8073892032448455,0.11429801301734913,2.223182576127505,0.7558723220051227
3472,1.1913941789877505,1.0618979678116867,2.200091566081269,0.7558723220051554
3473,0.8201474386186286,0.1264743520039241,2.200091566081269,0.7558723220051554
3474,1.1764895253901964,1.0553138634264085,2.1760577845263067,0.7558723220051876
3475,0.8324826756364182,0.13967370187619055,2.1760577845263067,0.7558723220051876
3476,1.1617727970852494,1.0480877875322163,2.1511390581004823,0.7558723220052188
3477,0.8443692955429865,0.15359078451816863,2.1511390581004823,0.7558723220052188
3478,1.1473060854931367,1.0402330861588265,2.1253970531097117,0.7558723220052491
3479,0.8557833927067992,0.16800294708057906,2.1253970531097117,0.7558723220052491
3480,1.133152886320848,1.0317644802646517,2.098897410115377,0.7558723220052785
3481,0.8667026842115503,0.18274674286198933,2.098897410115377,0.7558723220052783
3482,1.1193778304189763,1.0226981005540332,2.0717098851439566,0.7558723220053063
3483,0.8771064296283583,0.19770017071310228,2.0717098851439566,0.7558723220053066
3484,1.1060463587583635,1.0130515268701341,2.0439084960103635,0.7558723220053334
3485,0.8869753599965337,0.21277014889487464,2.0439084960103635,0.7558723220053333
3486,1.0932243373858592,1.0028438325546194,2.0155716716020637,0.7558723220053588
3487,0.8962916151002932,0.22788391923364487,2.0155716716020637,0.7558723220053587
3488,1.0809776095293429,0.9920956341888016,1.9867824011663147,0.7558723220053835
3489,0.9050386881973217,0.24298318560261076,1.9867824011663147,0.7558723220053837
3490,1.0693714838602992,0.9808291471474541,1.9576283796520522,0.7558723220054068
3491,0.913201377427553,0.25802010043101997,1.9576283796520522,0.7558723220054064
3492,1.0584701603173654,0.9690682474026301,1.9282021439559631,0.7558723220054284
3493,0.9207657432034548,0.2729544908246652,1.9282021439559631,0.7558723220054283
3494,1.048336097832167,0.9568385400061749,1.8986011934871512,0.7558723220054488
3495,0.927719070954234,0.28775191874165246,1.8986011934871512,0.7558723220054488
3496,1.0390293317061856,0.9441674346503619,1.8689280867820335,0.7558723220054678
3497,0.9340498386643424,0.3023823071453936,1.8689280867820335,0.7558723220054678
3498,1.030606752119998,0.931084228648706,1.8392905039690366,0.7558723220054859
3499,0.9397476887107108,0.3168189545586541,1.8392905039690366,0.7558723220054858
3500,1.023121359092721,0.9176201975838097,1.809801262720504,0.7558723220055024
3501,0.9448034035629329,0.3310378194977992,1.809801262720504,0.7558723220055024
3502,1.0166215128559035,0.9038086937238478,1.780578272986728,0.7558723220055177
3503,0.9492088849661618,0.3450169948543607,1.780578272986728,0.7558723220055176
3504,1.0111502017135945,0.8896852520986063,1.7517444133766276,0.7558723220055317
3505,0.9529571362778974,0.3587363176758893,1.7517444133766276,0.7558723220055319
3506,1.0067443516569206,0.8752877038309379,1.723427309679991,0.7558723220055443
3507,0.9560422476774686,0.3721770766586412,1.723427309679991,0.7558723220055443
3508,1.0034342029375367,0.8606562959171259,1.695758993935977,0.7558723220055558
3509,0.9584593840112055,0.38532179098827996,1.695758993935977,0.7558723220055561
3510,1.001242778204891,0.8458338161127612,1.6688754209415835,0.755872322005566
3511,0.9602047750774731,0.3981540418595548,1.6688754209415835,0.755872322005566
3512,1.000185464529568,0.830865720878009,1.642915818548239,0.7558723220055752
3513,0.9612757081943704,0.4106583432974369,1.642915818548239,0.7558723220055753
3514,1.000269727689028,0.8158002634328831,1.6180218489803218,0.7558723220055831
3515,0.961670522929415,0.4228200425842181,1.6180218489803218,0.7558723220055837
3516,1.0014949716898813,0.8006886178330377,1.5943365612465064,0.7558723220055902
3517,0.9613886079054262,0.4346252431888025,1.5943365612465064,0.7558723220055905
3518,1.0038525500267748,0.7855849935650332,1.5720031200275002,0.7558723220055961
3519,0.9604303996305237,0.4408393370833529,1.5720031200275002,0.7558723220055962
3520,1.0073259281540066,0.7705467334495855,1.5511633046590079,0.7558723220056011
3521,0.9587973833331439,0.42572720057769114,1.5511633046590079,0.7558723220056011
3522,1.0118909896666548,0.7556343856201588,1.531955783244649,0.7558723220056054
3523,0.9564920958157097,0.4106632383708876,1.531955783244649,0.7558723220056055
3524,1.017516472341912,0.74091173802845,1.5145141814645657,0.7558723220056085
3525,0.9535181303734851,0.39571119246559466,1.5145141814645657,0.7558723220056087
3526,1.0241645149836978,0.7264458013782106,1.4989649827656992,0.7558723220056109
3527,0.9498801438587194,0.38094213638176344,1.4989649827656992,0.755872322005611
3528,1.031791292304524,0.7123067237301229,1.4854253152377386,0.7558723220056124
3529,0.9455838660048288,0.3664354576858459,1.4854253152377386,0.7558723220056126
3530,1.0403477130472794,0.6985676174680467,1.4740006989071504,0.7558723220056134
3531,0.9406361111615912,0.35227987175018904,1.4740006989071504,0.7558723220056134
3532,1.0497801561895268,0.6853042771992414,1.4647828432273267,0.7558723220056133
3533,0.9350447926305671,0.3385743898729063,1.4647828432273267,0.7558723220056133
3534,1.0600312212145317,0.6725947659378934,1.4578475957451265,0.755872322005613
3535,0.9288189398306876,0.32542911490888543,1.4578475957451265,0.7558723220056127
3536,1.0710404707872971,0.660518847185587,1.4532531469376777,0.7558723220056115
3537,0.9219687185676014,0.3129656708051753,1.4532531469376777,0.7558723220056119
3538,1.0827451473841017,0.6491572429734032,1.451038591280898,0.7558723220056104
3539,0.9145054547274029,0.30131699195037076,1.451038591280898,0.7558723220056102
3540,1.095080849119403,0.6385907033006069,1.4512229300251425,0.7558723220056082
3541,0.9064416617661212,0.2906261166036177,1.4512229300251425,0.7558723220056082
3542,1.107982153851992,0.6288988813291735,1.4538045775765736,0.7558723220056058
3543,0.8977910724211867,0.2810435739920845,1.4538045775765736,0.7558723220056056
3544,1.1213831843489594,0.6201590215159194,1.4587614029125273,0.7558723220056031
3545,0.8885686751301713,0.27272297466026457,1.4587614029125273,0.755872322005603
3546,1.1352181106315091,0.6124444844009371,1.4660513033741176,0.7558723220055997
3547,0.8787907557054504,0.26581457041812917,1.4660513033741176,0.7558723220055998
3548,1.149421588487487,0.6058231510763563,1.4756132744027701,0.7558723220055963
3549,0.8684749448807854,0.26045689605361055,1.4756132744027701,0.7558723220055963
3550,1.1639291354481687,0.600355770573925,1.4873689091867757,0.7558723220055924
3551,0.8576402724164981,0.25676713492304665,1.4873689091867757,0.7558723220055924
3552,1.1786774472844794,0.5960943317945258,1.5012242398856275,0.7558723220055883
3553,0.8463072285226625,0.2548314492861513,1.5012242398856275,0.7558723220055885
3554,1.1936046593153407,0.5930805548432665,1.5170718189892172,0.755872322005584
3555,0.8344978334324796,0.2546969476007073,1.5170718189892172,0.755872322005584
3556,1.2086505575998259,0.5913446014402253,1.5347929358868186,0.7558723220055794
3557,0.8222357160274936,0.2563669537687433,1.5347929358868186,0.7558723220055794
3558,1.223756745480629,0.5909040979910977,1.5542598689724616,0.7558723220055751
3559,0.8095462024777316,0.25980066417707065,1.5542598689724616,0.7558723220055746
3560,1.238866771038,0.5917635471039474,1.5753380857195454,0.7558723220055705
3561,0.7964564159061729,0.2649172741242407,1.5753380857195454,0.7558723220055701
3562,1.253926220876129,0.5939141751687831,1.597888319725903,0.7558723220055658
3563,0.782995388108229,0.27160361761427526,1.597888319725903,0.7558723220055653
3564,1.2688827853653777,0.597334228569011,1.6217684723199002,0.7558723220055609
3565,0.7691941843392455,0.2797237054649887,1.6217684723199002,0.7558723220055606
3566,1.2836863000606187,0.6019896941868529,1.6468353048013162,0.7558723220055562
3567,0.7550860421073534,0.289128457145004,1.6468353048013162,0.7558723220055561
3568,1.2982887675544392,0.6078353865417768,1.672945904169499,0.7558723220055513
3569,0.7407065247494568,0.29966430391470794,1.672945904169499,0.7558723220055511
3570,1.3126443635394063,0.6148163187916001,1.6999589192652547,0.7558723220055464
3571,0.7260936902903743,0.311179932024403,1.6999589192652547,0.7558723220055467
3572,1.3267094303722151,0.6228692607685375,1.7277355751751133,0.755872322005542
3573,0.7112882756440173,0.3235309853654566,1.7277355751751133,0.7558723220055423
3574,1.3404424609723942,0.6319243848325791,1.7561404815102437,0.7558723220055374
3575,0.6963338955528584,0.33658292260168593,1.7561404815102437,0.7558723220055376
3576,1.3538040754610585,0.6419069081772678,1.7850422550728342,0.7558723220055332
3577,0.6812772547047091,0.3502124061103411,1.7850422550728342,0.755872322005533
3578,1.3667569925575986,0.6527386554981668,1.8143139799255115,0.7558723220055288
3579,0.6661683701243292,0.36430763630168067,1.8143139799255115,0.7558723220055289
3580,1.379265997407087,0.6626944294784944,1.8438335285124423,0.7558723220055245
3581,0.6510607991059651,0.3787679978116328,1.8438335285124423,0.7558723220055245
3582,1.3912979072088034,0.6628210164593021,1.873483766758555,0.7558723220055205
3583,0.6360118655133419,0.3935033041933166,1.873483766758555,0.7558723220055206
3584,1.402821535754944,0.6642038839664645,1.903152664450442,0.7558723220055167
3585,0.6210828741044222,0.4084328459743363,1.903152664450442,0.7558723220055167
3586,1.4138076577655991,0.666830182947813,1.9327333300520786,0.7558723220055126
3587,0.6063392985326649,0.4234843777899312,1.9327333300520786,0.755872322005513
3588,1.4242289737179403,0.6706757732376071,1.9621239867172149,0.7558723220055094
3589,0.5918509237739021,0.43859312786011334,1.9621239867172149,0.7558723220055091
3590,1.4340600757106337,0.6757059154956027,1.9912279038353313,0.7558723220055057
3591,0.5776919179626752,0.45370087621687283,1.9912279038353313,0.755872322005506
3592,1.4432774147749792,0.6818762301966788,2.019953296128434,0.7558723220055025
3593,0.563940802194098,0.46875512371029304,2.019953296128434,0.7558723220055025
3594,1.4518592699386186,0.6891338606580718,2.0482132001867894,0.7558723220054995
3595,0.5506802802159173,0.483708358599558,2.0482132001867894,0.7558723220054994
3596,1.4597857192625148,0.6974187692863184,2.075925336437294,0.7558723220054965
3597,0.5379968839254218,0.4985174186237016,2.075925336437294,0.7558723220054965
3598,1.4670386130041835,0.7066650957533429,2.1030119628938904,0.7558723220054935
3599,0.5259803864884435,0.5131429416808396,2.1030119628938904,0.7558723220054936
3600,1.4736015490072398,0.7168025116592488,2.1293997256413295,0.7558723220054911
3601,0.5147229345193597,0.5077239281150249,2.1293997256413295,0.7558723220054911
3602,1.4794598503766965,0.72775751667272,2.15501950983553,0.7558723220054888
3603,0.5043178563521992,0.49882432010190597,2.15501950983553,0.7558723220054887
3604,1.4846005454691487,0.7394546341411289,2.179806294043195,0.7558723220054865
3605,0.4948581174081703,0.48948685140211734,2.179806294043195,0.7558723220054866
3606,1.4890123502051464,0.7518174778279226,2.2036990099649367,0.7558723220054843
3607,0.4864344180338611,0.4797211384023654,2.2036990099649367,0.7558723220054842
3608,1.4926856526961565,0.7647696742452268,2.2266404089640655,0.7558723220054824
3609,0.4791329646781263,0.46953732999034137,2.2266404089640655,0.7558723220054825
3610,1.495612500169309,0.7782356359928712,2.2485769363333006,0.7558723220054805
3611,0.47303299029440415,0.45894611974642896,2.2485769363333006,0.7558723220054805
3612,1.4977865881684038,0.7921411900827867,2.269458613851615,0.755872322005479
3613,0.4682041495715419,0.4479587619404726,2.269458613851615,0.7558723220054794
3614,1.4992032520085703,0.8064140713278835,2.28923893089374,0.7558723220054777
3615,0.4647039607419071,0.4365870923387307,2.28923893089374,0.755872322005478
3616,1.4998594604636457,0.8209842947073769,2.307874744138555,0.7558723220054764
3617,0.4625754975982347,0.4248435551080736,2.307874744138555,0.7558723220054767
3618,1.4997538116691314,0.8357844225538591,2.325326185765343,0.755872322005475
3619,0.46184554233230574,0.4127412374779779,2.325326185765343,0.7558723220054758
3620,1.4988865312288358,0.8507497428733769,2.341556579916711,0.7558723220054744
3621,0.46252338480080535,0.40029391431980355,2.341556579916711,0.7558723220054743
3622,1.4972594725195099,0.8658183745318714,2.3565323671339176,0.7558723220054733
3623,0.4646003965763197,0.3875161054752821,2.3565323671339176,0.7558723220054735
3624,1.494876119194409,0.8809313137908279,2.3702230364263936,0.7558723220054727
3625,0.4680504267307635,0.374423149580879,2.3702230364263936,0.7558723220054728
3626,1.4917415898932427,0.8960324350513287,2.382601064615788,0.7558723220054723
3627,0.4728309757046439,0.3610312993911168,2.382601064615788,0.7558723220054723
3628,1.4878626451719785,0.9110684568934849,2.3936418625907505,0.7558723220054718
3629,0.4788850215651073,0.3473578453473344,2.3936418625907505,0.755872322005472
3630,1.483247696670877,0.9259888827340557,2.4033237281176896,0.7558723220054714
3631,0.48614331461804644,0.3334212765832741,2.4033237281176896,0.7558723220054716
3632,1.477906818542373,0.9407459237693181,2.4116278048716504,0.7558723220054714
3633,0.4945269300915415,0.3192414920256705,2.4116278048716504,0.7558723220054716
3634,1.4718517611614457,0.9552944103797961,2.4185380473777487,0.7558723220054714
3635,0.5039498744971334,0.3048400792204355,2.4185380473777487,0.7558723220054713
3636,1.4650959671390646,0.9695916968737143,2.4240411915852262,0.7558723220054714
3637,0.5143215724145175,0.2902406857312357,2.4240411915852262,0.7558723220054715
3638,1.4576545896534903,0.9835975633410526,2.428126730831786,0.7558723220054713
3639,0.525549106262074,0.2754695185552675,2.428126730831786,0.7558723220054715
3640,1.4495445131034885,0.9972741174703729,2.4307868969941664,0.7558723220054716
3641,0.5375391313670286,0.2605560227503335,2.4307868969941664,0.7558723220054716
3642,1.4407843760708787,1.0105856984291337,2.4320166466611597,0.7558723220054722
3643,0.5501994339497543,0.2455338141363637,2.4320166466611597,0.7558723220054722
3644,1.431394596555792,1.0234987843044476,2.4318136522068436,0.7558723220054722
3645,0.5634401355296768,0.23044197686129902,2.4318136522068436,0.755872322005472
3646,1.421397399415052,1.0359819041237879,2.43017829768417,0.7558723220054724
3647,0.5771745720395032,0.2153268915570295,2.43017829768417,0.7558723220054725
3648,1.410816845890279,1.0480055551035878,2.427113679501922,0.7558723220054727
3649,0.5913198902639056,0.2002448440259652,2.427113679501922,0.7558723220054728
3650,1.3996788650555403,1.0595421254893103,2.4226256118911635,0.755872322005473
3651,0.6057974100779654,0.18526579265084459,2.4226256118911635,0.7558723220054733
3652,1.3880112869421162,1.0705658231369926,2.4167226372103214,0.7558723220054735
3653,0.6205328007612411,0.17047886331309886,2.4167226372103214,0.7558723220054737
3654,1.3758438770074255,1.0810526098294668,2.4094160411808407,0.755872322005474
3655,0.6354561156683467,0.15600040640526772,2.4094160411808407,0.755872322005474
3656,1.3632083715032441,1.0880057921478623,2.400719873187517,0.7558723220054746
3657,0.6505017235716108,0.14198576314747632,2.400719873187517,0.7558723220054746
3658,1.3501385131615924,1.0896062125980928,2.390650971818861,0.7558723220054746
3659,0.6656081683656997,0.12864606382286775,2.390650971818861,0.7558723220054749
3660,1.33667008645146,1.0905037066596734,2.379228995862606,0.7558723220054754
3661,0.6807179823786517,0.11627076661086541,2.379228995862606,0.7558723220054757
3662,1.3228409514621156,1.0906967284563553,2.3664764610091193,0.7558723220054762
3663,0.6957774727390932,0.10525344826560401,2.3664764610091193,0.755872322005476
3664,1.3086910752354304,1.0901849458321162,2.35241878255006,0.7558723220054768
3665,0.7107364953134143,0.09610894394502302,2.35241878255006,0.7558723220054767
3666,1.2942625590971932,1.0889692397147686,2.3370843243899158,0.7558723220054772
3667,0.7255482266885501,0.08945137835181761,2.3370843243899158,0.7558723220054773
3668,1.2795996602232464,1.087051705805131,2.320504454712484,0.7558723220054782
3669,0.7401689414775279,0.08588752736751092,2.320504454712484,0.7558723220054779
3670,1.2647488053192697,1.0844356586130866,2.3027136086607323,0.7558723220054785
3671,0.7545577997604789,0.08581707136099463,2.3027136086607323,0.7558723220054786
3672,1.2497585938940383,1.0811256378913274,2.283749358394179,0.7558723220054796
3673,0.7686766476220209,0.08924853209616762,2.283749358394179,0.7558723220054795
3674,1.2346797881687896,1.0771274175473804,2.2636524908793256,0.7558723220054803
3675,0.7824898323882483,0.09579489604890494,2.2636524908793256,0.7558723220054806
3676,1.2195652861978918,1.0724480171447437,2.2424670937414533,0.7558723220054808
3677,0.7959640331967751,0.10485334254380649,2.2424670937414533,0.755872322005481
3678,1.2044700742916117,1.0670957161347936,2.2202406494546247,0.7558723220054817
3679,0.8090681068611657,0.11580732195231884,2.2202406494546247,0.7558723220054816
3680,1.1894511543506316,1.0610800709925785,2.197024138064026,0.7558723220054819
3681,0.8217729485428393,0.12813726001533407,2.197024138064026,0.7558723220054825
3682,1.1745674412726417,1.0544119354617467,2.172872148512386,0.7558723220054828
3683,0.8340513664606053,0.1414449912487159,2.172872148512386,0.755872322005483
3684,1.1598796252121275,1.0471034841465352,2.1478429984695384,0.7558723220054833
3685,0.8458779697047364,0.15543743765864168,2.1478429984695384,0.755872322005483
3686,1.1454499932144575,1.0391682397217623,2.121998862328663,0.7558723220054835
3687,0.8572290681441989,0.16990084177841863,2.121998862328663,0.7558723220054835
3688,1.1313422046645103,1.030621104064733,2.0954059067193014,0.7558723220054842
3689,0.8680825833962184,0.18467801656597568,2.0954059067193014,0.7558723220054839
3690,1.1176210151582613,1.0214783936452432,2.068134432478169,0.7558723220054844
3691,0.878417969847469,0.19965132487534148,2.068134432478169,0.7558723220054848
3692,1.104351943899899,1.0117578795404942,2.0402590214937875,0.755872322005485
3693,0.8882161447617641,0.21473073952618246,2.0402590214937875,0.755872322005485
3694,1.0916008806259994,1.0014788324694113,2.011858686177156,0.7558723220054855
3695,0.8974594265701381,0.2298456636843907,2.011858686177156,0.7558723220054855
3696,1.079433629434729,0.9906620732636454,1.9830170184832465,0.7558723220054859
3697,0.9061314805084894,0.24493935265594,1.9830170184832465,0.7558723220054862
3698,1.067915388807591,0.979330029207927,1.9538223343912893,0.7558723220054865
3699,0.9142172708406564,0.2599650905883132,1.9538223343912893,0.7558723220054867
3700,1.057110169578716,0.9675067966869292,1.9243678085206701,0.7558723220054869
3701,0.9217030189775777,0.27488354425528044,1.9243678085206701,0.7558723220054872
3702,1.0470801556110887,0.9552182105648355,1.89475159209262,0.7558723220054872
3703,0.9285761668739779,0.2896609095167639,1.89475159209262,0.7558723220054874
3704,1.037885015398499,0.9424919206913677,1.8650769057324632,0.7558723220054874
3705,0.9348253451515017,0.3042675963997073,1.8650769057324632,0.7558723220054878
3706,1.0295811765722274,0.9293574758663365,1.8354520966436512,0.7558723220054879
3707,0.940440345460728,0.31867728438775444,1.8354520966436512,0.7558723220054882
3708,1.0222210791212964,0.9158464154938435,1.805990647495641,0.7558723220054878
3709,0.9454120966537357,0.33286623537690196,1.805990647495641,0.7558723220054883
3710,1.0158524267321598,0.9019923690044499,1.7768111220074987,0.7558723220054883
3711,0.9497326443938813,0.3468127882839113,1.7768111220074987,0.7558723220054885
3712,1.010517458663972,0.887831162903143,1.7480370297768517,0.7558723220054889
3713,0.9533951338803573,0.3604969833520336,1.7480370297768517,0.7558723220054892
3714,1.0062522666272822,0.8734009349933353,1.7197965905565094,0.7558723220054889
3715,0.956393795412257,0.3739002801997882,1.7197965905565094,0.7558723220054892
3716,1.0030861818840417,0.8587422549089233,1.6922223761472412,0.755872322005489
3717,0.9587239325606427,0.3870053444211061,1.6922223761472412,0.7558723220054894
3718,1.0010412569740148,0.8438982495298778,1.6654508066659306,0.7558723220054894
3719,0.9603819127579427,0.39979588486998063,1.6654508066659306,0.7558723220054896
3720,1.0001318639691084,0.8289147311300921,1.639621477560691,0.7558723220054894
3721,0.961365160152324,0.4122565288076514,1.639621477560691,0.7558723220054897
3722,1.0003644270064778,0.8138403251742726,1.6148762948534157,0.7558723220054897
3723,0.9616721506109775,0.424372725606065,1.6148762948534157,0.7558723220054897
3724,1.0017373012848079,0.7987265935071842,1.591358399219708,0.7558723220054899
3725,0.9613024087909564,0.43613067217965734,1.591358399219708,0.7558723220054903
3726,1.004240804130984,0.7836281472295257,1.5692108651857108,0.75587232200549
3727,0.9602565072297979,0.43887720535763797,1.5692108651857108,0.7558723220054905
3728,1.007857396691946,0.7686027418041519,1.548575170360361,0.7558723220054904
3729,0.9585360674410887,0.42376795651210336,1.548575170360361,0.7558723220054909
3730,1.0125620078771642,0.7537113448753006,1.5295894414539792,0.7558723220054905
3731,0.9561437630328495,0.4087147742356998,1.5295894414539792,0.7558723220054908
3732,1.0183224859529045,0.7390181649326842,1.5123864987421154,0.7558723220054903
3733,0.9530833248995941,0.39378229895485073,1.5123864987421154,0.7558723220054905
3734,1.0251001581596084,0.7245906263793572,1.4970917380226378,0.7558723220054907
3735,0.9493595485725805,0.37904262662550664,1.4970917380226378,0.7558723220054907
3736,1.0328504752262855,0.7104992739030208,1.483820907815008,0.7558723220054908
3737,0.9449783038476155,0.3645762982984047,1.483820907815008,0.7558723220054909
3738,1.041523715845612,0.6968175865332458,1.4726778578024067,0.7558723220054907
3739,0.9399465468462215,0.3504733131957826,1.4726778578024067,0.7558723220054908
3740,1.05106572602087,0.6836216797365945,1.4637523500751803,0.7558723220054908
3741,0.9342723347045176,0.33683408285960187,1.4637523500751803,0.7558723220054906
3742,1.0614186695131622,0.6709898728352532,1.4571180351281279,0.7558723220054907
3743,0.927964843125245,0.3237701918026975,1.4571180351281279,0.7558723220054909
3744,1.0725217681034533,0.6590020995417791,1.4528306974977547,0.7558723220054903
3745,0.9210343870724369,0.3114047612368893,1.4528306974977547,0.7558723220054906
3746,1.0843120136778983,0.6477391421916511,1.4509268697533433,0.7558723220054904
3747,0.9134924449357202,0.29987213083839276,1.4509268697533433,0.7558723220054905
3748,1.0967248378771448,0.6372816760550555,1.451422897734074,0.7558723220054904
3749,0.9053516865425159,0.289316493381686,1.451422897734074,0.7558723220054901
3750,1.1096947288845138,0.6277091195289191,1.4543145153054255,0.7558723220054903
3751,0.8966260054517743,0.27988906897620447,1.4543145153054255,0.7558723220054908
3752,1.1231557885892816,0.6190982993392401,1.459576955763371,0.7558723220054901
3753,0.8873305560225342,0.2717434397464979,1.459576955763371,0.75587232200549
3754,1.1370422266497737,0.6115219568519678,1.467165592742232,0.7558723220054901
3755,0.8774817958144697,0.26502884480353206,1.467165592742232,0.7558723220054903
3756,1.1512887907729346,0.6050471411390314,1.4770170700385232,0.75587232200549
3757,0.867097533945437,0.25988160722594933,1.4770170700385232,0.75587232200549
3758,1.1658311347669887,0.5997335545943357,1.489050850956318,0.7558723220054898
3759,0.8561969861020485,0.2564154129494715,1.489050850956318,0.75587232200549
3760,1.180606127611268,0.5956319348052552,1.5031710965974325,0.75587232200549
3761,0.8448008369721992,0.2547117539069521,1.5031710965974325,0.7558723220054899
3762,1.1955521079613873,0.592782568707642,1.5192687706646115,0.75587232200549
3763,0.832931310940998,0.2548122364878632,1.5192687706646115,0.7558723220054901
3764,1.2106090892327819,0.59121403855643,1.537223866073109,0.7558723220054898
3765,0.8206122519603167,0.2567143774134776,1.537223866073109,0.7558723220054897
3766,1.225718920757525,0.5909422916416012,1.5569076549293608,0.7558723220054897
3767,0.8078692135620817,0.2603718599757406,1.5569076549293608,0.7558723220054895
3768,1.240825410567172,0.5919701064108439,1.5781848762613482,0.7558723220054895
3769,0.7947295600291421,0.2656991896745158,1.5781848762613482,0.7558723220054895
3770,1.2558744151926546,0.5942869983595155,1.6009157928501243,0.7558723220054893
3771,0.7812225797546495,0.27257967930394966,1.6009157928501243,0.7558723220054893
3772,1.2708139015570996,0.5978695734547261,1.6249580671979513,0.7558723220054897
3773,0.767379611796893,0.28087510408310956,1.6249580671979513,0.7558723220054894
3774,1.2855939856244056,0.6026823001164817,1.6501684250080777,0.7558723220054894
3775,0.7532341865515717,0.2904353499559837,1.6501684250080777,0.7558723220054896
3776,1.300166952000062,0.6086786382907038,1.676404091022754,0.7558723220054893
3777,0.7388221812907713,0.3011068036608708,1.676404091022754,0.7558723220054894
3778,1.3144872581953173,0.6158024403594382,1.7035239957455623,0.7558723220054892
3779,0.7241819910217216,0.31273883126795776,1.7035239957455623,0.7558723220054894
3780,1.3285115267862695,0.6239895261034374,1.7313897620788716,0.755872322005489
3781,0.7093547146521177,0.32518822459705654,1.7313897620788716,0.7558723220054895
3782,1.3421985282430717,0.6331693329898349,1.759866488277747,0.7558723220054888
3783,0.6943843557523938,0.33832184452225067,1.759866488277747,0.7558723220054893
3784,1.3555091567820972,0.6432665520533409,1.7888233481823825,0.7558723220054889
3785,0.6793180362036431,0.3520178500968958,1.7888233481823825,0.755872322005489
3786,1.3684064012117323,0.6542026756327446,1.8181340319210628,0.7558723220054886
3787,0.6642062196210765,0.366165924402817,1.8181340319210628,0.755872322005489
3788,1.3808553124029455,0.6626397537881898,1.847677050704702,0.755872322005489
3789,0.6491029395394251,0.38066685425226804,1.847677050704702,0.7558723220054892
3790,1.3928229687188307,0.6629297170740017,1.8773359284708182,0.7558723220054888
3791,0.6340660248191858,0.3954317394166604,1.8773359284708182,0.755872322005489
3792,1.404278440481171,0.6644749473989011,1.9069993014242477,0.7558723220054887
3793,0.6191573114602636,0.41038102639562896,1.9069993014242477,0.7558723220054886
3794,1.4151927543337726,0.6672611018209613,1.9365609443257885,0.7558723220054887
3795,0.6044428258895348,0.4254434946754591,1.9365609443257885,0.7558723220054889
3796,1.42553885817848,0.6712626191378506,1.965919739974221,0.7558723220054887
3797,0.5899929197696009,0.44055527313691867,1.965919739974221,0.7558723220054889
3798,1.4352915872066012,0.6764434495834204,1.9949796059092744,0.7558723220054883
3799,0.5758823305089442,0.455658929222533,1.9949796059092744,0.7558723220054887
3800,1.4444276314222457,0.6827580441000832,2.023649390064413,0.7558723220054884
3801,0.5621901351668883,0.47070265046614534,2.023649390064413,0.7558723220054889
3802,1.4529255049512981,0.6901525387373904,2.051842744997827,0.7558723220054883
3803,0.5489995588404022,0.4856395237305504,2.051842744997827,0.7558723220054885
3804,1.4607655173469922,0.6985660628953858,2.0794779884676977,0.7558723220054879
3805,0.5363975927742864,0.5004269092338544,2.0794779884676977,0.7558723220054882
3806,1.4679297470374386,0.7079321005558236,2.106477956506046,0.7558723220054876
3807,0.5244743737087119,0.5150259020921791,2.106477956506046,0.7558723220054882
3808,1.4744020170092316,0.7181798401960368,2.132769853778274,0.7558723220054878
3809,0.5133222762401255,0.5065938517486106,2.132769853778274,0.7558723220054883
3810,1.4801678727821055,0.729235459961897,2.1582851048757923,0.7558723220054877
3811,0.5030346765161763,0.49763688678691853,2.1582851048757923,0.7558723220054884
3812,1.4852145627005002,0.7410233078651218,2.1829592092536307,0.7558723220054876
3813,0.49370436081341934,0.4882432795793655,2.1829592092536307,0.755872322005488
3814,1.4895310205470274,0.7534669504002944,2.2067316017682184,0.7558723220054876
3815,0.48542157835703376,0.4784227150533657,2.2067316017682184,0.7558723220054882
3816,1.4931078504687698,0.7664900755909412,2.229545520166965,0.7558723220054878
3817,0.478271774623637,0.46818541203451,2.229545520166965,0.7558723220054885
3818,1.4959373141987444,0.7800172471276929,2.2513478804067866,0.7558723220054879
3819,0.47233308734461366,0.45754213588350434,2.2513478804067866,0.7558723220054883
3820,1.4980133205506905,0.7939745145067001,2.272089160311492,0.7558723220054876
3821,0.46767373721508637,0.4465042150552765,2.272089160311492,0.7558723220054883
3822,1.499331417164643,0.8082898898662968,2.2917232917986405,0.7558723220054878
3823,0.464349490241355,0.4350835626177231,2.2917232917986405,0.7558723220054883
3824,1.4998887844827553,0.8228937057831662,2.3102075616986646,0.7558723220054878
3825,0.46240139787253176,0.42329270405986513,2.3102075616986646,0.755872322005488
3826,1.4996842319388282,0.8377188700073179,2.3275025210384706,0.7558723220054876
3827,0.4618540241748459,0.41114481310677164,2.3275025210384706,0.7558723220054879
3828,1.4987181963504268,0.8527010334225462,2.34357190255696,0.7558723220054877
3829,0.4627143399556422,0.39865375777699724,2.34357190255696,0.7558723220054877
3830,1.4969927425087333,0.8677786868342686,2.358382546150995,0.7558723220054878
3831,0.4649714027299848,0.38583415961775475,2.358382546150995,0.755872322005488
3832,1.4945115659679284,0.8828932008724224,2.3719043319096693,0.7558723220054882
3833,0.4685968578652747,0.3727014700057065,2.3719043319096693,0.755872322005488
3834,1.4912799980423919,0.897988821643012,2.384110120375811,0.7558723220054878
3835,0.47354620575488987,0.35927206871149364,2.384110120375811,0.7558723220054879
3836,1.487305013025896,0.9130126329832025,2.394975699671415,0.7558723220054879
3837,0.4797607001540743,0.3455633917466376,2.394975699671415,0.7558723220054878
3838,1.4825952376516849,0.9279144944201566,2.404479739134222,0.7558723220054877
3839,0.48716968834088564,0.3315940980680962,2.404479739134222,0.7558723220054878
3840,1.477160962815351,0.9426469622970776,2.4126037491326127,0.7558723220054878
3841,0.4956931818578787,0.3173842883463443,2.4126037491326127,0.7558723220054883
3842,1.471014157583047,0.957165200063334,2.4193320467531034,0.7558723220054879
3843,0.5052444562607572,0.3029557942180165,2.4193320467531034,0.7558723220054879
3844,1.4641684855051238,0.9714268824512116,2.424651727086932,0.7558723220054876
3845,0.515732511977769,0.2883325640243823,2.424651727086932,0.7558723220054879
3846,1.4566393232488632,0.9853920971816317,2.4285526398782302,0.7558723220054878
3847,0.5270642752868949,0.2735411821867188,2.4285526398782302,0.7558723220054878
3848,1.4484437815525775,0.9990232469443928,2.431027371334859,0.7558723220054875
3849,0.5391464679966718,0.25861157596386597,2.431027371334859,0.7558723220054878
3850,1.4396007284858154,1.012284953667397,2.432071230943465,0.7558723220054877
3851,0.5518871187009665,0.2435779883106582,2.432071230943465,0.7558723220054882
3852,1.4301308149753258,1.0251439665031576,2.431682243171975,0.7558723220054876
3853,0.5651967229639608,0.22848033350568256,2.431682243171975,0.7558723220054879
3854,1.420056502522143,1.037569074498316,2.429861143985217,0.7558723220054876
3855,0.5789890831388003,0.21336611028460126,2.429861143985217,0.7558723220054879
3856,1.4094020929898254,1.0495310245526344,2.42661138214227,0.7558723220054877
3857,0.5931818716247739,0.19829313621237174,2.42661138214227,0.7558723220054877
3858,1.39819376028521,1.0610024449996578,2.421939125287258,0.7558723220054876
3859,0.6076969663032407,0.18333350230597728,2.421939125287258,0.7558723220054879
3860,1.3864595836785982,1.0719577749357623,2.4158532708882996,0.7558723220054874
3861,0.622460606080137,0.16857934688411016,2.4158532708882996,0.7558723220054878
3862,1.3742295824171789,1.0823731992739463,2.4083654621220774,0.7558723220054875
3863,0.6374034101199844,0.1541513227563368,2.4083654621220774,0.7558723220054875
3864,1.3615357511705386,1.0882531317709403,2.3994901088435348,0.7558723220054875
3865,0.6524602982421048,0.14021094270100082,2.3994901088435348,0.7558723220054876
3866,1.3484120957068864,1.089762445595716,2.3892444138213227,0.7558723220054874
3867,0.6675703433089297,0.12697811375151347,2.3892444138213227,0.7558723220054876
3868,1.3348946680294314,1.0905685637587337,2.37764840445912,0.7558723220054874
3869,0.6826765800553867,0.11475435757578435,2.37764840445912,0.7558723220054876
3870,1.3210216000004804,1.090670098037083,2.364724970260284,0.7558723220054875
3871,0.6977257891178009,0.10394845392071908,2.364724970260284,0.7558723220054878
3872,1.3068331342425963,1.0900668737141532,2.350499906327365,0.7558723220054876
3873,0.7126682702017855,0.09509070279338613,2.350499906327365,0.755872322005488
3874,1.2923716508284147,1.0887599292449195,2.335001963217672,0.7558723220054877
3875,0.7274576144041297,0.08880255548322692,2.335001963217672,0.7558723220054882
3876,1.2776816879510353,1.0867515182479013,2.3182629034995728,0.7558723220054879
3877,0.7420504826070468,0.08567652722204795,2.3182629034995728,0.7558723220054884
3878,1.2628099544043538,1.0840451138489278,2.3003175653693866,0.7558723220054879
3879,0.7564063944851303,0.08606949113920988,2.3003175653693866,0.7558723220054882
3880,1.247805331298444,1.0806454154313674,2.2812039336927725,0.755872322005488
3881,0.770487530884206,0.08993395880002544,2.2812039336927725,0.755872322005488
3882,1.2327188599934462,1.0765583578772957,2.2609632188237763,0.7558723220054883
3883,0.7842585510296182,0.09684244010232185,2.2609632188237763,0.7558723220054883
3884,1.217603712764878,1.071791123414415,2.2396399435246757,0.7558723220054878
3885,0.7976864250950849,0.10618032302407675,2.2396399435246757,0.755872322005488
3886,1.2025151422280118,1.0663521562144165,2.2172820382546368,0.7558723220054882
3887,0.8107402820240122,0.11733963716652752,2.2172820382546368,0.7558723220054882
3888,1.1875104050701506,1.0602511799200445,2.1939409450079093,0.7558723220054883
3889,0.8233912720713934,0.1298164946076019,2.1939409450079093,0.7558723220054882
3890,1.172648655196996,1.0534992183103247,2.1696717297539347,0.7558723220054882
3891,0.8356124432693347,0.1432277072693898,2.1696717297539347,0.755872322005488
3892,1.1579908010325999,1.0461086193461435,2.144533203351736,0.7558723220054882
3893,0.8473786308687874,0.15729194801704757,2.144533203351736,0.7558723220054878
3894,1.143599321471982,1.0380930828714312,2.1185880505661685,0.7558723220054883
3895,0.858666358740732,0.1718039688881536,2.1185880505661685,0.7558723220054882
3896,1.1295380349328403,1.0294676922780912,2.0919029664888593,0.7558723220054879
3897,0.8694537517067144,0.18661255708174265,2.0919029664888593,0.755872322005488
3898,1.1158718161588168,1.0202489504749546,2.0645487992437084,0.7558723220054882
3899,0.8797204577927453,0.2016042402470306,2.0645487992437084,0.755872322005488
3900,1.1026662559690608,1.0104548205313717,2.036600697315173,0.7558723220054882
3901,0.8894475794486745,0.216691909576315,2.036600697315173,0.7558723220054884
3902,1.0899872601059044,1.000104771393208,2.008138259153941,0.7558723220054879
3903,0.8986176128375687,0.23180703675619224,2.008138259153941,0.7558723220054884
3904,1.0779005847754644,0.9892198290910068,1.9792456818640465,0.7558723220054882
3905,0.9072143943695992,0.2468943648975622,1.9792456818640465,0.7558723220054883
3906,1.0664713084573743,0.9778226338742678,1.9500119047321969,0.7558723220054884
3907,0.9152230537277999,0.26190826580461884,1.9500119047321969,0.7558723220054886
3908,1.055763242099357,0.9659375037085649,1.920530742099459,0.7558723220054885
3909,0.9226299727056888,0.27681021503533043,1.920530742099459,0.7558723220054883
3910,1.045838282881874,0.9535905045588426,1.8909009985770262,0.7558723220054884
3911,0.9294227492471542,0.2915670204262775,1.8909009985770262,0.7558723220054887
3912,1.036755720246859,0.9408095278464832,1.861226557859774,0.7558723220054886
3913,0.9355901661460102,0.3061495633044079,1.861226557859774,0.7558723220054887
3914,1.0285715066684904,0.9276243754015612,1.831616434396625,0.7558723220054883
3915,0.9411221639255803,0.3205318926423884,1.831616434396625,0.7558723220054883
3916,1.0213375094619868,0.9140668521248122,1.8021847749615028,0.7558723220054882
3917,0.9460098174773612,0.3346905652718539,1.8021847749615028,0.7558723220054882
3918,1.0151007634680587,0.9001708664132086,1.7730507947924155,0.7558723220054882
3919,0.9502453160922546,0.3486041598542115,1.7730507947924155,0.7558723220054885
3920,1.0099027473574018,0.8859725381724313,1.7443386305347421,0.7558723220054885
3921,0.9538219465682644,0.36225291511257207,1.7443386305347421,0.7558723220054885
3922,1.0057787082005325,0.8715103139189765,1.7161770899035824,0.7558723220054885
3923,0.9567340791252466,0.3756184580168496,1.7161770899035824,0.7558723220054885
3924,1.0027570595078643,0.8568250880401486,1.6886992760078905,0.7558723220054887
3925,0.9589771559006669,0.3886835978454205,1.6886992760078905,0.7558723220054884
3926,1.000858876916549,0.8419603287034012,1.6620420629781874,0.7558723220054887
3927,0.9605476818407949,0.40143216902080064,1.6620420629781874,0.7558723220054887
3928,1.000097512976825,0.8269622061551597,1.6363453993180348,0.7558723220054886
3929,0.9614432178397987,0.413848910427498,1.6363453993180348,0.7558723220054887
3930,1.0004783481391788,0.8118797201879988,1.6117514167404257,0.7558723220054888
3931,0.961662376015261,0.4259193722777693,1.6117514167404257,0.7558723220054887
3932,1.0019986893197628,0.7967648223476347,1.5884033256810175,0.7558723220054885
3933,0.9612048170431685,0.4376298439612924,1.5884033256810175,0.7558723220054885
3934,1.0046478207503364,0.7816725269642294,1.5664440847139813,0.7558723220054885
3935,0.9600712495089095,0.4369150314311754,1.5664440847139813,0.7558723220054885
3936,1.0084072047482744,0.7666610033016581,1.5460148401429366,0.7558723220054885
3937,0.958263431263685,0.42180964799035003,1.5460148401429366,0.7558723220054883
3938,1.013250823172776,0.7517916390177474,1.5272531442865744,0.7558723220054885
3939,0.9557841728084675,0.40676833336039253,1.5272531442865744,0.7558723220054884
3940,1.0191456442392257,0.7371290627438212,1.5102909762536507,0.7558723220054887
3941,0.9526373427606846,0.3918566419224298,1.5102909762536507,0.7558723220054886
3942,1.0260521945173737,0.722741110998353,1.495252606640302,0.7558723220054885
3943,0.9488278754925873,0.37714770880050447,1.495252606640302,0.7558723220054885
3944,1.0339252126558405,0.7086987219935601,1.482252366336702,0.7558723220054885
3945,0.9443617810652979,0.36272324570771913,1.482252366336702,0.7558723220054885
3946,1.042714359785811,0.6950757364175907,1.4713923976669048,0.7558723220054883
3947,0.939246157619221,0.3486745519731609,1.4713923976669048,0.7558723220054885
3948,1.0523649616085113,0.6819485833397309,1.4627604811135981,0.7558723220054885
3949,0.9334892064203458,0.33510345247539025,1.4627604811135981,0.7558723220054883
3950,1.0628187586589046,0.6693958284868703,1.4564280404259107,0.755872322005488
3951,0.9271002498034143,0.32212301990608594,1.4564280404259107,0.7558723220054883
3952,1.0740146438500349,0.6574975629012112,1.4524484307337227,0.7558723220054885
3953,0.9200897522974157,0.30985786788984554,1.4524484307337227,0.7558723220054885
3954,1.085889369773795,0.6463346131287887,1.450855606870176,0.7558723220054885
3955,0.9124693452668304,0.2984437189733361,1.450855606870176,0.7558723220054883
3956,1.0983782119972465,0.6359875603281168,1.4516632520612096,0.7558723220054883
3957,0.904251855453839,0.28802587339123886,1.4516632520612096,0.7558723220054883
3958,1.1114155784194115,0.626535565608368,1.4548644215184519,0.7558723220054883
3959,0.8954513378626349,0.27875616385260354,1.4548644215184519,0.7558723220054883
3960,1.1249355583760168,0.6180550127378455,1.4604317237107107,0.755872322005488
3961,0.8860831134871773,0.27078803090212655,1.4604317237107107,0.7558723220054883
3962,1.1388724084091297,0.6106179967453138,1.4683180276967451,0.755872322005488
3963,0.8761638124481532,0.26426955554157805,1.4683180276967451,0.7558723220054885
3964,1.153160974340761,0.6042907066947228,1.4784576518565773,0.755872322005488
3965,0.8657114231732093,0.2593346835221826,1.4784576518565773,0.755872322005488
3966,1.1677370514567669,0.5991317709475215,1.4907679613965812,0.7558723220054884
3967,0.8547453483258804,0.25609343991711686,1.4907679613965812,0.755872322005488
3968,1.1825376862253396,0.5951906506062478,1.5051512819663855,0.7558723220054882
3969,0.8432864682616309,0.2546225144008311,1.5051512819663855,0.7558723220054882
3970,1.1975014240861672,0.5925061781819153,1.5214970261301486,0.7558723220054884
3971,0.8313572128616884,0.2549579390469064,1.5214970261301486,0.7558723220054885
3972,1.2125685085183326,0.5911053406897296,1.5396839283531671,0.7558723220054884
3973,0.8189816426632921,0.2570914278019283,1.5396839283531671,0.7558723220054883
3974,1.2276810369043305,0.5910023972487436,1.559582291405788,0.7558723220054883
3975,0.8061855402632514,0.26097123085799045,1.559582291405788,0.7558723220054885
3976,1.2427830787328462,0.5921984005498689,1.5810561605906612,0.755872322005488
3977,0.7929965130126362,0.26650730084470886,1.5810561605906612,0.7558723220054883
3978,1.2578207614978048,0.5946811611887138,1.6039653595195713,0.7558723220054885
3979,0.7794441080331063,0.2735795944052001,1.6039653595195713,0.7558723220054882
3980,1.2727423293204156,0.5984256578080607,1.6281673399135201,0.7558723220054885
3981,0.765559940554726,0.28204781546094587,1.6281673399135201,0.755872322005488
3982,1.287498178898693,0.6033948595068684,1.6535188160700631,0.7558723220054886
3983,0.7513778364804541,0.2917609586634716,1.6535188160700631,0.7558723220054882
3984,1.3020408769184115,0.609540895395639,1.6798771707908202,0.7558723220054882
3985,0.7369339898959728,0.30256547550157414,1.6798771707908202,0.7558723220054882
3986,1.3163251625735812,0.6168064837519907,1.707101632840759,0.7558723220054887
3987,0.7222671359281527,0.31431148642112205,1.707101632840759,0.7558723220054885
3988,1.3303079383671885,0.625126522232568,1.7350542360990615,0.7558723220054885
3989,0.7074187388629815,0.32685697513954814,1.7350542360990615,0.7558723220054885
3990,1.3439482519104835,0.6344297410735811,1.7636005775443975,0.7558723220054887
3991,0.6924331947023574,0.3400702248676173,1.7636005775443975,0.7558723220054885
3992,1.3572072710216962,0.6446403313002405,1.7926103954465997,0.7558723220054885
3993,0.6773580462914511,0.3538308946422656,1.7926103954465997,0.7558723220054887
3994,1.3700482540483558,0.6556794766186815,1.8219579911028858,0.7558723220054884
3995,0.6622442076904094,0.3680301427562842,1.8219579911028858,0.7558723220054885
3996,1.38243651700344,0.6626062872446298,1.8515225176903833,0.7558723220054883
3997,0.6471461924866101,0.3825701446098161,1.8515225176903833,0.7558723220054886
3998,1.394339398814051,0.6630595811556887,1.8811881588100976,0.7558723220054884
3999,0.6321223381261666,0.3973632697411834,1.8811881588100976,0.7558723220054887
4000,1.3826668235203678,0.9293806449108888,1.4882869587047667,0.0
4001,1.8827714987540363,0.45283554377580437,1.4882869587047667,0.0
4002,1.381851214362742,0.9285104492566745,1.4883677195634382,0.07719810805827436
4003,1.8837879347698858,0.45378763791365884,1.4883677195634382,0.07719810805827437
4004,1.380808473435185,0.9265607217549702,1.4876785190335808,0.12065825942934384
4005,1.8854571729128593,0.45579055353507736,1.4876785190335808,0.1206582594293438
4006,1.3797501746179246,0.9236513368595586,1.4861063920345823,0.16677241880614552
4007,1.8875664322600592,0.45869649126178347,1.4861063920345823,0.16677241880614546
4008,1.3786298078414314,0.9198076015230428,1.4837393369832401,0.21289685539273023
4009,1.89014773721969,0.4624909433332618,1.4837393369832401,0.21289685539273018
4010,1.3773945633784446,0.9150544753117255,1.480675389910024,0.25789991251737315
4011,1.893240236915637,0.46716177127345354,1.480675389910024,0.25789991251737304
4012,1.3759953959824902,0.9094197150313625,1.4770142664108776,0.30137019363805234
4013,1.896880396742931,0.4726938518692598,1.4770142664108776,0.30137019363805234
4014,1.3743872444515364,0.9029338238290044,1.4728568472679398,0.3431430716075609
4015,1.9011012936522484,0.47906857754200455,1.4728568472679398,0.34314307160756097
4016,1.3725288512634355,0.8956299324281207,1.468304964684534,0.38315298877877046
4017,1.9059323036197653,0.48626369069274117,1.468304964684534,0.3831529887787707
4018,1.3703825687342017,0.8875437135651509,1.4634611574633332,0.4213801851951915
4019,1.9113988406463498,0.49425327601224395,1.4634611574633332,0.42138018519519144
4020,1.3679141696856405,0.8787133296104668,1.4584283769717554,0.45782847946286326
4021,1.9175221369146302,0.5030078851580934,1.4584283769717554,0.45782847946286326
4022,1.3650926651511461,0.8691794106783984,1.4533096398253353,0.4925148963171712
4023,1.9243190661840228,0.5124947691761925,1.4533096398253353,0.4925148963171711
4024,1.3618901305575866,0.8589850608740598,1.4482076246774025,0.5254643789861282
4025,1.931802012342184,0.5226781921512044,1.4482076246774025,0.525464378986128
4026,1.3582815413844946,0.8481758906190421,1.4432242117447691,0.556706895376417
4027,1.9399787842843699,0.5335197997679249,1.4432242117447691,0.556706895376417
4028,1.3542446189597097,0.8368000731442491,1.4384599652771715,0.5862757579172597
4029,1.948852577461407,0.5449790184824017,1.4384599652771715,0.5862757579172597
4030,1.3497596867736112,0.8249084232183548,1.4340135611171183,0.6142065972409653
4031,1.958421981576358,0.5570134642831517,1.4340135611171183,0.6142065972409653
4032,1.3448095374735292,0.8125544959704413,1.4299811637702964,0.640536706408582
4033,1.9686810330571065,0.5695793439992813,1.4299811637702964,0.6405367064085821
4034,1.3393793105282858,0.7997947032320982,1.4264557599527306,0.6653046043393298
4035,1.9796193101227961,0.5826318362811633,1.4264557599527306,0.6653046043393297
4036,1.3334563804230215,0.786688444125145,1.4235264582976972,0.6885497337788578
4037,1.9912220675288452,0.5961254433508736,1.4235264582976972,0.6885497337788578
4038,1.327030255149977,0.7732982456048965,1.4212777676505985,0.7103122445241817
4039,2.003470407445397,0.6100143081321843,1.4212777676505985,0.7103122445241816
4040,1.3200924846959852,0.7596899072777195,1.419788868974741,0.7306328322107999
4041,2.016341482418158,0.6242524942819495,1.419788868974741,0.7306328322107999
4042,1.3126365791869101,0.7459326429853079,1.4191328981296372,0.7495526142189217
4043,2.02980872599182,0.638794228913017,1.4191328981296372,0.7495526142189216
4044,1.3046579363288189,0.7320992093323295,1.4193762584501113,0.7671130309322435
4045,2.0438421063500134,0.6535941094509773,1.4193762584501113,0.7671130309322434
4046,1.2961537777814331,0.7182660084933464,1.42057798294432,0.7833557646603465
4047,2.0584083982399988,0.6686072771749163,1.42057798294432,0.7833557646603465
4048,1.2871230941082448,0.7045131492728194,1.4227891658730523,0.7983226710910291
4049,2.0734714684966224,0.6837895606493146,1.4227891658730523,0.7983226710910288
4050,1.2775665979668782,0.69092444657986,1.4260524823637084,0.8120557197774063
4051,2.088992570644381,0.6990975925586265,1.4260524823637084,0.8120557197774063
4052,1.2674866852305793,0.6775873353941217,1.4304018125244318,0.8245969412372595
4053,2.1049306443211018,0.7144889035002201,1.4304018125244318,0.8245969412372592
4054,1.2568874037652171,0.6645926712691407,1.4358619833260875,0.8359883789574677
4055,2.1212426156114064,0.7299219961552907,1.4358619833260875,0.8359883789574675
4056,1.2457744296242925,0.6520343859724745,1.4424486374775123,0.8462720450814477
4057,2.137883694781638,0.7453564030065616,1.4424486374775123,0.8462720450814474
4058,1.234155050465727,0.6400089647648545,1.4501682338828294,0.8554898788913844
4059,2.1548076683494,0.7607527304567032,1.4501682338828294,0.8554898788913842
4060,1.2220381560374105,0.6286147120887728,1.459018179350046,0.8636837074298431
4061,2.1719671828808647,0.7760726918598388,1.459018179350046,0.863683707429843
4062,1.2094342356224075,0.6179507762870935,1.4689870863574275,0.870895207769557
4063,2.189314018370141,0.7912791316363147,1.4689870863574275,0.8708952077695566
4064,1.1963553823781112,0.6081159126824937,1.48005514720976,0.8771658705571242
4065,2.206799349502786,0.806336042315216,1.48005514720976,0.8771658705571242
4066,1.1828153045452015,0.5992069789976432,1.4921946111182083,0.8825369645403379
4067,2.2243739935282063,0.8212085760501006,1.4921946111182083,0.8825369645403375
4068,1.1688293435404378,0.5913171781766343,1.5053703478304403,0.8870495018495733
4069,2.241988643854595,0.8358630518862536,1.5053703478304403,0.8870495018495731
4070,1.1544144989803045,0.5845340906176529,1.519540479547732,0.8907442038478259
4071,2.2595940888293,0.850266959824175,1.519540479547732,0.8907442038478259
4072,1.1395894607080093,0.5789375685923297,1.5346570620236297,0.8936614673962835
4073,2.277141415473729,0.8643889625232588,1.5346570620236297,0.8936614673962833
4074,1.1243746479115182,0.5745975964531801,1.550666795887701,0.8958413314061532
4075,2.294582198204036,0.8781988953197577,1.550666795887701,0.8958413314061532
4076,1.1087922554215206,0.571572245888127,1.5675117502499598,0.8973234435652254
4077,2.311868672787329,0.8916677650911534,1.5675117502499598,0.8973234435652254
4078,1.092866307260954,0.5699058700911557,1.5851300823402974,0.8981470271412375
4079,2.32895389596024,0.9047677483819245,1.5851300823402974,0.8981470271412375
4080,1.076622717476174,0.5696276791312862,1.6034567391218004,0.8983508477748308
4081,2.3457918912751885,0.9174721891100527,1.6034567391218004,0.8983508477748305
4082,1.0600893582068585,0.5707508182208221,1.6224241292847006,0.8979731801838978
4083,2.3623377818433977,0.9297555960964714,1.6224241292847006,0.8979731801838979
4084,1.043296134838325,0.5732720318718678,1.6419627565928032,0.8970517747092561
4085,2.378547910716573,0.941593640598107,1.6419627565928032,0.8970517747092562
4086,1.0262750679151469,0.577171945012015,1.6620018080597292,0.8956238236395797
4087,2.394379949695412,0.9529631539767279,1.6620018080597292,0.8956238236395794
4088,1.0090603812654886,0.5824159351445509,1.6824696927573923,0.89372592726199
4089,2.4097929973767562,0.9638421255982477,1.6824696927573923,0.8937259272619897
4090,0.991688595475621,0.5889555169986439,1.7032945291206183,0.8913940595941683
4091,2.4247476672562,0.9742097010285675,1.7032945291206183,0.891394059594168
4092,0.9741986254452306,0.5967301211171028,1.7244045803617973,0.888663533764783
4093,2.4392061666928893,0.9840461805708244,1.7244045803617973,0.8886635337647829
4094,0.9566318802254777,0.6056691256636161,1.7457286390303168,0.8855689670217896
4095,2.453132367521276,0.9933330181737325,1.7457286390303168,0.885568967021789
4096,0.9390323626705894,0.6156939975562696,1.7671963628494283,0.8821442453631136
4097,2.4664918690637214,1.0020528207304369,1.7671963628494283,0.8821442453631138
4098,0.9214467655965539,0.6267204123000619,1.7887385647614813,0.878422487801654
4099,2.479252054260306,1.010189347781002,1.7887385647614813,0.878422487801654
4100,0.9039245601151384,0.6386602466008771,1.810287460645414,0.8744360102965627
4101,2.4913821395903364,1.0177275116286166,1.810287460645414,0.8744360102965625
4102,0.8865180705805095,0.6514233681626534,1.831776878477851,0.870216289405601
4103,2.502853219415328,1.0246533778792024,1.831776878477851,0.8702162894056008
4104,0.8692825291415158,0.6649191777260268,1.8531424328325161,0.8657939257389106
4105,2.5136383053272358,1.0309541664158823,1.8531424328325161,0.8657939257389105
4106,0.8522761012442048,0.6790578855485018,1.8743216685916695,0.8611986073227811
4107,2.523712361039412,1.0366182528233545,1.8743216685916695,0.8611986073227808
4108,0.8355598716118559,0.6937515259862883,1.8952541776141687,0.8564590730126432
4109,2.533052333312069,1.041635170282295,1.8952541776141687,0.8564590730126433
4110,0.819197778317369,0.7089147289490897,1.9158816918992145,0.8516030761272161
4111,2.5416371793594856,1.0459956119603497,1.9158816918992145,0.8516030761272163
4112,0.80325648068129,0.7244652761734042,1.9361481565293133,0.8466573485099547
4113,2.5494478911432634,1.0496914339338062,1.9361481565293133,0.8466573485099546
4114,0.7878051450708924,0.7403244745236236,1.9559997853920847,0.8416475652589949
4115,2.5564675169148945,1.0527156586826998,1.9559997853920847,0.8416475652589948
4116,0.7729151315135717,0.7564173791340487,1.9753851023850038,0.8365983104018204
4117,2.562681180331761,1.0450800055882536,1.9753851023850038,0.8365983104018202
4118,0.7586595637279385,0.7726728973568802,1.99425497051272,0.8315330438248798
4119,2.568076097433614,1.0312957213909888,1.99425497051272,0.8315330438248797
4120,0.745112766151731,0.7890238012003832,2.0125626110023296,0.8264740698002173
4121,2.5726415917313643,1.0171651199385394,2.0125626110023296,0.8264740698002172
4122,0.7323495542874244,0.8054066720043472,2.03026361429415,0.8214425074796026
4123,2.5763691076265536,1.00271677127796,2.03026361429415,0.8214425074796023
4124,0.7204443696623816,0.8217617970468187,2.047315944517963,0.8164582637503223
4125,2.5792522223479804,0.9879813913448152,2.047315944517963,0.8164582637503222
4126,0.7094702582718988,0.8380330339469483,2.063679938839529,0.811540008864366
4127,2.581286656561315,0.9729919288257847,2.063679938839529,0.8115400088643662
4128,0.6994977016673317,0.8541676553105864,2.07931830286,0.8067051552628974
4129,2.582470283777878,0.9577836561862613,2.07931830286,0.8067051552628975
4130,0.6905933226136933,0.87011618313684,2.0941961030715754,0.8019698400194106
4131,2.5828031386597727,0.9423942637475881,2.0941961030715754,0.8019698400194102
4132,0.6828185017042547,0.8858322200737991,2.1082807572151934,0.7973489113167733
4133,2.5822874242898406,0.9268639551974946,2.1082807572151934,0.7973489113167734
4134,0.6762279561309595,0.9012722826472966,2.1215420232490523,0.7928559193546428
4135,2.580927518446131,0.9112355422864473,2.1215420232490523,0.792855919354643
4136,0.6708683450756961,0.9163956400340492,2.1339519875184747,0.7885031120539636
4137,2.578729978891334,0.8955545356811114,2.1339519875184747,0.7885031120539637
4138,0.6667769756808072,0.9311641607483989,2.14548505261641,0.7843014358843353
4139,2.575703547657479,0.8798692279943843,2.14548505261641,0.7843014358843352
4140,0.6639806870893127,0.9455421686992641,2.156117925337847,0.7802605420881551
4141,2.5718591542748137,0.8642307638743281,2.156117925337847,0.780260542088155
4142,0.6624949859583752,0.9594963093949898,2.1658296050588484,0.7763887985133733
4143,2.5672099178606427,0.848693190705436,2.1658296050588484,0.7763887985133732
4144,0.6623234945079893,0.9729954265798962,2.1746013728101365,0.7726933071955608
4145,2.5617711479486713,0.8333134819636793,2.1746013728101365,0.7726933071955608
4146,0.6634577522948324,0.9860104492364614,2.182416781264579,0.769179927751374
4147,2.555560343901646,0.8181515236037469,2.182416781264579,0.7691799277513738
4148,0.6658773876238326,0.9985142886476065,2.1892616458161256,0.7658533065613515
4149,2.5485971927093596,0.8032700521086571,2.1892616458161256,0.7658533065613514
4150,0.6695506470357069,1.010481745057472,2.1951240368933775,0.7627169116325924
4151,2.540903564930091,0.7887345311101327,2.1951240368933775,0.7627169116325921
4152,0.6744352453073872,1.0218894233750015,2.1999942736228735,0.759773072943674
4153,2.5325035084859437,0.774612951962941,2.1999942736228735,0.7597730729436738
4154,0.6804794772477203,1.0327156573160021,2.203864918934219,0.7570230279878298
4155,2.523423239970961,0.7609755425668459,2.203864918934219,0.7570230279878299
4156,0.6876235186681773,1.0429404413632992,2.2067307761804287,0.7544669721484496
4157,2.5136911330752962,0.7478943683888923,2.2067307761804287,0.7544669721484496
4158,0.6958008382943799,1.0525453699314928,2.208588887331327,0.7521041134658648
4159,2.5033377036688558,0.7354428104267803,2.208588887331327,0.7521041134658648
4160,0.704939644687461,1.0615135831453313,2.209438532784839,0.7499327312883548
4161,2.4923955910238673,0.7236949071942822,2.209438532784839,0.7499327312883548
4162,0.7149643009668664,1.0698297186734884,2.209281232829545,0.7479502382451904
4163,2.480899534587927,0.7127245521184934,2.209281232829545,0.7479502382451904
4164,0.7257966531196581,1.0774798690986032,2.2081207507814358,0.746153244936784
4165,2.4688863456477206,0.7026045443465971,2.2081207507814358,0.746153244936784
4166,0.7373572326559951,1.0844515443469855,2.2059630978074787,0.7445376267075774
4167,2.4563948731494953,0.6934055000034224,2.2059630978074787,0.7445376267075776
4168,0.7495663093086256,1.0907336387454678,2.20281653943778,0.7430985918516139
4169,2.4434659628665347,0.6851946422384225,2.20281653943778,0.7430985918516138
4170,0.7623447828788021,1.0963164023170415,2.1986916037560413,0.7418307505987668
4171,2.430142409027843,0.6780345013346412,2.1986916037560413,0.7418307505987669
4172,0.775614914304238,1.1011914159703813,2.1936010912438464,0.7407281842407569
4173,2.416468897447744,0.6719815696006317,2.1936010912438464,0.7407281842407569
4174,0.7893009042158657,1.1053515702804952,2.1875600862373683,0.7397845137794635
4175,2.402491939125738,0.6670849681256181,2.1875600862373683,0.7397845137794636
4176,0.8033293327284902,1.108791047598299,2.1805859699343477,0.7389929675142459
4177,2.388259793222538,0.6633851918191387,2.1805859699343477,0.7389929675142458
4178,0.8176294773149055,1.1115053072657777,2.172698434863819,0.7383464470284863
4179,2.373822378265444,0.6609130035236882,2.172698434863819,0.7383464470284864
4180,0.832133526815428,1.1134910737505794,2.163919500699977,0.7378375910865346
4181,2.3592311703983317,0.6596885458095291,2.163919500699977,0.7378375910865344
4182,0.846776709434849,1.1147463275494789,2.1542735312635517,0.737458837008821
4183,2.3445390874734082,0.659720729573232,2.1542735312635517,0.737458837008821
4184,0.861497351436191,1.115270298744353,2.143787252508023,0.7372024791532271
4185,2.32980035778908,0.6610069421380534,2.143787252508023,0.737202479153227
4186,0.8762368815389968,1.11506346312726,2.1324897712323194,0.7370607241930233
4187,2.3150703723168067,0.6635330957950406,2.1324897712323194,0.7370607241930233
4188,0.8909397940651753,1.1141275408432108,2.12041259419511,0.7370257429441732
4189,2.300405519336099,0.6672740132513172,2.12041259419511,0.7370257429441736
4190,0.905553581859637,1.1124654975304,2.1075896472265483,0.737089718555998
4191,2.285863000517413,0.6721941224315501,2.1075896472265483,0.7370897185559981
4192,0.9200286480861477,1.1100815479683306,2.0940572938398936,0.7372448909378614
4193,2.2715006276640284,0.6782484125854039,2.0940572938398936,0.7372448909378617
4194,0.9343182042440379,1.1069811622745551,2.079854352735986,0.7374835973495927
4195,2.2573765995518342,0.6853835890655827,2.079854352735986,0.737483597349593
4196,0.948378160209684,1.1031710747208887,2.065022113466417,0.7377983091339955
4197,2.2435492585951047,0.6883644084157738,2.065022113466417,0.7377983091339955
4198,0.9621670107898246,1.0986592952700518,2.0496043493748726,0.7381816646154509
4199,2.230076827419855,0.6751402663728799,2.0496043493748726,0.7381816646154509
4200,0.9756457221748742,1.093455123963854,2.033647326769062,0.7386264982289024
4201,2.2170171258450795,0.6624187040392596,2.033647326769062,0.7386264982289028
4202,0.9887776207815586,1.0875691683242839,2.017199809087032,0.7391258659782927
4203,2.204427269253869,0.6502790735541668,2.017199809087032,0.7391258659782927
4204,1.00152828625209,1.0810133639591086,2.000313054610989,0.7396730673527935
4205,2.1923633498753228,0.6388021929556712,2.000313054610989,0.7396730673527935
4206,1.0138654498067308,1.0738009985936705,1.9830408060495939,0.7402616638530884
4207,2.180880103084301,0.6280695044412804,1.9830408060495939,0.7402616638530882
4208,1.025758898703563,1.0659467397801057,1.9654392700576473,0.7408854942988063
4209,2.1700305614449107,0.6181620332413715,1.9654392700576473,0.7408854942988062
4210,1.0371803872211354,1.0574666665636705,1.9475670844934092,0.741538687102318
4211,2.1598656998559025,0.6091591465894849,1.9475670844934092,0.7415386871023182
4212,1.0481035543266013,1.0483783054124187,1.9294852709337926,0.7422156697038982
4213,2.1504340757781395,0.60113712763165,1.9294852709337926,0.7422156697038981
4214,1.0585038480069053,1.0387006707399533,1.9112571696840621,0.7429111753692035
4215,2.1417814691084174,0.5941675980858795,1.9112571696840621,0.7429111753692034
4216,1.0683584561092347,1.0284543103697652,1.8929483542424137,0.7436202475525532
4217,2.1339505267796706,0.588315844582853,1.8929483542424137,0.7436202475525532
4218,1.077646243447518,1.0176613563015882,1.8746265219252702,0.7443382420291272
4219,2.126980417583375,0.5836391244250898,1.8746265219252702,0.7443382420291275
4220,1.0863476948745994,1.006345581142322,1.8563613571448576,0.7450608269963463
4221,2.120906502994708,0.5801850436939463,1.8563613571448576,0.7450608269963462
4222,1.094444863987159,0.9945324605525697,1.8382243636794509,0.745783981339815
4223,2.115760029906711,0.5779901105675063,1.8382243636794509,0.745783981339815
4224,1.1019213271163664,0.9822492420297378,1.8202886622158612,0.7465039912526894
4225,2.111567851123527,0.5770785661887056,1.8202886622158612,0.7465039912526895
4226,1.1087621422568614,0.9695250202935357,1.8026287495046174,0.7472174453895262
4227,2.1083521792096476,0.5774615826051969,1.8026287495046174,0.7472174453895262
4228,1.1149538125961902,0.9563908194514643,1.7853202156854586,0.7479212287269384
4229,2.1061303788364585,0.5791368924777426,1.7853202156854586,0.7479212287269388
4230,1.1204842543234925,0.9428796819902934,1.7684394167503803,0.7486125152939697
4231,2.104914802114636,0.5820888811268519,1.7684394167503803,0.74861251529397
4232,1.1253427684177992,0.9290267644518734,1.7520630997490414,0.7492887599252746
4233,2.1047126705681047,0.5862891328082176,1.7520630997490414,0.7492887599252746
4234,1.1295200161411845,0.9148694393924709,1.7362679792383033,0.7499476891801808
4235,2.1055260064206203,0.5916973856725348,1.7362679792383033,0.7499476891801812
4236,1.1330079979890133,0.9004474028754756,1.7211302646570505,0.7505872915606507
4237,2.107351614767613,0.5982628191786061,1.7211302646570505,0.7505872915606507
4238,1.1358000358777611,0.8858027862859472,1.7067251397790626,0.751205807151211
4239,2.110181117039561,0.6059255777603882,1.7067251397790626,0.7512058071512113
4240,1.1378907583797946,0.8709802706569945,1.6931261971515423,0.7518017167942342
4241,2.1140010349792404,0.6146184269821283,1.6931261971515423,0.7518017167942341
4242,1.1392760888436386,0.8560272009348369,1.6804048324317058,0.7523737309045384
4243,2.118792923205338,0.6242684425706656,1.6804048324317058,0.7523737309045389
4244,1.1399532362674298,0.8409936966528818,1.6686296057269372,0.7529207780182868
4245,2.1245335473684044,0.6347986460729829,1.6686296057269372,0.7529207780182867
4246,1.139920688822261,0.8259327543078174,1.6578655793324246,0.7534419931625733
4247,2.131195103965524,0.6461295199615644,1.6578655793324246,0.7534419931625731
4248,1.1391782099509722,0.8109003353106518,1.6481736435204044,0.7539367061239876
4249,2.1387454771024985,0.6581803562300235,1.6481736435204044,0.7539367061239874
4250,1.1377268369965994,0.7959554317124645,1.6396098441170386,0.754404429686793
4251,2.1471485269014683,0.6708704129079004,1.6396098441170386,0.7544044296867928
4252,1.135568882343212,0.781160099988691,1.6322247273389712,0.7548448479042247
4253,2.1563644038609913,0.6841198704390138,1.6322247273389712,0.7548448479042245
4254,1.1327079370803343,0.7665794510499568,1.626062718579806,0.7552578044597223
4255,2.166349883286371,0.6978505934643755,1.626062718579806,0.7552578044597223
4256,1.1291488772306064,0.7522815824227526,1.6211615523780996,0.7556432911687317
4257,2.1770587139117756,0.7119867130114246,1.6211615523780996,0.7556432911687319
4258,1.1248978726088665,0.7383374363661525,1.6175517705358915,0.7560014366659494
4259,2.1884419750144595,0.7264550497756683,1.6175517705358915,0.7560014366659495
4260,1.1199623984094922,0.7248205658021037,1.6152563042141204,0.7563324953175877
4261,2.20044843665061,0.7411854017657233,1.6152563042141204,0.7563324953175878
4262,1.1143512496475703,0.711806788676194,1.6142901537984116,0.7566368363933352
4263,2.2130249180926844,0.7561107198516464,1.6142901537984116,0.7566368363933352
4264,1.1080745586082712,0.6993737111773278,1.6146601774709815,0.756914933528176
4265,2.226116640088189,0.7711671934565655,1.6146601774709815,0.7569149335281762
4266,1.1011438154874682,0.6876001016631311,1.6163649958827586,0.7571673545000999
4267,2.239667567158269,0.7862942663950605,1.6163649958827586,0.7571673545001
4268,1.093571892434947,0.6765651007454285,1.6193950163017183,0.757394751345913
4269,2.2536207367815844,0.8014346001764613,1.6193950163017183,0.7573947513459133
4270,1.08537307123902,0.6663472593331421,1.6237325753744005,0.7575978508338799
4271,2.2679185729383677,0.8165339993037894,1.6237325753744005,0.75759785083388
4272,1.07656307491739,0.657023405889718,1.6293521954558425,0.7577774453087136
4273,2.28250318209896,0.8315413104345877,1.6293521954558425,0.7577774453087136
4274,1.0671591035027475,0.6486673567864158,1.6362209456109948,0.7579343839214989
4275,2.29731663031284,0.846408304858454,1.6362209456109948,0.7579343839214987
4276,1.0571798743316125,0.641348498952292,1.6442988951066058,0.758069564254436
4277,2.312301200575117,0.8610895516487787,1.6442988951066058,0.7580695642544358
4278,1.0466456671596045,0.6351302909005977,1.6535396446785156,0.7581839243478201
4279,2.327399630109174,0.875542287077531,1.6535396446785156,0.7581839243478199
4280,1.0355783744333449,0.6300687447978652,1.6638909191857576,0.7582784351344088
4281,2.342555327601988,0.8897262844276229,1.6638909191857576,0.7582784351344084
4282,1.0240015570455967,0.6262109660910539,1.6752952044837002,0.7583540932842484
4283,2.3577125707614974,0.9036037271671115,1.6752952044837002,0.7583540932842482
4284,1.0119405058820556,0.6235938356193267,1.6876904114250113,0.7584119144611202
4285,2.372816684834849,0.9171390875259466,1.6876904114250113,0.7584119144611201
4286,0.9994223094304013,0.6222429196908517,1.7010105507304538,0.7584529269900169
4287,2.3878142029360827,0.9302990118004136,1.7010105507304538,0.7584529269900164
4288,0.9864759276583838,0.6221716847951864,1.7151864039190083,0.7584781659334576
4289,2.4026530091869702,0.9430522131661707,1.7151864039190083,0.7584781659334574
4290,0.9731322722697135,0.6233810754044505,1.7301461773821631,0.7584886675729701
4291,2.4172824657813297,0.9553693723748722,1.7301461773821631,0.7584886675729698
4292,0.9594242933043207,0.6258594873734254,1.7458161288585756,0.7584854642907192
4293,2.4316535251476696,0.9672230464134389,1.7458161288585756,0.758485464290719
4294,0.9453870718506862,0.6295831390206686,1.7621211578510036,0.7584695798450284
4295,2.445718828414,0.9785875849951515,1.7621211578510036,0.7584695798450283
4296,0.9310579183674864,0.6345168112539787,1.7789853537875973,0.7584420250324136
4297,2.459432791378373,0.9894390546083178,1.7789853537875973,0.7584420250324136
4298,0.916476475751851,0.6406149013510727,1.7963324978531081,0.7584037937277107
4299,2.4727516791650674,0.9997551697554733,1.7963324978531081,0.7584037937277107
4300,0.9016848258214694,0.6478227156301882,1.814086516322372,0.7583558592929532
4301,2.485633670704612,1.0095152309613147,1.814086516322372,0.7583558592929531
4302,0.8867275972742366,0.6560779161532032,1.8321718848689101,0.7582991713448133
4303,2.4980389141207384,1.0187000691009398,1.8321718848689101,0.7582991713448132
4304,0.8716520724270047,0.6653120359736362,1.8505139846730367,0.7582346528696549
4305,2.5099295740428773,1.027291995593831,1.8505139846730367,0.7582346528696549
4306,0.8565082890887612,0.675451984933778,1.8690394122156795,0.7581631976745756
4307,2.5212698717924287,1.0352747580174888,1.8690394122156795,0.758163197674576
4308,0.8413491327700063,0.6864214812945308,1.8876762454320286,0.7580856681622199
4309,2.532026119317377,1.0426335007131828,1.8876762454320286,0.7580856681622202
4310,0.8262304130524504,0.6981423608512941,1.90635426944015,0.7580028934166172
4311,2.5421667476753194,1.0493547299816968,1.90635426944015,0.7580028934166174
4312,0.8112109163371874,0.7105357321467973,1.925005165387258,0.7579156675868649
4313,2.551662330791163,1.0554262834966395,1.925005165387258,0.7579156675868649
4314,0.7963524253722004,0.7235229619957708,1.943562666106465,0.757824748555087
4315,2.5604856051440468,1.0608373035951533,1.943562666106465,0.757824748555087
4316,0.7817196939808996,0.7370264885560368,1.9619626822853002,0.7577308568748075
4317,2.5686114859693663,1.065578214139366,1.9619626822853002,0.7577308568748076
4318,0.7673803633684654,0.750970469065659,1.9801434027473097,0.7576346749656248
4319,2.5760170804966513,1.0553381730383387,1.9801434027473097,0.757634674965625
4320,0.7534048044304295,0.7652812761056721,1.9980453722694806,0.7575368465499187
4321,2.582681698682992,1.044125882739788,1.9980453722694806,0.7575368465499187
4322,0.7398658688645671,0.7798878601898067,2.0156115501263394,0.7574379763171959
4323,2.588586861844662,1.0324112151719178,2.0156115501263394,0.7574379763171956
4324,0.7268385309185474,0.7947219981591139,2.032787352287521,0.7573386298016448
4325,2.5937163095367612,1.0202202978165744,2.032787352287521,0.7573386298016448
4326,0.7143994017086087,0.8097184468534658,2.049520679916067,0.7572393334584772
4327,2.598056004981703,1.0075810936319847,2.049520679916067,0.757239333458477
4328,0.7026260997097367,0.8248150203876575,2.0657619365326614,0.7571405749246994
4329,2.6015941393022115,0.9945234756634114,2.0657619365326614,0.7571405749246989
4330,0.6915964647663889,0.8399526075344437,2.0814640359359675,0.7570428034500878
4331,2.6043211347725586,0.9810793076631924,2.0814640359359675,0.7570428034500871
4332,0.6813876092754639,0.8550751435637671,2.096582402707913,0.7569464304843124
4333,2.60622964726296,0.9672825305596555,2.096582402707913,0.7569464304843122
4334,0.6720748093512351,0.870129548659715,2.1110749668895425,0.7568518304063749
4335,2.6073145680156933,0.9531692543845716,2.1110749668895425,0.7568518304063748
4336,0.6637302507761627,0.8850656429010819,2.1249021541904987,0.756759341382799
4337,2.6075730248573086,0.9387778549621885,2.1249021541904987,0.7567593413827989
4338,0.6564216588740671,0.8998360458464157,2.1380268728944274,0.7566692663413285
4339,2.6070043829187073,0.9241490742615596,2.1380268728944274,0.7566692663413281
4340,0.6502108570146333,0.9143960670584392,2.1504144984437437,0.7565818740472325
4341,2.6056102449034326,0.9093261227974565,2.1504144984437437,0.7565818740472323
4342,0.6451523135446117,0.9287035924496687,2.1620328565295637,0.7564974002697129
4343,2.603394450913666,0.8943547818113032,2.1620328565295637,0.7564974002697125
4344,0.6412917493143789,0.9427189701227887,2.172852205375104,0.7564160490263265
4345,2.6003630778128004,0.8792835021491144,2.172852205375104,0.7564160490263263
4346,0.6386648852143897,0.9564048983950524,2.1828452177819466,0.7563379938937939
4347,2.596524438072357,0.8641634957562531,2.1828452177819466,0.7563379938937939
4348,0.6372964091318575,0.9697263179087775,2.191986963406646,0.7562633793740315
4349,2.591889078019145,0.849048814511056,2.191986963406646,0.7562633793740314
4350,0.6371992332041656,0.9826503091111608,2.2002548916485285,0.7561923223047564
4351,2.5864697753652317,0.8339964097120453,2.2002548916485285,0.7561923223047564
4352,0.6383740952141472,0.9951459959083779,2.207628815456431,0.7561249133045289
4353,2.58028153586819,0.8190661639232659,2.207628815456431,0.7561249133045289
4354,0.640809534001116,1.0071844559358212,2.214090896300963,0.7560612182426233
4355,2.5733415889315867,0.8043208851006887,2.214090896300963,0.7560612182426235
4356,0.644482240774799,1.0187386376160934,2.219625630508035,0.7560012797246812
4357,2.565669381915455,0.7898262510372384,2.219625630508035,0.756001279724681
4358,0.649357759973766,1.0297832839799226,2.2242198371074737,0.7559451185856387
4359,2.557286572883063,0.7756506902921576,2.2242198371074737,0.7559451185856387
4360,0.6553914886169159,1.040294863086642,2.2278626473161376,0.7558927353819933
4361,2.548217021463299,0.7618651840932381,2.2278626473161376,0.7558927353819931
4362,0.6625299050284843,1.0502515047872314,2.2305454957468456,0.7558441118760282
4363,2.538486777457153,0.7485429724753132,2.2305454957468456,0.7558441118760282
4364,0.6707119481301036,1.0596329435136431,2.2322621134115357,0.755799212505184
4365,2.528124066761879,0.7357591474849874,2.2322621134115357,0.7557992125051838
4366,0.6798704674163338,1.0684204667448067,2.2330085225682654,0.7557579858303146
4367,2.51715927412732,0.7235901170557507,2.2330085225682654,0.7557579858303146
4368,0.6899336701332753,1.076596868785777,2.232783033446056,0.7557203659571249
4369,2.505624922195662,0.7121129256051258,2.232783033446056,0.7557203659571249
4370,0.7008265040199738,1.0841464094966968,2.2315862428682354,0.7556862739256234
4371,2.4935556462087916,0.7014044219874415,2.2315862428682354,0.7556862739256232
4372,0.7124719288426169,1.0910547776187471,2.2294210347829955,0.7556556190629645
4373,2.4809881636968303,0.6915402725205538,2.2294210347829955,0.7556556190629642
4374,0.724792045577466,1.0973090583618832,2.226292582698582,0.7556283002955557
4375,2.4679612383882015,0.6825938265471696,2.226292582698582,0.7556283002955557
4376,0.7377090666762548,1.1028977049417372,2.2222083540089472,0.7556042074168328
4377,2.4545156375066686,0.6746348541922005,2.2222083540089472,0.7556042074168324
4378,0.7511461231944881,1.1078105137788223,2.217178116183167,0.7555832223075615
4379,2.4406940815457614,0.6677281899524268,2.217178116183167,0.7555832223075613
4380,0.7650279141071025,1.1120386031009264,2.2112139447774948,0.7555652201060273
4381,2.4265411855377708,0.6619323302563954,2.2112139447774948,0.7555652201060268
4382,0.7792812098038614,1.1155743947184105,2.20433023321174,0.7555500703258881
4383,2.412103390765511,0.6572980463801659,2.20433023321174,0.7555500703258875
4384,0.7938352258170066,1.118411598771442,2.196543704230878,0.7555376379199186
4385,2.3974288858033805,0.6538670839643278,2.196543704230878,0.7555376379199182
4386,0.8086218847424196,1.1205452012776014,2.187873422947282,0.7555277842882661
4387,2.3825675157235735,0.6516710247063515,2.187873422947282,0.7555277842882658
4388,0.8235759845930275,1.1219714543375268,2.1783408113277294,0.755520368230224
4389,2.367570678267955,0.6507303829104696,2.1783408113277294,0.7555203682302235
4390,0.838635290967776,1.122687868885245,2.167969663951193,0.7555152468388958
4391,2.352491205771046,0.651053998708544,2.167969663951193,0.7555152468388957
4392,0.8537405688594515,1.1226932098984672,2.1567861648169524,0.7555122763384526
4393,2.3373832316304557,0.6526387714439515,2.1567861648169524,0.7555122763384523
4394,0.8688355679980698,1.1219874940125034,2.1448189049265918,0.7555113128640029
4395,2.322302040163965,0.6554697528192421,2.1448189049265918,0.7555113128640021
4396,0.8838669735812067,1.1205719895095894,2.132098900296183,0.7555122131843873
4397,2.307303898773884,0.6595205929250011,2.132098900296183,0.7555122131843869
4398,0.8987843322464317,1.1184492186834476,2.118659609975052,0.7555148353684819
4399,2.292445871465738,0.6647543066996072,2.118659609975052,0.7555148353684812
4400,0.9135399612972395,1.115622962606929,2.104536953553082,0.7555190393958221
4401,2.2777856129463485,0.6711243070365094,2.104536953553082,0.7555190393958214
4402,0.9280888475573579,1.1120982683586969,2.0897693275279794,0.7555246877126074
4403,2.2633811427615265,0.6785756361245902,2.0897693275279794,0.755524687712607
4404,0.9423885408195406,1.1078814587932388,2.074397619775472,0.7555316457343236
4405,2.2492905992307257,0.6870463198715254,2.074397619775472,0.7555316457343234
4406,0.9563990456719312,1.1029801449670846,2.05846522121764,0.755539782296413
4407,2.2355719732978794,0.6804307721118008,2.05846522121764,0.7555397822964127
4408,0.970082714512242,1.0974032413629764,2.0420180336159715,0.7555489700545757
4409,2.22228282284487,0.667452316275916,2.0420180336159715,0.7555489700545753
4410,0.9834041437746421,1.0911609840828924,2.025104472225556,0.7555590858364212
4411,2.20947996850412,0.6550707056855661,2.025104472225556,0.7555590858364206
4412,0.9963300747710087,1.084264952210076,2.0077754618346932,0.7555700109463136
4413,2.1972191725534347,0.6433669957737338,2.0077754618346932,0.7555700109463133
4414,1.0088293000616864,1.0767280925693843,1.990084424480721,0.7555816314253524
4415,2.1855548030689658,0.6324228168474505,1.990084424480721,0.755581631425352
4416,1.020872575897546,1.0685647481438916,1.9720872568799233,0.7555938382685045
4417,2.174539486135987,0.6223193214261481,1.9720872568799233,0.755593838268504
4418,1.0324325409938102,1.0597906904331909,1.9538422953404087,0.7556065276009868
4419,2.1642237495521526,0.613135930352203,1.9538422953404087,0.7556065276009868
4420,1.0434836416886129,1.050423156064302,1.9354102656473748,0.7556196008160319
4421,2.1546556620798856,0.6049488930805086,1.9354102656473748,0.7556196008160314
4422,1.054002063390222,1.0404808879883083,1.9168542151283456,0.7556329646762109
4423,2.145880472885273,0.5978296967838711,1.9168542151283456,0.7556329646762104
4424,1.0639656681135092,1.0299841816130804,1.8982394238330131,0.7556465313805177
4425,2.1379402563097005,0.5918433802723215,1.8982394238330131,0.7556465313805175
4426,1.0733539378382448,1.0189549362324162,1.8796332915131024,0.755660218599411
4427,2.130873567525384,0.587046829701329,1.8796332915131024,0.7556602185994107
4428,1.0821479233807831,1.0074167121115978,1.8611051968811472,0.7556739494800188
4429,2.124715114896163,0.5834871502800427,1.8611051968811472,0.7556739494800183
4430,1.090330198450015,0.9953947935747411,1.8427263254865291,0.755687652623695
4431,2.119495454972502,0.5812002179959337,1.8427263254865291,0.755687652623695
4432,1.0978848185529315,0.9829162584052537,1.8245694625002353,0.7557012620380904
4433,2.1152407159724764,0.5802095145274586,1.8245694625002353,0.75570126203809
4434,1.1047972844206437,0.9700100538105715,1.8067087467782164,0.7557147170658627
4435,2.111972355324367,0.5805253352050204,1.8067087467782164,0.755714717065862
4436,1.1110545096391933,0.9567070791077921,1.7892193828116476,0.7557279622921231
4437,2.1097069563667907,0.5821444344538261,1.7892193828116476,0.7557279622921227
4438,1.1166447921884934,0.943040275147278,1.772177307606956,0.7557409474326504
4439,2.108456068625869,0.5850501384130198,1.772177307606956,0.7557409474326502
4440,1.1215577896155609,0.9290447202938593,1.7556588102041188,0.755753627204858
4441,2.1082260952340444,0.5892129152335209,1.7556588102041188,0.755753627204858
4442,1.125784497593471,0.9147577325140229,1.73974010246906,0.7557659611834352
4443,2.109018230051395,0.5945913558004229,1.73974010246906,0.755765961183435
4444,1.1293172316442341,0.9002189767535358,1.7244968410065504,0.75577791364252
4445,2.1108284459369595,0.6011334868582214,1.7244968410065504,0.75577791364252
4446,1.1321496118313898,0.8854705763111216,1.7100036015416706,0.7557894533861802
4447,2.1136475344413506,0.6087783187046466,1.7100036015416706,0.7557894533861802
4448,1.1342765502560892,0.8705572262948943,1.6963333088989971,0.7558005535689227
4449,2.1174611960038803,0.6174575223929857,1.6963333088989971,0.7558005535689223
4450,1.1356942412184696,0.8555263064617592,1.6835566277330039,0.7558111915078529
4451,2.122250178589308,0.6270971359825196,1.6835566277330039,0.7558111915078529
4452,1.1364001539340733,0.8404279897575698,1.6717413213656478,0.7558213484880416
4453,2.127990461640317,0.6376192131989765,1.6717413213656478,0.7558213484880415
4454,1.1363930277228405,0.8253153416710874,1.6609515883715447,0.7558310095625671
4455,2.1346534812948823,0.6489433473525469,1.6609515883715447,0.7558310095625671
4456,1.135672869615792,0.8102444040675052,1.6512473887910455,0.7558401633486227
4457,2.1422063920570507,0.6609880248958306,1.6512473887910455,0.7558401633486227
4458,1.1342409543519718,0.7952742554700815,1.6426837738949567,0.7558488018209917
4459,2.1506123595389064,0.6736717835931665,1.6426837738949567,0.7558488018209915
4460,1.132099826765577,0.7804670378259355,1.6353102351033595,0.7558569201041091
4461,2.159830878522573,0.6869141678850958,1.6353102351033595,0.755856920104109
4462,1.1292533065905817,0.7658879376734468,1.6291700888043854,0.7558645162638484
4463,2.1698181104245924,0.7006364876397563,1.6291700888043854,0.7558645162638487
4464,1.125706495737593,0.7516051074230885,1.6242999142711594,0.7558715911000881
4465,2.1805272342708184,0.7147623958955455,1.6242999142711594,0.7558715911000883
4466,1.1214657881252774,0.7376895103378266,1.62072906151479,0.755878147941025
4467,2.1919088054893,0.7292183068008247,1.62072906151479,0.7558781479410254
4468,1.1165388821764621,0.7242146710058539,1.6184792446692045,0.7558841924401297
4469,2.2039111171759207,0.7439336774440036,1.6184792446692045,0.7558841924401299
4470,1.1109347961169507,0.7112563119890641,1.617564234378007,0.7558897323765543
4471,2.21648055895305,0.758841177439062,1.617564234378007,0.7558897323765544
4472,1.1046638862431395,0.6988918573590975,1.6179896597181,0.7558947774597286
4473,2.2295619690933712,0.7738767687435062,1.6179896597181,0.7558947774597287
4474,1.0977378683524635,0.687199785537561,1.6197529265980586,0.7558993391387983
4475,2.2430989761879134,0.7889797158745154,1.6197529265980586,0.7558993391387987
4476,1.090169842558301,0.6762588178135558,1.622843255524362,0.755903430417501
4477,2.257034327269633,0.804092543943864,1.622843255524362,0.7559034304175011
4478,1.0819743217377178,0.6661469356430206,1.6272418373938953,0.7559070656749882
4479,2.271310199935487,0.8191609590988588,1.6272418373938953,0.7559070656749881
4480,1.0731672638856806,0.6569402296778843,1.6329221018247038,0.7559102604930469
4481,2.285868496618987,0.834133743258499,1.6329221018247038,0.7559102604930467
4482,1.0637661086721717,0.6487115964097003,1.639850088747572,0.7559130314901017
4483,2.300651119734395,0.8489626325991243,1.639850088747572,0.7559130314901016
4484,1.0537898185176198,0.6415293137884958,1.6479849107811482,0.7559153961623228
4485,2.3156002269305382,0.8636021871310036,1.6479849107811482,0.7559153961623226
4486,1.0432589245155106,0.6354555439670627,1.6572792914769532,0.7559173727320986
4487,2.330658466148543,0.8780096569291188,1.6572792914769532,0.7559173727320981
4488,1.0321955775365106,0.6305448274984895,1.6676801629496019,0.7559189800040843
4489,2.345769190569531,0.8921448491219268,1.6676801629496019,0.7559189800040841
4490,1.020623604842841,0.6268426464054351,1.6791293057273846,0.7559202372289778
4491,2.360876653864664,0.9059699985695365,1.6791293057273846,0.7559202372289776
4492,1.0085685725208933,0.6243841408828487,1.6915640138232728,0.7559211639751287
4493,2.3759261864228303,0.9194496442391591,1.6915640138232728,0.7559211639751287
4494,0.9960578539989788,0.6231930636946561,1.7049177689321326,0.7559217800080414
4495,2.390864353434631,0.9325505125714365,1.7049177689321326,0.7559217800080413
4496,0.9831207048489862,0.6232810462685573,1.7191209091610122,0.755922105177781
4497,2.405639095860471,0.9452414085890688,1.7191209091610122,0.755922105177781
4498,0.9697883439672459,0.6246472312692141,1.734101279628538,0.7559221593142648
4499,2.420199855411688,0.9574931150957677,1.734101279628538,0.7559221593142648
4500,0.9560940410806816,0.6272782999310346,1.7497848544557641,0.7559219621303704
4501,2.4344976847332744,0.9692783000202444,1.7497848544557641,0.7559219621303707
4502,0.9420732103166067,0.6311488920275665,1.7660963219550279,0.7559215331327686
4503,2.448485344001395,0.98057143175269,1.7660963219550279,0.7559215331327686
4504,0.9277635092929193,0.6362223862468657,1.782959627068821,0.7559208915403496
4505,2.462117385145009,0.9913487021802879,1.782959627068821,0.7559208915403495
4506,0.913204942811731,0.6424519830687506,1.800298467209726,0.7559200562100916
4507,2.475350224874103,1.001587957037825,1.800298467209726,0.7559200562100916
4508,0.8984399697525208,0.6497820141981229,1.818036739528759,0.7559190455701865
4509,2.488142207652842,1.0112686331368348,1.818036739528759,0.7559190455701866
4510,0.8835136111371015,0.6581493938603641,1.836098939246482,0.7559178775602224
4511,2.500453659698775,1.0203717020119973,1.836098939246482,0.7559178775602224
4512,0.8684735565526684,0.6674851277717125,1.8544105099989836,0.7559165695781962
4513,2.5122469350232417,1.028879619519092,1.8544105099989836,0.755916569578196
4514,0.8533702651455546,0.6777158038786465,1.8728981481804887,0.7559151384341185
4515,2.5234864544564592,1.0367762809287635,1.8728981481804887,0.7559151384341187
4516,0.8382570562143595,0.6887650026321115,1.8914900640231493,0.7559136003099547
4517,2.534138738526371,1.0440469810802804,1.8914900640231493,0.7559136003099549
4518,0.8231901830212929,0.7005545809606101,1.9101162026702982,0.755911970725633
4519,2.544172434985172,1.0506783791860348,1.9101162026702982,0.7559119707256334
4520,0.8082288818029331,0.7130058008144451,1.9287084288058618,0.7559102645108392
4521,2.5535583417033108,1.0566584679082671,1.9287084288058618,0.7559102645108394
4522,0.7934353861167375,0.7260402883379636,1.947200678535811,0.7559084957823169
4523,2.5622694255788976,1.061976546362662,1.947200678535811,0.7559084957823169
4524,0.7788748946624581,0.739580822258476,1.9655290822129343,0.7559066779263742
4525,2.5702808380417372,1.0641734988873428,1.9655290822129343,0.7559066779263744
4526,0.7646154786717356,0.7535519594887918,1.9836320617867091,0.7559048235863042
4527,2.577569927666179,1.0534450602292005,1.9836320617867091,0.7559048235863041
4528,0.7507279130327447,0.7678805122657479,2.0014504060748974,0.7559029446544187
4529,2.5841162503460464,1.0421913498592434,2.0014504060748974,0.7559029446544183
4530,0.7372854137580236,0.7824958947617983,2.018927327117596,0.7559010522683931
4531,2.5899015774281335,1.0304370154052604,2.018927327117596,0.7559010522683929
4532,0.724363263551266,0.797330358547941,2.036008500508321,0.7558991568116252
4533,2.594909902148089,1.018208478223006,2.036008500508321,0.7558991568116249
4534,0.7120383075116348,0.8123191361285147,2.052642092316691,0.7558972679173098
4535,2.5991274446638557,1.0055340028208903,2.052642092316691,0.7558972679173095
4536,0.7003883029311309,0.8274005105407445,2.068778774935854,0.7558953944759338
4537,2.60254265593683,0.9924437723041506,2.068778774935854,0.7558953944759331
4538,0.6894911112121787,0.8425158271545773,2.084371733914222,0.7558935446459046
4539,2.6051462206693077,0.9789699698285302,2.084371733914222,0.7558935446459041
4540,0.6794237266152527,0.8576094616588783,2.0993766675717263,0.7558917258670287
4541,2.606931059468083,0.9651468658780143,2.0993766675717263,0.7558917258670281
4542,0.6702611461076978,0.8726287560182483,2.1137517809599338,0.7558899448765592
4543,2.607892330367977,0.9510109109424394,2.1137517809599338,0.7558899448765586
4544,0.6620750969498075,0.8875239320870552,2.1274577755052286,0.7558882077275509
4545,2.608027429814988,0.9366008328530864,2.1274577755052286,0.7558882077275503
4546,0.6549326532484081,0.9022479906650536,2.1404578354760306,0.7558865198092531
4547,2.6073359931762554,0.9219577376193903,2.1404578354760306,0.7558865198092525
4548,0.6488947883450439,0.9167566021157355,2.152717612238558,0.755884885869297
4549,2.6058198948126776,0.9071252120769611,2.152717612238558,0.7558848858692961
4550,0.6440149247773622,0.9310079932553305,2.1642052071103617,0.7558833100374298
4551,2.603483247719166,0.8921494259836685,2.1642052071103617,0.7558833100374291
4552,0.6403375553802749,0.9449628340474701,2.1748911534854707,0.7558817958505685
4553,2.6003324027068606,0.8770792303633619,2.1748911534854707,0.7558817958505673
4554,0.6378970154690611,0.9585841266846098,2.1847483987880705,0.7558803462789423
4555,2.5963759470704084,0.8619662478740687,2.1847483987880705,0.7558803462789412
4556,0.6367164849272148,0.9718370988754391,2.193752286711491,0.7558789637531302
4557,2.591624702651404,0.8468649497521268,2.193752286711491,0.7558789637531291
4558,0.6368072892822976,0.9846891025593727,2.2018805401142276,0.7558776501917757
4559,2.5860917231755445,0.831832712448213,2.2018805401142276,0.7558776501917746
4560,0.6381685507295389,0.9971095188075562,2.2091132448730253,0.7558764070298042
4561,2.5797922907056656,0.8169298454349088,2.2091132448730253,0.7558764070298031
4562,0.6407872153211759,1.0090696693198076,2.215432834933088,0.7558752352469588
4563,2.5727439110150363,0.8022195798636237,2.215432834933088,0.7558752352469574
4564,0.6446384542610565,1.0205427346668412,2.2208240787457307,0.7558741353964932
4565,2.5649663076446534,0.7877680058546163,2.2208240787457307,0.7558741353964917
4566,0.6496864092465776,1.031503679238455,2.22527406724272,0.7558731076338657
4567,2.5564814143644568,0.7736439443422387,2.22527406724272,0.7558731076338645
4568,0.6558852278421161,1.0419291827257104,2.2287722034629227,0.7558721517452929
4569,2.5473133657109184,0.7599187377589147,2.2287722034629227,0.755872151745292
4570,0.6631803178710173,1.0517975778758357,2.2313101939194193,0.7558712671760313
4571,2.5374884852221333,0.7466659426937365,2.2313101939194193,0.7558712671760303
4572,0.6715097413276083,1.0610887942024774,2.2328820417728257,0.7558704530582647
4573,2.527035270936119,0.7339609073555883,2.2328820417728257,0.7558704530582635
4574,0.6808056683596934,1.06978430730287,2.2334840418581656,0.7558697082384942
4575,2.515984377658416,0.721880217631255,2.2334840418581656,0.7558697082384932
4576,0.6909958191674506,1.0778670934210988,2.2331147775973283,0.7558690313043218
4577,2.5043685954413872,0.7105009982257793,2.2331147775973283,0.755869031304321
4578,0.7020048340775342,1.0853215888979195,2.2317751198159677,0.7558684206105477
4579,2.4922228236500312,0.6999000602611746,2.2317751198159677,0.755868420610547
4580,0.7137555271637585,1.092133654158725,2.2294682274718807,0.7558678743044998
4581,2.4795840399181888,0.6901528941397396,2.2294682274718807,0.7558678743044993
4582,0.7261699943706352,1.0982905419092754,2.22619955029056,0.7558673903505232
4583,2.4664912632255147,0.6813325165676373,2.22619955029056,0.7558673903505227
4584,0.7391705614291132,1.1037808692315514,2.2219768332919845,0.7558669665535758
4585,2.452985510250606,0.6735081931284702,2.2219768332919845,0.7558669665535751
4586,0.752680568839772,1.1085945932978944,2.2168101231799318,0.7558666005818705
4587,2.4391097440807683,0.6667440719404134,2.2168101231799318,0.7558666005818699
4588,0.7666250003431031,1.1127229904492926,2.210711776550382,0.7558662899885344
4589,2.4249088142860837,0.661097778401848,2.210711776550382,0.755866289988534
4590,0.780930967583287,1.1161586384123878,2.2036964698579973,0.755866032232235
4591,2.4104293872972713,0.6566190339865372,2.2036964698579973,0.7558660322322349
4592,0.7955280674045961,1.1188954014589565,2.195781211058299,0.7558658246967604
4593,2.395719865966326,0.6533483713287297,2.195781211058299,0.7558658246967603
4594,0.8103486298705814,1.1209284183408605,2.1869853528170036,0.7558656647095232
4595,2.3808302971400392,0.6513160213247132,2.1869853528170036,0.755865664709523
4596,0.8253278751872393,1.1222540928625635,2.177330607145927,0.755865549558982
4597,2.3658122660434633,0.6505410440722367,2.177330607145927,0.7558655495589822
4598,0.8404039967336058,1.1228700869821056,2.166841061285699,0.7558654765109741
4599,2.3507187762583883,0.6510307635651035,2.166841061285699,0.7558654765109746
4600,0.8555181857732773,1.122775316359988,2.1555431946079695,0.755865442823952
4601,2.3356041140965664,0.6527805468601605,2.1555431946079695,0.7558654428239518
4602,0.8706146114636258,1.1219699483036434,2.143465896252397,0.7558654457631354
4603,2.3205236962149347,0.6557739439877536,2.143465896252397,0.7558654457631352
4604,0.8856403677318885,1.1204554020832558,2.1306404831449774,0.755865482613587
4605,2.3055338994069485,0.6599831782733344,2.1306404831449774,0.7558654826135867
4606,0.9005453966068554,1.1182343516226565,2.1171007179625256,0.7558655506922246
4607,2.290691871636931,0.6653699515083024,2.1171007179625256,0.7558655506922242
4608,0.9152823957772143,1.1153107305970065,2.1028828265117747,0.7558656473587889
4609,2.2760553235694365,0.6718865078008297,2.1028828265117747,0.7558656473587887
4610,0.9298067165419074,1.1116897399970875,2.088025513878755,0.7558657700257922
4611,2.261682300088596,0.6794768862755953,2.088025513878755,0.755865770025792
4612,0.9440762569408581,1.1073778582483467,2.0725699785733167,0.7558659161674699
4613,2.2476309316078216,0.688078287090979,2.0725699785733167,0.7558659161674698
4614,0.9580513537017167,1.1023828540014309,2.056559923743208,0.755866083327765
4615,2.233959165340617,0.6788487518097127,2.056559923743208,0.7558660833277651
4616,0.9716946756929554,1.0967138017398648,2.0400415643608443,0.7558662691273801
4617,2.220724477138854,0.6659370047041169,2.0400415643608443,0.75586626912738
4618,0.9849711208124026,1.0903811003796462,2.0230636290928485,0.7558664712699268
4619,2.2079835650027,0.6536326514163641,2.0230636290928485,0.7558664712699269
4620,0.9978477176376044,1.0833964950648007,2.0056773553475233,0.7558666875472112
4621,2.1957920259197,0.6420168753789014,2.0056773553475233,0.7558666875472113
4622,1.0102935326950526,1.075773102392031,1.9879364757593139,0.7558669158436908
4623,2.1842040182882982,0.6311713111669476,1.9879364757593139,0.7558669158436909
4624,1.02227958384599,1.0675254393260956,1.9698971941140877,0.7558671541401447
4625,2.173271912807571,0.6211769657161795,1.9698971941140877,0.7558671541401448
4626,1.0337787600165298,1.0586694560948435,1.9516181484483708,0.7558674005165922
4627,2.1630459353497864,0.612112939303193,1.9516181484483708,0.7558674005165921
4628,1.044765747301344,1.0492225733779388,1.9331603587754378,0.755867653154507
4629,2.1535738059507055,0.6040549639760071,1.9331603587754378,0.7558676531545072
4630,1.055216961328218,1.0392037241249619,1.9145871566097736,0.755867910338362
4631,2.144900378625837,0.5970737967324174,1.9145871566097736,0.7558679103383623
4632,1.0651104856729385,1.0286334003550146,1.8959640931906723,0.7558681704565502
4633,2.137067287218054,0.5912335262206838,1.8959640931906723,0.7558681704565503
4634,1.074426016050195,1.0175337052987405,1.8773588230609108,0.7558684320017213
4635,2.1301126028712507,0.5865898724397639,1.8773588230609108,0.7558684320017212
4636,1.0831448099683554,1.0059284112417393,1.858840959457097,0.7558686935705763
4637,2.1240705089753567,0.5831885754100505,1.858840959457097,0.755868693570577
4638,1.0912496415176776,0.9938430234114909,1.8404818978382507,0.7558689538631623
4639,2.1189709995128103,0.5810639773897808,1.8404818978382507,0.755868953863163
4640,1.0987247609577364,0.9813048502128553,1.8223546038466998,0.7558692116817027
4641,2.1148396066343063,0.5802379008348372,1.8223546038466998,0.7558692116817031
4642,1.105555858776615,0.9683430800530931,1.8045333620925168,0.7558694659290098
4643,2.1116971629891133,0.5807189093652453,1.8045333620925168,0.7558694659290103
4644,1.1117300339087766,0.9549888648975692,1.7870934824145515,0.7558697156065137
4645,2.10955960382947,0.5825020121724062,1.7870934824145515,0.755869715606514
4646,1.1172357658181553,0.9412754105510173,1.7701109607336813,0.7558699598119483
4647,2.1084378132076935,0.5855688366803673,1.7701109607336813,0.7558699598119483
4648,1.122062890176211,0.9272380734531392,1.753662092311858,0.7558701977367283
4649,2.1083375177085255,0.5898882549229241,1.753662092311858,0.7558701977367287
4650,1.1262025778902154,0.9129144634951599,1.7378230361935327,0.755870428663055
4651,2.109259230138809,0.5954174119410108,1.7378230361935327,0.7558704286630553
4652,1.1296473172639134,0.8983445519863881,1.7226693308541994,0.7558706519607862
4653,2.11119824447227,0.6021030749560794,1.7226693308541994,0.755870651960786
4654,1.1323908991003873,0.8835707834042951,1.7082753626196943,0.7558708670840997
4655,2.114144682166389,0.6098832038311994,1.7082753626196943,0.7558708670840998
4656,1.1344284045848945,0.8686381889225279,1.6947137902350298,0.7558710735679877
4657,2.118083588782457,0.6186886377068481,1.6947137902350298,0.7558710735679877
4658,1.1357561958134814,0.8535944989009404,1.6820549310131458,0.7558712710246037
4659,2.122995078700584,0.6284447986549189,1.6820549310131458,0.7558712710246035
4660,1.136371908861077,0.8384902505118983,1.670366116212996,0.7558714591395003
4661,2.1288545246771715,0.6390733279534344,1.670366116212996,0.7558714591395
4662,1.1362744493104888,0.8233788854418753,1.6597110255826555,0.7558716376677781
4663,2.135632788085154,0.6504935905313021,1.6597110255826555,0.7558716376677779
4664,1.1354639901912813,0.8083168311278078,1.650149013226464,0.7558718064301727
4665,2.1432964849401306,0.6626240047002442,1.650149013226464,0.7558718064301722
4666,1.1339419723049244,0.7933635572586533,1.641734438960933,0.7558719653091056
4667,2.1518082822704034,0.67538317459531,1.641734438960933,0.755871965309105
4668,1.1317111069399368,0.7785815973125266,1.6345160209429157,0.7558721142447192
4669,2.161127219046462,0.6886908198863724,1.6345160209429157,0.7558721142447191
4670,1.1287753810081067,0.7640365227633629,1.6285362264155694,0.7558722532309209
4671,2.1712090457445643,0.702468510392474,1.6285362264155694,0.7558722532309207
4672,1.125140064660314,0.7497968553852002,1.6238307177706228,0.7558723823114459
4673,2.182006576668639,0.7166402221266339,1.6238307177706228,0.7558723823114455
4674,1.1208117214680686,0.7359339009839139,1.6204278706535173,0.7558725015759681
4675,2.1934700493747745,0.7311327364592992,1.6204278706535173,0.7558725015759681
4676,1.1157982212846587,0.7225214861602574,1.6183483794801081,0.7558726111562681
4677,2.205547485906989,0.745875906234907,1.6183483794801081,0.755872611156268
4678,1.1101087559277538,0.709635578719428,1.6176049634974443,0.7558727112224746
4679,2.2181850510314938,0.7608028126072904,1.6176049634974443,0.7558727112224747
4680,1.1037538578533135,0.697353772557295,1.6182021834903475,0.7558728019793931
4681,2.2313274032175245,0.7758498348200947,1.6182021834903475,0.7558728019793927
4682,1.0967454220185862,0.6857546198186858,1.6201363755677616,0.7558728836629308
4683,2.24491803472463,0.7909566527665174,1.6201363755677616,0.7558728836629308
4684,1.0890967311594748,0.6749167974131111,1.623395704378335,0.7558729565366359
4685,2.258899597789991,0.8060661993888563,1.623395704378335,0.755872956536636
4686,1.0808224847341368,0.6649181020953117,1.6279603338659243,0.7558730208883493
4687,2.2732142145392253,0.8211245771513177,1.6279603338659243,0.7558730208883491
4688,1.0719388318096776,0.6558342785730202,1.6338027095610907,0.755873077026986
4689,2.287803768848947,0.836080950149038,1.6338027095610907,0.755873077026986
4690,1.062463408191167,0.6477376984136113,1.6408879426797307,0.7558731252794484
4691,2.302610178952379,0.8508874210198756,1.6408879426797307,0.7558731252794483
4692,1.052415378110584,0.6406959232498906,1.6491742831907503,0.7558731659876762
4693,2.3175756500887355,0.8654988997551135,1.6491742831907503,0.7558731659876762
4694,1.0418154808058526,0.6347702026148642,1.658613666686338,0.7558731995058424
4695,2.332642906945214,0.879872969768801,1.658613666686338,0.7558731995058426
4696,1.0306860823243438,0.6300139726566685,1.6691523184329276,0.7558732261976929
4697,2.3477554060237207,0.8939697551644411,1.6691523184329276,0.7558732261976934
4698,1.0190512328779062,0.6264714344743176,1.6807313974141305,0.7558732464340355
4699,2.3628575283824507,0.9077517919992357,1.6807313974141305,0.7558732464340358
4700,1.0069367300534264,0.6241762972257259,1.6932876634446372,0.7558732605903788
4701,2.3778947534573662,0.9211839054513676,1.6932876634446372,0.7558732605903791
4702,0.9943701881386972,0.6231507692886437,1.7067541514256537,0.7558732690447222
4703,2.392813814864662,0.9342330941054764,1.7067541514256537,0.7558732690447224
4704,0.9813811137511864,0.623404869462687,1.7210608383785253,0.7558732721754955
4705,2.407562839227873,0.9468684220487888,1.7210608383785253,0.7558732721754956
4706,0.9680009878485123,0.6249361098925534,1.736135290865053,0.7558732703596491
4707,2.4220914691686306,0.9590609190825151,1.736135290865053,0.7558732703596497
4708,0.954263354043374,0.6277295751751765,1.751903282610479,0.7558732639708946
4709,2.4363509716548086,0.9707834890720647,1.751903282610479,0.7558732639708947
4710,0.9402039129293047,0.6317583915083756,1.768289374431334,0.7558732533780848
4711,2.450294332920404,0.9820108262618943,1.768289374431334,0.7558732533780852
4712,0.9258606218311332,0.6369845499908767,1.7852174508021428,0.7558732389437441
4713,2.463876341164258,0.9927193392471415,1.7852174508021428,0.7558732389437445
4714,0.9112737990068538,0.6433600233537784,1.802611209468797,0.7558732210227355
4715,2.4770536582054374,1.0028870822092513,1.802611209468797,0.7558732210227356
4716,0.8964862308242763,0.6508280985143061,1.8203946023597564,0.7558731999610626
4717,2.4897848812268895,1.01249369297424,1.8203946023597564,0.7558731999610628
4718,0.8815432797923866,0.6593248398343041,1.8384922276164244,0.7558731760948084
4719,2.5020305956804973,1.0215203374305424,1.8384922276164244,0.7558731760948088
4720,0.8664929905183734,0.668780599590341,1.8568296738439913,0.7558731497491957
4721,2.5137534203597163,1.0299496598411182,1.8568296738439913,0.7558731497491961
4722,0.8513861896614741,0.679121501287701,1.8753338186773763,0.7558731212377755
4723,2.5249180455738123,1.0377657385959664,1.8753338186773763,0.7558731212377766
4724,0.8362765747421411,0.690270835622925,1.893933084482497,0.7558730908617318
4725,2.5354912652831123,1.0449540469721588,1.893933084482497,0.7558730908617323
4726,0.821220785225329,0.7021503254611139,1.9125576544997325,0.7558730589092953
4727,2.5454420039795154,1.0515014184957294,1.9125576544997325,0.7558730589092959
4728,0.8062784476303381,0.7146812327905653,1.9311396530184106,0.7558730256552727
4729,2.554741339022664,1.0573960165309315,1.9311396530184106,0.7558730256552734
4730,0.7915121845509744,0.7277852955037459,1.9496132932845547,0.755872991360669
4731,2.563362519070628,1.0626273077557298,1.9496132932845547,0.7558729913606693
4732,0.7769875754591802,0.7413854939922071,1.9679149968241507,0.7558729562724098
4733,2.5712809791756914,1.062802739214888,1.9679149968241507,0.7558729562724106
4734,0.7627730551237857,0.7554066565389472,1.9859834877433895,0.7558729206231566
4735,2.578474353051333,1.0520052753328597,1.9859834877433895,0.7558729206231576
4736,0.7489397335814713,0.7697759184387994,2.0037598653742807,0.7558728846312007
4737,2.5849224829560766,1.0406856115378131,2.0037598653742807,0.7558728846312013
4738,0.7355611201088611,0.7844230530777969,2.021187658393194,0.7558728485004397
4739,2.59060742758364,1.028868623112467,2.021187658393194,0.75587284850044
4740,0.7227127329136827,0.7992806944043086,2.0382128632711027,0.7558728124204291
4741,2.5955134682966885,1.0165809677092994,2.0382128632711027,0.7558728124204291
4742,0.7104715767286794,0.8142844699003252,2.05478396963349,0.7558727765664962
4743,2.5996271139933236,1.003851155553037,2.05478396963349,0.7558727765664959
4744,0.6989154726597475,0.8293730618296962,2.0708519748270215,0.7558727410999194
4745,2.6029371048508896,0.9907096256695435,2.0708519748270215,0.7558727410999193
4746,0.6881222290274605,0.844488212628506,2.0863703897180357,0.7558727061681659
4747,2.605434415150478,0.9771888281114518,2.0863703897180357,0.7558727061681659
4748,0.6781686489884002,0.859574688135382,2.101295237490788,0.7558726719051747
4749,2.60711225534719,0.9633233119680165,2.101295237490788,0.7558726719051744
4750,0.6691293806618042,0.8745802101643623,2.1155850469750423,0.7558726384316912
4751,2.6079660735153873,0.9491498186986014,2.1155850469750423,0.755872638431691
4752,0.6610756281864634,0.8894553678469997,2.129200841815336,0.7558726058556411
4753,2.6079935562643146,0.9347073799999973,2.129200841815336,0.7558726058556408
4754,0.6540737569435057,0.9041535152978046,2.142106126598794,0.755872574272538
4755,2.6071946291871755,0.9200374189886789,2.142106126598794,0.7558725742725376
4756,0.6481838418329221,0.9186306615264506,2.1542668708847366,0.7558725437659255
4757,2.6055714568754405,0.9051838529292475,2.1542668708847366,0.7558725437659253
4758,0.6434582221038327,0.9328453571391486,2.165651491926671,0.7558725144078454
4759,2.6031284424994157,0.8901931950469123,2.165651491926671,0.7558725144078446
4760,0.6399401374921436,0.9467585812285761,2.1762308367443666,0.7558724862593273
4761,2.599872226925333,0.8751146521017641,2.1762308367443666,0.7558724862593266
4762,0.6376625259225592,0.9603336309243982,2.1859781640890543,0.7558724593708989
4763,2.5958116873079997,0.8600002133543838,2.1859781640890543,0.7558724593708983
4764,0.6366470608307637,0.9735360153374402,2.1948691267466924,0.7558724337831079
4765,2.590957935065806,0.8449047252997859,2.1948691267466924,0.7558724337831073
4766,0.6369034952868392,0.9863333550516639,2.2028817545410244,0.7558724095270584
4767,2.5853243131111667,0.829885945084153,2.2028817545410244,0.7558724095270578
4768,0.6384293609855886,0.9986952878722717,2.2099964383280537,0.7558723866249502
4769,2.5789263921737993,0.815004563858312,2.2099964383280537,0.7558723866249498
4770,0.6412100447707498,1.0105933812010894,2.2161959152150237,0.755872365090628
4771,2.5717819660160766,0.8003241895029742,2.2161959152150237,0.7558723650906276
4772,0.6452192368947535,1.022001051160533,2.221465255188416,0.7558723449301267
4773,2.563911045298726,0.785911276262543,2.221465255188416,0.7558723449301261
4774,0.6504197175408892,1.032893488406879,2.225791849295477,0.755872326142218
4775,2.5553358498107994,0.7718349869792498,2.225791849295477,0.7558723261422174
4776,0.6567644249411322,1.0432475904471656,2.229165399491005,0.7558723087189512
4777,2.546080798729941,0.758166972027536,2.229165399491005,0.7558723087189508
4778,0.6641977324765619,1.0530419001895974,2.2315779102343782,0.7558722926461897
4779,2.5361724985271104,0.7449810479885902,2.2315779102343782,0.7558722926461895
4780,0.6726568548008004,1.0622565504048573,2.2330236818999825,0.7558722779041362
4781,2.52563972807395,0.7323527589379367,2.2330236818999825,0.7558722779041358
4782,0.6820733041136926,1.0708732137474286,2.2334993060462334,0.7558722644678485
4783,2.5145134204508595,0.7203588043778433,2.2334993060462334,0.7558722644678482
4784,0.6923743258050287,1.078875057975656,2.233003662573407,0.7558722523077429
4785,2.502826640889585,0.7090763208030482,2.233003662573407,0.7558722523077421
4786,0.7034842555888193,1.0862467060120178,2.2315379187875526,0.7558722413900817
4787,2.4906145602161187,0.6985820090908397,2.2315379187875526,0.7558722413900809
4788,0.7153257555403137,1.0929742004972507,2.2291055303760294,0.7558722316774491
4789,2.477914423088357,0.6889511076817111,2.2291055303760294,0.7558722316774488
4790,0.7278209019549551,1.0990449725107085,2.2257122442888853,0.7558722231292081
4791,2.46476551024921,0.6802562219424028,2.2257122442888853,0.7558722231292075
4792,0.7408921120249812,1.1044478141525567,2.2213661035085597,0.755872215701938
4793,2.4512090939407782,0.6725660328660004,2.2213661035085597,0.7558722157019374
4794,0.7544629079624295,1.1091728547095006,2.2160774536774137,0.7558722093498543
4795,2.4372883855504615,0.6659439225372402,2.2160774536774137,0.7558722093498542
4796,0.7684585259628658,1.1132115401536153,2.209858951537541,0.7558722040252138
4797,2.423048474487489,0.6604465681798894,2.209858951537541,0.7558722040252137
4798,0.7828063833368891,1.1165566157526463,2.2027255751193136,0.7558721996786938
4799,2.408536257220981,0.6561225692077187,2.2027255751193136,0.7558721996786936
4800,0.797436420569901,1.1192021115993465,2.1946946355931636,0.755872196259752
4801,2.393800355351463,0.6530111803418882,2.1946946355931636,0.7558721962597519
4802,0.8122813364894083,1.1211433308966532,2.1857857906722704,0.7558721937169703
4803,2.378891021540615,0.6511412264581578,2.1857857906722704,0.7558721937169702
4804,0.8272767346447805,1.1223768408645582,2.176021059420894,0.7558721919983724
4805,2.3638600320934855,0.65053026989272,2.176021059420894,0.7558721919983722
4806,0.8423611979201732,1.1229004661633133,2.1654248382829206,0.755872191051723
4807,2.3487605649784777,0.6511840880147474,2.1654248382829206,0.7558721910517225
4808,0.8574763067124576,1.1227132847560894,2.1540239180964496,0.7558721908248072
4809,2.3336470620890375,0.6530964988499462,2.1540239180964496,0.7558721908248072
4810,0.8725666140259095,1.1218156261624468,2.1418475018014465,0.7558721912656877
4811,2.3185750746031863,0.6562495476219128,2.1418475018014465,0.7558721912656877
4812,0.8875795887890953,1.1202090720820022,2.128927222477185,0.7558721923229423
4813,2.30360109038952,0.6606140404516123,2.128927222477185,0.7558721923229419
4814,0.9024655367358071,1.117896459395666,2.115297161262647,0.7558721939458796
4815,2.2887823425475102,0.6661503866556093,2.115297161262647,0.7558721939458793
4816,0.9171775063998137,1.114881885579798,2.100993864614659,0.7558721960847394
4817,2.2741765983622666,0.6728096912714949,2.100993864614659,0.7558721960847389
4818,0.931671186196824,1.11117071659677,2.0860563602435067,0.7558721986908686
4819,2.259841928204754,0.6805350267825339,2.0860563602435067,0.7558721986908685
4820,0.9459047972197848,1.106769597353782,2.0705261709324985,0.755872201716883
4821,2.2458364542222156,0.68926280834888,2.0705261709324985,0.7558722017168824
4822,0.9598389852490355,1.1016864648504059,2.0544473252948614,0.7558722051168062
4823,2.232218079042428,0.6771439310516952,2.0544473252948614,0.7558722051168062
4824,0.9734367145588353,1.0959305641642758,2.0378663643472787,0.7558722088461981
4825,2.2190441951593445,0.6643063576343852,2.0378663643472787,0.7558722088461979
4826,0.9866631653626057,1.0895124674535068,2.020832342583494,0.7558722128622577
4827,2.206371376173188,0.6520866588113127,2.020832342583494,0.7558722128622577
4828,0.9994856361552579,1.0824440961836723,2.0033968220136598,0.755872217123918
4829,2.1942550516178567,0.6405661303384803,2.0033968220136598,0.755872217123918
4830,1.0118734517571886,1.07473874681622,1.985613857396384,0.7558722215919205
4831,2.182749167711001,0.6298263906206812,1.985613857396384,0.7558722215919202
4832,1.0237978775179277,1.0664111202235949,1.9675399706329357,0.7558722262288773
4833,2.17190583699096,0.6199482755533545,1.9675399706329357,0.7558722262288771
4834,1.0352320398776833,1.057477355123397,1.9492341120207748,0.7558722309993179
4835,2.1617749804389326,0.6110105344272924,1.9492341120207748,0.7558722309993178
4836,1.0461508532946853,1.0479550658486474,1.9307576057826148,0.7558722358697246
4837,2.152403966298883,0.6030883469553189,1.9307576057826148,0.7558722358697244
4838,1.0565309534106548,1.037863384792329,1.912174077006538,0.755872240808555
4839,2.1438372503729153,0.5962517014466505,1.912174077006538,0.7558722408085548
4840,1.066350636233846,1.0272230098799464,1.8935493568642823,0.7558722457862523
4841,2.1361160230548055,0.5905636957004278,1.8935493568642823,0.7558722457862521
4842,1.075589803059112,1.0160562574314624,1.8749513627347683,0.7558722507752462
4843,2.1292778687373763,0.5860788425526103,1.8749513627347683,0.7558722507752462
4844,1.0842299108095006,1.0043871207703323,1.8564499496680975,0.7558722557499428
4845,2.1233564434599095,0.5828414776849608,1.8564499496680975,0.7558722557499428
4846,1.0922539274677232,0.9922413349182204,1.8381167295062268,0.7558722606867061
4847,2.118381176723377,0.5808843746354737,1.8381167295062268,0.7558722606867061
4848,1.099646292263639,0.979646447673824,1.8200248539589599,0.7558722655638314
4849,2.1143770032735203,0.5802276679896652,1.8200248539589599,0.7558722655638314
4850,1.1063928802917997,0.9666318973060264,1.8022487580504158,0.7558722703615093
4851,2.111364130322854,0.5808781691641646,1.8022487580504158,0.7558722703615096
4852,1.112480971248269,0.9532290969864288,1.7848638606369664,0.755872275061786
4853,2.109357845150857,0.5828291309992761,1.7848638606369664,0.7558722750617857
4854,1.1178992219961026,0.9394715259330799,1.7679462191888622,0.755872279648514
4855,2.1083683672966256,0.5860604809551889,1.7679462191888622,0.7558722796485139
4856,1.122637642692451,0.9253948270222291,1.7515721367586168,0.755872284107301
4857,2.108400748661436,0.5905395033020121,1.7515721367586168,0.7558722841073012
4858,1.1266875762359756,0.9110369103315417,1.7358177200583473,0.7558722884254507
4859,2.10945482380233,0.5962219142441864,1.7358177200583473,0.7558722884254505
4860,1.1300416808203086,0.896438061686692,1.7207583888542042,0.7558722925919
4861,2.1115252115633414,0.6030532456760902,1.7207583888542042,0.7558722925919
4862,1.132693915406986,0.8816410547705628,1.7064683384621062,0.7558722965971545
4863,2.114601368006625,0.6109704366381493,1.7064683384621062,0.7558722965971546
4864,1.1346395279592891,0.8666912646945583,1.6930199589776425,0.7558723004332204
4865,2.118667689422988,0.619903527524395,1.6930199589776425,0.7558723004332203
4866,1.1358750463064284,0.8516367800969047,1.6804832169508932,0.7558723040935322
4867,2.1237036630717228,0.6297773593753979,1.6804832169508932,0.7558723040935319
4868,1.1363982715353813,0.8365285097950727,1.6689250074510178,0.7558723075728812
4869,2.1296840622709627,0.6405131962338669,1.6689250074510178,0.7558723075728812
4870,1.1362082738354071,0.8214202787533862,1.658408486751475,0.7558723108673412
4871,2.136579181572986,0.6520302088892913,1.658408486751475,0.7558723108673406
4872,1.1353053907477841,0.8063689066148385,1.6489923980710033,0.755872313974192
4873,2.1443551070456515,0.6642467798854516,1.6489923980710033,0.7558723139741913
4874,1.133691227800712,0.7914342602854616,1.6407304047707143,0.7558723168918463
4875,2.1529740161619957,0.6770816096437079,1.6407304047707143,0.7558723168918458
4876,1.131368661536659,0.7766792700726082,1.6336704469635444,0.7558723196197717
4877,2.162394501483984,0.690454620199435,1.6336704469635444,0.7558723196197709
4878,1.1283418449667932,0.7621698967257328,1.627854138470351,0.7558723221584178
4879,2.1725719122110907,0.7042876655684274,1.627854138470351,0.7558723221584169
4880,1.1246162155145998,0.7479750345246715,1.6233162213083876,0.7558723245091398
4881,2.183458707737352,0.7185050661380049,1.6233162213083876,0.7558723245091391
4882,1.1201985055383947,0.7341663334935095,1.6200840943130705,0.7558723266741261
4883,2.195004817600918,0.7330339892029055,1.6200840943130705,0.7558723266741251
4884,1.1150967555502547,0.720817922165028,1.61817743102006,0.7558723286563243
4885,2.2071580025911195,0.7478046995798957,1.61817743102006,0.7558723286563235
4886,1.1093203302768413,0.7080060114599632,1.617607899589021,0.7558723304593744
4887,2.219864212269079,0.7627507039356383,1.617607899589021,0.7558723304593734
4888,1.1028799377356113,0.6958083606552619,1.6183789944265714,0.7558723320875348
4889,2.233067934727117,0.7778088107803249,1.6183789944265714,0.7558723320875338
4890,1.0957876515278024,0.6843035886504021,1.6204859854305331,0.7558723335456186
4891,2.246712535028434,0.7929191256147852,1.6204859854305331,0.7558723335456179
4892,1.0880569365769817,0.6735703183725741,1.6239159866576127,0.7558723348389286
4893,2.2607405794031026,0.8080249979222281,1.6239159866576127,0.7558723348389284
4894,1.0797026785683876,0.6636861496794495,1.6286481419782717,0.7558723359731944
4895,2.2750941429041496,0.8230729338794687,1.6286481419782717,0.7558723359731937
4896,1.0707412173689967,0.6547264667842715,1.6346539212040823,0.7558723369545124
4897,2.289715098827711,0.8380124860225204,1.6346539212040823,0.7558723369545117
4898,1.0611903847301922,0.646763099900774,1.6418975165162228,0.7558723377892883
4899,2.3045453887579397,0.8527961287455503,1.6418975165162228,0.755872337789288
4900,1.0510695465926512,0.6398628767665893,1.6503363260080186,0.7558723384841834
4901,2.3195272725990836,0.8673791264853666,1.6503363260080186,0.755872338484183
4902,1.0403996503246817,0.6340861165425173,1.6599215089358208,0.7558723390460614
4903,2.334603558397055,0.8817193997495744,1.6599215089358208,0.7558723390460612
4904,1.0292032772281778,0.6294851342107848,1.6705985959330678,0.7558723394819414
4905,2.3497178121275355,0.8957773927642129,1.6705985959330678,0.7558723394819411
4906,1.0175047006372515,0.6261028354420559,1.6823081369883173,0.755872339798949
4907,2.3648145479373213,0.909515945412081,1.6823081369883173,0.755872339798949
4908,1.005329949909121,0.6239714873445984,1.6949863703569408,0.7558723400042744
4909,2.3798393995726217,0.9229001712669131,1.6949863703569408,0.7558723400042744
4910,0.9927068805594209,0.6231117474505213,1.7085658966513608,0.7558723401051332
4911,2.3947392739168,0.935897342862023,1.7085658966513608,0.7558723401051334
4912,0.9796652507176706,0.6235320207720739,1.7229763439831702,0.7558723401087264
4913,2.4094624876961133,0.9484767848285592,1.7229763439831702,0.7558723401087265
4914,0.966236803964378,0.6252281934023275,1.7381450120423751,0.755872340022207
4915,2.423958888501726,0.9606097751660397,1.7381450120423751,0.7558723400222075
4916,0.9524553584481561,0.6281837632550262,1.753997485225124,0.7558723398526489
4917,2.4381799613262007,0.9722694546387869,1.753997485225124,0.755872339852649
4918,0.9383569019559234,0.6323703577994029,1.7704582072073585,0.7558723396070149
4919,2.4520789218293166,0.9834307441034729,1.7704582072073585,0.7558723396070147
4920,0.9239796923055932,0.6377485993216551,1.7874510115783309,0.7558723392921338
4921,2.4656107975376607,0.99407026944645,1.7874510115783309,0.7558723392921339
4922,0.9093643620296729,0.6442692543050049,1.8048996051952346,0.7558723389146735
4923,2.478732498150652,1.0041662937299305,1.8048996051952346,0.7558723389146738
4924,0.894554025798067,0.651874587804129,1.8227280027299309,0.7558723384811216
4925,2.4914028760776485,1.0136986561015024,1.8227280027299309,0.7558723384811215
4926,0.879594388364916,0.6604998374147404,1.8408609124117445,0.7558723379977642
4927,2.5035827782709617,1.0226487170026792,1.8408609124117445,0.7558723379977643
4928,0.8645338499919464,0.670074724152975,1.8592240742124397,0.7558723374706731
4929,2.515235090351829,1.0309993092119527,1.8592240742124397,0.7558723374706732
4930,0.8494236052745081,0.680524927488552,1.8777445526767782,0.7558723369056881
4931,2.526324773953789,1.0387346942707736,1.8777445526767782,0.7558723369056883
4932,0.8343177300549297,0.6917734664060577,1.8963509872948459,0.7558723363084071
4933,2.5368188981330744,1.0458405238627955,1.8963509872948459,0.7558723363084077
4934,0.8192732496382616,0.7037419450568095,1.914973803770399,0.755872335684176
4935,2.546686665620624,1.0523038057445873,1.914973803770399,0.7558723356841764
4936,0.8043501798308572,0.7163516380217634,1.9335453897975352,0.7558723350380798
4937,2.5558994346166384,1.058112873857546,1.9335453897975352,0.7558723350380799
4938,0.7896115304307963,0.7295244047794405,1.9520002390521298,0.7558723343749371
4939,2.5644307367574974,1.063257362284322,1.9520002390521298,0.7558723343749371
4940,0.7751232587770167,0.7431834347136501,1.9702750670696727,0.7558723336992954
4941,2.572256291817027,1.061431444930795,1.9702750670696727,0.7558723336992954
4942,0.7609541589299458,0.757253832582296,1.9883089025494067,0.7558723330154304
4943,2.579354019640136,1.050564866825775,1.9883089025494067,0.75587233301543
4944,0.7471756701980725,0.771663059944808,2.0060431574241457,0.7558723323273414
4945,2.5857040497469623,1.039179218628173,2.0060431574241457,0.7558723323273415
4946,0.7338615873132147,0.786341251041243,2.02342167878964,0.7558723316387563
4947,2.5912887289899484,1.0272996032312594,2.02342167878964,0.7558723316387563
4948,0.7210876539550349,0.8012214225880709,2.0403907855162036,0.7558723309531284
4949,2.596092627594711,1.0149529146716092,2.0403907855162036,0.7558723309531284
4950,0.7089310219825331,0.8162395964729258,2.056899292083898,0.7558723302736428
4951,2.600102543867824,1.0021679091104143,2.056899292083898,0.7558723302736425
4952,0.6974695611575281,0.831334852901801,2.0728985219024088,0.755872329603219
4953,2.6033075078105865,0.9889752818457388,2.0728985219024088,0.7558723296032184
4954,0.6867810088561698,0.8464493295912167,2.088342312106364,0.7558723289445156
4955,2.6056987838370294,0.9754077503055073,2.088342312106364,0.7558723289445151
4956,0.6769419566801343,0.8615281804159142,2.1031870115619467,0.7558723282999388
4957,2.6072698727564267,0.9615001427804978,2.1031870115619467,0.7558723282999379
4958,0.668026681193544,0.8765195047361696,2.1173914735850095,0.7558723276716451
4959,2.6080165131450586,0.9472894923989863,2.1173914735850095,0.7558723276716448
4960,0.660105839034293,0.8913742565756495,2.1309170446563805,0.7558723270615537
4961,2.6079366821983343,0.9328151355035987,2.1309170446563805,0.7558723270615532
4962,0.6532450616538177,0.9060461409781692,2.143727550227502,0.7558723264713496
4963,2.607030596122246,0.9181188131474091,2.143727550227502,0.7558723264713488
4964,0.6475035005746714,0.920491503273526,2.1557892785386557,0.7558723259024954
4965,2.6053007100919334,0.9032447738591282,2.1557892785386557,0.7558723259024946
4966,0.6429323883683646,0.9346692156334069,2.167070963222045,0.7558723253562412
4967,2.602751717774379,0.8882398751135009,2.167070963222045,0.7558723253562404
4968,0.6395736911945109,0.9485405641847618,2.177543765331545,0.7558723248336315
4969,2.5993905503815133,0.8731536800596511,2.177543765331545,0.7558723248336302
4970,0.6374589333402743,0.9620691390467365,2.187181255328533,0.7558723243355169
4971,2.5952263751886195,0.8580385449861327,2.187181255328533,0.755872324335516
4972,0.6366082709002617,0.9752207289406347,2.195959395457149,0.7558723238625639
4973,2.5902705934205734,0.842949691721672,2.195959395457149,0.7558723238625632
4974,0.6370298797354239,0.9879632214622354,2.2038565228608826,0.7558723234152646
4975,2.584536837374477,0.8279452576811898,2.2038565228608826,0.7558723234152638
4976,0.6387197027769053,1.000266509675375,2.2108533337239282,0.7558723229939477
4977,2.578040966611281,0.8130863145826779,2.2108533337239282,0.755872322993947
4978,0.6416615757413829,1.0121024053610042,2.2169328686635232,0.7558723225987886
4979,2.5708010630105007,0.7984368450258226,2.2169328686635232,0.7558723225987879
4980,0.6458277217390674,1.023444559016026,2.222080499552173,0.7558723222298199
4981,2.5628374244407106,0.7840636642231655,2.222080499552173,0.7558723222298189
4982,0.6511795779668617,1.0342683865234572,2.226283917909607,0.7558723218869416
4983,2.554172556753766,0.7700362723495462,2.226283917909607,0.7558723218869412
4984,0.6576688952967223,1.0445510022951476,2.2295331249724257,0.7558723215699323
4985,2.5448311637622463,0.7564266214352361,2.2295331249724257,0.7558723215699316
4986,0.6652390366957743,1.0542711586084963,2.231820423523332,0.755872321278458
4987,2.5348401348072715,0.7433087797619958,2.231820423523332,0.7558723212784574
4988,0.673826394202955,1.0634091908096837,2.233140411540563,0.7558723210120829
4989,2.5242285294672913,0.7307584767006106,2.233140411540563,0.755872321012082
4990,0.6833618462855977,1.0719469680302802,2.233489977710642,0.7558723207702779
4991,2.5130275588978077,0.7188525122938143,2.233489977710642,0.7558723207702776
4992,0.6937721862501522,1.079867849055658,2.2328682988328734,0.7558723205524324
4993,2.5012705632272203,0.7076680191128688,2.2328682988328734,0.7558723205524316
4994,0.7049814657276373,1.0871566429878043,2.2312768391312887,0.7558723203578606
4995,2.4889929843654883,0.6972815694379949,2.2312768391312887,0.7558723203578597
4996,0.7169122126877002,1.093799574358287,2.228719351478107,0.7558723201858123
4997,2.476232333510615,0.6877681289345657,2.228719351478107,0.7558723201858115
4998,0.7294864988362619,1.0997842523665495,2.225201880521443,0.755872320035481
4999,2.4630281525639366,0.6791998687534805,2.225201880521443,0.7558723200354802
5000,0.7426268450548544,1.105099643942399,2.2207327676981556,0.7558723199060114
5001,2.4494219685900758,0.6716448610017249,2.2207327676981556,0.7558723199060108
5002,0.7562569648132654,1.1097360503579161,2.2153226580995113,0.7558723197965088
5003,2.4354572403828456,0.6651656969083402,2.2153226580995113,0.7558723197965082
5004,0.7703023538750559,1.1136850871420585,2.208984509141978,0.7558723197060441
5005,2.4211792961265095,0.6598180812843536,2.208984509141978,0.7558723197060432
5006,0.7846907402004495,1.1169396670801026,2.201733600976981,0.7558723196336624
5007,2.406635261075271,0.6556494690907545,2.201733600976981,0.755872319633662
5008,0.7993524110938871,1.119493986109289,2.1935875485509584,0.7558723195783903
5009,2.3918739741160437,0.6526978178957626,2.1935875485509584,0.7558723195783894
5010,0.8142204358393101,1.1213435119512583,2.184566315199468,0.75587231953924
5011,2.3769458920342745,0.6509905316915648,2.184566315199468,0.7558723195392394
5012,0.8292308018348963,1.1224849753508845,2.1746922276253033,0.7558723195152173
5013,2.3619029802745373,0.6505436655684598,2.1746922276253033,0.7558723195152169
5014,0.8443224810553094,1.1229163638198592,2.1639899920693884,0.7558723195053266
5015,2.346798588981962,0.651361446822073,2.1639899920693884,0.7558723195053266
5016,0.8594374419271105,1.1226369178118305,2.1524867114332285,0.7558723195085748
5017,2.331687313133155,0.6534361472598956,2.1524867114332285,0.7558723195085749
5018,0.8745206197033576,1.1216471292840864,2.140211903051522,0.7558723195239775
5019,2.3166248356223504,0.6567483161397101,2.140211903051522,0.7558723195239773
5020,0.8895198563808728,1.1199487426288228,2.1271975167415715,0.755872319550562
5021,2.3016677522666993,0.6612673565841795,2.1271975167415715,0.7558723195505617
5022,0.9043858192584091,1.1175447579849749,2.1134779526707845,0.755872319587371
5023,2.286873377840376,0.6669524040009233,2.1134779526707845,0.7558723195873711
5024,0.9190719054681561,1.114439436969623,2.0990900784830813,0.7558723196334691
5025,2.272299532446799,0.6737534460579192,2.0990900784830813,0.7558723196334692
5026,0.9335341382661432,1.1106383108961155,2.084073245007717,0.7558723196879424
5027,2.2580043077970737,0.6816126121274689,2.084073245007717,0.7558723196879427
5028,0.94773105954942,1.1061481915744553,2.0684692997382657,0.7558723197499032
5029,2.244045813284864,0.6887556960780877,2.0684692997382657,0.7558723197499034
5030,0.9616236219710268,1.1009771848181726,2.0523225971137675,0.7558723198184918
5031,2.2304819021353124,0.6754456609230329,2.0523225971137675,0.755872319818492
5032,0.9751750831286592,1.0951347068108674,2.035680004457164,0.7558723198928787
5033,2.217369878357823,0.6626837268322507,2.035680004457164,0.7558723198928787
5034,0.988350903585352,1.088631503514807,2.018590902227405,0.7558723199722674
5035,2.2047661857455414,0.6505501672138492,2.018590902227405,0.7558723199722677
5036,1.0011186499148077,1.081479673333194,2.001107177021079,0.7558723200558956
5037,2.1927260807305053,0.63912637494472,2.001107177021079,0.7558723200558959
5038,1.0134479035253738,1.073692693266722,1.983283205518091,0.7558723201430351
5039,2.1813032915103503,0.628493933604532,1.983283205518091,0.7558723201430353
5040,1.0253101756824379,1.065285448833289,1.9651758273062314,0.7558723202329941
5041,2.1705496664932653,0.6187334859885442,1.9651758273062314,0.7558723202329947
5042,1.0366788288991897,1.0562742680465667,1.9468443042456727,0.7558723203251199
5043,2.1605148157410037,0.6099234052652058,1.9468443042456727,0.7558723203251201
5044,1.0475290046832517,1.046676959773474,1.9283502637529295,0.7558723204187939
5045,2.1512457496992328,0.6021382912677559,1.9283502637529295,0.7558723204187945
5046,1.0578375574972587,1.0365128568111015,1.9097576231039568,0.755872320513438
5047,2.142786520061091,0.5954473347021085,1.9097576231039568,0.7558723205134386
5048,1.0675829947033846,1.0258028640383319,1.891132491590389,0.7558723206085105
5049,2.1351778680820783,0.5899126136213048,1.891132491590389,0.7558723206085113
5050,1.0767454222054538,1.014569512003753,1.872543047127871,0.7558723207035085
5051,2.128456886020515,0.5855874064794293,1.872543047127871,0.755872320703509
5052,1.085306495470108,1.002837016306084,1.8540593837315889,0.7558723207979656
5053,2.122656697587825,0.5825146208701711,1.8540593837315889,0.7558723207979657
5054,1.0932493755943853,0.9906313431018032,1.8357533261665364,0.7558723208914528
5055,2.117806163330865,0.5807254430608974,1.8357533261665364,0.7558723208914528
5056,1.1005586900863782,0.9779802810313082,1.8176982080779787,0.7558723209835779
5057,2.113929616715146,0.5802383078670853,1.8176982080779787,0.7558723209835776
5058,1.1072204980346307,0.9649135197824728,1.7999686100440466,0.7558723210739835
5059,2.1110466363223646,0.581058270226384,1.7999686100440466,0.7558723210739835
5060,1.113222259357858,0.9514627353997457,1.782640054302848,0.755872321162348
5061,2.109171859017977,0.5831768303290625,1.782640054302848,0.755872321162348
5062,1.1185528078472802,0.9376616822865163,1.7657886534269653,0.7558723212483838
5063,2.1083148381957915,0.5865722270282849,1.7657886534269653,0.7558723212483834
5064,1.1232023277377667,0.9235462916243001,1.7494907109824265,0.7558723213318351
5065,2.108479950289628,0.5912101748982902,1.7494907109824265,0.755872321331835
5066,1.127162333569935,0.9091547756273766,1.7338222732448045,0.7558723214124785
5067,2.109666351690444,0.5970449846570298,1.7338222732448045,0.7558723214124782
5068,1.1304256531324994,0.8945277366456056,1.7188586323689186,0.7558723214901206
5069,2.111867987063584,0.6040209797898629,1.7188586323689186,0.7558723214901198
5070,1.13298641330193,0.8797082795979122,1.7046737830215382,0.7558723215645975
5071,2.1150736488736777,0.6120741072168311,1.7046737830215382,0.7558723215645967
5072,1.1348400286244924,0.8647421255380966,1.6913398363679584,0.7558723216357723
5073,2.1192670867460173,0.6211336374115093,1.6913398363679584,0.7558723216357716
5074,1.1359831925137247,0.8496777232952011,1.678926397406261,0.7558723217035356
5075,2.12442716417413,0.6311238579382914,1.678926397406261,0.7558723217035348
5076,1.1364138709642795,0.8345663550646093,1.6674999138904512,0.755872321767803
5077,2.1305280590708806,0.6419656808400804,1.6674999138904512,0.7558723217678025
5078,1.13613129871073,0.8194622305288225,1.6571230073672105,0.7558723218285128
5079,2.1375395037946077,0.6535781049998154,1.6571230073672105,0.7558723218285127
5080,1.135135977787449,0.804422562542263,1.6478537990335105,0.7558723218856264
5081,2.145427059592818,0.6658794960793182,1.6478537990335105,0.7558723218856258
5082,1.1334296784730535,0.7895076156224927,1.6397452450441778,0.755872321939125
5083,2.154152419912919,0.678788666262956,1.6397452450441778,0.7558723219391243
5084,1.1310154426302423,0.7747807164773158,1.6328444973886806,0.7558723219890098
5085,2.16367373673985,0.6922257521683722,1.6328444973886806,0.7558723219890096
5086,1.1278975894792251,0.7603082136300147,1.6271923073478896,0.7558723220353001
5087,2.1739459640304983,0.706112901255869,1.6271923073478896,0.7558723220352996
5088,1.1240817238704177,0.7461593710067966,1.6228224886896274,0.7558723220780306
5089,2.1849212124108037,0.7203747849365615,1.6228224886896274,0.7558723220780299
5090,1.1195747471497104,0.7324061783195814,1.6197614570631984,0.7558723221172516
5091,2.1965491095617162,0.7349389608821609,1.6197614570631984,0.7558723221172511
5092,1.114384870737458,0.7191230595034362,1.6180278604634668,0.7558723221530276
5093,2.2087771611172107,0.7497361085342196,1.6180278604634668,0.7558723221530267
5094,1.1085216325702927,0.706386459743127,1.6176323131814865,0.7558723221854348
5095,2.2215511074005354,0.7647001612929277,1.6176323131814865,0.7558723221854341
5096,1.1019959165829003,0.6942742922376808,1.6185772424445861,0.7558723222145608
5097,2.234815271901908,0.7797683570511916,1.6185772424445861,0.7558723222145599
5098,1.0948199754347305,0.6828652283660775,1.6208568531496108,0.7558723222405027
5099,2.248512898021052,0.7948812262095215,1.6208568531496108,0.7558723222405022
5100,1.0870074567139334,0.672237819899144,1.6244572119420901,0.7558723222633669
5101,2.262586471232944,0.8099825334932557,1.6244572119420901,0.7558723222633663
5102,1.0785734328770746,0.6624694498211977,1.6293564476608497,0.7558723222832664
5103,2.2769780244604134,0.825019187091306,1.6293564476608497,0.7558723222832662
5104,1.0695344352075935,0.6536351193999183,1.635525061129726,0.7558723223003221
5105,2.2916294250325633,0.8399411260279959,1.635525061129726,0.7558723223003213
5106,1.0599084920974504,0.6458060931672486,1.6429263336934155,0.7558723223146572
5107,2.3064826421581235,0.8547011943649326,1.6429263336934155,0.7558723223146572
5108,1.0497151719734883,0.6390484396441517,1.6515168209748554,0.7558723223264026
5109,2.321479994336835,0.8692550088466638,1.6515168209748554,0.755872322326402
5110,1.0389756312006717,0.6334215224544438,1.6612469162240642,0.7558723223356906
5111,2.3365643765635467,0.8835608249518718,1.6612469162240642,0.7558723223356902
5112,1.027712667295946,0.6289765117593392,1.6720614664050404,0.7558723223426559
5113,2.351679467545884,0.8975794049676753,1.6720614664050404,0.7558723223426557
5114,1.0159507777755041,0.6257549971031899,1.6839004238249207,0.7558723223474348
5115,2.3667699174577437,0.9112738906331984,1.6839004238249207,0.7558723223474345
5116,1.003716224930258,0.623787787201175,1.696699516577745,0.7558723223501657
5117,2.381781516989985,0.9246096820606132,1.696699516577745,0.7558723223501651
5118,0.9910371067735637,0.6230939779367456,1.7103909222313443,0.7558723223509866
5119,2.3966613486413344,0.937554323998436,1.7103909222313443,0.7558723223509859
5120,0.97794343432446,0.6236803560956077,1.7249039308738496,0.7558723223500341
5121,2.4113579213221605,0.9500774000171084,1.7249039308738496,0.7558723223500333
5122,0.9644672152697372,0.625541183993247,1.7401655856853897,0.7558723223474413
5123,2.4258212894280153,0.9621504348393055,1.7401655856853897,0.7558723223474407
5124,0.9506425438778099,0.6286583816739181,1.7561012914426943,0.7558723223433432
5125,2.4400031575850103,0.9737468047800132,1.7561012914426943,0.7558723223433426
5126,0.9365056968028365,0.6330020925594525,1.7726353836481148,0.7558723223378714
5127,2.453856972281964,0.9848416560820298,1.7726353836481148,0.7558723223378709
5128,0.9220952341023881,0.6385315895936781,1.7896916531740268,0.7558723223311542
5129,2.4673380015907056,0.9954118308128528,1.7896916531740268,0.755872322331154
5130,0.9074521043767956,0.6451964559269195,1.8071938233333014,0.7558723223233176
5131,2.480403404141797,1.0054357999144812,1.8071938233333014,0.7558723223233174
5132,0.8926197524009843,0.652937959662524,1.8250659780619578,0.7558723223144831
5133,2.4930122884731247,1.014893602956894,1.8250659780619578,0.7558723223144825
5134,0.8776442269356807,0.6616905371375539,1.8432329413956605,0.7558723223047676
5135,2.505125763807776,1.0237667941299486,1.8432329413956605,0.7558723223047675
5136,0.8625742855487156,0.6713833029824117,1.8616206096262078,0.7558723222942854
5137,2.5167069832490268,1.0320383940102202,1.8616206096262078,0.7558723222942849
5138,0.8474614922239921,0.6819415158941974,1.8801562384457073,0.7558723222831437
5139,2.527721180307263,1.039692846653604,1.8801562384457073,0.755872322283144
5140,0.8323603022650107,0.6932879441017975,1.8987686880466277,0.7558723222714485
5141,2.5381356995986777,1.046715981587364,1.8987686880466277,0.7558723222714483
5142,0.8173281275004766,0.7053440912765176,1.9173886295760016,0.7558723222592969
5143,2.5479200224806746,1.053094980303748,1.9173886295760016,0.7558723222592967
5144,0.8024253730770796,0.7180312599338197,1.9359487165768023,0.7558723222467834
5145,2.5570457883155306,1.0588183468891874,1.9359487165768023,0.7558723222467834
5146,0.7877154352114388,0.7312714436165086,1.9543837251249687,0.7558723222339965
5147,2.5654868119830976,1.0638758824568173,1.9543837251249687,0.7558723222339963
5148,0.773264647241493,0.7449880504875664,1.972630666321468,0.7558723222210195
5149,2.5732190981960383,1.0600511626537623,1.972630666321468,0.7558723222210197
5150,0.7591421592941222,0.7591064691406614,1.990628874656589,0.7558723222079313
5151,2.5802208531075843,1.0491158554295081,1.990628874656589,0.7558723222079314
5152,0.7454197350681928,0.7735544926492509,2.008320075556071,0.7558723221948044
5153,2.5864724936424945,1.037664637540905,2.008320075556071,0.7558723221948046
5154,0.7321714479031476,0.7882626195753907,2.0256484351688258,0.7558723221817069
5155,2.591956654926729,1.025722840566182,2.0256484351688258,0.7558723221817067
5156,0.7194732578374299,0.8031642514111259,2.042560595182733,0.7558723221687007
5157,2.596658196140264,1.0133175961012846,2.042560595182733,0.755872322168701
5158,0.707402452218344,0.8181958052929013,2.059005695173165,0.7558723221558441
5159,2.6005642050702753,1.0004779075215207,2.059005695173165,0.7558723221558441
5160,0.6960369351204898,0.8332967593103665,2.074935384709586,0.7558723221431892
5161,2.6036640015982804,0.9872347277763948,2.074935384709586,0.7558723221431897
5162,0.6854543558715582,0.8484096457258911,2.090303827176904,0.755872322130784
5163,2.605949140314398,0.9736210431459653,2.090303827176904,0.7558723221307844
5164,0.6757310747717425,0.8634800052281628,2.1050676970157185,0.7558723221186723
5165,2.607413412414282,0.9596719626886749,2.1050676970157185,0.7558723221186722
5166,0.6669409747796771,0.8784563131677773,2.119186171852593,0.7558723221068936
5167,2.6080528469989837,0.9454248128431174,2.119186171852593,0.7558723221068939
5168,0.6591541412716037,0.893289886693601,2.132620920779812,0.7558723220954826
5169,2.6078657118646205,0.9309192362929493,2.132620920779812,0.7558723220954829
5170,0.6524354471576361,0.9079347798966995,2.1453360898543696,0.7558723220844679
5171,2.606852513836731,0.916197293745819,2.1453360898543696,0.7558723220844682
5172,0.646843096224257,0.9223476725029701,2.157298285717826,0.7558723220738748
5173,2.6050159986730823,0.9013035666922995,2.157298285717826,0.7558723220738754
5174,0.642427191546063,0.9364877563380528,2.1684765580912875,0.7558723220637249
5175,2.6023611505279827,0.8862852584763344,2.1684765580912875,0.7558723220637253
5176,0.6392284057926877,0.9503166227035084,2.178842381771758,0.7558723220540348
5177,2.5988951909403304,0.871192290101713,2.178842381771758,0.7558723220540353
5178,0.6372768339173769,0.9637981529275129,2.188369638645913,0.7558723220448189
5179,2.5946275772761798,0.856077386099058,2.188369638645913,0.7558723220448198
5180,0.6365911043030306,0.9768984136585896,2.1970346001432812,0.7558723220360878
5181,2.589570000524031,0.8409961444707476,2.1970346001432812,0.7558723220360885
5182,0.6371778113236398,0.9895855579290508,2.2048159104711633,0.7558723220278485
5183,2.58373638230687,0.8260070832151661,2.2048159104711633,0.7558723220278492
5184,0.6390313112858186,1.0018297325994254,2.2116945709066744,0.7558723220201058
5185,2.5771428709387014,0.811171654224893,2.2116945709066744,0.7558723220201065
5186,0.6421338971722194,1.0136029924825565,2.217653925365484,0.7558723220128637
5187,2.569807836314481,0.7965542135044118,2.217653925365484,0.7558723220128643
5188,0.646456338969854,1.0248792212158062,2.222679647420628,0.7558723220061211
5189,2.5617518633805254,0.7822219347532984,2.222679647420628,0.7558723220061216
5190,0.6519587495256123,1.0356340587846078,2.226759728906734,0.7558723219998743
5191,2.552997743887265,0.7682446515592833,2.226759728906734,0.7558723219998749
5192,0.6585917143444657,1.0458448354861825,2.229884470213923,0.7558723219941179
5193,2.5435704660772798,0.7546946119616814,2.229884470213923,0.7558723219941187
5194,0.6662976099646377,1.0554905120469478,2.232046472350277,0.7558723219888438
5195,2.5334972019086455,0.7416461282795425,2.232046472350277,0.7558723219888445
5196,0.67501203046061,1.0645516255616345,2.233240630831024,0.7558723219840423
5197,2.522807291356584,0.729175105232086,2.233240630831024,0.7558723219840429
5198,0.6846652447082809,1.0730102408990154,2.2334641314355084,0.7558723219797024
5199,2.5115322232751667,0.7173584309588023,2.2334641314355084,0.755872321979703
5200,0.6951836166167914,1.0808499072125937,2.232716447858635,0.7558723219758112
5201,2.499705612235589,0.7062732190461791,2.232716447858635,0.755872321975812
5202,0.706490934282386,1.0880556192001039,2.230999341270928,0.7558723219723551
5203,2.4873631706885697,0.6959958955145809,2.230999341270928,0.7558723219723557
5204,0.7185096095584899,1.0946137827698044,2.228316861789813,0.7558723219693186
5205,2.474542675726378,0.6866011331878382,2.228316861789813,0.755872321969319
5206,0.7311617248049135,1.1005121847916048,2.224675351853345,0.755872321966686
5207,2.4612839296457474,0.6781606469494255,2.224675351853345,0.7558723219666863
5208,0.7443699170932159,1.1057399666351848,2.220083451475677,0.7558723219644399
5209,2.4476287134378008,0.6707418766462996,2.220083451475677,0.7558723219644401
5210,0.7580581010534508,1.1102876012239071,2.2145521053500667,0.7558723219625633
5211,2.4336207322567227,0.6644065988616235,2.2145521053500667,0.7558723219625634
5212,0.7721520395594897,1.1141468733615014,2.208094571749553,0.7558723219610379
5213,2.4193055518475886,0.6592095229022803,2.208094571749553,0.7558723219610379
5214,0.7865797766935092,1.1173108631174533,2.2007264331564538,0.7558723219598451
5215,2.4047305248481594,0.6551969381360371,2.2007264331564538,0.7558723219598453
5216,0.8012719502909269,1.1197739320862548,2.1924656085287486,0.7558723219589688
5217,2.3899447058230026,0.6524054870713349,2.1924656085287486,0.7558723219589684
5218,0.8161620023486491,1.121531712364888,2.183332367083096,0.7558723219583902
5219,2.374998753844998,0.6508611393260033,2.183332367083096,0.7558723219583897
5220,0.8311863051992366,1.1225810981218993,2.1733493434395332,0.7558723219580907
5221,2.359944821413833,0.6505784346160853,2.1733493434395332,0.7558723219580903
5222,0.8462842200771145,1.122920239660119,2.162541553930679,0.7558723219580508
5223,2.344836428498756,0.6515600479900847,2.162541553930679,0.7558723219580504
5224,0.8613981029120825,1.122548539903507,2.150936413826996,0.7558723219582513
5225,2.329728320519566,0.6537967089793163,2.150936413826996,0.7558723219582509
5226,0.8764732701698043,1.1214666532667628,2.138563755168089,0.7558723219586738
5227,2.3146763091418614,0.6572674806411544,2.138563755168089,0.7558723219586742
5228,0.8914579355225186,1.1196764868943634,2.125455844816391,0.7558723219592999
5229,2.2997370948665474,0.6619403779823975,2.125455844816391,0.7558723219593001
5230,0.9063031262076832,1.1171812042836469,2.1116474022623763,0.7558723219601113
5231,2.284968070546033,0.6677732814721663,2.1116474022623763,0.7558723219601114
5232,0.9209625861933824,1.1139852313345884,2.097175616607867,0.7558723219610902
5233,2.270427105166548,0.6747150832412391,2.097175616607867,0.7558723219610902
5234,0.9353926717521238,1.1100942648970873,2.082080162034416,0.755872321962219
5235,2.2561723075028675,0.6827069929589078,2.082080162034416,0.7558723219622191
5236,0.9495522437563835,1.1055152839150153,2.066403210925439,0.755872321963481
5237,2.2422617695822207,0.686999942825797,2.066403210925439,0.7558723219634816
5238,0.9634025599398279,1.100256563294991,2.0501894436523616,0.7558723219648614
5239,2.228753290290096,0.673756574329337,2.0501894436523616,0.7558723219648616
5240,0.9769071694974925,1.094327690656846,2.0334860538553485,0.7558723219663435
5241,2.215704079911017,0.6610716351178721,2.0334860538553485,0.7558723219663436
5242,0.9900318117017782,1.087739586151962,2.016342747847599,0.7558723219679123
5243,2.2031704469178375,0.6490255893512727,2.016342747847599,0.7558723219679122
5244,1.0027443196633008,1.0805045255648826,1.9988117365488716,0.7558723219695539
5245,2.1912074688953043,0.6376999113919573,1.9988117365488716,0.7558723219695542
5246,1.015014529941764,1.072636166942538,1.9809477181100257,0.7558723219712551
5247,2.179868650094715,0.6271761309253822,1.9809477181100257,0.7558723219712551
5248,1.0268141983898262,1.0641495810235326,1.9628078491285668,0.7558723219730025
5249,2.169205568748923,0.6175346752283447,1.9628078491285668,0.7558723219730028
5250,1.0381169223727595,1.0550612857665207,1.9444517020799659,0.7558723219747846
5251,2.159267517908527,0.608853515953701,1.9444517020799659,0.755872321974785
5252,1.048898069331876,1.0453892853006324,1.9259412063076322,0.7558723219765896
5253,2.1501011441644184,0.6012066454056224,1.9259412063076322,0.7558723219765897
5254,1.059134711536269,1.0351531136407772,1.9073405696356298,0.755872321978407
5255,2.141750089169286,0.5946624278671689,1.9073405696356298,0.7558723219784074
5256,1.0688055667839254,1.0243738835244331,1.8887161774054992,0.7558723219802272
5257,2.134254639329662,0.5892818930832125,1.8887161774054992,0.7558723219802272
5258,1.0778909447604659,1.013074340731559,1.8701364655088966,0.7558723219820406
5259,2.127651389378844,0.5851170585033527,1.8701364655088966,0.7558723219820402
5260,1.0863726987342261,1.0012789242420825,1.8516717638123072,0.7558723219838387
5261,2.121972925730088,0.5822093807372823,1.8516717638123072,0.7558723219838387
5262,1.0942341822542938,0.9890138325613883,1.8333941062744705,0.7558723219856142
5263,2.1172475355235125,0.5805884413075935,1.8333941062744705,0.7558723219856142
5264,1.1014602105188382,0.9763070964975524,1.815377004071137,0.7558723219873592
5265,2.113498947100951,0.5802709645943324,1.815377004071137,0.7558723219873592
5266,1.1080370260911365,0.9631886585971992,1.7976951781987833,0.7558723219890683
5267,2.110746107261087,0.5812602460842866,1.7976951781987833,0.7558723219890682
5268,1.1139522686573218,0.9496904593303752,1.7804242483646155,0.7558723219907348
5269,2.1090030000638325,0.5835460382908095,1.7804242483646155,0.7558723219907347
5270,1.1191949485411048,0.9358465299470045,1.7636403755204888,0.7558723219923542
5271,2.108278511180813,0.5871049039581645,1.7636403755204888,0.7558723219923541
5272,1.1237554237149325,0.9216930916938577,1.7474198561964367,0.7558723219939217
5273,2.1085763408522684,0.5919010069599829,1.7474198561964367,0.755872321993922
5274,1.1276253800732052,0.907268660764154,1.7318386678618056,0.7558723219954336
5275,2.1098949674445495,0.5978872765349698,1.7318386678618056,0.7558723219954336
5276,1.130797814760419,0.8926141579312494,1.716971965903694,0.7558723219968868
5277,2.112227662450134,0.6050068550399594,1.716971965903694,0.7558723219968865
5278,1.1332670223749264,0.877773021269622,1.7028935344618568,0.7558723219982776
5279,2.1155625565831215,0.6131947260508478,1.7028935344618568,0.7558723219982776
5280,1.135028583897025,0.8627913196639596,1.6896751952727216,0.7558723219996046
5281,2.1198827554493502,0.6223794187637955,1.6896751952727216,0.7558723219996042
5282,1.1360793582180508,0.8477178639224451,1.6773861808018624,0.7558723220008654
5283,2.1251665021624975,0.6324846944304917,1.6773861808018624,0.7558723220008652
5284,1.1364174761750123,0.8326043112155633,1.666092480203125,0.7558723220020587
5285,2.131387383282091,0.6434311377849622,1.666092480203125,0.7558723220020586
5286,1.1360423370229402,0.8175052572330456,1.6558561689213345,0.7558723220031832
5287,2.1385145736049975,0.6551375973945511,1.6558561689213345,0.7558723220031828
5288,1.134954607304624,0.8024783088744499,1.646734734913592,0.7558723220042362
5289,2.1465131146775813,0.6675224402355082,1.646734734913592,0.7558723220042356
5290,1.1331562221047735,0.7875841284660132,1.6387804163396906,0.7558723220052174
5291,2.1553442214289036,0.680504605035155,1.6387804163396906,0.755872322005217
5292,1.130650388702987,0.7728864384586834,1.6320395669938457,0.755872322006127
5293,2.164965611062069,0.6940044545365572,1.6320395669938457,0.7558723220061265
5294,1.12744159266728,0.7584519733826215,1.626552066552369,0.7558723220069661
5295,2.1753318482759556,0.70794443826233,1.626552066552369,0.7558723220069661
5296,1.1235356064574236,0.7443503636440062,1.6223507927548402,0.7558723220077361
5297,2.1863947010082785,0.7222495847227143,1.6223507927548402,0.7558723220077355
5298,1.118939500635007,0.7306539337598835,1.6194611718231255,0.7558723220084378
5299,2.1981035011705856,0.7368478459062178,1.6194611718231255,0.7558723220084373
5300,1.1136616578049934,0.7174373961388342,1.617900821717712,0.7558723220090726
5301,2.2104055052583726,0.7516703180807596,1.617900821717712,0.7558723220090726
5302,1.107711789441507,0.7047774209346307,1.6176793002710685,0.7558723220096429
5303,2.223246250233888,0.7666513622093144,1.6176793002710685,0.7558723220096428
5304,1.1011009557786244,0.692752063328463,1.6187979669364065,0.755872322010151
5305,2.236569900663523,0.7817286453471478,1.6187979669364065,0.755872322010151
5306,1.0938415889747215,0.6814400323986162,1.6212499630311406,0.7558723220105977
5307,2.2503195837153367,0.796843121799399,1.6212499630311406,0.7558723220105978
5308,1.0859475197861566,0.6709197910767415,1.6250203111770745,0.7558723220109863
5309,2.2644377092572614,0.8119389699912584,1.6250203111770745,0.7558723220109864
5310,1.0774340080121272,0.66126848501287,1.6300861304158911,0.7558723220113188
5311,2.2788662729189637,0.8269634982176429,1.6300861304158911,0.7558723220113189
5312,1.0683177769966514,0.6525607096518995,1.6364169594856905,0.7558723220115982
5313,2.2935471405705727,0.841867029865663,1.6364169594856905,0.7558723220115983
5314,1.0586170524946217,0.6448671391867943,1.6439751772352509,0.7558723220118262
5315,2.308422313214832,0.85660277643038,1.6439751772352509,0.7558723220118266
5316,1.048351606225247,0.6382530574072729,1.652716506331717,0.7558723220120065
5317,2.3234341717754434,0.8711267047048162,1.652716506331717,0.7558723220120067
5318,1.0375428044458295,0.6327768472119735,1.6625905844222568,0.7558723220121409
5319,2.3385257016874816,0.8853974029147735,1.6625905844222568,0.7558723220121414
5320,1.026213661878992,0.6284885104547303,1.6735415858029843,0.7558723220122328
5321,2.353640697553532,0.8993759492623877,1.6735415858029843,0.7558723220122331
5322,1.0143889013135752,0.6254283002221438,1.685508876416493,0.7558723220122842
5323,2.3687239484222204,0.9130257853034746,1.685508876416493,0.7558723220122846
5324,1.0020950191688431,0.6236255510422309,1.6984276855646319,0.7558723220122983
5325,2.383721404477268,0.9263125957731759,1.6984276855646319,0.7558723220122985
5326,0.9893603572574278,0.6230977870428638,1.7122297789576577,0.7558723220122777
5327,2.398580326099681,0.9392041958535212,1.7122297789576577,0.755872322012278
5328,0.9762151808971348,0.623850173132822,1.7268441194655058,0.7558723220122249
5329,2.4132494163891223,0.9516704264099658,1.7268441194655058,0.7558723220122254
5330,0.9626917633959284,0.6258753509404019,1.7421975040202862,0.7558723220121425
5331,2.4276789383092563,0.9636830573807863,1.7421975040202862,0.7558723220121432
5332,0.9488244767565737,0.6291536722308286,1.7582151673747735,0.755872322012034
5333,2.441820817662536,0.9752156992571295,1.7582151673747735,0.7558723220120338
5334,0.9346498882034159,0.6336538117371375,1.7748213457009672,0.7558723220119008
5335,2.4556287331089286,0.986243722420786,1.7748213457009672,0.7558723220119007
5336,0.920206861806801,0.6393337130643995,1.7919397951936862,0.7558723220117457
5337,2.4690581944266374,0.9967441839937261,1.7919397951936862,0.7558723220117455
5338,0.9055366640509248,0.6461417993095109,1.8094942628351327,0.7558723220115711
5339,2.4820666101763496,1.006695761783929,1.8094942628351327,0.7558723220115708
5340,0.8906830716359666,0.6540183667265753,1.8274089082169338,0.7558723220113793
5341,2.494613345879133,1.0160786948749707,1.8274089082169338,0.7558723220113792
5342,0.8756924791005454,0.6628970759317776,1.8456086767740874,0.7558723220111727
5343,2.5066597737558145,1.0248747303934607,1.8456086767740874,0.7558723220111724
5344,0.8606140029701407,0.672706459940065,1.864019625952197,0.7558723220109532
5345,2.518169315006409,1.0330670759920912,1.864019625952197,0.7558723220109528
5346,0.8454995780567686,0.6833713797326487,1.8825692067155895,0.7558723220107231
5347,2.5291074755347305,1.040640357601684,1.8825692067155895,0.7558723220107225
5348,0.8304040402351858,0.6948143734655706,1.9011865034326056,0.7558723220104837
5349,2.5394418759482784,1.0475805820293373,1.9011865034326056,0.7558723220104837
5350,0.8153851884918123,0.7069568622553934,1.9198024355770908,0.7558723220102375
5351,2.549142276588695,1.0538751040087906,1.9198024355770908,0.7558723220102376
5352,0.8005038172928373,0.7197201915771962,1.9383499248971097,0.755872322009986
5353,2.558180598274968,1.0595125973413044,1.9383499248971097,0.7558723220099864
5354,0.7858237083844063,0.7330265012117655,1.9567640317593509,0.7558723220097311
5355,2.566530939371258,1.0644830297992791,1.9567640317593509,0.7558723220097312
5356,0.7714115690986392,0.7467994276097822,1.9749820643147449,0.7558723220094735
5357,2.5741695897243435,1.0586617917257042,1.9749820643147449,0.7558723220094741
5358,0.7573369022295959,0.7609646503174321,1.9929436639787306,0.7558723220092157
5359,2.5810750419527513,1.0476581526859425,1.9929436639787306,0.7558723220092166
5360,0.7436717907712473,0.7754502989652697,2.0105908705052737,0.7558723220089584
5361,2.5872280005108577,1.0361417916281035,2.0105908705052737,0.7558723220089597
5362,0.7304905795693457,0.7901872397366878,2.0278681696798966,0.7558723220087032
5363,2.5926113888966107,1.0241382699232682,2.0278681696798966,0.7558723220087044
5364,0.7178694356174447,0.8051092607735212,2.044722526381834,0.755872322008451
5365,2.5972103553209696,1.0116749579352255,2.044722526381834,0.755872322008452
5366,0.7058857697935037,0.8201531752025728,2.061103405483376,0.7558723220082032
5367,2.6010122771104136,0.9987811075637207,2.061103405483376,0.7558723220082036
5368,0.6946175058060098,0.8352588588642998,2.076962782776125,0.7558723220079596
5369,2.604006764070705,0.9854879308207345,2.076962782776125,0.7558723220079602
5370,0.6841421874977524,0.850369237780716,2.0922551478470686,0.7558723220077224
5371,2.6061856610000373,0.9718286843457549,2.0922551478470686,0.7558723220077224
5372,0.6745359238174933,0.8654302381991168,2.106937500577218,0.7558723220074909
5373,2.6075430495023975,0.9578387595595064,2.106937500577218,0.7558723220074913
5374,0.6658721818247021,0.8803907098858802,2.120969342705219,0.7558723220072673
5375,2.6080752492169994,0.9435557778779772,2.120969342705219,0.7558723220072677
5376,0.6582204517240128,0.8952023313407148,2.1343126656895586,0.7558723220070511
5377,2.6077808185464226,0.9290196900428345,2.1343126656895586,0.7558723220070516
5378,0.651644823250823,0.9098195038207585,2.146931935916064,0.7558723220068435
5379,2.6066605549342685,0.9142728781508097,2.146931935916064,0.7558723220068437
5380,0.6462025282303283,0.9241992395308319,2.158794078132068,0.7558723220066441
5381,2.604717494712094,0.8993602583616538,2.158794078132068,0.7558723220066448
5382,0.6419425177262913,0.9383010480499452,2.1698684578438168,0.7558723220064542
5383,2.601956912504703,0.8843293815086665,2.1698684578438168,0.7558723220064548
5384,0.6389041514830323,0.9520868240081519,2.180126863288092,0.7558723220062735
5385,2.598386320151983,0.8692305279048178,2.180126863288092,0.7558723220062739
5386,0.6371160800570748,0.9655207381772156,2.1895434874810187,0.7558723220061024
5387,2.5940154650739164,0.8541167915111785,2.1895434874810187,0.7558723220061027
5388,0.636595394501123,0.9785691334652304,2.1980949107549197,0.7558723220059408
5389,2.5888563279726324,0.8390441472999571,2.1980949107549197,0.7558723220059409
5390,0.6373471042428839,0.9912004267813418,2.2057600841161866,0.7558723220057888
5391,2.582923119730954,0.8240714941021019,2.2057600841161866,0.7558723220057891
5392,0.6393639819270449,1.0033850173359338,2.2125203136917015,0.7558723220056466
5393,2.5762322773302926,0.8092606635006478,2.2125203136917015,0.7558723220056474
5394,0.6426267869615376,1.0150952016408306,2.2183592464768864,0.7558723220055146
5395,2.568802458571543,0.7946763834691536,2.2183592464768864,0.7558723220055146
5396,0.6471048508837712,1.0263050952531638,2.2232628575533693,0.7558723220053918
5397,2.560654535340384,0.7803861835579011,2.2232628575533693,0.7558723220053919
5398,0.652756981330011,1.0369905611487042,2.227219438907234,0.7558723220052785
5399,2.551811585112731,0.7664602266561603,2.227219438907234,0.7558723220052787
5400,0.6595326207614469,1.047129144501706,2.2302195899484936,0.7558723220051747
5401,2.542298880346619,0.7529710509363617,2.2302195899484936,0.755872322005175
5402,0.6673731834276057,1.056700013577384,2.2322562098077774,0.7558723220050801
5403,2.5321438753534027,0.7399932048264228,2.2322562098077774,0.7558723220050801
5404,0.6762134900832699,1.0656839064009087,2.233324491465947,0.7558723220049942
5405,2.521376190183529,0.7276027581511,2.233324491465947,0.755872322004995
5406,0.6859832240142864,1.074063082846145,2.2334219177557433,0.7558723220049175
5407,2.5100275910004024,0.7158766743856426,2.2334219177557433,0.755872322004918
5408,0.6966083421776095,1.0818212817826016,2.232548259260407,0.7558723220048496
5409,2.4981319663501007,0.7048920327471296,2.232548259260407,0.7558723220048498
5410,0.7080123893753573,1.0889436829258545,2.230705574121904,0.7558723220047895
5411,2.485725298665312,0.6947250950249274,2.230705574121904,0.7558723220047898
5412,0.7201176789919778,1.0954168730517324,2.227898209759872,0.7558723220047373
5413,2.4728456302694415,0.6854502208680723,2.227898209759872,0.7558723220047376
5414,0.732846318934919,1.1012288162552535,2.224132806491032,0.7558723220046928
5415,2.45953302307244,0.677138646646326,2.224132806491032,0.7558723220046931
5416,0.7461210746300678,1.1063688279598092,2.219418303026695,0.7558723220046554
5417,2.44582951107471,0.6698571564821244,2.219418303026695,0.7558723220046558
5418,0.7598660714614179,1.1108275524089772,2.213765943812283,0.7558723220046252
5419,2.4317790447213645,0.6636666885656481,2.213765943812283,0.7558723220046256
5420,0.774007346682788,1.1145969434016865,2.207189288156733,0.7558723220046012
5421,2.4174274260783384,0.6586209338072333,2.207189288156733,0.7558723220046012
5422,0.7884732657379886,1.1176702480604321,2.1997042210801925,0.7558723220045833
5423,2.402822233737228,0.6547649952061314,2.1997042210801925,0.7558723220045832
5424,0.8031948205130178,1.1200419934515127,2.1913289657847157,0.7558723220045717
5425,2.3880127363007766,0.6521341828297481,2.1913289657847157,0.7558723220045717
5426,0.8181058278201018,1.1217079759054291,2.1820840976235867,0.7558723220045653
5427,2.3730497932596473,0.6507530190932932,2.1820840976235867,0.7558723220045646
5428,0.833143045892088,1.1226652529145462,2.1719925594093015,0.7558723220045639
5429,2.357985742048341,0.6506345209693901,2.1719925594093015,0.7558723220045632
5430,0.8482462253028389,1.1229121375137807,2.1610796778568995,0.7558723220045673
5431,2.34287427006925,0.651779809888789,2.1610796778568995,0.7558723220045662
5432,0.8633581088948301,1.1224481950784544,2.1493731809068333,0.7558723220045748
5433,2.32777027050472,0.6541780778363497,2.1493731809068333,0.7558723220045739
5434,0.8784243932670299,1.1212742425016067,2.1369032156085144,0.7558723220045859
5435,2.3127296808041455,0.6578069121496865,2.1369032156085144,0.7558723220045853
5436,0.8933936623480194,1.1193923497410483,2.123702366170359,0.7558723220046011
5437,2.29780930284301,0.6626329551971152,2.123702366170359,0.7558723220046006
5438,0.9082173016747289,1.1168058437544148,2.1098056716930724,0.7558723220046195
5439,2.2830666039099543,0.6686128519214496,2.1098056716930724,0.7558723220046192
5440,0.9228494002858015,1.1135193148685072,2.0952506429982125,0.755872322004641
5441,2.268559497892473,0.6756944210220277,2.0952506429982125,0.7558723220046406
5442,0.9372466456511421,1.1095386256574118,2.0800772778421526,0.7558723220046647
5443,2.2543461063067625,0.6838179759802197,2.0800772778421526,0.7558723220046645
5444,0.9513682158002054,1.1048709224323683,2.0643280736647163,0.7558723220046908
5445,2.2404844991561896,0.6852522673758257,2.0643280736647163,0.7558723220046908
5446,0.9651756717692094,1.0995246494750879,2.048048036860655,0.7558723220047192
5447,2.227032416007248,0.672076892150228,2.048048036860655,0.7558723220047188
5448,0.9786328526408696,1.0935095661752803,2.0312846873796038,0.7558723220047491
5449,2.2140469681403903,0.6594703044734812,2.0312846873796038,0.7558723220047489
5450,0.9917057747745637,1.0868367672623598,2.014088057255734,0.7558723220047807
5451,2.2015843231608536,0.6475131465052412,2.014088057255734,0.7558723220047802
5452,1.0043625362944346,1.079518706350519,1.996510681442232,0.7558723220048129
5453,2.1896993740326662,0.6362869580160964,1.996510681442232,0.7558723220048127
5454,1.016573227493501,1.0715692230452114,1.9786075790793383,0.7558723220048468
5455,2.178445395113974,0.6258731952837018,1.9786075790793383,0.7558723220048463
5456,1.0283098475013108,1.0630035738870587,1.960436223060872,0.7558723220048805
5457,2.167873688405494,0.6163520472350212,1.960436223060872,0.7558723220048806
5458,1.039546227331884,1.0538384674354755,1.9420564954875974,0.7558723220049153
5459,2.1580332238535,0.6078010582745902,1.9420564954875974,0.755872322004915
5460,1.0502579592612662,1.0440921038178337,1.9235306263137342,0.7558723220049501
5461,2.1489702781474467,0.6002935853095019,1.9235306263137342,0.75587232200495
5462,1.0604223323663549,1.0337842190891648,1.9049231122153556,0.755872322004985
5463,2.1407280769900923,0.593897137329836,1.9049231122153556,0.7558723220049852
5464,1.0700182739776596,1.0229361347602248,1.8863006124499648,0.7558723220050201
5465,2.133346446263098,0.5886716673668773,1.8863006124499648,0.7558723220050199
5466,1.0790262967492243,1.011570812855404,1.867731818252619,0.7558723220050547
5467,2.1268614778320507,0.5846679056302356,1.867731818252619,0.7558723220050547
5468,1.0874284510219958,0.9997129168528691,1.8492872921473535,0.755872322005089
5469,2.121305215902454,0.5819258354670441,1.8492872921473535,0.7558723220050882
5470,1.0952082821466962,0.9873888788327381,1.831039273469484,0.7558723220051227
5471,2.116705369828094,0.5804734170005504,1.831039273469484,0.7558723220051223
5472,1.102350792434384,0.9746269731089273,1.8130614464249644,0.7558723220051555
5473,2.113085059067972,0.580325654476342,1.8130614464249644,0.7558723220051552
5474,1.1088424074139451,0.9614573965388995,1.7954286671911395,0.7558723220051873
5475,2.1104625955796497,0.5814840819948089,1.7954286671911395,0.7558723220051874
5476,1.1146709460930688,0.9479123555831005,1.7782166469247818,0.7558723220052188
5477,2.1088513083279974,0.5839367103843849,1.7782166469247818,0.7558723220052187
5478,1.119825594940965,0.9340261600103764,1.7615015881239837,0.7558723220052492
5479,2.108259413793302,0.587658439695136,1.7615015881239837,0.7558723220052492
5480,1.1242968853355886,0.9198353229022955,1.7453597726228354,0.7558723220052781
5481,2.1086899354071345,0.5926119028400497,1.7453597726228354,0.7558723220052784
5482,1.12807667424448,0.9053786662802185,1.7298671006071262,0.7558723220053063
5483,2.110140673764443,0.5987486721134332,1.7298671006071262,0.7558723220053066
5484,1.1311581279356837,0.890697431243175,1.7150985814388757,0.7558723220053328
5485,2.1126042283004756,0.6060107363176237,1.7150985814388757,0.7558723220053335
5486,1.1335357085430626,0.8758353909378668,1.7011277787631012,0.7558723220053586
5487,2.1160680699311536,0.6143321445297234,1.7011277787631012,0.7558723220053591
5488,1.1352051633383533,0.8608389639576816,1.6880262143148683,0.755872322005383
5489,2.1205146629874876,0.6236407131867058,1.6880262143148683,0.7558723220053836
5490,1.1361635165902717,0.8457573248571443,1.6758627369937902,0.7558723220054064
5491,2.125921633678944,0.6338597041156226,1.6758627369937902,0.7558723220054069
5492,1.1364090639187951,0.8306425073443041,1.6647028660415315,0.7558723220054281
5493,2.1322619813428303,0.6449093990545887,1.6647028660415315,0.7558723220054292
5494,1.1359413690803766,0.8155494943531612,1.6546081194294557,0.7558723220054484
5495,2.139504327914395,0.6567085174117642,1.6546081194294557,0.7558723220054494
5496,1.1347612631473183,0.8005362875885788,1.6456353406944042,0.7558723220054676
5497,2.1476132004128257,0.669175445222442,1.6456353406944042,0.7558723220054686
5498,1.1328708460718977,0.7856639472829017,1.637836039286971,0.7558723220054855
5499,2.156549340797874,0.6822292620982622,1.637836039286971,0.7558723220054865
5500,1.1302734906531646,0.7709965908421507,1.6312557608468794,0.7558723220055024
5501,2.1662700373147916,0.6957905680465204,1.6312557608468794,0.7558723220055032
5502,1.1269738489517354,0.7566013368698512,1.6259335045311423,0.7558723220055176
5503,2.176729471405293,0.7097821229123945,1.6259335045311423,0.7558723220055183
5504,1.12297786122541,0.7425481788793158,1.6219012044567758,0.7558723220055313
5505,2.1878790744032335,0.7241293180754257,1.6219012044567758,0.7558723220055323
5506,1.11829276748613,0.7289097710610484,1.6191832913914606,0.7558723220055443
5507,2.199667888532306,0.7387605035284366,1.6191832913914606,0.7558723220055451
5508,1.1129271218066712,0.7157611070766532,1.6177963490059974,0.7558723220055558
5509,2.2120429271506246,0.7536071943648215,1.6177963490059974,0.7558723220055564
5510,1.1068908095334518,0.703179072422773,1.6177488763383956,0.755872322005566
5511,2.2249495297123305,0.7686041797818749,1.6177488763383956,0.7558723220055666
5512,1.100195067589852,0.6912418519605847,1.6190411647339542,0.7558723220055752
5513,2.2383317075074856,0.7836895556578535,1.6190411647339542,0.7558723220055755
5514,1.092852508082174,0.6800281773083876,1.6216652936108336,0.7558723220055831
5515,2.252132476868109,0.7988046991209224,1.6216652936108336,0.7558723220055836
5516,1.0848771454474824,0.6696164045011235,1.6256052452016159,0.7558723220055901
5517,2.266294177162888,0.8138942006937986,1.6256052452016159,0.7558723220055906
5518,1.0762844274084256,0.6600834210513871,1.6308371342124,0.7558723220055958
5519,2.2807587715223043,0.8289057668323969,1.6308371342124,0.7558723220055965
5520,1.0670912700239183,0.651503393428332,1.637329544397492,0.755872322005601
5521,2.295468128820842,0.8437901031386302,1.637329544397492,0.7558723220056014
5522,1.0573160971450564,0.6439463806566909,1.6450439606176963,0.7558723220056052
5523,2.3103642859793228,0.8585007862970997,1.6450439606176963,0.7558723220056054
5524,1.0469788846012615,0.637476856248227,1.6539352822302211,0.7558723220056086
5525,2.3253896901286986,0.8729941308894006,1.6539352822302211,0.7558723220056086
5526,1.0361012094502284,0.6321521973258463,1.6639524017764364,0.7558723220056107
5527,2.340487420591334,0.8872290556705567,1.6639524017764364,0.7558723220056109
5528,1.0247063046239353,0.6280212142745083,1.6750388319423009,0.7558723220056124
5529,2.3556013909850555,0.9011669526223614,1.6750388319423009,0.7558723220056126
5530,1.0128191192880853,0.625122803903533,1.6871333636434616,0.7558723220056133
5531,2.3706765320400938,0.9147715610914466,1.6871333636434616,0.7558723220056134
5532,1.0004663851990556,0.6234848114376542,1.7001707387472447,0.7558723220056133
5533,2.385658955942772,0.928008848536054,1.7001707387472447,0.7558723220056139
5534,0.9876766892846455,0.6231231799446257,1.7140823222539154,0.7558723220056125
5535,2.4004961031873546,0.940846898806576,1.7140823222539154,0.7558723220056136
5536,0.9744805525849285,0.6240414496745078,1.7287967605578758,0.7558723220056116
5537,2.415136873034674,0.9532558084360123,1.7287967605578758,0.7558723220056124
5538,0.9609105155576597,0.626230645526194,1.7442406145243403,0.7558723220056102
5539,2.42953173874965,0.9652075910873064,1.7442406145243403,0.7558723220056107
5540,0.9470012295671046,0.6296695613753306,1.7603389583836515,0.7558723220056083
5541,2.4436328488259633,0.9766760900693581,1.7603389583836515,0.7558723220056085
5542,0.932789554121414,0.6343254192976999,1.7770159377182007,0.7558723220056056
5543,2.4573941154115917,0.9876368986711872,1.7770159377182007,0.7558723220056063
5544,0.9183146590845225,0.6401548540692971,1.7941952819776428,0.7558723220056028
5545,2.470771291129518,0.9980672879570683,1.7941952819776428,0.7558723220056032
5546,0.9036181306439122,0.6471051523321408,1.811800768919364,0.7558723220055997
5547,2.4837220354492384,1.0079461416007367,1.811800768919364,0.7558723220056
5548,0.8887440792426241,0.6551156637258608,1.8297566400762841,0.7558723220055964
5549,2.496205971711612,1.017253897303211,1.8297566400762841,0.7558723220055965
5550,0.8737392469577351,0.6641192986478534,1.8479879677742723,0.7558723220055922
5551,2.508184735846244,1.025972494327964,1.8479879677742723,0.7558723220055923
5552,0.8586531109025064,0.6740440330939953,1.86642097535105,0.7558723220055883
5553,2.5196220177506,1.0340853266926509,1.86642097535105,0.7558723220055883
5554,0.8435379781214815,0.684814353110554,1.884983313079707,0.7558723220055837
5555,2.5304835962262935,1.0415772015734617,1.884983313079707,0.7558723220055842
5556,0.8284490661183203,0.6963525871229502,1.903604292897441,0.7558723220055793
5557,2.540737368292885,1.0484343025027363,1.903604292897441,0.7558723220055796
5558,0.8134445615974575,0.7085800912464796,1.9222150854160451,0.7558723220055746
5559,2.5503533736248705,1.0546441569699714,1.9222150854160451,0.7558723220055753
5560,0.7985856482242756,0.7214182685657892,1.9407488828806183,0.7558723220055703
5561,2.55930381478475,1.060195608068872,1.9407488828806183,0.7558723220055708
5562,0.7839364922557447,0.73478941691566,1.9591410317828701,0.7558723220055654
5563,2.567563073855136,1.0650787898671141,1.9591410317828701,0.7558723220055659
5564,0.7695641728491261,0.7486174102167954,1.9773291387592469,0.7558723220055605
5565,2.575107726006531,1.0572633794795687,1.9773291387592469,0.7558723220055612
5566,0.7555385418640961,0.7628282257979239,1.9952531532424593,0.755872322005556
5567,2.5819165504749564,1.0461918098127068,1.9952531532424593,0.7558723220055565
5568,0.7419319962520157,0.7773503346456865,2.012855430114389,0.7558723220055512
5569,2.5879705393654,1.0346107361206442,2.012855430114389,0.7558723220055517
5570,0.7288191449813896,0.7921149736623685,2.030080775350762,0.7558723220055469
5571,2.593252904642945,1.0225459506885093,2.030080775350762,0.7558723220055469
5572,0.716276352279023,0.8070563193516032,2.0468764773712467,0.7558723220055421
5573,2.597749083623389,1.0100250638699695,2.0468764773712467,0.7558723220055427
5574,0.7043811402502755,0.8221115814453708,2.0631923265264778,0.7558723220055376
5575,2.601446743228928,0.9970775774130864,2.0631923265264778,0.7558723220055379
5576,0.6932114371998568,0.8372210333060899,2.0789806248763494,0.7558723220055332
5577,2.604335783231708,0.9837349638165309,2.0789806248763494,0.7558723220055336
5578,0.6828446636978865,0.8523279938591015,2.0941961881489624,0.7558723220055291
5579,2.6064083386683854,0.9700307515988055,2.0941961881489624,0.7558723220055292
5580,0.6733566569747841,0.8673787736061143,2.108796341521916,0.7558723220055245
5581,2.607658781571886,0.9560006161482532,2.108796341521916,0.7558723220055252
5582,0.6648204456466119,0.8823225951229754,2.1227409106400232,0.7558723220055206
5583,2.6080837221317856,0.9416824755335924,2.1227409106400232,0.7558723220055208
5584,0.6573049006869124,0.8971114964675199,2.135992209077557,0.7558723220055165
5585,2.6076820093617803,0.9271165902761325,2.135992209077557,0.7558723220055171
5586,0.6508733040077961,0.9117002241737321,2.148515023269086,0.7558723220055126
5587,2.60645473132097,0.9123456655957903,2.148515023269086,0.7558723220055131
5588,0.6455818913940771,0.9260461210078713,2.1602765957703327,0.7558723220055094
5589,2.604405214904745,0.8974149540215446,2.1602765957703327,0.7558723220055096
5590,0.6414784397073481,0.9401090124070653,2.171246607568275,0.7558723220055057
5591,2.601539025190345,0.8823723554798659,2.171246607568275,0.7558723220055062
5592,0.6386009768290487,0.9538510944930464,2.1813971600364894,0.7558723220055025
5593,2.5978639642912515,0.8672685110193507,2.1813971600364894,0.755872322005503
5594,0.6369766945086499,0.9672368257276867,2.1907027570258975,0.7558723220054994
5595,2.593390069642856,0.8521568851769752,2.1907027570258975,0.7558723220054998
5596,0.6366211376180597,0.9802328236246142,2.1991402874908865,0.7558723220054966
5597,2.5881296116089114,0.837093830629625,2.1991402874908865,0.7558723220054967
5598,0.6375377280082611,0.9928077674245999,2.2066890089746205,0.7558723220054934
5599,2.5820970902636105,0.8221386272062218,2.2066890089746205,0.7558723220054937
5600,0.6397176584518173,1.004932307255852,2.2133305322134227,0.7558723220054911
5601,2.575309231167193,0.8073534855859071,2.2133305322134227,0.7558723220054915
5602,0.6431401647042703,1.0165789800109697,2.2190488070669447,0.7558723220054886
5603,2.5677849799134513,0.792803504134719,2.2190488070669447,0.7558723220054888
5604,0.6477731551721262,1.0277221319604837,2.2238301099369004,0.7558723220054864
5605,2.5595454951848136,0.7785565654421064,2.2238301099369004,0.7558723220054868
5606,0.65357415190921,1.038337847972156,2.227663032801008,0.7558723220054842
5607,2.550614140004525,0.7646831573753025,2.227663032801008,0.7558723220054845
5608,0.6604914769691903,1.048403887101966,2.230538473959326,0.7558723220054823
5609,2.541016470825541,0.7512561021138146,2.230538473959326,0.7558723220054825
5610,0.6684656065900768,1.0578996242559604,2.2324496305660797,0.7558723220054807
5611,2.53078022404175,0.7383501759798222,2.2324496305660797,0.7558723220054807
5612,0.6774306128285293,1.0668059975830944,2.233391993000377,0.7558723220054793
5613,2.519935299448999,0.7260416033440467,2.233391993000377,0.755872322005479
5614,0.687315617225802,1.0751054612408775,2.2333633411129354,0.755872322005478
5615,2.5085137401211584,0.7144074099196817,2.2333633411129354,0.7558723220054777
5616,0.6980461919766325,1.082781943172594,2.2323637423721054,0.7558723220054768
5617,2.4965497081001358,0.7035246248287457,2.2323637423721054,0.7558723220054767
5618,0.7095456585098683,1.0898208075429174,2.2303955519202687,0.7558723220054756
5619,2.4840794552289767,0.6934693273351029,2.2303955519202687,0.7558723220054755
5620,0.7217362490356235,1.09620882149461,2.2274634145402845,0.755872322005474
5621,2.4711412883844472,0.6843155433013363,2.2274634145402845,0.7558723220054743
5622,0.734540111543926,1.1019341259103068,2.223574268520208,0.7558723220054735
5623,2.457775528290875,0.6761340081349174,2.223574268520208,0.7558723220054734
5624,0.7478801516345589,1.1069862098882473,2.2187373513922295,0.7558723220054726
5625,2.4440244610219075,0.6689908266752791,2.2187373513922295,0.7558723220054728
5626,0.7616807147224002,1.1113558886679666,2.2129642075078393,0.7558723220054723
5627,2.429932281223019,0.6629460750159999,2.2129642075078393,0.755872322005472
5628,0.7758681194303934,1.1150352847703873,2.206268697394755,0.7558723220054722
5629,2.4155450260174702,0.6580524029807733,2.206268697394755,0.7558723220054719
5630,0.7903710575631029,1.1180178121458173,2.1986670088212183,0.7558723220054714
5631,2.4009104984948393,0.6543537067949152,2.1986670088212183,0.7558723220054716
5632,0.8051208783762509,1.1202981631526152,2.1901776694689183,0.7558723220054715
5633,2.3860781796278068,0.6518839472334111,2.1901776694689183,0.7558723220054712
5634,0.820051775437207,1.1218722982184333,2.1808215610859394,0.7558723220054712
5635,2.371099127423739,0.65066618734504,2.1808215610859394,0.7558723220054713
5636,0.8351008937167905,1.12273743806488,2.170621934954609,0.7558723220054715
5637,2.356025862097593,0.6507119147469925,2.170621934954609,0.755872322005471
5638,0.8502083731097541,1.122892058405064,2.1596044284646605,0.7558723220054713
5639,2.340912236057331,0.6520206966775605,2.1596044284646605,0.7558723220054712
5640,0.8653173427079323,1.1223358870518247,2.1477970825283657,0.7558723220054715
5641,2.3258132875282485,0.6545801930804683,2.1477970825283657,0.7558723220054714
5642,0.8803738781126482,1.1210699034025808,2.1352303595096944,0.7558723220054717
5643,2.3107850767149554,0.6583665267531108,2.1352303595096944,0.7558723220054715
5644,0.89532693205519,1.1190963402947083,2.121937161262606,0.7558723220054717
5645,2.295884503515643,0.6633449834785761,2.121937161262606,0.7558723220054716
5646,0.9101282467117255,1.1164186882533425,2.1079528467825246,0.7558723220054723
5647,2.281169105969347,0.6694709925074906,2.1079528467825246,0.7558723220054718
5648,0.9247322544156382,1.1130417021815366,2.093315248868225,0.7558723220054726
5649,2.266696838838958,0.6766913214683213,2.093315248868225,0.7558723220054724
5650,0.939095972012655,1.1089714105709543,2.078064689067069,0.7558723220054732
5651,2.2525258320158437,0.6849454112611957,2.078064689067069,0.7558723220054729
5652,0.9531788928741706,1.104215127339768,2.0622439900331306,0.7558723220054735
5653,2.2387141287793324,0.6835128407736378,2.0622439900331306,0.7558723220054734
5654,0.9669428795685192,1.0987814664332354,2.04589848426391,0.7558723220054736
5655,2.225319404357191,0.6704067898987444,2.04589848426391,0.7558723220054738
5656,0.9803520593669859,1.092680359351484,2.029076017995982,0.7558723220054744
5657,2.2123986657097743,0.6578799134047663,2.029076017995982,0.7558723220054742
5658,0.9933727241059539,1.0859230757982807,2.0118269488326628,0.7558723220054748
5659,2.200007933995402,0.6460130182800401,2.0118269488326628,0.7558723220054749
5660,1.0059732354132156,1.078522247673746,1.9942041354479334,0.7558723220054753
5661,2.1882019117582154,0.634887693182063,1.9942041354479334,0.7558723220054759
5662,1.018123935911063,1.0704918966627506,1.976262917462039,0.7558723220054758
5663,2.1770336374982917,0.624585301024088,1.976262917462039,0.7558723220054763
5664,1.0297970667096077,1.061847465698532,1.958061083318358,0.7558723220054766
5665,2.1665541309182976,0.6151857691447585,1.958061083318358,0.7558723220054767
5666,1.0409666912820894,1.05260585460707,1.93965882371344,0.7558723220054772
5667,2.156812032768157,0.6067661886393602,1.93965882371344,0.7558723220054778
5668,1.0516086256536605,1.0427854602608069,1.9211186678499668,0.7558723220054778
5669,2.1478532438017495,0.5993992529481981,1.9211186678499668,0.7558723220054783
5670,1.0617003747230997,1.032406221588789,1.9025053995063594,0.7558723220054785
5671,2.1397205678871702,0.5931515868694891,1.9025053995063594,0.7558723220054788
5672,1.071221074462178,1.0214896698021168,1.883885949660829,0.7558723220054796
5673,2.132453364742876,0.588082038497391,1.883885949660829,0.7558723220054792
5674,1.0801514396912981,1.0100589841958094,1.8653292621898667,0.7558723220054803
5675,2.126087218074635,0.5842400249791859,1.8653292621898667,0.7558723220054803
5676,1.0884737171055001,0.998139053877127,1.846906129003815,0.7558723220054809
5677,2.1206536250340147,0.581664034761818,1.846906129003815,0.7558723220054805
5678,1.0961716432165682,0.9857565457411122,1.8286889909119466,0.7558723220054816
5679,2.116179712884452,0.5803803907517926,1.8286889909119466,0.7558723220054812
5680,1.1032304068804144,0.972939978960383,1.8107517005572837,0.755872322005482
5681,2.1126879885296312,0.5804023683362078,1.8107517005572837,0.7558723220054817
5682,1.1096366160909108,0.9597198061700531,1.7931692439612839,0.7558723220054825
5683,2.1101961261241176,0.5817297393277229,1.7931692439612839,0.7558723220054826
5684,1.1153782687393488,0.9461285014000755,1.7760174176065446,0.755872322005483
5685,2.108716797352141,0.5843487798676451,1.7760174176065446,0.755872322005483
5686,1.1204447270608113,0.9322006546238958,1.759372458597288,0.7558723220054833
5687,2.108257548142831,0.5882327416206637,1.759372458597288,0.7558723220054836
5688,1.1248266955135735,0.9179730725388765,1.7433106263044778,0.7558723220054839
5689,2.1088207246162978,0.5933427469948828,1.7433106263044778,0.7558723220054839
5690,1.128516201864139,0.9034848848522912,1.7279077350489604,0.7558723220054843
5691,2.1104034499619746,0.5996290363710258,1.7279077350489604,0.7558723220054845
5692,1.1315065812779714,0.8887776548953182,1.7132386388133958,0.7558723220054848
5693,2.112997652783961,0.6070324728338194,1.7132386388133958,0.7558723220054852
5694,1.1337924632438754,0.8738954928018383,1.6993766706950266,0.7558723220054852
5695,2.116590146258053,0.6154861998494251,1.6993766706950266,0.7558723220054856
5696,1.1353697611880054,0.8588851687418456,1.6863930417862356,0.7558723220054855
5697,2.121162756283714,0.6249173494685673,1.6863930417862356,0.7558723220054863
5698,1.1362356646614324,0.843796222762634,1.6743562063399051,0.7558723220054862
5699,2.126692495731426,0.6352487106929128,1.6743562063399051,0.7558723220054866
5700,1.1363886340129943,0.828681066637437,1.6633312023526174,0.7558723220054866
5701,2.1331517809262945,0.6464002861932463,1.6633312023526174,0.7558723220054869
5702,1.1358283974867531,0.8135950717288818,1.6533789789606719,0.7558723220054869
5703,2.1405086857087876,0.658290686940158,1.6533789789606719,0.7558723220054869
5704,1.1345559507108518,0.798596635232515,1.6445557241448017,0.7558723220054873
5705,2.1487272277991942,0.6708383353254993,1.6445557241448017,0.7558723220054874
5706,1.1325735585718988,0.7837472152826325,1.6369122080137213,0.7558723220054876
5707,2.1577676817782905,0.6839624657562123,1.6369122080137213,0.7558723220054878
5708,1.1298847594963641,0.7691113233189993,1.6304931582127462,0.755872322005488
5709,2.1675869127858567,0.6975839262487165,1.6304931582127462,0.7558723220054883
5710,1.1264943721878644,0.7547564599153872,1.6253366846210828,0.7558723220054883
5711,2.1781387250232447,0.7116257948849709,1.6253366846210828,0.7558723220054886
5712,1.1224085048967494,0.7407529781095301,1.6214737703291238,0.7558723220054887
5713,2.1893742193091352,0.7260138313905891,1.6214737703291238,0.7558723220054887
5714,1.1176345673261205,0.7271738563811926,1.6189278448430748,0.755872322005489
5715,2.2012421542546297,0.7406767872092803,1.6189278448430748,0.7558723220054888
5716,1.1121812853062922,0.7140943621295076,1.617714453530804,0.7558723220054893
5717,2.213689306065899,0.7555465980671126,1.617714453530804,0.7558723220054893
5718,1.1060587183977324,0.7015915862343093,1.617841034556629,0.7558723220054894
5719,2.2266608225181943,0.7705584819190716,1.617841034556629,0.7558723220054895
5720,1.0992782806104817,0.6897438305714784,1.6193068110863897,0.7558723220054896
5721,2.2401005672424237,0.785650963016478,1.6193068110863897,0.7558723220054895
5722,1.0918527644557585,0.6786298337625509,1.6221028025776847,0.7558723220054897
5723,2.2539514510946232,0.8007658401497245,1.6221028025776847,0.7558723220054896
5724,1.0837963685724257,0.668327826518469,1.6262119547540526,0.75587232200549
5725,2.2681557480125396,0.8158481142830034,1.6262119547540526,0.75587232200549
5726,1.0751247291966501,0.6589144170781932,1.6316093836721552,0.7558723220054903
5727,2.282655393379276,0.8308458880546798,1.6316093836721552,0.7558723220054903
5728,1.0658549557665022,0.650463319520375,1.6382627254010327,0.75587232200549
5729,2.2973922634932706,0.8457102471155699,1.6382627254010327,0.7558723220054904
5730,1.0560056709732177,0.6430439527190359,1.6461325794848318,0.7558723220054904
5731,2.3123084352731773,0.860395131089777,1.6461325794848318,0.7558723220054909
5732,1.0455970555856788,0.6367199543523226,1.6551730317435718,0.7558723220054903
5733,2.3273464257964602,0.8748572000901192,1.6551730317435718,0.7558723220054905
5734,1.0346508983821452,0.6315476708807036,1.6653322401989672,0.7558723220054903
5735,2.3424494116767702,0.8890557011916522,1.6653322401989672,0.7558723220054907
5736,1.0231906515204228,0.6275746984107864,1.676553067036385,0.7558723220054906
5737,2.35756142862594,0.9029523380333797,1.676553067036385,0.7558723220054905
5738,1.0112414916606676,0.6248385581924263,1.688773739498835,0.7558723220054905
5739,2.3726275518231184,0.9165111457424534,1.688773739498835,0.7558723220054907
5740,0.9988303871189326,0.6233655917298087,1.7019285233618053,0.7558723220054905
5741,2.3875940579297055,0.9296983726174552,1.7019285233618053,0.7558723220054907
5742,0.9859861712680755,0.6231701525422572,1.715948394020797,0.7558723220054905
5743,2.4024085697494177,0.9424823694297728,1.715948394020797,0.7558723220054907
5744,0.9727396223078068,0.6242541543129883,1.7307616920724682,0.7558723220054906
5745,2.4170201846439823,0.9548334867703203,1.7307616920724682,0.7558723220054908
5746,0.9591235493875582,0.6266070100324298,1.7462947524139036,0.7558723220054905
5747,2.431379587883211,0.966723980553232,1.7462947524139036,0.7558723220054907
5748,0.9451728848722918,0.6302059668622606,1.762472498159619,0.7558723220054901
5749,2.445439152140058,0.9781279255635402,1.762472498159619,0.7558723220054907
5750,0.9309247822775737,0.6350168109059153,1.7792189929402258,0.7558723220054903
5751,2.459153024343103,0.9890211367816549,1.7792189929402258,0.7558723220054908
5752,0.9164187190485994,0.6409948891023252,1.7964579472857776,0.75587232200549
5753,2.4724772010767375,0.9993810981169472,1.7964579472857776,0.7558723220054909
5754,0.9016966028978984,0.648086375531169,1.8141131767274083,0.7558723220054903
5755,2.4853695936785214,1.0091868981226273,1.8141131767274083,0.755872322005491
5756,0.886802879825052,0.6562296985611598,1.8321090109201015,0.7558723220054898
5757,2.4977900841285057,1.0184191722339273,1.8321090109201015,0.7558723220054905
5758,0.8717846411938127,0.665357043816576,1.8503706544717868,0.7558723220054899
5759,2.5097005727609476,1.0270600510632233,1.8503706544717868,0.7558723220054908
5760,0.8566917263119549,0.675395854680334,1.8688245012564342,0.75587232200549
5761,2.5210650187581987,1.0350931142929551,1.8688245012564342,0.7558723220054903
5762,0.8415768158233925,0.6862702647573142,1.887398404805513,0.75587232200549
5763,2.531849474312486,1.0425033497252159,1.887398404805513,0.7558723220054903
5764,0.8264955098629607,0.6979024127369039,1.9060219079390024,0.7558723220054897
5765,2.542022113266192,1.0492771170722566,1.9060219079390024,0.75587232200549
5766,0.8115063833361498,0.7102136069117919,1.9246264351468545,0.7558723220054894
5767,2.551553254966703,1.0554021161021212,1.9246264351468545,0.75587232200549
5768,0.7966710088836735,0.723125322251095,1.9431454514002962,0.7558723220054893
5769,2.5604153839994854,1.0608673587864126,1.9431454514002962,0.7558723220054903
5770,0.7820539361202481,0.7365600261042856,1.9615145910953151,0.7558723220054894
5771,2.568583166393528,1.0656631451313456,1.9615145910953151,0.7558723220054903
5772,0.7677226136898198,0.7504418387220029,1.979671760741803,0.7558723220054894
5773,2.576033462827421,1.055855976322304,1.979671760741803,0.7558723220054897
5774,0.7537472387082381,0.7646970417633491,1.9975572188411195,0.755872322005489
5775,2.5827453393024937,1.0447168809687255,1.9975572188411195,0.7558723220054896
5776,0.7402005164983995,0.7792544521307159,2.015113636168284,0.7558723220054892
5777,2.588700075691696,1.0330715290691639,2.015113636168284,0.7558723220054894
5778,0.7271573124803372,0.7940456803456521,2.032286139414027,0.7558723220054889
5779,2.5938811725193758,1.0209459449569602,2.032286139414027,0.7558723220054896
5780,0.7146941780694539,0.8090052928276077,2.049022340863771,0.7558723220054887
5781,2.5982743562775608,1.008367980210912,2.049022340863771,0.7558723220054893
5782,0.7028887339465606,0.8240708964055339,2.0652723565086255,0.755872322005489
5783,2.6018675835385547,0.9953673877644518,2.0652723565086255,0.7558723220054894
5784,0.6918188976153836,0.839183161642119,2.0809888147075175,0.7558723220054887
5785,2.604651044081362,0.9819759020399065,2.0809888147075175,0.7558723220054893
5786,0.6815619482366864,0.8542857994421984,2.0961268572566403,0.7558723220054887
5787,2.6066171632101276,0.968227324966173,2.0961268572566403,0.7558723220054892
5788,0.6721934306450132,0.8693255032109432,2.1106441344771967,0.7558723220054887
5789,2.6077606034061525,0.9541576175146809,2.1106441344771967,0.7558723220054892
5790,0.6637859122290093,0.884251866697223,2.1245007957075317,0.7558723220054887
5791,2.608078265420557,0.939804996089758,2.1245007957075317,0.7558723220054894
5792,0.6564076205374568,0.8990172857071866,2.1376594763826526,0.7558723220054885
5793,2.6075692888818582,0.925210032717766,2.1376594763826526,0.7558723220054894
5794,0.650121005014804,0.9135768501553352,2.150085282702879,0.7558723220054887
5795,2.6062350524611553,0.9104157574744257,2.150085282702879,0.7558723220054892
5796,0.6449812814946863,0.9278882314522543,2.161745774733482,0.7558723220054888
5797,2.6040791736067073,0.8954677609493873,2.161745774733482,0.7558723220054888
5798,0.6410350307908648,0.94191156900375,2.1726109486375007,0.7558723220054886
5799,2.6011075078289974,0.8804142937481156,2.1726109486375007,0.755872322005489
5800,0.6383189305036956,0.9556093585960401,2.1826532186230456,0.7558723220054886
5801,2.597328147486372,0.8653063590511829,2.1826532186230456,0.7558723220054889
5802,0.6368586998353322,0.9689463446397875,2.191847399082691,0.7558723220054885
5803,2.592751419989508,0.8501977930715522,2.191847399082691,0.7558723220054888
5804,0.6366683294054775,0.9818894176138351,2.2001706873143125,0.755872322005488
5805,2.587389885309823,0.8351453268613476,2.2001706873143125,0.7558723220054887
5806,0.6377496516903579,0.9944075175599077,2.207602647138194,0.7558723220054882
5807,2.581258332642014,0.8202086213257005,2.207602647138194,0.7558723220054887
5808,0.6400922842026383,1.0064715441068106,2.2141251936628437,0.755872322005488
5809,2.5743737760336556,0.8054502655312658,2.2141251936628437,0.7558723220054885
5810,0.6436739497184433,1.0180542732243856,2.2197225794000164,0.7558723220054879
5811,2.566755448754869,0.7909357265145466,2.2197225794000164,0.7558723220054884
5812,0.6484611494588296,1.0291302807044578,2.224381381886631,0.755872322005488
5813,2.5584247961379503,0.7767332369124351,2.224381381886631,0.755872322005488
5814,0.6544101399901688,1.03967587222211,2.2280904929360474,0.755872322005488
5815,2.5494054665702315,0.762913605029124,2.2280904929360474,0.7558723220054878
5816,0.6614681458848124,1.0496690197327032,2.2308411096124803,0.7558723220054882
5817,2.5397233002729958,0.7495499306698885,2.2308411096124803,0.7558723220054878
5818,0.6695747297614975,1.0590893038973452,2.2326267269988653,0.7558723220054882
5819,2.5294063154447675,0.7367172095457081,2.2326267269988653,0.7558723220054879
5820,0.6786632395582185,1.0679178621935268,2.2334431328092914,0.7558723220054883
5821,2.518484691288603,0.7244918096933898,2.2334431328092914,0.755872322005488
5822,0.6886622587463173,1.0761373423515674,2.2332884038812075,0.755872322005488
5823,2.506990747380215,0.7129508056275374,2.2332884038812075,0.7558723220054878
5824,0.6994969966827473,1.0837318607561515,2.2321629045690217,0.7558723220054884
5825,2.4949589187669936,0.7021711603090286,2.2321629045690217,0.7558723220054877
5826,0.7110905710180808,1.0906869654614393,2.2300692870486762,0.7558723220054882
5827,2.48242572611775,0.6922287518621997,2.2300692870486762,0.7558723220054877
5828,0.7233651497278177,1.096989603484957,2.227012493531395,0.755872322005488
5829,2.469429740169985,0.6831972514808172,2.227012493531395,0.7558723220054876
5830,0.7362429350613421,1.102628092067317,2.2229997603733005,0.755872322005488
5831,2.456011539646695,0.6751468709710933,2.2229997603733005,0.7558723220054875
5832,0.7496469842699468,1.1075920936100492,2.218040624055157,0.755872322005488
5833,2.4422136617396815,0.6681430122529407,2.218040624055157,0.7558723220054877
5834,0.7635018717637435,1.1118725940311984,2.2121469289922584,0.755872322005488
5835,2.428080544182822,0.662244865682482,2.2121469289922584,0.7558723220054874
5836,0.7777342042483365,1.1154618843068693,2.2053328371176373,0.7558723220054883
5837,2.4136584578693197,0.6575040175302149,2.2053328371176373,0.7558723220054878
5838,0.7922730046526258,1.1183535449960194,2.197614839161306,0.7558723220054879
5839,2.3989954289044557,0.6539631372332293,2.197614839161306,0.7558723220054875
5840,0.8070499827255845,1.1205424335750551,2.1890117675232483,0.7558723220054882
5841,2.3841411489335482,0.6516548199715763,2.1890117675232483,0.7558723220054878
5842,0.8219997105714549,1.1220246744379145,2.179544810607221,0.755872322005488
5843,2.3691468725478604,0.6506006579427123,2.179544810607221,0.7558723220054874
5844,0.8370597206124167,1.1227976514462052,2.169237528444949,0.7558723220054877
5845,2.3540653005540912,0.6508106035615914,2.169237528444949,0.7558723220054874
5846,0.852170541950678,1.1228600029425586,2.158115869394705,0.7558723220054879
5847,2.338950447901326,0.6522826700958377,2.158115869394705,0.7558723220054874
5848,0.8672756891941338,1.122211619168662,2.1462081876431833,0.7558723220054878
5849,2.323857495099022,0.6550029917219385,2.1462081876431833,0.7558723220054877
5850,0.8823216157660937,1.1208536420575388,2.133545261173484,0.7558723220054879
5851,2.3088426220371945,0.6589462385618051,2.133545261173484,0.7558723220054875
5852,0.8972576417141233,1.1187884673976245,2.1201603097833117,0.755872322005488
5853,2.2939628232420457,0.6640763564238175,2.1201603097833117,0.7558723220054876
5854,0.9120358641737426,1.1160197493941544,2.106089012644509,0.7558723220054878
5855,2.279275703773263,0.670347579101168,2.106089012644509,0.7558723220054875
5856,0.9266110569877842,1.112552407681459,2.091369524786046,0.7558723220054877
5857,2.2648392551989702,0.6777056457451568,2.091369524786046,0.7558723220054876
5858,0.9409405645544536,1.1083926368680226,2.0760424917558926,0.7558723220054879
5859,2.250711611375589,0.6860891483529158,2.0760424917558926,0.7558723220054877
5860,0.9549841937759563,1.1035479187246993,2.0601510615712395,0.7558723220054877
5861,2.236950784115768,0.6817818338085975,2.0601510615712395,0.7558723220054876
5862,0.9687041069902709,1.0980270371553134,2.0437408928999306,0.7558723220054878
5863,2.2236143792488416,0.6687464427030502,2.0437408928999306,0.7558723220054875
5864,0.9820647179688716,1.09184009611797,2.0268601582277963,0.7558723220054877
5865,2.2107592940627874,0.6563006398507409,2.0268601582277963,0.7558723220054875
5866,0.9950325924276775,1.084998540694644,2.009559540556465,0.7558723220054878
5867,2.19844139765849,0.6445253834741272,2.009559540556465,0.7558723220054878
5868,1.0075763540017604,1.077515181535776,1.9918922219446742,0.7558723220054877
5869,2.1867151963362383,0.633502294150917,1.9918922219446742,0.7558723220054878
5870,1.0196665962525884,1.069404222935295,1.9739138619548755,0.7558723220054879
5871,2.1756334867561335,0.6233126210328355,1.9739138619548755,0.7558723220054878
5872,1.0312758009884775,1.0606812948190971,1.9556825637992186,0.755872322005488
5873,2.1652470002490523,0.6140360062322582,1.9556825637992186,0.7558723220054878
5874,1.0423782629660407,1.0513634889557129,1.937258825700252,0.7558723220054883
5875,2.15560404227914,0.6057490611597497,1.937258825700252,0.7558723220054879
5876,1.0529500208871152,1.0414693997204376,1.9187054746996635,0.755872322005488
5877,2.146750131644641,0.5985237875373071,1.9187054746996635,0.755872322005488
5878,1.0629687944990178,1.0310191697619748,1.9000875798740848,0.755872322005488
5879,2.138727644520675,0.592425897069082,1.9000875798740848,0.755872322005488
5880,1.0724139275354183,1.0200345409313702,1.8814723416649095,0.7558723220054882
5881,2.131575468863427,0.5875131048996821,1.8814723416649095,0.7558723220054882
5882,1.0812663361921742,1.008538910833755,1.862928953817751,0.7558723220054885
5883,2.125328674979032,0.5838334897351453,1.862928953817751,0.7558723220054878
5884,1.089508462810333,0.9965573953502838,1.8445284342795332,0.7558723220054882
5885,2.1200182081839833,0.5814240241533015,1.8445284342795332,0.7558723220054877
5886,1.0971242344318868,0.9841168974455882,1.8263434213444867,0.7558723220054882
5887,2.1156706094244604,0.5803093788853022,1.8263434213444867,0.7558723220054877
5888,1.1040990258985939,0.9712461825186188,1.8084479314058777,0.755872322005488
5889,2.112307769464365,0.5805010927230724,1.8084479314058777,0.755872322005488
5890,1.110419627177088,0.9579759604636943,1.7909170748925693,0.7558723220054882
5891,2.1099467217907657,0.5819971753256217,1.7909170748925693,0.7558723220054878
5892,1.1160742146121128,0.9443389744736402,1.7738267273845896,0.7558723220054879
5893,2.1085994787264064,0.5847821761406063,1.7738267273845896,0.7558723220054879
5894,1.1210523258322758,0.9303700964253202,1.7572531535449845,0.7558723220054885
5895,2.1082729143993197,0.5888277136303588,1.7572531535449845,0.7558723220054879
5896,1.1253448380577902,0.9161064284240804,1.7412725824074415,0.755872322005488
5897,2.1089686972278847,0.5940934208428261,1.7412725824074415,0.7558723220054883
5898,1.1289439495863383,0.9015874097290113,1.72596073374317,0.7558723220054882
5899,2.1106832734744594,0.6005282317417941,1.72596073374317,0.7558723220054883
5900,1.131843164260718,0.8868549278135817,1.7113922967055621,0.755872322005488
5901,2.113407902248068,0.6080719117643014,1.7113922967055621,0.7558723220054879
5902,1.1340372787498654,0.8719534317111981,1.697640363707653,0.7558723220054883
5903,2.1171287411473667,0.6166567276693904,1.697640363707653,0.755872322005488
5904,1.1355223725028583,0.8569300450252497,1.6847758244915458,0.7558723220054882
5905,2.1218269805811523,0.6262091553279329,1.6847758244915458,0.7558723220054879
5906,1.136295800263461,0.8418346750198561,1.6728667275385165,0.7558723220054885
5907,2.127479023734465,0.6366515372115894,1.6728667275385165,0.755872322005488
5908,1.1363561870605188,0.8267201130241534,1.6619776182500954,0.7558723220054889
5909,2.134056708207655,0.6479036204590982,1.6619776182500954,0.7558723220054879
5910,1.1357034256171004,0.8116421199584924,1.6521688655802678,0.7558723220054887
5911,2.141527564578646,0.6598839278868041,1.6521688655802678,0.7558723220054882
5912,1.1343386761487357,0.7966594891165166,1.6434959908670719,0.7558723220054885
5913,2.1498551065497553,0.6725109350943455,1.6434959908670719,0.7558723220054879
5914,1.1322643685484262,0.7818340764249264,1.6360090143310853,0.7558723220054885
5915,2.1589991469527607,0.6857040447684735,1.6360090143310853,0.755872322005488
5916,1.129484206983459,0.767230786298218,1.6297518359075447,0.7558723220054883
5917,2.1689161337011194,0.6993843632915242,1.6297518359075447,0.7558723220054883
5918,1.1260031769564702,0.752917499002693,1.6247616676002246,0.7558723220054885
5919,2.1795594997870453,0.7134752945572052,1.6247616676002246,0.7558723220054883
5920,1.121827554910758,0.7389649233025107,1.6210685342632238,0.7558723220054885
5921,2.1908800216056266,0.7279029718275617,1.6210685342632238,0.7558723220054882
5922,1.1169649204875791,0.7254463563244175,1.6186948585568106,0.7558723220054886
5923,2.2028261802230893,0.7425965512095121,1.6186948585568106,0.7558723220054882
5924,1.1114241715710849,0.7124373313892978,1.6176551437771323,0.7558723220054887
5925,2.215344520662353,0.7574883906831754,1.6176551437771323,0.7558723220054878
5926,1.105215542284551,0.7000151344625278,1.617955765393495,0.7558723220054885
5927,2.228380004824395,0.7725141373417455,1.617955765393495,0.755872322005488
5928,1.0983506241295382,0.6882581714034807,1.6195948785830432,0.7558723220054889
5929,2.2418763542670908,0.7876127432536131,1.6195948785830432,0.7558723220054882
5930,1.0908423904872298,0.6772451719223116,1.6225624450388652,0.7558723220054887
5931,2.2557763796944195,0.8027264276350982,1.6225624450388652,0.7558723220054878
5932,1.0827052247280504,0.6670542226119546,1.626840378099035,0.7558723220054885
5933,2.2700222946416098,0.8178006001850587,1.626840378099035,0.7558723220054878
5934,1.0739549522010803,0.6577616309757394,1.6324028010782488,0.7558723220054884
5935,2.2845560114537773,0.8327837577145463,1.6324028010782488,0.7558723220054878
5936,1.0646088763978325,0.6494406350372821,1.6392164098513398,0.7558723220054882
5937,2.299319418229076,0.8476273637412436,1.6392164098513398,0.7558723220054878
5938,1.0546858196043725,0.6421599884010369,1.6472409274759074,0.7558723220054887
5939,2.3142546359194505,0.8622857185739353,1.6472409274759074,0.755872322005488
5940,1.0442061683697774,0.6359824673680134,1.6564296361295532,0.7558723220054882
5941,2.329304255244213,0.876715825602827,1.6564296361295532,0.7558723220054878
5942,1.0331919241252503,0.6309633630373301,1.666729969984679,0.7558723220054883
5943,2.34441155346943,0.8908772580232138,1.666729969984679,0.7558723220054877
5944,1.021666759283765,0.627149034804474,1.678084151882749,0.7558723220054884
5945,2.3595206914384304,0.904732029022221,1.678084151882749,0.7558723220054876
5946,1.0096560791309528,0.624575609637804,1.6904298567608342,0.7558723220054882
5947,2.3745768915073393,0.918244467513093,1.6904298567608342,0.7558723220054878
5948,0.997187089778944,0.623267911620705,1.703700885626484,0.755872322005488
5949,2.3895265972481656,0.9313811007692567,1.703700885626484,0.7558723220054875
5950,0.984288872389544,0.6232386970631173,1.717827835330106,0.7558723220054879
5951,2.4043176159358497,0.944110544753569,1.717827835330106,0.7558723220054875
5952,0.9709924637732786,0.6244882520495185,1.7327387512809846,0.7558723220054882
5953,2.4188992449409286,0.956403402523059,1.7327387512809846,0.7558723220054874
5954,0.9573309433262863,0.627004383339596,1.7483597524225862,0.755872322005488
5955,2.433222383212613,0.9682321707869778,1.7483597524225862,0.7558723220054873
5956,0.9433395260652455,0.6307628033284384,1.7646156200640026,0.7558723220054879
5957,2.4472396290646787,0.9795711544815674,1.7646156200640026,0.7558723220054873
5958,0.9290556612463953,0.6357278794649349,1.781430344418267,0.755872322005488
5959,2.460905365474974,0.9903963890786065,1.781430344418267,0.7558723220054874
5960,0.9145191356902113,0.6418536923013692,1.7987276248143274,0.7558723220054877
5961,2.474175834084478,1.0006855702501951,1.7987276248143274,0.7558723220054874
5962,0.8997721804576557,0.6490853275169735,1.8164313214485104,0.7558723220054878
5963,2.4870091990389507,1.0104179904565591,1.8164313214485104,0.7558723220054876
5964,0.8848595789136354,0.6573603176390025,1.8344658581742033,0.7558723220054878
5965,2.4993656017601023,1.0195744819967116,1.8344658581742033,0.7558723220054876
5966,0.8698287734431612,0.6666101488885346,1.8527565771729675,0.7558723220054877
5967,2.511207207667814,1.0281373660557833,1.8527565771729675,0.7558723220054877
5968,0.8547299671301961,0.6767617562366083,1.8712300474058714,0.7558723220054879
5969,2.5224982458037233,1.0360904072916841,1.8712300474058714,0.7558723220054873
5970,0.83961621554519,0.6877389430430132,1.8898143295264542,0.7558723220054878
5971,2.5332050422321615,1.0434187735229281,1.8898143295264542,0.7558723220054874
5972,0.8245435023984422,0.6994636779027512,1.908439200473398,0.755872322005488
5973,2.5432960480192914,1.050109000105518,1.908439200473398,0.7558723220054876
5974,0.8095707911991136,0.7118572380883185,1.9270363412851608,0.7558723220054878
5975,2.552741862517012,1.056148958617261,1.9270363412851608,0.7558723220054874
5976,0.7947600432320738,0.7248411843547189,1.9455394918263897,0.755872322005488
5977,2.5615152526060405,1.0615278295008783,1.9455394918263897,0.7558723220054875
5978,0.7801761901780102,0.7383381646751356,1.9638845761225814,0.7558723220054879
5979,2.5695911684835786,1.0651183761948178,1.9638845761225814,0.7558723220054872
5980,0.7658870476548355,0.7522725541725511,1.982009801898316,0.755872322005488
5981,2.5769467565155515,1.0544396331847905,1.982009801898316,0.7558723220054875
5982,0.7519631540120809,0.7665709451075597,1.9998557377350872,0.7558723220054882
5983,2.5835613696121293,1.0432334208515734,1.9998557377350872,0.7558723220054874
5984,0.7384775171049348,0.781162504624194,2.0173653710325903,0.755872322005488
5985,2.589416575528018,1.031524229079506,2.0173653710325903,0.7558723220054876
5986,0.7255052508411577,0.7959792195717295,2.0344841496932515,0.7558723220054882
5987,2.5944961634360397,1.0193383153973152,2.0344841496932515,0.7558723220054877
5988,0.7131230834532974,0.8109560476862423,2.05116001017044,0.7558723220054884
5989,2.598786149073432,1.0067037738573983,2.05116001017044,0.7558723220054876
5990,0.7014087211945722,0.8260309932666065,2.067343394239113,0.755872322005488
5991,2.6022747787150355,0.9936506099287568,2.067343394239113,0.7558723220054876
5992,0.6904400550109998,0.8411451236647906,2.0829872565730243,0.7558723220054883
5993,2.6049525321855755,0.9802108214069941,2.0829872565730243,0.7558723220054876
5994,0.680294204171658,0.8562425407767151,2.0980470649517975,0.7558723220054885
5995,2.6068121250843674,0.9664184851743965,2.0980470649517975,0.7558723220054874
5996,0.6710464001343319,0.8712703195156759,2.1124807946784294,0.7558723220054883
5997,2.607848510359395,0.9523098494107937,2.1124807946784294,0.7558723220054875
5998,0.6627687260482049,0.8861784231388657,2.126248918565751,0.7558723220054886
5999,2.6080588793334982,0.9379234305461271,2.126248918565751,0.7558723220054875
