sample,d_goal,d_hazard,d_agent,speed
0,0.789164425850718,0.5964015180573957,1.2523710676770363,0.0
1,1.3135703513447516,0.5993568773889589,1.2523710676770363,0.0
2,0.7881272063579556,0.5957158807749335,1.2523473748267906,0.0771981080582744
3,1.314087602007326,0.5999517750106571,1.2523473748267906,0.07719810805827433
4,0.7863527392050136,0.5939647483714398,1.2533789050317545,0.12065825942934387
5,1.314430759093897,0.6004690789391732,1.2533789050317545,0.12065825942934381
6,0.7840540813061955,0.5912167322795236,1.2556074884262252,0.16677241880614552
7,1.3144332991440397,0.600736420147081,1.2556074884262252,0.1667724188061455
8,0.7812137069910967,0.5875131135165643,1.2589390260803575,0.21289685539273026
9,1.3141655603350388,0.6008295641426038,1.2589390260803575,0.2128968553927302
10,0.7778099817819816,0.5828972548019589,1.2632720225523304,0.25789991251737315
11,1.313707651296909,0.6008362075579773,1.2632720225523304,0.25789991251737304
12,0.7738256015710667,0.5774152430830738,1.2685077374960128,0.30137019363805245
13,1.3131397039047272,0.6008455942507989,1.2685077374960128,0.30137019363805223
14,0.7692474536575208,0.5711159162393581,1.2745840009934915,0.34314307160756097
15,1.3124400967131156,0.6008467717163302,1.2745840009934915,0.34358802836418184
16,0.7640661893934838,0.5640509433126166,1.281442811623907,0.3831529887787707
17,1.3116313843425098,0.6008761835940335,1.281442811623907,0.38495233395547546
18,0.7582758300669387,0.5562749597012273,1.2889841155379878,0.4213801851951916
19,1.3108624386593255,0.6010964960746487,1.2889841155379878,0.4264410828045754
20,0.7518734149865856,0.5478457550551307,1.2970061830727193,0.45782847946286337
21,1.3104934472222756,0.6018739287144852,1.2970061830727193,0.46057995530975177
22,0.7448586885652628,0.5388245128280694,1.305589092706066,0.4925148963171712
23,1.3102056082428144,0.6029090647144697,1.305589092706066,0.4974801319979647
24,0.7372338228766929,0.5292761004159563,1.3144870038025351,0.5254643789861284
25,1.310428362335513,0.6046284650649193,1.3144870038025351,0.5300868416099928
26,0.7290031723694952,0.5192694079832637,1.3238605086396873,0.5567068953764172
27,1.310771153013162,0.6066710007176299,1.3238605086396873,0.56397684977549
28,0.7201730576940777,0.5088777322825017,1.3339875012975666,0.5862757579172598
29,1.3107508549582534,0.6086105005313198,1.3339875012975666,0.6079058852962539
30,0.7113325087022803,0.49694377339407797,1.346308633990473,0.6568207577283101
31,1.3104311284850352,0.6105328327251106,1.346308633990473,0.6569718757145175
32,0.7014568914437238,0.4855107442912102,1.3572145036582166,0.6492527665197844
33,1.3117232710383782,0.614216679938446,1.3572145036582166,0.6674012927775113
34,0.6908371689301529,0.4742197181868588,1.3676549290644084,0.674692936703892
35,1.3139907082499356,0.6190577073987436,1.3676549290644084,0.6892547248670313
36,0.6796933598946789,0.4628063646916126,1.378430767290748,0.6995870432726745
37,1.3165622731135003,0.6244406320518591,1.378430767290748,0.7206259710669162
38,0.6680425624600386,0.45135303907318947,1.389273874114437,0.7229748800974634
39,1.3198720895739238,0.630749392763723,1.389273874114437,0.7411635695528863
40,0.6558954834381168,0.43996404329205385,1.4004127594928697,0.7448422075174772
41,1.323520946951352,0.6376348158321693,1.4004127594928697,0.7707475304773482
42,0.6432637774009243,0.4287520544857158,1.4114958117096936,0.7652210002237909
43,1.327984957041109,0.6258005436459734,1.4114958117096936,0.7877290520453002
44,0.6301602023795748,0.4178376845277678,1.4227399285067772,0.7841476731607372
45,1.3329356536934087,0.6097840111091436,1.4227399285067772,0.8123857046767231
46,0.6165985332583007,0.40734930422216337,1.433829723677264,0.8016606372232349
47,1.338728490143069,0.5933931505709142,1.433829723677264,0.8285976895410786
48,0.6025934807607608,0.39742243533792354,1.4448909634159224,0.8177997794158185
49,1.3451774053423333,0.5765943463431948,1.4448909634159224,0.8482587189686528
50,0.588160624139586,0.38819852393634235,1.4557900314203116,0.832606122937868
51,1.3523903573805842,0.559465770923484,1.4557900314203116,0.8635474320769277
52,0.5733163575457642,0.37982292893263553,1.4665157945198377,0.8461215633348252
53,1.3603439533680175,0.5420307522294295,1.4665157945198377,0.8788202193421878
54,0.5580778500924923,0.3724419898486154,1.4770332546126685,0.8583886581646889
55,1.3690415516704135,0.5243247592516207,1.4770332546126685,0.8927943140639842
56,0.5424630199962661,0.3661991126204407,1.4872853725844684,0.8694504564187184
57,1.3784942147719406,0.5064026600161736,1.4872853725844684,0.9049754204414074
58,0.5264905236287023,0.36122994194841673,1.4972370050916872,0.8793503578885278
59,1.388703417380037,0.4883065856979788,1.4972370050916872,0.9163679103691648
60,0.5101797608669077,0.35765686765236065,1.5068464548272178,0.8881319953313433
61,1.3996659101846962,0.47009038417405236,1.5068464548272178,0.9265139017370876
62,0.4935508988292936,0.3555833127069738,1.516069416207535,0.8958391341574063
63,1.411372626699712,0.45181738243827035,1.516069416207535,0.9347547974279814
64,0.47662491698545895,0.35508841963928006,1.5248422822622671,0.9025155857003454
65,1.423809241108519,0.43357656559914814,1.5248422822622671,0.9419979491830311
66,0.4594236778147245,0.3562228248636226,1.5331511789285983,0.9082051310968231
67,1.4369534565414863,0.4154222274459684,1.5331511789285983,0.9487193878245265
68,0.4419700287743041,0.359006135972048,1.5409648532538995,0.9129514535063447
69,1.4507790609470481,0.3974345586421278,1.5409648532538995,0.9543822888763334
70,0.42428794349207644,0.3634264970538799,1.5482492551535543,0.9167980769211035
71,1.4652554902344057,0.3797085372284582,1.5482492551535543,0.9590080994602456
72,0.4064027130631901,0.3694422920017223,1.554971937723892,0.9197883102014649
73,1.480347958752535,0.3623518936736407,1.554971937723892,0.9626407513771824
74,0.38834120245993853,0.37698568930622484,1.5611022350820254,0.9219651952616085
75,1.496017885733042,0.3454869499197464,1.5611022350820254,0.9653253842529053
76,0.37013219288614113,0.38596747204373416,1.5666112703554955,0.9233714585479655
77,1.5122233648593435,0.329252617364092,1.5666112703554955,0.9671073285198484
78,0.3518068392031671,0.39628248412016287,1.5714719576967038,0.9240494651189773
79,1.5289196309439246,0.3138061467533645,1.5714719576967038,0.9680319559597055
80,0.33339928349598047,0.40781506178160165,1.5756590050242985,0.9240411747618458
81,1.5460595157093855,0.2993241688617761,1.5756590050242985,0.9681445790663239
82,0.3149474831911823,0.4204439644077288,1.5791489177100317,0.9233880996803359
83,1.5635938868455623,0.2860023290475681,1.5791489177100317,0.9674903625427773
84,1.545687361371161,0.43404650813336904,1.5819200031776122,0.9221312633646099
85,1.5814720657245596,0.2740525645488197,1.5819200031776122,0.9661142434978199
86,1.5338091060781158,0.4485017853836807,1.5839523763864505,0.9203111603151776
87,1.5996422203124656,0.2636969183826278,1.5839523763864505,0.9640608586458455
88,1.5227604997509439,0.4636929906489711,1.58522796619135,0.9179677163425454
89,1.6180517308975015,0.25515693230351444,1.58522796619135,0.9613744771599326
90,1.5125940333936605,0.47950895818435735,1.585730522588726,0.9151402492053781
91,1.6366475272278909,0.24863836839463008,1.585730522588726,0.9580989380574048
92,1.5033586205732423,0.49584505670120116,1.5854456248804139,0.9118674293855036
93,1.6553763964994286,0.24431241220278463,1.5854456248804139,0.9542775911784065
94,1.4950990762624656,0.5126035922996134,1.5843606908074357,0.9081872408300792
95,1.674185262343715,0.24229634709310846,1.5843606908074357,0.9499532409634821
96,1.4878556123570392,0.5296938572004894,1.58246498672824,0.90413694152126
97,1.6930214355432862,0.24263812188123596,1.58246498672824,0.9451680923547277
98,1.4816633622065853,0.5470319389206107,1.5797496389389583,0.8997530237632655
99,1.711832837645815,0.2453091633095813,1.5797496389389583,0.9399636982435225
100,1.4765519467887467,0.5645403795133817,1.5762076462571697,0.895071174106853
101,1.7305681989772879,0.2502077149304661,1.5762076462571697,0.9343809079715657
102,1.4725450948779188,0.5821477513885693,1.5718338940156322,0.8901262328628538
103,1.7491772327774082,0.25717171566958286,1.5718338940156322,0.9284598164653024
104,1.4696603286689858,0.599788196819015,1.5666251696384752,0.8849521531902261
105,1.7676107873146067,0.2659974743481895,1.5666251696384752,0.9222397136503974
106,1.4679087248100342,0.6174009629578444,1.5605801799996,0.879581959780621
107,1.7858209778983059,0.27645947067615595,1.5605801799996,0.9157590338556465
108,1.4672947587240208,0.6294343873156103,1.5536995707914845,0.8740477072009563
109,1.803761300707148,0.2883275461897982,1.5536995707914845,0.9090553049770138
110,1.467816237554594,0.620681890469489,1.545985948162381,0.8683804379980545
111,1.821386730307161,0.30137957212671557,1.545985948162381,0.9021650972342955
112,1.4694643241960916,0.6115467839809178,1.5374439029109597,0.8626101407149286
113,1.8386538026552302,0.31540935670866027,1.5374439029109597,0.8951239714167787
114,1.4722236518339507,0.6020320740870553,1.5280800375597643,0.8567657080162815
115,1.8555206852809307,0.3302305671686869,1.5280800375597643,0.8879664265813614
116,1.476072525416965,0.592141532689057,1.5179029966622335,0.8508748951707378
117,1.8719472362222291,0.34567779620405464,1.5179029966622335,0.8807258472375832
118,1.4809832036919548,0.5818797162239577,1.506923500732235,0.8449642791881439
119,1.8878950531647076,0.36160583809033875,1.506923500732235,0.8734344501292752
120,1.4869222530190294,0.5712519872182908,1.4951543842195787,0.8390592189609662
121,1.9033275141051798,0.37788799860416994,1.4951543842195787,0.8661232308018324
122,1.493850962280794,0.5602645392250926,1.4826106379891297,0.8331838168077965
123,1.9182098107330159,0.39441399916997083,1.4826106379891297,0.8588219102268738
124,1.5017258068848502,0.5489244259982932,1.4693094567939087,0.8273608818626949
125,1.9325089755991738,0.41108781811912887,1.4693094567939087,0.8515588818410716
126,1.5104989491688243,0.537239595947034,1.4552702922625238,0.8216118957946708
127,1.9461939040260106,0.4278256568629252,1.4552702922625238,0.8443611594416006
128,1.5201187624351722,0.5252189331473196,1.4405149119464384,0.8159569813750817
129,1.9592353716017465,0.4445541185605369,1.4405149119464384,0.8372543264647356
130,1.5305303663113594,0.512872306482715,1.4250674649903003,0.8104148744351581
131,1.9716060480028075,0.46120862716061445,1.4250674649903003,0.8302624872540291
132,1.5416761620600024,0.5002106288565838,1.4089545549952385,0.8050028997692457
133,1.983280507795459,0.4777320820235076,1.4089545549952385,0.8234082209971291
134,1.5534963577438101,0.4872459288878084,1.3922053206360243,0.7997369515399725
135,1.9942352387852076,0.4940737274327109,1.3922053206360243,0.8167125390723275
136,1.565929474664811,0.4739914380990186,1.374851524562118,0.7946314787279092
137,2.0044486484080437,0.5101882101833316,1.374851524562118,0.8101948465938368
138,1.578912828132828,0.46046169736897447,1.3569276510519976,0.7896994761392523
139,2.0139010685913727,0.5260347976467672,1.3569276510519976,0.8038729089751193
140,1.592382977272706,0.44667268739840826,1.3384710127896577,0.7849524814400985
141,2.022574759453779,0.5415767305762018,1.3384710127896577,0.79776282433907
142,1.6062761401690173,0.43264198919597624,1.3195218669790347,0.7804005786249361
143,2.030453912161028,0.5567806879000252,1.3195218669790347,0.7918790025897107
144,1.6205285721067535,0.4183889822119033,1.3001235407903122,0.7760524082507638
145,2.037524651210227,0.5716163440138042,1.3001235407903122,0.7862341519202158
146,1.6350769059533343,0.40393508983942417,1.2803225658220128,0.7719151846780724
147,2.0437750363741287,0.5860560022037381,1.2803225658220128,0.7808392734653683
148,1.6498584548166704,0.3893040847051324,1.260168820840536,0.7679947204578357
149,2.0491950645025594,0.6000742906282148,1.260168820840536,0.7757036647128972
150,1.6648114779980097,0.3745224696478912,1.239715681495968,0.7642954578923071
151,2.0537766713471157,0.6136479096895315,1.239715681495968,0.7708349321687835
152,1.6798754119417398,0.35961995474156805,1.2190201749765732,0.7608205076799912
153,2.057513733548063,0.6267554216505511,1.2190201749765732,0.766239013628924
154,1.6949910683816343,0.34463005636554683,1.1981431366171975,0.7575716944352056
155,2.0604020708980415,0.639377075026598,1.1981431366171975,0.7619202102473936
156,1.7101008022146744,0.32959085136037786,1.177149364278938,0.7545496087540549
157,2.062439448975244,0.6514946576576008,1.177149364278938,0.7578812284147677
158,1.7251486518234234,0.31454592779458296,1.1561077648286806,0.7517536653851399
159,2.0636255822184912,0.66309137348668,1.1561077648286806,0.7541232312744086
160,1.7400804546407103,0.29954558355527294,1.1350914852316,0.7491821669587467
161,2.063962137497598,0.6741517389826742,1.1350914852316,0.7506458995168969
162,1.754843940730268,0.2846483338577728,1.1141780186030728,0.7468323726358617
163,2.0634527382139742,0.6846614958835788,1.1141780186030728,0.7474475009096117
164,1.7693888070661612,0.2699227962997533,1.093449273046156,0.7447005709610535
165,2.06210296894802,0.6946075375377155,1.093449273046156,0.7445249678466729
166,1.783666775052031,0.2554500217018388,1.0729915882610894,0.7427821561432447
167,2.05992038065094,0.7039778466063814,1.0729915882610894,0.7418739820503418
168,1.7976316336452023,0.24132631958073403,1.0528956818443067,0.7410717069471364
169,2.0569144963586137,0.7127614422875391,1.0528956818443067,0.7394890654239844
170,1.8112392702543572,0.22766656812831734,1.0332565040657857,0.739563067356239
171,2.053096817383425,0.7209483355425363,1.0332565040657857,0.7373636759532622
172,1.8244476913738905,0.21460786497238513,1.014172977000091,0.7382494281660303
173,2.0484808299159702,0.7285294910711616,1.014172977000091,0.7354903074793063
174,1.8372170347117556,0.20231311391988185,0.9957475915930516,0.7371234086818561
175,2.0430820119415785,0.7354967949960636,0.9957475915930516,0.7338605921268836
176,1.849509574366885,0.19097369135026293,0.9780858351228239,0.7361771377293358
177,2.0369178403460086,0.741843027394907,0.9780858351228239,0.7324654041620093
178,1.8612897204216388,0.18080966133217008,0.9612954222532215,0.7354023332332413
179,2.030007798049783,0.7475618389650429,0.9612954222532215,0.7312949640758802
180,1.872524014137069,0.17206521644797843,0.9454853062745096,0.7347903796816431
181,2.022373380970636,0.7526477312268968,0.9454853062745096,0.7303389417427509
182,1.8831811197758614,0.1649965425733751,0.930764453994754,0.7343324028629127
183,2.014038104567783,0.7570960397735483,0.930764453994754,0.7295865575749846
184,1.8932318139303586,0.15985003566643463,0.9172403787627057,0.734019341341151
185,2.0050275096693473,0.7609029201589502,0.9172403787627057,0.7290266806946362
186,1.9026489731011766,0.15683177256162165,0.905017441605533,0.7338420142180392
187,1.9953691672245433,0.7578637126753982,0.905017441605533,0.7286479232528343
188,1.9114075601551515,0.15607428194679915,0.894194950186575,0.733791184813328
189,1.9850926815544037,0.7438632443219512,0.894194950186575,0.7284387301510489
190,1.919484610188882,0.157611280475273,0.884865108120714,0.7338576199798919
191,1.9742296915982493,0.7301801264951041,0.884865108120714,0.7283874635471957
192,1.926859216235001,0.16137064906903217,0.8771108910221214,0.7340321448502779
193,1.9628138695671427,0.7168859838026487,0.8771108910221214,0.7284824816600172
194,1.9335125151713042,0.1671887933085424,0.8710039474400416,0.7343056928883788
195,1.9508809163198948,0.7040549011348672,0.8710039474400416,0.7287122115132407
196,1.9394276741268293,0.17484009065711983,0.866602638869026,0.7346693511907781
197,1.9384685526715866,0.691762999700142,0.866602638869026,0.7290652153832937
198,1.9445898776226713,0.18407020378710434,0.8639503396015193,0.7351144010465076
199,1.925616505729253,0.680087870911806,0.8639503396015193,0.7295302508280794
200,1.948986315637575,0.19462389095817978,0.8630741114675178,0.735632353820769
201,1.912366489224921,0.6691078519815126,0.8630741114675178,0.7300963242775506
202,1.9526061727480004,0.20626323883796444,0.8639838493324895,0.7362149822772494
203,1.8987621766839176,0.6589011323338964,0.8639838493324895,0.7307527382580796
204,1.9554406184583646,0.21877677156355796,0.8666719617652686,0.7368543474949524
205,1.8848491661280904,0.6495446882172827,0.8666719617652686,0.7314891324012748
206,1.9574827988084977,0.23198198087221833,0.8711136110924702,0.7375428215691875
207,1.870674934872338,0.6411130543359556,0.8711136110924702,0.7322955184536806
208,1.9587278293210804,0.24572399412649215,0.8772674934967387,0.7382731063127788
209,1.8562887828324872,0.6336769557101353,0.8772674934967387,0.7331623095569622
210,1.95917278933108,0.25987242750663375,0.8850770989885113,0.7390382481933165
211,1.8417417626284576,0.627301839399552,0.8850770989885113,0.7340803441093654
212,1.9588167177211453,0.2743176922997158,0.8944723584871415,0.7398316497558268
213,1.8270865946454795,0.6220463626107955,0.8944723584871415,0.7350409045493196
214,1.9576606100707863,0.2889674246131888,0.9053715646601581,0.7406470777883698
215,1.8123775651163612,0.6179609087932015,0.9053715646601581,0.7360357314220598
216,1.9557074172122173,0.30374333148536764,0.9176834460063666,0.7414786684914065
217,1.797670405219383,0.6150862139579032,0.9176834460063666,0.7370570331012982
218,1.9529620451712526,0.31857853763173977,0.9313092790043098,0.7423209299110151
219,1.7830221491612679,0.6134521890468223,0.9313092790043098,0.7380974915414776
220,1.9494313564569494,0.3334154151623236,0.9461449382718028,0.7431687418918543
221,1.7684909692460742,0.6130770188364456,0.9461449382718028,0.739150264433158
222,1.945124172648019,0.3482038369395735,0.9620828059499973,0.7440173537988125
223,1.754135986033504,0.6139666029766702,0.9620828059499973,0.7402089841258767
224,1.9400512782067747,0.36289978346024293,0.9790134852178018,0.74486238024709
225,1.7400170518792653,0.6161143814016488,0.9790134852178018,0.7412677536703566
226,1.9342254254317064,0.37746423656537387,0.9968272858206572,0.7456997950695998
227,1.7261945064410957,0.6195015572369292,0.9968272858206572,0.7423211403162824
228,1.9276613404370047,0.39186230214902906,1.0154154695560844,0.746525923738503
229,1.712728903140786,0.6240976993999898,1.0154154695560844,0.7433641667838627
230,1.9203757300206437,0.40606251408425464,1.0346712595912209,0.7473374344447962
231,1.6996807061065031,0.629861678674021,1.0346712595912209,0.7443923006078094
232,1.912387289251162,0.42003628094417045,1.0544906289518787,0.7481313280265212
233,1.687109957787914,0.6367428689078691,1.0544906289518787,0.7454014418318596
234,1.903716709566153,0.4337574450994196,1.074772890799609,0.7489049269226458
235,1.675075918239877,0.6446825316267547,1.074772890799609,0.7463879093110666
236,1.8943866871317652,0.44720193031600053,1.0954213117742542,0.7496558633162004
237,1.6636212062042774,0.640914548326239,1.0954213117742542,0.7476760999568535
238,1.884421931161236,0.46034745919158215,1.1163459560613722,0.750382066617062
239,1.6528020719554077,0.6288459557516485,1.1163459560613722,0.749276038997472
240,1.87384917183065,0.47317332586271355,1.1374553588192704,0.7510817504219818
241,1.6427133248518542,0.6163675629544555,1.1374553588192704,0.7494437502278841
242,1.8626971673606956,0.4856602126039084,1.1586645424288247,0.7517533990771779
243,1.633384901480741,0.6034953787883293,1.1586645424288247,0.7503890620115967
244,1.8509967097532456,0.4977900414125388,1.179893782038081,0.7523957539571341
245,1.6248611479244888,0.5902516915928959,1.179893782038081,0.7513221794128059
246,1.8387806285801604,0.509545853588774,1.2010671944604934,0.7530077995622392
247,1.6171878421562729,0.5766622544140249,1.2010671944604934,0.7522098933730382
248,1.8260837921180606,0.5209117118039089,1.222112922008793,0.753588749527533
249,1.6104071619218965,0.5627548016565694,1.222112922008793,0.7530499913362374
250,1.8129431050063995,0.5318726203024496,1.2429630908770246,0.7541380326252078
251,1.6045569529266643,0.5485590873464176,1.2429630908770246,0.7538459531800992
252,1.79939750147672,0.5424144597799677,1.2635568381709144,0.7546552788345394
253,1.5996651747221524,0.5341026775423872,1.2635568381709144,0.7547167254638815
254,1.7854879330588094,0.5325649671735082,1.283851420458726,0.7551403055446567
255,1.5957374229994348,0.5193968239004179,1.283851420458726,0.756490325006751
256,1.7712573495153958,0.5217151934594567,1.3037513328872845,0.7555931039479308
257,1.5928555604198888,0.5045323199106311,1.3037513328872845,0.7562130106006621
258,1.756750671592805,0.5117469116266012,1.32321849807267,0.7560138256747742
259,1.5910091548740664,0.48952773943130623,1.32321849807267,0.7569009381455791
260,1.742014754003339,0.5027513437822658,1.3422056016205213,0.7564027697142274
261,1.590205581521524,0.4744236059918328,1.3422056016205213,0.7575713205720402
262,1.7270983368801827,0.4948165268433728,1.3606652600513889,0.7567603696588665
263,1.5904507866418691,0.45926894260464557,1.3606652600513889,0.758185352165366
264,1.712051983772961,0.4880250606753099,1.3785528270159273,0.7570871813072232
265,1.5917449077589454,0.4441178461602988,1.3785528270159273,0.7587427082806912
266,1.6969280040892831,0.48245166743704754,1.3958263984841697,0.7573838706520517
267,1.5940821144026542,0.42902998574089307,1.3958263984841697,0.7592447977781694
268,1.6817803577442343,0.47816069847757253,1.4124467023808889,0.7576512022783576
269,1.5974506789684204,0.4140713408041675,1.4124467023808889,0.7596932513340577
270,1.6666645396678246,0.47520376294497174,1.428376991849506,0.7578900281910804
271,1.6018331240424246,0.39931500935420045,1.428376991849506,0.7600898409600866
272,1.651637441754152,0.4736176729744056,1.4435829472544741,0.7581012770886716
273,1.607206436219471,0.3848420523603711,1.4435829472544741,0.760436458532857
274,1.636757189832145,0.4734228953765299,1.4580325868756923,0.7582859440954907
275,1.6135423401209572,0.3707423245403339,1.4580325868756923,0.7607350976285736
276,1.622082953314925,0.47462266501129646,1.4716961859256883,0.7584450809629121
277,1.6208076250533228,0.3571152094029618,1.4716961859256883,0.7609878363973295
278,1.607674725363151,0.4772028531357419,1.4845462034465613,0.7585797867462976
279,1.6289645156656456,0.3440701324664261,1.4845462034465613,0.7611968213778416
280,1.593593071697856,0.4811326047380449,1.4965572166098637,0.7586911989624877
281,1.6379710772888438,0.3317266715591713,1.4965572166098637,0.7613642522391977
282,1.5798988466398474,0.48636567693258836,1.5077058619321144,0.7587804852301693
283,1.6477816463767834,0.3202140221456203,1.5077058619321144,0.761492367437672
284,1.5666528755526914,0.4928423413867638,1.5179707829249312,0.7588488353934157
285,1.658347276596614,0.3096695218002047,1.5179707829249312,0.7615834307750062
286,1.5539156036363904,0.5004916692704723,1.527332583717051,0.7588974541267846
287,1.6696161915844538,0.30023591589933996,1.527332583717051,0.7616397188429714
288,1.5417467119631567,0.5092340024620279,1.5357737882121503,0.758927554018622
289,1.6815342361303203,0.29205709309804584,1.5357737882121503,0.7616635093376185
290,1.5302047027586152,0.5189834276393918,1.5432788043786707,0.7589403491276425
291,1.694045318511461,0.28527217609207295,1.5432788043786707,0.7616570702253749
292,1.5193464571914097,0.5296501030283887,1.5498338933038025,0.7589370490063918
293,1.7070918377825863,0.28000814755828907,1.5498338933038025,0.7616226497419881
294,1.5092267703060613,0.5411423312473876,1.5554271426818993,0.7589188531838842
295,1.7206150909851723,0.2763716029349604,1.5554271426818993,0.7615624672042903
296,1.4998978691655611,0.5533683167233051,1.5600484444469156,0.7588869460984816
297,1.7345556563943347,0.27444065413668073,1.5600484444469156,0.7614787046137793
298,1.4914089216923985,0.5662375858269627,1.5636894762982492,0.7588424924709941
299,1.7488537500297825,0.27425829202376234,1.5636894762982492,0.7613734990301111
300,1.4838055450256364,0.5796620785052092,1.5663436869091858,0.7587866331069545
301,1.7634495536782144,0.27582847282454165,1.5663436869091858,0.7612489356917749
302,1.4771293233528522,0.5935569407969954,1.568006284646788,0.7587204811161321
303,1.7782835135815147,0.27911574874425055,1.568006284646788,0.7611070418603985
304,1.4714173460310407,0.607841059111677,1.5686742296713492,0.758645118536512
305,1.7932966097227903,0.2840485235071482,1.5686742296713492,0.7609497813644216
306,1.466701777286237,0.6224373814007848,1.5683462293225272,0.7585615933492403
307,1.8084305962849407,0.29052524379531314,1.5683462293225272,0.7607790498171565
308,1.4630094687983957,0.6320927513445921,1.5670227367379985,0.7584709168703854
309,1.8236282143661395,0.2984223185925893,1.5670227367379985,0.7605966704836123
310,1.4603616259810956,0.6273997536062346,1.5647059526890807,0.7583740615047788
311,1.8388333784213025,0.3076024360538827,1.5647059526890807,0.7604043907698724
312,1.4587735377331954,0.6221707003458904,1.561399830656373,0.7582719588467285
313,1.853991338170274,0.3179221785906885,1.561399830656373,0.7602038793082547
314,1.4582543778894381,0.6164111111153531,1.557110085207302,0.7581654981119488
315,1.869048817886373,0.32923825482881414,1.557110085207302,0.7599967236110128
316,1.4588070845886674,0.6101271204518193,1.551844203776594,0.7580555248847275
317,1.8839541350683349,0.3414120936395108,1.551844203776594,0.7597844282649076
318,1.4604283214108467,0.6033254832216828,1.5456114619903354,0.7579428401640788
319,1.898657300519853,0.3543128672286608,1.5456114619903354,0.7595684136386337
320,1.463108521538814,0.5960135812633471,1.538422942714503,0.7578281996924039
321,1.913110101828138,0.3678191936345521,1.538422942714503,0.7593500150747934
322,1.4668320135302961,0.5881994316147298,1.530291559049659,0.75771231355008
323,1.9272661721592963,0.38181983434994743,1.530291559049659,0.7591304825379177
324,1.471577224699732,0.5798916966711263,1.5212320815348632,0.7575958459993086
325,1.9410810461853008,0.3962136911459132,1.5212320815348632,0.7589109806899157
326,1.477316955759627,0.5710996966922994,1.511261169865558,0.7574794155605736
327,1.9545122048346273,0.4109093562826841,1.511261169865558,0.7586925893642853
328,1.4840187183873066,0.5618334251674988,1.5003974094718424,0.7573635953051022
329,1.9675191104242977,0.4258244093301593,1.5003974094718424,0.758476304410492
330,1.491645125861936,0.5521035676580193,1.4886613533445734,0.7572489133468656
331,1.980063233591595,0.440884596966146,1.4886613533445734,0.7582630388800479
332,1.5001543259156043,0.5419215248745128,1.4760755695361756,0.7571358535178351
333,1.9921080733040524,0.4560229857456065,1.4760755695361756,0.758053624526073
334,1.5095004644765253,0.531299440917918,1.462664694799569,0.7570248562104447
335,2.0036191710903024,0.47117914310223274,1.462664694799569,0.7578488135884408
336,1.519634169028135,0.5202502378280728,1.448455494860372,0.75691631937151
337,2.01456412050464,0.4862983774234075,1.448455494860372,0.7576492808370316
338,1.5305030408084634,0.5087876578552167,1.4334769318419152,0.7568105996321952
339,2.024912572716552,0.5013310517604025,1.4334769318419152,0.7574556258461306
340,1.5420521459492842,0.4969263152129343,1.4177602393761666,0.7567080135590197
341,2.034636239004088,0.5162319754331574,1.4177602393761666,0.7572683754735925
342,1.554224496809914,0.4846817595079816,1.4013390059318422,0.756608839011313
343,2.0437088908273338,0.5309598716491873,1.4013390059318422,0.7570879865190845
344,1.5669615160979287,0.47207055360105843,1.3842492668676964,0.75651331659102
345,2.0521063580655,0.5454769158938498,1.3842492668676964,0.7569148485364688
346,1.5802034777944962,0.4591103693702177,1.3665296056665115,0.756421651171254
347,2.0598065259180767,0.5597483382679094,1.3665296056665115,0.7567492867762201
348,1.5938899203323742,0.4458201057746536,1.348221264713555,0.7563340134905506
349,2.0667893308966123,0.5737420824615383,1.348221264713555,0.7565915652346771
350,1.607960028841574,0.4322200348166602,1.329368265839627,0.7562505418003308
351,2.073036756268486,0.5874285142047739,1.329368265839627,0.7564418897878803
352,1.622352984529833,0.4183319825605097,1.3100175406372632,0.7561713435536896
353,2.078532827256693,0.6007801725282658,1.3100175406372632,0.7563004113887687
354,1.6370082803677761,0.4041795544037047,1.2902190702595737,0.7560964971242279
355,2.0832636062495253,0.6137715578208292,1.2902190702595737,0.7561672293075733
356,1.6518660031829322,0.389788416459134,1.270026034000547,0.7560260535442895
357,2.0872171882302757,0.6263789513709671,1.270026034000547,0.7560423943963425
358,1.666867083026737,0.37518664839114313,1.2494949654047067,0.7559600382525896
359,2.0903836965988893,0.6385802617647685,1.2494949654047067,0.7559259123596764
360,1.6819535112688753,0.3604051876012852,1.2286859139292965,0.7558984528418842
361,2.0927552795241446,0.650354894148873,1.2286859139292965,0.7558177470149048
362,1.697068529305962,0.345478390580799,1.2076626092456275,0.7558412767979765
363,2.0943261069356067,0.661683638939407,1.2076626092456275,0.7557178235261168
364,1.712156790063795,0.33044474487528674,1.1864926240766107,0.7557884692220102
365,2.0950923682386215,0.6725485770616546,1.1864926240766107,0.7556260315976466
366,1.7271644946439795,0.3153477747656021,1.1652475299827134,0.7557399705286558
367,2.095052270812209,0.6829329992426194,1.1652475299827134,0.7555422286137988
368,1.7420395065372654,0.300237195625648,1.1440030386900586,0.7556957041134338
369,2.094206039328238,0.6928213372546291,1.1440030386900586,0.7554662427127825
370,1.7567314458175562,0.2851703856701835,1.1228391193741198,0.7556555779830586
371,2.0925559159100313,0.7021991053291862,1.1228391193741198,0.7553978757839998
372,1.7711917656607736,0.27021425801576493,1.1018400797633232,0.7556194863433114
373,2.090106161128906,0.7110528502331829,1.1018400797633232,0.7553369063789822
374,1.7853738134181758,0.255447626742856,1.081094596037429,0.7555873111395521
375,2.0868630558173966,0.7193701087309605,1.081094596037429,0.755283092527402
376,1.7992328783285059,0.24096415908431798,1.060695673349517,0.7555589235455814
377,2.0828349036575156,0.7271393713515236,1.060695673349517,0.7552361744506828
378,1.8127262277892482,0.22687597367377627,1.0407405155607432,0.7555341853971297
379,2.0780320344804912,0.7343500515459431,1.0407405155607432,0.7551958771668
380,1.8258131339338555,0.2133178472607898,1.0213302797130526,0.7555129505668041
381,2.0724668081906032,0.7409924594602662,1.0213302797130526,0.7551619129808954
382,1.838454892086409,0.20045176970312473,1.0025696882787964,0.7554950662778518
383,2.0661536191990035,0.7470577796681955,1.0025696882787964,0.7551339838573058
384,1.850614832493411,0.18847115098896045,0.984566470870823,0.7554803743546031
385,2.059108901223318,0.7525380523088587,0.984566470870823,0.7551117836695562
386,1.8622583265682209,0.17760324039066677,0.9674306075760328,0.7554687124079433
387,2.051351132274458,0.7574261571611144,0.9674306075760328,0.7550950003257518
388,1.8733527887297594,0.16810726424178496,0.9512733492101598,0.755459914954601
389,2.0429008396127286,0.7617158002595351,0.9512733492101598,0.7550833177676506
390,1.883867674775164,0.16026474865886067,0.9362059964346388,0.7554538144694867
391,2.0337806044102344,0.7654015027205914,0.9362059964346388,0.7550764178424867
392,1.893774477596891,0.15435844464402565,0.9223384305643132,0.755450242370698
393,2.0240150658049276,0.7684785915024045,0.9223384305643132,0.755073982047356
394,1.9030467209385802,0.1506388347321899,0.9097774044318373,0.755449029937199
395,2.013630923972657,0.7709431918692838,0.9097774044318373,0.7550756931466505
396,1.9116599517805453,0.1492833526908675,0.8986246216683245,0.7554500091594987
397,2.002656941776506,0.7566418373291147,0.8986246216683245,0.7550812366636745
398,1.9195917318544717,0.15036088104446316,0.8889746561581212,0.755453013524006
399,1.9911239444768853,0.7424980893192543,0.8889746561581212,0.7550903022481356
400,1.9268216287070257,0.15381645214372974,0.8809127881401915,0.7554578787319975
401,1.9790648169006653,0.7287481234160718,0.8809127881401915,0.7551025849217404
402,1.933331206662662,0.15948352277873534,0.874512856352451,0.7554644433544202
403,1.96651449737275,0.7154664389017917,0.874512856352451,0.7551177862045938
404,1.9391040179759989,0.16711786731159822,0.8698352429290296,0.7554725494239755
405,1.9535099676087093,0.7027295945735688,0.8698352429290296,0.7551356151255219
406,1.9441255944127005,0.1764385081647773,0.8669251155638695,0.7554820429661516
407,1.9400902376526459,0.6906156577834599,0.8669251155638695,0.7551557891198089
408,1.9483834394538466,0.18716245182959404,0.8658110466464848,0.755492774471057
409,1.926296324820969,0.6792034955075457,0.8658110466464848,0.7551780348181729
410,1.9518670212813298,0.19902722016038168,0.8665041102780343,0.755504599308065
411,1.912171225481503,0.6685718956174727,0.8665041102780343,0.7552020887310683
412,1.9545677666699768,0.21180167096099928,0.8689975262994908,0.7555173780854341
413,1.897759878360283,0.6587985144673887,0.8689975262994908,0.7552276978326553
414,1.956479055884928,0.22528856175784695,0.8732668792427748,0.7555309769571729
415,1.8831091179284662,0.6499586580751693,0.8732668792427748,0.7552546200489583
416,1.9575962186595384,0.2393224728740113,0.8792708949639517,0.7555452678795274
417,1.8682676162830105,0.642123918376764,0.8792708949639517,0.7552826246548947
418,1.9579165313088827,0.2537657147173548,0.8869527150030944,0.7555601288195404
419,1.8532858118024418,0.6353607024656881,0.8869527150030944,0.7553114925849721
420,1.957439215016085,0.26850376626276673,0.8962415742744438,0.7555754439181994
421,1.8382158227399765,0.6297287098772513,0.8962415742744438,0.7553410166625303
422,1.9561654353125035,0.2834410091775331,0.9070547656041293,0.7555911036107216
423,1.8231113438188455,0.6252794286320774,0.9070547656041293,0.7553710017524637
424,1.9540983027575056,0.2984970550351672,0.9192997665270648,0.7556070047065623
425,1.8080275238290213,0.6220547322538238,0.9192997665270648,0.7554012648423658
426,1.9512428748085962,0.3136037209580445,0.9328764087765173,0.7556230504317297
427,1.7930208222024442,0.6200856646576084,0.9328764087765173,0.7554316350570403
428,1.9476061588572415,0.32870260074647556,0.9476789862801795,0.7556391504360038
429,1.778148842578653,0.6193914956150854,0.9476789862801795,0.7554619536112884
430,1.9431971163892743,0.3437431410259,0.9635982194205236,0.755655220767623
431,1.7634701414790008,0.6199791156207176,0.9635982194205236,0.755492073705818
432,1.9380266682105207,0.3586811280358867,0.9805230179176264,0.7556711838179785
433,1.7490440104006373,0.6218428162602745,0.9805230179176264,0.7555218603710504
434,1.9321077006575753,0.3734775006167428,0.9983420086324986,0.7556869682388268
435,1.734930229936281,0.6249644731855981,0.9983420086324986,0.7555511902635034
436,1.9254550726896953,0.3880974190288086,1.0169448155259555,0.7557025088344737
437,1.7211887949363278,0.6293141174088757,1.0169448155259555,0.7555799514193056
438,1.9180856237298103,0.4025095331490189,1.0362230956534688,0.7557177464313152
439,1.707879610267225,0.634850851242037,1.0362230956534688,0.7556080429692883
440,1.910018182089797,0.41668540569264917,1.056071347054814,0.7557326277270816
441,1.6950621573910436,0.6415240417857395,1.056071347054814,0.7556353748199381
442,1.9012735737765762,0.4305990560155135,1.0763875119954556,0.7557471051220311
443,1.6827951327963586,0.6492747101285256,1.0763875119954556,0.7556618673043578
444,1.8918746314303032,0.4442265978980487,1.0970734798776567,0.7557611365342799
445,1.6711220782748306,0.6383896069049997,1.0970734798776567,0.7559871751062834
446,1.8818462030929852,0.4575459508122353,1.1180369747791583,0.7557746852013589
447,1.6601120666806042,0.6261901892448779,1.1180369747791583,0.7562549789232408
448,1.8712151604442397,0.47053660886585813,1.1391867249308474,0.7557877194700109
449,1.6498308888582538,0.6135903856190499,1.1391867249308474,0.7559023558366907
450,1.8600104060696498,0.4831794552120656,1.1604370099472834,0.7558002125761486
451,1.6403200680335301,0.6006093295441617,1.1604370099472834,0.7559750310571698
452,1.8482628792452567,0.49545661245867123,1.1817070566352215,0.7558121424167861
453,1.6316256820980297,0.5872698222342695,1.1817070566352215,0.7560580399478363
454,1.8360055596282987,0.507351321711784,1.2029202067431597,0.7558234913156834
455,1.6237929454697266,0.5735973785193599,1.2029202067431597,0.7561346634888118
456,1.823273468138608,0.5188478444974673,1.224003942985785,0.75583424578433
457,1.6168633759386166,0.5596195059135591,1.224003942985785,0.7562043623301511
458,1.8101036641965897,0.5299313830417002,1.2448897657115068,0.7558443962797963
459,1.6108742738037607,0.5453658742322527,1.2448897657115068,0.7562672763720905
460,1.796535238352301,0.5405880153427297,1.2655149802217738,0.7558539369608953
461,1.6058551079886876,0.5308657627385652,1.2655149802217738,0.7564118842713922
462,1.7826092991961076,0.5338290575219644,1.2858157493972433,0.7558628654439808
463,1.6018390983836255,0.5161583173820263,1.2858157493972433,0.7564544584440612
464,1.768368953285728,0.5230341278008969,1.3057353507490383,0.7558711825596308
465,1.5988469637716198,0.5012802348655103,1.3057353507490383,0.7564510449101871
466,1.7538592766590206,0.5131364611443858,1.3252200666946912,0.7558788921113445
467,1.5968949774024597,0.48627231462262077,1.3252200666946912,0.7564988164705992
468,1.7391272763295091,0.5042261286295108,1.3442193060181675,0.7558860006373168
469,1.5959939869060458,0.4711794228174966,1.3442193060181675,0.7565421439921424
470,1.7242218399867328,0.4963897305247495,1.362685378702882,0.7558925171762286
471,1.5961491945891073,0.45605107627779534,1.362685378702882,0.7565790460949384
472,1.7091936719518328,0.48970813714304817,1.3805735200902711,0.7558984530379291
473,1.5973598535211564,0.44094181346807315,1.3805735200902711,0.7566097287345087
474,1.6940952132782279,0.4842540606533695,1.3978417664635905,0.7559038215797783
475,1.5996192681525274,0.4259118621330531,1.3978417664635905,0.756634494972542
476,1.6789805437476288,0.4800895976459824,1.4144508332655716,0.7559086379893413
477,1.6029148762740175,0.4110278882187013,1.4144508332655716,0.7566536580917298
478,1.6639052634052582,0.4772639174841152,1.4303640027105835,0.7559129190740435
479,1.6072284014524216,0.3963638023733663,1.4303640027105835,0.7566675361232038
480,1.6489263512196028,0.4758112887237987,1.4455470209207473,0.7559166830583156
481,1.6125360712022954,0.38200159289425767,1.4455470209207473,0.7566764498000509
482,1.634101998458213,0.47574962724597203,1.4599680042755079,0.7559199493886731
483,1.6188088946958765,0.36803213030334464,1.4599680042755079,0.7566807207721415
484,1.6194914144609058,0.477079711964922,1.473597354548408,0.7559227385471238
485,1.6260129923849223,0.35455585463940825,1.473597354548408,0.756680669953045
486,1.605154602685368,0.4797851505505671,1.4864076823427324,0.7559250718731968
487,1.6341099688518812,0.34168321112397354,1.4864076823427324,0.7566766159924608
488,1.5911521052181765,0.48383309882249886,1.4983737383075808,0.7559269713948508
489,1.6430573195632117,0.3295346443128613,1.4983737383075808,0.7566688738721151
490,1.5775447144059165,0.48917565799963136,1.5094723516089987,0.7559284596684385
491,1.6528088619649837,0.3182399014687942,1.5094723516089987,0.7566577536228262
492,1.5643931508827689,0.4957518086814189,1.519682375140639,0.7559295596278545
493,1.6633151815133291,0.3079363475276128,1.519682375140639,0.7566435591600583
494,1.5517577080633975,0.5034897001122253,1.5289846369801863,0.7559302944429278
495,1.6745240837215096,0.2987659831409423,1.5289846369801863,0.7566265872349162
496,1.5396978641360117,0.5123091020782995,1.5373618976276868,0.7559306873870967
497,1.6863810440678801,0.2908709214601977,1.5373618976276868,0.7566071264972164
498,1.528271863721791,0.5221238419930561,1.5447988125972905,0.7559307617143154
499,1.698829648573407,0.28438725827506434,1.5447988125972905,0.756585456666985
500,1.5175362726415926,0.5328440837394673,1.5512818999726745,0.755930540545137
501,1.7118120189505308,0.27943758359607346,1.5512818999726745,0.7565618478104833
502,1.5075455106112639,0.544378348132605,1.5567995125771197,0.7559300467618539
503,1.725269217378038,0.27612279833944176,1.5567995125771197,0.7565365597166636
504,1.4983513681183414,0.5566352187052165,1.5613418144508568,0.755929302912551
505,1.7391416271083442,0.27451430804139,1.5613418144508568,0.7565098413697477
506,1.4900025151442509,0.5695247146390607,1.564900761370203,0.7559283311238841
507,1.7533693062142177,0.27464789397817096,1.564900761370203,0.7564819305135124
508,1.4825440107018613,0.5829593417590887,1.5674700851847165,0.7559271530223811
509,1.767892312793518,0.2765204484519367,1.5674700851847165,0.7564530533027146
510,1.4760168232634538,0.5968548518341292,1.5690452817899463,0.7559257896640199
511,1.7826510008472167,0.2800902610264447,1.5690452817899463,0.7564234240370237
512,1.4704573729608363,0.6111307509839635,1.5696236025941535,0.7559242614718277
513,1.7975862868129773,0.2852807942233894,1.5696236025941535,0.7563932449727548
514,1.4658971068555595,0.6257106016562383,1.5692040493777617,0.7559225881812162
515,1.8126398873688532,0.2919871617765753,1.5692040493777617,0.7563627062076642
516,1.4623621185266322,0.6311029985029099,1.5677873724842304,0.7559207887927548
517,1.8277545296216229,0.3000840784845239,1.5677873724842304,0.7563319856340649
518,1.4598728226551347,0.6263836309466871,1.5653760723207517,0.7559188815320739
519,1.8428741351702451,0.3094339976020192,1.5653760723207517,0.7563012489555174
520,1.4584436941831582,0.6211262472164634,1.5619744041867922,0.7559168838165552
521,1.8579439797989619,0.3198944204468464,1.5619744041867922,0.7562706497623981
522,1.4580830800118039,0.6153365475322015,1.5575883864881754,0.7559148122284979
523,1.8729108307210165,0.3313237826741321,1.5575883864881754,0.7562403296616912
524,1.4587930891445653,0.609020845337892,1.5522258124343555,0.7559126824943933
525,1.8877230633781295,0.3435857264924137,1.5522258124343555,0.7562104184564268
526,1.4605695647818264,0.6021860727178037,1.54589626535685,0.7559105094699777
527,1.9023307598178316,0.35655186102217684,1.54589626535685,0.7561810343702684
528,1.4634021392640513,0.5948397871498249,1.5386111378276095,0.7559083071307044
529,1.916685790634792,0.3701032718835624,1.5386111378276095,0.7561522843128669
530,1.4672743700994384,0.5869901798876527,1.530383654797427,0.7559060885672825
531,1.9307418823863687,0.3841310908069201,1.530383654797427,0.7561242641817033
532,1.472163952755259,0.5786460863249683,1.5212289010162197,0.7559038659859356
533,1.9444546722879579,0.39853641705985776,1.5212289010162197,0.7560970591962757
534,1.4780430035899201,0.5698169987697057,1.5111638530389873,0.7559016507130292
535,1.9577817518700777,0.4132298309567558,1.5111638530389873,0.7560707442606317
536,1.4848784043804935,0.5605130821486063,1.5002074161630303,0.755899453203718
537,1.97068270114429,0.4281306802026989,1.5002074161630303,0.7560453843503878
538,1.4926321984496782,0.5507451932760058,1.4883804666829488,0.7558972830542836
539,1.9831191146854694,0.44316626559579636,1.4883804666829488,0.7560210349205384
540,1.5012620274682502,0.5405249044620538,1.475705899889107,0.7558951490178215
541,1.995054620898471,0.4582710089476631,1.475705899889107,0.7559977423305226
542,1.5107215976139272,0.5298645324118787,1.4622086842711814,0.755893059022953
543,2.006454895601598,0.47338565365177204,1.4622086842711814,0.7559755442831888
544,1.5209611638766878,0.5187771735884179,1.4479159224192122,0.7558910201952554
545,2.0172876709300804,0.48845652566548214,1.4479159224192122,0.7559544702744638
546,1.5319280218538653,0.5072767474905284,1.4328569191375673,0.7558890388810903
547,2.027522740441804,0.5034348676396987,1.4328569191375673,0.755934542050723
548,1.5435669972932637,0.49537804965139803,1.4170632572987918,0.7558871206735482
549,2.0371319611958145,0.518276249465838,1.4170632572987918,0.7559157740710238
550,1.5558209248241228,0.4830968166122787,1.400568881959778,0.7558852704402138
551,2.0460892534722013,0.5329400529063534,1.400568881959778,0.7558981739715577
552,1.5686311086661555,0.4704498057023414,1.3834101932357847,0.7558834923524913
553,2.054370598709899,0.5473890249390542,1.3834101932357847,0.7558817430298564
554,1.5819377595335844,0.4574548931956053,1.3656261483705523,0.7558817899162157
555,2.0619540361565427,0.5615888930506464,1.3656261483705523,0.7558664766264576
556,1.595680403372921,0.4441311953716681,1.3472583733428345,0.7558801660033192
557,2.0688196586512433,0.5755080353251165,1.3472583733428345,0.7558523647019249
558,1.6097982589242756,0.430499218246276,1.3283512841980551,0.7558786228843016
559,2.074949607896526,0.5891171983653802,1.3283512841980551,0.7558393922072967
560,1.6242305823271537,0.4165810433507641,1.3089522180722284,0.7558771622612998
561,2.080328069518866,0.602389256589931,1.3089522180722284,0.7558275395461956
562,1.6389169780706723,0.40240055904505,1.289111573563654,0.7558757853015348
563,2.0849412681675803,0.6152990070904835,1.289111573563654,0.7558167830070197
564,1.6537976764977058,0.38798374960316245,1.2688829596817959,0.7558744926709504
565,2.088777462858493,0.6278229949199159,1.2688829596817959,0.7558070951837873
566,1.6688137788083495,0.3733590579149118,1.2483233520330672,0.7558732845678618
567,2.0918269427309655,0.6399393643441413,1.2483233520330672,0.7557984453843759
568,1.683907471075918,0.3585578423567688,1.2274932541561419,0.7558721607564438
569,2.094082023353817,0.6516277322064554,1.2274932541561419,0.7557908000250503
570,1.6990222092014065,0.3436149545072268,1.2064568609566888,0.7558711205999045
571,2.0955370436866185,0.6628690801049065,1.2064568609566888,0.7557841230103185
572,1.7141028770074567,0.3285694722601997,1.1852822199720336,0.7558701630932058
573,2.096188363777012,0.6736456625688452,1.1852822199720336,0.755778376097309
574,1.7290959198302873,0.3134656328424019,1.164041384678677,0.7558692868951967
575,2.0960343632514733,0.6839409288421916,1.164041384678677,0.7557735192439847
576,1.7439494560283637,0.29835402240579534,1.1428105522028298,0.7558684903600502
577,2.0950754406355516,0.6937394562431654,1.1428105522028298,0.755769510940653
578,1.7586133688095864,0.28329309285751086,1.1216701755805703,0.7558677715678932
579,2.093314013519395,0.7030268933795435,1.1216701755805703,0.7557663085243537
580,1.7730393807028426,0.2683510907698708,1.1007050381369858,0.7558671283545376
581,2.0907545195647113,0.7117899117615665,1.1007050381369858,0.7557638684758088
582,1.7871811128810113,0.25360849325256807,1.080004274647291,0.7558665583402335
583,2.087403418329514,0.7200161645777043,1.080004274647291,0.7557621466987472
584,1.8009941313948241,0.23916104183231499,1.0596613207996184,0.7558660589573729
585,2.08326919386639,0.727694251587447,1.0596613207996184,0.7557610987815089
586,1.814435982211783,0.2251234277873442,1.039773769272995,0.7558656274770847
587,2.0783623580280146,0.7348136892452838,1.039773769272995,0.7557606802409329
588,1.8274662167808622,0.21163357365182148,1.0204431077577518,0.7558652610346661
589,2.072695454389443,0.7413648853055813,1.0204431077577518,0.7557608467486123
590,1.8400464096690496,0.19885721222496974,1.0017743118962872,0.7558649566538169
591,2.0662830626697355,0.747339117273096,1.0017743118962872,0.7557615543397002
592,1.8521401696452824,0.18699199460590632,0.9838752649772902,0.7558647112696399
593,2.0591418035049176,0.7527285141616566,0.9838752649772902,0.7557627596045078
594,1.8637131454248124,0.1762695711573121,0.9668559769905347,0.7558645217503841
595,2.051290343389434,0.7575260411070097,0.9668559769905347,0.7557644198632072
596,1.87473302713499,0.16695300429291185,0.9508275791639226,0.7558643849179185
597,2.042749399563385,0.7617254864512858,0.9508275791639226,0.7557664933240195
598,1.8851695444234873,0.1593258755585823,0.9359010771979238,0.7558642975669272
599,2.03354174457707,0.765321450978111,0.9359010771979238,0.7557689392253195
600,1.8949944620027555,0.1536696185853179,0.9221858577843678,0.7558642564828205
601,2.0236922102120154,0.7683093390307176,0.9221858577843678,0.7557717179621312
602,1.9041815733102596,0.15022860161307686,0.9097879589864438,0.7558642584583771
603,2.013227690377872,0.7706853512920268,0.9097879589864438,0.755774791197543
604,1.91270669286239,0.14916904164851882,0.8988081353806838,0.7558643003091176
605,2.0021771425366337,0.7564735550598849,0.8988081353806838,0.755778121959596
606,1.9205476477903742,0.15054508560404994,0.889339772357671,0.7558643788874346
607,1.9905715871288685,0.7423541458788042,0.889339772357671,0.755781674724241
608,1.92768426896817,0.15428669272729978,0.8814667284503879,0.7558644910954977
609,1.9784441043905163,0.7286361121277699,0.8814667284503879,0.7557854154849736
610,1.9340983820743172,0.1602152087311509,0.8752612068252236,0.7558646338969578
611,1.9658298278529072,0.7153941515867799,0.8752612068252236,0.7557893118097917
612,1.9397737988710424,0.1680791214878052,0.8707817733040193,0.755864804327487
613,1.9527659337128869,0.7027049659329178,0.8707817733040193,0.7557933328861208
614,1.944696308933572,0.17759497113855593,0.8680716446741031,0.7558649995041796
615,1.93929162514457,0.6906466951262645,0.8680716446741031,0.7557974495543807
616,1.9488536720196141,0.1884808444698358,0.867157364676217,0.7558652166338606
617,1.9254481104998895,0.679298192825402,0.867157364676217,0.7558016343308572
618,1.9522356112323296,0.2004773771384828,0.8680479648245257,0.755865453020331
619,1.911278574213237,0.6687381317339728,0.8680479648245257,0.7558058614205639
620,1.9548338070989635,0.21335734148659113,0.8707346744040055,0.7558657060706014
621,1.8968281390880257,0.6590439360083141,0.8707346744040055,0.7558101067207577
622,1.956641892660699,0.22692743411486327,0.8751912023690498,0.7558659733001527
623,1.8821438185030983,0.6502905492959663,0.8751912023690498,0.755814347815797
624,1.9576554496465042,0.2410258056382006,0.8813745690472264,0.7558662523372689
625,1.8672744569386093,0.6425490613802989,0.8813745690472264,0.7558185639639898
626,1.9578720057838768,0.2555178232430305,0.8892264238431223,0.755866540926494
627,1.8522706570898706,0.6358852329127604,0.8892264238431223,0.755822736077106
628,1.9572910332818123,0.27029149980675793,0.898674752172104,0.7558668369312519
629,1.8371846917205434,0.6303579747389122,0.898674752172104,0.7558268466931795
630,1.955913948505266,0.28525328027510793,0.9096358544251527,0.7558671383356884
631,1.8220703983121083,0.6260178536153671,0.9096358544251527,0.7558308799432508
632,1.9537441128451651,0.3003244415428005,0.9220164732051981,0.7558674432457764
633,1.8069830545050307,0.6229057070034718,0.9220164732051981,0.7558348215126449
634,1.9507868347730204,0.3154381409553223,0.9357159513003006,0.7558677498897307
635,1.7919792323103856,0.6210514534961341,0.9357159513003006,0.7558386585973931
636,1.947049373053662,0.3305370520669927,0.9506283189783199,0.7558680566177922
637,1.7771166291124436,0.6204731803402096,0.9506283189783199,0.7558423798563682
638,1.942540941072967,0.34557149475718,0.96664423139558,0.7558683619014177
639,1.7624538735974877,0.6211765747913058,0.96664423139558,0.7558459753596843
640,1.9372727122189028,0.3604979656297943,0.9836527013767891,0.7558686643319297
641,1.7480503049472154,0.6231547426928267,0.9836527013767891,0.7558494365339028
642,1.9312578262331115,0.37527798560065495,1.0015425963506335,0.7558689626186718
643,1.7339657239414767,0.6263884284073901,1.0015425963506335,0.7558527561045453
644,1.9245113964258178,0.38987719590070175,1.020203888604329,0.7558692555867104
645,1.720260115038484,0.6308466189880204,1.020203888604329,0.7558559280363972
646,1.9170505176182666,0.40426464753171715,1.0395286640751795,0.755869542174134
647,1.7069933390517154,0.6364874866275788,1.0395286640751795,0.7558589474720658
648,1.908894274643346,0.41841224109319863,1.0594119063329976,0.7558698214289946
649,1.6942247967277884,0.6432596008204506,1.0594119063329976,0.7558618106692268
650,1.9000637511956344,0.4322942835666792,1.0797520795569129,0.7558700925059197
651,1.6820130643482702,0.6481457667993975,1.0797520795569129,0.7558645149369605
652,1.8905820387758738,0.445887136273326,1.1004517370498652,0.7558703546624538
653,1.6703977835904993,0.636321077883573,1.1004517370498652,0.7562474050458301
654,1.8804742454208452,0.4591689341394148,1.1214189584522036,0.7558706072551548
655,1.6594588503398306,0.6240753794756266,1.1214189584522036,0.756289368411968
656,1.8697675038468125,0.4721193609531667,1.1425728994678683,0.7558708497354858
657,1.6491802958183177,0.6113996389839969,1.1425728994678683,0.7593762662579118
658,1.8584909785620904,0.48471946877683,1.1638171129595185,0.7558710816455421
659,1.6397294676543748,0.5983637857894016,1.1638171129595185,0.7565466038761043
660,1.8466758714209275,0.49695153233716355,1.1850711092570985,0.7558713026136412
661,1.6311137492994243,0.5849782323154472,1.1850711092570985,0.756693583616883
662,1.8343554249958964,0.5087989312508624,1.2062612532056343,0.7558715123498096
663,1.6233607110152477,0.5712609936813129,1.2062612532056343,0.7569378866651713
664,1.8215649230386435,0.5202460544996395,1.227315854740423,0.7558717106411992
665,1.6165111063978517,0.5572393624549841,1.227315854740423,0.7571634497348773
666,1.8083416871786882,0.5312782227674093,1.2481670514892333,0.755871897347455
667,1.6106021168523919,0.5429431201278196,1.2481670514892333,0.757366174907805
668,1.794725068876859,0.5418816251762082,1.2687526829981193,0.755872072396071
669,1.605663167130505,0.5284017316791113,1.2687526829981193,0.7576323808935629
670,1.7807564355043484,0.532430050698549,1.289009397957361,0.7558722357777425
671,1.60172734816415,0.5136545266824474,1.289009397957361,0.7577776254424402
672,1.7664791492612983,0.5217454829541778,1.3088810925266303,0.7558723875417571
673,1.598815009273844,0.4987381516809354,1.3088810925266303,0.7578754690872205
674,1.7519385374822714,0.5119700610668566,1.3283144267102829,0.7558725277914278
675,1.596942352807606,0.4836936584115372,1.3283144267102829,0.7580030535702476
676,1.7371818527030225,0.5031935084138369,1.3472591795302724,0.7558726566795965
677,1.5961200672374447,0.46856614191703205,1.3472591795302724,0.7581126061770108
678,1.7222582206881079,0.49550179758396845,1.3656680190097004,0.7558727744042266
679,1.596353152471751,0.45340535358979417,1.3656680190097004,0.7582030916165274
680,1.7072185744481647,0.4889748633467204,1.3834965091504667,0.7558728812040905
681,1.5976406506755827,0.43826611280191974,1.3834965091504667,0.7582753946382492
682,1.692115572117263,0.4836841624275226,1.4007029880931472,0.7558729773545791
683,1.5999756517489294,0.4232089897199585,1.4007029880931472,0.7583304950149719
684,1.6770034964246874,0.4796902250972676,1.4172484495036792,0.7558730631636313
685,1.6033453789652732,0.40830107072425426,1.4172484495036792,0.7583693876297276
686,1.6619381333944878,0.47704037700379115,1.4330964331030278,0.7558731389678094
687,1.6077313448954547,0.3936167837480577,1.4330964331030278,0.758393073764709
688,1.6469766278549918,0.47576682392891373,1.4482129244447508,0.7558732051285173
689,1.6131095728240328,0.37923875182111083,1.4482129244447508,0.758402555655696
690,1.6321773133564423,0.4758852797910177,1.4625662636451426,0.755873262028374
691,1.619450877380959,0.3652586185320555,1.4625662636451426,0.7583988315502075
692,1.6175995141970791,0.4773942767677865,1.4761270626586427,0.7558733100677543
693,1.6267211966989978,0.3517777537174418,1.4761270626586427,0.7583828911514287
694,1.6033033174666405,0.48027523031307323,1.488868130630178,0.7558733496614862
695,1.634881967370455,0.33890770039535734,1.488868130630178,0.7583557114362454
696,1.5893493133518783,0.48449325212677696,1.5007644068260895,0.7558733812357338
697,1.6438905328524662,0.3267701660465701,1.5007644068260895,0.7583182528390424
698,1.5757983024303086,0.48999862573951924,1.5117929006378703,0.7558734052250405
699,1.6537005757570422,0.31549629944508273,1.5117929006378703,0.758271455792195
700,1.562710969321785,0.4967287968438601,1.5219326381619271,0.7558734220695588
701,1.664262564632343,0.3052249440938612,1.5219326381619271,0.7582162376133679
702,1.5501475228825536,0.5046106938874151,1.5311646148791969,0.7558734322124487
703,1.6755242063458577,0.29609954902172825,1.5311646148791969,0.7581534897289869
704,1.5381673041146289,0.5135631869464762,1.5394717539871652,0.7558734360974598
705,1.6874308959544517,0.28826348708222954,1.5394717539871652,0.7580840752226029
706,1.5268283641148144,0.5234995110315578,1.5468388699709101,0.7558734341666833
707,1.6999261569187551,0.2818537216432788,1.5468388699709101,0.7580088266962717
708,1.5161870156785706,0.5343295157192876,1.5532526370372965,0.75587342685848
709,1.712952065617202,0.27699309429401625,1.5532526370372965,0.7579285444325763
710,1.5062973635643775,0.5459616468035838,1.5587015620759404,0.7558734146055817
711,1.7264496552693742,0.2737819419468886,1.5587015620759404,0.7578439948444864
712,1.497210819857371,0.5583046090328676,1.563175961851058,0.7558733978333568
713,1.7403592955288452,0.2722901724592279,1.563175961851058,0.7577559091998822
714,1.488975612273671,0.5712686960645117,1.5666679441691342,0.7558733769582421
715,1.7546210451029762,0.27255114994843704,1.5666679441691342,0.7576649826072718
716,1.4816362945319634,0.5847668015859436,1.569171392808078,0.7558733523863361
717,1.7691749757637778,0.27455859727107945,1.569171392808078,0.7575718732490168
718,1.4752332689907584,0.5987151436566736,1.5706819560339558,0.7558733245121437
719,1.7839614670047517,0.27826717792952604,1.5706819560339558,0.7574772018482049
720,1.4698023325106258,0.6130337438732567,1.57119703857136,0.7558732937174744
721,1.7989214713593227,0.2835966311585746,1.57119703857136,0.7573815513552062
722,1.4653742568601344,0.627646705885926,1.5707157969330816,0.7558732603704823
723,1.8139967510223287,0.2904385928485956,1.5707157969330816,0.7572854668399214
724,1.4619744148686469,0.6305141001210436,1.5692391380539725,0.7558732248248469
725,1.8291300869099103,0.2986648054852704,1.5692391380539725,0.7571894555757303
726,1.4596224628919274,0.6257253867802143,1.5667697212129257,0.7558731874190833
727,1.8442654616634684,0.3081354011925493,1.5667697212129257,0.7570939873012297
728,1.4583320889860252,0.6203993137273691,1.563311963265879,0.7558731484759814
729,1.859348218362436,0.3187062460848441,1.563311963265879,0.756999494645974
730,1.4581108345098595,0.6145416624203208,1.5588720472518003,0.7558731083021625
731,1.874325196872815,0.3302347772625699,1.5588720472518003,0.7569063737065986
732,1.4589599947675442,0.6081588281305824,1.5534579344729302,0.7558730671877509
733,1.889144849839065,0.3425841763751595,1.5534579344729302,0.7568149847599429
734,1.460874601865898,0.6012578255171132,1.5470793801902387,0.7558730254061482
735,1.9037573403410775,0.3556260127364112,1.5470793801902387,0.7567256531000356
736,1.4638434903386424,0.5938462955720363,1.5397479531151508,0.7558729832139109
737,1.91811462319987,0.36924163866408005,1.5397479531151508,0.7566386699861328
738,1.467849443431844,0.5859325142373712,1.5314770589191418,0.7558729408507185
739,1.9321705118380978,0.3833226598595055,1.5314770589191418,0.7565542936893356
740,1.4728694154137196,0.5775254030547906,1.5222819680236694,0.7558728985394289
741,1.9458807324957712,0.39777077723453363,1.5222819680236694,0.7564727506256916
742,1.4788748230127073,0.5686345422873811,1.512179847973822,0.75587285648621
743,1.9592029674772289,0.41249724038357655,1.512179847973822,0.7563942365641042
744,1.4858318972223872,0.5592701870470032,1.5011898007396347,0.7558728148807505
745,1.9720968889702406,0.4274220909868672,1.5011898007396347,0.7563189178978196
746,1.4937020853269758,0.5494432870777975,1.4893329053284852,0.7558727738965313
747,1.9845241848384472,0.4424733193499012,1.4893329053284852,0.7562469329687044
748,1.5024424921427626,0.5391655109917163,1.4766322661293418,0.7558727336911595
749,1.9964485776489793,0.45758601364740736,1.4766322661293418,0.7561783934340471
750,1.5120063491435616,0.5284492759334823,1.4631130674434032,0.7558726944067569
751,2.007835838061722,0.47270154944887893,1.4631130674434032,0.7561133856660899
752,1.522343500308987,0.5173077838802608,1.4488026346837908,0.755872656170397
753,2.0186537935778484,0.48776684500563033,1.4488026346837908,0.7560519721750392
754,1.5334008941396104,0.5057550660688449,1.4337305027466791,0.755872619094582
755,2.0288723335246877,0.5027336932953461,1.4337305027466791,0.7559941930468225
756,1.5451230722380485,0.493806037407695,1.417928492063838,0.7558725832777604
757,2.0384634110427253,0.517558172822391,1.417928492063838,0.7559400673874034
758,1.5574526460639628,0.4814765631956719,1.401430792837173,0.7558725488048736
759,2.0474010427390836,0.5322001339384621,1.401430792837173,0.7558895947660007
760,1.570330754836226,0.4687835410639651,1.3842740579230697,0.7558725157479314
761,2.0556613065801894,0.5466227546915882,1.3842740579230697,0.7558427566501211
762,1.5836974989857808,0.455745001822644,1.3664975047700116,0.7558724841666048
763,2.0632223385143837,0.5607921590209461,1.3664975047700116,0.7557995178258358
764,1.5974923449786693,0.44238023388153586,1.348143026706568,0.7558724541088445
765,2.0700643282423585,0.574677089870642,1.348143026706568,0.7557598277972847
766,1.6116544986665178,0.4287099371972899,1.3292553137152512,0.7558724256115026
767,2.076169514489037,0.5882486300897906,1.3292553137152512,0.7557236221599316
768,1.626123245534623,0.4147564143679411,1.3098819825944694,0.7558723987009701
769,2.0815221800740473,0.6014799645588643,1.3098819825944694,0.7556908239425975
770,1.6408382572753724,0.4005438086763831,1.290073716085734,0.7558723733938171
771,2.0861086470285697,0.6143461776729625,1.290073716085734,0.7556613449138317
772,1.6557398650017516,0.3860984017363057,1.2698844101018836,0.755872349697434
773,2.0899172719632184,0.6268240810263703,1.2698844101018836,0.7556350868486723
774,1.670769300129208,0.3714489871265535,1.249371327605648,0.7558723276106718
775,2.0929384418540464,0.6388920668264925,1.249371327605648,0.7556119427523345
776,1.6858689045009727,0.3566273412742073,1.2285952569227845,0.7558723071244771
777,2.0951645703808586,0.6505299831920122,1.2285952569227845,0.7555917980378323
778,1.7009823117257163,0.34166881917707476,1.2076206712931807,0.755872288222521
779,2.096590094923107,0.6617190280489766,1.2076206712931807,0.7555745316549964
780,1.7160546019550942,0.32661311068760096,1.1865158852269237,0.7558722708818152
781,2.097211474292965,0.6724416588276562,1.1865158852269237,0.755560017168769
782,1.7310324324723978,0.3115052033188196,1.1653532017012074,0.7558722550733179
783,2.097027187261962,0.6826815155858057,1.1653532017012074,0.7555481237850931
784,1.7458641465127112,0.296396609974756,1.1442090423742042,0.7558722407625241
785,2.0960377319162693,0.6924233555462438,1.1442090423742042,0.7555387173230687
786,1.7604998627093462,0.2813469341561234,1.1231640507826037,0.7558722279100386
787,2.0942456258554905,0.7016529973452679,1.1231640507826037,0.7555316611324591
788,1.7748915474789848,0.2664258591629298,1.1023031559333494,0.7558722164721338
789,2.091655407230146,0.7103572735503099,1.1023031559333494,0.755526816955939
790,1.7889930725347132,0.2517156567665515,1.0817155808391727,0.7558722064012847
791,2.0882736365931702,0.7185239902269585,1.0817155808391727,0.7555240457358292
792,1.802760259565605,0.2373143040238103,1.06149477748284,0.755872197646686
793,2.084108899520092,0.7261418925229894,1.06149477748284,0.7555232083653508
794,1.8161509139547596,0.22333925267095112,1.0417382666099446,0.755872190154744
795,2.079171809930393,0.7332006353956184,1.0417382666099446,0.7555241663847128
796,1.8291248492337235,0.2099317735740371,1.022547357936434,0.755872183869551
797,2.0734750140182587,0.7396907587424049,1.022547357936434,0.7555267826226095
798,1.8416439037968382,0.19726153164624946,1.0040267242378242,0.7558721787333316
799,2.0670331946737415,0.7456036663100127,1.0040267242378242,0.7555309217839409
800,1.8536719512294242,0.1855305399985485,0.9862838019300401,0.7558721746868671
801,2.059863076244633,0.7509316078517165,0.9862838019300401,0.7555364509847694
802,1.865174905442418,0.17497481014698762,0.9694279918610406,0.7558721716698967
803,2.0519834294542454,0.7556676640869878,0.9694279918610406,0.7555432402357327
804,1.8761207216555693,0.16586090798721087,0.9535696379044992,0.7558721696214921
805,2.0434150762501684,0.7598057340870744,0.9535696379044992,0.7555511628753068
806,1.8864793941329367,0.1584737017677398,0.9388187683757008,0.7558721684804108
807,2.034180894312998,0.7633405247712612,0.9388187683757008,0.7555600959544422
808,1.8962229514489204,0.15309202649573284,0.9252835969097787,0.755872168185422
809,2.024305820901364,0.7662675422511481,0.9252835969097787,0.755569920574259
810,1.9053254499504528,0.14995245122608622,0.9130687955106658,0.7558721686756104
811,2.013816855649422,0.7685830848063075,0.9130687955106658,0.7555805221785775
812,1.9137629659809559,0.1492082492863529,0.9022735726227445,0.7558721698906543
813,2.0027430618646758,0.7594321102664818,0.9022735726227445,0.7555917908031693
814,1.9215135873435918,0.15089756479585217,0.8929896120591856,0.755872171771082
815,1.9911155657968167,0.7453289609576874,0.8929896120591856,0.7556036212836788
816,1.9285574044044045,0.1549348357621681,0.8852989522115301,0.7558721742585038
817,1.9789675532617377,0.7316293557798259,0.8852989522115301,0.7556159134242512
818,1.9348765011691957,0.16112966771459836,0.8792719060177029,0.7558721772958232
819,1.9663342629085867,0.7184079401782352,0.8792719060177029,0.755628572128929
820,1.9404549466104608,0.16922414795435925,0.8749651369783883,0.7558721808274225
821,1.953252975311568,0.7057413205791897,0.8749651369783883,0.7556415074979178
822,1.9452787864713554,0.17893336455457687,0.8724200114844257,0.7558721847993335
823,1.9397629969525034,0.6937074947302565,0.8724200114844257,0.7556546348908552
824,1.9493360357315703,0.18997740550655687,0.8716613402066229,0.7558721891593794
825,1.9259056380355817,0.6823851242744298,0.8716613402066229,0.7556678749592021
826,1.9526166718841012,0.2021007310515644,0.8726966004524618,0.7558721938573055
827,1.911724182943673,0.6718526390069597,0.8726966004524618,0.7556811536498964
828,1.9551126291413967,0.21508052914529532,0.8755156986887511,0.7558721988448847
829,1.8972638520081573,0.6621871705074708,0.8755156986887511,0.7556944021823735
830,1.9568177936633,0.22872776897907887,0.8800912916651915,0.7558722040760074
831,1.8825717531244945,0.6534633242253146,0.8800912916651915,0.7557075570010484
832,1.9577279998768213,0.24288438534730566,0.8863796412374141,0.7558722095067549
833,1.8676968216079604,0.6457518133568458,0.8863796412374141,0.7557205597053148
834,1.9578410279382692,0.25741893592225273,0.8943219381201387,0.7558722150954572
835,1.8526897465536027,0.6391179941139703,0.8943219381201387,0.7557333569590783
836,1.9571566023709042,0.2722220493732725,0.9038459986964907,0.755872220802731
837,1.8376028818485637,0.6336203586690285,0.9038459986964907,0.7557459003817913
838,1.9556763918953879,0.28720228302774525,0.9148682201427115,0.7558722265915077
839,1.822490139892119,0.6293090569517802,0.9148682201427115,0.7557581464229007
840,1.953404010455149,0.3022826077229319,0.9272956736087018,0.7558722324270485
841,1.807406866019428,0.6262245289589531,0.9272956736087018,0.7557700562215747
842,1.9503450194237324,0.3173975369649517,0.9410282218565611,0.7558722382769433
843,1.79240969161113,0.6243963327758532,0.9410282218565611,0.7557815954534809
844,1.9465069309655982,0.3324908322071645,0.9559605637560148,0.7558722441111
845,1.777556363916049,0.6238422482353149,0.9559605637560148,0.7557927341663552
846,1.9418992125049384,0.34751368998720167,0.971984129700096,0.7558722499017235
847,1.762905550733098,0.6245677214447022,0.971984129700096,0.7558034466059937
848,1.9365332922382723,0.3624233178347669,0.9889887756834481,0.755872255623283
849,1.7485166183062304,0.6265656923287392,0.9889887756834481,0.7558137110342558
850,1.9304225656050822,0.37718181763589154,1.0068642464557513,0.7558722612524741
851,1.7344493810979205,0.6298168185340656,1.0068642464557513,0.7558235095405661
852,1.9235824026058086,0.39175530954496834,1.0255013977455556,0.7558722667681687
853,1.7207638225356596,0.6342900783829265,1.0255013977455556,0.7558328278483369
854,1.9160301558273682,0.4061132431422271,1.0447931829509223,0.7558722721513594
855,1.7075197863828935,0.6399437073097382,1.0447931829509223,0.7558416551176474
856,1.9077851690020868,0.4202278541316784,1.0646354206512314,0.7558722773850972
857,1.694776639076603,0.6467264001109163,1.0646354206512314,0.7558499837454389
858,1.89886878588569,0.4340737342631285,1.0849273661393224,0.7558722824544262
859,1.6825929041976793,0.6449039069543406,1.0849273661393224,0.7558578091643966
860,1.8893043591928045,0.4476274895502368,1.1055723436808795,0.7558722873463068
861,1.6710050706935906,0.6330493000517018,1.1055723436808795,0.7563117472375456
862,1.8791172592733205,0.4608674675792014,1.1264792117226983,0.7558722920495445
863,1.6600995568311259,0.6207766151399127,1.1264792117226983,0.7566054758885898
864,1.868334882148927,0.4737735390972163,1.147557944337338,0.755872296554703
865,1.6499256081927642,0.6081062719070027,1.147557944337338,0.7560783288709171
866,1.8569866564551858,0.48632692243103126,1.168723746224074,0.7558723008540271
867,1.6405304724609724,0.5950597645728148,1.168723746224074,0.7561349564217318
868,1.8451040487496828,0.4985100418541213,1.1898969707794587,0.755872304941354
869,1.6319587983613706,0.5816596927126875,1.1898969707794587,0.7562082486831136
870,1.8327205665502282,0.5103064129851058,1.2110019439510256,0.7558723088120282
871,1.6242552104597043,0.5679317638655133,1.2110019439510256,0.7562753692571969
872,1.8198717583580934,0.5217005498056936,1.2319670590436465,0.7558723124628118
873,1.6174606091534898,0.553903723034349,1.2319670590436465,0.7563355788739307
874,1.806595209799423,0.5326778890443105,1.252724661637907,0.7558723158917972
875,1.6116116189863607,0.5396055131378423,1.252724661637907,0.7563890540177398
876,1.7929305348832116,0.542397345617497,1.273213258798584,0.7558723190983184
877,1.6067363510746553,0.5250661214982482,1.273213258798584,0.7565425418593471
878,1.7789193612270526,0.5309960116720472,1.2933685578027083,0.755872322082863
879,1.6028690994297854,0.5103267841182358,1.2933685578027083,0.756501579173877
880,1.7646053079434314,0.5204242849340356,1.3131354661151042,0.7558723248469841
881,1.6000281385309776,0.4954232286106662,1.3131354661151042,0.7565449846090757
882,1.7500339547117618,0.5107734883257775,1.3324608767482033,0.755872327393214
883,1.5982290559811456,0.4803968259204636,1.3324608767482033,0.7565852835345844
884,1.735252800387875,0.5021329790158116,1.3512946173946603,0.7558723297249792
885,1.5974820703445614,0.4652932871417205,1.3512946173946603,0.7566192172393227
886,1.720311209327955,0.4945880792242191,1.369589541518919,0.7558723318465193
887,1.5977915093402693,0.4501628653924815,1.369589541518919,0.7566469534790721
888,1.7052603434343103,0.4882177626019588,1.3873014021748942,0.7558723337628036
889,1.599155742294327,0.4350609651545089,1.3873014021748942,0.7566688062939773
890,1.6901530777742089,0.4830922039167583,1.4043887246322648,0.755872335479455
891,1.6015672000679628,0.4200488448510754,1.4043887246322648,0.7566851008583322
892,1.6750438974907644,0.4792703421412631,1.4208126878664926,0.7558723370026713
893,1.6050124677932613,0.4051943938233156,1.4208126878664926,0.7566961660734791
894,1.6599887736294072,0.4767976384947821,1.436537015410699,0.7558723383391545
895,1.60947244716174,0.39057296668129343,1.436537015410699,0.7567023324700851
896,1.645045015460031,0.475704222132922,1.4515278754354588,0.7558723394960376
897,1.6149225835545344,0.3762682409980693,1.4515278754354588,0.7567039304511153
898,1.630271096900948,0.47600360004517395,1.4657537897515371,0.7558723404808216
899,1.6213331516050702,0.36237303811051347,1.4657537897515371,0.7567012886727018
900,1.615726454765605,0.4776920626710917,1.4791855513297585,0.7558723413013062
901,1.6286695914021465,0.34899000970129884,1.4791855513297585,0.7566947325530283
902,1.6014712567770037,0.4807488481356718,1.4917961498723733,0.7558723419655332
903,1.636892886545656,0.3362320437251862,1.4917961498723733,0.7566845829066915
904,1.587566137648311,0.48513704758029785,1.5035607049407302,0.7558723424817259
905,1.6459599746843043,0.3242221838486866,1.5035607049407302,0.7566711547019418
906,1.5740719020299763,0.49080515696651356,1.5144564061368384,0.7558723428582368
907,1.6558241809904557,0.31309279451197597,1.5144564061368384,0.7566547559377831
908,1.5610491937889184,0.4976891211287341,1.5244624598454386,0.7558723431034957
909,1.6664356652313377,0.3029836563001771,1.5244624598454386,0.7566356866376075
910,1.548558131923006,0.505714682988597,1.5335600420637767,0.7558723432259615
911,1.6777418736275123,0.2940386735687325,1.5335600420637767,0.7566142379557146
912,1.5366579144242791,0.5147998469946076,1.5417322568748693,0.7558723432340794
913,1.689687987483936,0.2864009595259933,1.5417322568748693,0.7565906913928044
914,1.5254063925755867,0.5248572867848104,1.5489641001539989,0.7558723431362405
915,1.7022173615641571,0.280206274195554,1.5489641001539989,0.7565653181162997
916,1.5148596194717414,0.5357965643973421,1.5552424281355235,0.7558723429407413
917,1.71527194628168,0.2755751424052319,1.5552424281355235,0.7565383783811634
918,1.5050713779558398,0.5475260725302975,1.5605559305064614,0.755872342655753
919,1.7287926889363319,0.27260442494944936,1.5605559305064614,0.7565101210466983
920,1.4960926945950408,0.5599546541756629,1.5648951077336466,0.7558723422892877
921,1.7427199103683504,0.2713595251589629,1.5648951077336466,0.7564807831847055
922,1.4879713477126253,0.5729928899223273,1.5682522523719997,0.7558723418491708
923,1.7569936544906588,0.27186859578534095,1.5682522523719997,0.756450589774255
924,1.4807513787561677,0.586554069763418,1.570621434142085,0.755872341343017
925,1.7715540091543742,0.274119909670829,1.570621434142085,0.7564197534782647
926,1.4744726173185891,0.6005548831477215,1.5719984886054907,0.7558723407782074
927,1.786341397679807,0.278062961083068,1.5719984886054907,0.7563884744970318
928,1.4691702308424874,0.6149158695857561,1.5723810093065096,0.7558723401618688
929,1.8012968411318708,0.28361305767618367,1.5723810093065096,0.7563569404938314
930,1.464874310339584,0.6295616743431407,1.5717683432881702,0.7558723395008603
931,1.8163621920309785,0.29065844644089056,1.5717683432881702,0.7563253265877227
932,1.461609503275816,0.6299229663065103,1.5701615899299048,0.7558723388017553
933,1.831480340671531,0.2990686408232129,1.5701615899299048,0.7562937954087022
934,1.4593947040660085,0.6250642152787695,1.5675636030931874,0.7558723380708325
935,1.8465953955789374,0.30870265195462404,1.5675636030931874,0.7562624972104101
936,1.4582428113835841,0.6196688195421165,1.5639789966004731,0.7558723373140656
937,1.8616528398851797,0.3194161656095373,1.5639789966004731,0.7562315700356504
938,1.4581605597545197,0.6137426399877203,1.5594141531118608,0.7558723365371152
939,1.8765996655567598,0.3310671577893832,1.5594141531118608,0.7562011399300792
940,1.4591484307461808,0.6072921519746689,1.5538772365032327,0.755872335745326
941,1.8913844874826942,0.3435198433041417,1.5538772365032327,0.7561713211994944
942,1.461200646593359,0.6003244510667997,1.5473782078893086,0.7558723349437216
943,1.9059576394390774,0.3566471218985027,1.5473782078893086,0.7561422167063075
944,1.4643052464666069,0.5928472601771759,1.5399288454751399,0.7558723341370043
945,1.9202712539046427,0.37033181841754764,1.5399288454751399,0.7561139182008723
946,1.4684442429384665,0.5848689384267451,1.5315427684600451,0.7558723333295546
947,1.934279327621442,0.3844670411686122,1.5315427684600451,0.756086506683507
948,1.4735938536992124,0.5763984920883178,1.5222354652587102,0.7558723325254343
949,1.9479377746872348,0.39895594939422313,1.5222354652587102,0.7560600527931853
950,1.4797248013594446,0.5674455880660423,1.5120243263448971,0.7558723317283883
951,1.9612044688408414,0.41371116199627955,1.5120243263448971,0.7560346172190355
952,1.4868026723698327,0.5580205704577738,1.5009286820633907,0.7558723309418507
953,1.9740392764661976,0.42865397773552366,1.5009286820633907,0.7560102511309524
954,1.4947883247701026,0.5481344808679987,1.4889698457947853,0.7558723301689512
955,1.9864040817013027,0.4437135232517448,1.4889698457947853,0.7559869966257942
956,1.5036383336905201,0.5377990832885221,1.4761711628943095,0.7558723294125195
957,1.9982628048994229,0.4588259031701131,1.4761711628943095,0.7559648871858226
958,1.5133054632690717,0.5270268945510254,1.4625580658586301,0.7558723286750966
959,2.009581415555279,0.47393339603690277,1.4625580658586301,0.7559439481462202
960,1.523739153878814,0.5158312215904144,1.4481581362012774,0.7558723279589404
961,2.0203279406810557,0.48898371893680354,1.4481581362012774,0.7559241971687011
962,1.5348860142156309,0.5042262070542873,1.433001173535148,0.7558723272660379
963,2.030472469497529,0.5039293700717539,1.433001173535148,0.7559056447184291
964,1.5466903087901216,0.4922268851699532,1.417119272365629,0.7558723265981137
965,2.039987155195422,0.5187270502348883,1.417119272365629,0.7558882945416244
966,1.5590944326020215,0.47984925025992337,1.4005469070851595,0.7558723259566403
967,2.0488462144217063,0.5333371593249576,1.4005469070851595,0.7558721441414448
968,1.5720393661542102,0.4671103409110634,1.3833210256230202,0.7558723253428518
969,2.0570259250549783,0.5477233615833828,1.3833210256230202,0.7558571852498968
970,1.5854651053959574,0.4540283435931843,1.3654811521342745,0.7558723247577539
971,2.0645046227530406,0.5618522122316532,1.3654811521342745,0.7558434042937311
972,1.599311062594099,0.44062272054486024,1.3470694989984535,0.7558723242021345
973,2.071262696683898,0.5756928380555931,1.3470694989984535,0.7558307828524375
974,1.613516435454724,0.4269143680708507,1.3281310882281596,0.7558723236765779
975,2.077282584787895,0.5892166648421282,1.3281310882281596,0.7558192981066445
976,1.628020543012016,0.4129258131235474,1.3087138821435857,0.7558723231814763
977,2.0825487688630493,0.6023971851808168,1.3087138821435857,0.7558089232753983
978,1.6427631278369237,0.39868145829816304,1.2888689228303485,0.7558723227170416
979,2.0870477697168948,0.6152097608478443,1.2888689228303485,0.7557996280409575
980,1.657684624982759,0.38420788832493025,1.26865047944033,0.7558723222833181
981,2.090768142585635,0.6276314547071181,1.26865047944033,0.7557913789599083
982,1.6727263987761487,0.36953425500624676,1.24811620178912,0.7558723218801937
983,2.0937004729843114,0.6396408877434656,1.24811620178912,0.7557841398595544
984,1.687830949087841,0.3546927625912887,1.227327277915586,0.7558723215074129
985,2.0958373731192173,0.6512181174629833,1.227327277915586,0.7557778722186942
986,1.7029420890930373,0.33971928212512115,1.2063485922617985,0.7558723211645886
987,2.0971734789652294,0.6623445344462114,1.2063485922617985,0.7557725355320339
988,1.7180050967734997,0.3246541316990324,1.185248879865703,0.7558723208512144
989,2.097705448085278,0.673002774320417,1.185248879865703,0.7557680876576249
990,1.7329668425439393,0.3095430700555526,1.1641008703963363,0.7558723205666739
991,2.097431958246223,0.6831766428318395,1.1641008703963363,0.7557644851468438
992,1.7477758954235785,0.2944385637122159,1.142981413969988,0.7558723203102542
993,2.096353706864173,0.6928510520534628,1.142981413969988,0.7557616835565549
994,1.762382610139812,0.27940140204287583,1.1219715784475683,0.7558723200811543
995,2.0944734112921575,0.7020119660657131,1.1219715784475683,0.755759637743218
996,1.7767391974623914,0.26450274843683347,1.1011567053361058,0.7558723198784968
997,2.0917958099433642,0.7106463547034254,1.1011567053361058,0.7557583021387942
998,1.7907997799390716,0.2498267233404956,1.0806264085496053,0.7558723197013388
999,2.088327664223233,0.7187421541789792,1.0806264085496053,0.7557576310084287
1000,1.8045204350504145,0.23547360486115615,1.0604744972362496,0.7558723195486786
1001,2.0840777612228765,0.7262882335745996,1.0604744972362496,0.7557575786899627
1002,1.817859227633337,0.2215636810632054,1.0407988008451583,0.7558723194194685
1003,2.079056917103966,0.7332743663516185,1.0407988008451583,0.755758099815419
1004,1.8307762332485829,0.20824165174705378,1.0217008718915233,0.75587231931262
1005,2.07327798108061,0.7396912061554966,1.0217008718915233,0.7557591495146944
1006,1.8432335539932851,0.19568118509259283,1.0032855399211287,0.755872319227015
1007,2.066755839876249,0.745530266306478,1.0032855399211287,0.7557606836017521
1008,1.8551953280910594,0.18408868944267448,0.9856602895538434,0.7558723191615127
1009,2.0595074225024286,0.7507839024601496,0.9856602895538434,0.7557626587436743
1010,1.8666277344320654,0.173704484689472,0.9689344369114667,0.7558723191149562
1011,2.051551705170712,0.7554452980026959,0.9689344369114667,0.7557650326130085
1012,1.8774989930864705,0.16479843578162248,0.9532180830003614,0.755872319086179
1013,2.0429097161082934,0.7595084518146171,0.9532180830003614,0.7557677640238681
1014,1.8877793626780368,0.15765628051355685,0.9386208304959132,0.7558723190740131
1015,2.033604540001145,0.7629681680960915,0.9386208304959132,0.7557708130523202
1016,1.8974411353807241,0.15255362183154952,0.9252502624532898,0.7558723190772952
1017,2.0236613217351063,0.7658200479986991,0.9252502624532898,0.7557741411416126
1018,1.9064586301902502,0.14971849897151346,0.9132101979333078,0.7558723190948692
1019,2.0131072690443825,0.7680604828533002,0.9132101979333078,0.7557777111928464
1020,1.914808185024123,0.14929066221949902,0.9025987599158567,0.755872319125594
1021,2.0019716536077103,0.7592063167484581,0.9025987599158567,0.7557814876417029
1022,1.9224681481170824,0.1512920823044662,0.8935063138334637,0.7558723191683483
1023,1.9902858100543472,0.7451365255165268,0.8935063138334637,0.7557854365218873
1024,1.929418869103322,0.15562199499917095,0.8860133582696252,0.7558723192220328
1025,1.9780831322545307,0.7314776754791551,0.8860133582696252,0.7557895255159428
1026,1.9356426901113755,0.16207891327749516,0.8801884696317323,0.755872319285575
1027,1.9653990661717415,0.7183045825976059,0.8801884696317323,0.7557937239941246
1028,1.9411239371411417,0.17039922722215461,0.8760864162467676,0.7558723193579328
1029,1.9522710984469984,0.7056939656334948,0.8760864162467676,0.7557980030420157
1030,1.9458489119441738,0.1802971259004022,0.8737465608567091,0.7558723194380971
1031,1.9387387397687645,0.6937238618900767,0.8737465608567091,0.7558023354775817
1032,1.9498058845871127,0.19149503257144865,0.87319166147559,0.7558723195250948
1033,1.9248435019566668,0.6824728843979452,0.87319166147559,0.7558066958583618
1034,1.9529850868430145,0.20374137755141342,0.8744271584277534,0.7558723196179898
1035,1.9106288675545664,0.6720193107704217,0.8744271584277534,0.7558110604794825
1036,1.9553787065254327,0.2168177860918464,0.8774410018578774,0.7558723197158868
1037,1.8961402505907494,0.6624400024755612,0.8774410018578774,0.7558154073631896
1038,1.9569808828545807,0.23053945632797918,0.8822040330746612,0.7558723198179313
1039,1.8814249470233544,0.6538091649096037,0.8822040330746612,0.7558197162405704
1040,1.9577877029229287,0.24475203763379663,0.8886708903004049,0.7558723199233105
1041,1.8665320732519113,0.6461969730906126,0.8886708903004049,0.755823968526139
1042,1.9577971993084047,0.25932720461510284,0.8967813706873904,0.7558723200312556
1043,1.8515124909467506,0.6396681040830124,0.8967813706873904,0.7558281472859365
1044,1.957009348866236,0.2741581345443649,0.9064621508957067,0.7558723201410417
1045,1.8364187163341938,0.6342802337802992,0.9064621508957067,0.7558322371997803
1046,1.955426072714704,0.2891554399718633,0.9176287512902208,0.7558723202519886
1047,1.8213048119856983,0.6300825701572025,0.9176287512902208,0.75583622451829
1048,1.9530512374149922,0.304243738899597,0.9301876247416663,0.7558723203634594
1049,1.8062262591040281,0.6271145049466309,0.9301876247416663,0.7558400970152775
1050,1.9498906573302157,0.31935886353359366,0.9440382587429688,0.7558723204748626
1051,1.7912398082911953,0.6254044684191425,0.9440382587429688,0.7558438439360969
1052,1.9459520981329865,0.33444563357825774,0.9590751961421159,0.7558723205856501
1053,1.7764033068351084,0.6249690657892429,0.9590751961421159,0.7558474559424879
1054,1.941245281413775,0.3494560988980973,0.9751899015948051,0.7558723206953176
1055,1.761775500679235,0.6258125582878296,0.9751899015948051,0.7558509250544664
1056,1.9357818903231976,0.36434815962188555,0.9922724242908066,0.7558723208034037
1057,1.747415809457474,0.627926728311216,0.9922724242908066,0.7558542445897541
1058,1.9295755761594648,0.3790844842012938,1.0102128297105284,0.755872320909488
1059,1.7333840732996266,0.6312911390717918,1.0102128297105284,0.7558574091012374
1060,1.9226419657867915,0.3936316603674234,1.0289023921715474,0.7558723210131921
1061,1.7197402705546287,0.6358737687409698,1.0289023921715474,0.7558604143129073
1062,1.9149986697407781,0.40795952731241564,1.0482345547390115,0.7558723211141759
1063,1.706544206149183,0.6416319714103881,1.0482345547390115,0.7558632570547146
1064,1.9066652908417985,0.4220406487324294,1.0681056735084986,0.7558723212121394
1065,1.6938551710039618,0.6485136959291112,1.0681056735084986,0.7558659351967393
1066,1.8976634330963162,0.4358498954808915,1.0884155696929467,0.7558723213068194
1067,1.6817315737666245,0.6428121279261181,1.0884155696929467,0.7558684475830557
1068,1.8880167106179095,0.4493641137333551,1.1090683285413763,0.7558723213979875
1069,1.670205877184785,0.6309097862803373,1.1090683285413763,0.7564010809861955
1070,1.8777507562435563,0.4625618600971506,1.129973214572485,0.7558723214854505
1071,1.6593734319679823,0.6185935400500199,1.129973214572485,0.7562942851381336
1072,1.8668932294554832,0.4754231893439211,1.1510404859614367,0.755872321569047
1073,1.6492781979874198,0.6058824469713273,1.1510404859614367,0.7560775198634414
1074,1.8554738231435672,0.4879294836889936,1.1721863114103748,0.7558723216486479
1075,1.6399650179017793,0.5927971202449597,1.1721863114103748,0.7561427263782043
1076,1.8435242686569675,0.5000633150216427,1.1933314659977727,0.7558723217241523
1077,1.6314800126334368,0.5793610130463208,1.1933314659977727,0.756212615589652
1078,1.8310783384955365,0.511808333387538,1.2144007768164755,0.7558723217954871
1079,1.6238674964487068,0.5656000398179192,1.2144007768164755,0.7562761035245881
1080,1.8181718458809064,0.5231491764795491,1.2353231224620036,0.7558723218626063
1081,1.6171679460286912,0.5515421428922224,1.2353231224620036,0.756332926130378
1082,1.804842640323631,0.5340713960124804,1.256031309358635,0.7558723219254869
1083,1.6114175179209314,0.5372174856603538,1.256031309358635,0.756383276387933
1084,1.7911305981663468,0.5408738974330847,1.2764647743485527,0.7558723219841299
1085,1.6066430820045756,0.5226546030830089,1.2764647743485527,0.7565551222943757
1086,1.7770776069342016,0.5295750622886152,1.2965587749536864,0.7558723220385567
1087,1.6028798089974017,0.5078962739493164,1.2965587749536864,0.7564952634976833
1088,1.7627275421640334,0.5191177334247202,1.3162589502780024,0.7558723220888076
1089,1.6001447686533388,0.49297803185884576,1.3162589502780024,0.7565380318270318
1090,1.7481262352152274,0.5095930850191696,1.3355126168302027,0.7558723221349418
1091,1.5984528820425805,0.4779415451769699,1.3355126168302027,0.7565784580449169
1092,1.7333214303912354,0.5010900733849049,1.3542699537415563,0.7558723221770328
1093,1.5978137656274078,0.462832954874295,1.3542699537415563,0.7566125711570643
1094,1.7183627295262942,0.4936933315495208,1.3724841451183434,0.7558723222151705
1095,1.5982311400972822,0.44770301526288503,1.3724841451183434,0.7566405076001304
1096,1.703301522023504,0.48748083085389454,1.390111257690856,0.755872322249457
1097,1.5997027673285957,0.4326077113913618,1.390111257690856,0.7566625778129903
1098,1.688190898176728,0.4825214230824851,1.4071101151129064,0.7558723222800057
1099,1.6022204776299402,0.41760897320772744,1.4071101151129064,0.7566791045846888
1100,1.673085543480535,0.47887241812655423,1.4234421809629425,0.7558723223069408
1101,1.6057702696955312,0.402775464058258,1.4234421809629425,0.7566904145761769
1102,1.6580416115427885,0.4765773815106627,1.4390714510181608,0.7558723223303947
1103,1.6103324797030183,0.38818342497141706,1.4390714510181608,0.756696836182568
1104,1.6431165731790425,0.47566434402155194,1.453964354662903,0.7558723223505089
1105,1.61588201465481,0.37391753838857633,1.453964354662903,0.7566986977771947
1106,1.6283690393043306,0.4761445957435389,1.4680896651231452,0.7558723223674279
1107,1.6223886433993109,0.3600717475727457,1.4680896651231452,0.75669632609455
1108,1.6138585553657756,0.47801218824178954,1.4814184181216543,0.7558723223813048
1109,1.6298173374237546,0.3467499292749648,1.4814184181216543,0.756690044740622
1110,1.5996453652991083,0.4812441977171641,1.4939238384912084,0.7558723223922948
1111,1.6381286525563903,0.33406626638672204,1.4939238384912084,0.7566801728280914
1112,1.5857901433639787,0.48580172108377206,1.5055812742554697,0.7558723224005552
1113,1.647279142175328,0.3221451064346162,1.5055812742554697,0.7566670237338
1114,1.572353692735226,0.49163150136323336,1.5163681376810334,0.7558723224062471
1115,1.6572217923872727,0.3111200293881921,1.5163681376810334,0.7566509039755385
1116,1.5593966104145585,0.4986680222755801,1.5262638528138306,0.7558723224095326
1117,1.6679064698791473,0.30113180310387017,1.5262638528138306,0.7566321122048532
1118,1.546978918887362,0.5068358828337364,1.5352498090339968,0.755872322410571
1119,1.679280373706665,0.2923249086799751,1.5352498090339968,0.7566109383122721
1120,1.5351596659814026,0.5160522624725065,1.5433093201919508,0.7558723224095227
1121,1.6912884831005213,0.28484241378271286,1.5433093201919508,0.7565876626410759
1122,1.523996495574768,0.5262293108328864,1.550427588922335,0.7558723224065478
1123,1.7038739943707784,0.2788191999685832,1.550427588922335,0.7565625553055092
1124,1.5135451931216266,0.5372763350697669,1.5565916757696003,0.7558723224018028
1125,1.716978741100951,0.27437392008415157,1.5565916757696003,0.7565358756091314
1126,1.5038592113720552,0.549101701966031,1.5617904727981533,0.7558723223954431
1127,1.7305435929781312,0.27160051737234053,1.5617904727981533,0.7565078715588418
1128,1.494989183095057,0.5616144143162608,1.5660146814000613,0.7558723223876193
1129,1.7445088297460094,0.270560536738587,1.5660146814000613,0.7564787794699764
1130,1.4869824289948452,0.574725355876963,1.5692567940537305,0.755872322378477
1131,1.7588144878469076,0.2712776061454714,1.5692567940537305,0.7564488236577774
1132,1.4798824702496751,0.5883482244403409,1.5715110798273533,0.7558723223681572
1133,1.7734006783021035,0.2737352133184238,1.5715110798273533,0.7564182162104606
1134,1.4737285561028908,0.602400188315936,1.5727735734609984,0.7558723223567986
1135,1.7882078752438189,0.27787826104479796,1.5727735734609984,0.7563871568390497
1136,1.4685552176007128,0.6168023091325984,1.5730420679009165,0.7558723223445334
1137,1.8031771752451013,0.283618061536329,1.5730420679009165,0.756355832799139
1138,1.464391858813561,0.6314797754257718,1.5723161101989898,0.7558723223314907
1139,1.8182505281922388,0.29083973536913194,1.5723161101989898,0.7563244188797342
1140,1.4612623966299125,0.6293228176962009,1.5705970007292809,0.7558723223177913
1141,1.8333709409124834,0.29941065061441885,1.5705970007292809,0.7562930774543529
1142,1.459184959435617,0.6243941033496956,1.5678877957125286,0.7558723223035518
1143,1.8484826551169007,0.3091886206990032,1.5678877957125286,0.7562619585896129
1144,1.4581716536856726,0.618929470464994,1.56419331307826,0.7558723222888832
1145,1.8635313014569395,0.32002894769728707,1.56419331307826,0.7562312002065924
1146,1.4582284055792956,0.612934859408055,1.559520141733152,0.7558723222738896
1147,1.8784640316384027,0.33178985601106914,1.559520141733152,0.7562009282903329
1148,1.4593548828432774,0.6064168256872503,1.5538766543434541,0.755872322258669
1149,1.8932296306031522,0.34433625358284664,1.5538766543434541,0.7561712571429655
1150,1.4615444991299493,0.5993825458575601,1.5472730237788488,0.7558723222433158
1151,1.907778610792053,0.3575420121816034,1.5472730237788488,0.7561422896760205
1152,1.4647845008882483,0.591839824868983,1.5397212434050154,0.7558723222279158
1153,1.9220632904562684,0.3712910754098334,1.5397212434050154,0.7561141177376522
1154,1.4690561339269876,0.5837971051733758,1.5312351514524727,0.7558723222125501
1155,1.936037857900554,0.38547772025631144,1.5312351514524727,0.7560868224706088
1156,1.4743348844153852,0.5752634779702351,1.5218304597297172,0.7558723221972911
1157,1.9496584234326098,0.4000062589675533,1.5218304597297172,0.7560604746969497
1158,1.4805907868985089,0.5662486970530993,1.5115247869890447,0.7558723221822075
1159,1.9628830606659258,0.4147904069699342,1.5115247869890447,0.7560351353256576
1160,1.4877887901579547,0.556763195818157,1.5003376972931723,0.7558723221673596
1161,1.9756718386874768,0.42975248053521026,1.5003376972931723,0.7560108557794639
1162,1.4958891704971928,0.5468181081203308,1.4882907437690807,0.7558723221528044
1163,1.9879868464620407,0.4448225349095622,1.4882907437690807,0.7559876784373764
1164,1.504847981311656,0.5364252938159944,1.4754075181712538,0.7558723221385917
1165,1.9997922107064194,0.45993751277529055,1.4754075181712538,0.7559656370895698
1166,1.5146175276102236,0.5255973700239491,1.4617137067080455,0.7558723221247665
1167,2.011054108332875,0.47504044357383174,1.4617137067080455,0.7559447574014836
1168,1.5251468544454,0.5143477493782341,1.447237152610051,0.7558723221113682
1169,2.021740774434001,0.49007971430991715,1.447237152610051,0.7559250573841585
1170,1.5363822389143014,0.5026906868519766,1.4320079259351401,0.755872322098434
1171,2.031822506662695,0.505008419635088,1.4320079259351401,0.7559065478680176
1172,1.5482676764229042,0.4906413371195291,1.4160584011071726,0.7558723220859944
1173,2.041271666751701,0.5197837912046103,1.4160584011071726,0.7558892329774913
1174,1.5607453531647892,0.47821582491915904,1.3994233426692408,0.7558723220740736
1175,2.0500626798178234,0.5343667018888583,1.3994233426692408,0.7558731106040691
1176,1.573756098156122,0.46543133151312177,1.3821399996907233,0.7558723220626938
1177,2.058172032006338,0.5487212382076377,1.3821399996907233,0.7558581728755408
1178,1.5872398096022098,0.4523062011591161,1.364248209191879,0.7558723220518698
1179,2.0655782669510727,0.5628143335132496,1.364248209191879,0.7558444066193744
1180,1.6011358517721024,0.43886007256410425,1.345790508829092,0.7558723220416153
1181,2.0722619814546173,0.5766154544175485,1.345790508829092,0.755831793818362
1182,1.61538341986688,0.4251140416641116,1.3268122589044073,0.7558723220319372
1183,2.0782058207304535,0.5900963333771291,1.3268122589044073,0.7558203120568234
1184,1.629921871542097,0.4110908638624029,1.307361773507529,0.7558723220228419
1185,2.0833944734938807,0.6032307409905566,1.307361773507529,0.7558099349558496
1186,1.6446910247590898,0.39681520619572924,1.2874904602460446,0.7558723220143313
1187,2.087814667140508,0.6159942922832322,1.2874904602460446,0.7558006325962214
1188,1.6596314224816635,0.3823139629569096,1.2672529675452076,0.7558723220064051
1189,2.091455163209195,0.6283642819783248,1.2672529675452076,0.7557923719278038
1190,1.6746845654039475,0.36761665230346985,1.2467073378725444,0.755872321999061
1191,2.094306753289682,0.6403195444323309,1.2467073378725444,0.7557851171643648
1192,1.6897931144007803,0.3527559166023249,1.2259151644312036,0.7558723219922924
1193,2.096362255503137,0.6518403345302599,1.2259151644312036,0.7557788301629352
1194,1.704901064748843,0.3377681560250201,1.2049417478319981,0.7558723219860902
1195,2.0976165116555974,0.6629082263808013,1.2049417478319981,0.7557734707869459
1196,1.7199538943936137,0.3226943335612875,1.1838562479588357,0.755872321980443
1197,2.0980663851391363,0.6735060271265426,1.1838562479588357,0.75576899725253
1198,1.7348986886543751,0.30758100043486,1.1627318246484426,0.7558723219753379
1199,2.0977107596328075,0.683617703592974,1.1627318246484426,0.755765366457511
1200,1.7496842437874611,0.2924816038755698,1.1416457588830202,0.7558723219707598
1201,2.096550538634342,0.6932283198491501,1.1416457588830202,0.7557625342926986
1202,1.764261151785897,0.2774581535687096,1.1206795439289778,0.7558723219666922
1203,2.0945886458334813,0.7023239840496371,1.1206795439289778,0.7557604559352541
1204,1.7785818686992112,0.2625833364078948,1.0999189332587462,0.7558723219631177
1205,2.0918300263181595,0.7108918031787896,1.0999189332587462,0.7557590861239818
1206,1.792600768625662,0.2479431754038702,1.0794539292215186,0.7558723219600175
1207,2.088281648584731,0.7189198445309997,1.0794539292215186,0.7557583794165046
1208,1.8062741853734021,0.23364031476475788,1.0593786934018754,0.7558723219573719
1209,2.0839525073024983,0.7263971029402249,1.0593786934018754,0.7557582904283806
1210,1.8195604436177104,0.2197979535813827,1.039791356629026,0.7558723219551594
1211,2.0788536267602407,0.7333134729239545,1.039791356629026,0.7557587740542991
1212,1.832419881206753,0.20656429863313594,1.0207937039921713,0.75587232195336
1213,2.072998064897573,0.739659725035258,1.0207937039921713,0.7557597856715752
1214,1.8448148640947475,0.19411708740113348,1.0024907084300907,0.7558723219519525
1215,2.0664009177961016,0.7454274858254946,1.0024907084300907,0.7557612813262342
1216,1.8567097952136642,0.18266714730685304,0.9849898860867432,0.7558723219509167
1217,2.0590793244737515,0.7506092209128564,0.9849898860867432,0.7557632179020485
1218,1.8680711184358854,0.17245903852049074,0.9684004483753927,0.7558723219502307
1219,2.0510524717895655,0.755198220730901,0.9684004483753927,0.7557655532729349
1220,1.8788673186328146,0.163765699453129,0.9528322303570146,0.7558723219498719
1221,2.0423415992249585,0.7591885885989247,0.9528322303570146,0.7557682464391875
1222,1.8890689186993457,0.15687329862245625,0.9383943833622673,0.7558723219498177
1223,2.032970003260057,0.7625752308143676,0.9383943833622673,0.7557712576480599
1224,1.8986484742919616,0.15205356486155086,0.9251938323113443,0.7558723219500459
1225,2.0229630410095805,0.7653538485180699,0.9251938323113443,0.7557745484992496
1226,1.9075805669189323,0.14952529952730487,0.9133335150247307,0.7558723219505346
1227,2.0123481327209647,0.7675209311275412,0.9133335150247307,0.7557780820358755
1228,1.915841795924238,0.14941421212981398,0.9029104414069122,0.7558723219512619
1229,2.001154762667349,0.7589470234661508,0.9029104414069122,0.7557818228215694
1230,1.9234107698217442,0.15172601236064723,0.8940136332771612,0.7558723219522067
1231,1.989414477889007,0.7449145648079778,0.8940136332771612,0.7557857370043173
1232,1.9302680973619477,0.1563451204824943,0.8867220284028324,0.7558723219533485
1233,1.9771608841483228,0.7313002581326029,0.8867220284028324,0.7557897923677185
1234,1.936396378649372,0.16305963018956293,0.8811024517191977,0.7558723219546667
1235,1.9644296383650943,0.7181790846475612,0.8811024517191977,0.7557939583703308
1236,1.9417801965733685,0.17160092242720187,0.8772077691497367,0.7558723219561417
1237,1.9512584366909047,0.7056278690483676,0.8772077691497367,0.7557982061737882
1238,1.9464061087677214,0.1816828039477766,0.8750753415182362,0.755872321957755
1239,1.9376869972637034,0.6937246807078327,0.8750753415182362,0.7558025086603853
1240,1.9502626402740477,0.19303032930307784,0.874725885552504,0.7558723219594877
1241,1.9237570365576193,0.6825480756146377,0.874725885552504,0.7558068404408107
1242,1.953340277049587,0.20539601456888099,0.8761628256031813,0.7558723219613229
1243,1.9095122381097582,0.6721761700857783,0.8761628256031813,0.7558111778527226
1244,1.9556314604306972,0.21856592416023884,0.8793721854354644,0.7558723219632437
1245,1.8949982122676783,0.6626855460721993,0.8793721854354644,0.7558154989508522
1246,1.9571305826383505,0.23235942970558507,0.8843230284532859,0.7558723219652349
1247,1.8802624454616883,0.654149999757188,0.8843230284532859,0.7558197834893093
1248,1.9578339833903424,0.2466258190921985,0.8909684125558044,0.7558723219672802
1249,1.8653542373695107,0.6466391597381667,0.8909684125558044,0.7558240128967475
1250,1.9577399476660713,0.2612398070330922,0.8992467883254097,0.7558723219693665
1251,1.8503246242130242,0.6402170173847166,0.8992467883254097,0.7558281702450528
1252,1.9568487046528058,0.2760970507162694,0.9090837412343787,0.75587232197148
1253,1.8352262863151185,0.6349404282893292,0.9090837412343787,0.7558322402121751
1254,1.9551624278867379,0.2911101601888858,0.9203939629286844,0.7558723219736088
1255,1.8201134379580786,0.6308576577825543,0.9203939629286844,0.7558362090397303
1256,1.9526852365870464,0.30620535373325575,0.9330833339713539,0.7558723219757403
1257,1.8050416975341568,0.628007052672545,0.9330833339713539,0.7558400644859665
1258,1.949423198166085,0.3213197448979458,0.9470510091552468,0.7558723219778645
1259,1.790067935976313,0.6264159232722951,0.9470510091552468,0.7558437957746691
1260,1.9453843318829018,0.3363991821757317,0.9621914136161382,0.755872321979971
1261,1.7752501015164064,0.6260997127588462,0.9621914136161382,0.7558473935405607
1262,1.9405786135900143,0.3513965456316435,0.9783960798649154,0.7558723219820511
1263,1.760647018954154,0.6270615146632559,0.9783960798649154,0.7558508497717225
1264,1.935017981503887,0.36627040986343834,0.9955552790452671,0.7558723219840962
1265,1.7463181618482289,0.6292919751571667,0.9955552790452671,0.7558541577495499
1266,1.9287163429072745,0.38098399566119745,1.0135594214406622,0.7558723219860993
1267,1.7323233963756541,0.6327695876787699,1.0135594214406622,0.7558573119867101
1268,1.921689581665615,0.39550434714141325,1.0323002196751652,0.7558723219880521
1269,1.7187226960601623,0.6374613572708215,1.0323002196751652,0.7558603081635752
1270,1.9139555664092665,0.4098016842762307,1.0516716222869535,0.7558723219899502
1271,1.7055758271541475,0.6433237849538135,1.0516716222869535,0.7558631430635413
1272,1.9055341591976445,0.42384889175799056,1.0715705352776266,0.755872321991788
1273,1.6929420051769497,0.6503041020317597,1.0715705352776266,0.7558658145076448
1274,1.8964472244393558,0.43762111398017195,1.0918973552563702,0.7558723219935602
1275,1.6808795239621752,0.6407216048636166,1.0918973552563702,0.7558683212888561
1276,1.886718637793286,0.4510954328381842,1.1125569772326047,0.7558723219952633
1277,1.6694167978265806,0.6287716500907152,1.1125569772326047,0.7564852587388705
1278,1.8763742947182553,0.4642506104001814,1.1334590015792634,0.7558723219968945
1279,1.6586578912584806,0.6164118910197208,1.1334590015792634,0.7564342046680188
1280,1.8654421182723604,0.47706688259821245,1.1545143932809132,0.7558723219984504
1281,1.6486393959489305,0.6036589854206265,1.1545143932809132,0.7561041012717008
1282,1.8539520656864275,0.4895257932244464,1.1756397275371897,0.7558723219999293
1283,1.639408511736613,0.5905347078261667,1.1756397275371897,0.7561715519883724
1284,1.8419361331482014,0.5016100599123295,1.1967563872675313,0.755872322001329
1285,1.6310103444997566,0.5770623853139109,1.1967563872675313,0.7562477312156777
1286,1.8294283581341777,0.5133034656152092,1.217789722823874,0.7558723220026484
1287,1.6234888121149933,0.5632680950236141,1.217789722823874,0.7563170480241552
1288,1.8164648185136714,0.5245907705008935,1.238669105496845,0.7558723220038879
1289,1.6168839782888202,0.5491799739677508,1.238669105496845,0.7563790740718106
1290,1.8030836275245168,0.535457640262859,1.2593278075280452,0.7558723220050441
1291,1.6112315472442411,0.5348284045635234,1.2593278075280452,0.7564340158821576
1292,1.7893249235817408,0.5393630651139347,1.2797061814165647,0.755872322006117
1293,1.6065572116690627,0.5202414956133784,1.2797061814165647,0.7566299592643349
1294,1.7752308537303034,0.5281682740819784,1.2997390667647728,0.7558723220071079
1295,1.6028969479125081,0.5054635163056552,1.2997390667647728,0.7565581267294226
1296,1.7608455493919475,0.5178268818552966,1.3193728248050605,0.7558723220080172
1297,1.600266679227262,0.4905298230515512,1.3193728248050605,0.7566054264163701
1298,1.7462150928867246,0.5084298834532462,1.338555193944101,0.7558723220088464
1299,1.5986806852482984,0.4754823812771219,1.338555193944101,0.7566503629223196
1300,1.731387473035451,0.500065798774583,1.3572367043908435,0.7558723220095976
1301,1.5981480010235851,0.46036775809595365,1.3572367043908435,0.7566883242858988
1302,1.7164125279752611,0.49281853210820853,1.3753708700635914,0.7558723220102732
1303,1.5986717613031978,0.4452372050433616,1.3753708700635914,0.7567194515603177
1304,1.7013418731534418,0.48676501086693696,1.3929140700816918,0.7558723220108748
1305,1.600249142010364,0.4301472838983958,1.3929140700816918,0.7567440868450374
1306,1.6862288123136702,0.4819727227900435,1.4098254248168658,0.7558723220114054
1307,1.6028713946003181,0.41516059273885825,1.4098254248168658,0.7567625863172096
1308,1.671128229164749,0.47849731131683804,1.4260666804753457,0.7558723220118674
1309,1.6065239530069142,0.4003465663187927,1.4260666804753457,0.7567753105226006
1310,1.6560964573384385,0.4763804158758482,1.441602102853797,0.7558723220122641
1311,1.6111866093184966,0.3857823306752344,1.441602102853797,0.7567826219974034
1312,1.6411911262158,0.4756479483964474,1.456398380127005,0.7558723220125972
1313,1.6168337531006343,0.37155357327455046,1.456398380127005,0.7567848833249504
1314,1.6264709802486554,0.4763089735986493,1.4704245343572835,0.7558723220128708
1315,1.6234346676552858,0.35775536131528424,1.4704245343572835,0.7567824553462505
1316,1.6119956695439255,0.4783553086476385,1.4836518413217346,0.755872322013088
1317,1.6309538751988655,0.34449280054428544,1.4836518413217346,0.7567756955111357
1318,1.5978255097343275,0.48176188474792836,1.496053758198756,0.7558723220132509
1319,1.639351522028567,0.3318813743057442,1.496053758198756,0.7567649563672098
1320,1.584021209549241,0.4864878321948508,1.5076058586290073,0.755872322013364
1321,1.6485837942469315,0.3200467401721317,1.5076058586290073,0.7567505841837466
1322,1.5706435650425548,0.49247817662268667,1.5182857746609624,0.7558723220134295
1323,1.658603354519289,0.30912369884685564,1.5182857746609624,0.7567329177072816
1324,1.5577531201437553,0.4996659809056728,1.5280731451014058,0.7558723220134503
1325,1.66935979061257,0.299254007339175,1.5280731451014058,0.75671228704528
1326,1.545409794081381,0.5079747419072017,1.536949569812352,0.7558723220134307
1327,1.680800067052975,0.29058271942660985,1.536949569812352,0.7566890126739091
1328,1.5336724772816255,0.5173208544827511,1.5448985695245403,0.7558723220133733
1329,1.6928689720774515,0.2832528452499009,1.5448985695245403,0.7566634045656678
1330,1.5225985985543162,0.5276159812367288,1.5519055507713786,0.755872322013281
1331,1.7055095530673787,0.27739836806086254,1.5519055507713786,0.7566357614323503
1332,1.5122436677138118,0.5387692065375644,1.5579577755841407,0.7558723220131572
1333,1.7186635347704233,0.2731360445307663,1.5579577755841407,0.7566063700786266
1334,1.5026607991971141,0.5506888978139007,1.5630443356280217,0.7558723220130047
1335,1.7322717157717744,0.2705568792299726,1.5630443356280217,0.7565755048613161
1336,1.4939002236722991,0.563284238605691,1.5671561304984338,0.7558723220128262
1337,1.7462743398118328,0.2697185506370988,1.5671561304984338,0.7565434272493096
1338,1.4860087959982036,0.5764664315045498,1.5702858499370238,0.7558723220126243
1339,1.7606114396180883,0.2706401764368523,1.5702858499370238,0.7565103854789557
1340,1.479029509110086,0.5901495930996747,1.5724279597669437,0.7558723220124026
1341,1.7752231518908117,0.2733005009979851,1.5724279597669437,0.756476614299663
1342,1.4730010243681573,0.6042513776210228,1.5735786913867018,0.7558723220121627
1343,1.7900500029334432,0.27763990213068124,1.5735786913867018,0.7564423348044051
1344,1.4679572295204963,0.6186933726917543,1.5737360347013392,0.755872322011908
1345,1.8050331651379385,0.2835657785425208,1.5737360347013392,0.7564077543397983
1346,1.4639268356137927,0.6331715489150985,1.5728997344087863,0.7558723220116401
1347,1.8201146851205232,0.29096020892358615,1.5728997344087863,0.7563730664904089
1348,1.4609330238704497,0.6287135517947324,1.571071289598071,0.7558723220113613
1349,1.835237684758933,0.2996884909546838,1.571071289598071,0.7563384511319913
1350,1.4589931527049596,0.6237149636629046,1.5682539566547253,0.7558723220110743
1351,1.8503465367180012,0.30960729753734056,1.5682539566547253,0.7563040745483817
1352,1.458118533679795,0.6181811934625346,1.5644527555073935,0.7558723220107809
1353,1.8653870162793453,0.3205715831130181,1.5644527555073935,0.7562700896068699
1354,1.45831428334632,0.6121182611129187,1.5596744792884274,0.7558723220104833
1355,1.8803064314276603,0.33243983636322944,1.5596744792884274,0.7562366359869276
1356,1.4595792556650962,0.6055328023701709,1.5539277075202864,0.7558723220101826
1357,1.895053733205963,0.34507765761582615,1.5539277075202864,0.7562038404573087
1358,1.46190605717338,0.5984320749031465,1.5472228229789093,0.7558723220098817
1359,1.9095796083499172,0.3583598778806737,1.5472228229789093,0.7561718171966415
1360,1.4652811444118343,0.5908239658510633,1.5395720324249684,0.7558723220095808
1361,1.9238365561609072,0.37217153915818835,1.5395720324249684,0.756140668152772
1362,1.4696850004958912,0.5827170011849117,1.5309893914339225,0.7558723220092821
1363,1.9377789514911303,0.3864080628900414,1.5309893914339225,0.7561104834362778
1364,1.4750923852754307,0.5741203572627946,1.521490833595969,0.7558723220089868
1365,1.9513630956024515,0.40097488898089634,1.521490833595969,0.756081341743718
1366,1.4814726514079066,0.5650438750526832,1.5110942043969249,0.7558723220086958
1367,1.964547256532969,0.4157868047667776,1.5110942043969249,0.7560533108063767
1368,1.4887901169836748,0.5554980775987687,1.49981930013027,0.7558723220084101
1369,1.9772917004686903,0.430767121258165,1.49981930013027,0.7560264478604195
1370,1.497004484159286,0.5454941914347914,1.4876879122281692,0.7558723220081316
1371,1.9895587154781054,0.4458468019451373,1.4876879122281692,0.7560008001345802
1372,1.5060712926045867,0.535044172806099,1.4747238774340707,0.7558723220078609
1373,2.001312628829346,0.4609636098104245,1.4747238774340707,0.7559764053516896
1374,1.5159423964418972,0.5241607397604118,1.4609531342697677,0.7558723220075979
1375,2.0125198189762803,0.476061310001226,1.4609531342697677,0.7559532922405507
1376,1.5265664537044132,0.5128574114165865,1.4464037862732757,0.7558723220073444
1377,2.023148723173646,0.49108894664669406,1.4464037862732757,0.7559314810548683
1378,1.5378894180933058,0.5011485560358474,1.4311061724974379,0.7558723220071001
1379,2.0331698415636685,0.5060002002053746,1.4311061724974379,0.7559109840961454
1380,1.5498550238785636,0.4890494499203311,1.4150929457587027,0.7558723220068659
1381,2.0425557384684336,0.5207528244406767,1.4150929457587027,0.7558918062376617
1382,1.5624052560698343,0.47657634967490065,1.3983991591056357,0.7558723220066424
1383,2.0512810415238776,0.5353081580674419,1.3983991591056357,0.7558739454468556
1384,1.5754807993844078,0.4637465810237488,1.3810623609304695,0.7558723220064301
1385,2.0593224392026723,0.5496307041389848,1.3810623609304695,0.7558573933036222
1386,1.5890214609728095,0.4505786482180373,1.3631226990654666,0.7558723220062283
1387,2.0666586771941584,0.5636877695554959,1.3631226990654666,0.7558421355122611
1388,1.6029665632546535,0.43709236916401917,1.3446230340777467,0.755872322006038
1389,2.073270554039292,0.5774491571401374,1.3446230340777467,0.7558281524049926
1390,1.6172553045111941,0.4233090428214762,1.325609061787391,0.7558723220058593
1391,2.0791409163567485,0.5908869032050738,1.325609061787391,0.7558154194351416
1392,1.6318270860361352,0.40925165727402213,1.3061294447666527,0.755872322005692
1393,2.084254653942075,0.603975054201146,1.3061294447666527,0.7558039076583111
1394,1.6466218056385185,0.3949451492930283,1.286235952211621,0.7558723220055357
1395,2.0885986949743556,0.616689476782166,1.286235952211621,0.7557935842000163
1396,1.6615801181107042,0.3804167293842406,1.265983607086338,0.7558723220053909
1397,2.0921620015234765,0.6290076963433161,1.265983607086338,0.755784412708454
1398,1.6766436639218307,0.36569629044906016,1.2454308387933184,0.7558723220052571
1399,2.094935565514963,0.6409087597731303,1.2454308387933184,0.755776353791235
1400,1.6917552678824672,0.3508169235939078,1.2246396387898366,0.7558723220051349
1401,2.096912405277704,0.6523731187715494,1.2246396387898366,0.7557693654350908
1402,1.7068591098650272,0.33581557161158476,1.2036757155091942,0.7558723220050233
1403,2.0980875627719784,0.6633825306269089,1.2036757155091942,0.7557634034077099
1404,1.7219008698759934,0.3207338595801888,1.182608643622267,0.7558723220049223
1405,2.098458101570308,0.6739199738138201,1.182608643622267,0.7557584216410113
1406,1.736827849880417,0.3056191531312528,1.1615120010511124,0.7558723220048311
1407,2.0980231056410608,0.6839695761769299,1.1615120010511124,0.7557543725953257
1408,1.7515890747969807,0.2905259081568216,1.1404634851954363,0.7558723220047502
1409,2.096783678963766,0.6935165538093608,1.1404634851954363,0.7557512076040509
1410,1.7661353750321458,0.2755173901453595,1.1195449975431886,0.755872322004679
1411,2.0947429459850895,0.7025471590265256,1.1195449975431886,0.7557488771985252
1412,1.7804194528218797,0.2606678541686251,1.0988426832260734,0.7558723220046167
1413,2.0919060529046964,0.7110486360830917,1.0988426832260734,0.7557473314129379
1414,1.7943959345141214,0.24606528109867992,1.0784469092123001,0.7558723220045637
1415,2.0882801697601776,0.7190091834896728,1.0784469092123001,0.7557465200692407
1416,1.808021410767086,0.2318147476644694,1.0584521618310188,0.7558723220045194
1417,2.0838744932590982,0.7264179219621898,1.0584521618310188,0.7557463930421038
1418,1.8212544664680235,0.21804243957062228,1.0389568414135948,0.7558723220044828
1419,2.078700250283488,0.733264867185861,1.0389568414135948,0.7557469005040753
1420,1.8340557020021708,0.2049001481364188,1.0200629293474148,0.7558723220044542
1421,2.0727707019669257,0.7395409067018494,1.0200629293474148,0.7557479931511772
1422,1.846387747328597,0.1925697427495604,1.0018755012318692,0.7558723220044324
1423,2.0661011482161813,0.7452377803314638,1.0018755012318692,0.7557496224092579
1424,1.8582152701529036,0.18126648504252227,0.9845020597047651,0.7558723220044179
1425,2.058708932517346,0.7503480636436612,0.9845020597047651,0.7557517406214918
1426,1.8695049793293999,0.17123909080689423,0.9680516625893387,0.7558723220044096
1427,2.050613446829831,0.7548651540491036,0.9680516625893387,0.7557543012174885
1428,1.8802256244794922,0.16276332114809347,0.9526338270730998,0.7558723220044069
1429,2.041836136329709,0.7587832591704811,0.9526338270730998,0.755757258864516
1430,1.8903479926796176,0.15612530750564316,0.938357199389475,0.7558723220044102
1431,2.0324005037158948,0.762097387196105,0.938357199389475,0.7557605696014151
1432,1.89984490295157,0.1515922433842029,0.9253279924213,0.7558723220044185
1433,2.022332112737752,0.7648033389735416,0.9253279924213,0.7557641909558153
1434,1.9086911991804498,0.1493729932701446,0.9136482108175782,0.7558723220044312
1435,2.011658590540156,0.7668977016436694,0.9136482108175782,0.7557680820452881
1436,1.9168637419901513,0.1495787534594003,0.9034137039528084,0.755872322004448
1437,2.0004096283511306,0.7588586160569788,0.9034137039528084,0.7557722036631433
1438,1.9243414000226946,0.1521989498818071,0.8947121098143626,0.7558723220044692
1439,1.9886169799572018,0.7448630179245677,0.8947121098143626,0.7557765183495525
1440,1.9311050409948463,0.1571036258057901,0.8876207751842148,0.7558723220044937
1441,1.976314457322198,0.7312925217818648,0.8876207751842148,0.7557809904487466
1442,1.9371375228424357,0.16407114573420933,0.8822047560156459,0.7558723220045211
1443,1.9635379226059477,0.7182222564424978,0.8822047560156459,0.7557855861530227
1444,1.942423685208552,0.17282855474798087,0.8785150130973431,0.7558723220045515
1445,1.9503252757303455,0.7057291345798321,0.8785150130973431,0.7557902735343165
1446,1.9469503414854041,0.18308976534517848,0.8765869187358837,0.7558723220045844
1447,1.9367164365218112,0.6938912399107822,0.8765869187358837,0.755795022564106
1448,1.950706271580049,0.19458273240689436,0.8764391782806623,0.7558723220046192
1449,1.922753320332292,0.6827870546089332,0.8764391782806623,0.7557998051224067
1450,1.9536822155405107,0.20706415473044962,0.8780732458106044,0.7558723220046554
1451,1.9084798059071684,0.6724945187782464,0.8780732458106044,0.7558045949966175
1452,1.9558708681501416,0.2203245273819464,0.881473278432857,0.7558723220046933
1453,1.8939416941301173,0.6630899228688772,0.881473278432857,0.7558093678709789
1454,1.9572668745735327,0.23418733557521743,0.8866066327113253,0.7558723220047326
1455,1.8791866561356032,0.65464664601513,0.8866066327113253,0.755814101307382
1456,1.9578668271161115,0.24850542862301914,0.8934248653233967,0.7558723220047725
1457,1.864264169143743,0.6472337679944764,0.8934248653233967,0.755818774718272
1458,1.957669263140978,0.2631564851745981,0.9018651638167954,0.7558723220048129
1459,1.8492254382458353,0.6409145987878543,0.9018651638167954,0.7558233693323543
1460,1.9566746641698274,0.2780385749458602,0.9118521068878632,0.755872322004854
1461,1.8341233022593395,0.6357451858248445,0.9118521068878632,0.7558278681538139
1462,1.9548854561792632,0.29306624917050816,0.9232996395376222,0.7558723220048945
1463,1.8190121216876658,0.6317728726071236,0.9232996395376222,0.7558322559157268
1464,1.9523060110888029,0.3081672808240156,0.9361131471012725,0.7558723220049357
1465,1.8039476467737097,0.6290349909377364,0.9361131471012725,0.7558365190283209
1466,1.9489426494216657,0.3232800285388723,0.9501915217784698,0.7558723220049761
1467,1.7889868636390422,0.6275577700926024,0.9501915217784698,0.7558406455227349
1468,1.9448036441034096,0.3383513410263135,0.965429132850254,0.7558723220050162
1469,1.7741878165670406,0.6273555384345599,0.965429132850254,0.7558446249908672
1470,1.9398992253459484,0.35333490613445623,0.9817176336671385,0.7558723220050556
1471,1.7596094046328374,0.6284302760312978,0.9817176336671385,0.7558484485219279
1472,1.9342415865446825,0.3681899553559061,0.9989475613671074,0.7558723220050942
1473,1.7453111511210508,0.6307715522760031,0.9989475613671074,0.7558521086362264
1474,1.9278448910937511,0.3828802480252479,1.0170097064897787,0.7558723220051322
1475,1.7313529445184297,0.6343568533164651,1.0170097064897787,0.7558555992167494
1476,1.9207252799979257,0.3973732737900854,1.0357962474876619,0.755872322005169
1477,1.7177947503355,0.6391522742392998,1.0357962474876619,0.7558589154390181
1478,1.9129008801286076,0.4116396248329416,1.0552016588013313,0.7558723220052046
1479,1.7046962936083692,0.6451135245381936,1.0552016588013313,0.755862053699706
1480,1.9043918129349193,0.425652500050938,1.0751234105988883,0.7558723220052389
1481,1.6921167126630685,0.650122595295929,1.0751234105988883,0.7558650115444616
1482,1.8952202033780363,0.4393873119741315,1.0954624567969935,0.755872322005272
1483,1.6801134481707363,0.6385704289786791,1.0954624567969935,0.755883523255951
1484,1.8854101888067458,0.45282137390155314,1.1161245577427328,0.7558723220053036
1485,1.6687153944643605,0.6265750002880386,1.1161245577427328,0.75642166390371
1486,1.8749879274337713,0.46593364990118785,1.1370326660410641,0.7558723220053338
1487,1.6578786182156222,0.6141118296000754,1.1370326660410641,0.7596003081875641
1488,1.8639816060046082,0.47870455428023323,1.1581196456325915,0.7558723220053623
1489,1.6476693606088568,0.6011916142133422,1.1581196456325915,0.7677155955231588
1490,1.8524214461725539,0.49111579015878054,1.1792609101707878,0.7558723220053896
1491,1.6384480658512819,0.5879732516587792,1.1792609101707878,0.7587351704643077
1492,1.8403397090043025,0.5031502190931549,1.2003819212745561,0.7558723220054151
1493,1.6300999398246951,0.5744240399772512,1.2003819212745561,0.7594691393703313
1494,1.827770696939151,0.5147917554655514,1.2214171163175316,0.7558723220054393
1495,1.6226120192603952,0.5605447559207613,1.2214171163175316,0.7604967057612219
1496,1.814750752410894,0.5260252807153101,1.2422978805846439,0.755872322005462
1497,1.616023622459462,0.5463621962924564,1.2422978805846439,0.7614405468741214
1498,1.8013182522146034,0.5368365735335663,1.2629588674700325,0.755872322005483
1499,1.6103719823654412,0.5319063697678152,1.2629588674700325,0.762288079650057
1500,1.7875135965607993,0.5378650647278658,1.2833392450075147,0.7558723220055027
1501,1.6056880733097045,0.5172083021574733,1.2833392450075147,0.7630836031950198
1502,1.7733791916077688,0.5267758635039826,1.303379009968306,0.7558723220055208
1503,1.602002474638646,0.5023055980523083,1.303379009968306,0.7637257700507695
1504,1.758959424100498,0.5165519434541789,1.3230236267407063,0.7558723220055373
1505,1.5993361309752667,0.48723558984545545,1.3230236267407063,0.7642961313492033
1506,1.7443006265743342,0.5072840893123571,1.3422212788103614,0.7558723220055523
1507,1.5977053764625908,0.4720398121994508,1.3422212788103614,0.7647935576654713
1508,1.7294510314068978,0.4990603484001903,1.3609230903243836,0.7558723220055658
1509,1.5971208976353648,0.4567639124058887,1.3609230903243836,0.765211281690102
1510,1.714460711828171,0.49196385632274076,1.3790830495126305,0.7558723220055782
1511,1.5975874858250816,0.441458143176245,1.3790830495126305,0.7655527552578859
1512,1.6993815078332273,0.4860704548515056,1.3966579197814983,0.7558723220055891
1513,1.5991039397776272,0.42617798275988983,1.3966579197814983,0.7658219161279314
1514,1.6842669347938344,0.48144622690824007,1.4136071284482357,0.7558723220055985
1515,1.6016630853753757,0.4109848893143322,1.4136071284482357,0.7660227701686639
1516,1.6691720724455872,0.478145112826567,1.4298926620035355,0.755872322005607
1517,1.6052518694605367,0.3959471471716107,1.4298926620035355,0.7661593533712225
1518,1.6541534318500954,0.4762067966669844,1.4454789693182568,0.7558723220056138
1519,1.6098515234127933,0.3811407899804462,1.4454789693182568,0.7662357107383079
1520,1.6392687979131695,0.47565505247435014,1.4603328727934808,0.7558723220056198
1521,1.6154377917053082,0.3666505690808374,1.4603328727934808,0.7662558772620134
1522,1.6245770450981754,0.4764967127995305,1.4744234872536037,0.7558723220056245
1523,1.621981219001328,0.3525709073169347,1.4744234872536037,0.7662238603460604
1524,1.6101379241286267,0.4787213665540042,1.4877221462812098,0.7558723220056286
1525,1.6294474879709164,0.3390067372990666,1.4877221462812098,0.7661436236036155
1526,1.596011817746122,0.48230181838456554,1.5002023356304854,0.7558723220056313
1527,1.6377977990119486,0.3260740667758801,1.5002023356304854,0.7660190719865165
1528,1.5822594639989624,0.48719526077810454,1.511839633321901,0.7558723220056331
1529,1.6469892824781436,0.31390004310980285,1.511839633321901,0.7658540382037791
1530,1.5689416461007095,0.4933450383346609,1.52261165600779,0.7558723220056345
1531,1.6569754338450764,0.3026222114203386,1.52261165600779,0.7656522703881649
1532,1.556118848629697,0.5006828337236222,1.5324980112008153,0.755872322005635
1533,1.6677065624523217,0.2923865961892801,1.5324980112008153,0.7654174209702748
1534,1.5438508807459155,0.5091310833950484,1.5414802549709223,0.755872322005634
1535,1.6791302449949748,0.2833442200951674,1.5414802549709223,0.7651530367200802
1536,1.5321964681767148,0.5186054377165282,1.549541854737998,0.7558723220056329
1537,1.691191775735734,0.2756457589906987,1.549541854737998,0.7648625499160615
1538,1.521212816950581,0.5290171086498756,1.5566681568146314,0.755872322005631
1539,1.703834606397339,0.2694342735480604,1.5566681568146314,0.7645492706022045
1540,1.5109551532068548,0.5402749891815769,1.5628463583843097,0.7558723220056285
1541,1.7170007698017424,0.2648363806112908,1.5628463583843097,0.7642163798930119
1542,1.5014762448300247,0.5522874732138658,1.5680654836337111,0.7558723220056258
1543,1.7306312824789065,0.2619527755772515,1.5680654836337111,0.7638669242864586
1544,1.492825912084637,0.5649639452655412,1.5723163637925544,0.7558723220056225
1545,1.744666522615274,0.2608495233492532,1.5723163637925544,0.7635038109444678
1546,1.4850505357800377,0.578215941788248,1.5755916208700254,0.7558723220056187
1547,1.7590465808015492,0.2615517519105427,1.5755916208700254,0.7631298039000696
1548,1.4781925726808571,0.5919580086136158,1.5778856549127318,0.7558723220056148
1549,1.7737115820354024,0.26404110629686295,1.5778856549127318,0.7627475211498597
1550,1.472290088801495,0.6061082924973206,1.5791946346451466,0.75587232200561
1551,1.7886019783130058,0.2682575510757471,1.5791946346451466,0.7623594325898915
1552,1.4673763217857878,0.6205889105739866,1.5795164913894233,0.7558723220056054
1553,1.8036588118906847,0.27410510714568936,1.5795164913894233,0.7619678587525276
1554,1.4634792836935402,0.6326236252994736,1.5788509161973165,0.7558723220056005
1555,1.8188239499106258,0.28146027063430124,1.5788509161973165,0.761574970301295
1556,1.4606214151329862,0.6280951778106061,1.577199360162666,0.7558723220055955
1557,1.8340402915659197,0.2901814881544698,1.577199360162666,0.7611827882402544
1558,1.458819300763157,0.6230268070073913,1.5745650379185887,0.7558723220055903
1559,1.8492519493391957,0.3001182013624222,1.5745650379185887,0.7607931847939975
1560,1.4580834547514532,0.6174240008972772,1.570952934359268,0.7558723220055846
1561,1.8644044060982365,0.3111184475228643,1.570952934359268,0.760407884914018
1562,1.4584181828598646,0.6112928590344658,1.5663698146620475,0.755872322005579
1563,1.8794446499857638,0.3230345601508968,1.5663698146620475,0.760028468366991
1564,1.4598215255389264,0.6046400975247961,1.5608242377215558,0.7558723220055732
1565,1.8943212891143748,0.33572696700173965,1.5608242377215558,0.7596563723603575
1566,1.4622852838564895,0.5974730552778666,1.5543265731437599,0.7558723220055681
1567,1.9089846480863566,0.3490663572220198,1.5543265731437599,0.759292894660662
1568,1.4657951274273504,0.5897997017792769,1.5468890219841878,0.7558723220055623
1569,1.9233868483159275,0.36293459915084497,1.5468890219841878,0.7589391971602405
1570,1.4703307808986412,0.5816286467131623,1.538525641450866,0.7558723220055567
1571,1.937481874051033,0.3772247880352659,1.538525641450866,0.758596309848204
1572,1.4758662831387628,0.5729691518350389,1.529252373828592,0.7558723220055511
1573,1.951225625884192,0.3918407434268685,1.529252373828592,0.758265135142152
1574,1.4823703112097824,0.5638311455805882,1.519087079916535,0.7558723220055464
1575,1.9645759634164328,0.40669619868875323,1.519087079916535,0.7579464525377116
1576,1.4898065595790242,0.5542252410015608,1.5080495773051659,0.7558723220055408
1577,1.9774927386027303,0.4217138520593086,1.5080495773051659,0.7576409235338313
1578,1.4981341639110024,0.5441627577508099,1.496161683850275,0.7558723220055358
1579,1.9899378211677123,0.4368243893973077,1.496161683850275,0.7573490967927341
1580,1.5073081582001302,0.5336557490014835,1.4834472667299459,0.7558723220055307
1581,2.0018751173414344,0.4519655447889056,1.4834472667299459,0.7570714134946153
1582,1.5172799539421773,0.5227170343895405,1.4699322974931028,0.7558723220055262
1583,2.0132705830303053,0.46708123478299607,1.4699322974931028,0.7568082128484381
1584,1.5279978304482753,0.5113602403257231,1.455644913523118,0.7558723220055215
1585,2.0240922324102053,0.4821207821446651,1.455644913523118,0.7565597377216465
1586,1.539407426203603,0.49959984934812707,1.4406154863439098,0.7558723220055171
1587,2.0343101428092076,0.49703823274286457,1.4406154863439098,0.7563261403531769
1588,1.5514522222720086,0.4874512605996812,1.424876697184637,0.7558723220055128
1589,2.0438964566369813,0.5117917621052965,1.424876697184637,0.756107488115845
1590,1.5640740100498587,0.47493086404259394,1.408463620187296,0.7558723220055088
1591,2.0528253810174517,0.5263431644761152,1.408463620187296,0.7559037692959669
1592,1.5772133370821864,0.462056131699147,1.3914138135822343,0.7558723220055049
1593,2.0610731856905717,0.5406574156298442,1.3914138135822343,0.7557148988599686
1594,1.5908099260860122,0.44884573008148315,1.3737674190611964,0.7558723220055009
1595,2.068618199667931,0.5547023003722903,1.3737674190611964,0.7555407241796732
1596,1.6048030637079926,0.4353196591037906,1.355567269435085,0.7558723220054978
1597,2.0754408070548744,0.5684480960404291,1.355567269435085,0.7553810306899686
1598,1.6191319568212745,0.42149942424013764,1.336859004460679,0.7558723220054946
1599,2.0815234423881916,0.5818673040492182,1.336859004460679,0.755235547454604
1600,1.6337360553014364,0.4074082506081947,1.3176911944407013,0.7558723220054917
1601,2.086850585782637,0.59493442241252,1.3176911944407013,0.7551039526179308
1602,1.648555341191524,0.3930713501651752,1.2981154708250797,0.7558723220054888
1603,2.091408758130648,0.6076257530652237,1.2981154708250797,0.7549858787224786
1604,1.663530584962782,0.37851625648222814,1.2781866625447624,0.7558723220054858
1605,2.0951865165570043,0.6199192386676273,1.2781866625447624,0.75488091787432
1606,1.6786035702033344,0.36377324585263315,1.2579629361662739,0.7558723220054835
1607,2.098174450292928,0.6317943243489278,1.2579629361662739,0.7547886267402384
1608,1.693717288532392,0.34887586907740686,1.2375059371355326,0.7558723220054814
1609,2.100365177101536,0.6432318405322752,1.2375059371355326,0.754708531362698
1610,1.7088161068587835,0.33386162549424514,1.2168809283516082,0.7558723220054793
1611,2.101753340357834,0.6542139035788714,1.2168809283516082,0.754640131780606
1612,1.7238459092990042,0.31877282001038837,1.1961569210436203,0.7558723220054774
1613,2.1023356068609043,0.6647238314987045,1.1961569210436203,0.7545829064457368
1614,1.7387542161620435,0.3036576552954267,1.1754067913892317,0.7558723220054757
1615,2.1021106654328303,0.674746072409159,1.1754067913892317,0.7545363164265408
1616,1.7534902824162353,0.28857162474213643,1.1547073744928606,0.7558723220054742
1617,2.10107922633756,0.6842661437893601,1.1547073744928606,0.7544998093928034
1618,1.7680051779961763,0.2735792862324849,1.134139525235066,0.755872322005473
1619,2.0992440215326593,0.6932705808869193,1.134139525235066,0.754472823376313
1620,1.782251852202338,0.25875650899740493,1.1137881331392288,0.7558723220054722
1621,2.0966098057470974,0.7017468928933435,1.1137881331392288,0.7544547903042584
1622,1.7961851843070602,0.24419328851503666,1.0937420758485916,0.7558723220054712
1623,2.0931833583581803,0.7096835257223887,1.0937420758485916,0.7544451393035831
1624,1.8097620223204092,0.22999720183187908,1.0740940931972995,0.75587232200547
1625,2.0889734860198144,0.7170698304087422,1.0740940931972995,0.7544432997759017
1626,1.8229412116979082,0.21629749766985848,1.0549405614049707,0.7558723220054695
1627,2.083991025971867,0.7238960362983545,1.0549405614049707,0.7544487042438837
1628,1.835683615597219,0.20324962873366267,1.0363811449356701,0.7558723220054689
1629,2.0782488499356906,0.7301532283313443,1.0363811449356701,0.7544607909711862
1630,1.8479521281183822,0.19103965499529893,1.0185183024607258,0.7558723220054685
1631,2.07176186847332,0.7358333278277891,1.0185183024607258,0.754479006359108
1632,1.8597116817965862,0.17988727785774508,1.0014566236833373,0.7558723220054683
1633,2.064547035656606,0.7409290762793148,1.0014566236833373,0.7545028071241218
1634,1.8709292504604604,0.17004526635920086,0.985301976141527,0.7558723220054684
1635,2.056623353856969,0.7454340217281143,0.985301976141527,0.7545316622613121
1636,1.8815738484246083,0.16179192734835823,0.970160446154048,0.7558723220054683
1637,2.048011878425693,0.7493425073822242,0.970160446154048,0.754565054799548
1638,1.8916165268533236,0.15541285856162976,0.9561370663878741,0.7558723220054682
1639,2.038735721988024,0.752649662173664,0.9561370663878741,0.7546024833548883
1640,1.9010303680136738,0.1511700401866153,0.9433343344601239,0.7558723220054686
1641,2.02882005802097,0.7553513930160123,0.9433343344601239,0.7546434634893276
1642,1.909790478030101,0.14926171425091278,0.9318505424879774,0.7558723220054688
1643,2.0182921233238464,0.7574443785616518,0.9318505424879774,0.7546875288824879
1644,1.9178739786589811,0.14978414034294846,0.9217779559133681,0.7558723220054688
1645,2.007181218921599,0.7589260642974603,0.9217779559133681,0.7547342323242887
1646,1.925259998519396,0.1527105026917069,0.9132008998555892,0.7558723220054694
1647,1.9955187088630655,0.7597946588521843,0.9132008998555892,0.7547831465369744
1648,1.931929664144838,0.15789695385572697,0.9061938305119173,0.7558723220054699
1649,1.9833380162891057,0.7489505754304204,0.9061938305119173,0.7548338648351257
1650,1.9378660911587562,0.1651128312193377,0.9008194849474901,0.7558723220054704
1651,1.97067461604867,0.7357585962737901,0.9008194849474901,0.7548860016325063
1652,1.9430543758236731,0.17408149966800526,0.8971272119755737,0.7558723220054714
1653,1.9575660230342071,0.7231207407766278,0.8971272119755737,0.7549391928047058
1654,1.9474815871681606,0.18451743656063574,0.8951515870681136,0.7558723220054717
1655,1.944051775291815,0.7111141446195014,0.8951515870681136,0.7549930959166101
1656,1.9511367598571863,0.19615174022977308,0.8949114037225446,0.7558723220054725
1657,1.9301734108368644,0.6998164743340052,0.8949114037225446,0.7550473903237566
1658,1.9540108879383766,0.20874537178135738,0.8964091124181376,0.7558723220054734
1659,1.91597443697402,0.6893050503926654,0.8964091124181376,0.7551017771565811
1660,1.9560969195686393,0.22209323911451553,0.8996307480787972,0.7558723220054737
1661,1.9015002907837946,0.6796558105854742,0.8996307480787972,0.755155979196484
1662,1.9573897528015354,0.2360228773573466,0.9045463513847534,0.7558723220054747
1663,1.8867982892992263,0.6709421234019785,0.9045463513847534,0.7552097406525141
1664,1.9578862324949913,0.25039061952953,0.9111108529910452,0.7558723220054754
1665,1.8719175677602462,0.6632334743445086,0.9111108529910452,0.7552628268473042
1666,1.9575851483806475,0.26507703289717444,0.9192653575101624,0.7558723220054759
1667,1.8569090042054988,0.6565940629952042,0.9192653575101624,0.7553150238207027
1668,1.956487234319621,0.27998253370246284,0.9289387399612973,0.7558723220054766
1669,1.8418251285488865,0.6510813638057259,0.9289387399612973,0.7553661378593058
1670,1.9545951687540233,0.295023559500203,0.9400494536689694,0.7558723220054777
1671,1.8267200141997455,0.6467447169812546,0.9400494536689694,0.7554159949598485
1672,1.9519135763485846,0.3101293936715784,0.9525074458180163,0.7558723220054783
1673,1.8116491502317187,0.6436240251755451,0.9525074458180163,0.7554644402341407
1674,1.9484490308014564,0.32523960476456565,0.9662160838242406,0.7558723220054789
1675,1.7966692920982077,0.6417486347702648,0.9662160838242406,0.7555113372629366
1676,1.944210058787086,0.3403020140197863,0.9810740099299843,0.7558723220054796
1677,1.7818382889452578,0.6411364756485934,0.9810740099299843,0.7555565674058224
1678,1.9392071449762633,0.35527109534807744,0.9969768600027716,0.7558723220054798
1679,1.767214885700529,0.6417935200619601,0.9969768600027716,0.7556000290738848
1680,1.9334527380583062,0.3701067201082482,1.013818802501101,0.755872322005481
1681,1.7528584983346578,0.6437136003278616,1.013818802501101,0.7556416369715899
1682,1.9269612576671866,0.384773172810068,1.0314938725983023,0.7558723220054817
1683,1.7388289610135652,0.6468785990124083,1.0314938725983023,0.7556813213139731
1684,1.919749102086356,0.39923837810791035,1.0498970928957618,0.7558723220054823
1685,1.725186244300145,0.6512589973260723,1.0498970928957618,0.7557190270248937
1686,1.9118346565753328,0.4134732920816336,1.068925385151899,0.7558723220054828
1687,1.7119901441312735,0.65245490262017,1.068925385151899,0.7557547129217604
1688,1.9032383021238506,0.42745142124174473,1.088478286794218,0.7558723220054835
1689,1.699299941996473,0.6414080942016168,1.088478286794218,0.7557883508918072
1690,1.893982424395646,0.4411484410078285,1.1084584391356722,0.7558723220054843
1691,1.6871732006739342,0.6299098500137735,1.1084584391356722,0.7558376760832464
1692,1.8840914225727712,0.45454189188913363,1.1287722687109472,0.7558723220054845
1693,1.6756397820299733,0.6179684464938273,1.1287722687109472,0.7563784806832593
1694,1.873591717751717,0.46761093658935454,1.1493425702497448,0.7558723220054849
1695,1.664629279896359,0.605549250036282,1.1493425702497448,0.760743176556497
1696,1.8625117604735693,0.4803361650823246,1.170074322693881,0.7558723220054853
1697,1.6545016700810111,0.5927878878957413,1.170074322693881,0.7570533526462467
1698,1.8508820368909358,0.4926994376282151,1.190881320662133,0.7558723220054859
1699,1.6451682135974168,0.5796606163912477,1.190881320662133,0.7574392745248828
1700,1.8387350729835548,0.504683757933765,1.2116875204401938,0.7558723220054865
1701,1.636652665958464,0.566181622429195,1.2116875204401938,0.7579431337190149
1702,1.8261054361315718,0.5162731703703918,1.232419693681095,0.7558723220054872
1703,1.628999217078667,0.5523760197140923,1.232419693681095,0.7584058427890888
1704,1.8130297332398173,0.5274526764771672,1.253008300270183,0.7558723220054877
1705,1.6222491537893378,0.5382712726325041,1.253008300270183,0.7588221752217308
1706,1.7995466044778652,0.5382081669874555,1.2733874849287852,0.755872322005488
1707,1.61643952432424,0.5238970240864412,1.2733874849287852,0.7591932755467873
1708,1.7856967115593432,0.5363800968082569,1.2934951224414153,0.7558723220054883
1709,1.6116024425669901,0.5092851077533089,1.2934951224414153,0.7595289179807568
1710,1.7715227193307388,0.5253980313280053,1.3132721112130374,0.7558723220054889
1711,1.6077657691484792,0.4944707414153288,1.3132721112130374,0.7598077157884124
1712,1.7570692692764407,0.5152931155052455,1.3326630327121105,0.7558723220054893
1713,1.604951301911422,0.4794916666697852,1.3326630327121105,0.7600531870556542
1714,1.7423829433756208,0.506155891962629,1.351615569695807,0.7558723220054896
1715,1.6031754373027658,0.4643892962725756,1.351615569695807,0.7602602627390981
1716,1.7275122165717465,0.4980738987040206,1.3700804378466618,0.7558723220054897
1717,1.6024488211361925,0.449209113398012,1.3700804378466618,0.7604305005274842
1718,1.7125073959425559,0.4911294623460823,1.3880112775456486,0.7558723220054898
1719,1.6027761915695622,0.43400123512755573,1.3880112775456486,0.7605657682551787
1720,1.697420544494514,0.48539729726184216,1.405364534671436,0.7558723220054903
1721,1.6041563232521927,0.41882109351760183,1.405364534671436,0.7606679758540978
1722,1.6823053873605818,0.480942041131998,1.4220993475810468,0.7558723220054906
1723,1.6065820452468065,0.4037302144285985,1.4220993475810468,0.7607390535661008
1724,1.6672171980652257,0.47781589530793495,1.438177441558288,0.7558723220054907
1725,1.6100403310955653,0.38879709135423635,1.438177441558288,0.7607809408760824
1726,1.6522126624501052,0.4760565603923707,1.4535630310106593,0.7558723220054905
1727,1.6145124583567314,0.3740981408822277,1.4535630310106593,0.7607955765924959
1728,1.6373497178441876,0.47568565501689836,1.4682227294385402,0.7558723220054907
1729,1.6199742330134361,0.3597187072890811,1.4682227294385402,0.7607848896732456
1730,1.6226873651316827,0.4767077744274288,1.4821254670373387,0.7558723220054905
1731,1.6263962724384886,0.3457540539595743,1.4821254670373387,0.7607507907659325
1732,1.6082854515401102,0.47911028708988274,1.4952424156815594,0.7558723220054906
1733,1.6337443392083602,0.3323102355571605,1.4952424156815594,0.7606951644453566
1734,1.594204422259584,0.48286389101025046,1.5075469209669534,0.7558723220054909
1735,1.641979717052203,0.3195046847538351,1.5075469209669534,0.7606198621306977
1736,1.5805050394327553,0.48792387083024075,1.5190144409438722,0.7558723220054909
1737,1.6510596196239824,0.30746627174588037,1.5190144409438722,0.7605266956638213
1738,1.5672480676399902,0.4942319272124311,1.5296224911544742,0.7558723220054907
1739,1.660937622594547,0.2963345120434435,1.5296224911544742,0.7604174315292189
1740,1.5544939257584591,0.5017184035784665,1.539350595582782,0.7558723220054907
1741,1.6715641097467553,0.28625752957877854,1.539350595582782,0.7602937856952525
1742,1.5423023060017436,0.5103047176295763,1.548180243135376,0.7558723220054907
1743,1.6828867242710348,0.27738836790965166,1.548180243135376,0.7601574190555641
1744,1.5307317620426637,0.5199058149568709,1.5560948492882711,0.7558723220054909
1745,1.6948508172372294,0.2698793398323953,1.5560948492882711,0.7600099334488256
1746,1.5198392693676588,0.5304324926829771,1.5630797225596413,0.7558723220054907
1747,1.7073998861901307,0.26387437464268854,1.5630797225596413,0.7598528682343219
1748,1.5096797623721603,0.5417934831126563,1.569122035496593,0.7558723220054907
1749,1.7204759979086404,0.2594997854964055,1.569122035496593,0.7596876974003095
1750,1.5003056541320632,0.5538972317142128,1.5742107998956325,0.7558723220054905
1751,1.7340201905143855,0.2568544688099192,1.5742107998956325,0.7595158271815525
1752,1.4917663462090331,0.5666533435142842,1.5783368460098208,0.75587232200549
1753,1.7479728512555293,0.25600107117901433,1.5783368460098208,0.7593385941620187
1754,1.4841077371843507,0.5799737032160523,1.5814928055300286,0.75587232200549
1755,1.7622740673770616,0.2569598451450879,1.5814928055300286,0.7591572638383445
1756,1.4773717397739417,0.5937732957977698,1.5836730981627878,0.7558723220054897
1757,1.7768639484835969,0.2597065576495662,1.5836730981627878,0.7589730296193761
1758,1.4715958172581358,0.6079707667034442,1.5848739216625183,0.75587232200549
1759,1.7916829196800435,0.26417494526158,1.5848739216625183,0.7587870122368939
1760,1.4668125504695197,0.622488765748501,1.5850932452113309,0.75587232200549
1761,1.8066719855257793,0.27026314047065264,1.5850932452113309,0.7586002595424884
1762,1.4630492466402882,0.6320665226035921,1.584330806074964,0.7558723220054898
1763,1.821772965454683,0.2778426555125008,1.584330806074964,0.75841374666549
1764,1.4603276009596697,0.6274677069620991,1.58258810949873,0.7558723220054896
1765,1.8369287017996263,0.28676819804439235,1.58258810949873,0.7582283765069101
1766,1.4586634207075821,0.6223296459377861,1.579868431842643,0.7558723220054895
1767,1.8520832419242526,0.29688681501593217,1.579868431842643,0.758044980544431
1768,1.4580664203268419,0.6166579066694776,1.5761768269902006,0.7558723220054894
1769,1.8671819962192937,0.3080453997062878,1.5761768269902006,0.7578643199237006
1770,1.4585400938288327,0.6104586684302884,1.5715201361006235,0.7558723220054896
1771,1.8821718738795825,0.32009618231088455,1.5715201361006235,0.7576870868114512
1772,1.4600816685920452,0.603738727780735,1.5659070008098088,0.7558723220054892
1773,1.8970013984563865,0.33290027372886144,1.5659070008098088,0.7575139059863174
1774,1.4626821420379938,0.5965055050016445,1.5593478800207035,0.7558723220054894
1775,1.911620805192662,0.34632958618706416,1.5593478800207035,0.7573453366436735
1776,1.4663264000054477,0.5887670520865583,1.5518550704592702,0.7558723220054893
1777,1.9259821221103028,0.36026754074924733,1.5518550704592702,0.757181874391301
1778,1.4709934130507794,0.5805320626321102,1.5434427312074643,0.7558723220054889
1779,1.9400392367411288,0.3746089511897737,1.5434427312074643,0.7570239534132944
1780,1.4766565045321063,0.5718098840365305,1.5341269124593726,0.7558723220054888
1781,1.9537479502882722,0.38925940278410276,1.5341269124593726,0.7568719487802598
1782,1.4832836823194522,0.5626105325043844,1.5239255887803864,0.7558723220054887
1783,1.9670660208812147,0.40413436166235145,1.5239255887803864,0.7567261788845612
1784,1.4908380244122945,0.5529447114641463,1.5128586971813496,0.7558723220054887
1785,1.9799531974536695,0.419158175707563,1.5128586971813496,0.7565869079801588
1786,1.4992781077000588,0.542823834139794,1.5009481803488975,0.7558723220054887
1787,1.9923712456350458,0.4342630690929561,1.5009481803488975,0.7564543488073903
1788,1.5085584685893842,0.5322600511854071,1.4882180353984542,0.7558723220054885
1789,2.0042839669081163,0.4493881899413882,1.4882180353984542,0.756328665283922
1790,1.5186300842237472,0.5212662845020248,1.4746943685355733,0.7558723220054888
1791,2.015657212151338,0.4644787417066678,1.4746943685355733,0.7562099752440087
1792,1.5294408634825356,0.5098562686208553,1.4604054560220718,0.7558723220054885
1793,2.0264588905565737,0.4794852103907895,1.4604054560220718,0.7560983532091462
1794,1.5409361377894413,0.4980446013721448,1.445381811842406,0.7558723220054885
1795,2.036658974793481,0.49436268856785226,1.445381811842406,0.7559938331741662
1796,1.5530591428910476,0.48584680598539176,1.4296562624487301,0.7558723220054883
1797,2.046229503181506,0.509070290960911,1.4296562624487301,0.7558964113938255
1798,1.565751484087748,0.47327940731157386,1.4132640289246117,0.7558723220054886
1799,2.0551445795298244,0.5235706532435069,1.4132640289246117,0.7558060491559442
1800,1.5789535788163291,0.4603600255579082,1.396242816840488,0.755872322005488
1801,2.063380371214674,0.5378295045920364,1.396242816840488,0.755722675528174
1802,1.592605071912664,0.4471074918285033,1.378632913969963,0.755872322005488
1803,2.0709151059821873,0.5518153044898922,1.378632913969963,0.7556461900664814
1804,1.6066452202543788,0.43354199093393053,1.3604772958840654,0.7558723220054883
1805,2.077729067892498,0.5654989348628049,1.3604772958840654,0.7555764654744717
1806,1.6210132447443728,0.41968523845388894,1.341821739227315,0.755872322005488
1807,2.083804592757061,0.5788534394881372,1.341821739227315,0.755513350203661
1808,1.6356486487106228,0.40556070102174163,1.3227149421887336,0.7558723220054883
1809,2.089126063364991,0.5918538035796396,1.3227149421887336,0.7554566709858203
1810,1.6504915027455052,0.3911938713947998,1.3032086512934675,0.7558723220054883
1811,2.0936799047451236,0.604476767396604,1.3032086512934675,0.7554062352894816
1812,1.665482696781947,0.37661261327067463,1.2833577931340576,0.7558723220054883
1813,2.097454579667589,0.6167006686068355,1.2833577931340576,0.755361833693639
1814,1.6805641608078061,0.3618475952502517,1.2632206090089122,0.7558723220054883
1815,2.100440584551201,0.628505308921647,1.2632206090089122,0.7553232421726193
1816,1.6956790560655068,0.3469328391285836,1.2428587896111323,0.7558723220054882
1817,2.1026304459101763,0.6398718412112531,1.2428587896111323,0.7552902242869738
1818,1.7107719388878306,0.33190641515501007,1.2223376058840911,0.755872322005488
1819,2.1040187174447573,0.6507826739034405,1.2223376058840911,0.7552625332761105
1820,1.7257888995024653,0.3168113263756391,1.2017260309026931,0.7558723220054882
1821,2.1046019778546063,0.6612213899750674,1.2017260309026931,0.755239914049198
1822,1.7406776782179336,0.3016966358544162,1.181096846127341,0.7558723220054883
1823,2.1043788294305594,0.6711726782746702,1.181096846127341,0.755222105071661
1824,1.7553877614020272,0.28661890423837055,1.160526723597983,0.7558723220054879
1825,2.1033498974588682,0.6806222752755288,1.160526723597983,0.7552088401453292
1826,1.7698704595994892,0.2716440195203075,1.140096273593111,0.7558723220054879
1827,2.101517830451692,0.6895569156617266,1.140096273593111,0.7551998500809851
1828,1.7840789700251503,0.2568495124032164,1.1198900450074092,0.755872322005488
1829,2.098887301197696,0.6979642904039353,1.1198900450074092,0.7551948642627225
1830,1.7979684255263757,0.2423274511714736,1.0999964632790613,0.7558723220054879
1831,2.0954650086065203,0.7058330111946638,1.0999964632790613,0.7551936121041309
1832,1.8114959319465,0.22818798232613577,1.0805076882601794,0.755872322005488
1833,2.091259680299928,0.7131525802912766,1.0805076882601794,0.7551958243968765
1834,1.8246205956486041,0.21456349469587838,1.0615193721853051,0.7558723220054874
1835,2.0862820758799723,0.7199133649649654,1.0615193721853051,0.7552012345527856
1836,1.8373035427840796,0.2016131781969671,1.0431302961606914,0.7558723220054877
1837,2.0805449907798512,0.7261065758798749,1.0431302961606914,0.7552095797409905
1838,1.849507931718637,0.1895273375543089,1.0254418627814692,0.7558723220054876
1839,2.074063260575578,0.7317242488328346,1.0254418627814692,0.7552206019221427
1840,1.8611989598638674,0.17853010899688027,1.0085574230944208,0.7558723220054878
1841,2.066853765605404,0.7367592293739978,1.0085574230944208,0.7552340487820735
1842,1.872343866007967,0.16887819354935962,0.9925814187432542,0.7558723220054879
1843,2.058935435708437,0.7412051599050249,0.9925814187432542,0.7552496745676338
1844,1.8829119290964844,0.1608521398169391,0.9776183253564592,0.7558723220054879
1845,2.050329254853235,0.7450564689165758,0.9776183253564592,0.7552672408277395
1846,1.8928744642839124,0.15473648693710415,0.9637713915738035,0.7558723220054878
1847,2.0410582653806553,0.7483083620828511,0.9637713915738035,0.7552865170629233
1848,1.9022048169598138,0.15078730998459855,0.9511411798363144,0.7558723220054877
1849,2.031147571532021,0.7509568149793343,0.9511411798363144,0.755307281286911
1850,1.9108783553488002,0.14919156113055673,0.9398239300659115,0.7558723220054874
1851,2.0206243418730487,0.7529985672321957,0.9398239300659115,0.7553293205039306
1852,1.9188724621914952,0.15003019238877124,0.9299097849424539,0.7558723220054874
1853,2.0095178101551956,0.75443111794518,0.9299097849424539,0.7553524311056206
1854,1.9261665259328715,0.15326025273813468,0.9214809342624459,0.7558723220054875
1855,1.997859274078489,0.7552527222832415,0.9214809342624459,0.7553764191915296
1856,1.932741931774141,0.1587245339444211,0.9146097537497582,0.7558723220054875
1857,1.9856820913330149,0.755462389122622,0.9146097537497582,0.7554011008172805
1858,1.9385820528837205,0.16618405569174516,0.9093570280670199,0.7558723220054877
1859,1.9730216721996965,0.7431988189122845,0.9093570280670199,0.7554263021745439
1860,1.9436722420107038,0.17535913819588525,0.9057703558687211,0.7558723220054878
1861,1.9599154678847508,0.7305227466818814,0.9057703558687211,0.7554518597070047
1862,1.9479998236997296,0.18596525361958896,0.9038828341490753,0.7558723220054876
1863,1.9464029536465992,0.718473700539557,0.9038828341490753,0.7554776201665064
1864,1.9515540872681767,0.1977368619266047,0.903712108468746,0.7558723220054878
1865,1.9325256056497788,0.7071289728007217,0.903712108468746,0.7555034406135591
1866,1.9543262806743245,0.21043924989794452,0.9052598549959615,0.7558723220054876
1867,1.9183268703490362,0.6965655233096986,0.9052598549959615,0.7555291883663525
1868,1.956309605377585,0.22387171201790526,0.9085117314960326,0.7558723220054876
1869,1.9038521250704108,0.6868589620564874,0.9085117314960326,0.7555547409023764
1870,1.9574992122683357,0.23786576642502216,0.9134378008178099,0.7558723220054876
1871,1.8891486283179661,0.6780823848729544,0.9134378008178099,0.7555799857166706
1872,1.9578921987244426,0.25228115176694405,0.9199933963765167,0.7558723220054876
1873,1.8742654581991234,0.6703050841842995,0.9199933963765167,0.7556048201406542
1874,1.9574876068335374,0.2670012495706158,0.9281203690338456,0.7558723220054878
1875,1.8592534372339424,0.663591171167604,0.9281203690338456,0.7556291511253714
1876,1.9562864228037722,0.28192875801681194,0.9377486322517569,0.7558723220054876
1877,1.844165041701289,0.6579981603340439,0.9377486322517569,0.7556528949928976
1878,1.954291577570452,0.2969819475502402,0.9487979096178701,0.7558723220054877
1879,1.8290542935862728,0.6535755806139384,0.9487979096178701,0.7556759771595132
1880,1.9515079485909228,0.3120915689450462,0.9611795862564035,0.7558723220054875
1881,1.8139766331390974,0.6503636862765076,0.9611795862564035,0.7556983318341354
1882,1.947942362804769,0.3271983665587951,0.9747985721218705,0.755872322005488
1883,1.7989887700474894,0.6483923443114464,0.9747985721218705,0.7557199016953473
1884,1.9436036007200037,0.342251107327952,0.9895550984834612,0.7558723220054878
1885,1.7841485112766733,0.6476801706367951,0.9895550984834612,0.7557406375502368
1886,1.938502401567882,0.35720503018145416,1.0053463862983099,0.755872322005488
1887,1.7695145637569807,0.6482339751037208,1.0053463862983099,0.7557604979780864
1888,1.932651469448495,0.37202062984395123,1.022068143954799,0.7558723220054878
1889,1.7551463103146328,0.6500485555169808,1.022068143954799,0.7557794489618219
1890,1.9260654803656652,0.3866627030421065,1.039615869828305,0.7558723220054882
1891,1.7411035575607174,0.6531068559228221,1.039615869828305,0.7557974635099635
1892,1.9187610900220682,0.4010995992321114,1.0578859506983513,0.7558723220054882
1893,1.727446254889867,0.6573804774165062,1.0578859506983513,0.7558145212716596
1894,1.9107569422131456,0.41530263032655207,1.0767765595008785,0.7558723220054883
1895,1.7142341843037687,0.6474369418191882,1.0767765595008785,0.7558306081472298
1896,1.9020736776203164,0.4292456040516488,1.0961883649079267,0.7558723220054885
1897,1.701526621470603,0.6363871949237103,1.0961883649079267,0.7558457158964931
1898,1.8927339427593564,0.4429044536210485,1.1160248531557673,0.7558723220054885
1899,1.6893788655763593,0.6248867554419598,1.1160248531557673,0.7559259395867932
1900,1.882762398787605,0.4562569426799049,1.1361936115771032,0.7558723220054885
1901,1.677826729200215,0.6129455841790943,1.1361936115771032,0.7566502303173492
1902,1.8721857298128652,0.4692824292974737,1.1566073755249895,0.7558723220054886
1903,1.666972730819477,0.6005984764046547,1.1566073755249895,0.7560500206009149
1904,1.861032650276517,0.48196167648020305,1.1771787327967331,0.7558723220054884
1905,1.6568499451901355,0.5878602806521385,1.1771787327967331,0.7561113162339324
1906,1.849333910902448,0.4942766994998169,1.1978263477477564,0.7558723220054886
1907,1.6475052326228035,0.5747516868442571,1.1978263477477564,0.7561919765688415
1908,1.8371223026110581,0.5062106424884469,1.2184728779153893,0.7558723220054889
1909,1.6389863459640264,0.5612963603145272,1.2184728779153893,0.7562661211264058
1910,1.8244326576930292,0.5177476784052182,1.239044860580523,0.7558723220054885
1911,1.6313377498177581,0.5475198159236554,1.239044860580523,0.7563328873347006
1912,1.8113018474202502,0.5288729277478746,1.2594726450042817,0.7558723220054885
1913,1.6246000334363093,0.5334495525971092,1.2594726450042817,0.7563924491147037
1914,1.7977687751410358,0.5395723923614647,1.2796902925978424,0.7558723220054887
1915,1.6188094866635732,0.5191152793891526,1.2796902925978424,0.7564450411907774
1916,1.7838743637638723,0.5349083618185753,1.299636185281816,0.7558723220054889
1917,1.613996491229906,0.5045480919178607,1.299636185281816,0.7565247287295884
1918,1.7696615363792476,0.5240349778197121,1.319250186575777,0.7558723220054888
1919,1.6101899511260407,0.4897849380104679,1.319250186575777,0.7565382561035261
1920,1.7551751886044558,0.5140505942520143,1.338477246350666,0.7558723220054893
1921,1.6074100314907642,0.47486317377512377,1.338477246350666,0.7565742884241374
1922,1.740462151064392,0.5050454791129929,1.3572651007758543,0.7558723220054892
1923,1.605672230306842,0.45982446357199214,1.3572651007758543,0.7566052729301045
1924,1.725571140246445,0.4971066237929394,1.375564477772434,0.7558723220054894
1925,1.6049863979914438,0.44471472505552523,1.375564477772434,0.7566303848282208
1926,1.7105526957953532,0.49031550529192397,1.3933290424205351,0.7558723220054892
1927,1.6053564927808814,0.4295846232662066,1.3933290424205351,0.7566498902638654
1928,1.6954591021519294,0.4847456688308386,1.410515279247596,0.7558723220054893
1929,1.6067805282037064,0.4144902633114528,1.410515279247596,0.7566641041099189
1930,1.6803442922975804,0.4804602668293821,1.4270823783532827,0.7558723220054892
1931,1.6092505975945455,0.3994939848323088,1.4270823783532827,0.7566733458489467
1932,1.6652637312565663,0.47750972661270286,1.4429921289175345,0.7558723220054889
1933,1.612752970479045,0.3846652508692958,1.4429921289175345,0.7566779360772988
1934,1.6502742769443695,0.4759297384657276,1.4582088204827977,0.755872322005489
1935,1.6172682578464337,0.3700816152510985,1.4582088204827977,0.7566781947787085
1936,1.6354340159500722,0.47573974960784077,1.4726991520467292,0.7558723220054888
1937,1.6227716415513584,0.3558297321421799,1.4726991520467292,0.7566744397895728
1938,1.6208020719220162,0.4769421145227021,1.48643214883228,0.7558723220054888
1939,1.6292331614097613,0.34200633951672166,1.48643214883228,0.7566669853901599
1940,1.606438384409332,0.4795219906864177,1.49937908648845,0.7558723220054885
1941,1.6366180522035045,0.32871910194751613,1.49937908648845,0.7566561410168866
1942,1.5924034563177412,0.48344799082409595,1.5115134224007403,0.7558723220054886
1943,1.6448871218432248,0.3160871351115392,1.5115134224007403,0.7566422100929212
1944,1.5787580685858522,0.48867352279866433,1.5228107337461436,0.7558723220054884
1945,1.6539971613817934,0.30424095654962924,1.5228107337461436,0.7566254889740984
1946,1.5655629612946624,0.4951386811198485,1.5332486619060786,0.7558723220054887
1947,1.6639013774162423,0.29332152449519105,1.5332486619060786,0.7566062660068095
1948,1.5528784811995835,0.5027725111811406,1.5428068628463367,0.7558723220054884
1949,1.6745498376332661,0.28347796322316093,1.5428068628463367,0.7565848206942561
1950,1.5407641966246173,0.5114954534825881,1.5514669630813545,0.7558723220054883
1951,1.6858899207915674,0.2748635726385844,1.5514669630813545,0.7565614229671966
1952,1.5292784817751828,0.5212217881371585,1.5592125208575003,0.7558723220054885
1953,1.6978667632291289,0.2676298416309133,1.5592125208575003,0.7565363325551007
1954,1.5184780737889783,0.5318619326210366,1.566028992213961,0.7558723220054883
1955,1.7104236949639091,0.26191848633440423,1.566028992213961,0.756509798453463
1956,1.5084176072170006,0.5433244885448355,1.5719037016081832,0.7558723220054886
1957,1.723502659551077,0.25785202789724415,1.5719037016081832,0.7564820584828446
1958,1.499149132056264,0.5555179773009978,1.576825816824238,0.7558723220054886
1959,1.7370446130020174,0.2555240218678463,1.576825816824238,0.7564533389351289
1960,1.4907216228722278,0.568352243255877,1.580786327915821,0.7558723220054882
1961,1.7509898982019365,0.25499054054927717,1.580786327915821,0.7564238543023599
1962,1.4831804878681176,0.5817395331333821,1.5837780299701192,0.7558723220054884
1963,1.765278592336806,0.256264615972563,1.5837780299701192,0.7563938070834878
1964,1.4765670878858366,0.5955952804339978,1.5857955095139327,0.7558723220054887
1965,1.7798508258214525,0.2593148966446819,1.5857955095139327,0.7563633876642905
1966,1.4709182761610453,0.6098386350226506,1.5868351344189147,0.755872322005488
1967,1.7946470720853578,0.2640688365898204,1.5868351344189147,0.756332774265748
1968,1.4662659701103014,0.6243927822287649,1.5868950471983438,0.755872322005488
1969,1.8096084083083537,0.2704196708682387,1.5868950471983438,0.7563021329561372
1970,1.4626367664227715,0.6315002509221852,1.5859751616233997,0.7558723220054878
1971,1.8246767478012473,0.2782356663425869,1.5859751616233997,0.7562716177221671
1972,1.4600516102095622,0.626831150669156,1.5840771626224233,0.755872322005488
1973,1.8397950451999407,0.2873699215784121,1.5840771626224233,0.7562413705944958
1974,1.4585255279101867,0.6216234932070647,1.5812045094621174,0.7558723220054878
1975,1.8549074759946724,0.2976692860266135,1.5812045094621174,0.7562115218230784
1976,1.458067432087664,0.6158829248749981,1.5773624422451256,0.7558723220054878
1977,1.8699595921609473,0.3089815352268389,1.5773624422451256,0.756182190097844
1978,1.4586800042223558,0.6096157047514801,1.5725579917939339,0.7558723220054877
1979,1.8848984558098232,0.3211605121563934,1.5725579917939339,0.7561534828103306
1980,1.4603596592402213,0.6028287099596955,1.5667999930266026,0.7558723220054879
1981,1.8996727528475437,0.33406936275980686,1.5667999930266026,0.7561254963519957
1982,1.463096592915926,0.5955294422858816,1.5600991019654067,0.7558723220054882
1983,1.9142328886428104,0.3475822156491435,1.5600991019654067,0.7560983164450824
1984,1.4668749106278045,0.5877260363975811,1.5524678165549526,0.7558723220054883
1985,1.9285310676581109,0.36158471925392854,1.5524678165549526,0.756072018502014
1986,1.4716728333691966,0.5794272700087489,1.543920501501566,0.755872322005488
1987,1.9425213589219827,0.37597381650544714,1.543920501501566,0.756046668009488
1988,1.477462974589729,0.5706425764122801,1.5344734173803276,0.7558723220054882
1989,1.9561597491127114,0.39065706164124253,1.5344734173803276,0.7560223209335555
1990,1.4842126794787946,0.5613820598908856,1.5241447542896418,0.7558723220054878
1991,1.9694041849000274,0.40555170099259136,1.5241447542896418,0.7559990241421559
1992,1.4918844168069618,0.5516565146287772,1.5129546703648167,0.755872322005488
1993,1.9822146060573498,0.42058366727171936,1.5129546703648167,0.7559768158417517
1994,1.5004362124643489,0.5414774478850795,1.5009253354908334,0.7558723220054882
1995,1.994552970719162,0.4356865808371536,1.5009253354908334,0.7559557260248566
1996,1.509822113391868,0.5308571083626156,1.4880809805788104,0.7558723220054879
1997,2.0063832740207714,0.4508008113956753,1.4880809805788104,0.7559357769254591
1998,1.519992670666321,0.5198085209223258,1.4744479527886547,0.755872322005488
1999,2.0176715612245366,0.46587262676968594,1.4744479527886547,0.7559169834794948
2000,0.9589756093439435,1.1382814943911983,2.165660321028778,0.0
2001,1.115055541276084,0.3531517145346688,2.165660321028778,0.0
2002,0.958800389876595,1.1374826658074613,2.1638743336189457,0.07719810805827448
2003,1.1145576443704432,0.3529015304770035,2.1638743336189457,0.07719810805827439
2004,0.9578149885107645,1.1356005065946364,2.1599875872604453,0.12065825942934394
2005,1.1142611583018749,0.3531201643043182,2.1599875872604453,0.12065825942934379
2006,0.9559742634021701,1.1327339254235178,2.1542603045297377,0.16677241880614552
2007,1.114339074471636,0.35394967631303054,2.1542603045297377,0.16677241880614546
2008,0.9533449147221716,1.1289151113115432,2.1467335378001215,0.2128968553927303
2009,1.1147338484162383,0.3553413728506765,2.1467335378001215,0.2128968553927302
2010,0.9500004519329632,1.1241767880065248,2.1374465202343895,0.25789991251737315
2011,1.1153819016760784,0.3572440382801238,2.1374465202343895,0.2578999125173731
2012,0.9460164804058396,1.1185543160565963,2.1264441647511414,0.30137019363805245
2013,1.1162228997436814,0.35961157555357287,2.1264441647511414,0.3013701936380523
2014,0.9414704863063964,1.1120856532584162,2.113776987570494,0.3431430716075611
2015,1.1172000572844754,0.36240291655533835,2.113776987570494,0.34314307160756097
2016,0.9364418034045328,1.1048112776271537,2.099497487575243,0.38315298877877063
2017,1.1182756014002855,0.3655962199149486,2.099497487575243,0.383232741230704
2018,0.9310115601471114,1.096774132364514,2.0836459731408783,0.4213801851951915
2019,1.1194664333083428,0.36922344275784724,2.0836459731408783,0.4221136105550426
2020,0.9252625914240444,1.0880195913167368,2.0663278119569135,0.45782847946286337
2021,1.1205628106933825,0.37310083168626323,2.0663278119569135,0.45826605742106746
2022,0.9192793072559853,1.0785954420180146,2.047599655333999,0.4925148963171712
2023,1.1215953303330535,0.3772719079404235,2.047599655333999,0.492983409290057
2024,0.9131475105945596,1.0685518834631036,2.0275333392510757,0.5254643789861282
2025,1.1225356565843163,0.38172482152673487,2.0275333392510757,0.5259811102681063
2026,0.9069541562901624,1.0579415357086153,2.0062085867899464,0.5567068953764172
2027,1.1233460057519467,0.3864380079987203,2.0062085867899464,0.5572719918494906
2028,0.9007870435007295,1.0468194582338908,1.9837100208277905,0.5862757579172598
2029,1.1239907340918347,0.3913909317477575,1.9837100208277905,0.586887695356472
2030,0.8947344345291391,1.035243173695252,1.9601270559363355,0.6142065972409652
2031,1.124436675678467,0.39656417076612926,1.9601270559363355,0.6148632083853144
2032,0.8888845944168705,1.0232726932767335,1.9355539612958474,0.640536706408582
2033,1.1246530296851758,0.4019391128663416,1.9355539612958474,0.6412354093634153
2034,0.8833252477041045,1.0109705392720936,1.9100899556591187,0.6653046043393296
2035,1.124611235608585,0.40749768431437244,1.9100899556591187,0.6660425397131072
2036,0.8781429516754574,0.9984017598259638,1.8838393228215438,0.6885497337788579
2037,1.1242848548903164,0.41322212603509345,1.8838393228215438,0.6893238619293632
2038,0.8734223891714958,0.985633929921488,1.8569115412555939,0.7103122445241818
2039,1.1236494601508338,0.4190948148920556,1.8569115412555939,0.7111194165017656
2040,0.869245588598816,0.9727371317424743,1.829421420556401,0.7306328322108
2041,1.1226825323386131,0.42509812615026976,1.829421420556401,0.7314698423447245
2042,0.865691083944557,0.9597839064891635,1.8014892356720722,0.7495526142189217
2043,1.1213633658874158,0.43121433279141047,1.8014892356720722,0.7504162396096928
2044,0.8628330330964004,0.9468491686373195,1.7732408477851982,0.7671130309322436
2045,1.1196729818300193,0.4374255371803242,1.7732408477851982,0.7680000614392992
2046,0.8607403181605503,0.9340100725756394,1.7448077981615604,0.7833557646603464
2047,1.1175940487075386,0.4437136306000876,1.7448077981615604,0.7842630258827692
2048,0.8594756562275624,0.9213458206435198,1.7163273582932677,0.7983226710910288
2049,1.115110811033289,0.45006027633238604,1.7163273582932677,0.7992470421102439
2050,0.8590947525737184,0.9089374009636892,1.6879425162827397,0.8120557197774059
2051,1.1122090250143228,0.4564469122208724,1.6879425162827397,0.8129941469348462
2052,0.8596455300381821,0.8968672433040035,1.659801875750543,0.824596941237259
2053,1.108875901198202,0.46285476898406885,1.659801875750543,0.8255464488764184
2054,0.8611674678284815,0.8852187817261113,1.632059439802018,0.8359883789574676
2055,1.1051000536936864,0.4692649009137069,1.632059439802018,0.8369460778179312
2056,0.8636910800267142,0.8740759142245458,1.6048742490696024,0.8462720450814476
2057,1.1008714556087307,0.47565822598192914,1.6048742490696024,0.8472351388597323
2058,0.8672375586189314,0.863522352166163,1.578409840017597,0.8554898788913838
2059,1.0961814003549322,0.48201557276898804,1.578409840017597,0.8564556693583468
2060,0.8718185982806198,0.8536408563080882,1.5528334881730579,0.8636837074298428
2061,1.0910224684822207,0.48831773199873496,1.5528334881730579,0.8646495984027013
2062,0.877436411039665,0.8445123616176397,1.5283152015098271,0.870895207769557
2063,1.0853884997293621,0.49454551082276466,1.5283152015098271,0.8718587081685433
2064,0.8840839291347109,0.8340593598295178,1.505026432767102,0.8771658705571242
2065,1.0792745700033568,0.5006797883191997,1.505026432767102,0.878124596725766
2066,0.8917451848167994,0.8168376432192058,1.4831384869752722,0.8825369645403376
2067,1.0726769730329688,0.4856429390175557,1.4831384869752722,0.8834886419696935
2068,0.9003958473897538,0.7997147651197052,1.462820612729801,0.8870495018495734
2069,1.065593206477555,0.46797530275174554,1.462820612729801,0.8879919664171392
2070,0.9100038911662642,0.7827572513816262,1.4442377833178932,0.8907442038478258
2071,1.0580219623114686,0.4503105100559606,1.4442377833178932,0.8916754026589385
2072,0.9205303636888791,0.7660350747875487,1.4275481965940604,0.8936614673962832
2073,1.0499631213461524,0.4327122753264415,1.4275481965940604,0.8945794592979585
2074,0.9319302216853117,0.7496216540309917,1.4129005495865687,0.8958413314061527
2075,1.0414177517963525,0.4152513347258541,1.4129005495865687,0.8967442872291768
2076,0.9441532026668209,0.7335937780260009,1.4004311731887504,0.8973234435652255
2077,1.0323881118435252,0.3980066187493701,1.4004311731887504,0.8982096461390514
2078,0.9571447024795059,0.7180314321759723,1.3902611408174979,0.8981470271412378
2079,1.022877656198447,0.38106657360863677,1.3902611408174979,0.8990148711171411
2080,0.9708466329790336,0.7030175002753308,1.3824934885742663,0.8983508477748304
2081,1.0128910467163488,0.36453059927707576,1.3824934885742663,0.8991988392853255
2082,0.9851982387621173,0.6886373137668078,1.3772106988288737,0.8979731801838979
2083,1.0024341671716377,0.3485105293750598,1.3772106988288737,0.8987999363602464
2084,1.0001368570191536,0.6749780199066235,1.3744726003403327,0.8970517747092559
2085,0.9915141423556352,0.3331320108094495,1.3744726003403327,0.8978560230737026
2086,1.0155986096183702,0.6621277429446929,1.3743148235456881,0.8956238236395796
2087,0.9801393617198394,0.31853554235452325,1.3743148235456881,0.8964044013844867
2088,1.0315190211515124,0.6501745187309721,1.37674791928434,0.8937259272619897
2089,0.968319507849106,0.30487679898067505,1.37674791928434,0.8944817804241978
2090,1.0478335606437896,0.6392049941395237,1.3817572054932719,0.8913940595941678
2091,0.9560655901138112,0.2923257138580957,1.3817572054932719,0.8921242421294933
2092,1.0644781078469894,0.6293028989175515,1.3893033543367104,0.8886635337647829
2093,0.9433899839173041,0.28106365075898254,1.3893033543367104,0.8893672065245287
2094,1.081389347475584,0.6205473188595709,1.3993236785090035,0.8855689670217893
2095,0.9303064760243005,0.27127795610936445,1.3993236785090035,0.8862453966304108
2096,1.098505096458666,0.6130108243463083,1.4117340270940655,0.882144245363114
2097,0.9168303165264264,0.26315335640154885,1.4117340270940655,0.8827928029936822
2098,1.1157645703546546,0.6067575347290043,1.4264311643165122,0.878422487801654
2099,0.9029782780714101,0.25686019495566237,1.4264311643165122,0.8790426478435259
2100,1.1331085956207152,0.6018412229564145,1.4432954825221225,0.8744360102965627
2101,0.8887687230501803,0.252540422667757,1.4432954825221225,0.8750273489076202
2102,1.150479774559063,0.598303581576064,1.4621938948148168,0.8702162894056015
2103,0.8742216794979103,0.25029338093273673,1.4621938948148168,0.8707784829396296
2104,1.1678226095858366,0.5961727762093725,1.4829827614412778,0.8657939257389105
2105,0.859358926515911,0.2501642601896116,1.4829827614412778,0.866326749037117
2106,1.1850835930799755,0.5954624025126931,1.5055107238794816,0.8611986073227813
2107,0.8442040900541776,0.2521380903467082,1.5055107238794816,0.8617019318571666
2108,1.202211268548518,0.5961709366898937,1.5296213473667708,0.8564590730126433
2109,0.828782749899532,0.25614093719020137,1.5296213473667708,0.8569328648679589
2110,1.2191562682534032,0.5982817302072275,1.555155502014682,0.8516030761272163
2111,0.8131225586782025,0.26204802070093364,1.555155502014682,0.8520473938075934
2112,1.2358713318302148,0.6017635519092156,1.5819534411098124,0.846657348509955
2113,0.7972533735861992,0.26969663860532944,1.5819534411098124,0.8470723405560381
2114,1.252311309824932,0.6065716326149194,1.6098565601561583,0.8416475652589945
2115,0.7812074013816626,0.2789008891513896,1.6098565601561583,0.8420334676616011
2116,1.2684331555031576,0.6126491260406508,1.6387088402598973,0.8365983104018202
2117,0.7650193568786935,0.28946544420584197,1.6387088402598973,0.8369554437987958
2118,1.2841959077611829,0.619928871461889,1.6683579941522317,0.8315330438248796
2119,0.7487266347307937,0.3011966182547652,1.6683579941522317,0.8318618104689963
2120,1.2995606674967917,0.6283353308964759,1.698656342767289,0.8264740698002172
2121,0.7323694936317833,0.31391010417877446,1.698656342767289,0.8267749502876629
2122,1.3144905693822078,0.6377865765049309,1.72946145555738,0.8214425074796026
2123,0.7159912511282049,0.32743558443947685,1.72946145555738,0.8217160572308816
2124,1.3289507506211415,0.6481962194078733,1.7606365895523883,0.8164582637503222
2125,0.6996384859519991,0.34161885638068723,1.7606365895523883,0.8167051092382076
2126,1.3429083179634003,0.6594751947088544,1.7920509614883335,0.8115400088643661
2127,0.6833612430557552,0.35632221219053234,1.7920509614883335,0.8117608435869017
2128,1.3563323139896937,0.6715333443875623,1.823579884984237,0.8067051552628975
2129,0.6672132342673142,0.3714237282386943,1.823579884984237,0.8069007354633069
2130,1.3691936834611413,0.6842807658064674,1.8551048014298253,0.8019698400194102
2131,0.6512520245791763,0.386815962201829,1.8551048014298253,0.8021409801590607
2132,1.3814652403475332,0.6890262858293092,1.8865132294894458,0.7973489113167733
2133,0.6355391904722845,0.4024043992750679,1.8865132294894458,0.7974964793119881
2134,1.3931216360005838,0.6916124548899872,1.9176986543068466,0.792855919354643
2135,0.6201404323101529,0.41810586085861945,1.9176986543068466,0.7929808315930374
2136,1.404139328818684,0.6954582061793202,1.9485603738587418,0.7885031120539638
2137,0.6051256177826926,0.43384699672697563,1.9485603738587418,0.7886063282109884
2138,1.414496555653693,0.7005190846228664,1.979003316598047,0.7843014358843349
2139,0.5905687278311588,0.4495629203572337,1.979003316598047,0.7843839535656706
2140,1.4241733051344099,0.7067414566759251,2.0089378416214148,0.7802605420881549
2141,0.5765476708704197,0.4651960091589356,2.0089378416214148,0.7803233913284
2142,1.4331512930221924,0.7140638163402488,2.038279530109292,0.776388798513373
2143,0.5631439261731195,0.4806948695295871,2.038279530109292,0.7764330361658994
2144,1.4414139396688703,0.7224181875707755,2.066948974706309,0.772693307195561
2145,0.5504419741044564,0.49601345524669915,2.066948974706309,0.7727200112523462
2146,1.4489463496132282,0.7317315508963705,2.0948715718018587,0.7691799277513739
2147,0.5385284710193357,0.4936278561472222,2.0948715718018587,0.7691901916349085
2148,1.4557352933277874,0.7419272310479909,2.1219773202923093,0.7658533065613513
2149,0.5274911319198047,0.48484266759214445,2.1219773202923093,0.7658482334331963
2150,1.4617691911106823,0.7529261950950139,2.148200629311381,0.7627169116325921
2151,0.5174172963896524,0.4756448295560647,2.148200629311381,0.762697608764773
2152,1.4670380991066119,0.764648224919924,2.1734801365590157,0.7597730729436736
2153,0.5083921744900819,0.46604165719813584,2.1734801365590157,0.7597406461997073
2154,1.471533697434975,0.777012941982103,2.197758538200277,0.7570230279878298
2155,0.5004967997837322,0.4560411422973057,2.197758538200277,0.7569785764597914
2156,1.47524928040127,0.7899406748953951,2.22098243080775,0.7544669721484498
2157,0.49380575514912695,0.44565196292228015,2.22098243080775,0.7544115829950603
2158,1.4781797487689108,0.8033531705846384,2.2431021654521737,0.7521041134658648
2159,0.4883847796682473,0.4348834974390621,2.2431021654521737,0.7520388569941768
2160,1.4803216040719909,0.8171741574022353,2.264071713779851,0.7499327312883547
2161,0.48428840495593684,0.4237458439962035,2.264071713779851,0.7498586563182764
2162,1.4816729449546358,0.8313297736624589,2.283848545729846,0.7479502382451901
2163,0.48155779815223987,0.41224984694669237,2.283848545729846,0.7478683677919428
2164,1.4822334655289184,0.8457488779138563,2.302393518421011,0.7461532449367839
2165,0.48021899754477054,0.4004071320890549,2.302393518421011,0.7460645722415563
2166,1.4820044557504073,0.8603632583607884,2.3196707756639956,0.7445376267075774
2167,0.48028170908979506,0.3882301531777915,2.3196707756639956,0.7444431116412655
2168,1.48098880381783,0.8751077586285407,2.335647657515002,0.743098591851614
2169,0.4817387868373815,0.3757322529201757,2.335647657515002,0.7429991577108037
2170,1.4791910006106999,0.8899203359690906,2.3502946192769283,0.7418307505987669
2171,0.4845664529899371,0.36292774272211775,2.3502946192769283,0.7417272813071896
2172,1.4766171461856452,0.9047420663828036,2.3635851593627146,0.7407281842407571
2173,0.48872523554440295,0.3498320068852999,2.3635851593627146,0.7406215219634894
2174,1.4732749583581939,0.9195171092605628,2.375495755459397,0.7397845137794634
2175,0.49416152770872884,0.3364616389593109,2.375495755459397,0.7396754569513289
2176,1.4691737834014233,0.9341926422293486,2.3860058084655376,0.738992967514246
2177,0.5008096169292606,0.3228346207647022,2.3860058084655376,0.7388822692783313
2178,1.464324608895696,0.948718775043796,2.3950975937160117,0.7383464470284864
2179,0.5085940009705062,0.3089705585970655,2.3950975937160117,0.7382348140755686
2180,1.4587400787640374,0.9630484496856588,2.4027562190542002,0.7378375910865345
2181,0.5174318059467049,0.29489099685873743,2.4027562190542002,0.7377256828815718
2182,1.4524345105248986,0.977137332352102,2.408969589360738,0.7374588370088212
2183,0.527235142266974,0.28061983769722054,2.408969589360738,0.7373472653866412
2184,1.4454239147872503,0.9909437017445105,2.413728377198744,0.7372024791532271
2185,0.5379132710001229,0.26618390746966797,2.413728377198744,0.7370918082621194
2186,1.4377260170011628,1.0044283370065896,2.4170259992870804,0.7370607241930234
2187,0.5493744960478725,0.25161372902924795,2.4170259992870804,0.7369514707621998
2188,1.4293602814591473,1.017554407787766,2.4188585985649635,0.7370257429441737
2189,0.561527738918089,0.23694458608660415,2.4188585985649635,0.736918376848963
2190,1.4203479375180985,1.0302873682039233,2.419225031662839,0.737089718555998
2191,0.5742837875909742,0.22221800709236922,2.419225031662839,0.7369846636531913
2192,1.410712007977143,1.0425948559089904,2.4181268616454608,0.7372448909378614
2193,0.5875562365390747,0.20748385858279345,2.4181268616454608,0.7371425261427571
2194,1.4004773395011312,1.0544465970550558,2.4155683559435612,0.7374835973495926
2195,0.6012621512235689,0.19280333244779777,2.4155683559435612,0.7373842579260127
2196,1.3896706349207122,1.0658143175842545,2.4115564894400765,0.7377983091339955
2197,0.615322498607558,0.17825325217444546,2.4115564894400765,0.7377022881687231
2198,1.378320487165409,1.0766716610439129,2.4061009527256423,0.738181664615451
2199,0.6296623873157092,0.16393232322121712,2.4061009527256423,0.7380892146491783
2200,1.3664574144929817,1.086090102687077,2.399214165585781,0.7386264982289026
2201,0.6442111590145293,0.149970207632891,2.399214165585781,0.7385378330167636
2202,1.3541138965634831,1.0884427433376225,2.390911295828736,0.7391258659782927
2203,0.6589023681095106,0.13654053234494798,2.390911295828736,0.7390411623543469
2204,1.3413244107662583,1.0900864608781706,2.381210283607941,0.7396730673527934
2205,0.6736736812716595,0.12387882434754527,2.381210283607941,0.7395924671743344
2206,1.3281254680390924,1.0910188622216905,2.370131871436281,0.7402616638530882
2207,0.6884667225227546,0.11230495398788572,2.370131871436281,0.7401852760023484
2208,1.3145556472169109,1.0912387804133612,2.3576996401299417,0.7408854942988062
2209,0.7032268841828834,0.10224473833656002,2.3576996401299417,0.7408133967214069
2210,1.3006556267092686,1.0907462693064904,2.3439400509569452,0.7415386871023181
2211,0.7179031192074884,0.09423357681818442,2.3439400509569452,0.7414709288636934
2212,1.2864682120280135,1.0895426008710147,2.3288824942982163,0.742215669703898
2213,0.7324477264247602,0.08886764312083506,2.3288824942982163,0.7421522730467764
2214,1.2720383573665415,1.0876302650970828,2.312559345155663,0.7429111753692036
2215,0.7468161369243971,0.08666835051116636,2.312559345155663,0.7428521377571031
2216,1.2574131790689111,1.0850129724891218,2.2950060258601876,0.7436202475525531
2217,0.7609667072792691,0.08788942828796625,2.2950060258601876,0.7435655436860474
2218,1.2426419584217774,1.0816956591783993,2.276261076340042,0.7443382420291272
2219,0.7748605233072908,0.09239829366043639,2.276261076340042,0.744287825823371
2220,1.2277761307588584,1.077684494714681,2.2563662323030345,0.745060826996346
2221,0.7884612165998476,0.09974170461673292,2.2563662323030345,0.7450146335100064
2222,1.2128692573947495,1.0729868926303177,2.2353665116602737,0.745783981339815
2223,0.8017347949584981,0.1093323037366739,2.2353665116602737,0.7457419286470741
2224,1.1979769764163752,1.0676115239031398,2.213310309468841,0.7465039912526894
2225,0.814649487107866,0.12061007001214513,2.213310309468841,0.7464659822514315
2226,1.1831569278771787,1.0615683334780093,2.1902495015889727,0.7472174453895262
2227,0.8271756015174041,0.13311589743644928,2.1902495015889727,0.7471833695401132
2228,1.1684686484909235,1.0548685600407728,2.1662395571293187,0.7479212287269387
2229,0.8392853988092728,0.14650010607209785,2.1662395571293187,0.7478909637171867
2230,1.1539734305482492,1.0475247592726544,2.141339659581086,0.7486125152939699
2231,0.8509529770071119,0.16050406164758657,2.141339659581086,0.7485859286269941
2232,1.1397341395303293,1.0395508308475625,2.115612836305479,0.7492887599252743
2233,0.862154168754637,0.17493722057093913,2.115612836305479,0.7492657104278495
2234,1.1258149848315475,1.0309620494690206,2.0891260957235747,0.7499476891801811
2235,0.8728664495758771,0.18965773994650104,2.0891260957235747,0.7499280284300913
2236,1.1122812381982978,1.0217751002767834,2.061950571145607,0.7505872915606508
2237,0.8830688562395306,0.2045580953700654,2.061950571145607,0.7505708652322787
2238,1.0991988950218328,1.012008118984774,2.0341616696469123,0.7512058071512112
2239,0.8927419143127577,0.21955495674524364,2.0341616696469123,0.7511924562792403
2240,1.086634274568834,1.0016807371403622,2.0058392237271723,0.7518017167942341
2241,0.9018675740333569,0.23458219620654444,2.0058392237271723,0.7517912789559186
2242,1.0746535566662487,0.9908141329183113,1.9770676426527947,0.7523737309045386
2243,0.9104291536854656,0.24958607331079702,1.9770676426527947,0.7523660413214726
2244,1.0633222543307104,0.9794310878783261,1.9479360593529014,0.752920778018287
2245,0.9184112897268762,0.26452190197447195,1.9479360593529014,0.7529156705790108
2246,1.0527046243688754,0.967556050119535,1.9185384674919335,0.7534419931625732
2247,0.9257998929817219,0.27935172135856606,1.9185384674919335,0.753439301367701
2248,1.0428630210467624,0.9552152042537255,1.8889738418545827,0.7539367061239873
2249,0.9325821102779532,0.29404264979998507,1.8889738418545827,0.753936263955817
2250,1.0338572014445018,0.942436548585658,1.859346233437809,0.7544044296867928
2251,0.9387462909729485,0.30856570748302653,1.859346233437809,0.754406072405601
2252,1.025743594914811,0.9292499798253057,1.8297648286505093,0.7548448479042245
2253,0.9442819578716982,0.3228949642990074,1.8297648286505093,0.7548484127736208
2254,1.0185745529083474,0.9156873855532919,1.8003439597966324,0.7552578044597222
2255,0.9491797820997208,0.33700691599960786,1.8003439597966324,0.7552631314035928
2256,1.0123975990057932,0.9017827445042023,1.771203051617609,0.7556432911687321
2257,0.9534315615469648,0.3508800225805667,1.771203051617609,0.7556502233624043
2258,1.0072547019446756,0.8875722345067857,1.7424664861956392,0.7560014366659492
2259,0.9570302025494586,0.3644943633429657,1.7424664861956392,0.7560098210642956
2260,1.003181596374475,0.8730943476055322,1.714263366130889,0.7563324953175877
2261,0.9599697045225377,0.3778313768510507,1.714263366130889,0.7563421831228292
2262,1.0002071766767415,0.8583900114608454,1.6867271538364113,0.7566368363933353
2263,0.9622451473034167,0.39087366335067475,1.6867271538364113,0.7566476834653492
2264,0.9983529881962205,0.8435027155568599,1.6599951633626482,0.7569149335281763
2265,0.9638526810020023,0.40360483362492816,1.6599951633626482,0.7569268007401156
2266,0.9976328375320861,0.8284786400046327,1.6342078807749474,0.7571673545000998
2267,0.9647895181975766,0.4160093927137484,1.6342078807749474,0.7571801080421307
2268,0.9980525391990901,0.8133667837785933,1.6095080902483638,0.7573947513459128
2269,0.9650539283557171,0.4280726500475272,1.6095080902483638,0.7574082629798593
2270,0.9996098102396397,0.7982190880292185,1.586039786250177,0.7575978508338798
2271,0.9646452343749955,0.4397806497608063,1.586039786250177,0.757611998101539
2272,1.002294317674416,0.783090548640983,1.563946857982571,0.7577774453087134
2273,0.9635638112070471,0.4371926207713764,1.563946857982571,0.757792111696567
2274,1.006087876571079,0.7680393104263237,1.5433715410928057,0.7579343839214988
2275,0.9618110865269632,0.4220415916167484,1.5433715410928057,0.7579494589844953
2276,1.0109647895927796,0.7531267332560577,1.5244526437505652,0.7580695642544358
2277,0.959389543464066,0.40693934927029035,1.5244526437505652,0.7580849437014786
2278,1.016892312740125,0.7384174180476849,1.5073235694138987,0.7581839243478201
2279,0.9563027254364329,0.39195007078295196,1.5073235694138987,0.7581995100915311
2280,1.0238312271003893,0.7239791779369272,1.4921101763373887,0.7582784351344084
2281,0.9525552431664854,0.37714538709685125,1.4921101763373887,0.7582941353076831
2282,1.0317364930868855,0.7098829372865811,1.4789285329094601,0.7583540932842482
2283,0.9481527839899869,0.362605403387007,1.4789285329094601,0.7583698222260461
2284,1.0405579620239165,0.6962025386769136,1.467882646425449,0.7584119144611199
2285,0.9431021236073882,0.3484197566953946,1.467882646425449,0.7584275926738845
2286,1.050241119958995,0.6830144360284804,1.4590622586039954,0.7584529269900164
2287,0.9374111404650355,0.33468863196995563,1.4590622586039954,0.7584684810710294
2288,1.0607278400592421,0.6703972510208082,1.4525408115109182,0.7584781659334575
2289,0.9310888329948033,0.32152360491115567,1.4525408115109182,0.75849352848238
2290,1.0719571225601987,0.6584311706100391,1.4483736902336581,0.7584886675729698
2291,0.9241453399846572,0.30904810908879027,1.4483736902336581,0.7585037770777407
2292,1.0838658046156378,0.6471971664330499,1.4465968420017212,0.758485464290719
2293,0.916591964399916,0.2973972386418595,1.4465968420017212,0.7585002649939129
2294,1.096389226176315,0.6367760229450292,1.4472258549692323,0.7584695798450287
2295,0.9084412010259488,0.28671650984166697,1.4472258549692323,0.7584840215927026
2296,1.109461841871439,0.627247170870326,1.4502555544960316,0.7584420250324136
2297,0.8997067683580069,0.2771591452787549,1.4502555544960316,0.7584560631073916
2298,1.1230177725107107,0.6186873362134846,1.4556601428634923,0.7584037937277108
2299,0.8904036452230267,0.26888146549039826,1.4556601428634923,0.7584173886691821
2300,1.1369912930751376,0.6111690323587572,1.4633938734533414,0.7583558592929532
2301,0.880548112681544,0.2620361425521374,1.4633938734533414,0.7583689767041933
2302,1.1513172568057495,0.6047589425542915,1.4733922165559799,0.7582991713448134
2303,0.8701578018250284,0.256763445508212,1.4733922165559799,0.758311781690741
2304,1.1659314571824455,0.5995162602727632,1.4855734450235032,0.7582346528696553
2305,0.8592517481542671,0.25318118121944344,1.4855734450235032,0.7582467312658799
2306,1.1807709312157053,0.5954910726561267,1.4998405469352925,0.7581631976745762
2307,0.8478504532966052,0.2513746756623213,1.4998405469352925,0.7581747236695017
2308,1.1957742085949956,0.5927228841000212,1.5160833609599516,0.75808566816222
2309,0.8359759548917148,0.25138858701436895,1.5160833609599516,0.7580966255136943
2310,1.2108815119160323,0.5912393798015542,1.5341808283534564,0.7580028934166173
2311,0.8236519055438202,0.2532222987837623,1.5341808283534564,0.7580132698645441
2312,1.2260349135222621,0.5910555205817735,1.5540032623907043,0.7579156675868648
2313,0.8109036617979852,0.25682997831512877,1.5540032623907043,0.7579254546231127
2314,1.241178454523071,0.5921730400896049,1.5754145494254848,0.7578247485550872
2315,0.7977583841420434,0.26212528709990324,1.5754145494254848,0.7578339411919488
2316,1.2562582313664794,0.5945803854098092,1.598274213222409,0.7577308568748078
2317,0.7842451490538613,0.26898963598029135,1.598274213222409,0.7577394534131907
2318,1.2712224550126558,0.5982531060346643,1.622439293247014,0.7576346749656252
2319,0.7703950740918111,0.277282228701855,1.622439293247014,0.7576426767640734
2320,1.2860214873309848,0.6031546593582828,1.6477660061586827,0.7575368465499189
2321,0.7562414569452104,0.2868501078208085,1.6477660061586827,0.7575442577954927
2322,1.3006078588711636,0.6092375687236559,1.674111176314219,0.757437976317196
2323,0.7418199291950196,0.2975368713455772,1.674111176314219,0.7574448037991509
2324,1.314936271671019,0.6164448469495687,1.7013334347581095,0.7573386298016448
2325,0.7271686252485027,0.30918937113475004,1.7013334347581095,0.7573448826887884
2326,1.3289635902844588,0.624711586596034,1.7292941965962163,0.7572393334584774
2327,0.7123283664594248,0.32166227435615175,1.7292941965962163,0.757245023080994
2328,1.3426488237586571,0.6339666181516564,1.7578584338927006,0.7571405749246993
2329,0.6973428597693022,0.33482073980418364,1.7578584338927006,0.7571457145611731
2330,1.3559531008704728,0.6441341470525209,1.7868952656449653,0.7570428034500878
2331,0.6822589092318506,0.34854162645311726,1.7868952656449653,0.7570474081203679
2332,1.3688396405538692,0.6551352969423312,1.8162783884759028,0.7569464304843121
2333,0.6671266374225671,0.36271367007125144,1.8162783884759028,0.7569505167488066
2334,1.3812737191148103,0.6631096123567513,1.8458863719790317,0.7568518304063748
2335,0.6519997118830655,0.3772370029816968,1.8458863719790317,0.7568554161722804
2336,1.3932226355374497,0.6634850478571557,1.8756028416755701,0.7567593413827987
2337,0.6369355692882951,0.39202230372990715,1.8756028416755701,0.7567624457177164
2338,1.4046556759333841,0.6651162950989101,1.9053165707405426,0.7566692663413285
2339,0.6219956268347714,0.4069897774564817,1.9053165707405426,0.7566719092946408
2340,1.415544077971334,0.6679880105965103,1.9349214993889507,0.7565818740472323
2341,0.607245466326427,0.4220680971989819,1.9349214993889507,0.7565840764795609
2342,1.4258609959442654,0.6720736757200695,1.964316698356662,0.7564974002697128
2343,0.5927549715266927,0.43719338401252844,1.964316698356662,0.7564991836907152
2344,1.4355814669809615,0.6773363503483402,1.9934062904584238,0.7564160490263268
2345,0.5785983935936083,0.45230826771893917,1.9934062904584238,0.7564174354410313
2346,1.4446823787856111,0.683729681488922,2.0220993418853768,0.7563379938937941
2347,0.5648543130303694,0.46736104668245776,2.0220993418853768,0.7563390056576201
2348,1.4531424391886094,0.6911991015300194,2.050309732792559,0.7562633793740314
2349,0.5516054600390426,0.4823049506949832,2.050309732792559,0.7562640390565825
2350,1.4609421477111055,0.6996831445539481,2.0779560148604554,0.7561923223047565
2351,0.5389383492994768,0.4970975028989091,2.0779560148604554,0.7561926525624366
2352,1.4680637692820058,0.7091148101154839,2.1049612619038034,0.756124913304529
2353,0.5269426813114811,0.5116999724977235,2.1049612619038034,0.7561249367619765
2354,1.4744913101963948,0.7194229108683318,2.1312529182378923,0.7560612182426233
2355,0.5157104623455944,0.5089208265901026,2.1312529182378923,0.7560609573829185
2356,1.4802104963664708,0.7305333515770784,2.15676264837902,0.7560012797246809
2357,0.5053348009827356,0.49992250160107565,2.15676264837902,0.7560007567882393
2358,1.485208753887993,0.7423703003550703,2.18142619072746,0.7559451185856387
2359,0.49590835355988394,0.4904868626228865,2.18142619072746,0.7559443554776681
2360,1.4894751919252693,0.7548572265783526,2.205183217132028,0.7558927353819932
2361,0.48752141551387984,0.4806236755257421,2.205183217132028,0.7558917535883609
2362,1.4930005879043295,0.7679177924224961,2.2279771996391067,0.755844111876028
2363,0.480259691254228,0.4703432529903776,2.2279771996391067,0.7558429323873446
2364,1.4957773749959076,0.7814765954495297,2.249755285261404,0.7557992125051836
2365,0.47420182007838363,0.45965646846592334,2.249755285261404,0.7557978557488944
2366,1.4977996318661484,0.7954597677241411,2.270468179240784,0.7557579858303146
2367,0.4694167848433772,0.4485747743309563,2.270468179240784,0.7557564716105517
2368,1.4990630746725948,0.8097954425420921,2.290070037005873,0.7557203659571248
2369,0.465961375331512,0.43711022536056393,2.290070037005873,0.7557187134020649
2370,1.499565051285299,0.8244141032550995,2.3085183648222736,0.7556862739256235
2371,0.46387790889769714,0.4252755089118505,2.3085183648222736,0.7556845014420629
2372,1.4993045377170828,0.839248830264749,2.3257739289870014,0.7556556190629644
2373,0.4631924166557813,0.41308398365049637,2.3257739289870014,0.7556537442978175
2374,1.4982821367525443,0.8542354624692399,2.3418006733176675,0.7556283002955558
2375,0.46391347739066996,0.40054972918884213,2.3418006733176675,0.7556263401039652
2376,1.4965000787717415,0.8693126886966278,2.3565656446212215,0.7556042074168324
2377,0.466031823644764,0.38768760974422234,2.3565656446212215,0.7556021778365659
2378,1.4939622247711521,0.8844220833043217,2.370038925789071,0.7555832223075616
2379,0.4695207632890192,0.37451335593013363,2.370038925789071,0.7555811385393697
2380,1.4906740715909927,0.8995080984507307,2.382193576148716,0.755565220106027
2381,0.4743373702996478,0.36104367017095756,2.382193576148716,0.7555630964996195
2382,1.486642759363766,0.9145180237608634,2.393005578701761,0.7555500703258877
2383,0.48042431789171103,0.3472963631417733,2.393005578701761,0.7555479203711902
2384,1.481877081203504,0.9294019223572489,2.402453793890178,0.7555376379199183
2385,0.4877121703927637,0.3332905313117424,2.402453793890178,0.7555354742432627
2386,1.4763874951579985,0.9441125506009538,2.4105199195540874,0.755527784288266
2387,0.4961219252757287,0.3190467894601499,2.4105199195540874,0.7555256186531759
2388,1.47018613844668,0.9586052674341287,2.41718845677244,0.755520368230224
2389,0.5055676034193444,0.30458757746106924,2.41718845677244,0.7555182115424515
2390,1.4632868440040268,0.9728379379554974,2.4224466813112073,0.7555152468388959
2391,0.5159587169870887,0.28993756848941427,2.4224466813112073,0.7555131091553684
2392,1.4557051593415429,0.9867708347941601,2.4262846204403816,0.7555122763384527
2393,0.5272024898448886,0.27512421730309,2.4262846204403816,0.7555101668798022
2394,1.4474583677294295,1.0003665399634503,2.4286950349204193,0.7555113128640025
2395,0.5392057546192385,0.2601785042761386,2.4286950349204193,0.7555092400303457
2396,1.4385655116809066,1.0135898491572999,2.429673405999721,0.7555122131843871
2397,0.5518764951382089,0.2451359562915044,2.429673405999721,0.7555101845740404
2398,1.4290474186962627,1.0264076798756288,2.4292179273069294,0.7555148353684816
2399,0.5651250382866246,0.23003806390921433,2.4292179273069294,0.7555128577992982
2400,1.418926729188499,1.0387889843114102,2.4273295015647203,0.7555190393958218
2401,0.5788649236176998,0.21493427217339203,2.4273295015647203,0.7555171189288503
2402,1.408227926465952,1.0507046675800855,2.424011742095046,0.7555246877126074
2403,0.5930134930831421,0.19988480989023438,2.424011742095046,0.7555228296777813
2404,1.3969773685872768,1.062127511603652,2.4192709791292386,0.7555316457343235
2405,0.6074922489361887,0.18496475235237586,2.4192709791292386,0.7555298547579042
2406,1.3852033218281299,1.073032104761147,2.4131162709797414,0.7555397822964129
2407,0.6222270276051288,0.17026989870491527,2.4131162709797414,0.7555380623299145
2408,1.3729359954038909,1.0833947772707515,2.4055594201732338,0.7555489700545758
2409,0.6371480333547158,0.15592528703336098,2.4055594201732338,0.7555473244049208
2410,1.3602075769756496,1.0884293325456171,2.3966149946873103,0.755559085836421
2411,0.6521897696428096,0.14209740636600982,2.3966149946873103,0.7555575171970826
2412,1.3470522683239354,1.0898763106901024,2.386300354474229,0.7555700109463134
2413,0.667290899526063,0.12901113702473868,2.386300354474229,0.7555685214292162
2414,1.3335063204026338,1.0906197648275489,2.3746356834950517,0.7555816314253525
2415,0.682394060096846,0.1169713725660086,2.3746356834950517,0.7555802225933111
2416,1.319608066780458,1.0906584229565557,2.3616440275250716,0.7555938382685045
2417,0.6974456502058558,0.10638523967489906,2.3616440275250716,0.7555925111680063
2418,1.3053979542356062,1.0899922265638915,2.3473513380257574,0.7556065276009871
2419,0.7123956058450998,0.09777065858071413,2.3473513380257574,0.7556052827951203
2420,1.2909185689877054,1.088622330462435,2.3317865224083203,0.7556196008160319
2421,0.7271971735725261,0.09172028050505228,2.3317865224083203,0.7556184384173878
2422,1.2762146567275205,1.0865511049616126,2.314981501037672,0.7556329646762109
2423,0.7418066891951236,0.08878380728990906,2.314981501037672,0.7556318843795999
2424,1.2613331342384115,1.0837821403976617,2.2969712713408303,0.7556465313805178
2425,0.7561833664877847,0.08928006934818702,2.2969712713408303,0.755645532495343
2426,1.2463230899955655,1.0803202540806291,2.2777939793878934,0.755660218599411
2427,0.7702890988910432,0.09315262559024458,2.2777939793878934,0.7556593000815675
2428,1.2312357706842474,1.0761714997449496,2.2574909993028616,0.7556739494800184
2429,0.7840882757850911,0.09999724107317451,2.2574909993028616,0.7556731099631951
2430,1.2161245501056823,1.0713431796208408,2.2361070208312257,0.7556876526236952
2431,0.7975476139754706,0.10923474427926312,2.2361070208312257,0.7556868904499624
2432,1.2010448764534483,1.0658438592747577,2.2136901453356064,0.7557012620380902
2433,0.810636004358446,0.12028594751413367,2.2136901453356064,0.7557005752876783
2434,1.1860541934662727,1.0596833853987884,2.1902919904024913,0.7557147170658622
2435,0.8233243732884562,0.1326636073736317,2.1902919904024913,0.755714103586039
2436,1.1712118305256085,1.052872906761174,2.1659678031134852,0.7557279622921228
2437,0.8355855578882824,0.14599167729718437,2.1659678031134852,0.7557274197250948
2438,1.1565788564088284,1.0454248985629269,2.140776581852457,0.7557409474326503
2439,0.8473941943795682,0.15999048997806337,2.140776581852457,0.7557404732424201
2440,1.1422178911829224,1.0373531904786133,2.1147812062725797,0.7557536272048582
2441,0.8587266184326976,0.17445385155357754,2.1147812062725797,0.7557532187029833
2442,1.1281928706914541,1.0286729986922458,2.0880485747187634,0.7557659611834352
2443,0.8695607765149089,0.18922860235061026,2.0880485747187634,0.7557656155536379
2444,1.1145687583210433,1.0194009622712705,2.0606497479732315,0.75577791364252
2445,0.8798761472347795,0.20419910260173077,2.0606497479732315,0.7557776279641143
2446,1.101411199310682,1.0095551842517603,2.0326600976439786,0.7557894533861801
2447,0.8896536717258939,0.21927619226562498,2.0326600976439786,0.7557892246562873
2448,1.0887861138660453,0.99915527783472,2.004159456824093,0.7558005535689225
2449,0.8988756921726033,0.23438952817943304,2.004159456824093,0.7558003787234496
2450,1.0767592268315738,0.9882224181148316,1.9752322697891744,0.7558111915078528
2451,0.9075258976492108,0.24948229724025214,1.9752322697891744,0.7558110674412267
2452,1.0653955337055794,0.9767793997763033,1.9459677364441148,0.7558213484880415
2453,0.9155892765158221,0.26450755572828943,1.9459677364441148,0.7558212720716909
2454,1.0547587053739456,0.9648507011920021,1.9164599459545155,0.7558310095625671
2455,0.923052074686183,0.27942567298242604,1.9164599459545155,0.7558309776621531
2456,1.0449104370529025,0.9524625553469466,1.8868079924814138,0.7558401633486225
2457,0.9299017591529797,0.2942025268110068,1.8868079924814138,0.755840172840025
2458,1.0359097504737254,0.9396430279690806,1.8571160641689273,0.7558488018209919
2459,0.9361269862230234,0.30880821450170226,1.8571160641689273,0.7558488496050604
2460,1.027812262140892,0.9264221031808482,1.8274934945163215,0.7558569201041088
2461,0.9417175739777839,0.32321612112276754,1.8274934945163215,0.755857003120208
2462,1.02066943430224,0.9128317768738972,1.7980547630257768,0.7558645162638487
2463,0.9466644785335762,0.33740223829033317,1.7980547630257768,0.7558646315022031
2464,1.0145278287689867,0.8989061578429719,1.7689194296159538,0.7558715911000883
2465,0.9509597737303578,0.35134466063496106,1.7689194296159538,0.7558717356129708
2466,1.009428386553697,0.8846815764771442,1.7402119848375945,0.7558781479410253
2467,0.9545966339287275,0.36502320985850106,1.7402119848375945,0.755878318852806
2468,1.0054057580855258,0.8701967004766794,1.7120615955899967,0.7558841924401294
2469,0.9575693196416417,0.3784191514751504,1.7120615955899967,0.7558843869562293
2470,1.002487709184696,0.8554926566176034,1.6846017240600608,0.7558897323765541
2471,0.9598731657709455,0.39151497963535253,1.6846017240600608,0.7558899477913325
2472,1.0006946267963013,0.8406131569947549,1.6579695963171341,0.7558947774597282
2473,0.9615045722595005,0.4042942524924217,1.6579695963171341,0.7558950111633472
2474,1.000039145604552,0.8256046274051213,1.632305496812586,0.7558993391387978
2475,0.9624609970078905,0.4167414654647955,1.632305496812586,0.755899588623108
2476,1.000525912157401,0.8105163345510448,1.6077518664439288,0.7559034304175009
2477,0.9627409509408965,0.4288419531753413,1.6077518664439288,0.7559036932809834
2478,1.0021514973001107,0.7954005075112587,1.5844521853836597,0.7559070656749877
2479,0.9623439951435673,0.44058181327789225,1.5844521853836597,0.7559073396268087
2480,1.0049044609835978,0.7803124474138132,1.5625496280604125,0.7559102604930462
2481,0.9612707400202692,0.4342106783425219,1.5625496280604125,0.7559105433562566
2482,1.0087655664351602,0.7653106174256635,1.5421854869236806,0.755913031490101
2483,0.9595228464630037,0.4191022161747566,1.5421854869236806,0.7559133212040411
2484,1.0137081338572953,0.7504567030453776,1.5234973741025457,0.7559153961623226
2485,0.9571030290480056,0.4040533063171278,1.5234973741025457,0.7559156907842691
2486,1.0196985178223954,0.7358156302775469,1.5066172255926154,0.7559173727320984
2487,0.954015061312617,0.3891290899183362,1.5066172255926154,0.7559176704382076
2488,1.0266966878173476,0.7214555266607159,1.4916691504794284,0.7559189800040838
2489,0.9502637831981336,0.3744023148784695,1.4916691504794284,0.7559192790896739
2490,1.0346568882615008,0.7074476074691538,1.4787671866439616,0.7559202372289772
2491,0.9458551107791952,0.35995435958587113,1.4787671866439616,0.7559205361081984
2492,1.0435283528871517,0.6938659669647091,1.468013042518611,0.7559211639751285
2493,0.9407960484367928,0.3458762823743152,1.468013042518611,0.75592146118007
2494,1.053256048565902,0.6807872527112887,1.4594939194359682,0.7559217800080409
2495,0.9350947036705628,0.33226981033589914,1.4594939194359682,0.7559220741873187
2496,1.063781425269688,0.6682902001887139,1.453280518436475,0.755922105177781
2497,0.9287603047871655,0.3192481257851038,1.453280518436475,0.7559223950946492
2498,1.0750431515529162,0.6564550058903381,1.4494253368302723,0.755922159314265
2499,0.9218032217456771,0.3069362353897031,1.4494253368302723,0.7559224438443022
2500,1.086977818364831,0.6453625204817737,1.447961351845021,0.7559219621303701
2501,0.91423499048845,0.29547062012708997,1.447961351845021,0.7559222402587774
2502,1.0995205977836349,0.6350932501529342,1.4489011710221058,0.7559215331327682
2503,0.9060683411371989,0.2849977794462754,1.4489011710221058,0.7559218039513199
2504,1.1126058470813376,0.6257261645701422,1.4522367027763763,0.755920891540349
2505,0.8973172304894408,0.27567123389998804,1.4522367027763763,0.7559211542440445
2506,1.1261676521218245,0.6173373240166301,1.4579393682463104,0.7559200562100913
2507,0.8879968793100037,0.26764659201601665,1.4579393682463104,0.7559203100935387
2508,1.1401403072814258,0.6099983559716957,1.465960840823399,0.7559190455701869
2509,0.8781238149760949,0.2610744871634677,1.465960840823399,0.7559192900237595
2510,1.1544587317536934,0.6037748312645749,1.4762342665936161,0.7559178775602223
2511,0.8677159201020241,0.25609159818903,1.4762342665936161,0.7559181120660259
2512,1.1690588242161304,0.5987246098646024,1.488675891096538,0.755916569578196
2513,0.8567924878403721,0.25281055919520534,1.488675891096538,0.7559167937058744
2514,1.1838777594058933,0.5948962433431267,1.5031869981170023,0.7559151384341181
2515,0.845374284628735,0.25131018624110657,1.5031869981170023,0.7559153518365372
2516,1.1988542312199202,0.5923275316767903,1.5196560561198604,0.7559136003099546
2517,0.8334836212229391,0.2516278272243393,1.5196560561198604,0.7559138027187902
2518,1.2139286475903042,0.5910443332600975,1.5379609674089156,0.7559119707256331
2519,0.8211444329252663,0.25375549832375777,1.5379609674089156,0.7559121619468921
2520,1.2290432826656883,0.5910597167902852,1.5579713228640033,0.7559102645108394
2521,0.8083823699745896,0.25764072275691813,1.5579713228640033,0.7559104444203452
2522,1.244142391832407,0.5923735219807237,1.5795505790619764,0.7559084957823168
2523,0.7952248991069124,0.26319186892515845,1.5795505790619764,0.7559086643211786
2524,1.2591722949079822,0.5949723649793094,1.602558092232915,0.7559066779263742
2525,0.7817014173090333,0.27028675062463375,1.602558092232915,0.7559068350964653
2526,1.274081432498262,0.598830088045405,1.6268509624415584,0.7559048235863043
2527,0.7678433787602318,0.27878270545128514,1.6268509624415584,0.755904969445777
2528,1.2888204000811319,0.603908616782077,1.6522856596213895,0.7559029446544184
2529,0.7536844358668703,0.28852643003997075,1.6522856596213895,0.7559030793132657
2530,1.3033419639065167,0.6101591573238138,1.6787194192047983,0.7559010522683928
2531,0.739260595115498,0.2993623495495655,1.6787194192047983,0.7559011758840809
2532,1.317601062316399,0.6175236444329733,1.706011408268727,0.7558991568116252
2533,0.7246103881654105,0.3111389367323362,1.706011408268727,0.7558992695848132
2534,1.3315547956129157,0.6259363415364821,1.7340236730608498,0.7558972679173096
2535,0.7097750581245914,0.32371293351363173,1.7340236730608498,0.7558973700876715
2536,1.345162407152976,0.6353254951881423,1.7626218855972584,0.7558953944759335
2537,0.6947987602432397,0.33695176110803793,1.7626218855972584,0.7558954863180918
2538,1.3583852579339877,0.6456149572671747,1.7916759110990548,0.7558935446459046
2539,0.6797287752410832,0.35073454187573916,1.7916759110990548,0.7558936264654925
2540,1.3711867965624451,0.6567257053076972,1.821060219865091,0.7558917258670287
2541,0.6646157320665529,0.36495215858014374,1.821060219865091,0.7558917979968862
2542,1.3835325261670963,0.6626049093827885,1.8506541672981043,0.7558899448765595
2543,0.6495138349602223,0.37950670998947034,1.8506541672981043,0.7558900076730781
2544,1.3953899695307077,0.6631726611575147,1.880342164715844,0.7558882077275509
2545,0.6344810871432565,0.39431063349389744,1.880342164715844,0.7558882615671675
2546,1.4067286334669387,0.6649935256134872,1.9100137617209316,0.7558865198092531
2547,0.6195795001549745,0.40928568222564726,1.9100137617209316,0.7558865650851045
2548,1.4175199732585022,0.6680506312259813,1.9395636586208955,0.7558848858692967
2549,0.604875273722461,0.4243618770385763,1.9395636586208955,0.7558849229880397
2550,1.4277373577960484,0.6723160242201823,1.9688916649445396,0.7558833100374298
2551,0.5904389260133097,0.4394765044768588,1.9688916649445396,0.7558833394162225
2552,1.4373560359103277,0.677751460590511,1.9979026176770118,0.7558817958505681
2553,0.5763453482594584,0.45457319820828074,1.9979026176770118,0.7558818179142298
2554,1.446353104269462,0.6843094444251947,2.026506270553883,0.755880346278942
2555,0.5626737512847882,0.46960111972082624,2.026506270553883,0.7558803614572769
2556,1.4547074771150654,0.6919344459280524,2.0546171636846435,0.75587896375313
2557,0.5495074649357509,0.48451424093096707,2.0546171636846435,0.7558789724784291
2558,1.4623998580322715,0.7005642273495575,2.0821544809515866,0.7558776501917752
2559,0.5369335456985659,0.49927072393949556,2.0821544809515866,0.7558776528964863
2560,1.4694127138864983,0.7101312069454886,2.109041901058897,0.7558764070298035
2561,0.525042144259307,0.5138323894422318,2.109041901058897,0.7558764041443735
2562,1.4757302510114358,0.7205637987597381,2.135207446779747,0.7558752352469584
2563,0.5139255853024072,0.5081012549256964,2.135207446779747,0.7558752271978443
2564,1.4813383936959703,0.7317876775934686,2.1605833358471993,0.7558741353964926
2565,0.5036771187323138,0.49904135851299414,2.1605833358471993,0.7558741226043404
2566,1.4862247649906162,0.7437269319585909,2.185105836033551,0.7558731076338655
2567,0.4943893171078261,0.48954500006448026,2.185105836033551,0.7558730905118493
2568,1.4903786698348034,0.7563050813274319,2.2087151262362736,0.7558721517452927
2569,0.48615212022897836,0.4796220539789124,2.2087151262362736,0.7558721306976157
2570,1.4937910804936008,0.7694459462343324,2.231355164811391,0.7558712671760308
2571,0.4790505648980396,0.46928294103478585,2.231355164811391,0.7558712425965805
2572,1.4964546242849421,0.7830743699291131,2.2529735659429537,0.7558704530582643
2573,0.47316228378996683,0.4585386428881564,2.2529735659429537,0.7558704253294175
2574,1.4983635735750898,0.7971167979772807,2.273521484488786,0.7558697082384943
2575,0.46855490672301864,0.44740072089895133,2.273521484488786,0.7558696777300681
2576,1.4995138380200244,0.811501727472787,2.2929535094789393,0.7558690313043214
2577,0.46528354170459807,0.4358813404227745,2.2929535094789393,0.7558689983726646
2578,1.4999029590329722,0.8261600406485714,2.3112275662481983,0.7558684206105479
2579,0.4633885411608603,0.42399330202583774,2.3112275662481983,0.7558683855977631
2580,1.4995301064626105,0.8410252390386869,2.328304827043888,0.7558678743044996
2581,0.4628937605682557,0.41175008150579484,2.328304827043888,0.7558678375377986
2582,1.4983960774721834,0.8560335943993258,2.3441496298537707,0.7558673903505234
2583,0.4638054862423671,0.39916588116972757,2.3441496298537707,0.7558673521416975
2584,1.4965032976161208,0.8711242317433568,2.3587294051366947,0.7558669665535755
2585,0.46611214742936224,0.3862556955873796,2.3587294051366947,0.755866927198587
2586,1.4938558241174293,0.8862391584313254,2.3720146101033355,0.7558666005818707
2587,0.46978484441563517,0.3730353960816586,2.3720146101033355,0.7558665603605501
2588,1.4904593513555233,0.9013232515641652,2.3839786701796464,0.7558662899885341
2589,0.474778634737244,0.3595218396532731,2.3839786701796464,0.7558662491643815
2590,1.48632121857983,0.9163242141387616,2.394597927286792,0.755866032232235
2591,0.48103444120481936,0.3457330100282931,2.394597927286792,0.7558659910523153
2592,1.4814504198689111,0.9311925086923966,2.4038515945843852,0.7558658246967608
2593,0.48848139248340494,0.3316882013115702,2.4038515945843852,0.7558657833916881
2594,1.4758576163573731,0.945881275559686,2.4117217173459005,0.7558656647095232
2595,0.49703938633434247,0.3174082586907817,2.4117217173459005,0.7558656234935318
2596,1.469555150752869,0.9603462414404392,2.418193139663749,0.7558655495589821
2597,0.5066216761077644,0.30291589631555293,2.418193139663749,0.7558655086300685
2598,1.4625570641622354,0.974545622745794,2.4232534767149794,0.7558654765109742
2599,0.5171373150262863,0.28823612071008997,2.4232534767149794,0.7558654360511124
2600,1.4548791152383829,0.9884400271515493,2.426893092355448,0.7558654428239522
2601,0.5284933395212906,0.2733968001479001,2.426893092355448,0.7558654029993715
2602,1.4465388016469107,1.0019923559291146,2.4291050818496824,0.7558654457631356
2603,0.5405966219876073,0.25842943830037163,2.4291050818496824,0.7558654067246567
2604,1.4375553838323465,1.0151677089272673,2.42988525958464,0.7558654826135871
2605,0.5533553670185978,0.24337023722266996,2.42988525958464,0.7558654444970107
2606,1.4279499110369223,1.027933293520864,2.4292321516577204,0.7558655506922248
2607,0.5666802591076637,0.22826157506166064,2.4292321516577204,0.7558655136187613
2608,1.417745249488268,1.0402583384046016,2.4271469932722165,0.7558656473587889
2609,0.5804852926965489,0.21315408487091322,2.4271469932722165,0.7558656114355368
2610,1.40696611262429,1.0521140127709507,2.4236337309165963,0.7558657700257925
2611,0.5946883282378074,0.19810961289853007,2.4236337309165963,0.7558657353462442
2612,1.3956390931615923,1.0634733511536103,2.4186990293473607,0.7558659161674701
2613,0.6092114226905485,0.1832054711272348,2.4186990293473607,0.7558658828120526
2614,1.3837926967354803,1.0743111840256512,2.412352283438461,0.7558660833277653
2615,0.6239809819765486,0.1685405924968858,2.412352283438461,0.7558660513644038
2616,1.3714573767419087,1.08460407410169,2.4046056350031284,0.7558662691273802
2617,0.638927778573271,0.15424444374677698,2.4046056350031284,0.7558662386120821
2618,1.3586655698915133,1.0886477518606614,2.3954739947361814,0.7558664712699271
2619,0.6539868713415552,0.1404897743825868,2.3954739947361814,0.7558664422473842
2620,1.3454517318395565,1.0900017130713902,2.384975069466,0.7558666875472112
2621,0.6690974581012556,0.12751018065380856,2.384975069466,0.7558666600514116
2622,1.3318523720795048,1.0906520641680528,2.3731293949448857,0.7558669158436907
2623,0.6842026851493401,0.11562215126349315,2.3731293949448857,0.7558668898985379
2624,1.3179060870783605,1.0905976856299857,2.359960374443674,0.7558671541401446
2625,0.6992494322834011,0.10524664985553651,2.359960374443674,0.755867129760084
2626,1.3036535903851525,1.0898386711706458,2.3454943234502617,0.7558674005165923
2627,0.7141880871258617,0.09691416728712109,2.3454943234502617,0.7558673777072361
2628,1.289137738157122,1.0883763279162062,2.3297605208008654,0.7558676531545071
2629,0.7289723186617462,0.09122028206813516,2.3297605208008654,0.7558676319132585
2630,1.2744035482190175,1.0862131789139462,2.3127912665954766,0.7558679103383622
2631,0.7435588568391731,0.0886968345757486,2.3127912665954766,0.7558678906550326
2632,1.259498210398917,1.0833529680020668,2.2946219472629896,0.7558681704565501
2633,0.7579072827285874,0.08962133071213463,2.2946219472629896,0.75586815231397
2634,1.2444710854709824,1.0798006671021416,2.2752911081437643,0.7558684320017213
2635,0.7719798319737575,0.09388876761303147,2.2752911081437643,0.7558684153763401
2636,1.2293736895865868,1.0755624860253445,2.2548405339442765,0.7558686935705765
2637,0.7857412129787699,0.1010624440217196,2.2548405339442765,0.7558686784330502
2638,1.214259660600021,1.0706458849140286,2.233315337385218,0.7558689538631626
2639,0.799158440357626,0.11055504657476438,2.233315337385218,0.7558689401789258
2640,1.1991847022090343,1.065059589471275,2.2107640563049045,0.7558692116817027
2641,0.8122006835395699,0.12179554638715033,2.2107640563049045,0.7558691994115253
2642,1.1842065013567582,1.0588136091627307,2.1872387593867915,0.7558694659290095
2643,0.8248391300030902,0.13431036691205875,2.1872387593867915,0.7558694550295355
2644,1.1693846139119488,1.051919258607393,2.1627951605440656,0.7558697156065137
2645,0.8370468623484758,0.14773643086699412,2.1627951605440656,0.7558697060307809
2646,1.1547803133009598,1.0443891824068279,2.1374927418045426,0.7558699598119482
2647,0.848798748269346,0.16180432158948205,2.1374927418045426,0.7558699515098862
2648,1.1404563965603594,1.0362373836953713,2.1113948842820753,0.7558701977367285
2649,0.8600713424145013,0.17631534920683903,2.1113948842820753,0.7558701906556372
2650,1.1264769422772443,1.027479256726666,2.0845690064803644,0.7558704286630551
2651,0.8708427991179422,0.1911216814467429,2.0845690064803644,0.7558704227480605
2652,1.1129070151579155,1.0181316238437068,2.05708670873291,0.7558706519607857
2653,0.8810927949985705,0.2061114312006327,2.05708670873291,0.7558706471552722
2654,1.0998123125929764,1.0082127772093563,2.0290239220175232,0.7558708670840997
2655,0.8908024604786207,0.2211980926763924,2.0290239220175232,0.7558708633301185
2656,1.087258749645798,0.9977425257004744,2.000461058671566,0.7558710735679877
2657,0.8999543193316352,0.23631321973900968,2.000461058671566,0.7558710708066441
2658,1.0753119804498221,0.9867422473893546,1.9714831616494675,0.7558712710246037
2659,0.9085322354401337,0.2514013739598964,1.9714831616494675,0.7558712691964186
2660,1.0640368561047613,0.9752349480481534,1.9421800478808857,0.7558714591394999
2661,0.9165213660153525,0.2664166234337351,1.9421800478808857,0.7558714581847487
2662,1.0534968218229324,0.9632453261116545,1.9126464399817356,0.7558716376677778
2663,0.9239081206034808,0.28132009468524766,1.9126464399817356,0.7558716375268021
2664,1.0437532592539267,0.9507998445159839,1.8829820790213887,0.7558718064301726
2665,0.9306801252727057,0.29607824196522836,1.8829820790213887,0.7558718070436754
2666,1.0348647835023166,0.9379268097891666,1.8532918092474844,0.7558719653091052
2667,0.9368261914419018,0.3106616091784531,1.8532918092474844,0.7558719666184167
2668,1.0268865081680087,0.924656458695212,1.8236856236208554,0.7558721142447193
2669,0.9423362888743565,0.32504393366945306,1.8236856236208554,0.7558721161920415
2670,1.019869295524602,0.9110210526158693,1.7942786567478632,0.7558722532309208
2671,0.9472015224182376,0.3392014900142291,1.7942786567478632,0.7558722557595511
2672,1.013859012384296,0.8970549796795942,1.7651911093824377,0.7558723823114457
2673,0.9514141121296585,0.3531126043473917,1.7651911093824377,0.7558723853659759
2674,1.0088958149136316,0.8827948643986256,1.7365480862207416,0.755872501575968
2675,0.9549673764643284,0.36675729131724083,1.7365480862207416,0.7558725051024653
2676,1.0050134872951795,0.8682796842315432,1.7084793264057203,0.755872611156268
2677,0.9578557182702574,0.3801169802473155,1.7084793264057203,0.7558726151024333
2678,1.0022388593556477,0.8535508920252831,1.6811188042511855,0.7558727112224746
2679,0.9600746133571672,0.3931743069150145,1.6811188042511855,0.755872715537782
2680,1.0005913268809756,0.8386525426781086,1.654604176525289,0.7558728019793928
2681,0.9616206014585885,0.40591295410467954,1.654604176525289,0.7558728066152088
2682,1.000082495242687,0.8236314215703742,1.6290760526275687,0.7558728836629309
2683,0.9624912794405501,0.41831752877420963,1.6290760526275687,0.7558728885726177
2684,1.0007159622762671,0.8085371712973092,1.604677065651127,0.7558729565366358
2685,0.9626852966467183,0.43037346695925427,1.604677065651127,0.7558729616756347
2686,1.0024872503770403,0.7934224119714587,1.58155072617791,0.7558730208883491
2687,0.9622023523043339,0.44206695986922595,1.58155072617791,0.7558730262142487
2688,1.0053838909691757,0.778342848809854,1.5598400472198797,0.755873077026986
2689,0.9610431949487128,0.4322285618969505,1.5598400472198797,0.7558730824995729
2690,1.0093856574251932,0.7633573588612423,1.5396859383786388,0.7558731252794485
2691,0.9592096238569409,0.417125177692918,1.5396859383786388,0.7558731308607464
2692,1.014464935768437,0.7485280465615745,1.5212253801899558,0.7558731659876764
2693,0.956704492514108,0.402089456418223,1.5212253801899558,0.7558731716419707
2694,1.0205872166370011,0.7339202553664738,1.504589405498312,0.7558731995058426
2695,0.9535317141684772,0.38718747209473625,1.504589405498312,0.7558732051996883
2696,1.0277116874661876,0.7196025200864608,1.489900932802306,0.755873226197693
2697,0.9496962695658054,0.3724930354013216,1.489900932802306,0.7558732318999151
2698,1.0357919009335232,0.7056464419098216,1.4772725154583952,0.7558732464340358
2699,0.9452042169880819,0.3580887240285171,1.4772725154583952,0.755873252115716
2700,1.0447764944942812,0.6921264657058156,1.4668040884801652,0.755873260590379
2701,0.9400627047587002,0.34406692998113353,1.4668040884801652,0.7558732662248336
2702,1.054609936227162,0.6791195374474347,1.4585808090480827,0.7558732690447221
2703,0.9342799864149652,0.3305308312489818,1.4585808090480827,0.7558732746074683
2704,1.0652332739758859,0.6667046190032417,1.4526710952566322,0.7558732721754953
2705,0.9278654387903338,0.3175951375891188,1.4526710952566322,0.7558732776442113
2706,1.076584867584712,0.6549620387718762,1.4491249678970555,0.7558732703596491
2707,0.9208295832933309,0.3053863846987273,1.4491249678970555,0.755873275714126
2708,1.0886010875148102,0.6439726603982575,1.4479727908385251,0.7558732639708948
2709,0.9131841107180665,0.29404246328243594,1.4479727908385251,0.7558732691929795
2710,1.1012169669320617,0.6338168588230906,1.449224486693501,0.7558732533780848
2711,0.9049419099731121,0.2837109870580001,1.449224486693501,0.7558732584516207
2712,1.11436679815801,0.6245733036996346,1.4528692772539522,0.7558732389437441
2713,0.896117101171382,0.27454606291960043,1.4528692772539522,0.7558732438545027
2714,1.1279846679249168,0.6163175648850787,1.4588759653639218,0.7558732210227352
2715,0.8867250735838235,0.2667030847833158,1.4588759653639218,0.7558732257583451
2716,1.1420049290004155,0.6091205727543566,1.467193740137286,0.7558731999610624
2717,0.8767825290240003,0.2603313978829717,1.467193740137286,0.7558732045109335
2718,1.1563626083486438,0.6030469861165764,1.4777534547729831,0.7558731760948082
2719,0.8663075312987305,0.25556511588962605,1.4777534547729831,0.7558731804500528
2720,1.1709937540384237,0.5981535402369125,1.490469299320623,0.7558731497491958
2721,0.8553195624309275,0.2525129804793281,1.490469299320623,0.7558731539025474
2722,1.1858357246103044,0.5944874638074741,1.5052407722557848,0.7558731212377755
2723,0.8438395864332281,0.25124876077456376,1.5052407722557848,0.7558731251835069
2724,1.2008274256224927,0.5920850632755643,1.5219548458950107,0.7558730908617315
2725,0.8318901214824351,0.2518040140857221,1.5219548458950107,0.7558730945955654
2726,1.2159094986806385,0.5909705727299608,1.5404882213233533,0.7558730589092951
2727,0.8194953214115948,0.25416480608127834,1.5404882213233533,0.7558730624283235
2728,1.2310244684962217,0.5911553558048503,1.5607095772134836,0.7558730256552729
2729,0.806681067493191,0.2582731726437133,1.5607095772134836,0.7558730289578665
2730,1.246116853490938,0.5926375229688005,1.5824817314869506,0.7558729913606689
2731,0.7934750715256613,0.2640329704251748,1.5824817314869506,0.7558729944463942
2732,1.2611332452418829,0.5954019955380604,1.6056636527084227,0.7558729562724102
2733,0.7799069912451493,0.2713187741390448,1.6056636527084227,0.7558729591419417
2734,1.2760223617070512,0.5994210111298527,1.6301122770500724,0.755872920623157
2735,0.7660085590497925,0.2799860119263703,1.6301122770500724,0.7558729232781921
2736,1.290735078734396,0.6046550294304261,1.6556841046900554,0.755872884631201
2737,0.7518137249239584,0.2898806640505488,1.6556841046900554,0.7558728870743768
2738,1.3052244438812601,0.6110539672938198,1.6822365652753482,0.7558728485004399
2739,0.7373588142565298,0.3008473840662612,1.6822365652753482,0.7558728507352508
2740,1.3194456760852562,0.6185586721717663,1.7096291548409102,0.7558728124204289
2741,0.7226827009232603,0.31273553725041714,1.7096291548409102,0.7558728144511454
2742,1.3333561542546606,0.6271025344873484,1.737724356103784,0.755872776566496
2743,0.7078269954997148,0.32540316489090165,1.737724356103784,0.7558727783980861
2744,1.3469153974009664,0.636613142382474,1.766388360494425,0.7558727410999193
2745,0.6928362477261905,0.33871918832034065,1.766388360494425,0.7558727427379742
2746,1.360085038527526,0.6470138940970127,1.7954916140423183,0.7558727061681657
2747,0.6777581612816225,0.3525642822615251,1.7954916140423183,0.7558727076188241
2748,1.3728287941208723,0.6582255008817248,1.8249092108108582,0.7558726719051746
2749,0.6626438174458285,0.36683083705910424,1.8249092108108582,0.7558726731750526
2750,1.3851124307668332,0.6625983215015272,1.854521157513063,0.7558726384316912
2751,0.6475479022293457,0.3814223576412592,1.854521157513063,0.755872639527815
2752,1.3969037301312182,0.6633298112412638,1.884212531731467,0.7558726058556409
2753,0.6325289289082745,0.3962525583604028,1.884212531731467,0.7558726067853813
2754,1.4081724533023363,0.665312844872895,1.9138735542352896,0.7558725742725377
2755,0.6176494445000944,0.4112443314195217,1.9138735542352896,0.7558725750435463
2756,1.4188903052868451,0.6685290770378275,1.9433995935718702,0.7558725437659254
2757,0.6029762044604959,0.4263287018277996,1.9433995935718702,0.7558725443860782
2758,1.4290309002777548,0.6729491671617283,1.9726911186583662,0.7558725144078453
2759,0.5885802947350024,0.4414438348180378,1.9726911186583662,0.7558725148851863
2760,1.438569728170132,0.678533606868957,2.0016536126890023,0.7558724862593272
2761,0.5745371743405996,0.45653412977809427,2.0016536126890023,0.755872486602017
2762,1.4474841226824327,0.6852337855991778,2.030197459415876,0.7558724593708986
2763,0.5609266051507578,0.4715494143682023,2.030197459415876,0.755872459587164
2764,1.4557532313460144,0.692993226721591,2.0582378108222183,0.7558724337831079
2765,0.5478324290696618,0.4864442402357475,2.0582378108222183,0.7558724338811957
2766,1.463357987548954,0.701748922226759,2.0856944434156492,0.7558724095270578
2767,0.5353421472610685,0.5011772749079499,2.0856944434156492,0.7558724095151943
2768,1.4702810847600243,0.7114326968234524,2.1124916088303816,0.7558723866249499
2769,0.5235462529809161,0.5156290771950119,2.1124916088303816,0.7558723865112997
2770,1.4765069530119563,0.7219725405650157,2.13855788313086,0.7558723650906279
2771,0.5125372707908316,0.5069565256221783,2.13855788313086,0.755872364883259
2772,1.4820217376876847,0.7332938610505931,2.1638260181348943,0.7558723449301263
2773,0.5024084628203762,0.4978393478460068,2.1638260181348943,0.7558723446369783
2774,1.4868132806272485,0.7453206197856815,2.188232797197345,0.7558723261422178
2775,0.4932521796370629,0.4882869526438304,2.188232797197345,0.7558723257710692
2776,1.4908711035547109,0.7579763307004039,2.2117188971897916,0.755872308718951
2777,0.485157860874079,0.47830928533972594,2.2117188971897916,0.7558723082773952
2778,1.4941863938124362,0.7711849108305562,2.2342287578518336,0.7558722926461897
2779,0.4782097291780032,0.46791683927055694,2.2342287578518336,0.7558722921416088
2780,1.496751992383144,0.7848713830026717,2.2557104592521453,0.755872277904136
2781,0.47248426778091174,0.4571206707915616,2.2557104592521453,0.755872277343681
2782,1.4985623841773021,0.7989624377360824,2.2761156077608975,0.7558722644678483
2783,0.46804762122986704,0.4459324187427694,2.2761156077608975,0.7558722638584199
2784,1.49961369056375,0.8133868665469048,2.2953992306812188,0.7558722523077424
2785,0.4649531014381433,0.4343643295500125,2.2953992306812188,0.7558722516559759
2786,1.4999036641242243,0.8280758817064682,2.313519679500112,0.7558722413900811
2787,0.46323900637670107,0.4224292894667063,2.313519679500112,0.7558722407023329
2788,1.4994316856170125,0.8429633386797452,2.330438541585389,0.7558722316774489
2789,0.46292695655881155,0.41014086590384896,2.330438541585389,0.7558722309597853
2790,1.4981987631407505,0.8579858773830606,2.3461205600636843,0.7558722231292081
2791,0.4640209197236416,0.39751336038636165,2.3461205600636843,0.7558722223873966
2792,1.4962075334958236,0.8730829974568974,2.3605335615563354,0.7558722157019374
2793,0.4665070289861863,0.3845618764716254,2.3605335615563354,0.7558722149414401
2794,1.493462265747485,0.8881970812870104,2.3736483914175626,0.7558722093498538
2795,0.4703542145080683,0.3713024070533731,2.3736483914175626,0.755872208575823
2796,1.4899688670011468,0.9032733767883654,2.3854388561069935,0.7558722040252138
2797,0.47551557960239127,0.35775194697044643,2.3854388561069935,0.7558722032424884
2798,1.4857348904058336,0.9182599501822896,2.395881672331438,0.7558721996786933
2799,0.4819303764395541,0.34392863892000397,2.395881672331438,0.7558721988917992
2800,1.480769545405974,0.9331076172756325,2.4049564226052054,0.7558721962597518
2801,0.48952638752628685,0.32985196359658436,2.4049564226052054,0.7558721954729023
2802,1.4750837102639738,0.947769860169566,2.4126455169012586,0.7558721937169703
2803,0.49822250277065433,0.3155429891271234,2.4126455169012586,0.7558721929340666
2804,1.4686899468756365,0.9622027349252449,2.41893416009484,0.7558721919983722
2805,0.5079312960092137,0.3010247008282395,2.41893416009484,0.7558721912230089
2806,1.461602517896773,0.9763647745079425,2.4238103249351712,0.7558721910517229
2807,0.5185614411130378,0.2863224409594408,2.4238103249351712,0.7558721902871923
2808,1.4538374061912873,0.9902168903171269,2.427264730318113,0.7558721908248072
2809,0.5300198553701647,0.27146450084000173,2.427264730318113,0.7558721900741056
2810,1.4454123365976266,1.003722274773561,2.429290824672248,0.7558721912656876
2811,0.5422135066161856,0.2564829265297362,2.429290824672248,0.7558721905315217
2812,1.4363467999904667,1.0168463067567377,2.4298847743120535,0.7558721923229422
2813,0.5550508631872093,0.24141462747727008,2.4298847743120535,0.7558721916077357
2814,1.426662079586382,1.0295564611455637,2.4290454566540496,0.7558721939458798
2815,0.56844299827648,0.22630292008045355,2.4290454566540496,0.7558721932517848
2816,1.4163812794043282,1.0418222232911305,2.4267744582347373,0.7558721960847393
2817,0.5823043817719157,0.21119970246590522,2.4267744582347373,0.7558721954136446
2818,1.4055293547420034,1.0536150089229763,2.4230760775123334,0.7558721986908685
2819,0.5965534042646111,0.19616855372700137,2.4230760775123334,0.7558721980444092
2820,1.3941331444652618,1.0649080897417993,2.4179573324777115,0.7558722017168827
2821,0.6111126818023324,0.18128919408625957,2.4179573324777115,0.7558722010964499
2822,1.382221404827094,1.0756765247669415,2.411427973143117,0.7558722051168064
2823,0.6259091885053202,0.1666639439283534,2.411427973143117,0.755872204523561
2824,1.3698248444322847,1.0858970973730686,2.4035004990200464,0.7558722088461978
2825,0.6408742594994875,0.15242707008171066,2.4035004990200464,0.7558722082810799
2826,1.3569761598404375,1.08886289963804,2.3941901817397784,0.7558722128622579
2827,0.6559435004186824,0.13875811401628352,2.3941901817397784,0.7558722123259976
2828,1.3437100711501027,1.0901256108540724,2.3835150930109923,0.7558722171239186
2829,0.6710566331423394,0.12590010868984666,2.3835150930109923,0.7558722166170505
2830,1.330063356726495,1.0906845007237533,2.37149613814816,0.7558722215919207
2831,0.6861573011874864,0.11418200089454283,2.37149613814816,0.7558722211147935
2832,1.316074886021064,1.0905386071772234,2.358157095441195,0.7558722262288775
2833,0.7011928526486341,0.10403932533212112,2.358157095441195,0.7558722257816661
2834,1.3017856491794082,1.0896881812688113,2.343524661670109,0.755872230999318
2835,0.716114113927495,0.09601504828898286,2.343524661670109,0.7558722305820368
2836,1.2872387818417823,1.0881346876579954,2.3276285040968383,0.7558722358697247
2837,0.7308751637233211,0.09070571296570185,2.3276285040968383,0.7558722354822378
2838,1.2724795832057205,1.0858808074225144,2.310501319288072,0.7558722408085551
2839,0.7454331137897662,0.08862120652237203,2.310501319288072,0.7558722404505892
2840,1.2575555250428543,1.082930443239099,2.292178899135597,0.7558722457862526
2841,0.7597479006944889,0.08999351390797578,2.292178899135597,0.7558722454574077
2842,1.2425162489439165,1.079288726996898,2.272700204441178,0.7558722507752463
2843,0.7737820911226158,0.09466769587747598,2.272700204441178,0.7558722504750082
2844,1.2274135486129258,1.0749620299386677,2.2521074464175683,0.7558722557499431
2845,0.787500702030091,0.10217622604204626,2.2521074464175683,0.755872255477692
2846,1.212301333553877,1.0699579754553021,2.230446176420898,0.7558722606867061
2847,0.800871036076782,0.11192609863393543,2.230446176420898,0.7558722604417306
2848,1.197235570007443,1.0642854546903993,2.2077653841663105,0.7558722655638314
2849,0.8138625321671109,0.12335618273052766,2.2077653841663105,0.7558722653453355
2850,1.1822741945252029,1.0579546451433584,2.1841176045806385,0.7558722703615094
2851,0.8264466305290886,0.13600747215258535,2.1841176045806385,0.7558722701686259
2852,1.1674769951478823,1.050977032491901,2.1595590333037653,0.7558722750617858
2853,0.838596651516557,0.14953027308781694,2.1595590333037653,0.7558722748935836
2854,1.1529054548253772,1.043365435887802,2.134149650652659,0.755872279648514
2855,0.8502876871820962,0.16366561493442627,2.134149650652659,0.7558722795040091
2856,1.1386225515343316,1.0351340370126547,2.107953353595176,0.7558722841073016
2857,0.8614965046074639,0.17822241949191803,2.107953353595176,0.7558722839854632
2858,1.1246925095786673,1.0262984132132469,2.0810380949283194,0.755872288425451
2859,0.8722014599706847,0.19305825358464418,2.0810380949283194,0.755872288325213
2860,1.1111804968734988,1.0168755750677212,2.053476028398747,0.7558722925919004
2861,0.8823824223563379,0.20806503703514273,2.053476028398747,0.7558722925121678
2862,1.0981522636919827,1.0068840087631241,2.0253436579203226,0.7558722965971546
2863,0.8920207063654567,0.22315896178040992,2.0253436579203226,0.7558722965368116
2864,1.0856737194748731,0.9963437236905387,1.9967219883103478,0.7558723004332208
2865,0.9010990126445292,0.23827351412622005,1.9967219883103478,0.7558723003911362
2866,1.0738104459299362,0.9852763056835899,1.9676966740571917,0.7558723040935325
2867,0.909601375523033,0.2533546591732905,1.9676966740571917,0.7558723040685696
2868,1.06262714682555,0.9737049763367679,1.9383581615212184,0.7558723075728814
2869,0.9175131170212887,0.2683575002337662,1.9383581615212184,0.7558723075639021
2870,1.0521870376145088,0.9616546588377136,1.9088018186342433,0.7558723108673412
2871,0.9248208065622813,0.283243939889841,1.9088018186342433,0.7558723108732113
2872,1.042551181261673,0.9491520507271807,1.8791280445812928,0.7558723139741919
2873,0.9315122257906006,0.2979810239612291,1.8791280445812928,0.755872313993787
2874,1.0337777802771482,0.9362257039549752,1.8494423501137567,0.7558723168918459
2875,0.937576337967691,0.3125397550166583,1.8494423501137567,0.7558723169240573
2876,1.0259214387838778,0.9229061125210132,1.8198553970636302,0.7558723196197717
2877,0.9430032614746076,0.32689423219947966,1.8198553970636302,0.7558723196635084
2878,1.0190324122079801,0.909225807866519,1.790482983339235,0.7558723221584179
2879,0.947784247011254,0.34102102050167116,1.790482983339235,0.7558723222126136
2880,1.0131558655413206,0.8952194619972191,1.7614459572556584,0.7558723245091398
2881,0.9519116581346793,0.354898683326074,1.7614459572556584,0.7558723245727544
2882,1.0083311637210015,0.8809239980606883,1.732870042610856,0.7558723266741258
2883,0.9553789548286609,0.3685074326446874,1.732870042610856,0.7558723267461489
2884,1.0045912191353659,0.8663787077424169,1.70488555364829,0.7558723286563245
2885,0.9581806798428233,0.381828864828681,1.70488555364829,0.7558723287357789
2886,1.0019619212901953,0.8516253743641621,1.6776269772140529,0.7558723304593743
2887,0.9603124475823338,0.3948457595834444,1.6776269772140529,0.7558723305453176
2888,1.0004616720491069,0.8367083999339666,1.6512323983719186,0.7558723320875345
2889,0.9617709353692072,0.407541925852523,1.6512323983719186,0.7558723321790617
2890,1.0001010465496671,0.8216749335763269,1.6258427459205325,0.7558723335456183
2891,0.9625538769338918,0.41990208302298426,1.6258427459205325,0.7558723336418639
2892,1.0008825950250932,0.8065749977274225,1.601600836169283,0.7558723348389286
2893,0.9626600580315507,0.4319117689047673,1.601600836169283,0.7558723349390668
2894,1.0028007946490292,0.7914616071782615,1.5786501975101344,0.7558723359731943
2895,0.9620893141117712,0.44355726818703445,1.5786501975101344,0.7558723360764413
2896,1.0058421536427138,0.7763908744570396,1.5571336652712922,0.7558723369545124
2897,0.9608425300037615,0.43026614925652484,1.5571336652712922,0.7558723370601262
2898,1.0099854628150386,0.7614220931417736,1.5371917464171194,0.7558723377892883
2899,0.9589216416119083,0.415168078999665,1.5371917464171194,0.7558723378965705
2900,1.0152021830470743,0.7466177884888955,1.5189607669639282,0.7558723384841834
2901,0.9563296396493056,0.4001458464893757,1.5189607669639282,0.7558723385924783
2902,1.0214569515298222,0.7320437222937718,1.5025708312032795,0.7558723390460615
2903,0.9530705754699874,0.3852664738506884,1.5025708312032795,0.7558723391547565
2904,1.0287081852396438,0.7177688362626065,1.4881436401207688,0.7558723394819417
2905,0.9491495690945505,0.3706048505074192,1.4881436401207688,0.7558723395904677
2906,1.0369087574419837,0.7038651155490807,1.4757902353237315,0.7558723397989486
2907,0.9445728195591033,0.3562447693782163,1.4757902353237315,0.7558723399067806
2908,1.0460067220151457,0.6904073517749675,1.4656087523307035,0.7558723400042744
2909,0.9393476177544686,0.34227997063466553,1.4656087523307035,0.7558723401109272
2910,1.0559460609716804,0.6774727832189972,1.4576822808176557,0.7558723401051328
2911,0.9334823619617753,0.32881509396734343,1.4576822808176557,0.7558723402101644
2912,1.066667432476768,0.6651405894649752,1.4520769368817663,0.7558723401087264
2913,0.9269865763324407,0.31596638027907376,1.4520769368817663,0.7558723402117348
2914,1.0781088995842034,0.6534912193122361,1.448840251475446,0.755872340022207
2915,0.9198709326055037,0.3038618861608892,1.448840251475446,0.7558723401228311
2916,1.090206623460148,0.6426055349005811,1.447999968654246,0.7558723398526486
2917,0.9121472754037493,0.2926408860895404,1.447999968654246,0.7558723399505646
2918,1.1028955086847694,0.6325637624804195,1.449563327219096,0.7558723396070149
2919,0.9038286515023928,0.28245205771976345,1.449563327219096,0.7558723397019362
2920,1.116109792002816,0.6234442515506599,1.4535168712258675,0.7558723392921338
2921,0.8949293435205466,0.2734500140312199,1.4535168712258675,0.7558723393838099
2922,1.129783569396403,0.6153220592433325,1.4598268015402678,0.7558723389146738
2923,0.8854649085463799,0.26578982229112336,1.4598268015402678,0.7558723390028885
2924,1.1438512594139842,0.6082673952303281,1.468439845905032,0.7558723384811212
2925,0.8754522222716972,0.2596194009987125,1.468439845905032,0.7558723385656924
2926,1.1582480032192333,0.6023439825688539,1.4792845928866203,0.7558723379977641
2927,0.8649095292801678,0.25507014851538795,1.4792845928866203,0.75587233807854
2928,1.1729100037951012,0.5976074093719718,1.492273209137886,0.7558723374706732
2929,0.8538565002047187,0.25224677711496174,1.492273209137886,0.7558723375475328
2930,1.1877748081722086,0.5941035618430038,1.5073034421345595,0.7558723369056886
2931,0.8423142965420647,0.25121791459195003,1.5073034421345595,0.7558723369785391
2932,1.2027815374998003,0.5918672376603044,1.524260802983706,0.7558723363084077
2933,0.8303056439834379,0.25200930070143956,1.524260802983706,0.7558723363771832
2934,1.2178710703131341,0.5909210370579937,1.5430208256928868,0.7558723356841764
2935,0.8178549151863983,0.25460110144106635,1.5430208256928868,0.7558723357488366
2936,1.232986184551975,0.5912746156766575,1.5634513088914874,0.7558723350380804
2937,0.8049882229674505,0.2589299850581889,1.5634513088914874,0.755872335098607
2938,1.2480716638282836,0.592924358822796,1.5854144611464782,0.7558723343749371
2939,0.791733524930847,0.2648954600147932,1.5854144611464782,0.7558723344313352
2940,1.2630743731980707,0.5958535038731492,1.6087688892121348,0.7558723336992956
2941,0.7781207405538902,0.2723690378293141,1.6087688892121348,0.7558723337515896
2942,1.2779433093238994,0.6000327007254201,1.6333713874773084,0.7558723330154303
2943,0.7641818817072726,0.2812043976847669,1.6333713874773084,0.7558723330636637
2944,1.2926296294709612,0.6054209648570206,1.6590785046698397,0.755872332327342
2945,0.7499511974787468,0.29124693104436267,1.6590785046698397,0.7558723323715744
2946,1.3070866633004676,0.6119669487935145,1.6857478792839862,0.7558723316387567
2947,0.7354653339604685,0.30234160820005335,1.6857478792839862,0.7558723316790634
2948,1.321269910938941,0.6196104392297864,1.7132393475419623,0.7558723309531287
2949,0.7207635093159843,0.3143387383252544,1.7132393475419623,0.7558723309895995
2950,1.3351370303318506,0.6282839801814917,1.7414158368120816,0.7558723302736429
2951,0.7058877039118163,0.32709768342552353,1.7414158368120816,0.755872330306379
2952,1.348647816448988,0.6379145266850217,1.7701440634747518,0.7558723296032188
2953,0.6908828645167434,0.34048886464081346,1.7701440634747518,0.7558723296323333
2954,1.3617641745054325,0.6484250463388381,1.7992950576695836,0.7558723289445155
2955,0.6757971204595239,0.3543944947749055,1.7992950576695836,0.7558723289701308
2956,1.3744500890001603,0.659736004126652,1.8287445386918342,0.7558723282999386
2957,0.6606820080967801,0.3687084496271389,1.8287445386918342,0.7558723283221853
2958,1.3866715900554287,0.6626220533683647,1.8583731645677364,0.7558723276716451
2959,0.6455926978662363,0.3833356147127031,1.8583731645677364,0.7558723276906615
2960,1.3983967182630406,0.6635166317142236,1.8880666780142072,0.7558723270615537
2961,0.6305882154664936,0.3981909552206824,1.8880666780142072,0.755872327077483
2962,1.4095954890060516,0.665661015236512,1.9177159689910173,0.7558723264713493
2963,0.6157316451967036,0.41319847748578686,1.9177159689910173,0.7558723264843399
2964,1.4202398570232089,0.6690353945993043,1.9472170717074477,0.7558723259024954
2965,0.6010902991182541,0.42829018784640693,1.9472170717074477,0.7558723259126999
2966,1.4303036818147763,0.6736090570668701,1.9764711114912612,0.7558723253562409
2967,0.586735830441267,0.44340510990349663,1.9764711114912612,0.7558723253638143
2968,1.4397626943486501,0.6793412483219275,2.0053842145318175,0.7558723248336312
2969,0.5727442634893505,0.4584883910149967,2.0053842145318175,0.7558723248387295
2970,1.4485944654111331,0.6861822641999807,2.033867391277407,0.7558723243355169
2971,0.5591959060572191,0.47349050971242174,2.033867391277407,0.7558723243382967
2972,1.4567783758539863,0.6940747036665941,2.061836402258876,0.7558723238625639
2973,0.5461751035503646,0.4883665843065715,2.061836402258876,0.7558723238631823
2974,1.4642955889152167,0.7029548111033629,2.089211613353213,0.7558723234152646
2975,0.5337697889954911,0.503075776664486,2.089211613353213,0.7558723234138781
2976,1.471129024732672,0.7127538395313479,2.1159178459944443,0.7558723229939475
2977,0.5220707803383345,0.5145289676659748,2.1159178459944443,0.7558723229907103
2978,1.47726333712437,0.7233993752827177,2.141884226572836,0.7558723225987881
2979,0.5111707784021993,0.5057981910869288,2.141884226572836,0.7558723225938525
2980,1.4826848926754,0.7348165768727588,2.167044038216013,0.7558723222298196
2981,0.5011630278131313,0.4966239794237883,2.167044038216013,0.7558723222233349
2982,1.487381752146285,0.7469292944372871,2.1913345772923623,0.7558723218869416
2983,0.49213962140490963,0.4870158105665012,2.1913345772923623,0.7558723218790545
2984,1.491343654200278,0.7596610493931484,2.2146970162917734,0.7558723215699322
2985,0.4841894576511999,0.4769837002666613,2.2146970162917734,0.7558723215607858
2986,1.494562001435768,0.7729358657366965,2.2370762741961543,0.7558723212784576
2987,0.47739590037283897,0.4665382140182575,2.2370762741961543,0.7558723212681895
2988,1.497029848703641,0.7866789539191741,2.2584208950288756,0.7558723210120827
2989,0.47183423743799924,0.45569048258553757,2.2584208950288756,0.755872321000826
2990,1.498741893687032,0.8008172552883281,2.2786829349475157,0.755872320770278
2991,0.46756908411723497,0.4444522221283317,2.2786829349475157,0.7558723207581622
2992,1.4996944697215955,0.8152798597642206,2.2978178579997968,0.7558723205524323
2993,0.4646519177440551,0.43283576013669833,2.2978178579997968,0.7558723205395811
2994,1.499885540837478,0.8299983120403917,2.315784440483009,0.7558723203578603
2995,0.4631189524339512,0.4208540687314781,2.315784440483009,0.7558723203443919
2996,1.499314699008904,0.8449068225867924,2.332544683719433,0.7558723201858122
2997,0.46298955638099387,0.408520807345392,2.332544683719433,0.7558723201718381
2998,1.4979831636032044,0.8599423995117934,2.348063734973544,0.7558723200354809
2999,0.4642653752573873,0.39585037741320206,2.348063734973544,0.7558723200211082
3000,1.4958937830276078,0.8750449163122067,2.3623098161822695,0.7558723199060112
3001,0.46693025675521715,0.3828579925294363,2.3623098161822695,0.7558723198913408
3002,1.4930510385787636,0.890157129031167,2.3752541601401123,0.7558723197965085
3003,0.470950984597002,0.3695597686648918,2.3752541601401123,0.7558723197816348
3004,1.4894610505062233,0.9052246546071991,2.3868709537707815,0.7558723197060436
3005,0.4762787419966967,0.355972840593929,2.3868709537707815,0.7558723196910561
3006,1.4851315863065009,0.9201959204157696,2.397137288121521,0.7558723196336621
3007,0.4828511516594304,0.3421155128571438,2.397137288121521,0.7558723196186425
3008,1.4800720712683069,0.935022093297768,2.406033114731988,0.7558723195783897
3009,0.490594694496304,0.32800745663996267,2.406033114731988,0.7558723195634155
3010,1.474293601291511,0.9496569948100528,2.4135412080534633,0.7558723195392396
3011,0.4994272971027232,0.31366996829305516,2.4135412080534633,0.7558723195243818
3012,1.4678089580016316,0.9640570080577198,2.4196471336242045,0.7558723195152172
3013,0.509260895547967,0.2991263114680185,2.4196471336242045,0.7558723195005409
3014,1.4606326261773988,0.9781809802874762,2.4243392217412376,0.7558723195053264
3015,0.5200038213624771,0.2844021739252889,2.4243392217412376,0.7558723194908915
3016,1.4527808135002793,0.9919901244313477,2.4276085464064767,0.7558723195085748
3017,0.5315629038735757,0.2695262834244007,2.4276085464064767,0.755872319494435
3018,1.4442714726206534,1.005447921975321,2.4294489093649223,0.7558723195239777
3019,0.5438452313570719,0.2545312469428165,2.4294489093649223,0.7558723195101807
3020,1.435124325514346,1.0185200288687772,2.429856829094024,0.7558723195505617
3021,0.5567595549143143,0.23945470720829864,2.429856829094024,0.7558723195371512
3022,1.4253608900739478,1.0311741856664633,2.4288315346456493,0.755872319587371
3023,0.570217350059738,0.22434095541722926,2.4288315346456493,0.755872319574385
3024,1.4150045088399987,1.0433801326842689,2.426374964285043,0.7558723196334693
3025,0.5841335711220935,0.20924320691932052,2.426374964285043,0.7558723196209411
3026,1.4040803797256616,1.0551095306338552,2.422491768914451,0.7558723196879429
3027,0.5984271440389004,0.19422684877346896,2.422491768914451,0.7558723196759003
3028,1.3926155885226004,1.0663358869618318,2.417189320312399,0.7558723197499032
3029,0.6130212461814055,0.17937411834909772,2.417189320312399,0.755872319738371
3030,1.3806391428927205,1.077034487941794,2.4104777242627957,0.7558723198184918
3031,0.627843419862767,0.16479088138338513,2.4104777242627957,0.7558723198074893
3032,1.3681820074472382,1.0871823364394164,2.402369838690774,0.7558723198928787
3033,0.6428255612368928,0.15061643091567609,2.402369838690774,0.7558723198824213
3034,1.355277139387886,1.089066470829936,2.392881296964123,0.7558723199722673
3035,0.6579038199871632,0.13703741216303172,2.392881296964123,0.7558723199623677
3036,1.3419595240313766,1.09023792573449,2.3820305365599723,0.7558723200558959
3037,0.673018438630349,0.12430668609890691,2.3820305365599723,0.7558723200465614
3038,1.328266209353814,1.0907053659154418,2.3698388333353395,0.755872320143035
3039,0.6881135540916209,0.11276603863562422,2.3698388333353395,0.7558723201342715
3040,1.3142363384728122,1.0904679868139837,2.3563303416765633,0.7558723202329947
3041,0.7031369787898003,0.10286565189812999,2.3563303416765633,0.7558723202248032
3042,1.2999111787282422,1.0895261969266856,2.3415321408353877,0.7558723203251196
3043,0.7180399739365949,0.09516012865266323,2.3415321408353877,0.7558723203174998
3044,1.2853341457248095,1.0878816185882048,2.3254742877870607,0.7558723204187943
3045,0.7327770240923818,0.09024458121616358,2.3254742877870607,0.7558723204117404
3046,1.270550820359416,1.0855370910890871,2.3081898769665417,0.7558723205134382
3047,0.7473056191531382,0.08860349422982546,2.3081898769665417,0.755872320506944
3048,1.2556089564733075,1.082496676167952,2.2897151072501045,0.7558723206085107
3049,0.7615860477548112,0.09042128059351777,2.2897151072501045,0.7558723206025671
3050,1.2405584763460316,1.0787656659470077,2.2700893565483913,0.7558723207035085
3051,0.7755812044522545,0.09549439983252828,2.2700893565483913,0.7558723206981042
3052,1.2254514507912895,1.0743505934098947,2.2493552643590613,0.7558723207979657
3053,0.7892564118467348,0.10332785828553062,2.2493552643590613,0.7558723207930881
3054,1.2103420601349937,1.0692592455514325,2.2275588225877536,0.7558723208914526
3055,0.8025792579998681,0.11332567426757019,2.2275588225877536,0.755872320887087
3056,1.195286531870531,1.0635006793600603,2.2047494748786245,0.7558723209835779
3057,0.8155194488999385,0.12493775796541587,2.2047494748786245,0.7558723209797077
3058,1.180343050320514,1.0570852408256362,2.180980224592523,0.7558723210739832
3059,0.8280486753720298,0.13771975274226766,2.180980224592523,0.7558723210705922
3060,1.165571633222582,1.0500245871977343,2.1563077514222013,0.7558723211623481
3061,0.8401404935935757,0.1513350198617654,2.1563077514222013,0.7558723211594164
3062,1.1510339698438377,1.0423317127525127,2.130792536428119,0.7558723212483839
3063,0.8517702182511693,0.16553465155093536,2.130792536428119,0.755872321245893
3064,1.136793215070089,1.0340209783592673,2.104498995001426,0.7558723213318351
3065,0.862914827321934,0.18013486389863823,2.104498995001426,0.7558723213297645
3066,1.122913733978419,1.0251081451704145,2.077495616895821,0.7558723214124787
3067,0.8735528774604662,0.19499838917099682,2.077495616895821,0.7558723214108073
3068,1.1094607917594161,1.015610412790071,2.0498551119980326,0.7558723214901207
3069,0.8836644290033283,0.21002079007634816,2.0498551119980326,0.7558723214888278
3070,1.0965001845875413,1.0055464623053947,2.0216545599055644,0.7558723215645973
3071,0.8932309796551038,0.2251208430437471,2.0216545599055644,0.7558723215636614
3072,1.0840978082207908,0.9949365045898266,1.9929755606258572,0.7558723216357722
3073,0.9022354059843082,0.24023388881242774,1.9929755606258572,0.7558723216351719
3074,1.0723191628078048,0.9838023343059853,1.963904382777339,0.7558723217035357
3075,0.9106619119279182,0.2553072419716708,1.963904382777339,0.7558723217032488
3076,1.0612287946304324,0.9721673900451833,1.9345321045340098,0.7558723217678028
3077,0.9184959835757053,0.27029700325684586,1.9345321045340098,0.7558723217678083
3078,1.0508896783111668,0.9600568210362164,1.9049547411876484,0.7558723218285127
3079,0.925724349577209,0.2851658245755117,1.9049547411876484,0.7558723218287887
3080,1.0413625463112464,0.9474975608328163,1.8752733515876092,0.7558723218856264
3081,0.9323349465832852,0.29988132418146446,1.8752733515876092,0.7558723218861514
3082,1.0327051762115524,0.9345184083399161,1.8455941138507777,0.7558723219391251
3083,0.9383168891997012,0.31441494944646864,1.8455941138507777,0.7558723219398781
3084,1.024971650103458,0.9211501164545619,1.816028358625,0.7558723219890099
3085,0.9436604439917154,0.32874115115582686,1.816028358625,0.7558723219899709
3086,1.018211604144307,0.9074254884663957,1.7866925458770664,0.7558723220352999
3087,0.948357007135806,0.3428367771933107,1.7866925458770664,0.7558723220364484
3088,1.0124694896150914,0.8933794821705849,1.7577081687390659,0.7558723220780305
3089,0.9523990853677864,0.3566806225992008,1.7577081687390659,0.7558723220793471
3090,1.0077838692863617,0.8790493213749805,1.7292015655148807,0.7558723221172514
3091,0.9557802799257076,0.3702530924157363,1.7292015655148807,0.7558723221187171
3092,1.0041867741920514,0.86447461411119,1.7013036187184931,0.7558723221530275
3093,0.9584952732315217,0.383535946821165,1.7013036187184931,0.755872322154624
3094,1.001703145730251,0.8496974763601552,1.6741493182635028,0.7558723221854347
3095,0.9605398180978917,0.39651210696093775,1.6741493182635028,0.7558723221871445
3096,1.0003503861696292,0.8347626594463551,1.647877165011363,0.7558723222145606
3097,0.9619107292861808,0.4091655060145334,1.647877165011363,0.7558723222163668
3098,1.0001380371137634,0.8197176784070203,1.6226283912616408,0.7558723222405026
3099,0.9626058772790389,0.42148097430238685,1.6226283912616408,0.7558723222423893
3100,1.0010676004212191,0.8046129375675986,1.598545976944022,0.7558723222633673
3101,0.9626241841665197,0.43344415023924804,1.598545976944022,0.755872322265319
3102,1.0031325098378454,0.7895018482166652,1.5757734447853704,0.7558723222832667
3103,0.9619656215788337,0.44341929367581867,1.5757734447853704,0.7558723222852695
3104,1.0063182546609948,0.7744409316425609,1.5544534250638118,0.7558723223003224
3105,0.9606312106320768,0.4283043765597419,1.5544534250638118,0.7558723223023621
3106,1.010602649706239,0.7594898988533899,1.5347259910609499,0.7558723223146574
3107,0.9586230238860506,0.4132126169044387,1.5347259910609499,0.7558723223167215
3108,1.0159562392834998,0.744711696059005,1.5167267800348223,0.7558723223264026
3109,0.9559441893460527,0.3982049849550692,1.5167267800348223,0.7558723223284788
3110,1.0223428173450322,0.7301725024952901,1.5005849310875157,0.7558723223356907
3111,0.9525988965737205,0.38334946733537156,1.5005849310875157,0.7558723223377681
3112,1.0297200418447494,0.7159416645239021,1.4864208897739193,0.7558723223426562
3113,0.9485924050061063,0.3687220497156672,1.4864208897739193,0.7558723223447243
3114,1.0380401188748585,0.7020915473340458,1.474344148168316,0.7558723223474352
3115,0.9439310546176126,0.3544077579227824,1.474344148168316,0.7558723223494842
3116,1.0472505313622145,0.6886972833036284,1.4644510062935072,0.7558723223501659
3117,0.9386222790966731,0.3405016965120387,1.4644510062935072,0.7558723223521874
3118,1.0572947878824617,0.6758363945698621,1.4568224538814705,0.7558723223509866
3119,0.9326746217485822,0.3271099789787255,1.4568224538814705,0.755872322352973
3120,1.0681131692218366,0.6635882671737577,1.451522277918106,0.7558723223500339
3121,0.926097754378133,0.31435038140025284,1.451522277918106,0.7558723223519772
3122,1.079643453340392,0.6520334559554939,1.44859549931598,0.7558723223474416
3123,0.9189024994511059,0.3023524717409397,1.44859549931598,0.7558723223493352
3124,1.091821602994534,0.6412528039222471,1.4480672302767563,0.7558723223433431
3125,0.9111008558826171,0.2912568783153652,1.4480672302767563,0.7558723223451822
3126,1.1045824041077894,0.6313263677630486,1.4499420226812314,0.7558723223378712
3127,0.9027060288531862,0.28121328488919684,1.4499420226812314,0.7558723223396501
3128,1.1178600467353998,0.6223321529877661,1.4542037488778239,0.7558723223311542
3129,0.8937324641103815,0.2723767185180487,1.4542037488778239,0.7558723223328683
3130,1.1315886439208065,0.6143446777965341,1.4608160225359315,0.7558723223233174
3131,0.8841958872751425,0.26490179150462057,1.4608160225359315,0.7558723223249633
3132,1.1457026867374835,0.6074334035131906,1.4697231326339413,0.755872322314483
3133,0.8741133487371977,0.25893483671911066,1.4697231326339413,0.7558723223160573
3134,1.1601374362672332,0.6016610896254376,1.4808514321694466,0.7558723223047678
3135,0.8635032747929356,0.25460436416528676,1.4808514321694466,0.7558723223062683
3136,1.1748292551658195,0.5970821506376529,1.4941110982593078,0.7558723222942852
3137,0.8523855257506208,0.2520108962637347,1.4941110982593078,0.75587232229571
3138,1.1897158828342789,0.5937411068484081,1.5093981642515195,0.7558723222831439
3139,0.8407814618003004,0.25121780320439047,1.5093981642515195,0.7558723222844916
3140,1.2047366591053632,0.5916712284455343,1.5265967181741196,0.7558723222714482
3141,0.8287140175164104,0.25224496154558324,1.5265967181741196,0.7558723222727175
3142,1.219832701842272,0.5908934692106766,1.5455811647581184,0.7558723222592967
3143,0.8162077859258376,0.2550666737933402,1.5455811647581184,0.7558723222604875
3144,1.234947044009953,0.5914157713306825,1.5662184587319343,0.7558723222467836
3145,0.8032891131270942,0.2596143497779872,1.5662184587319343,0.7558723222478948
3146,1.2500247356946232,0.5932327970809587,1.5883702327721467,0.7558723222339966
3147,0.7899862044786424,0.2657833069642618,1.5883702327721467,0.7558723222350296
3148,1.2650129162845596,0.5963261094464674,1.611894761910221,0.7558723222210196
3149,0.7763292433742996,0.2734421672652847,1.611894761910221,0.7558723222219752
3150,1.27986086164437,0.600664786793619,1.636648725065309,0.7558723222079315
3151,0.7623505235743592,0.28244302308043423,1.636648725065309,0.7558723222088102
3152,1.2945200106647494,0.6062064219545956,1.6624887419172265,0.7558723221948042
3153,0.7480845959399692,0.29263080997032925,1.6624887419172265,0.7558723221956082
3154,1.308943975088319,0.6128984284864449,1.6892726783688248,0.7558723221817067
3155,0.7335684301950557,0.3038509116267472,1.6892726783688248,0.7558723221824367
3156,1.323088536027888,0.6206795597906124,1.7168607257730442,0.7558723221687008
3157,0.718841591974606,0.31595464290698844,1.7168607257730442,0.7558723221693586
3158,1.3369116301264734,0.6294815414230548,1.7451162677994823,0.7558723221558441
3159,0.703946434858474,0.3288027194319574,1.7451162677994823,0.7558723221564324
3160,1.3503733278718435,0.6392307223478528,1.773906554516373,0.755872322143189
3161,0.6889283062699825,0.342267073642863,1.773906554516373,0.7558723221437096
3162,1.363435806180071,0.6498496645525588,1.8031032064019679,0.7558723221307837
3163,0.6738357649566257,0.3562314535463169,1.8031032064019679,0.7558723221312396
3164,1.3760633170063383,0.6612586090374732,1.832582572100432,0.7558723221186721
3165,0.6587208061679221,0.37059120883462854,1.832582572100432,0.755872322119065
3166,1.3882221534278392,0.6626671708318249,1.8622259633316247,0.7558723221068937
3167,0.6436390884904619,0.3852525895257328,1.8622259633316247,0.7558723221072265
3168,1.3998806143718863,0.6637246870598785,1.8919197889312633,0.7558723220954824
3169,0.6286501534720309,0.40013179384702224,1.8919197889312633,0.7558723220957584
3170,1.4110089689296865,0.666030076395736,1.9215556079387983,0.7558723220844678
3171,0.6138176255509381,0.41515392450876454,1.9215556079387983,0.7558723220846895
3172,1.4215794209994228,0.669562075266577,1.9510301192783794,0.7558723220738749
3173,0.5992093753196047,0.43025195246911996,1.9510301192783794,0.7558723220740455
3174,1.4315660748376076,0.6742886133865603,1.980245103123662,0.7558723220637247
3175,0.5848976237806611,0.4453657445357801,1.980245103123662,0.7558723220638469
3176,1.4409449019613927,0.6801677089919179,2.0091073266576656,0.7558723220540347
3177,0.5709589591185651,0.46044118260689365,2.0091073266576656,0.755872322054112
3178,1.4496937097330131,0.687148585525165,2.0375284247336576,0.7558723220448188
3179,0.5574742309439473,0.4754293843819369,2.0375284247336576,0.7558723220448537
3180,1.4577921118673658,0.6951729402538223,2.0654247639665666,0.7558723220360878
3181,0.5445282806215099,0.4902860247503875,2.0654247639665666,0.7558723220360835
3182,1.4652215010317686,0.7041762929913884,2.092717297058971,0.7558723220278483
3183,0.532209461237092,0.5049707512960737,2.092717297058971,0.7558723220278075
3184,1.47196502365042,0.7140893474408724,2.1193314126915017,0.7558723220201056
3185,0.5206088985655064,0.5134211169916967,2.1193314126915017,0.755872322020031
3186,1.4780075569824755,0.7248393071144249,2.145196785070812,0.7558723220128634
3187,0.5098194471262518,0.5046322679098757,2.145196785070812,0.7558723220127581
3188,1.483335688509862,0.73635110031067,2.1702472262076067,0.755872322006121
3189,0.49993430542836403,0.49540118389582966,2.1702472262076067,0.7558723220059875
3190,1.487937697647065,0.7485484822891922,2.194420543167185,0.7558723219998744
3191,0.4910452740565305,0.4857374120893315,2.194420543167185,0.7558723219997157
3192,1.4918035397685765,0.761354995932513,2.217658401869595,0.7558723219941178
3193,0.4832406707267837,0.47565103885600607,2.217658401869595,0.7558723219939366
3194,1.4949248325391067,0.7746947836819744,2.2399061984906274,0.7558723219888437
3195,0.4766029573811631,0.4651527020953388,2.2399061984906274,0.7558723219886422
3196,1.4972948445258747,0.7884932527419636,2.2611129391054976,0.7558723219840423
3197,0.47120618248182633,0.45425360730673053,2.2611129391054976,0.7558723219838237
3198,1.498908486070363,0.8026776022778884,2.2812311279036686,0.7558723219797022
3199,0.46711339016386066,0.4429655483940075,2.2812311279036686,0.7558723219794685
3200,1.4997623023979334,0.8171772257241353,2.300216664068043,0.7558723219758114
3201,0.4643741870634737,0.43130093445975914,2.300216664068043,0.7558723219755645
3202,1.4998544689470117,0.8319240037041875,2.3180287472395458,0.7558723219723554
3203,0.4630226765242794,0.4192728241983769,2.3180287472395458,0.755872321972098
3204,1.4991847889044831,0.8468525038699553,2.3346297913662504,0.7558723219693188
3205,0.46307595950386127,0.4068949699722327,2.3346297913662504,0.755872321969053
3206,1.497754692939931,0.8619001036221201,2.3499853466540968,0.7558723219666859
3207,0.4645333583169529,0.39418187429350093,2.3499853466540968,0.7558723219664136
3208,1.495567241137913,0.8770070505655765,2.3640640292853727,0.7558723219644399
3209,0.4673764477114228,0.3811488622978412,2.3640640292853727,0.7558723219641625
3210,1.4926271271340885,0.8921164740027138,2.3768374585444763,0.7558723219625634
3211,0.4715698898475556,0.3678121749763264,2.3768374585444763,0.7558723219622827
3212,1.4889406844671755,0.9071743590160242,2.388280200982429,0.7558723219610382
3213,0.47706298249783247,0.35418908956033907,2.388280200982429,0.7558723219607557
3214,1.4845158951639796,0.9221294929135692,2.398369721257819,0.7558723219598453
3215,0.48379175995968027,0.34029807572371323,2.398369721257819,0.7558723219595631
3216,1.479362400578459,0.9369333921199599,2.407086339308715,0.755872321958969
3217,0.49168144542555275,0.3261589994632733,2.407086339308715,0.755872321958688
3218,1.473491514507455,0.9515402160586115,2.414413193534912,0.7558723219583903
3219,0.5006490456018401,0.31179339107106857,2.414413193534912,0.7558723219581126
3220,1.4669162386045556,0.9659066732206992,2.420336209700597,0.7558723219580906
3221,0.5106058991498676,0.29722480016602426,2.420336209700597,0.7558723219578167
3222,1.4596512801087778,0.9799919234611745,2.4248440753024396,0.7558723219580508
3223,0.5214600307708412,0.28247927029615905,2.4248440753024396,0.7558723219577821
3224,1.4517130718954574,0.9937574795958131,2.4279282191860623,0.7558723219582516
3225,0.5331182115351456,0.26758597967147263,2.4279282191860623,0.7558723219579893
3226,1.4431197948417192,1.0071671105800335,2.4295827962339533,0.7558723219586745
3227,0.5454876737984297,0.2525781154841262,2.4295827962339533,0.7558723219584188
3228,1.4338914024769436,1.0201867479101672,2.429804676989324,0.7558723219593002
3229,0.5584774692705838,0.23749408063388056,2.429804676989324,0.7558723219590524
3230,1.424049647858157,1.032784396379663,2.4285934421229354,0.7558723219601116
3231,0.5719994884391435,0.22237917904214224,2.4285934421229354,0.7558723219598722
3232,1.4136181125694738,1.0449300499255223,2.425951381692857,0.7558723219610903
3233,0.5859691783125344,0.2072879973805569,2.425951381692857,0.75587232196086
3234,1.4026222376915363,1.056595612994936,2.4218834991904723,0.7558723219622192
3235,0.600306004827018,0.19228780859735967,2.4218834991904723,0.7558723219619986
3236,1.3910893565189109,1.0677548276315978,2.4163975204093298,0.7558723219634818
3237,0.614933708533344,0.17746348014613036,2.4163975204093298,0.7558723219632708
3238,1.3790487287179112,1.078383206310833,2.4095039072165982,0.7558723219648619
3239,0.6297803997020206,0.16292458664407417,2.4095039072165982,0.7558723219646609
3240,1.3665315755112748,1.087475728653653,2.4012158763495215,0.7558723219663436
3241,0.6447785337847115,0.14881568061573805,2.4012158763495215,0.7558723219661532
3242,1.3535711153461567,1.0892582200892933,2.3915494234011176,0.7558723219679125
3243,0.6598648017746463,0.1353308297138429,2.3915494234011176,0.7558723219677325
3244,1.3402025993444378,1.0903383851744006,2.380523352199934,0.7558723219695541
3245,0.6749799634576096,0.12273311398528902,2.380523352199934,0.7558723219693848
3246,1.3264633456456503,1.090714362570966,2.368159309827382,0.7558723219712553
3247,0.6900686454592967,0.11137751322196199,2.368159309827382,0.7558723219710967
3248,1.3123927715291546,1.090385505206935,2.354481827552146,0.7558723219730027
3249,0.705079120688862,0.10172884413042114,2.354481827552146,0.7558723219728545
3250,1.2980324219401955,1.0893523790359878,2.3395183679933336,0.7558723219747846
3251,0.7199630813590108,0.09435232206765072,2.3395183679933336,0.7558723219746473
3252,1.2834259927413196,1.087616764122156,2.323299378850872,0.7558723219765896
3253,0.7346754142103913,0.08983902407148307,2.323299378850872,0.7558723219764628
3254,1.2686193466647644,1.0851816580629559,2.3058583535612773,0.755872321978407
3255,0.7491739837950422,0.08864461276791097,2.3058583535612773,0.7558723219782908
3256,1.2536605195531143,1.0820512817941834,2.287231899246717,0.755872321980227
3257,0.763419427564666,0.09090430069808922,2.287231899246717,0.7558723219801212
3258,1.2385997140476592,1.0782310878491757,2.2674598123221186,0.7558723219820405
3259,0.7773749649443737,0.09636773131182665,2.2674598123221186,0.7558723219819445
3260,1.2234892774232642,1.0737277711754796,2.2465851621047057,0.7558723219838386
3261,0.7910062214396975,0.10451587411769503,2.2465851621047057,0.7558723219837524
3262,1.2083836597869324,1.0685492826425191,2.2246543827276395,0.7558723219856138
3263,0.8042810680271535,0.11475229521970091,2.2246543827276395,0.7558723219855372
3264,1.1933393483728723,1.0627048454051486,2.2017173735878472,0.7558723219873593
3265,0.8171694755358058,0.12653889953372996,2.2017173735878472,0.7558723219872918
3266,1.1784147732060164,1.0562049743199395,2.177827608449606,0.7558723219890683
3267,0.8296433833742286,0.1394459610334857,2.177827608449606,0.7558723219890089
3268,1.1636701790042787,1.0490614986435984,2.1530422531700424,0.7558723219907347
3269,0.8416765817430208,0.15314953429129374,2.1530422531700424,0.7558723219906844
3270,1.149167457893538,1.041287588275874,2.127422291798532,0.7558723219923538
3271,0.8532446063583135,0.167410385952286,2.127422291798532,0.7558723219923115
3272,1.1349699373756217,1.0328977838423474,2.101032660514543,0.7558723219939216
3273,0.8643246446668577,0.182051712454207,2.101032660514543,0.7558723219938868
3274,1.1211421180859116,1.023908030945012,2.073942388490872,0.7558723219954335
3275,0.874895452536138,0.1969411824642733,2.073942388490872,0.7558723219954063
3276,1.1077493562791108,1.0143357189397424,2.046224744281774,0.7558723219968863
3277,0.8849372804372785,0.21197784122338637,2.046224744281774,0.7558723219968656
3278,1.0948574867681802,1.0041997246283305,2.017957385715911,0.7558723219982775
3279,0.8944318081925525,0.22708293894308926,2.017957385715911,0.755872321998263
3280,1.0825323832876959,0.9935204612770525,1.9892225104977543,0.7558723219996042
3281,0.9033620874246959,0.24219359439600635,1.9892225104977543,0.7558723219995962
3282,1.0708394550201354,0.9823199333913316,1.9601070037622195,0.7558723220008653
3283,0.9117124909161451,0.25725841859615933,1.9601070037622195,0.7558723220008626
3284,1.059843080346159,0.9706217976837627,1.9307025776600577,0.7558723220020588
3285,0.9194686681587777,0.2722344724803515,1.9307025776600577,0.7558723220020608
3286,1.049605981750135,0.9584514306663348,1.9011058966527816,0.755872322003183
3287,0.9266175064461284,0.2870851308718035,1.9011058966527816,0.7558723220031903
3288,1.0401885491651883,0.9458360032714931,1.8714186805489945,0.7558723220042362
3289,0.9331470969287422,0.3017785654955929,1.8714186805489945,0.7558723220042476
3290,1.031648122743308,0.9328045628534379,1.841747775414062,0.7558723220052173
3291,0.9390467051183482,0.31628665474972,1.841747775414062,0.7558723220052326
3292,1.0240382498742064,0.9193881228314191,1.8122051803465815,0.755872322006127
3293,0.9443067453874597,0.3305841909391871,1.8122051803465815,0.7558723220061463
3294,1.017407934966522,0.905619760098815,1.7829080157812467,0.7558723220069663
3295,0.9489187590676851,0.34464829732381386,1.7829080157812467,0.7558723220069887
3296,1.0118009037032805,0.8915347201205814,1.7539784165324956,0.7558723220077362
3297,0.9528753958025837,0.3584579949467367,1.7539784165324956,0.7558723220077616
3298,1.007254905819116,0.8771705293587613,1.7255433303748193,0.7558723220084377
3299,0.9561703978595733,0.3719938776591252,1.7255433303748193,0.7558723220084657
3300,1.0038010815640361,0.8625671142787505,1.6977342007701535,0.7558723220090726
3301,0.9587985871505419,0.3852378661984865,1.6977342007701535,0.7558723220091033
3302,1.0014634166299328,0.8477669256712671,1.6706865106872053,0.755872322009643
3303,0.9607558547528386,0.3981730206582065,1.6706865106872053,0.7558723220096756
3304,1.0002583082545635,0.8328150663456761,1.6445391636859148,0.7558723220101506
3305,0.9620391527616509,0.4107833965304881,1.6445391636859148,0.755872322010185
3306,1.000194261480008,0.8177594193751265,1.6194336790197321,0.7558723220105974
3307,0.9626464883418853,0.42305393357807514,1.6194336790197321,0.7558723220106333
3308,1.0012717293112106,0.8026507729666313,1.5955131799580458,0.7558723220109863
3309,0.9625769198829938,0.4349703696604428,1.5955131799580458,0.7558723220110231
3310,1.0034831041581955,0.787542936654666,1.5729211593858976,0.7558723220113188
3311,0.9618305551942028,0.44145812380172167,1.5729211593858976,0.7558723220113563
3312,1.0068128609601459,0.7724928418463181,1.551800014472689,0.7558723220115979
3313,0.9604085517107581,0.42634299305514506,1.551800014472689,0.7558723220116363
3314,1.0112378453702704,0.7575606177650248,1.5322893531223734,0.7558723220118263
3315,0.9583131187145413,0.41125856962774177,1.5322893531223734,0.755872322011865
3316,1.0167276939210526,0.7428096315601015,1.5145240890293479,0.7558723220120062
3317,0.9555475216052179,0.39626668192741155,1.5145240890293479,0.7558723220120452
3318,1.0232453677102111,0.7283064788240831,1.4986323590294395,0.7558723220121407
3319,0.9521160882913595,0.381436297671562,1.4986323590294395,0.7558723220121796
3320,1.0307477772299396,0.7141209081052883,1.484733315058506,0.7558723220122328
3321,0.9480242178052362,0.36684451639732085,1.484733315058506,0.755872322012271
3322,1.0391864737094614,0.700325660420896,1.4729348618107598,0.7558723220122842
3323,0.9432783912806313,0.35257761447839975,1.4729348618107598,0.7558723220123219
3324,1.0485083817704062,0.6869962025786425,1.4633314279839804,0.7558723220122984
3325,0.9378861854705557,0.33873207675299205,1.4633314279839804,0.7558723220123356
3326,1.0586565491555369,0.6742103317450919,1.4560018713431022,0.7558723220122776
3327,0.9318562890215865,0.3254155018719945,1.4560018713431022,0.7558723220123146
3328,1.0695708915072621,0.6620476287319393,1.4510076233004845,0.755872322012225
3329,0.9251985217641927,0.31274720373127624,1.4510076233004845,0.7558723220122611
3330,1.0811889132926031,0.6505887395973249,1.44839117538315,0.7558723220121425
3331,0.917923857324235,0.30085824992271415,1.44839117538315,0.7558723220121781
3332,1.0934463896239761,0.6399144701109118,1.448174996905586,0.7558723220120339
3333,0.9100444494102876,0.289890589442708,1.448174996905586,0.7558723220120682
3334,1.1062779975621508,0.6301046860666346,1.450360950811202,0.7558723220119008
3335,0.9015736621847953,0.2799948501325793,1.450360950811202,0.7558723220119338
3336,1.1196178892162956,0.6212370247402169,1.4549302448701373,0.7558723220117454
3337,0.8925261051846384,0.2713263762468594,1.4549302448701373,0.7558723220117779
3338,1.1334002023561678,0.6133854388785612,1.461843921372969,0.755872322011571
3339,0.8829176733184558,0.2640391920724517,1.461843921372969,0.7558723220116017
3340,1.147559507180241,0.6066186136390219,1.4710438540462147,0.7558723220113793
3341,0.8727655925339087,0.2582778826113939,1.4710438540462147,0.7558723220114086
3342,1.162031190268808,0.6009983171307668,1.482454190109682,0.7558723220111727
3343,0.8620884718174009,0.2541678959681644,1.482454190109682,0.7558723220112005
3344,1.1767517785795483,0.5965777640122653,1.4959831515260313,0.7558723220109533
3345,0.8509063622605544,0.25180540769153004,1.4959831515260313,0.7558723220109799
3346,1.191659207645019,0.5934000857009368,1.511525094694875,0.7558723220107231
3347,0.8392408240001247,0.25124842144841986,1.511525094694875,0.7558723220107478
3348,1.2066930389659554,0.5914970068172148,1.5289627228004254,0.7558723220104836
3349,0.8271150019082087,0.25251091482842186,1.5289627228004254,0.7558723220105074
3350,1.221794632035361,0.5908878229013672,1.5481693490260013,0.7558723220102374
3351,0.8145537109731972,0.25556137296879006,1.5481693490260013,0.7558723220102596
3352,1.236907276555096,0.5915787581363222,1.5690111201271966,0.7558723220099859
3353,0.8015835323626969,0.2603260640705885,1.5690111201271966,0.7558723220100066
3354,1.2519762902952176,0.5935627548312541,1.5913491260366543,0.7558723220097309
3355,0.7882329211885942,0.2666962755460336,1.5913491260366543,0.7558723220097502
3356,1.2669490877652052,0.5968197120052863,1.6150413397672152,0.7558723220094735
3357,0.7745323269889782,0.2745379131866069,1.6150413397672152,0.7558723220094918
3358,1.2817752244738576,0.6013171534340929,1.6399443506668372,0.7558723220092161
3359,0.7605143278844605,0.2837016418535225,1.6399443506668372,0.7558723220092323
3360,1.2964064210984487,0.6070112714436339,1.665914871350833,0.7558723220089587
3361,0.7462137792339705,0.2940320697769098,1.665914871350833,0.7558723220089739
3362,1.3107965714005372,0.6138482663544188,1.6928110132909164,0.755872322008703
3363,0.7316679773758874,0.30537508622451637,1.6928110132909164,0.7558723220087173
3364,1.3249017372428444,0.6217658859051114,1.7204933375457152,0.7558723220084509
3365,0.7169168386529025,0.3175830696546336,1.7204933375457152,0.7558723220084638
3366,1.338680133597934,0.6306950651220528,1.748825695409128,0.7558723220082029
3367,0.7020030933296346,0.33051811927163677,1.748825695409128,0.7558723220082141
3368,1.352092106007486,0.6405615737622099,1.7776758790937655,0.7558723220079595
3369,0.6869724931526986,0.3440536883333205,1.7776758790937655,0.7558723220079693
3370,1.3651001025580014,0.65128759295614,1.8069161054098914,0.7558723220077218
3371,0.6718740300896976,0.3580750559915736,1.8069161054098914,0.7558723220077304
3372,1.3776686420880824,0.662770305697886,1.836423356276543,0.7558723220074907
3373,0.6567601621162185,0.3724790336875619,1.836423356276543,0.7558723220074984
3374,1.3897642800345633,0.6627334964286388,1.8660795993368506,0.7558723220072668
3375,0.6416870396843761,0.38717321968204926,1.8660795993368506,0.7558723220072734
3376,1.401355573058254,0.6639537841261695,1.8957719104146067,0.7558723220070509
3377,0.6267147235821846,0.4020750275206867,1.8957719104146067,0.7558723220070565
3378,1.4124130433622677,0.6664198200161068,1.9253925174335313,0.755872322006843
3379,0.6119073811678694,0.41711063875431065,1.9253925174335313,0.7558723220068477
3380,1.4229091434234593,0.6701088966936295,1.954838783026653,0.755872322006644
3381,0.5973334433600612,0.4322139725404162,1.954838783026653,0.7558723220066477
3382,1.4328182216967325,0.6749876014887287,1.9840131406108419,0.7558723220064542
3383,0.5830656992843894,0.44732572404139137,1.9840131406108419,0.7558723220064565
3384,1.4421164897190923,0.6810127441012609,2.0128229963400717,0.7558723220062735
3385,0.5691812992613758,0.46239249656750786,2.0128229963400717,0.7558723220062747
3386,1.450781990931796,0.68813249705345,2.041180607173197,0.7558723220061022
3387,0.555761630238532,0.47736603556211504,2.041180607173197,0.7558723220061027
3388,1.458794571451282,0.6962876787305395,2.0690029433474137,0.7558723220059402
3389,0.5428920215201857,0.49220256265856616,2.0690029433474137,0.7558723220059403
3390,1.466135852949782,0.7054131073928654,2.0962115418561202,0.7558723220057884
3391,0.5306612338650395,0.506862202753283,2.0962115418561202,0.7558723220057875
3392,1.4727892077517921,0.7154389596573235,2.1227323560874627,0.7558723220056462
3393,0.5191606833404658,0.5123056611145518,2.1227323560874627,0.7558723220056449
3394,1.4787397362104895,0.7262920768966628,2.148495605572581,0.7558723220055141
3395,0.5084833548572973,0.5034588914696176,2.148495605572581,0.755872322005512
3396,1.4839742463966583,0.7378971757861942,2.1734356287980834,0.7558723220053915
3397,0.49872237144353954,0.4941710959704305,2.1734356287980834,0.7558723220053888
3398,1.4884812361098205,0.750177932902547,2.1974907412301006,0.7558723220052783
3399,0.4899692062346551,0.4844518911625757,2.1974907412301006,0.7558723220052757
3400,1.4922508772055807,0.7630579262688474,2.2206031000514077,0.7558723220051744
3401,0.48231155607003406,0.47431143423177025,2.2206031000514077,0.7558723220051712
3402,1.495275002223284,0.7764614279651019,2.242718576603567,0.7558723220050799
3403,0.47583093771182555,0.46376043575210135,2.242718576603567,0.7558723220050764
3404,1.4975470932928592,0.790314050811535,2.26378663713027,0.7558723220049943
3405,0.4706001163006482,0.452810176306697,2.26378663713027,0.7558723220049907
3406,1.4990622732982046,0.8045432585466895,2.2837602321157253,0.7558723220049178
3407,0.46668052354917133,0.4414725279923879,2.2837602321157253,0.7558723220049137
3408,1.4998172992758365,0.8190787530308807,2.3025956942856936,0.7558723220048496
3409,0.46411986031221947,0.42975998210068184,2.3025956942856936,0.7558723220048456
3410,1.499810558031067,0.833852754161583,2.320252645173799,0.755872322004789
3411,0.46295009368509954,0.41768568463818034,2.320252645173799,0.755872322004785
3412,1.4990420639590782,0.8488001888191036,2.336693910039537,0.7558723220047372
3413,0.46318604419135967,0.4052634818433979,2.336693910039537,0.7558723220047329
3414,1.4975134590643586,0.8638588046961143,2.351885440846857,0.7558723220046927
3415,0.46482471131652064,0.39250797852023267,2.351885440846857,0.7558723220046881
3416,1.4952280151785668,0.8789692236828818,2.365796246964762,0.7558723220046552
3417,0.46784541105954774,0.3794346129072943,2.365796246964762,0.7558723220046508
3418,1.4921906383834598,0.8940749478905916,2.3783983332274783,0.7558723220046248
3419,0.472210710328065,0.3660597530321263,2.3783983332274783,0.7558723220046203
3420,1.4884078756516264,0.9091223296320147,2.389666644985734,0.755872322004601
3421,0.4778680571311584,0.35240082119840865,2.389666644985734,0.7558723220045962
3422,1.4838879237228322,0.9240605149068435,2.399579019788488,0.7558723220045834
3423,0.4847519389678079,0.33847645562556755,2.399579019788488,0.7558723220045784
3424,1.4786406402373067,0.9388413682651799,2.408116145352459,0.7558723220045719
3425,0.49278636528707265,0.3243067216050645,2.408116145352459,0.7558723220045664
3426,1.4726775571486084,0.9534193854087539,2.4152615235025277,0.7558723220045653
3427,0.5018874660459878,0.30991338930736,2.4152615235025277,0.7558723220045601
3428,1.4660118964371451,0.9677515985643705,2.4210014397974047,0.7558723220045641
3429,0.5119660222941541,0.2953203022511714,2.4210014397974047,0.7558723220045585
3430,1.4586585881401135,0.9817974785341149,2.4253249385903626,0.7558723220045673
3431,0.522929786683788,0.28055387047516794,2.4253249385903626,0.7558723220045618
3432,1.450634290703631,0.9955188363839513,2.4282238033130796,0.7558723220045747
3433,0.5346855009333512,0.26564373723582885,2.4282238033130796,0.7558723220045694
3434,1.4419574136470146,1.0088797269601728,2.4296925418109674,0.7558723220045862
3435,0.5471405643306186,0.25062369007216684,2.4296925418109674,0.7558723220045812
3436,1.4326481425061859,1.0218463558014343,2.429728376599975,0.7558723220046017
3437,0.5602043463155469,0.23553292015411936,2.429728376599975,0.7558723220045963
3438,1.4227284659914445,1.0343869905214493,2.428331239957413,0.75587232200462
3439,0.5737891643753777,0.22041778381303737,2.428331239957413,0.7558723220046148
3440,1.4122222052525994,1.046471877353222,2.425503773802407,0.7558723220046413
3441,0.5878109659204651,0.20533429572652875,2.425503773802407,0.7558723220046366
3442,1.401155045089454,1.0580731632509697,2.421251334364898,0.7558723220046649
3443,0.6021897611292353,0.19035169646454964,2.421251334364898,0.7558723220046603
3444,1.3895545668755704,1.0691648237239957,2.4155820016854133,0.7558723220046911
3445,0.6168498552774979,0.17555760206540472,2.4155820016854133,0.7558723220046869
3446,1.3774502828752393,1.0797225964132846,2.4085065940309307,0.7558723220047194
3447,0.6317199261320321,0.16106546744494535,2.4085065940309307,0.7558723220047151
3448,1.364873671524647,1.0877466552586526,2.4000386873547246,0.7558723220047494
3449,0.6467329865566265,0.1470253482699303,2.4000386873547246,0.7558723220047452
3450,1.3518582131148873,1.0894381358010579,2.3901946399697724,0.7558723220047805
3451,0.661826266015056,0.13363906448069246,2.3901946399697724,0.7558723220047769
3452,1.3384394251531777,1.0904269797220951,2.378993622645698,0.7558723220048129
3453,0.6769410381370695,0.12118031077950651,2.378993622645698,0.7558723220048097
3454,1.324654896485594,1.0907114834421938,2.3664576543776024,0.7558723220048466
3455,0.6920224155165138,0.11001759287755335,2.3664576543776024,0.7558723220048431
3456,1.3105443190361905,1.0902911573552094,2.3526116441107057,0.7558723220048806
3457,0.7070191277171657,0.1006302599217577,2.3526116441107057,0.7558723220048775
3458,1.2961495157501512,1.0891667248902193,2.3374834387362764,0.7558723220049153
3459,0.7218832941579573,0.09359293009506565,2.3374834387362764,0.7558723220049123
3460,1.2815144630199946,1.0873401238982676,2.321103877700375,0.7558723220049506
3461,0.7365702001036947,0.08948984644966936,2.321103877700375,0.7558723220049473
3462,1.2666853055224054,1.0848145103815672,2.303506854585396,0.7558723220049852
3463,0.7510380813073777,0.08874449440775575,2.303506854585396,0.7558723220049823
3464,1.2517103609995877,1.081594264612122,2.284729386032762,0.7558723220050203
3465,0.765247920818523,0.09144167830614969,2.284729386032762,0.7558723220050175
3466,1.2366401120864385,1.0776849997164721,2.2648116883699214,0.7558723220050549
3467,0.7791632599689077,0.09728638430726819,2.2648116883699214,0.7558723220050523
3468,1.2215271818207158,1.0730935728334372,2.2437972622818867,0.755872322005089
3469,0.7927500244629572,0.10573897294433288,2.2437972622818867,0.7558723220050867
3470,1.2064262889901831,1.0678280989824798,2.2217329858214843,0.7558723220051227
3471,0.805976365739749,0.11620487311000434,2.2217329858214843,0.7558723220051207
3472,1.1913941789877505,1.0618979678116867,2.1986692159765937,0.7558723220051554
3473,0.8188125172587517,0.12815876867668013,2.1986692159765937,0.7558723220051538
3474,1.1764895253901964,1.0553138634264085,2.1746598988986383,0.7558723220051876
3475,0.8312306650290012,0.14118547144573118,2.1746598988986383,0.755872322005186
3476,1.1617727970852494,1.0480877875322163,2.1497626887343078,0.7558723220052188
3477,0.8432048315020623,0.1549733520868154,2.1497626887343078,0.7558723220052177
3478,1.1473060854931367,1.0402330861588265,2.124039074779646,0.7558723220052491
3479,0.854710771844998,0.16929246993082775,2.124039074779646,0.7558723220052481
3480,1.133152886320848,1.0317644802646517,2.0975545163775315,0.7558723220052785
3481,0.8657258815720045,0.18397269909109998,2.0975545163775315,0.7558723220052774
3482,1.1193778304189763,1.0226981005540332,2.0703785845888762,0.7558723220053063
3483,0.8762291145211222,0.1988864255163785,2.0703785845888762,0.7558723220053057
3484,1.1060463587583635,1.0130515268701341,2.0425851091645892,0.7558723220053334
3485,0.886200910199901,0.21393602402163056,2.0425851091645892,0.7558723220053332
3486,1.0932243373858592,1.0028438325546194,2.01425232870687,0.7558723220053588
3487,0.8956231295798226,0.22904511306142417,2.01425232870687,0.7558723220053591
3488,1.0809776095293429,0.9920956341888016,1.985463041109874,0.7558723220053835
3489,0.9044789984856738,0.24415251656819545,1.985463041109874,0.7558723220053837
3490,1.0693714838602992,0.9808291471474541,1.956304750385329,0.7558723220054068
3491,0.9127530577973746,0.25920809130700323,1.956304750385329,0.7558723220054069
3492,1.0584701603173654,0.9690682474026301,1.926869804782582,0.7558723220054284
3493,0.9204311197542108,0.27416982281904234,1.926869804782582,0.7558723220054291
3494,1.048336097832167,0.9568385400061749,1.8972555196823597,0.7558723220054488
3495,0.9275002297225404,0.28900178354669964,1.8972555196823597,0.7558723220054495
3496,1.0390293317061856,0.9441674346503619,1.8675642770637157,0.7558723220054678
3497,0.9339486328562909,0.30367268049423624,1.8675642770637157,0.7558723220054685
3498,1.030606752119998,0.931084228648706,1.837903591411429,0.7558723220054859
3499,0.9397657451440795,0.3181548098489018,1.837903591411429,0.7558723220054864
3500,1.023121359092721,0.9176201975838097,1.8083861297640818,0.7558723220055024
3501,0.9449421283971559,0.3324232956958283,1.8083861297640818,0.7558723220055031
3502,1.0166215128559035,0.9038086937238478,1.7791296712489932,0.7558723220055177
3503,0.9494694687885035,0.34645552942972024,1.7791296712489932,0.7558723220055186
3504,1.0111502017135945,0.8896852520986063,1.7502569889993322,0.7558723220055317
3505,0.9533405586054605,0.3602307526613421,1.7502569889993322,0.7558723220055328
3506,1.0067443516569206,0.8752877038309379,1.7218956349471872,0.7558723220055443
3507,0.9565492809264208,0.3737297439358862,1.7218956349471872,0.7558723220055458
3508,1.0034342029375367,0.8606562959171259,1.694177605850415,0.7558723220055558
3509,0.9590905969768874,0.386934581410993,1.694177605850415,0.7558723220055571
3510,1.001242778204891,0.8458338161127612,1.6672388673385208,0.755872322005566
3511,0.9609605359618013,0.39982846171740294,1.6672388673385208,0.7558723220055673
3512,1.000185464529568,0.830865720878009,1.6412187121391242,0.7558723220055752
3513,0.9621561872100851,0.41239556079862116,1.6412187121391242,0.7558723220055765
3514,1.000269727689028,0.8158002634328831,1.6162589294385419,0.7558723220055831
3515,0.9626756945041952,0.4246209264158991,1.6162589294385419,0.7558723220055846
3516,1.0014949716898813,0.8006886178330377,1.5925027650620536,0.7558723220055902
3517,0.9625182525026043,0.4364903947498207,1.5925027650620536,0.7558723220055915
3518,1.0038525500267748,0.7855849935650332,1.570093657363531,0.7558723220055961
3519,0.9616841051970116,0.4394965273245241,1.570093657363531,0.7558723220055978
3520,1.0073259281540066,0.7705467334495855,1.549173741849979,0.7558723220056011
3521,0.9601745463791599,0.42438211843346013,1.549173741849979,0.7558723220056026
3522,1.0118909896666548,0.7556343856201588,1.529882128909237,0.7558723220056054
3523,0.9579919221248591,0.4093060715915089,1.529882128909237,0.7558723220056063
3524,1.017516472341912,0.74091173802845,1.5123529735138217,0.7558723220056085
3525,0.955139635335658,0.39433108864955435,1.5123529735138217,0.7558723220056097
3526,1.0241645149836978,0.7264458013782106,1.4967133729362732,0.7558723220056109
3527,0.9516221524119902,0.37952713518424236,1.4967133729362732,0.7558723220056124
3528,1.031791292304524,0.7123067237301229,1.483081147257954,0.7558723220056124
3529,0.9474450121660299,0.3649724422929336,1.483081147257954,0.7558723220056139
3530,1.0403477130472794,0.6985676174680467,1.471562576105877,0.7558723220056134
3531,0.9426148371183628,0.35075455442839515,1.471562576105877,0.7558723220056145
3532,1.0497801561895268,0.6853042771992414,1.4622501814121798,0.7558723220056133
3533,0.9371393473603805,0.33697135220586577,1.4622501814121798,0.7558723220056144
3534,1.0600312212145317,0.6725947659378934,1.4552206575736497,0.755872322005613
3535,0.9310273772044929,0.3237319299199048,1.4552206575736497,0.7558723220056143
3536,1.0710404707872971,0.660518847185587,1.4505330548058168,0.7558723220056115
3537,0.9242888948872778,0.311157140415074,1.4505330548058168,0.7558723220056132
3538,1.0827451473841017,0.6491572429734032,1.4482273169225408,0.7558723220056104
3539,0.9169350256369639,0.2993795368051081,1.4482273169225408,0.7558723220056115
3540,1.095080849119403,0.6385907033006069,1.4483232604577867,0.7558723220056082
3541,0.9089780784665901,0.2885423522777904,1.4483232604577867,0.7558723220056095
3542,1.107982153851992,0.6288988813291735,1.4508200585910445,0.7558723220056058
3543,0.9004315771080913,0.2787970924649345,1.4508200585910445,0.755872322005607
3544,1.1213831843489594,0.6201590215159194,1.455696262807855,0.7558723220056031
3545,0.8913102955606625,0.2702993171796627,1.455696262807855,0.7558723220056037
3546,1.1352181106315091,0.6124444844009371,1.462910360901907,0.7558723220055997
3547,0.8816302987890697,0.2632023252383302,1.462910360901907,0.7558723220056006
3548,1.149421588487487,0.6058231510763563,1.4724018357623663,0.7558723220055963
3549,0.8714089891739168,0.25764878881084086,1.4724018357623663,0.755872322005597
3550,1.1639291354481687,0.600355770573925,1.4840926593175832,0.7558723220055924
3551,0.8606651593855864,0.2537609209612375,1.4840926593175832,0.7558723220055935
3552,1.1786774472844794,0.5960943317945258,1.4978891332231485,0.7558723220055883
3553,0.849419052425566,0.2516303978248976,1.4978891332231485,0.755872322005589
3554,1.1936046593153407,0.5930805548432665,1.513683974343284,0.755872322005584
3555,0.8376924296511541,0.25130975596174404,1.513683974343284,0.7558723220055849
3556,1.2086505575998259,0.5913446014402253,1.531358539272294,0.7558723220055794
3557,0.8255086476691319,0.2528070487702283,1.531358539272294,0.7558723220055804
3558,1.223756745480629,0.5909040979910977,1.550785087209085,0.7558723220055751
3559,0.8128927450463316,0.2560850003447073,1.550785087209085,0.7558723220055755
3560,1.238866771038,0.5917635471039474,1.571828992553611,0.7558723220055705
3561,0.7998715398335426,0.26106486148812336,1.571828992553611,0.7558723220055711
3562,1.253926220876129,0.5939141751687831,1.5943508352265738,0.7558723220055658
3563,0.7864737389244771,0.2676340538977259,1.5943508352265738,0.7558723220055662
3564,1.2688827853653777,0.597334228569011,1.618208315448761,0.7558723220055609
3565,0.7727300602604461,0.2756559402021245,1.618208315448761,0.7558723220055613
3566,1.2836863000606187,0.6019896941868529,1.6432579583903586,0.7558723220055562
3567,0.7586733688259232,0.2849799136758318,1.6432579583903586,0.7558723220055567
3568,1.2982887675544392,0.6078353865417768,1.669356591082297,0.7558723220055513
3569,0.7443388272358299,0.2954503791900416,1.669356591082297,0.7558723220055519
3570,1.3126443635394063,0.6148163187916001,1.6963625882457172,0.7558723220055464
3571,0.7297640614594928,0.30691381907750703,1.6963625882457172,0.7558723220055471
3572,1.3267094303722151,0.6228692607685375,1.7241368947789855,0.755872322005542
3573,0.7149893418158693,0.31922372928567233,1.7241368947789855,0.7558723220055426
3574,1.3404424609723942,0.6319243848325791,1.7525438405302127,0.7558723220055374
3575,0.7000577787543939,0.33224361949781617,1.7525438405302127,0.7558723220055378
3576,1.3538040754610585,0.6419069081772678,1.781451767971681,0.7558723220055332
3577,0.6850155320356354,0.34584847118371376,1.781451767971681,0.7558723220055337
3578,1.3667569925575986,0.6527386554981668,1.8107334959498989,0.7558723220055288
3579,0.6699120306597675,0.3599250892608861,1.8107334959498989,0.7558723220055289
3580,1.379265997407087,0.6626944294784944,1.8402666433453307,0.7558723220055245
3581,0.6548001991564036,0.37437173405138285,1.8402666433453307,0.7558723220055248
3582,1.3912979072088034,0.6628210164593021,1.8699338357602402,0.7558723220055205
3583,0.6397366835312301,0.38909733548735126,1.8699338357602402,0.7558723220055203
3584,1.402821535754944,0.6642038839664645,1.899622816722595,0.7558723220055167
3585,0.6247820671425727,0.40402050466457146,1.899622816722595,0.7558723220055167
3586,1.4138076577655991,0.666830182947813,1.929226482727016,0.7558723220055126
3587,0.6100010629451041,0.41906848454626294,1.929226482727016,0.7558723220055126
3588,1.4242289737179403,0.6706757732376071,1.9586428590213565,0.7558723220055094
3589,0.5954626638185421,0.4341761262566246,1.9586428590213565,0.7558723220055087
3590,1.4340600757106337,0.6757059154956027,1.9877750305998227,0.7558723220055057
3591,0.5812402271114381,0.44928493868210084,1.9877750305998227,0.755872322005505
3592,1.4432774147749792,0.6818762301966788,2.0165310405217602,0.7558723220055025
3593,0.5674114632402146,0.4643422336433579,2.0165310405217602,0.7558723220055018
3594,1.4518592699386186,0.6891338606580718,2.0448237655256434,0.7558723220054995
3595,0.5540582915970477,0.47930037311877893,2.0448237655256434,0.7558723220054989
3596,1.4597857192625148,0.6974187692863184,2.072570776995418,0.7558723220054965
3597,0.5412665208868068,0.494116115846908,2.072570776995418,0.755872322005496
3598,1.4670386130041835,0.7066650957533429,2.0996941936767595,0.7558723220054935
3599,0.5291253065290235,0.5087500558064605,2.0996941936767595,0.7558723220054934
3600,1.4736015490072398,0.7168025116592488,2.1261205311300095,0.7558723220054911
3601,0.5177263366287304,0.5111826214948623,2.1261205311300095,0.7558723220054907
3602,1.4794598503766965,0.72775751667272,2.1517805517282063,0.7558723220054888
3603,0.5071627024048472,0.5022780843413848,2.1517805517282063,0.7558723220054882
3604,1.4846005454691487,0.7394546341411289,2.176609118039954,0.7558723220054865
3605,0.4975274212578289,0.4929337393534562,2.176609118039954,0.7558723220054857
3606,1.4890123502051464,0.7518174778279226,2.200545051652112,0.7558723220054843
3607,0.4889116029676971,0.4831592726445647,2.200545051652112,0.7558723220054836
3608,1.4926856526961565,0.7647696742452268,2.2235309988604177,0.7558723220054824
3609,0.4814022828496243,0.4729649124341922,2.2235309988604177,0.7558723220054817
3610,1.495612500169309,0.7782356359928712,2.245513304162713,0.7558723220054805
3611,0.47507998894401393,0.4623614422496454,2.245513304162713,0.7558723220054802
3612,1.4977865881684038,0.7921411900827867,2.2664418921067795,0.755872322005479
3613,0.470016159301851,0.4513602181182946,2.2664418921067795,0.7558723220054786
3614,1.4992032520085703,0.8064140713278835,2.286270157753346,0.7558723220054777
3615,0.4662705725283887,0.439973190794037,2.286270157753346,0.7558723220054772
3616,1.4998594604636457,0.8209842947073769,2.3049548657972707,0.7558723220054764
3617,0.4638889896782307,0.4282129343527574,2.3049548657972707,0.7558723220054762
3618,1.4997538116691314,0.8357844225538591,2.3224560582319156,0.755872322005475
3619,0.46290121758701214,0.4160926828762302,2.3224560582319156,0.7558723220054752
3620,1.4988865312288358,0.8507497428733769,2.3387369703311043,0.7558723220054744
3621,0.4633197848771492,0.403626377456773,2.3387369703311043,0.7558723220054742
3622,1.4972594725195099,0.8658183745318714,2.3537639546498164,0.7558723220054733
3623,0.465139370543779,0.39082872644457256,2.3537639546498164,0.7558723220054733
3624,1.494876119194409,0.8809313137908279,2.3675064127007923,0.7558723220054727
3625,0.4683370477217999,0.37771528279539984,2.3675064127007923,0.7558723220054727
3626,1.4917415898932427,0.8960324350513287,2.3799367339428708,0.7558723220054723
3627,0.4728733157669411,0.3643025436582124,2.3799367339428708,0.755872322005472
3628,1.4878626451719785,0.9110684568934849,2.3910302417129516,0.7558723220054718
3629,0.4786938095749847,0.3506080791152989,2.3910302417129516,0.7558723220054716
3630,1.483247696670877,0.9259888827340557,2.4007651457427226,0.7558723220054714
3631,0.48573151196047987,0.3366506994657279,2.4007651457427226,0.7558723220054712
3632,1.477906818542373,0.9407459237693181,2.409122500920458,0.7558723220054714
3633,0.4939092626641107,0.3224506739431996,2.409122500920458,0.7558723220054712
3634,1.4718517611614457,0.9552944103797961,2.4160861719847575,0.7558723220054714
3635,0.503142357723424,0.30803001875800523,2.4160861719847575,0.7558723220054709
3636,1.4650959671390646,0.9695916968737143,2.4216428038690028,0.7558723220054714
3637,0.513341059797514,0.29341287957095763,2.4216428038690028,0.755872322005471
3638,1.4576545896534903,0.9835975633410526,2.4257817974511515,0.7558723220054713
3639,0.5244128835393768,0.27862604404734853,2.4257817974511515,0.7558723220054708
3640,1.4495445131034885,0.9972741174703729,2.4284952905020663,0.7558723220054716
3641,0.5362645694321898,0.26369963569832244,2.4284952905020663,0.7558723220054709
3642,1.4407843760708787,1.0105856984291337,2.429778143666064,0.7558723220054722
3643,0.548803705777468,0.24866806341800612,2.429778143666064,0.7558723220054708
3644,1.431394596555792,1.0234987843044476,2.4296279313491893,0.7558723220054722
3645,0.5619399961646631,0.23357133601290067,2.4296279313491893,0.755872322005471
3646,1.421397399415052,1.0359819041237879,2.428044937433292,0.7558723220054724
3647,0.5755861965021103,0.21845690376325838,2.428044937433292,0.7558723220054714
3648,1.410816845890279,1.0480055551035878,2.4250321557771564,0.7558723220054727
3649,0.5896587618264147,0.20338226876565982,2.4250321557771564,0.7558723220054716
3650,1.3996788650555403,1.0595421254893103,2.420595295509207,0.755872322005473
3651,0.6040782504088403,0.18841872496445639,2.420595295509207,0.7558723220054722
3652,1.3880112869421162,1.0705658231369926,2.4147427911596386,0.7558723220054735
3653,0.6187695334985093,0.17365676134386457,2.4147427911596386,0.7558723220054726
3654,1.3758438770074255,1.0810526098294668,2.407485817722843,0.755872322005474
3655,0.6336618556820094,0.15921389280045448,2.407485817722843,0.7558723220054734
3656,1.3632083715032441,1.0880057921478623,2.3988383107835065,0.7558723220054746
3657,0.6486887852015574,0.14524593251008996,2.3988383107835065,0.7558723220054737
3658,1.3501385131615924,1.0896062125980928,2.3888169918812654,0.7558723220054746
3659,0.6637880870574295,0.13196279355368057,2.3888169918812654,0.7558723220054744
3660,1.33667008645146,1.0905037066596734,2.3774413993290224,0.7558723220054754
3661,0.6789015452444448,0.11964918353902787,2.3774413993290224,0.755872322005475
3662,1.3228409514621156,1.0906967284563553,2.364733924738066,0.7558723220054762
3663,0.693974754568738,0.108687437523419,2.364733924738066,0.7558723220054756
3664,1.3086910752354304,1.0901849458321162,2.3507198555382596,0.7558723220054768
3665,0.7089568974113186,0.09957123397612906,2.3507198555382596,0.7558723220054764
3666,1.2942625590971932,1.0889692397147686,2.335427423812527,0.7558723220054772
3667,0.72380051661595,0.09288318817216537,2.335427423812527,0.7558723220054772
3668,1.2795996602232464,1.087051705805131,2.3188878617900066,0.7558723220054782
3669,0.738461292338735,0.08919773256249504,2.3188878617900066,0.7558723220054778
3670,1.2647488053192697,1.0844356586130866,2.3011354643596045,0.7558723220054785
3671,0.752897828107787,0.08890293525889306,2.3011354643596045,0.7558723220054782
3672,1.2497585938940383,1.0811256378913274,2.282207658972452,0.7558723220054796
3673,0.7670714493849139,0.09203242859977692,2.282207658972452,0.7558723220054789
3674,1.2346797881687896,1.0771274175473804,2.2621450832945587,0.7558723220054803
3675,0.7809460164785372,0.09824903177205023,2.2621450832945587,0.7558723220054794
3676,1.2195652861978918,1.0724480171447437,2.2409916709453523,0.7558723220054808
3677,0.794487752619932,0.10699587752750118,2.2409916709453523,0.7558723220054798
3678,1.2044700742916117,1.0670957161347936,2.218794745608268,0.7558723220054817
3679,0.8076650872905609,0.11768235879796174,2.218794745608268,0.7558723220054807
3680,1.1894511543506316,1.0610800709925785,2.1956051237192145,0.7558723220054819
3681,0.8204485144003492,0.12979656611017246,2.1956051237192145,0.7558723220054812
3682,1.1745674412726417,1.0544119354617467,2.1714772258190798,0.7558723220054828
3683,0.8328104646041204,0.14293769288639918,2.1714772258190798,0.7558723220054819
3684,1.1598796252121275,1.0471034841465352,2.14646919648705,0.7558723220054833
3685,0.8447251908583455,0.15680603796523646,2.14646919648705,0.7558723220054823
3686,1.1454499932144575,1.0391682397217623,2.120643032539761,0.7558723220054835
3687,0.8561686662263045,0.1711805797386557,2.120643032539761,0.7558723220054833
3688,1.1313422046645103,1.030621104064733,2.09406471887223,0.7558723220054842
3689,0.8671184929091517,0.18589757873174434,2.09406471887223,0.7558723220054838
3690,1.1176210151582613,1.0214783936452432,2.0668043709123882,0.7558723220054844
3691,0.8775538214927553,0.20083392876017622,2.0668043709123882,0.7558723220054843
3692,1.104351943899899,1.0117578795404942,2.038936382141535,0.755872322005485
3693,0.8874552794406059,0.2158951884007727,2.038936382141535,0.7558723220054846
3694,1.0916008806259994,1.0014788324694113,2.0105395744752,0.7558723220054855
3695,0.8968049079207614,0.23100724378610435,2.0105395744752,0.7558723220054853
3696,1.079433629434729,0.9906620732636454,1.9816973484777625,0.7558723220054859
3697,0.9055861061220942,0.24611055452481564,1.9816973484777625,0.7558723220054859
3698,1.067915388807591,0.979330029207927,1.95249782937361,0.7558723220054865
3699,0.9137835822867509,0.2611561747589411,1.95249782937361,0.7558723220054859
3700,1.057110169578716,0.9675067966869292,1.9230340035923355,0.7558723220054869
3701,0.9213833107581179,0.27610298060319766,1.9230340035923355,0.7558723220054867
3702,1.0470801556110887,0.9552182105648355,1.8934038391235308,0.7558723220054872
3703,0.9283724944144072,0.29091571789829296,1.8934038391235308,0.7558723220054872
3704,1.037885015398499,0.9424919206913677,1.8637103812439775,0.7558723220054874
3705,0.9347395319257766,0.3055636114822717,1.8637103812439775,0.7558723220054872
3706,1.0295811765722274,0.9293574758663365,1.8340618132158226,0.7558723220054879
3707,0.940473989336893,0.3200193626190976,1.8340618132158226,0.7558723220054876
3708,1.0222210791212964,0.9158464154938435,1.804571469359539,0.7558723220054878
3709,0.9455665755366583,0.33425841780727766,1.804571469359539,0.7558723220054882
3710,1.0158524267321598,0.9019923690044499,1.7753577855327156,0.7558723220054883
3711,0.9500091212324182,0.3482584296034364,1.7753577855327156,0.755872322005488
3712,1.010517458663972,0.887831162903143,1.7465441695916564,0.7558723220054889
3713,0.9537945610974766,0.36199885494592215,1.7465441695916564,0.7558723220054887
3714,1.0062522666272822,0.8734009349933353,1.7182587720318563,0.7558723220054889
3715,0.956916918808472,0.3754606531026655,1.7182587720318563,0.7558723220054887
3716,1.0030861818840417,0.8587422549089233,1.6906341349219092,0.755872322005489
3717,0.9593712947334544,0.3886260566191125,1.6906341349219092,0.7558723220054892
3718,1.0010412569740148,0.8438982495298778,1.6638066957724007,0.7558723220054894
3719,0.9611538560727915,0.40147839633296994,1.6638066957724007,0.7558723220054892
3720,1.0001318639691084,0.8289147311300921,1.6379161225134355,0.7558723220054894
3721,0.9622618292937379,0.4140019668383956,1.6379161225134355,0.7558723220054898
3722,1.0003644270064778,0.8138403251742726,1.6131044567678758,0.7558723220054897
3723,0.962693494736111,0.4261819224977918,1.6131044567678758,0.7558723220054899
3724,1.0017373012848079,0.7987265935071842,1.5895150456307907,0.7558723220054899
3725,0.9624481833014464,0.43800419672500474,1.5895150456307907,0.75587232200549
3726,1.004240804130984,0.7836281472295257,1.567291247727029,0.75587232200549
3727,0.9615262751717704,0.4375346200920071,1.567291247727029,0.7558723220054903
3728,1.007857396691946,0.7686027418041519,1.5465749078607312,0.7558723220054904
3729,0.9599292005371144,0.42242188135606373,1.5465749078607312,0.7558723220054905
3730,1.0125620078771642,0.7537113448753006,1.5275046063347146,0.7558723220054905
3731,0.9576594423436278,0.40735526616020457,1.5275046063347146,0.7558723220054904
3732,1.0183224859529045,0.7390181649326842,1.5102137039070531,0.7558723220054903
3733,0.9547205411070145,0.39239836528933425,1.5102137039070531,0.7558723220054907
3734,1.0251001581596084,0.7245906263793572,1.494828220793719,0.7558723220054907
3735,0.951117101869526,0.37762215910595,1.494828220793719,0.7558723220054905
3736,1.0328504752262855,0.7104992739030208,1.4814646069678246,0.7558723220054908
3737,0.9468548034133037,0.36310602801560526,1.4814646069678246,0.7558723220054905
3738,1.041523715845612,0.6968175865332458,1.4702274794943317,0.7558723220054907
3739,0.9419404098789668,0.348938801943838,1.4702274794943317,0.7558723220054906
3740,1.05106572602087,0.6836216797365945,1.4612074185216692,0.7558723220054908
3741,0.9363817849764264,0.3352197723217577,1.4612074185216692,0.7558723220054904
3742,1.0614186695131622,0.6709898728352532,1.4544789243321,0.7558723220054907
3743,0.9301879090154329,0.32205953863892844,1.4544789243321,0.7558723220054906
3744,1.0725217681034533,0.6590020995417791,1.4500986411887786,0.7558723220054903
3745,0.92336889902679,0.3095804922052234,1.4500986411887786,0.7558723220054907
3746,1.0843120136778983,0.6477391421916511,1.4481039479048576,0.7558723220054904
3747,0.9159360322919022,0.29791665506848136,1.4481039479048576,0.7558723220054907
3748,1.0967248378771448,0.6372816760550555,1.44851199949336,0.7558723220054904
3749,0.9079017736487639,0.28721250465555903,1.44851199949336,0.7558723220054905
3750,1.1096947288845138,0.6277091195289191,1.451319279736722,0.7558723220054903
3751,0.8992798069969414,0.2776203537566404,1.451319279736722,0.7558723220054908
3752,1.1231557885892816,0.6190982993392401,1.4565016932863362,0.7558723220054901
3753,0.8900850714827522,0.2692958713292053,1.4565016932863362,0.7558723220054909
3754,1.1370422266497737,0.6115219568519678,1.464015191368228,0.7558723220054901
3755,0.8803338029087059,0.2623914890013016,1.464015191368228,0.755872322005491
3756,1.1512887907729346,0.6050471411390314,1.4737968913262829,0.75587232200549
3757,0.8700435809780831,0.25704779875544914,1.4737968913262829,0.7558723220054906
3758,1.1658311347669887,0.5997335545943357,1.4857666209497982,0.7558723220054898
3759,0.8592333830556277,0.25338360637707186,1.4857666209497982,0.7558723220054909
3760,1.180606127611268,0.5956319348052552,1.499828796868783,0.75587232200549
3761,0.8479236451974738,0.2514859410768263,1.499828796868783,0.7558723220054905
3762,1.1955521079613873,0.592782568707642,1.515874534028598,0.75587232200549
3763,0.8361363312755706,0.25140178047637574,1.515874534028598,0.7558723220054908
3764,1.2106090892327819,0.59121403855643,1.533783880679201,0.7558723220054898
3765,0.823895011090807,0.2531332392282125,1.533783880679201,0.7558723220054905
3766,1.225718920757525,0.5909422916416012,1.5534280794101973,0.7558723220054897
3767,0.811224948430014,0.2566373466826767,1.5534280794101973,0.7558723220054905
3768,1.240825410567172,0.5919701064108439,1.5746717675547677,0.7558723220054895
3769,0.7981532000681164,0.2618304674412119,1.5746717675547677,0.7558723220054903
3770,1.2558744151926546,0.5942869983595155,1.5973750473271542,0.7558723220054893
3771,0.7847087267381015,0.26859632467544975,1.5973750473271542,0.7558723220054905
3772,1.2708139015570996,0.5978695734547261,1.621395374897912,0.7558723220054897
3773,0.7709225170744785,0.27679590984716895,1.621395374897912,0.7558723220054903
3774,1.2855939856244056,0.6026823001164817,1.6465892361448302,0.7558723220054894
3775,0.7568277254617292,0.28627749704832134,1.6465892361448302,0.75587232200549
3776,1.300166952000062,0.6086786382907038,1.6728135934915256,0.7558723220054893
3777,0.742459824562476,0.29688540708752825,1.6728135934915256,0.7558723220054899
3778,1.3144872581953173,0.6158024403594382,1.699927102112182,0.7558723220054892
3779,0.7278567730268181,0.30846679821376294,1.699927102112182,0.7558723220054896
3780,1.3285115267862695,0.6239895261034374,1.7277911044423784,0.755872322005489
3781,0.7130591984501228,0.32087633383310843,1.7277911044423784,0.7558723220054897
3782,1.3421985282430717,0.6331693329898349,1.756270419426465,0.7558723220054888
3783,0.6981105949942578,0.33397895805388633,1.756270419426465,0.7558723220054895
3784,1.3555091567820972,0.6432665520533409,1.7852339475759913,0.7558723220054889
3785,0.6830575341448025,0.3476511859426611,1.7852339475759913,0.7558723220054892
3786,1.3684064012117323,0.6542026756327446,1.814555115194295,0.7558723220054886
3787,0.6679498857559054,0.36178134156557923,1.814555115194295,0.7558723220054893
3788,1.3808553124029455,0.6626397537881898,1.8441121815755586,0.755872322005489
3789,0.6528410447309787,0.37626912059330087,1.8441121815755586,0.7558723220054892
3790,1.3928229687188307,0.6629297170740017,1.8737884321279066,0.7558723220054888
3791,0.6377881562846839,0.3910247677848279,1.8737884321279066,0.7558723220054892
3792,1.404278440481171,0.6644749473989011,1.9034722786504712,0.7558723220054887
3793,0.6228523296094363,0.40596807399248935,1.9034722786504712,0.7558723220054894
3794,1.4151927543337726,0.6672611018209613,1.9330572857809152,0.7558723220054887
3795,0.6080988258217372,0.4210273262821901,1.9330572857809152,0.7558723220054889
3796,1.42553885817848,0.6712626191378506,1.9624421402026722,0.7558723220054887
3797,0.5935972012282543,0.4361382917045979,1.9624421402026722,0.7558723220054889
3798,1.4352915872066012,0.6764434495834204,1.9915305767605571,0.7558723220054883
3799,0.5794213812591804,0.45124327846126944,1.9915305767605571,0.7558723220054889
3800,1.4444276314222457,0.6827580441000832,2.0202312733126955,0.7558723220054884
3801,0.5656496340588062,0.46629029420578677,2.0202312733126955,0.755872322005489
3802,1.4529255049512981,0.6901525387373904,2.048457724026116,0.7558723220054883
3803,0.552364406144619,0.4812323064546847,2.048457724026116,0.7558723220054887
3804,1.4607655173469922,0.6985660628953858,2.076128098943397,0.7558723220054879
3805,0.5396519765488833,0.4960266016054132,2.076128098943397,0.7558723220054887
3806,1.4679297470374386,0.7079321005558236,2.103165096021027,0.7558723220054876
3807,0.5276018817004433,0.5106342346588614,2.103165096021027,0.7558723220054887
3808,1.4744020170092316,0.7181798401960368,2.129495790460591,0.7558723220054878
3809,0.5163060627580117,0.5100520175412339,2.129495790460591,0.7558723220054888
3810,1.4801678727821055,0.729235459961897,2.1550514850041727,0.7558723220054877
3811,0.5058576923820927,0.501089867086032,2.1550514850041727,0.7558723220054887
3812,1.4852145627005002,0.7410233078651218,2.1797675639220317,0.7558723220054876
3813,0.4963496514207603,0.4916891357764958,2.1797675639220317,0.7558723220054887
3814,1.4895310205470274,0.7534669504002944,2.203583352657788,0.7558723220054876
3815,0.4878726497025893,0.48185957946215763,2.203583352657788,0.7558723220054887
3816,1.4931078504687698,0.7664900755909412,2.226441984488154,0.7558723220054878
3817,0.48051301987281153,0.47161149761754806,2.226441984488154,0.7558723220054885
3818,1.4959373141987444,0.7800172471276929,2.248290275076406,0.7558723220054879
3819,0.47435025751196924,0.4609557470114012,2.248290275076406,0.7558723220054885
3820,1.4980133205506905,0.7939745145067001,2.26907860542901,0.7558723220054876
3821,0.46945443001637066,0.44990375948795086,2.26907860542901,0.7558723220054885
3822,1.499331417164643,0.8082898898662968,2.288760813483891,0.7558723220054878
3823,0.46588362286131396,0.43846756493755484,2.288760813483891,0.7558723220054885
3824,1.4998887844827553,0.8228937057831662,2.307294094349754,0.7558723220054878
3825,0.4636816244041867,0.42665982083543397,2.307294094349754,0.7558723220054883
3826,1.4996842319388282,0.8377188700073179,2.3246389090646735,0.7558723220054876
3827,0.46287605871767423,0.41449385012643014,2.3246389090646735,0.7558723220054885
3828,1.4987181963504268,0.8527010334225462,2.3407589016369252,0.7558723220054877
3829,0.4634771528077657,0.40198368976638,2.3407589016369252,0.7558723220054885
3830,1.4969927425087333,0.8677786868342686,2.3556208240619934,0.7558723220054878
3831,0.465477269324026,0.3891441529478227,2.3556208240619934,0.7558723220054882
3832,1.4945115659679284,0.8828932008724224,2.369194468969005,0.7558723220054882
3833,0.46885125608201306,0.3759909090120163,2.369194468969005,0.755872322005488
3834,1.4912799980423919,0.897988821643012,2.381452609531034,0.7558723220054878
3835,0.47355757392858977,0.36254058638542314,2.381452609531034,0.755872322005488
3836,1.487305013025896,0.9130126329832025,2.392370946271676,0.7558723220054879
3837,0.47954008220902006,0.3488109057296209,2.392370946271676,0.755872322005488
3838,1.4825952376516849,0.9279144944201566,2.4019280604110422,0.7558723220054877
3839,0.48673030161210185,0.33482085308373916,2.4019280604110422,0.7558723220054878
3840,1.477160962815351,0.9426469622970776,2.410105373414554,0.7558723220054878
3841,0.4950499462121468,0.3205909064422618,2.410105373414554,0.7558723220054876
3842,1.471014157583047,0.957165200063334,2.416887112435266,0.7558723220054879
3843,0.5044135206069527,0.30614333445049613,2.416887112435266,0.7558723220054876
3844,1.4641684855051238,0.9714268824512116,2.4222602813729743,0.7558723220054876
3845,0.5147308076853582,0.29150259347696955,2.4222602813729743,0.7558723220054875
3846,1.4566393232488632,0.9853920971816317,2.426214637309593,0.7558723220054878
3847,0.5259091174080919,0.2766958604020397,2.426214637309593,0.7558723220054875
3848,1.4484437815525775,0.9990232469443928,2.428742672119153,0.7558723220054875
3849,0.5378552163501097,0.261753754840588,2.428742672119153,0.7558723220054876
3850,1.4396007284858154,1.012284953667397,2.4298395990914905,0.7558723220054877
3851,0.550476903144358,0.24671132896875933,2.4298395990914905,0.7558723220054877
3852,1.4301308149753258,1.0251439665031576,2.4295033444505894,0.7558723220054876
3853,0.5636842312586926,0.23160943992766816,2.4295033444505894,0.7558723220054877
3854,1.420056502522143,1.037569074498316,2.4277345436912787,0.7558723220054876
3855,0.5773904058524941,0.2164966754344033,2.4277345436912787,0.755872322005488
3856,1.4094020929898254,1.0495310245526344,2.4245365427011,0.7558723220054877
3857,0.5915123963290784,0.2014320872878025,2.4245365427011,0.7558723220054879
3858,1.39819376028521,1.0610024449996578,2.419915403677532,0.7558723220054876
3859,0.6059713125235817,0.18648911278537902,2.419915403677532,0.7558723220054879
3860,1.3864595836785982,1.0719577749357623,2.4138799158940034,0.7558723220054874
3861,0.6206925926208604,0.17176124436260604,2.4138799158940034,0.7558723220054877
3862,1.3742295824171789,1.0823731992739463,2.4064416114111458,0.7558723220054875
3863,0.6356060471450387,0.15737024518083187,2.4064416114111458,0.7558723220054878
3864,1.3615357511705386,1.0882531317709403,2.3976147858720718,0.7558723220054875
3865,0.6506457975426755,0.143477951242551,2.3976147858720718,0.7558723220054877
3866,1.3484120957068864,1.089762445595716,2.387416524561921,0.7558723220054874
3867,0.6657501413277234,0.13030272024352355,2.387416524561921,0.7558723220054873
3868,1.3348946680294314,1.0905685637587337,2.3758667339518116,0.7558723220054874
3869,0.680861369331787,0.11814067126187897,2.3758667339518116,0.7558723220054877
3870,1.3210216000004804,1.090670098037083,2.362988178985108,0.7558723220054875
3871,0.6959255547971805,0.1073882367230112,2.362988178985108,0.7558723220054878
3872,1.3068331342425963,1.0900668737141532,2.3488065263985534,0.7558723220054876
3873,0.7108923290853353,0.09855310787308268,2.3488065263985534,0.7558723220054877
3874,1.2923716508284147,1.0887599292449195,2.333350394401108,0.7558723220054877
3875,0.7257146546983274,0.09222428684510335,2.333350394401108,0.7558723220054878
3876,1.2776816879510353,1.0867515182479013,2.3166514090576387,0.7558723220054879
3877,0.740348603074879,0.08896326261728915,2.3166514090576387,0.7558723220054876
3878,1.2628099544043538,1.0840451138489278,2.298744267740699,0.7558723220054879
3879,0.7547531421221296,0.08911961326608203,2.298744267740699,0.7558723220054876
3880,1.247805331298444,1.0806454154313674,2.2796668100188655,0.755872322005488
3881,0.768889936561279,0.09267549488509015,2.2796668100188655,0.7558723220054876
3882,1.2327188599934462,1.0765583578772957,2.259460096340738,0.7558723220054883
3883,0.7827231627809358,0.09925433518354101,2.259460096340738,0.7558723220054876
3884,1.217603712764878,1.071791123414415,2.2381684948453384,0.7558723220054878
3885,0.7962193389003622,0.10828533458061208,2.2381684948453384,0.7558723220054878
3886,1.2025151422280118,1.0663521562144165,2.2158397765765625,0.7558723220054882
3887,0.8093471700551582,0.11918373659543346,2.2158397765765625,0.7558723220054878
3888,1.1875104050701506,1.0602511799200445,2.1925252192943936,0.7558723220054883
3889,0.8220774084558908,0.13145152264953827,2.1925252192943936,0.755872322005488
3890,1.172648655196996,1.0534992183103247,2.1682797199501094,0.7558723220054882
3891,0.8343827274765397,0.14470205754980642,2.1682797199501094,0.7558723220054883
3892,1.1579908010325999,1.0461086193461435,2.143161915715994,0.7558723220054882
3893,0.8462376088582364,0.15864717358104746,2.143161915715994,0.7558723220054882
3894,1.143599321471982,1.0380930828714312,2.1172343132191678,0.7558723220054883
3895,0.8576182420293335,0.17307440367762839,2.1172343132191678,0.7558723220054884
3896,1.1295380349328403,1.0294676922780912,2.0905634253088134,0.7558723220054879
3897,0.8685024345188455,0.18782611485178202,2.0905634253088134,0.7558723220054885
3898,1.1158718161588168,1.0202489504749546,2.0632199142681578,0.7558723220054882
3899,0.8788695324570573,0.2027835087501319,2.0632199142681578,0.7558723220054889
3900,1.1026662559690608,1.0104548205313717,2.0352787398464796,0.7558723220054882
3901,0.8887003502002983,0.21785518873306028,2.0352787398464796,0.7558723220054888
3902,1.0899872601059044,1.000104771393208,2.0068193098088223,0.7558723220054879
3903,0.8979771081761706,0.232969212783372,2.0068193098088223,0.7558723220054888
3904,1.0779005847754644,0.9892198290910068,1.9779256298568422,0.7558723220054882
3905,0.9066833781136496,0.24806760992650392,1.9779256298568422,0.755872322005489
3906,1.0664713084573743,0.9778226338742678,1.9486864487371827,0.7558723220054884
3907,0.9148040348943692,0.26310258549493787,1.9486864487371827,0.7558723220054887
3908,1.055763242099357,0.9659375037085649,1.919195393098885,0.7558723220054885
3909,0.9223252143337141,0.27803387363723386,1.919195393098885,0.755872322005489
3910,1.045838282881874,0.9535905045588426,1.8895510851674242,0.7558723220054884
3911,0.9292342762708209,0.2928268703970775,1.8895510851674242,0.7558723220054892
3912,1.036755720246859,0.9408095278464832,1.8598572345572377,0.7558723220054886
3913,0.9355197724139376,0.30745130171385127,1.8598572345572377,0.7558723220054892
3914,1.0285715066684904,0.9276243754015612,1.8302226935487227,0.7558723220054883
3915,0.9411714184510489,0.32188026171724377,1.8302226935487227,0.7558723220054892
3916,1.0213375094619868,0.9140668521248122,1.8007614629340252,0.7558723220054882
3917,0.9461800699949469,0.33608951030947637,1.8007614629340252,0.7558723220054889
3918,1.0151007634680587,0.9001708664132086,1.7715926331460712,0.7558723220054882
3919,0.9505377019869701,0.3500569544934165,1.7715926331460712,0.7558723220054888
3920,1.0099027473574018,0.8859725381724313,1.7428402429306242,0.7558723220054885
3921,0.954237391234645,0.36376226148247304,1.7428402429306242,0.7558723220054887
3922,1.0057787082005325,0.8715103139189765,1.7146330354646355,0.7558723220054885
3923,0.9572733018057095,0.37718656743420986,1.7146330354646355,0.7558723220054888
3924,1.0027570595078643,0.8568250880401486,1.6871040898023297,0.7558723220054887
3925,0.9596406730448851,0.3903122563524307,1.6871040898023297,0.7558723220054886
3926,1.000858876916549,0.8419603287034012,1.6603903041636703,0.7558723220054887
3927,0.9613358100206807,0.40312279102877263,1.6603903041636703,0.7558723220054885
3928,1.000097512976825,0.8269622061551597,1.6346317072758523,0.7558723220054886
3929,0.9623560762479271,0.41560258296607694,1.6346317072758523,0.7558723220054887
3930,1.0004783481391788,0.8118797201879988,1.6099705752222817,0.7558723220054888
3931,0.9626998885680976,0.42773689177543117,1.6099705752222817,0.7558723220054887
3932,1.0019986893197628,0.7967648223476347,1.586550334577369,0.7558723220054885
3933,0.9623667141042365,0.43951174705070084,1.586550334577369,0.7558723220054885
3934,1.0046478207503364,0.7816725269642294,1.5645142385317312,0.7558723220054885
3935,0.9613570692409359,0.43557251966020805,1.5645142385317312,0.7558723220054889
3936,1.0084072047482744,0.7666610033016581,1.544003811664671,0.7558723220054885
3937,0.9596725206127524,0.4204624124198026,1.544003811664671,0.7558723220054885
3938,1.013250823172776,0.7517916390177474,1.5251570712048534,0.7558723220054885
3939,0.957315688117158,0.40540629888947705,1.5251570712048534,0.7558723220054885
3940,1.0191456442392257,0.7371290627438212,1.50810654788464,0.7558723220054887
3941,0.9542902500010604,0.3904686744858892,1.50810654788464,0.7558723220054883
3942,1.0260521945173737,0.722741110998353,1.4929771471949103,0.7558723220054885
3943,0.9506009501035395,0.37572155143496455,1.4929771471949103,0.7558723220054879
3944,1.0339252126558405,0.7086987219935601,1.479883910754265,0.7558723220054885
3945,0.9462536073721831,0.36124547723349504,1.479883910754265,0.755872322005488
3946,1.042714359785811,0.6950757364175907,1.4689297557922136,0.7558723220054883
3947,0.9412551278067388,0.3471305845017656,1.4689297557922136,0.7558723220054878
3948,1.0523649616085113,0.6819485833397309,1.460203286108482,0.7558723220054885
3949,0.9356135190221755,0.3334775900178606,1.460203286108482,0.7558723220054882
3950,1.0628187586589046,0.6693958284868703,1.4537767778084092,0.755872322005488
3951,0.9293379076641257,0.32039860700455247,1.4537767778084092,0.7558723220054878
3952,1.0740146438500349,0.6574975629012112,1.4497044453401313,0.7558723220054885
3953,0.9224385599535116,0.30801756303737376,1.4497044453401313,0.7558723220054882
3954,1.085889369773795,0.6463346131287887,1.4480210862870209,0.7558723220054885
3955,0.9149269056843525,0.29646992990464843,1.4480210862870209,0.755872322005488
3956,1.0983782119972465,0.6359875603281168,1.4487411865632356,0.7558723220054883
3957,0.9068155660496949,0.28590138573176455,1.4487411865632356,0.7558723220054882
3958,1.1114155784194115,0.626535565608368,1.4518585421140564,0.7558723220054883
3959,0.8981183857255938,0.27646497539746784,1.4518585421140564,0.7558723220054883
3960,1.1249355583760168,0.6180550127378455,1.4573464213536684,0.755872322005488
3961,0.8888504697022674,0.2683163658182142,1.4573464213536684,0.7558723220054879
3962,1.1388724084091297,0.6106179967453138,1.4651582578979996,0.755872322005488
3963,0.879028225414953,0.26160697561277724,1.4651582578979996,0.7558723220054882
3964,1.153160974340761,0.6042907066947228,1.4752288296897424,0.755872322005488
3965,0.8686694107942685,0.2564751471823305,1.4752288296897424,0.755872322005488
3966,1.1677370514567669,0.5991317709475215,1.4874758521682199,0.7558723220054884
3967,0.8577931889263443,0.2530361082081838,1.4874758521682199,0.7558723220054883
3968,1.1825376862253396,0.5951906506062478,1.5018018926232624,0.7558723220054882
3969,0.8464201900852563,0.2513720990326553,1.5018018926232624,0.7558723220054879
3970,1.1975014240861672,0.5925061781819153,1.5180965018725112,0.7558723220054884
3971,0.8345725819722464,0.25152445563770087,1.5180965018725112,0.755872322005488
3972,1.2125685085183326,0.5911053406897296,1.5362384580333905,0.7558723220054884
3973,0.8222741490644107,0.2534893501053404,1.5362384580333905,0.755872322005488
3974,1.2276810369043305,0.5910023972487436,1.556098024252592,0.7558723220054883
3975,0.8095503820350386,0.2572181930351813,1.556098024252592,0.7558723220054882
3976,1.2427830787328462,0.5921984005498689,1.5775391357419302,0.755872322005488
3977,0.7964285782512907,0.2626226004865176,1.5775391357419302,0.7558723220054883
3978,1.2578207614978048,0.5946811611887138,1.6004214488783937,0.7558723220054885
3979,0.7829379543721898,0.26958276660800523,1.6004214488783937,0.7558723220054883
3980,1.2727423293204156,0.5984256578080607,1.6246022040344734,0.7558723220054885
3981,0.76910977204667,0.2779574823113148,1.6246022040344734,0.7558723220054883
3982,1.287498178898693,0.6033948595068684,1.6499378721720632,0.7558723220054886
3983,0.7549774776281251,0.28759405113636344,1.6499378721720632,0.7558723220054885
3984,1.3020408769184115,0.609540895395639,1.676285571583798,0.7558723220054882
3985,0.7405768566521258,0.29833682439904813,1.676285571583798,0.7558723220054883
3986,1.3163251625735812,0.6168064837519907,1.703504254628112,0.7558723220054887
3987,0.7259462035325673,0.31003371454310047,1.703504254628112,0.7558723220054882
3988,1.3303079383671885,0.625126522232568,1.7314556745446337,0.7558723220054885
3989,0.711126506472569,0.3225405986032519,1.7314556745446337,0.7558723220054883
3990,1.3439482519104835,0.6344297410735811,1.7600051495347313,0.7558723220054887
3991,0.6961616469008776,0.33572387623735167,1.7600051495347313,0.7558723220054883
3992,1.3572072710216962,0.6446403313002405,1.789022145599926,0.7558723220054885
3993,0.6810986117583121,0.34946159959410855,1.789022145599926,0.7558723220054884
3994,1.3700482540483558,0.6556794766186815,1.8183807016438973,0.7558723220054884
3995,0.665987715581464,0.36364360411949626,1.8183807016438973,0.7558723220054882
3996,1.38243651700344,0.6626062872446298,1.8479597205986793,0.7558723220054883
3997,0.650882827456401,0.37817100669646925,1.8479597205986793,0.7558723220054886
3998,1.394339398814051,0.6630595811556887,1.8776431493413304,0.7558723220054884
3999,0.6358415954257054,0.39295534983258273,1.8776431493413304,0.7558723220054888
4000,1.3826668235203678,0.9293806449108888,1.4882869587047667,0.0
4001,1.8827714987540363,0.45283554377580437,1.4882869587047667,0.0
4002,1.381851214362742,0.9285104492566745,1.4883000739507786,0.07719810805827436
4003,1.88372587505653,0.4537562315456053,1.4883000739507786,0.06751338583249225
4004,1.380808473435185,0.9265607217549702,1.487531911850363,0.12065825942934384
4005,1.8853256173801953,0.45572965942800275,1.487531911850363,0.12075324087082867
4006,1.3797501746179246,0.9236513368595586,1.48560164034671,0.16677241880614552
4007,1.8871225302239985,0.4585092134000908,1.48560164034671,0.16346544500534696
4008,1.3786298078414314,0.9198076015230428,1.4830912397113254,0.21289685539273023
4009,1.8895902908278814,0.46228177083545535,1.4830912397113254,0.21423172442955293
4010,1.3773945633784446,0.9150544753117255,1.4796532956720232,0.25789991251737315
4011,1.8923786370558833,0.4668764978429649,1.4796532956720232,0.25937968348420926
4012,1.3759953959824902,0.9094197150313625,1.475835398672863,0.30137019363805234
4013,1.8959069921620773,0.4724169510458101,1.475835398672863,0.3038246349477435
4014,1.3743872444515364,0.9029338238290044,1.471243320879289,0.3431430716075609
4015,1.8997941377502559,0.4787553166772237,1.471243320879289,0.3469159777318181
4016,1.3725288512634355,0.8956299324281207,1.465035507571639,0.38315298877877046
4017,1.903321436229023,0.4857340956166814,1.465035507571639,0.39842933916851847
4018,1.371959053382569,0.8873430496366191,1.4575296158244395,0.44778622621913894
4019,1.9070731649806558,0.49345993954559525,1.4575296158244395,0.4439697652176754
4020,1.3699970375164177,0.878343703012634,1.4511953588322182,0.4652950202533517
4021,1.9124704784394215,0.5023058813222652,1.4511953588322182,0.4746261879548521
4022,1.3688665938328182,0.8684552223117599,1.443120490252914,0.5218857122429885
4023,1.9175539000421518,0.5117009810800991,1.443120490252914,0.5198191973030027
4024,1.3663739509577624,0.8579138611261394,1.4359037061513165,0.5413195616997861
4025,1.9239198000368751,0.522071631192097,1.4359037061513165,0.5511304488664848
4026,1.363179368054643,0.8467378090377035,1.4291699940689955,0.5737166524122271
4027,1.9312943222011056,0.5332879421300917,1.4291699940689955,0.5850617598187399
4028,1.3597501115916597,0.8349358629139274,1.4221423723726268,0.6047507074412515
4029,1.9390643579370686,0.5451447548312498,1.4221423723726268,0.6173773281844065
4030,1.3560741018015974,0.8225425393622633,1.413879565985753,0.6342367655089489
4031,1.9464310675602954,0.5575197173371984,1.413879565985753,0.6574391239398387
4032,1.3533458585991094,0.8091735333737177,1.40444519161532,0.6838370479550291
4033,1.953945645831925,0.5704758209801302,1.40444519161532,0.6908518197446247
4034,1.3500067324003817,0.796708173889985,1.3973847191826707,0.5838250822894203
4035,1.9622061421040344,0.583059449877415,1.3973847191826707,0.6024640164763567
4036,1.3479924081000039,0.7842229320638903,1.3890357288762458,0.645855568170033
4037,1.9694703654402945,0.5951231635770486,1.3890357288762458,0.6412485885205289
4038,1.3446116567117348,0.771459661434007,1.3821222378822866,0.6489127801441581
4039,1.9779658944635652,0.6080154234646675,1.3821222378822866,0.6696247743593261
4040,1.3404867657238466,0.7583015440054472,1.3760447600845174,0.6758331560231498
4041,1.9873728313235595,0.6216194624345049,1.3760447600845174,0.6990974634491242
4042,1.3360634944642396,0.7446602669063227,1.3700578301578616,0.7018763789817851
4043,1.9972048296344609,0.6357953488276425,1.3700578301578616,0.7272031776695641
4044,1.331335388819585,0.7305766591393811,1.364481187449958,0.72640896057231
4045,2.0076456766420026,0.6505369420495722,1.364481187449958,0.7531190330404193
4046,1.3262801317146162,0.716100752628241,1.358686644266218,0.7494116126249091
4047,2.0181297885403273,0.665823277628593,1.358686644266218,0.7847721503621704
4048,1.3208768769124963,0.7012863025577891,1.353930056839493,0.770902984962105
4049,2.029549370624851,0.681639520750685,1.353930056839493,0.8039791636753264
4050,1.3151068386600613,0.6861907186883147,1.3497367900914259,0.7909089419744852
4051,2.04144991247554,0.6979541993413297,1.3497367900914259,0.8287593087938387
4052,1.308953228371618,0.670875292399811,1.346443187593953,0.8094598159697522
4053,2.053998528256534,0.7147069501376309,1.346443187593953,0.8480328017690787
4054,1.3024011733205856,0.655405464787362,1.3438840150797295,0.8265893486548996
4055,2.0669924785401568,0.7319247453726374,1.3438840150797295,0.8704152212824565
4056,1.2954376421558667,0.6398511169326564,1.3424318509892392,0.8423339361972803
4057,2.0806191656565507,0.7495042927336169,1.3424318509892392,0.8870776454999195
4058,1.2880513780173084,0.6242868711436126,1.3420383450169753,0.8567320506622195
4059,2.094767058277535,0.7674631157166978,1.3420383450169753,0.9050324712621656
4060,1.2802328390513524,0.6087923874654919,1.3426953498242733,0.8698237887395013
4061,2.109367922343606,0.7858796584859661,1.3426953498242733,0.9300905399868765
4062,1.271974146073428,0.5934526331852316,1.3447870832707152,0.8816505148401819
4063,2.124603705845394,0.8045149681832491,1.3447870832707152,0.9371231272095787
4064,1.2632690371170765,0.5783580946771028,1.3482845976170277,0.8922545750182297
4065,2.140388132060194,0.8233754329056492,1.3482845976170277,0.9505211870650117
4066,1.2541128286152052,0.5636048907901956,1.3532078049929697,0.9016790646095008
4067,2.1566768195349004,0.8424661818873153,1.3532078049929697,0.9629274029171796
4068,1.2445023829730963,0.5492947353881616,1.3596144687497012,0.9099676370109169
4069,2.173454438173566,0.8606286820678652,1.3596144687497012,0.9740488359764674
4070,1.2344360823142555,0.5355346845046598,1.3675490059917748,0.9171643442515495
4071,2.1907024810000078,0.8665814830665711,1.3675490059917748,0.983896663792724
4072,1.223913808207557,0.522436592579531,1.3770404153498625,0.9233135023345388
4073,2.2083984819254265,0.8735021797905751,1.3770404153498625,0.9924998940820168
4074,1.2129369272163069,0.5101161951682972,1.3881021951087957,0.9284595760237427
4075,2.2265162740927633,0.8813978649374944,1.3881021951087957,0.9998917756733064
4076,1.2015082821458603,0.4986917363356655,1.400732617543548,0.9326470789955141
4077,2.2450262912651398,0.8902660417905957,1.400732617543548,1.0061085660915103
4078,1.1896321889054422,0.48828207257973777,1.4149152894460266,0.9359204862009401
4079,2.263895878516742,0.9000950293557852,1.4149152894460266,1.0111889560698266
4080,1.1773144389410544,0.47900421665779863,1.4306199673942983,0.9383241559759598
4081,2.2830896075655343,0.9108645207057963,1.4306199673942983,1.0151736106135767
4082,1.1645623072390692,0.4709703376876518,1.447803587240224,0.9399022599586688
4083,2.3025695931188843,0.9225462670616469,1.447803587240224,1.0181047857410856
4084,1.1513845659435098,0.4642843081171842,1.4664114601941596,0.9406987192694717
4085,2.322295806952396,0.9351048567203905,1.4664114601941596,1.0200260055634094
4086,1.1377915036732174,0.4590379769118108,1.4863785845613338,0.9407571457129544
4087,2.3422263868162663,0.9484985566941054,1.4863785845613338,1.0209817882898744
4088,1.123794950667036,0.45530743699476867,1.5076310225042255,0.9401207869938257
4089,2.362317937659427,0.9626801858452912,1.5076310225042255,1.02101741210042
4090,1.109408309924494,0.4531496221869117,1.530087294637411,0.9388324751204533
4091,2.382525823064656,0.977597991004468,1.530087294637411,1.0201787136284621
4092,1.0946465945444979,0.4525995913732143,1.553659751041159,0.9369345773112507
4093,2.4028044451846977,0.993196501533189,1.553659751041159,1.0185119132058746
4094,1.0795264714930806,0.4536688184203589,1.578255884548317,0.9344689488312036
4095,2.4231075118497136,1.0094173425161148,1.578255884548317,1.016063462126643
4096,1.0640663120503806,0.45634470325445425,1.603779560084528,0.9314768872756038
4097,2.4433882898717556,1.0261999917348328,1.603779560084528,1.012879908056351
4098,1.0482862491929734,0.46059136919239463,1.6301321417113672,0.9279990878912505
4099,2.4635998438964393,1.043482470385745,1.6301321417113672,1.009007775403275
4100,1.0322082421555898,0.4663516464247036,1.6572135062917315,0.9240755995865401
4101,2.4836952604418308,1.0612019618566224,1.6572135062917315,1.004493458013612
4102,1.0158561483798385,0.47354999894589483,1.6849229390074443,0.9197457813345128
4103,2.5036278570177393,1.079295356586065,1.6849229390074443,0.9993831219892502
4104,0.9992558029887804,0.48209606191662613,1.7131599111235234,0.9150482587199068
4105,2.5233513764347615,1.0976997240127342,1.7131599111235234,0.9937226167755643
4106,0.9824351058149415,0.4918884311243682,1.741824744367208,0.9100208804249489
4107,2.542820166592509,1.116352714872811,1.741824744367208,0.9875573929479078
4108,0.9654241158429648,0.5028183799809391,1.7708191691332054,0.9047006744908233
4109,2.5619893461823113,1.135192898677608,1.7708191691332054,0.9809324253536198
4110,0.9482551526909181,0.5147732533116625,1.800046785567942,0.8991238042340868
4111,2.5808149568539447,1.1541600421865323,1.800046785567942,0.9738921404534502
4112,0.9309629044274093,0.527639377582369,1.8294134375885653,0.8933255237409068
4113,2.5992541024816163,1.1731953351876856,1.8294134375885653,0.9664803468619142
4114,0.9135845405825558,0.5413044139276256,1.8588275102306477,0.8873401329079029
4115,2.6172650762247787,1.1922415700157862,1.8588275102306477,0.9587401682181254
4116,0.8961598286334025,0.5556591504643525,1.8882001605581658,0.8812009320471322
4117,2.6348074761178024,1.2112432810740719,1.8882001605581658,0.9507139776336154
4118,0.8787312514993573,0.5705987787555618,1.9174454918579842,0.8749401761248526
4119,2.651842309942188,1.230146850270176,1.9174454918579842,0.9424433330670458
4120,0.8613441226393752,0.5860237266958567,1.946480680102922,0.868589028759097
4121,2.668332090139168,1.2489005837975116,1.946480680102922,0.9339689130721378
4122,0.8440466941690912,0.601840130600513,1.975226060801654,0.8621775161596326
4123,2.684240919511913,1.2674547651501342,1.975226060801654,0.9253304524585321
4124,0.8268902519862044,0.6179600280390504,2.003605183435829,0.8557344812549437
4125,2.6995345684478327,1.2857616886930994,2.003605183435829,0.916566677498939
4126,0.8099291901898292,0.6343013447317367,2.031544839769631,0.8492875383135509
4127,2.7141805443648908,1.3037756775525156,2.031544839769631,0.9077152404125842
4128,0.7932210551072384,0.650787737343182,2.058975071442158,0.8428630284299911
4129,2.7281481540533767,1.321453089060427,2.058975071442158,0.8988126529566947
4130,0.7768265470342225,0.6673483417980227,2.085829161441985,0.8364859763075206
4131,2.74140855954803,1.3387523105019699,2.085829161441985,0.8898942190661975
4132,0.7608094654358942,0.6839174653216196,2.1120436133293206,0.8301800488281286
4133,2.753934828126,1.3556337474727063,2.1120436133293206,0.8809939665976926
4134,0.745236580993176,0.700434250522554,2.137558121419576,0.8239675159535644
4135,2.7657019769851914,1.3685041938264255,2.137558121419576,0.8721445783572734
4136,0.730177415754715,0.716842331727872,2.16231553457288,0.8178692145464117
4137,2.7766870131158767,1.3742193831250211,2.16231553457288,0.8633773227221497
4138,0.7157039111095786,0.733089497404234,2.186261815743464,0.8119045157352786
4139,2.7868689688368287,1.3791577242556423,2.186261815743464,0.854721984301685
4140,0.701889962794389,0.7491273676468722,2.209345999025089,0.806091296470448
4141,2.796228933426154,1.383313539856716,2.209345999025089,0.8462067952217841
4142,0.6888108032588304,0.7649110921367975,2.231520145576771,0.8004459159235415
4143,2.8047500812368202,1.3866826071548655,2.231520145576771,0.8378583677541245
4144,0.6765422150729712,0.7803990713973799,2.252739299519619,0.7949831973748843
4145,2.812417696647896,1.3892621678942536,2.252739299519619,0.8297016291439603
4146,0.6651595652905372,0.7955527023929184,2.2729614446532347,0.789716416203756
4147,2.8192191961647612,1.3910509387914927,2.2729614446532347,0.8217597596120181
4148,0.6547366602555384,0.8103361483097794,2.292147462641849,0.7846572945486703
4149,2.825144147945145,1.3920491226404754,2.292147462641849,0.8140541346113677
4150,0.6453444333925402,0.8247161315889198,2.31026109315983,0.7798160031370152
4151,2.8301842889926636,1.3922584201928885,2.31026109315983,0.8066042725029303
4152,0.6370494946476172,0.8386617488156924,2.327268896357519,0.7752011706964452
4153,2.83433354022551,1.3916820429419945,2.327268896357519,0.7994277888671826
4154,0.6299125883165893,0.8521443058265952,2.343140217906507,0.7708199012558851
4155,2.8375880195948797,1.3903247269391856,2.343140217906507,0.7925403586888008
4156,0.6239870240719043,0.8651371712947095,2.357847156803985,0.7666777995242199
4157,2.8399460533954115,1.3831400675235432,2.357847156803985,0.7859556876304602
4158,0.6193171614399413,0.8776156470560902,2.3713645360548297,0.7627790044030309
4159,2.8414081858781417,1.3701276500572654,2.3713645360548297,0.7796854935480794
4160,0.6159370377939006,0.8895568535025762,2.3836698763044133,0.7591262305498642
4161,2.8419771872449067,1.3567515037740794,2.3836698763044133,0.7737394992906019
4162,0.6138692313551014,0.9009396284672421,2.3947433724619294,0.7557208177651379
4163,2.8416580600715164,1.3430484380635361,2.3947433724619294,0.7681254376731314
4164,0.6131240419304532,0.9117444381496119,2.404567873330997,0.7525627878334954
4165,2.8404580441750613,1.3290574461053555,2.404567873330997,0.7628490693155061
4166,0.6136990529500124,0.9219532987570773,2.4131288642495012,0.7496509083141963
4167,2.838386619908044,1.3148197210403147,2.4131288642495012,0.7579142138042787
4168,0.6155791105406493,0.931549707669,2.420414452732376,0.7469827626495865
4169,2.8354555098283623,1.3003786649258748,2.420414452732376,0.7533227943719545
4170,0.6187367224069654,0.9405185830559071,2.4264153571079907,0.744554825850065
4171,2.831678678659176,1.2857798882743725,2.4264153571079907,0.7490748960027247
4172,0.6231328458443329,0.948846211005132,2.4311248981397826,0.7423625449218753
4173,2.8270723314160584,1.271071197591187,2.4311248981397826,0.745168836579845
4174,0.6287180050545842,0.9565201993147443,2.434538993628834,0.7404004231332094
4175,2.821654909540236,1.2563025679232962,2.434538993628834,0.7416012503981757
4176,0.6354336569134124,0.963529437219037,2.4366561559993256,0.7386621071663508
4177,2.815447084835967,1.241526097005594,2.4366561559993256,0.7383671830884099
4178,0.6432137135947013,0.9698640604012585,2.437477492876495,0.7371404761796785
4179,2.8084717509668544,1.2267959371692687,2.437477492876495,0.7354601967486223
4180,0.6519861301705193,0.975515420733036,2.4370067106751923,0.7358277318030908
4181,2.8007540122200454,1.2121682007761525,2.4370067106751923,0.7328724838642622
4182,0.6616744739359678,0.9804760602556877,2.4352454745490832,0.7347154881126314
4183,2.792318203037398,1.197680421743344,2.4352454745490832,0.7310743011969018
4184,0.6721994071011778,0.984739688987097,2.432203915532627,0.733794860672849
4185,2.7831934334553328,1.1834067738034693,2.432203915532627,0.7294466150260412
4186,0.6834800326104071,0.9883011661997863,2.427851532463648,0.7330565537960458
4187,2.7733779920612833,1.1692761810579,2.427851532463648,0.7348149418498647
4188,0.6954350714041638,0.9911564848721344,2.422273654433288,0.7324909452429818
4189,2.7629590796337293,1.1555984706860203,2.422273654433288,0.7268526909407775
4190,0.7079838563098408,0.9933027590660579,2.4154366007302865,0.7320881676763767
4191,2.751933171017495,1.1422714310160214,2.4154366007302865,0.7278028052745841
4192,0.7210471416218102,0.9947382140317186,2.4072375357812286,0.7318381862732433
4193,2.7402272409586432,1.129086224025021,2.4072375357812286,0.7417422586160941
4194,0.7345477377727417,0.9954621788836125,2.3979464051804724,0.7317308720012116
4195,2.7280986405049843,1.1167159981268313,2.3979464051804724,0.7281972019731637
4196,0.7484109873590306,0.9954750817334241,2.3874632947466434,0.7317560701644371
4197,2.715480503074706,1.1049062794874347,2.3874632947466434,0.7313797686337362
4198,0.7625651026020767,0.9947784472039181,2.37585215330616,0.7319036639234864
4199,2.702450388493546,1.093787998656069,2.37585215330616,0.7306334086432296
4200,0.776941385727748,0.993374896285477,2.3630459925719585,0.7321636325883494
4201,2.68896073122396,1.0832465887613594,2.3630459925719585,0.7355054328669947
4202,0.7914743533897254,0.9912681485332467,2.3491907221874415,0.7325261045724447
4203,2.6751658703755776,1.0735417713011979,2.3491907221874415,0.73432557215861
4204,0.8061017847512963,0.9884630266387349,2.334231083441736,0.7329814049765854
4205,2.6610257851187753,1.064583276615527,2.334231083441736,0.7381246030415303
4206,0.820764710670428,0.9849654634456275,2.318275692514983,0.7335200978443646
4207,2.6466585615085747,1.056530947371033,2.318275692514983,0.7382840021143858
4208,0.8354073589798677,0.980782511516017,2.3013118460992867,0.7341330231936225
4209,2.632061656919431,1.0493609952745095,2.3013118460992867,0.741023516426316
4210,0.8499770683796042,0.9759223553906148,2.2834190382299684,0.7348113289823608
4211,2.617322198648639,1.0431656219728633,2.2834190382299684,0.7422438868586342
4212,0.8644241811304391,0.9703943267252643,2.2646166460840527,0.7355464982117208
4213,2.602465535128793,1.0379549273949733,2.2646166460840527,0.7444975000887605
4214,0.8787019226485068,0.9642089225265643,2.2449722160658867,0.7363303714038557
4215,2.587563337491773,1.0337846392339478,2.2449722160658867,0.7460190550138209
4216,0.8927662742925566,0.957377826751962,2.22452413889003,0.7371551647191977
4217,2.5726556880197164,1.030671550723694,2.22452413889003,0.7480381323773597
4218,0.9065758441146623,0.9499139355845547,2.2033412487882424,0.7380134839964975
4219,2.5578110386572455,1.028650698178351,2.2033412487882424,0.7495062757241046
4220,0.9200917390950224,0.9418313867401832,2.1814790403721487,0.7388983350109164
4221,2.5430816589744123,1.02773501136286,2.1814790403721487,0.7511068203881108
4222,0.9332774413752379,0.93314559321422,2.159000218316822,0.739803130251187
4223,2.5285241871249022,1.0197548440571793,2.159000218316822,0.7526203112938267
4224,0.9460986902093802,0.9238732819275558,2.135972107955029,0.7407216925173552
4225,2.5141967445228883,1.006945814915913,2.135972107955029,0.7540376638462438
4226,0.9585233707352051,0.914032537785161,2.1124356278188006,0.7416482556366693
4227,2.500127237690672,0.9946506744123423,2.1124356278188006,0.7560011354677344
4228,0.9705214101977964,0.9036428537153727,2.088473748205592,0.7425774625876529
4229,2.486382562473996,0.9829484228076756,2.088473748205592,0.7578823358799742
4230,0.9820646819068245,0.8927251873122651,2.063907984743687,0.7435043613119764
4231,2.47276217972018,0.9716534993510216,2.063907984743687,0.7668256938463618
4232,0.9931269169523353,0.8813020247548977,2.0382504911288053,0.7444243984811607
4233,2.458751745133411,0.960284215277256,2.0382504911288053,0.8012003467424309
4234,1.0053596313660917,0.8688497110757344,2.011077645194651,0.8369579556015193
4235,2.4444233127566637,0.9489312051864439,2.011077645194651,0.853615074108704
4236,1.0159477908895156,0.8562265764386658,1.9853061908748155,0.7567224423692944
4237,2.43190878489276,0.939714250840807,1.9853061908748155,0.7867810668293268
4238,1.0255694506103596,0.8432760780389316,1.9599536263920347,0.7592117614054936
4239,2.4203311510811463,0.9317599544304788,1.9599536263920347,0.7882206070315192
4240,1.0347224186643307,0.8298898272200603,1.9345145754762942,0.7644069013865136
4241,2.409268339247461,0.9246539274386475,1.9345145754762942,0.7958916001111788
4242,1.0434042281496656,0.8160901343524705,1.9090284617251705,0.769291440543612
4243,2.3987224428201124,0.9184065135943849,1.9090284617251705,0.8032572473484166
4244,1.0515936358610425,0.8019069515706007,1.883605178469422,0.7737540439375602
4245,2.388755270230023,0.913083243930543,1.883605178469422,0.8095943360989163
4246,1.0592700511454272,0.7873724303581847,1.8583460177998161,0.7778022273786285
4247,2.3794140984041423,0.9087326484542484,1.8583460177998161,0.8154894732446045
4248,1.0664142827170073,0.7725207948633929,1.8333648469912602,0.7814490627128393
4249,2.3707528521056056,0.9054050329766765,1.8333648469912602,0.820769931671211
4250,1.0730085371534233,0.7573884829382757,1.8087711668174866,0.7847084469953297
4251,2.362815323633904,0.9031372445313368,1.8087711668174866,0.8253724626198712
4252,1.0790363907005067,0.7420143156494621,1.784609718031122,0.7875948086380324
4253,2.3555772278474123,0.9019096830209048,1.784609718031122,0.8324008637605951
4254,1.0844827631780332,0.7264396844638276,1.7611489240166858,0.7901230039960612
4255,2.349224581945315,0.9018585766678483,1.7611489240166858,0.8328006474632744
4256,1.0893338949599525,0.7107087554204979,1.738396507543571,0.7923082300076278
4257,2.343686216120311,0.9029168183221884,1.738396507543571,0.837251078675827
4258,1.0935773268927371,0.6948686892542524,1.7165619239581449,0.7941659447375794
4259,2.3390793958637164,0.9051475739419315,1.7165619239581449,0.8384109201244906
4260,1.097201882980352,0.6789698752541399,1.6956310200448321,0.7957117946109958
4261,2.335304710606793,0.9084670725398655,1.6956310200448321,0.8424550455585631
4262,1.1001976556757855,0.6630661749593517,1.6755487185053373,0.7969615475399071
4263,2.3322231109121625,0.9127920457060658,1.6755487185053373,0.8580814656666729
4264,1.1025559936350784,0.6472151695030842,1.6569843994965916,0.7979310312769512
4265,2.330370342129252,0.9183828219431581,1.6569843994965916,0.8461793498740605
4266,1.1042694918080052,0.6314784013741516,1.639753037614556,0.7986360764321763
4267,2.3294778166152983,0.925049279669379,1.639753037614556,0.8501083068826313
4268,1.105331983759356,0.6159215974366936,1.6240183160029098,0.7990924636763379
4269,2.3296034235574834,0.9327712559595387,1.6240183160029098,0.8494439968980956
4270,1.1057385361357894,0.6006148551211603,1.6097735610595303,0.7993158747288163
4271,2.3306471098513586,0.9414730932253859,1.6097735610595303,0.8543276479118792
4272,1.105485445215194,0.585632767740283,1.5972307033090056,0.7993218467925101
4273,2.3327135039379447,0.9511352578949657,1.5972307033090056,0.8517862273790331
4274,1.104570235498236,0.5710544580016105,1.5864383575741898,0.7991257301534737
4275,2.33575876956126,0.9616910304335582,1.5864383575741898,0.8521296154231747
4276,1.102991660325221,0.5569634813344527,1.5774678746948285,0.7987426487108872
4277,2.3397646922880577,0.9730831397246945,1.5774678746948285,0.8521654666972185
4278,1.100749704525489,0.5434475533381083,1.570391686714804,0.798187463244294
4279,2.3447199828748757,0.9852530613974284,1.570391686714804,0.8517918020300191
4280,1.0978455891313519,0.5305980496986454,1.5652694804744296,0.7974747372607675
4281,2.350608800146943,0.9981392869026896,1.5652694804744296,0.8510322833975105
4282,1.0942817782140557,0.5185092241166558,1.5621466232666115,0.7966187052955114
4283,2.3574104991682323,1.0067096226773928,1.5621466232666115,0.8499152303135761
4284,1.0900619879255276,0.507277092537722,1.5610532819207164,0.7956332435659137
4285,2.36509982646198,1.0037300166483916,1.5610532819207164,0.8484686362403102
4286,1.0851911978567546,0.4969979430772295,1.5620038543784407,0.7945318429017311
4287,2.3736471640742165,1.001914900529672,1.5620038543784407,0.8467199315741661
4288,1.0796756648516215,0.48776645316379397,1.5649967282647321,0.7933275838932707
4289,2.3830188037378717,1.001277497379947,1.5649967282647321,0.8446959413902476
4290,1.073522939443925,0.47967343026610504,1.5700143789764274,0.7920331142154314
4291,2.3931772456964477,1.0018224289038498,1.5700143789764274,0.8424228517844295
4292,1.0667418851150428,0.4728032395722865,1.5770238024320136,0.790660628098527
4293,2.4040815170380085,1.0035456459350356,1.5770238024320136,0.8399261772360955
4294,1.0593427006003067,0.46723103716052017,1.5859772602192386,0.7892218479271549
4295,2.415687504376417,1.00643452680183,1.5859772602192386,0.8372307287369095
4296,1.0513369455032606,0.4630199823927006,1.5968132995673279,0.7877280079561122
4297,2.4279482958323486,1.0104681392075168,1.5968132995673279,0.8343605827514586
4298,1.042737569508403,0.4602186467659078,1.6094579987078843,0.7861898401377168
4299,2.440814527508902,1.015617653560759,1.6094579987078843,0.8313390511092735
4300,1.0335589455141156,0.45885885532411413,1.6238263806196702,0.7846175620579325
4301,2.4542347300041087,1.0218468890294612,1.6238263806196702,0.8281886519489915
4302,1.023816907037537,0.4589541807015984,1.639823935156451,0.7830208669796024
4303,2.4681556709313703,1.029112968483351,1.639823935156451,0.8249310818551873
4304,1.0135287902709593,0.4604992556513253,1.657348190870545,0.7814089159899906
4305,2.482522689904121,1.0373670552567908,1.657348190870545,0.8215871893467916
4306,1.0027134811933631,0.4634699839279406,1.6762902827723176,0.7797903322468352
4307,2.4972800229592504,1.0465551433995521,1.6762902827723176,0.8181769498926521
4308,0.9913914681587424,0.46782462723332724,1.6965364698412506,0.7781731973124327
4309,2.512371113923312,1.0566188736731421,1.6965364698412506,0.8147194426442274
4310,0.9795849003920085,0.4735056481584331,1.717969565262911,0.7765650495590458
4311,2.527738910747437,1.0674963497078171,1.717969565262911,0.8112328290871114
4312,0.9673176528195505,0.48044211489540045,1.7404702520968496,0.7749728846213364
4313,2.5433261453355995,1.0791229320659745,1.7404702520968496,0.807734333821612
4314,0.9546153976398568,0.4885524350940744,1.7639182665334963,0.7734031578628231
4315,2.5590755958544342,1.0914319920230513,1.7639182665334963,0.8042402276874157
4316,0.9415056829932585,0.49774718587005184,1.788193439444632,0.7718617888137146
4317,2.5749303309324403,1.1043556112541095,1.788193439444632,0.8007658134480137
4318,0.9280180190102444,0.5079318379739791,1.8131765941769438,0.7703541675271686
4319,2.5908339355268515,1.1178252179380423,1.8131765941769438,0.7973254142466627
4320,0.9141839713939681,0.5190092225335654,1.8387503042998192,0.76888516279028
4321,2.6067307185549384,1.1317721537808771,1.8387503042998192,0.7939323650368622
4322,0.9000372625107712,0.5308816456683302,1.8647995192868452,0.767459132115162
4323,2.6225659026529753,1.1461281699265329,1.8647995192868452,0.7905990071764493
4324,0.8856138797057515,0.5434526091734079,1.8912120689980072,0.7660799334246543
4325,2.638285796642103,1.1608258525668125,1.8912120689980072,0.7873366863554269
4326,0.8709521902078584,0.5566281379263729,1.9178790595234958,0.764750938336636
4327,2.6538379514490726,1.1757989812553902,1.9178790595234958,0.7841557540035045
4328,0.8560930615159332,0.5703177442468503,1.9446951736718243,0.7634750469409636
4329,2.6691713003553694,1.1909828245018772,1.9446951736718243,0.7810655722944501
4330,0.8410799855347053,0.5844350766865851,1.9715588893599751,0.7622547039538511
4331,2.684236284535298,1.2063143782376593,1.9715588893599751,0.7780745228309589
4332,0.8259592039256013,0.5988983079068655,1.9983726286002104,0.7610919161262919
4333,2.698984964897169,1.2217325532915115,1.9983726286002104,0.7751900190565709
4334,0.8107798311166724,0.6136303162631079,2.0250428488575856,0.7599882707760688
4335,2.713371121266845,1.2371783181835434,2.0250428488575856,0.7724185224008024
4336,0.7955939701445682,0.6285587111683272,2.051480087421553,0.7589449553071256
4337,2.727350339954357,1.252594803431699,2.051480087421553,0.7697655621210671
4338,0.7804568149496102,0.6436157454335502,2.0775989682087856,0.7579627775757262
4339,2.7408800907267037,1.2679273732480214,2.0775989682087856,0.7672357587610424
4340,0.7654267308945478,0.65873815014679,2.103318179176684,0.7570421869599614
4341,2.7539197941772557,1.2831236700521702,2.103318179176684,0.7648328511009848
4342,0.7505653031323276,0.6738669202478627,2.1285604273363345,0.7561832959878161
4343,2.766430880438249,1.2981336367041492,2.1285604273363345,0.7625597264321662
4344,0.7359373400480732,0.6889470723328568,2.1532523772473926,0.755385902379221
4345,2.778376840130631,1.3129095208007697,2.1532523772473926,0.7604184539461946
4346,0.7216108164398517,0.703927390614606,2.1773245778766808,0.7546495113591967
4347,2.7897232683878515,1.3274058648234959,2.1773245778766808,0.7584103209915252
4348,0.7076567385526812,0.7187601724099382,2.2007113818165305,0.7539733581023615
4349,2.800437902729236,1.3415794853915526,2.2007113818165305,0.7565358719149261
4350,0.694148910811678,0.7334009809439888,2.2233508600887553,0.7533564301735749
4351,2.8104906554961357,1.3553894443780283,2.2233508600887553,0.7547949491758567
4352,0.681163582504782,0.7478084105265219,2.2451847151009052,0.7527974898352376
4353,2.81985364150159,1.3687970141966197,2.2451847151009052,0.7531867363973519
4354,0.6687789522644445,0.7619438671192896,2.2661581937648516,0.7522950960986551
4355,2.828501201482834,1.3817656391661999,2.2661581937648516,0.751709802998553
4356,0.657074509628937,0.775771365836756,2.2862200023236343,0.7518476264046722
4357,2.836409921886412,1.3942608945100317,2.2862200023236343,0.7503621500418572
4358,0.646130196931901,0.7892573458809087,2.305322224050266,0.7514532978274584
4359,2.8435586514584883,1.4062504442442254,2.305322224050266,0.7491412569218333
4360,0.6360253819428902,0.8023705027000351,2.323420240670939,0.7511101877045772
4361,2.849928515058563,1.4177039989527145,2.323420240670939,0.7480441285235534
4362,0.6268376425359865,0.8150816366968895,2.340472658114817,0.7508162536062395
4363,2.8555029250632225,1.428593274229456,2.340472658114817,0.7470673424845421
4364,0.6186413792638802,0.8273635175271458,2.356441236994003,0.7505693525666894
4365,2.8602675906780424,1.4388919503884023,2.356441236994003,0.7462070962067379
4366,0.611506289485736,0.8391907628732743,2.3712908280619573,0.7503672595109034
4367,2.864210525429965,1.4485756338934923,2.3712908280619573,0.7454592532821455
4368,0.6054957562330657,0.8505397305133708,2.3849893127793917,0.7502076848199782
4369,2.867322053069407,1.457621820840305,2.3849893127793917,0.7448193890175829
4370,0.6006652240070206,0.861388422500249,2.3975075490271207,0.7500882909886788
4371,2.8695948120706736,1.4656869322954063,2.3975075490271207,0.7442828347693513
4372,0.5970606491766561,0.8717164003022904,2.408819321940135,0.7500067083384468
4373,2.871023758880698,1.4622966421928194,2.408819321940135,0.7438447208269823
4374,0.5947171213226453,0.8815047098189667,2.418901299791694,0.7499605497586084
4375,2.87160617002929,1.4581551802243393,2.418901299791694,0.7435000176156941
4376,0.5936577509170199,0.8907358152598962,2.4277329948267568,0.7499474244575658
4377,2.8713416431786776,1.4532728059975413,2.4277329948267568,0.7432435750189651
4378,0.5938929065622162,0.8993935409593085,2.4352967289273195,0.7499649507141969
4379,2.8702320971556565,1.447661425980092,2.4352967289273195,0.7430701596550358
4380,0.5954198619462825,0.9074630202828343,2.44157760398568,0.7500107676275968
4381,2.8682817709758393,1.4413346099230542,2.44157760398568,0.7429744899734264
4382,0.5982228811630151,0.9149306508672873,2.446563476863065,0.7500825458705519
4383,2.8654972218357764,1.4343076096326606,2.446563476863065,0.742951269069134
4384,0.6022737353647473,0.9217840555145116,2.450244938818681,0.7501779974587203
4385,2.8618873220148013,1.4265973801104463,2.450244938818681,0.7429952151424964
4386,0.6075326090668592,0.9280120481362375,2.4526152993066703,0.7502948845534342
4387,2.8574632545938607,1.418222603067259,2.4526152993066703,0.7431010895613416
4388,0.6139493257782185,0.9336046042176526,2.4536705740543736,0.750431027321259
4389,2.85223850786293,1.409203712795233,2.4536705740543736,0.7432637225086439
4390,0.6214648036324609,0.9385528353328922,2.453409477353802,0.7505843108780444
4391,2.8462288682515484,1.3995629243517338,2.453409477353802,0.7434780362231944
4392,0.630012643971125,0.9428489673060162,2.4518334185183503,0.7507526913490932
4393,2.8394524115781494,1.3879529892207367,2.4518334185183503,0.7437390658626268
4394,0.639520758899662,0.946486321666555,2.4489465024779067,0.7509342010803942
4395,2.8319294923729,1.3730880900178248,2.4489465024779067,0.7440419780373843
4396,0.6499129555405166,0.949459300099809,2.4447555345067467,0.7511269530385329
4397,2.823682730985436,1.3582809230949044,2.4447555345067467,0.744382087080884
4398,0.6611104119497511,0.9517633716392293,2.439269030690405,0.7513291444390399
4399,2.814736470402866,1.3435850259231332,2.439269030690405,0.7448655973996369
4400,0.6730329992063941,0.953395062391926,2.4324967949227188,0.7515390596445366
4401,2.805115857639009,1.3290532716561831,2.4324967949227188,0.7457816386804559
4402,0.6856004232601793,0.9543519476291497,2.4244587509489177,0.7517550723751687
4403,2.7948531329175235,1.3147685591334806,2.4244587509489177,0.745918176112492
4404,0.6987331767803373,0.9546326461120105,2.41515722146233,0.7519756472744955
4405,2.7839681492711783,1.3007435457125063,2.41515722146233,0.7479488408540979
4406,0.7123533044191352,0.9542368165592378,2.4046347866937885,0.7521993408742932
4407,2.7725112879206804,1.2871115415481196,2.4046347866937885,0.7469719282663136
4408,0.7263849942898913,0.9531651561989762,2.392867461644002,0.7524248020016712
4409,2.760478416184474,1.273814658982984,2.392867461644002,0.7498287465636115
4410,0.7407550143127024,0.9514194013809463,2.3799485752168166,0.7526507716715083
4411,2.7479646003247633,1.2610837810290212,2.3799485752168166,0.7486863608706766
4412,0.7553930149754483,0.9490023302592554,2.36581590253706,0.7528760825065718
4413,2.7349282681175757,1.2487824131953802,2.36581590253706,0.7523041215806509
4414,0.7702317206918429,0.9459177675902589,2.3505692269025023,0.7530996577267924
4415,2.721471499980723,1.2371230449185782,2.3505692269025023,0.75433032559646
4416,0.7852070310001584,0.9421705917245765,2.33426221554566,0.7533205097480721
4417,2.7076566862015494,1.2261906841047605,2.33426221554566,0.7523995322944549
4418,0.8002580509320345,0.9377667439082019,2.316861361496046,0.7535377384297562
4419,2.6934616356835392,1.2156997456386462,2.316861361496046,0.7557561427850045
4420,0.8153270674614644,0.9327132400450823,2.2984792591983276,0.7537505290084955
4421,2.679002032076945,1.2006064883941066,2.2984792591983276,0.7551124395971027
4422,0.8303594863624014,0.9270181851130708,2.279098724135278,0.7539581497547276
4423,2.6642672236695533,1.1854670838255812,2.279098724135278,0.7575703611136728
4424,0.8453037412887938,0.9206907904672961,2.2588131075231486,0.754159949386422
4425,2.6493524982447454,1.1703951186856152,2.2588131075231486,0.7577499307864504
4426,0.8601111845816446,0.9137413943102136,2.2376387340199324,0.7543553542730697
4427,2.6342757299695045,1.1554072046118726,2.2376387340199324,0.7593524559992748
4428,0.8747359672745533,0.9061814856563887,2.2156484283237274,0.7545438654612245
4429,2.6191086318724808,1.1405865179427115,2.2156484283237274,0.760184503505908
4430,0.8891349140359953,0.8980237321728369,2.1928543542484418,0.7547250555511721
4431,2.6038599617949028,1.12594297802287,2.1928543542484418,0.7623795721842354
4432,0.9032673973470751,0.8892820123328876,2.1693799215337832,0.7548985654525786
4433,2.5886477441408355,1.1116129939083206,2.1693799215337832,0.7623293886181282
4434,0.9170952140440182,0.8799714523832785,2.145264504283184,0.7550641010452578
4435,2.573502934210491,1.0976322594925458,2.145264504283184,0.763244414787406
4436,0.9305824664229699,0.8701084686906099,2.1205686760207207,0.7552214297694773
4437,2.558474703809067,1.0840584874489285,2.1205686760207207,0.7641817715743721
4438,0.9436954493758225,0.8597108161041797,2.0953675962113802,0.7553703771685459
4439,2.543623688374863,1.0709622238213452,2.0953675962113802,0.7648598812494538
4440,0.956402544465749,0.8487976430469653,2.0697187301499764,0.7555108234047799
4441,2.528989085528028,1.0583914726128183,2.0697187301499764,0.7658695847124652
4442,0.9686741214287544,0.8373895541239113,2.0436528416873583,0.7556426997683225
4443,2.5145793775369336,1.04636425428482,2.0436528416873583,0.7689492979509351
4444,0.9804824472756012,0.8255086811146766,2.0173808814688017,0.7557659851967456
4445,2.5005808917837182,1.0350787554425782,2.0173808814688017,0.7671277913900064
4446,0.9918016029436999,0.8131787632933382,1.9908976268272445,0.7558807028218224
4447,2.4869571608440837,1.024504615853824,1.9908976268272445,0.7686753653072953
4448,1.0026074072917512,0.800425238085363,1.9643533767022927,0.7559869165584154
4449,2.473823769929405,1.0147625250491834,1.9643533767022927,0.7684101288438756
4450,1.0128773481253592,0.787275343125264,1.9377818885327904,0.756084727749007
4451,2.461174175833839,1.0058528243853622,1.9377818885327904,0.7696733298882454
4452,1.022590519876911,0.7737582308065196,1.9113349589799775,0.756174271876044
4453,2.449114970325461,0.9978812054208411,1.9113349589799775,0.7695129995484741
4454,1.031727567527769,0.7599050964041605,1.885067677065469,0.7562557153529786
4455,2.4376506941714995,0.9908560778740458,1.885067677065469,0.7706925244660644
4456,1.0402706363474243,0.7457493207800433,1.859126942416611,0.7563292524036478
4457,2.426871782402997,0.9848599647684154,1.859126942416611,0.7703600251454893
4458,1.0482033270266744,0.7313266285242103,1.8335462934222573,0.7563951020384592
4459,2.416750978877146,0.9798714723198853,1.8335462934222573,0.7717497269161735
4460,1.0555106557955238,0.7166752621066566,1.8082255925267674,0.7564535051347223
4461,2.4071257477778665,0.975769223367232,1.8082255925267674,0.7816694262752893
4462,1.0621790191378222,0.7018361721645524,1.783777929323043,0.7565047216274206
4463,2.3985271025763635,0.9729713661953442,1.783777929323043,0.7754387847081639
4464,1.068196162741082,0.6868532233687371,1.759487978134853,0.7565490278156904
4465,2.3901810629150275,0.9708955920690954,1.759487978134853,0.8051396842284849
4466,1.0735511543495404,0.6717734143219308,1.7365777705800651,0.7565867137893503
4467,2.383198990917489,0.9703488894808596,1.7365777705800651,0.7791330354719272
4468,1.0782343602199322,0.656647108543386,1.7147612451394947,0.7566180809789138
4469,2.3772150046503167,0.9710257078088269,1.7147612451394947,0.7822810188928466
4470,1.0822374249117086,0.641528271676531,1.6940151351175328,0.7566434398316901
4471,2.37211758728466,0.9728239948293818,1.6940151351175328,0.7840625855476784
4472,1.0855532541758592,0.626474707489218,1.6743845575343441,0.7566631076157907
4473,2.367859504563983,0.9756975527604494,1.6743845575343441,0.7889010442088483
4474,1.0881760007387005,0.6115482818876835,1.6561397608108337,0.7566774063531224
4475,2.3646085133728567,0.9797141083835857,1.6561397608108337,0.7882227732568627
4476,1.0901010528087023,0.5968151199175757,1.639200650972914,0.7566866608817738
4477,2.362192831346711,0.9847618432664996,1.639200650972914,0.7943037646626947
4478,1.0913250251655582,0.582345755509799,1.6239231330570503,0.7566911970475645
4479,2.360861558704066,0.9909167012346621,1.6239231330570503,0.7926761490837939
4480,1.0918457527212493,0.5682152075799713,1.6102002672272786,0.7566913400239367
4481,2.360417644439885,0.9980665723606515,1.6102002672272786,0.8003126927750142
4482,1.0916622864728387,0.5545029492237247,1.598309182045816,0.7566874127588399
4483,2.361039406988338,1.0062223011514855,1.598309182045816,0.7968135232754231
4484,1.0907748917963245,0.541292729666089,1.5882290977933415,0.7566797345467663
4485,2.3626196945978246,1.0119925522909572,1.5882290977933415,0.7999285219119969
4486,1.0891850490601784,0.5286722022259842,1.5800223542552296,0.7566686197236291
4487,2.3651361981561547,1.0044197410671978,1.5800223542552296,0.808701721715951
4488,1.0868954565663855,0.5167323072654915,1.5738607787461547,0.7566543764817948
4489,2.368686365623778,0.9979473479747994,1.5738607787461547,0.8022276549508948
4490,1.0839100358560505,0.5055663588944898,1.5697487781842663,0.7566373058021859
4491,2.373209656306411,0.9925400538948941,1.5697487781842663,0.8033072663898003
4492,1.08023393944613,0.49526879056271295,1.5677053529373897,0.7566177005000773
4493,2.3786686014761607,0.9881938484779584,1.5677053529373897,0.8043879177771431
4494,1.0758735610937182,0.4859335302195399,1.56775517447832,0.7565958443808796
4495,2.385043002301467,0.9849415476547307,1.56775517447832,0.8051810022224825
4496,1.0708365487147282,0.4776520025898463,1.5699071386033814,0.7565720115019972
4497,2.392308864409769,0.9828101356875026,1.5699071386033814,0.8056919309200334
4498,1.0651318201148317,0.47051079495113557,1.5741535193428546,0.7565464655365894
4499,2.400437873525833,0.9818186547691284,1.5741535193428546,0.8059379705394694
4500,1.058769581722205,0.4645890715960757,1.5804701803036136,0.7565194592349131
4501,2.4093976260552448,0.9819778119339849,1.5804701803036136,0.8059366973874578
4502,1.0517613505439185,0.45995587530687937,1.5888171572383938,0.7564912339787518
4503,2.419151910112907,0.9832898021410504,1.5888171572383938,0.8057054850416803
4504,1.0441199796005567,0.4566675022934131,1.5991395587505217,0.7564620194243317
4505,2.4296610081564727,0.9857482973191948,1.5991395587505217,0.8052614444986136
4506,1.035859687126523,0.4547651683530874,1.6113687383300852,0.7564320332290253
4507,2.4408820154879907,0.9893385997910061,1.6113687383300852,0.8046213853009933
4508,1.02699608985601,0.45427318717867277,1.6254236806453894,0.7564014808570808
4509,2.4527691697102108,0.9940379527931903,1.6254236806453894,0.8038017799026022
4510,1.017546240745944,0.4551978498764716,1.64121253900104,0.7563705554595882
4511,2.4652741864328913,0.9998159936601899,1.64121253900104,0.8028187304271198
4512,1.0075286715162641,0.4575271288745339,1.6586342597811017,0.7563394378238606
4513,2.4783465968177025,1.0066353292381052,1.6586342597811017,0.8016879376951884
4514,0.9969634404130193,0.461231239648497,1.6775802330145304,0.7563082963874483
4515,2.4919340829283967,1.0144522087626655,1.6775802330145304,0.8004246724478322
4516,0.9858721856187439,0.4662639972489238,1.6979359150019044,0.7562772873120045
4517,2.505982807293699,1.023217266999649,1.6979359150019044,0.7990437487176918
4518,0.9742781847444426,0.4725648207039176,1.7195823780877377,0.756246554612303
4519,2.520437733571162,1.0328763099186344,1.7195823780877377,0.7975594993183759
4520,0.9622064208341915,0.4800611824121293,1.7423977529876138,0.7562162303357551
4521,2.535242935699978,1.0433711163669008,1.7423977529876138,0.7959857534378164
4522,0.949683655291657,0.4886712790022833,1.766258539545032,0.7561864347878781
4523,2.5503418934307125,1.0546402318012627,1.766258539545032,0.7943358163341451
4524,0.9367385080907823,0.498306713097541,1.7910407715796015,0.7561572767992623
4525,2.5656777726041002,1.0666197337118752,1.7910407715796015,0.7926224511424187
4526,0.9234015455516972,0.5088750132833444,1.8166210300350465,0.7561288540297012
4527,2.5811936890068785,1.0792439525049013,1.8166210300350465,0.790857862807635
4528,0.9097053758362525,0.5202818704680502,1.8428773056335679,0.7561012533052862
4529,2.59683295505054,1.092446135904693,1.8428773056335679,0.7890536841640131
4530,0.8956847521313055,0.532433021462297,1.8696897175984615,0.7560745509843954
4531,2.6125393088924933,1.1061590490638593,1.8696897175984615,0.7872209641825423
4532,0.8813766832243919,0.5452357567264039,1.8969410987875923,0.7560488133486756
4533,2.628257125944842,1.120315506291334,1.8969410987875923,0.7853701584084821
4534,0.8668205508143095,0.5586000644165245,1.924517459961135,0.7560240970152546
4535,2.643931612992609,1.1348488334741405,1.924517459961135,0.7835111216078506
4536,0.8520582324127992,0.5724394460430944,1.9523083471195906,0.7560004493666027
4537,2.6595089853714957,1.1496932628088699,1.9523083471195906,0.7816531026372107
4538,0.8371342280531757,0.5866714514735494,1.9802071061418696,0.75597790899463
4539,2.6749366278374764,1.1647842633702845,1.9802071061418696,0.779804741544295
4540,0.8220957881939893,0.6012179850440236,2.008111068567673,0.7559565061557777
4541,2.690163239900133,1.1800588123707685,2.008111068567673,0.7779740688984795
4542,0.8069930391548112,0.6160054328226533,2.035921671515905,0.7559362632340503
4543,2.7051389664927314,1.195455612778879,2.035921671515905,0.7761685073399384
4544,0.7918791011116535,0.6309646559304847,2.0635445235887677,0.7559171952091069
4545,2.7198155149191736,1.2109152633561817,2.0635445235887677,0.7743948753248125
4546,0.7768101920809871,0.6460308880857589,2.090889427319524,0.7558993101267256
4547,2.7341462590559114,1.2263803872297492,2.090889427319524,0.7726593930310874
4548,0.7618457094157431,0.6611435684428743,2.117870367385724,0.7558826095691277
4549,2.7480863318001396,1.2417957249290308,2.117870367385724,0.7709676903764303
4550,0.7470482781291026,0.6762461341140465,2.144405472503282,0.7558670891228404
4551,2.7615927067486354,1.2571081974560432,2.144405472503282,0.7693248170852627
4552,0.7324837528952735,0.6912857908888842,2.1704169576892887,0.7558527388419473
4553,2.7746242700684105,1.2722669444903623,2.1704169576892887,0.7677352547281766
4554,0.7182211579510283,0.7062132757540784,2.195831052462053,0.7558395437047704
4555,2.787141883484612,1.2872233423058215,2.195831052462053,0.7662029306427113
4556,0.7043325465181038,0.7209826208573034,2.2205779195499287,0.7558274840621865
4557,2.799108439265987,1.3019310054325668,2.2205779195499287,0.7647312336308772
4558,0.6908927590696486,0.7355509254675515,2.2445915678097315,0.7558165360759651
4559,2.8104889080365107,1.3163457755640344,2.2445915678097315,0.7633230313158599
4560,0.6779790581843406,0.7498781401331407,2.267809762307427,0.7558066721456805
4561,2.821250380185759,1.3304257007023816,2.267809762307427,0.7619806890284372
4562,0.6656706174141029,0.7639268654955285,2.2901739338803844,0.7557978613229067
4563,2.83136210159222,1.3441310070697579,2.2901739338803844,0.7607060900829646
4564,0.654047843198809,0.7776621669572006,2.311629089971081,0.7557900697115725
4565,2.8407955043144923,1.3574240658928236,2.311629089971081,0.7595006572935996
4566,0.6431915131209864,0.7910514055165241,2.332123728085243,0.7557832608534961
4567,2.849524232846395,1.3702693567964825,2.332123728085243,0.75836537557396
4568,0.6331817213872447,0.8040640844810301,2.351609752871022,0.7557773960982714
4569,2.857524166474382,1.3826334292193538,2.351609752871022,0.7573008154576586
4570,0.6240966338172275,0.8166717113802637,2.3700423975287417,0.7557724349568142
4571,2.86477343821989,1.3944848629857234,2.3700423975287417,0.756307157373414
4572,0.6160110698424138,0.8288476741629525,2.387380150032408,0.7557683354380054
4573,2.8712524507957657,1.4057942289330518,2.387380150032408,0.7553842165065636
4574,0.6089949474132856,0.840567130636917,2.403584684465259,0.7557650543680036
4575,2.876943889955084,1.4165340502964983,2.403584684465259,0.7545314680789262
4576,0.6031116467627642,0.8518069100607479,2.4186207976337544,0.7557625476919081
4577,2.881832735562399,1.4266787653880229,2.4186207976337544,0.7537480728809913
4578,0.5984163682441466,0.8625454257991891,2.4324563510204484,0.7557607707575711
4579,2.8859062706719056,1.4362046919732185,2.4324563510204484,0.7530329028942594
4580,0.5949545748107883,0.8727625979914038,2.445062218059947,0.7557596785814578
4581,2.8891540888538856,1.4450899936400277,2.445062218059947,0.7523845668471134
4582,0.5927606177752378,0.8824397852398842,2.4564122366684913,0.7557592260965575
4583,2.891568099970037,1.453314648366257,2.4564122366684913,0.7518014355547201
4584,0.5918566424502949,0.891559724398506,2.4664831669222522,0.7557593683824261
4585,2.893142534559525,1.460860419423923,2.4664831669222522,0.751281666901932
4586,0.5922518566658819,0.9001064776147495,2.4752546537585336,0.7557600608775408
4587,2.893873946960575,1.4677108287050369,2.4752546537585336,0.7508232303378358
4588,0.5939422205149418,0.908065385859082,2.4827091945648663,0.7557612595742046
4589,2.8937612172568046,1.4738511325128554,2.4827091945648663,0.7504239307612074
4590,0.5969105827572485,0.9154230282511031,2.488832111520857,0.7557629211963216
4591,2.892805552102834,1.479268299832657,2.488832111520857,0.7500814316875206
4592,0.6011272526504514,0.9221671865655225,2.4936115285648226,0.7557650033604233
4593,2.891010484449727,1.4839509930749004,2.4936115285648226,0.7497932776000673
4594,0.6065509609768661,0.9282868143703817,2.4970383528698497,0.7557674647203748
4595,2.888381872157044,1.4798452557087007,2.4970383528698497,0.7495569153999706
4596,0.6131301357084938,0.9337720103146656,2.49910626073084,0.7557702650962482
4597,2.884927895444316,1.4719894997847942,2.49910626073084,0.7493697148822452
4598,0.6208043996372535,0.9386139951424646,2.4998116877841143,0.7557733655878892
4599,2.880659053100263,1.463472476947659,2.4998116877841143,0.7492289881773416
4600,0.6295061908060778,0.9428050920662818,2.499153823503413,0.7557767286737437
4601,2.8755881573325786,1.4543148636506025,2.499153823503413,0.7491320081096599
4602,0.6391624109703928,0.9463387101832,2.497134609939803,0.7557803182955367
4603,2.8697303271043255,1.4445391503279175,2.497134609939803,0.7490760254362147
4604,0.6496960202082587,0.9492093306648373,2.493758744697528,0.7557840999294303
4605,2.8631029797645033,1.4341696698332387,2.493758744697528,0.7490582849397704
4606,0.6610275139330066,0.951412495495752,2.4890336881623982,0.7557880406443045
4607,2.855725820739911,1.4232326275905613,2.4890336881623982,0.7490760403613291
4608,0.673076238643089,0.9529447985756815,2.482969675023492,0.7557921091478206
4609,2.8476208310127005,1.4117561331999735,2.482969675023492,0.7491265681666688
4610,0.6857615220200528,0.9538038790392045,2.4755797301518805,0.7557962758209406
4611,2.838812252062879,1.3997702331491846,2.4755797301518805,0.7492071801507222
4612,0.6990036095725286,0.9539884166825878,2.4668785060722658,0.7558005127415862
4613,2.8293257897911626,1.3873046402309446,2.4668785060722658,0.7494304825692034
4614,0.7127244129456799,0.9534981294221891,2.456876363880809,0.755804793698119
4615,2.8191836460695785,1.3743791730337585,2.456876363880809,0.7504247429498693
4616,0.7268480840603605,0.9523337727423351,2.4456103107374556,0.7558090941933276
4617,2.808427574656864,1.361058714372625,2.4456103107374556,0.7499648171138665
4618,0.7413014347372727,0.9504971411235269,2.433066155591572,0.7558133914396037
4619,2.797059143437365,1.3473177416066777,2.433066155591572,0.7529020075556612
4620,0.7560142240199369,0.9479910714746383,2.419325068348089,0.7558176643459802
4621,2.785157884272006,1.3332840534138612,2.419325068348089,0.7508878790908771
4622,0.7709193357619544,0.9448194486259223,2.404354542959742,0.7558218934977013
4623,2.7727063450922866,1.3189030354469724,2.404354542959742,0.7554065244236309
4624,0.7859528678863346,0.940987212973586,2.388253505043344,0.7558260611289709
4625,2.759802397274105,1.3043169069900085,2.388253505043344,0.7524468785723002
4626,0.8010541526522413,0.9365003704019481,2.370980828423777,0.7558301510895263
4627,2.7464155286164744,1.2894610951137775,2.370980828423777,0.7561522061215985
4628,0.8161657247404,0.9313660046461889,2.352664592751084,0.7558341488056528
4629,2.732672066331496,1.2745078667501613,2.352664592751084,0.754388255065575
4630,0.8312332513247422,0.9255922922979603,2.333261931266784,0.7558380412362464
4631,2.7185352269606815,1.2593908343164777,2.333261931266784,0.7575553460074658
4632,0.8462054357532546,0.9191885206981115,2.3128950117900984,0.7558418168245111
4633,2.704125423239156,1.2442641446672473,2.3128950117900984,0.7565796013660349
4634,0.8610339041441858,0.912165109005989,2.2915447575203345,0.7558454654458484
4635,2.689424033511423,1.2290932185178038,2.2915447575203345,0.7591428420647433
4636,0.8756730821776666,0.9045336327836434,2.2693194637099294,0.7558489783524799
4637,2.6745358073256633,1.2140057530664463,2.2693194637099294,0.7587808237620315
4638,0.8900800676452003,0.8963068524862434,2.246230043356912,0.7558523481153233
4639,2.6594670149570367,1.1990035249850948,2.246230043356912,0.760522111507962
4640,0.9042145028999321,0.8874987463074036,2.222368494851952,0.7558555685636099
4641,2.644302551746297,1.1841865275425223,2.222368494851952,0.7608017878135619
4642,0.9180384502024493,0.8781245478901933,2.1977570655154386,0.7558586347227071
4643,2.6290547832508744,1.1695677109968088,2.1977570655154386,0.7628081774743135
4644,0.9315162720460388,0.8682007894813538,2.172504592910442,0.7558615427505967
4645,2.613820676467613,1.1552598828929497,2.172504592910442,0.7626596206166452
4646,0.9446145178357854,0.85774535117744,2.146657135976368,0.7558642898734109
4647,2.598630853674044,1.1412984665616626,2.146657135976368,0.7638874923230254
4648,0.9573018177530526,0.8467775169865457,2.1203005553966348,0.7558668743204295
4649,2.583552945188551,1.1277613799005757,2.1203005553966348,0.7641833896134892
4650,0.9695487842294294,0.8353180385066378,2.0934959176402295,0.7558692952588854
4651,2.5686259271106473,1.1146950100659996,2.0934959176402295,0.7651254496623314
4652,0.9813279211549366,0.8233892070991573,2.06632063581473,0.7558715527289299
4653,2.5539015756644194,1.102160359418772,2.06632063581473,0.7663760645181941
4654,0.9926135407310743,0.8110149355109584,2.0388997087420795,0.7558736475790612
4655,2.5394757477619145,1.0902632037771576,2.0388997087420795,0.7660708818138922
4656,1.003381687731189,0.7982208499637262,2.0112482190750542,0.7558755814023029
4657,2.525328769109484,1.078990163098339,2.0112482190750542,0.7677322597382896
4658,1.0136100708331481,0.7850343937801891,1.9833590006818986,0.7558773564733967
4659,2.5114146061464284,1.068307863900352,1.9833590006818986,0.7753342373037615
4660,1.02327800063009,0.7714849436399691,1.955640698302487,0.7558789756872439
4661,2.4981008874377344,1.0585838929137885,1.955640698302487,0.7688393999173588
4662,1.0323663338943136,0.7576039395397757,1.9280447921641675,0.7558804424988074
4663,2.485289086002002,1.0497227255225978,1.9280447921641675,0.770210290142843
4664,1.040857423659587,0.7434250294520818,1.9005074007062894,0.755881760864671
4665,2.472861793264926,1.041624098803659,1.9005074007062894,0.7763250927365842
4666,1.0487350746924098,0.7289842295052921,1.87344148739639,0.7558829351864149
4667,2.4611724764331715,1.0346142407718164,1.87344148739639,0.7721289151358752
4668,1.0559845039385973,0.714320100209093,1.8468066293108742,0.7558839702559622
4669,2.450115856766982,1.0285952531533802,1.8468066293108742,0.7740196392800076
4670,1.0625923055546038,0.6994739387716812,1.8207491984382644,0.7558848712030154
4671,2.439767719812794,1.0236302505607984,1.8207491984382644,0.7743093497711888
4672,1.0685464201607475,0.6844899868370851,1.7952972915928076,0.7558856434446981
4673,2.430081827981571,1.0196796974363769,1.7952972915928076,0.7765024305741612
4674,1.0738361079841232,0.6694156519302842,1.7703838271129122,0.7558862926374774
4675,2.4209145648469406,1.016639654082629,1.7703838271129122,0.7849095350909215
4676,1.0796376325020878,0.6530417485214186,1.7436937313866976,0.8334669095829553
4677,2.41126315619698,1.0137896099811834,1.7436937313866976,0.8674623858753735
4678,1.08391445583104,0.6374804867996129,1.719974011409193,0.7650978346096378
4679,2.4034808297484664,1.0128817247118864,1.719974011409193,0.7985365458557878
4680,1.0872178718497754,0.6222639716518967,1.6981759489427501,0.7666447863069904
4681,2.3970135146281337,1.0134510130979806,1.6981759489427501,0.7935838795911652
4682,1.0898975878969852,0.6071040428382242,1.6774393569754724,0.7705204625194316
4683,2.3913009975077513,1.0150609752206667,1.6774393569754724,0.8036208342811121
4684,1.0919585989850054,0.5920525009335156,1.6580037666676337,0.7741407362542694
4685,2.386496477859884,1.0177924814053008,1.6580037666676337,0.8045902704416531
4686,1.0933934388008084,0.5771797708071252,1.6398058520468173,0.7774113672813182
4687,2.382438660557569,1.0215261063631587,1.6398058520468173,0.8120844750511548
4688,1.094195360586808,0.5625616251947845,1.6225175791775681,0.7803398823809675
4689,2.3787005270346433,1.0260384627987371,1.6225175791775681,0.856477557774051
4690,1.094358840168766,0.5482787438294708,1.6073487692264077,0.7829384665042205
4691,2.376375080950109,1.0173747153098023,1.6073487692264077,0.8235843771310997
4692,1.0938795855700885,0.5344167016773809,1.5940467649880026,0.7852199186403329
4693,2.375117780740908,1.0065832664063321,1.5940467649880026,0.8303551902921975
4694,1.0927545300262984,0.5210658146159836,1.5825616683001273,0.7871974067154307
4695,2.374785277745281,0.9965372070069323,1.5825616683001273,0.8331674648482853
4696,1.0909818268967597,0.5083207629995223,1.5728680707841778,0.7888843840508668
4697,2.375258940587137,0.9871041763456979,1.5728680707841778,0.8424218349947121
4698,1.088560847129375,0.4962799282224833,1.565271667663317,0.7902945184142193
4699,2.3767672046832664,0.9786704105778405,1.565271667663317,0.8421193908768928
4700,1.0854921792699763,0.48504437689556634,1.5597049492341164,0.7914416269411488
4701,2.3791640469888673,0.9710647750658251,1.5597049492341164,0.8483658336460405
4702,1.0817776320119277,0.47471643438684163,1.5563193139556748,0.7923396160956948
4703,2.3825448623260037,0.9645020103472246,1.5563193139556748,0.8490572678196338
4704,1.0774202393116867,0.46539780881922943,1.5551065787618459,0.793002426157517
4705,2.3868470342850383,0.9589347518718024,1.5551065787618459,0.8528112698835474
4706,1.0724242681279765,0.4571872613252653,1.5561094614281692,0.7934439798076689
4707,2.392078059146737,0.9544390171284829,1.5561094614281692,0.8537728882644848
4708,1.0667952288749358,0.45017786947392435,1.5593324043168217,0.7936781344485283
4709,2.398217953301668,0.9510408074498092,1.5593324043168217,0.8552780515826136
4710,1.060539888713238,0.44445399542947117,1.5647665918946194,0.7937186379487029
4711,2.4052474669841524,0.9487666828680023,1.5647665918946194,0.8563015095125972
4712,1.0536662878377276,0.4400881403440378,1.5723872454334724,0.793579087551613
4713,2.4131456828046454,0.9476409583101795,1.5723872454334724,0.8568313881334343
4714,1.0461837589556728,0.4371379280179635,1.5821518563055403,0.7932728917280194
4715,2.4218872800259583,0.947679360981275,1.5821518563055403,0.8568969241835731
4716,1.0381029501862131,0.43564349702431693,1.5940012035795632,0.7928132347888007
4717,2.4314426813023444,0.9488885499748255,1.5940012035795632,0.8565286130617115
4718,1.0294358516488524,0.43562557583486594,1.6078607626436494,0.7922130441055043
4719,2.441778325424155,0.9512660365350608,1.6078607626436494,0.8557565412742015
4720,1.0201958260465878,0.4370844621628993,1.6236423573736136,0.7914849598131201
4721,2.452856965540282,0.954800297569827,1.6236423573736136,0.8546102842423837
4722,1.0103976435869813,0.44000003035333507,1.6412459749659418,0.7906413068926492
4723,2.4646379847641025,0.9594710688121209,1.6412459749659418,0.8531188687124532
4724,1.0000575216213468,0.44433276695178203,1.660561664772404,0.7896940695506919
4725,2.4770777242034114,0.9652498029631784,1.660561664772404,0.8513107382687447
4726,0.9891931694170941,0.45002571081167075,1.6814714480830764,0.7886548678298748
4727,2.490129818698928,0.9721002709136454,1.6814714480830764,0.8492137194282497
4728,0.9778238385094142,0.4570070765232168,1.7038511755123265,0.787534936397607
4729,2.503745535813806,0.9799792785256226,1.7038511755123265,0.8468549882297749
4730,0.9659703791035935,0.4651932863960507,1.727572280926516,0.7863451054717356
4731,2.5178741139620797,0.9888374680888681,1.727572280926516,0.844261037351686
4732,0.953655303015041,0.47449213138375657,1.7525033941787127,0.7850957838503042
4733,2.532463095977708,0.99862017251905,1.7525033941787127,0.8414576438180047
4734,0.9409028536362962,0.4848058174192781,1.778511787978986,0.7837969440189614
4735,2.5474586548859723,1.0092682914587046,1.778511787978986,0.8384698373745141
4736,0.9277390834030305,0.4960337151956154,1.805464646058496,0.7824581093138059
4737,2.5628059091242537,1.0207191612901638,1.805464646058496,0.8353218696382038
4738,0.9141919391867781,0.5080747014891662,1.8332301497741121,0.7810883431197324
4739,2.5784492249507047,1.0329073951760293,1.8332301497741121,0.832037184144743
4740,0.900291355960934,0.5208290449317987,1.8616783881721009,0.7796962400847653
4741,2.5943325042606507,1.0457656740749102,1.8616783881721009,0.8286383874394516
4742,0.8860693589557362,0.5341998404133569,1.8906821022742937,0.77828991932965
4743,2.610399456488222,1.0592254747420085,1.8906821022742937,0.8251472213770653
4744,0.8715601743214014,0.5480940311359803,1.9201172781439606,0.7768770196292033
4745,2.6265938536946263,1.0732177256042863,1.9201172781439606,0.8215845368140504
4746,0.8568003480361981,0.5624230767636013,1.9498636054168035,0.7754646965378124
4747,2.642859768327129,1.0876733857964853,1.9498636054168035,0.8179702688937298
4748,0.841828872403249,0.5771033332520668,1.979804818776827,0.7740596214261516
4749,2.659141793470104,1.102523946369461,1.979804818776827,0.8143234141385866
4750,0.8266873189465235,0.5920562085700583,2.0098289396487123,0.7726679823898844
4751,2.675385245699078,1.117701855651277,2.0098289396487123,0.8106620095751417
4752,0.8114199758078349,0.6072081520687339,2.0398284344689177,0.771295486983967
4753,2.6915363508909453,1.1331408729521373,2.0398284344689177,0.8070031141242496
4754,0.7960739868231727,0.622490526411103,2.069700304542033,0.7699473667284242
4755,2.7075424135399033,1.148776356313369,2.069700304542033,0.8033627924929069
4756,0.7806994882757129,0.637839401573636,2.0993461208903637,0.7686283833233105
4757,2.7233519702821973,1.1645454909013897,2.0993461208903637,0.7997561018022791
4758,0.76534973784184,0.6531953015971643,2.128672015816867,0.7673428365021695
4759,2.7389149284472083,1.180387465049896,2.128672015816867,0.7961970811801494
4760,0.7500812284286247,0.6685029270586783,2.157588641233615,0.7660945734449622
4761,2.7541826905320113,1.1962436009696282,2.157588641233615,0.792698744534082
4762,0.7349537774242348,0.6837108698592093,2.186011102232451,0.76488699966322
4763,2.7691082655457695,1.2120574468795613,2.186011102232451,0.7892730767041077
4764,0.7200305793524207,0.6987713318533617,2.213858872934913,0.7637230912624255
4765,2.7836463681937276,1.2277748368573838,2.213858872934913,0.78593103317063
4766,0.7053782070907911,0.7136398549453742,2.2410557003768554,0.7626054084793926
4767,2.7977535068724833,1.2433439241358186,2.2410557003768554,0.7826825434647138
4768,0.6910665438030779,0.72827506736051,2.2675295010656904,0.7615361103859313
4769,2.8113880614326217,1.2587151929436347,2.2675295010656904,0.7795365183942294
4770,0.677168624770541,0.7426384486793246,2.2932122538910384,0.7605169706444976
4771,2.8245103516354733,1.2738414533501672,2.2932122538910384,0.7765008611610986
4772,0.6637603657396435,0.7566941147222294,2.3180398922621763,0.7595493941968969
4773,2.837082697190923,1.2886778229508586,2.3180398922621763,0.7735824824027464
4774,0.6509201527396132,0.7704086223444077,2.341952197673957,0.7586344347636096
4775,2.849069470215709,1.3031816986492033,2.341952197673957,0.7707873191457493
4776,0.6387282682354317,0.7837507935255081,2.364892696351147,0.7577728130289415
4777,2.8604371408989184,1.3173127212597155,2.364892696351147,0.7681203576125499
4778,0.627266130778665,0.7966915577190874,2.386808560173564,0.7569649353860504
4779,2.8711543171054847,1.3310327351829436,2.386808560173564,0.7655856597741352
4780,0.6166153308707136,0.8092038111900512,2.4076505127258265,0.7562109131159486
4781,2.881191778590969,1.344305744988585,2.4076505127258265,0.7631863934939156
4782,0.6068564553424622,0.8212622919589881,2.427372741032078,0.755510581875855
4783,2.890522506443183,1.3570978703846808,2.427372741032078,0.7609248660619066
4784,0.598067706646783,0.8328434689493633,2.4459328133151272,0.7548635213746815
4785,2.8991217083091367,1.3693773007460437,2.4459328133151272,0.7588025608748921
4786,0.5903233419170905,0.8439254439672594,2.4632916029504175,0.7542690751169795
4787,2.906966839910282,1.3811142501188325,2.4632916029504175,0.7568201769786262
4788,0.5836919784291169,0.8544878652124241,2.47941321865842,0.7537263701012088
4789,2.914037623295437,1.3922809134052097,2.47941321865842,0.7549776711533284
4790,0.5782348350803385,0.8645118511087857,2.4942649408867266,0.7532343363636965
4791,2.9203160622295035,1.402851424257006,2.4942649408867266,0.7532743021945429
4792,0.5740040004653029,0.8739799233420459,2.5078171642684706,0.7527917262659258
4793,2.925786455067298,1.4128018150651789,2.5078171642684706,0.7517086770185549
4794,0.571040833157829,0.8828759480944641,2.520043346001284,0.7523971334298072
4795,2.9304354054155337,1.422109979317726,2.520043346001284,0.7502787982053869
4796,0.5693746050175296,0.8911850845680255,2.5309199599661434,0.7520490112331388
4797,2.9342518308420678,1.430755636508382,2.5309199599661434,0.7489821125832183
4798,0.569021490842254,0.8988937399840222,2.5404264563945573,0.751745690785474
4799,2.937226969849983,1.4387202997079525,2.5404264563945573,0.7478155604558087
4800,0.5699839866229517,0.9059895303380825,2.5485452268924296,0.7514853983129308
4801,2.939354387294431,1.4459872458562457,2.5485452268924296,0.7467756250790482
4802,0.57225080578587,0.9124612462740834,2.5552615746373144,0.7512662718889651
4803,2.940629978382411,1.4525414887923116,2.5552615746373144,0.7458583820036492
4804,0.575797262461384,0.9182988235179682,2.5605636895805484,0.7510863774567249
4805,2.9410519713592493,1.458369755011634,2.5605636895805484,0.7450595479176979
4806,0.5805861090667818,0.9234933173834061,2.564442628505445,0.7509437240970837
4807,2.9406209289503193,1.463460462118976,2.564442628505445,0.7443745286446317
4808,0.5865687587358739,0.9280368809258475,2.5668922998160415,0.7508362785048528
4809,2.9393397485919657,1.4678036999329551,2.5668922998160415,0.7437984659783615
4810,0.593686796599307,0.9319227463803742,2.567909452956774,0.7507619786437766
4811,2.9372136614514925,1.471391214191696,2.567909452956774,0.743326283066933
4812,0.6018736705451443,0.9351452095723916,2.567493672391166,0.7507187465587256
4813,2.9342502302018083,1.4742163928068086,2.567493672391166,0.7429527280883655
4814,0.6110564520977723,0.9376996170392881,2.5656473760963605,0.7507045003309188
4815,2.930459345481821,1.4762742546145127,2.5656473760963605,0.7426724159962991
4816,0.6211575693260626,0.9395823556463264,2.56237581855953,0.7507171651689739
4817,2.9258532209382144,1.477561440577015,2.56237581855953,0.7424798681479513
4818,0.6320964326399904,0.9407908445218314,2.5576870982913396,0.7507546836350663
4819,2.92044638670784,1.4780762073936629,2.5576870982913396,0.7423695496618653
4820,0.6437908969351877,0.9413235291758304,2.5515921699000725,0.7508150250114424
4821,2.914255681161916,1.4778184234891747,2.5515921699000725,0.7423359043872974
4822,0.6561585262112443,0.9411798777032339,2.5441048607972356,0.7508961938179598
4823,2.9073002406935435,1.4767895673550169,2.5441048607972356,0.7423733874002532
4824,0.669117646900142,0.9403603790079952,2.5352411122442997,0.7509962374961988
4825,2.8996014171890936,1.4749956472219399,2.5352411122442997,0.7426312325938645
4826,0.6825881921979068,0.9388665430190023,2.5250200740251305,0.7511132532800162
4827,2.891181942660224,1.4724391067260454,2.5250200740251305,0.7430520125475206
4828,0.6964923512022825,0.9367009029022489,2.5134662290686274,0.7512453942762052
4829,2.882068601100529,1.4691222316996253,2.5134662290686274,0.7429609720603098
4830,0.7107550438660475,0.9338670193076389,2.5005945626005337,0.7513908747821562
4831,2.8722827793854804,1.465066466922714,2.5005945626005337,0.7440186058916205
4832,0.7253042463599724,0.9303694867231153,2.4863814918522573,0.7515479748701874
4833,2.8618132410399886,1.4573437529217543,2.4863814918522573,0.7492195803036169
4834,0.7400711922593259,0.9262139420441803,2.4709172493347644,0.7517150442704442
4835,2.8507312161584477,1.4435697812629364,2.4709172493347644,0.7552348296741564
4836,0.7549904738749467,0.9214070755038261,2.4542628015914967,0.7518905055860905
4837,2.839095680302276,1.4295167191436986,2.4542628015914967,0.7473321476484894
4838,0.770000065782591,0.9159566441469327,2.436415992062983,0.752072856875868
4839,2.8269122034530065,1.4151570915715455,2.436415992062983,0.7507007601174034
4840,0.7850412897424219,0.9098714880748829,2.4174434598509382,0.7522606736401015
4841,2.814241844939471,1.4005751689625239,2.4174434598509382,0.7502625866433239
4842,0.8000587371618306,0.9031615497309864,2.3973189046907466,0.7524526102468261
4843,2.8010610461907466,1.385713519726203,2.3973189046907466,0.7547722916579922
4844,0.8150001623146991,0.8958378965458876,2.3761795433778827,0.7526474008350132
4845,2.7874935590532366,1.3707531240691342,2.3761795433778827,0.7537435241523506
4846,0.8298163568508805,0.8879127473149229,2.3539892387229266,0.7528438597318723
4847,2.7735022108528242,1.35562159638707,2.3539892387229266,0.7571395570516796
4848,0.8444610137904353,0.8793995027369051,2.3307180517980775,0.7530408814209255
4849,2.7590496371426743,1.3402641815095457,2.3307180517980775,0.7659777103561165
4850,0.8588905872208498,0.8703127806064276,2.3066726560709685,0.7532374400970763
4851,2.744422029284406,1.3250704548350853,2.3066726560709685,0.760231035600682
4852,0.8730641522896855,0.8606684562197615,2.281782906702278,0.7534325888441776
4853,2.729542442886232,1.309917430198689,2.281782906702278,0.763484434496917
4854,0.8869432687776194,0.8504837086278256,2.256129677932141,0.7536254584697615
4855,2.7144763992621868,1.2948828069177847,2.256129677932141,0.7642635895999319
4856,0.9004918505064067,0.8397770734482508,2.2297186749787694,0.7538152560305558
4857,2.6992126183981706,1.2799478875492103,2.2297186749787694,0.7681747119724187
4858,0.913676042039564,0.8285685030314756,2.2026985146050935,0.7540012630813019
4859,2.683878550577953,1.2652677071780067,2.2026985146050935,0.7681589861602022
4860,0.9264641035291274,0.8168794348616062,2.175087836947603,0.7541828336781483
4861,2.6684698830560936,1.2508341439480541,2.175087836947603,0.7707418379994194
4862,0.9388263041125129,0.8047328691589457,2.147013447209581,0.7543593921665849
4863,2.6530868711861637,1.2367647033662403,2.147013447209581,0.77144635844453
4864,0.9507348239371055,0.7921534567336563,2.1185043798419287,0.7545304307825245
4865,2.6377285585042705,1.2230590013092102,2.1185043798419287,0.7742325991120317
4866,0.9621636646597912,0.7791675982129906,2.0897077363685,0.7546955070937219
4867,2.622508621966078,1.209846742516849,2.0897077363685,0.7742532457938106
4868,0.9730885681120793,0.7658035558190963,2.060648345563092,0.7548542413072922
4869,2.6074140811115685,1.197116687493664,2.060648345563092,0.7774711283023759
4870,0.9834869427209397,0.752091578897975,2.031501893097561,0.7550063134676331
4871,2.592579253735971,1.1850164830181054,2.031501893097561,0.776622609304722
4872,0.993337797216852,0.7380640443749915,2.0022767057220676,0.7551514605676052
4873,2.577965897649246,1.1735104197530553,2.0022767057220676,0.7797232206215243
4874,1.0026216811328084,0.7237556132138888,1.9731924298950463,0.7552894735943801
4875,2.563743310424012,1.1627756833273162,1.9731924298950463,0.7786423752569763
4876,1.0113206315925358,0.709203403751062,1.9442337358696644,0.7554201945299316
4877,2.549840090553381,1.152745153776938,1.9442337358696644,0.782625428523749
4878,1.0194181258965223,0.6944471824201128,1.9156490683234193,0.7555435133247342
4879,2.53644438360661,1.143605307274251,1.9156490683234193,0.7804572964536642
4880,1.0268990394355726,0.6795295718142967,1.8874344021144052,0.7556593648618628
4881,2.523486291351813,1.1352921508683638,1.8874344021144052,0.783358109476727
4882,1.0337496084899418,0.6644962751801399,1.8598372502884992,0.7557677259273253
4883,2.5111426349247123,1.127969061807407,1.8598372502884992,0.7819507020464261
4884,1.0399573975048801,0.6493963151980238,1.83285535477259,0.7558686122011692
4885,2.4993355865014246,1.121566197018295,1.83285535477259,0.784933602041667
4886,1.0455112704687228,0.634282283167472,1.8067449866070835,0.7559620752826162
4887,2.4882408988036406,1.1162323261554659,1.8067449866070835,0.78323709150171
4888,1.05040136605611,0.6192105923387858,1.7814727722103656,0.756048199761273
4889,2.4777408352462826,1.1118670953538996,1.7814727722103656,0.7870191046083866
4890,1.054619076235586,0.6042417259676806,1.757371636470089,0.7561271003452726
4891,2.4680794697616393,1.0978547756315309,1.757371636470089,0.7844905904702114
4892,1.0581570280770745,0.5894404665666075,1.734349945402084,0.7561989190560786
4893,2.459073688658929,1.083129664647913,1.734349945402084,0.7895104072416033
4894,1.0610090685302205,0.5748760876674472,1.712786666120673,0.7562638224985995
4895,2.4510086956843193,1.0689119888284246,1.712786666120673,0.7858882765898856
4896,1.0631702519791344,0.5606224831572624,1.6925562672645915,0.7563219992142192
4897,2.4436628207090925,1.0549862499534848,1.6925562672645915,0.7929927826228332
4898,1.0646368304126064,0.5467582020195163,1.6740446411793604,0.7563736571233812
4899,2.4373287009059514,1.0417086576745003,1.6740446411793604,0.7875756266312106
4900,1.0654062460814544,0.5333663484869094,1.6571193130251092,0.7564190210633984
4901,2.43177651106946,1.0288413457171928,1.6571193130251092,0.7922491659966823
4902,1.0654771265464156,0.5205342999627781,1.6418944443262842,0.7564583304263103
4903,2.4270254416758728,1.016422726792512,1.6418944443262842,0.8058581352871206
4904,1.0648492820510862,0.5083531889062846,1.6288272702348183,0.756491836900732
4905,2.4234580545219377,1.0049774446826472,1.6288272702348183,0.7921466936058748
4906,1.0635237051850135,0.4969170921557737,1.6177340840606789,0.756519802320878
4907,2.4208008850643643,0.9942011964823669,1.6177340840606789,0.798793748690622
4908,1.0615025728324197,0.48632187447359243,1.6088377288558033,0.7565424966251837
4909,2.4192138528716,0.9843592956317447,1.6088377288558033,0.7952174148197384
4910,1.0587892504323675,0.4766636454249981,1.6020391478813258,0.7565601959262469
4911,2.4185200372616342,0.9752439585284456,1.6020391478813258,0.8001191405232098
4912,1.0553882986067435,0.4680368128631502,1.5974327045742602,0.7565731806931759
4913,2.418758149904597,0.9669437389179667,1.5974327045742602,0.808367331463812
4914,1.0513054822434165,0.460531753909108,1.5952176459297294,0.7565817340468008
4915,2.4201143417505615,0.9598120082385027,1.5952176459297294,0.8010149036595896
4916,1.0465477821535727,0.4542321745039595,1.595301620687491,0.7565861401676577
4917,2.4224542539921132,0.9536966570988473,1.595301620687491,0.8038063849355508
4918,1.0411234094547075,0.4492122866624982,1.5976938329059884,0.7565866828161185
4919,2.4257759454935406,0.9486539844515591,1.5976938329059884,0.8038365495181702
4920,1.0350418228641725,0.4455339893177376,1.6023672463226937,0.7565836439635744
4921,2.4300465028145464,0.9446800674679668,1.6023672463226937,0.8055542413207198
4922,1.028313749122685,0.443244281340627,1.6093024018494164,0.7565773025331162
4923,2.4352654199466244,0.9418373465063581,1.6093024018494164,0.8058443544405929
4924,1.020951206802726,0.44237315034492725,1.6184480433342932,0.7565679332477813
4925,2.4414058567421275,0.9401348729170964,1.6184480433342932,0.80641158597826
4926,1.0129675337931963,0.4429321581883198,1.629741457861337,0.7565558055840426
4927,2.448443518823143,0.9395866664046935,1.629741457861337,0.8067284006323782
4928,1.0043774187887762,0.4449138816666705,1.6431052702868354,0.7565411828279132
4929,2.456350944805854,0.9402006748540723,1.6431052702868354,0.806790471061128
4930,0.9951969371496113,0.448292273323092,1.6584484018697472,0.756524321230728
4931,2.465096596560032,0.9419760894722983,1.6584484018697472,0.8066145779536114
4932,0.9854435915334442,0.45302390037856005,1.6756678701196264,0.7565054692614125
4933,2.47464509299374,0.9449033005668916,1.6756678701196264,0.8062181135629218
4934,0.9751363577368867,0.45904992153988766,1.694650695162349,0.7564848669518295
4935,2.484957502452853,0.9489641227851497,1.694650695162349,0.8056182091785031
4936,0.96429573621348,0.4662985911278126,1.7152758217914192,0.7564627453315799
4937,2.4959916530524504,0.9541321889561156,1.7152758217914192,0.8048316647773632
4938,0.952943809761066,0.47468804842425993,1.7374159924399322,0.756439325948495
4939,2.5077024550527867,0.9603734902059938,1.7374159924399322,0.803874913637568
4940,0.9411043078864697,0.48412915757403757,1.7609395187976071,0.7564148204708971
4941,2.520042230634793,0.9676470371803116,1.7609395187976071,0.8027639905531572
4942,0.9288026783570693,0.4945282011475226,1.7857119131536263,0.756389430367616
4943,2.532961046714934,0.9759056133476499,1.7857119131536263,0.801514502300909
4944,0.9160661664305108,0.5057892853386149,1.8115973537353025,0.7563633466616512
4945,2.546407046780804,0.9850965896268008,1.8115973537353025,0.8001416002544095
4946,0.9029239022076914,0.5178163734763388,1.8384599703302815,0.7563367497533249
4947,2.5603267781356633,0.9951627699801633,1.8384599703302815,0.7986599551106026
4948,0.8894069964699447,0.5305149169879223,1.8661649466858883,0.7563098093087248
4949,2.5746655113913377,1.0060432398436352,1.8661649466858883,0.7970837337127353
4950,0.8755486452258684,0.543793093502458,1.8945794442705177,0.7562826842092345
4951,2.5893675495243658,1.0176741928685307,1.8945794442705177,0.7954265779673619
4952,0.8613842429896859,0.5575626888071311,1.9235733579281675,0.756255522557943
4953,2.6043765242912205,1.0299897159270512,1.9235733579281675,0.7937015858638827
4954,0.8469515045204604,0.5717396740619,1.9530199179214962,0.7562284617387681
4955,2.6196356782692454,1.0429225171860534,1.9530199179214962,0.7919212946131162
4956,0.8322905943440637,0.5862445346949338,1.9827961551207847,0.7562016285241583
4957,2.635088131237431,1.0564045868578809,1.9827961551207847,0.7900976659268435
4958,0.8174442628264962,0.6010024057551719,2.0127832469870532,0.7561751392273118
4959,2.650677130025463,1.0703677846645183,2.0127832469870532,0.7882420734630994
4960,0.8024579868314994,0.6159430628969843,2.042866761851866,0.7561490998949155
4961,2.6663462813335497,1.0847443518844078,2.042866761851866,0.7863652924623973
4962,0.787380112036152,0.6310008107137727,2.0729368181203958,0.7561236065365072
4963,2.6820397673550556,1.0994673489755997,2.0729368181203958,0.7844774915981417
4964,0.7722619927508789,0.64611430226667,2.1028881736791027,0.7560987453866593
4965,2.697702544317021,1.114471022156722,2.1028881736791027,0.782588227060308
4966,0.7571581235509122,0.6612263162505858,2.1326202591843764,0.7560745931963004
4967,2.7132805242902878,1.1296911040154618,2.1326202591843764,0.7807064388851994
4968,0.7421262551368206,0.676283511756109,2.1620371672025334,0.7560512175496076
4969,2.72872074081284,1.145065054281942,2.1620371672025334,0.7788404495359537
4970,0.72722748458013,0.6912361751869059,2.1910476074784424,0.7560286772030475
4971,2.7439714990199517,1.1605322474531412,2.1910476074784424,0.7769979647285417
4972,0.7125263074841756,0.7060379695667679,2.219564837005772,0.7560070224432622
4973,2.758982511086424,1.1760341140925759,2.219564837005772,0.7751860764866509
4974,0.6980906166577636,0.7206456931127672,2.2475065721025964,0.755986295460666
4975,2.773705017863875,1.191514242460818,2.2475065721025964,0.7734112683962104
4976,0.6839916287930196,0.7350190514156911,2.2747948883856246,0.7559665307357448
4977,2.7880918976439037,1.2069184467497456,2.2747948883856246,0.7716794230167471
4978,0.6703037175979193,0.7491204457038161,2.301356113392102,0.7559477554352281
4979,2.802097763000611,1.2221948076747406,2.301356113392102,0.7699958313925387
4980,0.6571041292349306,0.7629147783300385,2.3271207156173355,0.755929989815435
4981,2.8156790466674795,1.2372936905867369,2.3271207156173355,0.7683652045919618
4982,0.644472554299471,0.7763692756932555,2.352023192907453,0.7559132476302869
4983,2.828794077388027,1.2521677456475675,2.352023192907453,0.7667916871888585
4984,0.6324905306449092,0.7894533281819832,2.3760019624574684,0.7558975365416029
4985,2.841403146650589,1.2667718940017807,2.3760019624574684,0.7652788725854766
4986,0.6212406539742898,0.8021383463309876,2.3989992540981033,0.7558828585294876
4987,2.853468567178197,1.2810633032992964,2.3989992540981033,0.7638298200629079
4988,0.6108055791757212,0.8143976321476819,2.4209610080951203,0.7558692103007612
4989,2.8649547239976143,1.2950013553903599,2.4209610080951203,0.7624470734322288
4990,0.6012668056711433,0.8262062644464294,2.4418367783165724,0.755856583693547
4991,2.8758281188595696,1.308547608535064,2.4418367783165724,0.7611326811480437
4992,0.5927032550139639,0.8375409969900457,2.4615796413323263,0.7558449660762881
4993,2.8860574087270567,1.3216657560469631,2.4615796413323263,0.7598882177360722
4994,0.5851896683854052,0.848380168252383,2.4801461117835037,0.7558343407396172
4995,2.895613438991803,1.334321582923425,2.4801461117835037,0.7587148063780013
4996,0.5787948743140757,0.858703621664868,2.4974960641861506,0.7558246872796577
4997,2.9044692720220318,1.3464829217014724,2.4974960641861506,0.7576131424902336
4998,0.57358000053648,0.8684926352795985,2.513592661203648,0.7558159819714749
4999,2.9126002115883565,1.3581196085127092,2.513592661203648,0.7565835181284838
5000,0.5695967249918426,0.8777298598626159,2.528402288328069,0.7558081981315481
5001,2.919983823659773,1.3692034400895974,2.528402288328069,0.7556258470475203
5002,0.5668856753957879,0.8863992645166582,2.541894494844983,0.7558013064682587
5003,2.9265999540088288,1.3797081322927316,2.541894494844983,0.7547396902446711
5004,0.5654750906950673,0.8944860890187573,2.554041940913309,0.7557952754195407
5005,2.932430743014363,1.3896092805797582,2.554041940913309,0.7539242818170634
5006,0.5653798481975797,0.9019768021416338,2.5648203505671616,0.7557900714769454
5007,2.9374606380019928,1.3988843227165115,2.5648203505671616,0.7531785549658074
5008,0.5666009367306001,0.9088590653073305,2.5742084704362482,0.7557856594955172
5009,2.9416764034166354,1.4075125039353902,2.5742084704362482,0.7525011679853849
5010,0.5691254210122704,0.9151217009959527,2.5821880339822614,0.7557820029889737
5011,2.945067129077987,1.4154748446711285,2.5821880339822614,0.7518905300832127
5012,0.5729269003353453,0.9207546654014184,2.5887437310582517,0.7557790644098058
5013,2.9476242367285264,1.4227541109464712,2.5887437310582517,0.7513448268825441
5014,0.5779664220933264,0.9257490248897252,2.593863182614239,0.7557768054140135
5015,2.9493414850443767,1.4293347874369284,2.593863182614239,0.7508620454713406
5016,0.5841937741788468,0.9300969358736529,2.5975369203936474,0.7557751871102867
5017,2.9502149732417258,1.4352030532121425,2.5975369203936474,0.7504399988702842
5018,0.591549054969249,0.9337916277713809,2.599758371490303,0.7557741702935451
5019,2.950243143375295,1.440346760129415,2.599758371490303,0.7500763498045088
5020,0.599964408092797,0.9368273887657174,2.6005238476636223,0.755773715662812
5021,2.9494267813901334,1.4447554138406487,2.6005238476636223,0.7497686336756255
5022,0.6093658112488124,0.9391995541259532,2.5998325393394603,0.7557737840235089
5023,2.9477690169535022,1.448420157365966,2.5998325393394603,0.7495142806430537
5024,0.6196748215228548,0.9409044968963495,2.597686514255157,0.7557743364742996
5025,2.945275322059355,1.4513337571842415,2.597686514255157,0.7493106367362798
5026,0.6308102000280165,0.9419396207944409,2.594090720739022,0.7557753345786973
5027,2.9419535083636075,1.4534905917916487,2.594090720739022,0.7491549839322719
5028,0.6426893621705039,0.9423033551992339,2.589052995646279,0.7557767405217075
5029,2.9378137231735897,1.454886642683267,2.589052995646279,0.7490445591447185
5030,0.6552296228148256,0.9419951521444947,2.5825840770048383,0.7557785172518215
5031,2.9328684439794315,1.4555194877189972,2.5825840770048383,0.7489765720838244
5032,0.6683492256020732,0.9410154852661977,2.5746976214545563,0.7557806286087464
5033,2.927132471378333,1.4553882968429244,2.5746976214545563,0.7489482219570072
5034,0.6819681613084283,0.9393658506862995,2.5654102265923076,0.7557830394372779
5035,2.9206229202043157,1.4544938301342727,2.5654102265923076,0.7489567129918163
5036,0.6960087910755569,0.9370487698478427,2.554741458361391,0.7557857156877787
5037,2.9133592086359035,1.4528384381777295,2.554741458361391,0.7489992687727007
5038,0.7103962969621616,0.9340677943494576,2.542712820856966,0.7557886245037496
5039,2.90536281921823,1.450429758449984,2.542712820856966,0.7492844799698061
5040,0.7250589853154817,0.9304275128610957,2.5293496008772003,0.7557917342970056
5041,2.8966566615615132,1.447269609781241,2.5293496008772003,0.7495415077105003
5042,0.7399284688421263,0.9261335602378288,2.5146652051076734,0.7557950148110056
5043,2.887256900284023,1.4433854577233811,2.5146652051076734,0.7511820310583979
5044,0.7549397518335303,0.9211926289852472,2.4986211763786215,0.7557984371728926
5045,2.8771367862911785,1.4388388975997648,2.4986211763786215,0.7625909039197134
5046,0.770657563210936,0.9157571952258682,2.481123979056283,0.7804456225676957
5047,2.866126030663684,1.4338847703337265,2.481123979056283,0.8363314632517078
5048,0.7852090301958122,0.9107661451135113,2.46487526296694,0.697891895487035
5049,2.855828608689968,1.4291404666992447,2.46487526296694,0.7129192036177049
5050,0.8005577184209582,0.906359190824411,2.4493218687368987,0.7917623310311387
5051,2.8457177399221676,1.4248956237690795,2.4493218687368987,0.7842836250746495
5052,0.8150033870341893,0.9009975694211038,2.432373510728417,0.705170055020031
5053,2.835052028862733,1.4194880659456657,2.432373510728417,0.717475646337015
5054,0.8290526366927207,0.8948504199896867,2.4141041111146926,0.7064375247123358
5055,2.823800451895438,1.4131972000931223,2.4141041111146926,0.7169083874958853
5056,0.8430792564272765,0.8880529775386916,2.3945883084735553,0.7109513130141235
5057,2.8119466336048653,1.4062229193718845,2.3945883084735553,0.7272610970476311
5058,0.8570506659274847,0.8806223215135881,2.3738698891302645,0.7154736027896931
5059,2.799519554505012,1.3985796715527756,2.3738698891302645,0.736539818587433
5060,0.8709198283712839,0.8725723010449664,2.3518544873385903,0.7198604294754998
5061,2.7864198639305484,1.388065044117644,2.3518544873385903,0.7590522846566794
5062,0.8846415312496406,0.8639177386964569,2.3288436397379817,0.7240947765398119
5063,2.772917020313148,1.3731001467762352,2.3288436397379817,0.7536520469449567
5064,0.8981729847259691,0.8546745964269423,2.3047823310801174,0.7281666125627473
5065,2.7589498776766392,1.3579170454024272,2.3047823310801174,0.763346482054555
5066,0.911473755345504,0.8448600175406169,2.2797444396001367,0.732067887780836
5067,2.7445750956439716,1.3425908422759008,2.2797444396001367,0.7695109949405492
5068,0.9245056706189054,0.8344923712963319,2.253716162563655,0.7357921960799138
5069,2.7297606695660317,1.3270563671304942,2.253716162563655,0.7794287132199959
5070,0.9372327234802961,0.8235913046396212,2.2268536054815344,0.7393346333478121
5071,2.7146409371663713,1.3115116529445456,2.2268536054815344,0.7838587079791817
5072,0.9496209795427356,0.8121778019752262,2.1991433951451556,0.7426916710320356
5073,2.6991795842666217,1.2958911595686415,2.1991433951451556,0.7921504427333077
5074,0.9616384884644367,0.8002742539137231,2.1707284510515046,0.7458610374509312
5075,2.68349465401242,1.2803558997114943,2.1707284510515046,0.7960281542384949
5076,0.97325520026238,0.7879045360383191,2.1416276141193316,0.7488416063561537
5077,2.6675767063290046,1.2648856954626462,2.1416276141193316,0.8022295356146412
5078,0.9844428870738323,0.7750940988529323,2.1119646775124408,0.7516332924609288
5079,2.6515196370738834,1.249601406305308,2.1119646775124408,0.8060082907112733
5080,0.995175070612544,0.7618700701835386,2.0817731335111693,0.7542369536156259
5081,2.6353227123130494,1.2345000003892586,2.0817731335111693,0.8116491912407874
5082,1.0054269553779096,0.7482613714035123,2.0511919865874493,0.7566542992869303
5083,2.6190890989279314,1.2197101488017155,2.0511919865874493,0.8140092441690194
5084,1.0151753675389306,0.734298848928489,2.0202978185091447,0.7588878049856586
5085,2.602854934636326,1.2052750594649195,2.0202978185091447,0.8172023490940711
5086,1.0243986993193182,0.72001542245978,1.9891837427294303,0.7609406322876777
5087,2.5866692995523133,1.1912546044435348,1.9891837427294303,0.8198812388927299
5088,1.0330768586465267,0.7054462514229011,1.9579533943576855,0.7628165540995693
5089,2.5705878453895314,1.1777160803166595,1.9579533943576855,0.8221179700746235
5090,1.0411912237885053,0.6906289209146391,1.9267127655326963,0.7645198848333687
5091,2.5546642388682717,1.1647238862951657,1.9267127655326963,0.8239951090540426
5092,1.0487246026816492,0.6756036481905342,1.8955704896989158,0.7660554151710871
5093,2.5389502294857187,1.1523397181102193,1.8955704896989158,0.825553151832291
5094,1.0556611966471254,0.660413510229962,1.8646143902307382,0.7674283511184281
5095,2.523471843039863,1.1405982834712873,1.8646143902307382,0.8282429162011019
5096,1.0619865681968217,0.6451046921221916,1.8340443553170533,0.7686442570671179
5097,2.5083630574874047,1.1296433030686772,1.8340443553170533,0.8271966883497937
5098,1.0676876126417496,0.6297267548121354,1.8039344464763052,0.7697090026057528
5099,2.4936259481972094,1.1194804820426625,1.8039344464763052,0.8281011030482122
5100,1.072752533232686,0.6143329189878026,1.7743893801750934,0.7706287128394954
5101,2.479288682935103,1.1101438429417374,1.7743893801750934,0.8291138779728237
5102,1.0771708195835064,0.5989803594107024,1.745305239677152,0.7714097219988515
5103,2.465165907390623,1.1011986374035465,1.745305239677152,0.8375412274274228
5104,1.0809332291508311,0.5837305005865546,1.7163943344793797,0.7720585301368758
5105,2.4508842447325643,1.083776136443582,1.7163943344793797,0.8774037903290652
5106,1.08403177156838,0.568649300134084,1.689220291960215,0.7725817627322646
5107,2.4379166487713455,1.06698063437372,1.689220291960215,0.8350641159998676
5108,1.0864596956602002,0.5538075003379315,1.6634270369695756,0.7729861330327216
5109,2.4258116400117555,1.050482628761148,1.6634270369695756,0.8358772663172095
5110,1.0882114789832378,0.5392808210425996,1.6388451888171138,0.7732784069887497
5111,2.414302492186452,1.0340792074858511,1.6388451888171138,0.8387335372715297
5112,1.0892828197763316,0.5251500582943088,1.615676538613058,0.7734653706424557
5113,2.403491796375205,1.0178773766948295,1.615676538613058,0.8397954361053749
5114,1.0896706312194326,0.5115010433005416,1.5939794008070596,0.7735537998491576
5115,2.393337360729426,1.0018533612295315,1.5939794008070596,0.8423779347576946
5116,1.0893730379336668,0.49842440616627437,1.5739267309357299,0.7735504322214911
5117,2.3839120812490955,0.9860921471087051,1.5739267309357299,0.8453146477212546
5118,1.0883893746797362,0.4860150799868564,1.5557766845569578,0.7734619411963912
5119,2.3753784407983183,0.9707834053991298,1.5557766845569578,0.8428817675186251
5120,1.0867201872392043,0.47437147561810544,1.5394730813910045,0.7732949121347803
5121,2.3675832491810342,0.9557915050007918,1.5394730813910045,0.8482696512340422
5122,1.0843672354904685,0.4635942591398945,1.5253357931847327,0.7730558203721052
5123,2.360764396514311,0.9414049729215904,1.5253357931847327,0.843823138355197
5124,1.0813334987188654,0.4537846767371633,1.513276738163418,0.7727510111450583
5125,2.354746325767774,0.9274563843787413,1.513276738163418,0.8467206084878295
5126,1.0776231832284777,0.44504239950451,1.503182380058467,0.7723866813259342
5127,2.349322665376227,0.9137076394437282,1.503182380058467,0.8764938412215578
5128,1.07324173235195,0.4374629062524401,1.4957629671846575,0.7719688629012291
5129,2.3451901058390066,0.9010495473629269,1.4957629671846575,0.8471195097654545
5130,1.0681958389841004,0.4311344852013625,1.4908283529252109,0.7715034081352782
5131,2.3421031660918654,0.889243587278995,1.4908283529252109,0.8492006374658094
5132,1.0624934607954322,0.42613500966323936,1.4882166126716219,0.7709959763630531
5133,2.3398407433464365,0.8780384624758449,1.4882166126716219,0.8551239188051348
5134,1.0561438383128174,0.42252871621439175,1.4882345883772405,0.7704520223587581
5135,2.338742784463713,0.867953452831436,1.4882345883772405,0.8492612744582323
5136,1.0491575160866682,0.42036326890089454,1.4906741470273805,0.7698767862286494
5137,2.338565863197401,0.8587007658117302,1.4906741470273805,0.8533290411399516
5138,1.0415463671966811,0.41966741083657166,1.4956277586377986,0.7692752847776054
5139,2.3394521699569473,0.8505509077466028,1.4956277586377986,0.8503194166095729
5140,1.0333236213815065,0.4204494715279645,1.5029847374384413,0.7686523042994917
5141,2.3413047257239437,0.8434114640965197,1.5029847374384413,0.8515683865296646
5142,1.0245038971110259,0.42269691265849524,1.512719263683305,0.7680123947413521
5143,2.344163717721282,0.8374100075267564,1.512719263683305,0.850095670454961
5144,1.0151032379526586,0.4263769703783438,1.524738215260993,0.7673598651909955
5145,2.3479912577674824,0.8325412616892788,1.524738215260993,0.8497227610682024
5146,1.0051391536142675,0.43143831449606185,1.538951832288817,0.7666987806367114
5147,2.3527683224472806,0.8288255163091081,1.538951832288817,0.8501666781393661
5148,0.9946306660744046,0.4378135248691205,1.5552636126242405,0.7660329599466955
5149,2.358502269118136,0.8263473189035992,1.5552636126242405,0.8474740754039001
5150,0.9835983612338389,0.4454221073587897,1.5735495017806085,0.7653659750144142
5151,2.3651582714649866,0.8251013550277732,1.5735495017806085,0.8459434788488738
5152,0.9720644465378968,0.4541737471237883,1.5936812996847483,0.764701151014597
5153,2.372707601052561,0.8250917899604929,1.5936812996847483,0.8441822020632244
5154,0.9600528150234887,0.46397152187422486,1.6155234385463497,0.7640415677129431
5155,2.381120073747934,0.8263191300172732,1.6155234385463497,0.8421585786211713
5156,0.9475891162330036,0.47471485707057537,1.6389344057072472,0.7633900617710054
5157,2.3903615331858603,0.8287738366898133,1.6389344057072472,0.8398958383195927
5158,0.9347008344032659,0.4863020798575508,1.663768820098774,0.7627492299861135
5159,2.400394059199594,0.8324363430791336,1.663768820098774,0.8374188078455866
5160,0.9214173742732796,0.4986325018114218,1.6898793058383643,0.7621214334047443
5161,2.411176283509684,0.837277531174016,1.6898793058383643,0.8347517050227148
5162,0.9077701547490805,0.5116080210922846,1.7171181310527954,0.761508802246417
5163,2.422663722260254,0.8432594203512087,1.7171181310527954,0.8319180194991956
5164,0.8937927105044234,0.5251342774136152,1.7453386043794015,0.7609132415740776
5165,2.434809117766425,0.8503360214470905,1.7453386043794015,0.8289404795609733
5166,0.8795208013656405,0.5391214184661774,1.774396233723192,0.7603364376460852
5167,2.447562784610857,0.858454312278006,1.774396233723192,0.825841023562687
5168,0.8649925290074028,0.5534845471164833,1.8041496611557983,0.7597798648843412
5169,2.4608729556458706,0.8675552883287332,1.8041496611557983,0.8226407727869263
5170,0.8502484600485881,0.5681439189947687,1.834461394036221,0.7592447933928176
5171,2.4746861238891933,0.8775750435990937,1.834461394036221,0.819360005753443
5172,0.8353317540548715,0.5830249539891021,1.865198355904978,0.7587322969608404
5173,2.4889473767873924,0.8884458409169048,1.865198355904978,0.8160181341456645
5174,0.8202882941935445,0.5980581158778767,1.89623228199926,0.758243261485883
5175,2.5036007198393944,0.9000971375036685,1.89623228199926,0.8126336805401687
5176,0.8051668173097947,0.6131787041128407,1.9274399839158662,0.7577783937514074
5177,2.518589387101508,0.9124565392462787,1.9274399839158662,0.8092242581351471
5178,0.79001903896429,0.6283265919970535,1.95870350651948,0.7573382304964075
5179,2.5338561366164316,0.925450665085965,1.95870350651948,0.80580655268068
5180,0.7748997674542765,0.6434459369129856,1.989910198082598,0.7569231477147843
5181,2.549343529306187,0.9390059104609564,1.989910198082598,0.8023963068166623
5182,0.7598669990083023,0.6584848811212715,2.020952712184827,0.756533370124491
5183,2.564994190331078,0.9530491053292309,2.020952712184827,0.7990083070230461
5184,0.7449819841906616,0.6733952559721426,2.0517289573396997,0.7561689807484876
5185,2.5807510523348234,0.9675080676712758,2.0517289573396997,0.7956563733813359
5186,0.7303092531006649,0.6881322980059053,2.0821420078262953,0.7558299305519651
5187,2.5965575803647942,0.9823120574401548,2.0821420078262953,0.7923533523358084
5188,0.7159165842797847,0.7026543821621112,2.112099986888144,0.7555160480829676
5189,2.612357978573197,0.9973921387413085,2.112099986888144,0.7891111126274906
5190,0.7018748994963017,0.7169227749555913,2.1415159313827314,0.7552270490664286
5191,2.6280973790698994,1.0126814597346614,2.1415159313827314,0.7859405445536484
5192,0.6882580640116057,0.73090140881441,2.1703076451464858,0.7549625459047561
5193,2.6437220135121375,1.0281154605521223,2.1703076451464858,0.7828515626804131
5194,0.6751425699182927,0.7445566776416429,2.198397546783948,0.7547220570413519
5195,2.6591793681837506,1.0436320196227309,2.198397546783948,0.779853112106629
5196,0.6626070791914366,0.757857252922449,2.2257125162823823,0.7545050161468477
5197,2.6744183234408596,1.059171548392438,2.2257125162823823,0.7769531783434094
5198,0.6507318038610226,0.7707739192421351,2.252183743772231,0.7543107810913214
5199,2.689389278486959,1.0746770436873874,2.252183743772231,0.774158800836901
5200,0.6395977039428765,0.7832794278270429,2.2777465828734353,0.7541386426692944
5201,2.704044262492971,1.0900941060383789,2.2777465828734353,0.7714760901220886
5202,0.6292854902110095,0.7953483666060311,2.302340410360546,0.7539878330478871
5203,2.7183370331021486,1.1053709312674591,2.302340410360546,0.7689102485540135
5204,0.6198744291605831,0.8069570452703974,2.3259084933194525,0.7538575339120317
5205,2.7322231633605396,1.1204582816132196,2.3259084933194525,0.7664655945204746
5206,0.6114409618344792,0.8180833938512457,2.348397864531423,0.7537468842841925
5207,2.745660118095499,1.135309441692066,2.348397864531423,0.7641455899981391
5208,0.6040571661813057,0.8287068734120693,2.3697592064843067,0.7536549879994336
5209,2.758607320731673,1.1498801636912115,2.3697592064843067,0.7619528712730521
5210,0.5977891130362766,0.8388083975542568,2.389946744157647,0.7535809208200679
5211,2.771026211489569,1.1641286053828086,2.389946744157647,0.7598892826078224
5212,0.5926951864550447,0.8483702635431684,2.4089181465419798,0.753523737177306
5213,2.7828802978592986,1.1780152638438608,2.4089181465419798,0.757955912602209
5214,0.5888244569080567,0.8573760919748509,2.4266344367195263,0.7534824765304354
5215,2.794135198184277,1.1915029071623946,2.4266344367195263,0.7561531329623588
5216,0.5862152072334278,0.8658107740136133,2.443059910242557,0.7534561693369896
5217,2.804758679128484,1.204556505900825,2.443059910242557,0.7544806393672283
5218,0.5848937129858753,0.873660425335611,2.4581620614880175,0.7534438426301158
5219,2.814720687738424,1.2171431656641618,2.4581620614880175,0.7529374940993976
5220,0.5848733687847191,0.880912346011694,2.4719115176350113,0.7534445252019588
5221,2.823993378748347,1.229232061773704,2.4719115176350113,0.751522170091949
5222,0.5861542302634417,0.887554985653304,2.484281979899677,0.7534572523942614
5223,2.832551137715888,1.2407943767662375,2.484281979899677,0.7502325960335927
5224,0.5887230093951117,0.8935779132280157,2.4952501716650466,0.7534810704995916
5225,2.840370600515694,1.2518032412146884,2.4952501716650466,0.7490662021707843
5226,0.5925535235650784,0.8989717910266313,2.504795793157971,0.7535150407786263
5227,2.8474306696614495,1.262233678189803,2.504795793157971,0.7480199664481374
5228,0.5976075613034436,0.903728352332036,2.512901482348218,0.7535582431007253
5229,2.8537125278723336,1.2720625515456774,2.512901482348218,0.747090460636622
5230,0.6038360956066381,0.9078403824018625,2.519552781774145,0.7536097792166742
5231,2.8591996492484144,1.2812685181078542,2.519552781774145,0.7462738961124754
5232,0.611180753557746,0.911301702433099,2.5247381110331473,0.7536687756738918
5233,2.86387780837098,1.2898319837651917,2.5247381110331473,0.7455661689678389
5234,0.6195754406829904,0.9141071562277798,2.528448744712095,0.7537343863856624
5235,2.8677350875980285,1.2977350634106928,2.528448744712095,0.7449629041562607
5236,0.6289480200085256,0.9162525993255042,2.5306787955722267,0.7538057948670203
5237,2.870761882782131,1.304961544637722,2.5306787955722267,0.744459498401596
5238,0.639221957014973,0.9177348904114129,2.531425202843597,0.7538822161508221
5239,2.8729509075971906,1.3114968550729253,2.531425202843597,0.744051161626812
5240,0.6503178593765442,0.9185518848480643,2.5306877255257745,0.7539628983982852
5241,2.8742971966220687,1.3173280332129043,2.5306877255257745,0.7437329566889528
5242,0.6621548609883461,0.918702430217006,2.5284689406334735,0.7540471242188587
5243,2.8747981072922424,1.3224437026258453,2.5284689406334735,0.7434998372373396
5244,0.6746518202393054,0.9181863637913219,2.524774246367908,0.7541342117147435
5245,2.8744533207951934,1.3268340493800004,2.524774246367908,0.7433466835432613
5246,0.6877283205463991,0.9170045118946317,2.519611870236554,0.7542235152656915
5247,2.8732648419508093,1.3304908025666544,2.519611870236554,0.7432683361803042
5248,0.701305475567786,0.9151586911354861,2.512992882185357,0.7543144260699127
5249,2.8712369980841252,1.333407217794732,2.512992882185357,0.7432596274645606
5250,0.7153065518569187,0.9126517115393648,2.504931212847917,0.7544063724569915
5251,2.8683764368640556,1.3355780635465766,2.504931212847917,0.7433154105927036
5252,0.7296574282341048,0.9094873816341121,2.4954436770553943,0.7544988199886933
5253,2.864692123047697,1.336999610298896,2.4954436770553943,0.7434305864429452
5254,0.7442869144359561,0.9056705155791669,2.4845500027882363,0.7545912713634358
5255,2.860195334035176,1.3376696223288194,2.4845500027882363,0.7436001280289356
5256,0.759126952409248,0.9012069424649243,2.472272865785675,0.7546832661399931
5257,2.8548996541042255,1.3375873521419428,2.472272865785675,0.7438191026194055
5258,0.7741127226925648,0.8961035179465701,2.458637930060254,0.7547743802957355
5259,2.8488209671565166,1.3367535374768074,2.458637930060254,0.7440826915567587
5260,0.7891826763293802,0.8903681384173562,2.4436738945913365,0.7548642256343662
5261,2.841977447768811,1.3351704008581047,2.4436738945913365,0.744386207825709
5262,0.8042785101965801,0.8840097579701466,2.427412546491791,0.7549524490577287
5263,2.834389550300889,1.3328416516887198,2.427412546491791,0.7447251114385097
5264,0.8193451008889894,0.8770384084437894,2.4098884123475526,0.7550387317158234
5265,2.8260798079637826,1.3297737788736606,2.4098884123475526,0.7451774069378553
5266,0.8343304096247843,0.8694652229031332,2.3911375356656452,0.755122788048667
5267,2.8170715247195672,1.325975772293916,2.3911375356656452,0.746282002781781
5268,0.8491853681801012,0.8613024629589342,2.3712047030598877,0.7552043647331446
5269,2.807393831477262,1.3214477114769885,2.3712047030598877,0.7460408867924168
5270,0.8638637537007907,0.8525635503971797,2.3501211413161776,0.7552832395474266
5271,2.797065222824191,1.3162129411489312,2.3501211413161776,0.7474336195104353
5272,0.8783220584008464,0.8432631036570339,2.327858364884631,0.7553592201649791
5273,2.786048065597585,1.3103129464541294,2.327858364884631,0.7605586094095865
5274,0.8925193586335075,0.833416979773218,2.3046110634599883,0.7554321428895986
5275,2.7744987746774177,1.303664481649389,2.3046110634599883,0.7497798026317417
5276,0.906417186586504,0.8230423224824621,2.280379694046772,0.7555018713423122
5277,2.762407951245019,1.2963327222247953,2.280379694046772,0.7524374272258978
5278,0.9199794068722232,0.8121576172847189,2.2552256808010553,0.7555682951103836
5279,2.749816042421919,1.2883381315591287,2.2552256808010553,0.7524970631980527
5280,0.9331720995188737,0.8007827543476354,2.2291657299497065,0.7556313283680447
5281,2.7367184354472465,1.2796988562511111,2.2291657299497065,0.756152345736229
5282,0.9459634502832138,0.7889391002461672,2.202328433887277,0.755690908477985
5283,2.7232156983970257,1.2704335922702552,2.202328433887277,0.7557216258876559
5284,0.9583236487656158,0.7766495796359326,2.174723566824494,0.7557469945820142
5285,2.7092918489452544,1.260556384663147,2.174723566824494,0.7584594930711261
5286,0.9702247944848814,0.763938768065159,2.1463158519356877,0.7557995661887199
5287,2.694882180621474,1.250051861646974,2.1463158519356877,0.7656019234492694
5288,0.981640810838532,0.7508329972299158,2.117112166111337,0.7558486217653546
5289,2.679959728624413,1.2389035332812401,2.117112166111337,0.7982293439114835
5290,0.9925473667137499,0.7373604740616636,2.0875838291569786,0.7558941773406146
5291,2.664957645042846,1.2272504072627182,2.0875838291569786,0.7671828408765303
5292,1.0029218054080873,0.7235514150916504,2.0577369957080376,0.7559362651243963
5293,2.6498459273304227,1.2151143099366215,2.0577369957080376,0.7692831685175484
5294,1.0127430804541688,0.7094381975441009,2.027493896772439,0.7559749321500813
5295,2.6345056841727064,1.2024666945246791,2.027493896772439,0.7746701535984158
5296,1.021991697908355,0.6950555285422795,1.9970136481838254,0.7560102389443599
5297,2.6190506864881127,1.1893617373991898,1.9970136481838254,0.7755712624129003
5298,1.030649664651563,0.6804406336305712,1.9663686715801076,0.7560422582290889
5299,2.6035044264296876,1.1758180461149954,1.9663686715801076,0.7784568014589563
5300,1.0387004422547725,0.6656334654700459,1.9356359663460962,0.7560710736591789
5301,2.587891088270324,1.1618511546217236,1.9356359663460962,0.7821310877562495
5302,1.0461289059774428,0.6506769329852489,1.9049844039795107,0.7560967786000414
5303,2.5723228281887347,1.1475259426314974,1.9049844039795107,0.7829929197458708
5304,1.052921308490439,0.6356171503349088,1.8744931710026198,0.7561194749476489
5305,2.556817790084267,1.132857918097536,1.8744931710026198,0.7852636513078287
5306,1.0590652479434965,0.6205037037316836,1.8442370392781078,0.7561392719938432
5307,2.5413855008075235,1.1178535963071892,1.8442370392781078,0.7896436440605897
5308,1.0645496400286933,0.6053899321998673,1.8144456187624765,0.7561562853390909
5309,2.52618584076757,1.1026186861570015,1.8144456187624765,0.7885320775673988
5310,1.069364693724529,0.5903332156604182,1.7851752718822436,0.7561706358545098
5311,2.511201211781719,1.0871466406939458,1.7851752718822436,0.7907127273685466
5312,1.073501890438974,0.5753952600727835,1.7565396767281316,0.756182448694603
5313,2.496467139515572,1.0714636905575614,1.7565396767281316,0.7934147333705686
5314,1.076953966303643,0.5606423645412932,1.728769376235624,0.7561918523617845
5315,2.4821316919886756,1.0556830997008972,1.728769376235624,0.793648317819517
5316,1.0797148974046193,0.546145649140191,1.7019783600371194,0.756198977823457
5317,2.468223164210197,1.0398355710730829,1.7019783600371194,0.7934894555117568
5318,1.0817798877682143,0.5319812146498742,1.6762384197898732,0.7562039576820818
5319,2.45472472904095,1.023913742796654,1.6762384197898732,0.7960248001518091
5320,1.0831453599519465,0.5182301965464365,1.6517894498069683,0.7562069253984035
5321,2.4417852046507678,1.0080479509710998,1.6517894498069683,0.7950315674224463
5322,1.083808948122336,0.5049786659047644,1.62868751475085,0.7562080145677113
5323,2.4293683609131533,0.9922177303826082,1.62868751475085,0.7965693823065838
5324,1.0837694935317406,0.4923173203439585,1.606998374071429,0.7562073582487798
5325,2.417446327368685,0.9764028362252436,1.606998374071429,0.8018212673217641
5326,1.0830270423365915,0.4803409004697598,1.5871245776635088,0.7562050883448934
5327,2.406332743193569,0.9609052678882495,1.5871245776635088,0.7970015704451537
5328,1.08158284572916,0.46914726403735346,1.5689794613654686,0.7562013350361659
5329,2.3958502100920316,0.9455777164108063,1.5689794613654686,0.8003278224419164
5330,1.0794393623845655,0.45883605472141387,1.5528566689289005,0.7561962262621588
5331,2.386212660539027,0.9306504579800404,1.5528566689289005,0.7979824886658565
5332,1.0766002632543628,0.4495069189097759,1.5386499993580756,0.7561898872536441
5333,2.377229014617728,0.9159498861960566,1.5386499993580756,0.802246588656351
5334,1.0730704387678498,0.4412572559580817,1.526728524324458,0.7561824401121939
5335,2.3692111093608426,0.9018298218642297,1.526728524324458,0.7990603511176287
5336,1.0688560085324628,0.4341795366603245,1.5169016717457382,0.7561740034361542
5337,2.3618922434757192,0.8880268660371329,1.5169016717457382,0.8045219442293079
5338,1.0639643336553821,0.4283582893770253,1.5095498872008,0.7561646919914303
5339,2.355629981998741,0.8749775651750687,1.5095498872008,0.8003306473508518
5340,1.0584040318399117,0.42386692591144226,1.5044379179115395,0.7561546164254148
5341,2.3501257177109722,0.8623674406478063,1.5044379179115395,0.8078456274046248
5342,1.0521849954424,0.4207646464094439,1.5018899679858513,0.7561438830222975
5343,2.3457219747066764,0.8506520341033251,1.5018899679858513,0.8019160401390106
5344,1.045318412708393,0.41909370665102663,1.5016681467127009,0.7561325934979276
5345,2.3421350411350095,0.8395153210133741,1.5016681467127009,0.809089411033989
5346,1.0378167924403159,0.4188773349192629,1.5040186837997214,0.7561208448323332
5347,2.3396760559982432,0.8294119577057311,1.5040186837997214,0.8037072153867665
5348,1.0296939923829695,0.4201185389435952,1.5087182626259084,0.7561087291379681
5349,2.33809883893078,0.8200556235701323,1.5087182626259084,0.8085535094743467
5350,1.020965251647098,0.42279994864466497,1.5158504455976973,0.7560963335617062
5351,2.3375669419280793,0.8117245613298129,1.5158504455976973,0.8107262361932867
5352,1.0116472275245578,0.426884714326436,1.5253577225475003,0.7560837402186019
5353,2.3380936692711085,0.8045019552227235,1.5253577225475003,0.8065505375678101
5354,1.0017580370801766,0.43231834954201037,1.5371054350375661,0.7560710261554076
5355,2.3395865413076966,0.7982992998686871,1.5371054350375661,0.809040987791664
5356,0.9913173039337769,0.4390313015356956,1.5510392815028191,0.7560582633418508
5357,2.342104065816721,0.7932702022937258,1.5510392815028191,0.8077703238479859
5358,0.9803462106690477,0.44694197040055667,1.5670299414628595,0.7560455186876786
5359,2.345586999875975,0.7893684538597713,1.5670299414628595,0.8092032709205904
5360,0.9688675573211966,0.4559598876138436,1.5849720123047255,0.7560328540834934
5361,2.350048643643689,0.786677513055065,1.5849720123047255,0.808269854880841
5362,0.9569058263988911,0.46598879844834074,1.6047346789783223,0.7560203264634422
5363,2.3554581663318803,0.7851972401774894,1.6047346789783223,0.8081361944545113
5364,0.9444872548829572,0.4769294550685526,1.6261852756263238,0.7560079878878367
5365,2.3617917431642517,0.784937591151148,1.6261852756263238,0.807812229840167
5366,0.9316399136081428,0.48868199980736515,1.649185944414852,0.7559958856438438
5367,2.369023421554608,0.7859029192138931,1.649185944414852,0.8072745879864487
5368,0.9183937943665961,0.501147886200334,1.6735949062919229,0.755984062362418
5369,2.377123040438712,0.7880873095597957,1.6735949062919229,0.8065389361487416
5370,0.9047809049617004,0.5142313396205297,1.699268253065427,0.7559725561497112
5371,2.386056419929276,0.7914745864972657,1.699268253065427,0.8056221832079714
5372,0.8908353722749462,0.5278403964154637,1.7260615333431175,0.7559614007312397
5373,2.3957856515426097,0.7960387340813301,1.7260615333431175,0.8045409083963703
5374,0.876593553169455,0.5418875812120166,1.7538311118592345,0.7559506256071674
5375,2.40626941045763,0.8017445452080174,1.7538311118592345,0.8033112679690627
5376,0.8620941527206241,0.5562902897943368,1.7824353050695347,0.7559402562171166
5377,2.4174632823368944,0.8085484560253732,1.7824353050695347,0.8019489641220023
5378,0.8473783488117326,0.5709709436601242,1.8117353047030689,0.755930314112988
5379,2.4293200996574176,0.816399520150635,1.8117353047030689,0.8004692184571631
5380,0.8324899215303426,0.5858569756838892,1.8415959070369132,0.7559208171383528
5381,2.441790282800302,0.8252404736432822,1.8415959070369132,0.7988867476277777
5382,0.817475385015761,0.6008806971152235,1.8718860692332002,0.755911779613036
5383,2.4548221814857993,0.8350088421407622,1.8718860692332002,0.7972157410643611
5384,0.8023841184013235,0.6159790863704915,1.9024793155968867,0.7559032125216034
5385,2.4683624125574033,0.8456380455794524,1.9024793155968867,0.7954698407862889
5386,0.7872684912294984,0.6310935309126843,1.9332540165775463,0.755895123704522
5387,2.4823561905926415,0.8570584625437698,1.9332540165775463,0.7936621233169886
5388,0.7721839771576289,0.6461695455477723,1.9640935622141424,0.7558875180508572
5389,2.4967476483261875,0.8691984244251268,1.9640935622141424,0.7918050837277366
5390,0.7571892478922934,0.6611564838983222,1.9948864499050254,0.7558803976914319
5391,2.5114801443912893,0.8819851181982089,1.9948864499050254,0.7899106218392489
5392,0.742346237085475,0.6760072546155892,2.0255263041930274,0.7558737621914547
5393,2.5264965563996618,0.8953453848857759,2.0255263041930274,0.787990030611847
5394,0.727720161425221,0.6906780499093241,2.055911843924861,0.7558676087417063
5395,2.5417395578724022,0.9092064080824565,2.055911843924861,0.7860539867541823
5396,0.7133794834399877,0.7051280910130471,2.0859468098422296,0.7558619323474297
5397,2.5571518779930966,0.9234962928956252,2.0859468098422296,0.7841125435772386
5398,0.699395797769521,0.7193193930607535,2.1155398634978595,0.7558567260141682
5399,2.572676543570332,0.938144540213439,2.1155398634978595,0.7821751261149555
5400,0.6858436200994699,0.7332165503465128,2.1446044664266544,0.7558519809298403
5401,2.5882571029648322,0.9530824243727405,2.1446044664266544,0.7802505285252602
5402,0.6728000560036537,0.7467865419164614,2.173058746770364,0.7558476866424327
5403,2.603837832053602,0.9682432842306118,2.173058746770364,0.7783469137758862
5404,0.6603443261216555,0.7599985567777182,2.2008253590602265,0.755843831232746
5405,2.6193639225693737,0.9835627385590536,2.2008253590602265,0.7764718156082359
5406,0.6485571250910193,0.7728238376022566,2.2278313415974433,0.7558404014817011
5407,2.6347816533699375,0.9989788368156634,2.2278313415974433,0.7746321427600102
5408,0.6375197952155058,0.78523554158042,2.2540079748182826,0.7558373830317717
5409,2.6500385453613875,1.0144321559154443,2.2540079748182826,0.7728341854135782
5410,0.6273133027395188,0.7972086169820861,2.2792906431666933,0.7558347605421817
5411,2.665083500926072,1.0298658528326046,2.2792906431666933,0.7710836238224864
5412,0.6180170153983399,0.8087196939720024,2.3036187022982513,0.7558325178375428
5413,2.679866928794513,1.045225681852934,2.3036187022982513,0.7693855390533595
5414,0.6097072948095084,0.8197469882694596,2.3269353528814722,0.7558306380496902
5415,2.6943408553557844,1.0604599841969942,2.3269353528814722,0.7677444257650903
5416,0.6024559357880082,0.8302702163199424,2.349187521823456,0.7558291037525006
5417,2.7084590234276473,1.0755196566280358,2.349187521823456,0.7661642069319975
5418,0.5963285054442388,0.8402705207427654,2.3703257514066074,0.7558278970895452
5419,2.7221769795109334,1.0903581046042186,2.3703257514066074,0.7646482504028655
5420,0.5913826556105154,0.8497304049237924,2.3903040965639737,0.7558269998944729
5421,2.735452150536729,1.1049311845676295,2.3903040965639737,0.7631993871738083
5422,0.5876664995465687,0.8586336757293656,2.4090800303274693,0.7558263938040555
5423,2.748243911083889,1.1191971391011546,2.4090800303274693,0.7618199312400439
5424,0.5852171544160677,0.8669653934221945,2.4266143573429826,0.7558260603638788
5425,2.76051364200193,1.1331165279346493,2.4266143573429826,0.7605117008801413
5426,0.5840595514860402,0.8747118279595198,2.4428711352484345,0.7558259811266932
5427,2.7722247813235783,1.1466521571422124,2.4428711352484345,0.7592760412164432
5428,0.5842056044198424,0.881860420946926,2.4578176036463097,0.7558261377434773
5429,2.7833428682948527,1.159769008335606,2.4578176036463097,0.7581138478872621
5430,0.5856538024839376,0.8883997526070788,2.471424120363938,0.7558265120473003
5431,2.7938355812907325,1.1724341692152316,2.471424120363938,0.7570255916603628
5432,0.5883892624127718,0.8943195132012858,2.483664104676875,0.755827086130094
5433,2.803672770323123,1.1846167664784089,2.483664104676875,0.7560113438131624
5434,0.5923842345907103,0.8996104784133677,2.494513987168543,0.7558278424124795
5435,2.8128264847862425,1.1962879017939019,2.494513987168543,0.7550708021031565
5436,0.5975990217762601,0.9042644882703095,2.5039531659090515,0.7558287637068121
5437,2.8212709970240164,1.2074205913208846,2.5039531659090515,0.7542033171522299
5438,0.6039832373217601,0.9082744292331218,2.5119639686549324,0.7558298332736277
5439,2.8289828222451927,1.217989709070161,2.5119639686549324,0.7534079190707389
5440,0.6114773088441464,0.911634219144908,2.5185316207970567,0.7558310348717079
5441,2.8359407352554014,1.2279719342666213,2.5185316207970567,0.7526833441514345
5442,0.6200141244933516,0.9143387947719512,2.52364421881456,0.7558323528019699
5443,2.842125784421531,1.2373457027672075,2.52364421881456,0.7520280614693062
5444,0.6295207219119439,0.9163841017183676,2.5272927090266664,0.7558337719454317
5445,2.8475213032327438,1.2460911625114621,2.5272927090266664,0.7514402992310933
5446,0.6399199323648893,0.9177670865361629,2.529470871471018,0.7558352777954965
5447,2.8521129197743513,1.2541901329267635,2.529470871471018,0.750918070727333
5448,0.6511319109656839,0.9184856908909725,2.5301753087755166,0.7558368564848114
5449,2.855888564385391,1.2616260681729736,2.5301753087755166,0.7504591997501951
5450,0.6630755048843536,0.9185388476799828,2.5294054399302746,0.7558384948069744
5451,2.8588384757279868,1.2683840240877964,2.5294054399302746,0.750061345351729
5452,0.675669431862533,0.9179264790330749,2.527163498906543,0.7558401802333572
5453,2.8609552054562384,1.274450628681639,2.527163498906543,0.7497220258293172
5454,0.6888332591510874,0.9166494961616527,2.523454538109993,0.7558419009253199
5455,2.862233621634022,1.2798140560266782,2.523454538109993,0.7494386418378339
5456,0.7024881869776904,0.9147098010524772,2.5182864366962745,0.7558436457420991
5457,2.8626709110145616,1.284464003387326,2.5182864366962745,0.7492084985410313
5458,0.7165576505410074,0.9121102900366288,2.5116699138168386,0.7558454042446516
5459,2.8622665802593326,1.2883916714466732,2.5116699138168386,0.7490288267278058
5460,0.7309677606116264,0.9088548592970178,2.5036185469024295,0.7558471666957282
5461,2.8610224561396467,1.291589747494646,2.5036185469024295,0.7488968028320083
5462,0.7456476057382057,0.9049484124121858,2.4941487951297714,0.7558489240564572
5463,2.8589426847305113,1.294052391457525,2.4941487951297714,0.7488095678072226
5464,0.7605294395798067,0.9003968700700375,2.4832800282534575,0.7558506679797149
5465,2.856033729572802,1.2957752246644212,2.4832800282534575,0.7487642448202223
5466,0.7755487757605798,0.8952071821231862,2.47103456101899,0.7558523908005463
5467,2.852304368745906,1.2967553212636898,2.47103456101899,0.7487579557385728
5468,0.7906444105134492,0.8893873421983707,2.4574376934034863,0.7558540855239105
5469,2.8477656907584845,1.2969912022206418,2.4574376934034863,0.748787836398874
5470,0.805758390747425,0.8829464051165248,2.442517756956521,0.7558557458100024
5471,2.8424310891293634,1.2964828318469477,2.442517756956521,0.748851050652422
5472,0.8208359423998279,0.875894507428179,2.4263061675332365,0.7558573659574026
5473,2.836316255493479,1.2952316168315055,2.4263061675332365,0.7489448031945095
5474,0.8358253712581717,0.8682428914216107,2.4088374847233003,0.7558589408843038
5475,2.829439171028887,1.2932404077620425,2.4088374847233003,0.7490663511921406
5476,0.8506779459972085,0.8600039330191789,2.3901494782797728,0.7558604661080441
5477,2.8218200959598443,1.2905135031461352,2.3901494782797728,0.749213014732598
5478,0.8653477710436073,0.8511911740412222,2.3702828090888524,0.755861937723175
5479,2.8134813616802803,1.2870579198420937,2.3702828090888524,0.7494695302445165
5480,0.8797916550738394,0.8418193593873583,2.349279919804788,0.7558633523782844
5481,2.8044461093736226,1.2828827400718052,2.349279919804788,0.7503278565493161
5482,0.8939689794593122,0.8319044797624329,2.3271917823291215,0.7558647072517766
5483,2.794743267740018,1.2779892743532826,2.3271917823291215,0.7499068348046313
5484,0.9078415697683426,0.8214638206590619,2.3040567280248467,0.7558660000268088
5485,2.7843912124097514,1.2723998326037138,2.3040567280248467,0.7510868323503597
5486,0.9213735724809011,0.8105160184005645,2.279858963673223,0.7558672288655731
5487,2.7733563810496396,1.2661483669357945,2.279858963673223,0.7594722032873628
5488,0.9345313383307694,0.7990811241466195,2.2545378377720424,0.7558683923830929
5489,2.761557444142545,1.2592591801813258,2.2545378377720424,0.7838019598277944
5490,0.9489880705415396,0.7866485357881734,2.227156553973713,0.8480739673514045
5491,2.7489005046287347,1.2518147914131759,2.227156553973713,0.8457334255082292
5492,0.9618899615185578,0.7740511144512536,2.19973449501949,0.7663636016142802
5493,2.7359651485949095,1.2434849459955732,2.19973449501949,0.7759072200180719
5494,0.973910975372553,0.7611330969552996,2.1717713213003758,0.7679956113754959
5495,2.7225614478761337,1.234458656638473,2.1717713213003758,0.7861944898079601
5496,0.9855450523313249,0.7477885625179846,2.1430688032060714,0.7723880786195221
5497,2.7087009713923726,1.224803531795619,2.1430688032060714,0.7840074145829309
5498,0.9967844274269603,0.7340374826146756,2.1136487482217574,0.7764965276105511
5499,2.694384351544533,1.21456250707808,2.1136487482217574,0.7917384889752095
5500,1.0076024831236614,0.7199071105988643,2.083542235583358,0.7802096615809566
5501,2.6796075712279066,1.2037523735460522,2.083542235583358,0.800489239791952
5502,1.0179733450469746,0.70542675647093,2.052901944490823,0.7835359878880804
5503,2.6644831645653477,1.1923886654439517,2.052901944490823,0.8036536444461257
5504,1.0278726361177712,0.6906276830082357,2.0217555646430783,0.786489422228945
5505,2.648998697627224,1.1804897043315117,2.0217555646430783,0.8098372423856828
5506,1.0372774682914885,0.6755432660664581,1.9900959489823251,0.7890845314149297
5507,2.6331036843315814,1.1680470216584986,1.9900959489823251,0.8210860402256337
5508,1.0461664067542906,0.6602091899682121,1.958209006115732,0.7913362544484187
5509,2.617035791897154,1.1551255228990134,1.958209006115732,0.8195520076100259
5510,1.054519436289875,0.6446636694521464,1.9261201738983293,0.7932598136571484
5511,2.6007712644519945,1.1417377352255238,1.9261201738983293,0.8236259018020445
5512,1.0623179309004194,0.6289476997686144,1.8938959266673157,0.7948706401289628
5513,2.584323481963216,1.127896436073068,1.8938959266673157,0.8276690187446847
5514,1.069544626583864,0.6131053365412599,1.8616611280064395,0.7961843055095219
5515,2.5677603075266253,1.1136338208538348,1.8616611280064395,0.8303676518222738
5516,1.076183597109598,0.5971840062181708,1.829520511498989,0.7972164591847912
5517,2.5511258138190622,1.0989743575763211,1.829520511498989,0.832935618622212
5518,1.082220232628076,0.5812348465741866,1.7975893131450211,0.7979827702534716
5519,2.534470572339123,1.0839459387767036,1.7975893131450211,0.835003898508247
5520,1.0876412209518824,0.5653130745944766,1.7659900377464683,0.7984988737953865
5521,2.5178482984564856,1.0685792092216468,1.7659900377464683,0.8365839633005691
5522,1.0924345313529449,0.5494783758843259,1.734850534749504,0.7987803210190213
5523,2.501313865814702,1.0529068943839641,1.734850534749504,0.8377026488938761
5524,1.0965894007316042,0.5337953051617683,1.704303723492375,0.7988425329374524
5525,2.484923047798972,1.0369638446330862,1.704303723492375,0.8383871635064223
5526,1.100096322027145,0.5183336809982085,1.6744797314655422,0.7987007572787568
5527,2.468724864620421,1.0207821056636859,1.6744797314655422,0.8388153449815801
5528,1.1029470347554031,0.5031689493683192,1.6455139464632225,0.7983700283861376
5529,2.4527698014994934,1.004395803510148,1.6455139464632225,0.8392470458762722
5530,1.1051345175766658,0.4883824794258006,1.6175819857614882,0.7978651299054327
5531,2.437144828301133,0.9878672964638994,1.6175819857614882,0.838269796320464
5532,1.1066529828158826,0.4740617411517513,1.5908177063591402,0.7972005600944172
5533,2.4218929346372966,0.9712315004528064,1.5908177063591402,0.83754329248116
5534,1.1074978728769205,0.4603002985513508,1.5653647495782237,0.796390499619979
5535,2.4070649151952495,0.9545305741212431,1.5653647495782237,0.8366281208827488
5536,1.1076658585130643,0.4471975352140517,1.5413782659697617,0.7954487817365486
5537,2.3927222062685045,0.9378178144524549,1.5413782659697617,0.8352143191351322
5538,1.107154838937094,0.4348580139706192,1.519004243492483,0.7943888647625118
5539,2.378917691241843,0.9211432666252183,1.519004243492483,0.8336778365784533
5540,1.1059639437759954,0.4233903635478069,1.4983818662020625,0.7932238067911409
5541,2.3656994922795866,0.9045562014426914,1.4983818662020625,0.8320784015312974
5542,1.1040935368977192,0.41290558898249635,1.4796464333514001,0.7919662425891707
5543,2.3531156062554723,0.8881091207204007,1.4796464333514001,0.8303051551005117
5544,1.1015452221604005,0.4035147270057979,1.462766465219693,0.7906283626497531
5545,2.3410472657450163,0.8716983199699827,1.462766465219693,0.8335191229515978
5546,1.0983218511581556,0.39532582025342805,1.4481984007345545,0.7892218943773841
5547,2.3298869056780633,0.8557098488506945,1.4481984007345545,0.8265273747027456
5548,1.094427533062046,0.38844026904461726,1.4358217085070535,0.787758085390649
5549,2.319442781703584,0.8399820404505469,1.4358217085070535,0.8270785328175867
5550,1.0898676466800847,0.38294873259555173,1.4258647123112909,0.7862476889344702
5551,2.3099006611012034,0.8247274638898688,1.4258647123112909,0.8227715548471438
5552,1.0846488548863094,0.3789268767682142,1.4181998867323358,0.7847009513970835
5553,2.3010774187157863,0.8097776779558731,1.4181998867323358,0.8239212228150466
5554,1.0787791215959606,0.37643137376502145,1.4126064244982321,0.7831276019283382
5555,2.2926785904307665,0.7948115221053169,1.4126064244982321,0.8417710449809032
5556,1.0725185627608773,0.3745244405364589,1.4079160314180013,0.8744077063645797
5557,2.2842312416237274,0.7793031163139393,1.4079160314180013,0.909880299219453
5558,1.065390707174106,0.37499526471624034,1.4073492218861543,0.7904270539110876
5559,2.2777613031540325,0.765566825793226,1.4073492218861543,0.8424920232353883
5560,1.0575491064253313,0.3773094774525317,1.4098901229272605,0.790481601843555
5561,2.272652659355942,0.7529857763956398,1.4098901229272605,0.8324728813123046
5562,1.0491154934444382,0.3811180280898067,1.4147411547067643,0.7933534877198878
5563,2.268327093153639,0.7409581213194717,1.4147411547067643,0.8399211468301574
5564,1.0401047185538348,0.38636708057344066,1.421543854759485,0.7959652900500367
5565,2.2643576477371474,0.728987628840007,1.421543854759485,0.884111962760599
5566,1.03052911544799,0.39299407292486005,1.431068312933985,0.7982084236660186
5567,2.2618100322011365,0.7184264542690888,1.431068312933985,0.849003797309129
5568,1.0204022495708058,0.40092013013818883,1.4429335873579692,0.8000952251026262
5569,2.2603062736318615,0.7088867113677145,1.4429335873579692,0.8558839241517139
5570,1.0097390647889743,0.41005367188141734,1.4569979026793483,0.8016430857474873
5571,2.2597802445264628,0.7003506626210843,1.4569979026793483,0.8570588985557491
5572,0.9985559243654463,0.42029441799426653,1.4730595714204655,0.8028696630617832
5573,2.2600562696088775,0.692630919929196,1.4730595714204655,0.8657906155499031
5574,0.9868706546932552,0.4315371076348347,1.4911661239121043,0.8037926276242688
5575,2.2613910451255923,0.6861408852874391,1.4911661239121043,0.8648258070624554
5576,0.9747025951978007,0.4436747054893162,1.5111116280162395,0.8044295994578229
5577,2.2636197227264603,0.6807005322316232,1.5111116280162395,0.8705024669828922
5578,0.9620726549411427,0.45660099090706835,1.5328212149574656,0.8047980958830925
5579,2.266845405304635,0.6765206190543677,1.5328212149574656,0.8703215739038078
5580,0.9490033764275012,0.4702125172042269,1.556137674011478,0.8049154832712984
5581,2.2709932604828778,0.6735364595090596,1.556137674011478,0.8733213350619646
5582,0.9355190071240773,0.4844099910605324,1.580936573632771,0.8047989320709745
5583,2.276092044522142,0.6718459291430309,1.580936573632771,0.8735873404135903
5584,0.9216455792075705,0.4990991568383145,1.6070750296472676,0.8044653748238281
5585,2.2821105084289512,0.6714429114118259,1.6070750296472676,0.8743460094920875
5586,0.9074109980160704,0.5141912833739416,1.6344146183352068,0.803931466946
5587,2.2890298126393342,0.6723359686521129,1.6344146183352068,0.8746058817405571
5588,0.8928451396181758,0.5296033484559453,1.6628166964794457,0.8032135500942663
5589,2.2968293295831854,0.6745259144513096,1.6628166964794457,0.8743591991399695
5590,0.8779799577928398,0.5452580053030297,1.6921431540553895,0.8023276179736955
5591,2.3054838944619522,0.678000786365771,1.6921431540553895,0.8736380482734927
5592,0.862849600527441,0.561083400801921,1.7222575379029001,0.801289284475215
5593,2.314963960764154,0.6827361339749186,1.7222575379029001,0.8724756308626469
5594,0.8474905358662389,0.5770129002704529,1.7530259687531071,0.8001137540590371
5595,2.3252358847921073,0.6886958421884557,1.7530259687531071,0.8709046430226028
5596,0.8319416865497153,0.5929847598737727,1.784317865280702,0.7988157943234709
5597,2.3362622370579027,0.695833253071515,1.784317865280702,0.8689571766610308
5598,0.8162445723444248,0.6089417763368753,1.8160064978135737,0.7974097107186524
5599,2.3480021319462603,0.7040925046115492,1.8160064978135737,0.8666646832016566
5600,0.8004434582337209,0.6248309344345863,1.8479693949775373,0.7959093233814636
5601,2.3604115702453203,0.7134100037943116,1.8479693949775373,0.8640579398049731
5602,0.7845855056769522,0.6406030657297097,1.8800886261571945,0.7943279460816312
5603,2.3734437894180087,0.7237159527688646,1.8800886261571945,0.8611670156711225
5604,0.7687209228987811,0.6562125268498759,1.912250981295542,0.7926783672798156
5605,2.387049616782952,0.7349358551763914,1.912250981295542,0.8580212383794789
5606,0.7529031085900687,0.6716169018854988,1.9443480675841347,0.7909728333066496
5607,2.4011778211681274,0.7469919428801853,1.9443480675841347,0.854649160335354
5608,0.737188781440719,0.6867767309197718,1.9762763403150037,0.7892230336771828
5609,2.4157754590697262,0.7598044789304182,1.9762763403150037,0.8510785254193941
5610,0.7216380855505594,0.7016552649804398,2.0079370827987213,0.7874400885582485
5611,2.430788211867469,0.7732929084309627,2.0079370827987213,0.8473362359580807
5612,0.7063146589733929,0.7162182466010093,2.039236347953415,0.7856345384068846
5613,2.446160711191687,0.7873768433821886,2.039236347953415,0.8434483201575421
5614,0.6912856494887859,0.7304337145169383,2.070084872033729,0.7838163357963367
5615,2.461836850085168,0.8019768795231486,2.070084872033729,0.8394399001674787
5616,0.6766216582916053,0.7442718306653752,2.1003979690501295,0.7819948394423856
5617,2.4777600781355122,0.8170152522503696,2.1003979690501295,0.8353351609668128
5618,0.6623965888797887,0.7577047275061507,2.1300954127496965,0.7801788104369765
5619,2.493873679256845,0.8324163448720958,2.1300954127496965,0.8311573202871672
5620,0.6486873753963922,0.7707063736656806,2.15910131159058,0.7783764106885329
5621,2.510121031261896,0.8481070660932049,2.15910131159058,0.8269285998137393
5622,0.6355735626163896,0.7832524559739181,2.1873439809311344,0.7765952035591078
5623,2.526445846779124,0.8640171151996177,2.1873439809311344,0.822670197924795
5624,0.6231367094342778,0.7953202760826058,2.214755815651077,0.7748421566778856
5625,2.5427923954304794,0.8800791534452063,2.214755815651077,0.8184022642500073
5626,0.6114595900515273,0.8068886599971752,2.2412731656020566,0.7731236468987527
5627,2.5591057074917525,0.8962288991269789,2.2412731656020566,0.8141438763433875
5628,0.6006251731156637,0.8179378790090353,2.2668362156239708,0.7714454673569558
5629,2.575331759510245,0.9124051621775355,2.2668362156239708,0.8099130187776418
5630,0.5907153697671977,0.8284495806696482,2.2913888713374515,0.7698128365665674
5631,2.5914176425559585,0.9285498321280912,2.2913888713374515,0.8057265649726432
5632,0.5818095574829819,0.8384067285965223,2.314878651510092,0.7682304094868726
5633,2.6073117139366566,0.9446078312329542,2.314878651510092,0.8016002620705078
5634,0.5739829076210177,0.8477935500405793,2.3372565874746463,0.7667022904721679
5635,2.622963733318443,0.9605270425525964,2.3372565874746463,0.7975487191628553
5636,0.5673045694449577,0.856595490272521,2.3584771298346237,0.7652320480061712
5637,2.6383249842672356,0.9762582209615643,2.3584771298346237,0.7935853991616751
5638,0.5618357895798691,0.8647991729622713,2.3784980625116594,0.7638227311095088
5639,2.6533483822677826,0.991754893427953,2.3784980625116594,0.7897226145834834
5640,0.5576280694749087,0.8723923658304511,2.397280424057767,0.7624768872969323
5641,2.667988570291027,1.0069732535196336,2.397280424057767,0.7859715274870621
5642,0.5547214798461155,0.8793639509447875,2.414788436063749,0.7611965819501945
5643,2.6822020029724625,1.0218720539247166,2.414788436063749,0.7823421537681565
5644,0.5531432556692716,0.885703899118174,2.430989438434309,0.7599834189632
5645,2.6959470204382594,1.0364124998132673,2.430989438434309,0.7788433719705172
5646,0.5529067848619236,0.8914032479398251,2.4458538312641442,0.7588385625082276
5647,2.7091839127763926,1.0505581450911736,2.4458538312641442,0.7754829367223365
5648,0.554011077654181,0.8964540830375379,2.4593550230317898,0.7577627597659564
5649,2.721874976100376,1.064274792980085,2.4593550230317898,0.7722674968514189
5650,0.5564407643474214,0.9008495222285564,2.471469384825124,0.7567563644577361
5651,2.733984561096515,1.0775304018745377,2.471469384825124,0.7692026181725746
5652,0.5601666222660179,0.9045837022698249,2.4821762103205196,0.755819361016136
5653,2.7454791148844353,1.0902949970556903,2.4821762103205196,0.7662928108782068
5654,0.5651465856379114,0.9076517679664567,2.491457681254127,0.754951389229289
5655,2.7563272169571165,1.102540588559828,2.491457681254127,0.7635415613994342
5656,0.5713271523633738,0.9100498634408216,2.499298838146374,0.7541517691958886
5657,2.76649960990241,1.1142410952912352,2.499298838146374,0.760951368542094
5658,0.5786450748460321,0.9117751254045846,2.5056875560680063,0.7534195264308404
5659,2.775969225544435,1.1253722753181583,2.5056875560680063,0.7585237836412566
5660,0.5870292109782843,0.912825678312979,2.5106145252663783,0.7527534169663938
5661,2.784711207081184,1.1359116621848973,2.5106145252663783,0.7562594544212068
5662,0.5964024154576746,0.9132006313152604,2.5140732365035285,0.7521519522999744
5663,2.792702927734942,1.145838507002499,2.5140732365035285,0.7541581721966573
5664,0.606683367720087,0.9129000769482664,2.5160599709918006,0.751613424047706
5665,2.799924006375115,1.1551337260368317,2.5160599709918006,0.7522189220066909
5666,0.61778825635013,0.9119250915518919,2.51657379484808,0.7511359281716116
5667,2.806356320519054,1.163779853489501,2.51657379484808,0.7504399352366686
5668,0.6296322661489787,0.9102777374166396,2.5156165580234693,0.750717388658466
5669,2.811984017065546,1.1717609991590001,2.5156165580234693,0.7488187442559089
5670,0.6421308391823892,0.90796106670476,2.5131928977011495,0.750355580539094
5671,2.816793521067815,1.1790628106726357,2.5131928977011495,0.7473522385808804
5672,0.6552007024625561,0.9049791272184077,2.5093102461908554,0.7500481521482878
5673,2.820773542807919,1.185672439991022,2.5093102461908554,0.7460367220651559
5674,0.668760671147286,0.9013369701212363,2.503978843383588,0.7497926465373191
5675,2.8239150833922158,1.1915785139039836,2.503978843383588,0.744867970618283
5676,0.6827322470856632,0.8970406597544759,2.4972117538643617,0.7495865219630011
5677,2.8262114390477637,1.196771108257659,2.4972117538643617,0.7438412899656943
5678,0.6970400387609222,0.8920972857253826,2.4890248888137148,0.749427171389243
5679,2.827658204261775,1.2012417256762118,2.4890248888137148,0.742951572980029
5680,0.7116120311215788,0.8865149774855524,2.4794370328596163,0.7493119409488691
5681,2.828253273870241,1.2049832765667845,2.4794370328596163,0.7421933561399733
5682,0.726379733494733,0.8803029216596048,2.46846987606973,0.749238147324991
5683,2.8279968441671226,1.2079900632225011,2.46846987606973,0.7415608747047644
5684,0.7412782317028203,0.8734713824317664,2.456148051298781,0.7492030940222805
5685,2.8268914130717655,1.2102577668649321,2.456148051298781,0.7410481162297756
5686,0.7562461674448345,0.866031725349573,2.44249917712578,0.7492040865090109
5687,2.8249417793588347,1.211783437494125,2.44249917712578,0.7406488720897618
5688,0.7712256645423116,0.8579964449609258,2.4275539066296847,0.749238446220585
5689,2.8221550409218934,1.2125654864409117,2.4275539066296847,0.7403567867202311
5690,0.7861622181891352,0.8493791967636956,2.4113459822577012,0.7493035234244193
5691,2.8185405920081252,1.212603681542528,2.4113459822577012,0.7401654043327438
5692,0.8010045601282217,0.8401948340165762,2.393912297035423,0.7493967089544127
5693,2.814110119327313,1.2118991448886025,2.393912297035423,0.7400682129056445
5694,0.8157045098369986,0.8304594500364069,2.3752929623493775,0.7495154448308157
5695,2.808877596902681,1.2104543531102328,2.3752929623493775,0.7400586852967456
5696,0.8302168193861568,0.8201904266910099,2.3555313824964137,0.7496572337880506
5697,2.8028592794940197,1.2082731402101692,2.3555313824964137,0.7401303173679401
5698,0.8444990176395937,0.8094064898877078,2.3346743361360427,0.7498196477389958
5699,2.796073694384475,1.2053607029569955,2.3346743361360427,0.7402766630528756
5700,0.8585112578549474,0.798127772955573,2.3127714497482725,0.7500003352093522
5701,2.7885416516193477,1.2017258819589383,2.3127714497482725,0.7406607280204505
5702,0.872216171476216,0.7863758889229072,2.2898749589008114,0.7501970277800918
5703,2.7802847491513014,1.1973761880969902,2.2898749589008114,0.7414175659571901
5704,0.8855787299305641,0.7741740127981146,2.2660451710063088,0.7504075455795776
5705,2.771329218315929,1.1923148081604145,2.2660451710063088,0.7412496318421677
5706,0.8985661154997703,0.7615469750681155,2.241332020334672,0.7506298018698544
5707,2.761695501997756,1.1865632107265212,2.241332020334672,0.7425225239930915
5708,0.911147601786788,0.7485213677276584,2.2157376094124817,0.7508618067738582
5709,2.751363660912755,1.1801499556218142,2.2157376094124817,0.7497268426943282
5710,0.9232944438995566,0.7351256642359956,2.1892031505846474,0.7511016701919063
5711,2.7402581938979225,1.1730983587240902,2.1892031505846474,0.7914421564473567
5712,0.9349797781938626,0.7213903548507862,2.1621183590224295,0.7513476039569291
5713,2.728653959001063,1.1652953530777697,2.1621183590224295,0.7509232482842951
5714,0.946178531227191,0.7073480987930819,2.134493212672799,0.7515979232784472
5715,2.716545633328475,1.156826600067984,2.134493212672799,0.7529648656839569
5716,0.9568673374539358,0.6930338946241335,2.1063108796718626,0.7518510475254442
5717,2.703893353723929,1.147739657131088,2.1063108796718626,0.7576990942640272
5718,0.9670244651215778,0.678485270025934,2.07767504192245,0.7521055003979713
5719,2.690750963032555,1.1380485585495048,2.07767504192245,0.7614060952424201
5720,0.9766297497938297,0.6637424918203372,2.0486679899944287,0.7523599095367136
5721,2.6771530012887483,1.1277720287263846,2.0486679899944287,0.7659499589003359
5722,0.9856645349197907,0.6488487964656321,2.019394422065345,0.7526130056187961
5723,2.6631518161251466,1.116933710616125,2.019394422065345,0.7664268955456416
5724,0.9941116188798665,0.6338506403419165,1.9899160314140105,0.7528636209869219
5725,2.648758701133023,1.105545371926913,1.9899160314140105,0.7705072772340009
5726,1.001955207963616,0.61879796775849,1.960380760934455,0.753110687857534
5727,2.6340607086439443,1.0936451477181115,1.960380760934455,0.7719316586900319
5728,1.0091808747673183,0.60374449263979,1.9308332718845571,0.7533532361520959
5729,2.6190480155082265,1.0812345160401564,1.9308332718845571,0.7762897836775916
5730,1.0157755215367092,0.5887479870945752,1.9014478383499522,0.7535903909938768
5731,2.6038274440454496,1.0683661265282025,1.9014478383499522,0.7767450222240869
5732,1.0217273480206621,0.5738705663479705,1.8723039560071626,0.7538213699107861
5733,2.588415752518634,1.0550533233698294,1.8723039560071626,0.779377625670197
5734,1.0270258234429825,0.559178954616394,1.8435348890134111,0.7540454797828953
5735,2.5728768886108515,1.0413330574070851,1.8435348890134111,0.7805698767382323
5736,1.031661662240828,0.5447447102641763,1.815241455257364,0.7542621135713059
5737,2.5572418099633785,1.0272247162296777,1.815241455257364,0.7826937730358967
5738,1.0356268032588765,0.530644380929956,1.7875766044108774,0.7544707468630412
5739,2.541588128360078,1.0127764028992687,1.7875766044108774,0.7835514255873695
5740,1.0389143921277986,0.5169595503847342,1.7606247284130878,0.7546709342646042
5741,2.525926453437611,0.9979951949906374,1.7606247284130878,0.7854246520573311
5742,1.0415187665936458,0.5037767291648824,1.7343528579323924,0.7548623056748492
5743,2.510152767216374,0.9828049621974657,1.7343528579323924,0.7916317861999586
5744,1.043435444601423,0.4911870315320389,1.7092846995088236,0.7550445624658163
5745,2.494693389726356,0.9674994432963175,1.7092846995088236,0.7878605118449085
5746,1.0446611149713794,0.4792855738047922,1.6853564190627255,0.7552174735982043
5747,2.4794143592681563,0.9519927831115776,1.6853564190627255,0.7895733652772415
5748,1.0451936305406226,0.4681705262264611,1.6626639071798057,0.7553808716962531
5749,2.4643332813639214,0.9362991513522708,1.6626639071798057,0.7916563422350452
5750,1.0450320036756924,0.45794175577993357,1.6411853816937054,0.7555346491049141
5751,2.4493530429326142,0.9203399341333706,1.6411853816937054,0.7990292096024666
5752,1.044176404093967,0.4486990147205717,1.6214466588306908,0.7556787539503639
5753,2.434913742202374,0.9044653882456751,1.6214466588306908,0.793136582006257
5754,1.0426281589635034,0.44053966264165323,1.6033797263182277,0.7558131862231611
5755,2.420882062915739,0.8885821287798358,1.6033797263182277,0.7948173070612856
5756,1.0403897552823433,0.4335559602570645,1.587105783896757,0.755937993901638
5757,2.407313912753452,0.8727460454688988,1.587105783896757,0.7951974408546982
5758,1.0374648445697991,0.4278320385726024,1.5726538915874042,0.7560532691314839
5759,2.3941786072904883,0.8569385592764431,1.5726538915874042,0.7974748121339232
5760,1.033858249934011,0.4234407199451567,1.560247671425292,0.7561591444759089
5761,2.3816512855492125,0.8413266829693099,1.560247671425292,0.7973038489421176
5762,1.0295759756124028,0.42044043392962904,1.5498952221798445,0.7562557892492754
5763,2.369698562890496,0.8258956421843827,1.5498952221798445,0.7994325887267714
5764,1.024625219114853,0.4188725130069483,1.5417359341010552,0.7563434059456561
5765,2.3584352573224683,0.810771575805612,1.5417359341010552,0.7975446831112581
5766,1.0190143861336396,0.4187591542959655,1.5356732962072048,0.7564222267724156
5767,2.3477360312384006,0.795848793351583,1.5356732962072048,0.8007006916678242
5768,1.0127531084197117,0.4201022835537746,1.5315149225726852,0.7564925102976144
5769,2.3373669933117798,0.7808957262294918,1.5315149225726852,0.8328834325232368
5770,1.0058522648617472,0.42288346045519887,1.5300005008291386,0.756554538218817
5771,2.3281615066329744,0.7667924020619316,1.5300005008291386,0.8022662958434539
5772,0.9983240060427871,0.4270648368845933,1.5308483791874072,0.7566086122597186
5773,2.319842492497992,0.7532978328919915,1.5308483791874072,0.8073643141776312
5774,0.9901817825889689,0.43259105013527127,1.5340357804814804,0.7566550511999183
5775,2.3124361525177135,0.7404826226436547,1.5340357804814804,0.8046132438087015
5776,0.9814403776657635,0.43939182872369087,1.5393168881303234,0.7566941880421365
5777,2.3056991490495973,0.7281096573140442,1.5393168881303234,0.810832813589091
5778,0.9721159440187271,0.447385029753047,1.5462614593837962,0.756726367320207
5779,2.299116464142661,0.7156004970278411,1.5462614593837962,0.8474239148207607
5780,0.9620184510090818,0.4566102007771383,1.5550376194307596,0.848886720740979
5781,2.292778407922892,0.7030963371895731,1.5550376194307596,0.8983744722665945
5782,0.9514360174506892,0.4669135817883668,1.5667942831781982,0.7672647336326236
5783,2.288451586018669,0.6926775627328088,1.5667942831781982,0.8433890497913406
5784,0.9403442804665629,0.47812753461282725,1.5808222175279774,0.7689076994727445
5785,2.2854295710517185,0.6836020636222364,1.5808222175279774,0.8338751202847516
5786,0.9287333774742963,0.4901706643404704,1.5966287408710087,0.7733035627712997
5787,2.283161245410672,0.6752884490252439,1.5966287408710087,0.8455177820197475
5788,0.9166219072969969,0.5029577763785261,1.6143026780731902,0.7774110917837636
5789,2.281921842348592,0.6681173512812648,1.6143026780731902,0.8479387396670007
5790,0.9040316332280329,0.5164027539119486,1.6335504022269327,0.7811194312693951
5791,2.281408140933679,0.6617655234106146,1.6335504022269327,0.8593413448432508
5792,0.8909859681287378,0.5304211139567845,1.654455773301966,0.784437412502426
5793,2.2819436020829804,0.6566846872861714,1.654455773301966,0.8600928734774113
5794,0.8775099475311706,0.5449310175120087,1.6767798173074875,0.7873792562221308
5795,2.283294175913823,0.6526205688945796,1.6767798173074875,0.8690338239225076
5796,0.8636303096639185,0.5598538882266769,1.700503379753701,0.7899598197988468
5797,2.285658799799412,0.6498750091534664,1.700503379753701,0.8698648736088991
5798,0.8493755918301804,0.5751147939590812,1.725449850306617,0.7921943192219986
5799,2.288894578089555,0.6482934740795921,1.725449850306617,0.8765247961833074
5800,0.8347762387412307,0.5906426461298542,1.7515348748965298,0.794098240945599
5801,2.2930999408407917,0.6480423155347256,1.7515348748965298,0.8771393280414115
5802,0.8198647232488981,0.6063702610165669,1.778621631698773,0.7956872679564755
5803,2.2982008813713435,0.6490429252340455,1.778621631698773,0.8810700105689392
5804,0.8046756800553109,0.6222343205386978,1.8065952174568431,0.7969772121374805
5805,2.304227436349838,0.6513582386662109,1.8065952174568431,0.8818690159253244
5806,0.7892460527786268,0.6381752633154201,1.8353349417703537,0.7979839519532002
5807,2.3111422728129183,0.6549466274241321,1.8353349417703537,0.883746847644079
5808,0.773615254417048,0.6541371303354343,1.8647221711756765,0.7987233748687177
5809,2.3189322437885798,0.6597962961192531,1.8647221711756765,0.8841309481003384
5810,0.7578253407489207,0.6700673838689686,1.8946414324715868,0.7992113240126416
5811,2.3275725847803788,0.6658722881084245,1.8946414324715868,0.8843876536039306
5812,0.7419211954811316,0.6859167134462267,1.9249797082232127,0.7994635486725747
5813,2.3370363120341726,0.6731316514374346,1.9249797082232127,0.8841132990945713
5814,0.7259507249458577,0.6950305835848932,1.9556260893846702,0.799495658276976
5815,2.3472930064313573,0.6815227958383067,1.9556260893846702,0.8833376803069556
5816,0.7099650587694898,0.7018951889300076,1.9864725245262664,0.7993230795740195
5817,2.3583082939656825,0.6909856638592202,1.9864725245262664,0.8820914415765243
5818,0.6940187511094705,0.7098363880892895,2.0174141345407324,0.7989610167669534
5819,2.3700441446085296,0.7014532761694632,2.0174141345407324,0.8804088315288346
5820,0.6781699746822206,0.7187935562380254,2.0483494582111077,0.7984244144077122
5821,2.382459199400457,0.7128532927450044,2.0483494582111077,0.8783236525525633
5822,0.6624806968012378,0.7287003599832264,2.0791806251013116,0.7977279228870828
5823,2.39550911256264,0.7251095148515299,2.0791806251013116,0.8758690623694088
5824,0.647016822946164,0.7394861060342667,2.109813472915083,0.7968858663912337
5825,2.4091468994969953,0.7381432686490303,2.109813472915083,0.8730775333216455
5826,0.6318482889824685,0.7510770232846053,2.1401576195634653,0.7959122132215644
5827,2.4233232860173888,0.7518746362374181,2.1401576195634653,0.8699808179050512
5828,0.6170490781366759,0.7633974396268532,2.170126498710713,0.7948205483980427
5829,2.4379870546655944,0.7662235160905714,2.170126498710713,0.8666099143826619
5830,0.602697133450494,0.776370828069454,2.199637366390625,0.7936240484858826
5831,2.453085384439003,0.7811105082368026,2.199637366390625,0.8629950322880953
5832,0.5888741311660975,0.7899207089123051,2.228611285178331,0.792335458601858
5833,2.4685641807674075,0.7964576298613322,2.228611285178331,0.8591655578922901
5834,0.5756650761194845,0.803971404997641,2.2569730913828914,0.7909670715700559
5835,2.484368393102978,0.8121888741805557,2.2569730913828914,0.8551500197409263
5836,0.5631576778932007,0.8184486549766711,2.2846513498088563,0.7895307092075671
5837,2.500442318011122,0.8282306297806833,2.2846513498088563,0.8509760543955257
5838,0.5514414677333684,0.8332800950929485,2.3115782998259577,0.7880377057287512
5839,2.516729886154039,0.8445119796345275,2.3115782998259577,0.8466703725381424
5840,0.5406066228743281,0.8483956234073665,2.337689795784293,0.7864988932623819
5841,2.533174932030535,0.8609648992818091,2.337689795784293,0.8422587256275457
5842,0.5307424787512961,0.8637276620449811,2.362925244212066,0.7849245894793364
5843,2.549721445765699,0.8775243727229043,2.362925244212066,0.8377658733232276
5844,0.5219357319594599,0.8792113333462837,2.3872275397259726,0.7833245873296969
5845,2.5663138066261433,0.8941284428956918,2.3872275397259726,0.8332155519218174
5846,0.5142683679261738,0.8947845651545202,2.4105430011610633,0.781708146887259
5847,2.582896998267546,0.9107182115425253,2.4105430011610633,0.8286304440776082
5848,0.5078153853757444,0.9103881392121721,2.4328213090773882,0.780083989296711
5849,2.5994168060003258,0.9272378010927983,2.4328213090773882,0.8240321501040829
5850,0.5026424305630114,0.9240108685164397,2.454015445515213,0.7784602928142353
5851,2.6158199965878115,0.943634289063381,2.454015445515213,0.8194411611754547
5852,0.4988034911930726,0.9314373399501981,2.474081636639909,0.7768446909262253
5853,2.6320544812718483,0.9598576235224313,2.474081636639909,0.814876834765335
5854,0.4963388245608904,0.9382321022626233,2.492979298733384,0.7752442725233671
5855,2.648069462857453,0.9758605264281331,2.492979298733384,0.8103573726726192
5856,0.49527329864598213,0.9443847360092141,2.5106709878438074,0.7736655840986938
5857,2.6638155677853055,0.9915983901631273,2.5106709878438074,0.8058998019914538
5858,0.49561530343921956,0.9498859400713013,2.527122353292746,0.7721146339286618
5859,2.6792449641834883,1.0070291713344355,2.527122353292746,0.8015199593818922
5860,0.4973563426147791,0.9547275167935886,2.54230209515315,0.7705968981859771
5861,2.694311466922987,1.0221132848803358,2.54230209515315,0.7972324789896004
5862,0.5004713489917205,0.9589023595605559,2.5561819257480556,0.7691173289221385
5863,2.7089706307097825,1.0368135006952937,2.5561819257480556,0.7930507843462463
5864,0.5049196924972765,0.9624044426109477,2.56873653517437,0.7676803638466676
5865,2.7231798322346226,1.05109484432464,2.56873653517437,0.7889870845565491
5866,0.5106467802680091,0.9652288129253748,2.5799435608252628,0.766289937819051
5867,2.7368983423737667,1.0649245027651466,2.5799435608252628,0.7850523750432866
5868,0.517586097246567,0.967371584055597,2.5897835608656328,0.7649494959587279
5869,2.7500873893939954,1.0782717360111125,2.5897835608656328,0.7812564430781266
5870,0.5256615094729252,0.9688299317957602,2.5982399916055954,0.763662008268335
5871,2.762710214066214,1.0911077946857282,2.5982399916055954,0.7776078782744692
5872,0.5347896523108302,0.9696020916261066,2.605299188714833,0.7624299856560147
5873,2.7747321175367414,1.1034058438751695,2.605299188714833,0.7741140881595155
5874,0.5448822476297467,0.969687357888896,2.610950352224571,0.7612554972341645
5875,2.786120502746374,1.1151408931220117,2.610950352224571,0.7707813188777117
5876,0.555848229669097,0.9690860846848308,2.61518553527232,0.7601401887647082
5877,2.7968449101261625,1.126289732421663,2.61518553527232,0.76761468100812
5878,0.5675956004044004,0.9677996885065954,2.617999636556496,0.7590853021149597
5879,2.8068770482374235,1.136830873989893,2.617999636556496,0.7646181804058587
5880,0.5800329745329309,0.9658306526545599,2.619390396482415,0.7580916955835457
5881,2.8161908199626047,1.1467444995222724,2.619390396482415,0.7617947539045313
5882,0.593070806968784,0.9631825335086713,2.6193583969973697,0.7571598649527348
5883,2.8247623447944004,1.1560124126406282,2.6193583969973697,0.7591463096445376
5884,0.6066223198276915,0.959859968760434,2.617907065129642,0.7562899651219368
5885,2.8325699777134377,1.164617996211903,2.617907065129642,0.7566737717233568
5886,0.6206041611972899,0.9558686877400737,2.61504268026384,0.7554818321770956
5887,2.8395943250903453,1.1725461742268963,2.61504268026384,0.7543771288003337
5888,0.6349368357385329,0.9512155240068516,2.6107743852021446,0.7547350057521918
5889,2.8458182579963154,1.1797833779369287,2.6107743852021446,0.7522554862318915
5890,0.649544949144729,0.9459084304054632,2.605114201077254,0.7540487515420033
5891,2.8512269232573892,1.1863175159630253,2.605114201077254,0.7503071212650348
5892,0.6643573065527786,0.9399564968288844,2.5980770461973552,0.7534220838296274
5893,2.855807752541675,1.1921379481129124,2.5980770461973552,0.7485295407787186
5894,0.6793069007664143,0.9333699709682872,2.58968075891541,0.752853787897851
5895,2.8595504697252605,1.1972354626644492,2.58968075891541,0.7469195410349434
5896,0.6943308208501244,0.9261602823740721,2.5799461246236013,0.7523424422002126
5897,2.8624470967416533,1.2016022568991955,2.5799461246236013,0.7454732688848618
5898,0.70937010614056,0.9183400701989346,2.568896906977679,0.7518864401753381
5899,2.864491958080707,1.2052319206957616,2.568896906977679,0.744186283869737
5900,0.7243695655297886,0.9099232150443974,2.556559883454011,0.7514840115966984
5901,2.8656816840660158,1.208119423018969,2.556559883454011,0.7430536206620524
5902,0.7392775772842654,0.9009248753864386,2.54296488533261,0.751133243359183
5903,2.866015213004206,1.2102611011673226,2.54296488533261,0.7420698513077542
5904,0.7540458807856865,0.8913615291136016,2.528144842180458,0.7508320996136328
5905,2.8654937922650707,1.2116546526675556,2.528144842180458,0.7412291467555671
5906,0.7686293684176134,0.8812510207718267,2.5121358308787154,0.7505784411705352
5907,2.864120978317739,1.2122991297310268,2.5121358308787154,0.740525337192422
5908,0.782985883316346,0.8706126151733311,2.4949778037320134,0.7503700441043523
5909,2.8619035686582253,1.2121962125043826,2.4949778037320134,0.7400092357423141
5910,0.7970760267689583,0.8594670580906909,2.4767140073774203,0.7502046175002182
5911,2.858850948329437,1.2113496887206372,2.4767140073774203,0.7399324555842998
5912,0.810862977580604,0.8478366448195506,2.4573866953414147,0.7500798202949066
5913,2.8549684655039815,1.2097554387398548,2.4573866953414147,0.7392457522068347
5914,0.8243123246560378,0.8357452974505777,2.437048952127358,0.749993277173873
5915,2.8502750937365366,1.2074278428041216,2.437048952127358,0.7396042553952719
5916,0.8373919132655858,0.8232186517383598,2.415749281794443,0.7499425934957616
5917,2.844778722709488,1.2043607668600564,2.415749281794443,0.7390518657048119
5918,0.8500717049246655,0.8102841544846643,2.3935463562230264,0.7499253692248683
5919,2.838502562701982,1.2005733826770482,2.3935463562230264,0.739848710061377
5920,0.8623236504518039,0.7969711723557936,2.3704987474067734,0.7499392118606523
5921,2.831461329031905,1.1960626295301586,2.3704987474067734,0.7393472524118203
5922,0.8741215755377989,0.7833111130148426,2.3466667871314297,0.7499817483614037
5923,2.823679046034221,1.1908516237294442,2.3466667871314297,0.7405488958050973
5924,0.8854410780227655,0.7693375593507481,2.3221156097178297,0.750050636066548
5925,2.8151752991934957,1.1849429686357589,2.3221156097178297,0.7423247573824223
5926,0.8962594360111297,0.7550864174021107,2.2969250950631728,0.7501435726287901
5927,2.805980773002617,1.1783434513424922,2.2969250950631728,0.7408911536164251
5928,0.9065555259364957,0.7405960782719387,2.271150346986925,0.7502583049733423
5929,2.7961129316160367,1.1710771164728575,2.271150346986925,0.7430118326129896
5930,0.9163097497033322,0.7259075938671307,2.2448538896940677,0.7503926373068405
5931,2.7855880605033834,1.1631517599671903,2.2448538896940677,0.7464327014819749
5932,0.9255039700692345,0.7110648656195383,2.218150359218154,0.750544438203234
5933,2.774460423988557,1.1545799309373654,2.218150359218154,0.7468582331830356
5934,0.9341214534818614,0.6961148443867176,2.1908882963854914,0.7507116467979543
5935,2.762579534035894,1.1453382977516828,2.1908882963854914,0.7702878004355435
5936,0.9421468196426588,0.6811077384091084,2.1635486468336467,0.7508922781250678
5937,2.750281840710636,1.1355018549393525,2.1635486468336467,0.7504460191040675
5938,0.9495659971310173,0.6660972244228468,2.1361016788957814,0.7510844276348811
5939,2.7375163774091873,1.1250930032059232,2.1361016788957814,0.7526944534586216
5940,0.9563661844847805,0.6511406546917613,2.1085521910322833,0.7512862749316991
5941,2.7242486224641254,1.114111045012505,2.1085521910322833,0.7576187136566761
5942,0.9625358161941613,0.6362992497274327,2.08106457092975,0.7514960867730894
5943,2.7105723571826426,1.1026011359490862,2.08106457092975,0.7585128257361691
5944,0.9680645331249857,0.6216382627302373,2.0536682154370878,0.7517122193732289
5945,2.6964670270282056,1.0905576103494303,2.0536682154370878,0.7642625362424861
5946,0.9729431569431243,0.6072270972724589,2.0265479410299925,0.7519331200536156
5947,2.682043256522099,1.0780414637857616,2.0265479410299925,0.763970523704756
5948,0.9771636681646758,0.5931393545142915,1.9997452163578895,0.7521573282847914
5949,2.6672871436649923,1.0650475217810411,1.9997452163578895,0.76795198658667
5950,0.9807191875059208,0.5794527805062089,1.9734395341327817,0.7523834761626812
5951,2.6523041990496248,1.051640676899128,1.9734395341327817,0.7687791129330521
5952,0.9836039602533451,0.5662490783313019,1.947669277383857,0.7526102883628141
5953,2.6370746586394707,1.0378090814080179,1.947669277383857,0.7733404021679808
5954,0.9858133434174139,0.5536135447443596,1.9226274412388686,0.7528365816150738
5955,2.6217158064173987,1.0236302123355625,1.9226274412388686,0.7730921351617909
5956,0.9873437954745559,0.5416344877348297,1.8983519491380345,0.7530612637407436
5957,2.6062057647800017,1.0090888145523051,1.8983519491380345,0.7768485590640649
5958,0.9881928685403402,0.5304023816691675,1.87505369837089,0.7532833322925514
5959,2.5906795808115692,0.9942808146687045,1.87505369837089,0.7768003903645455
5960,0.988359202853505,0.5200087222948128,1.8527237309379387,0.7535018728371781
5961,2.5750726132586936,0.9791579135471266,1.8527237309379387,0.7810557795014985
5962,0.9878425234856993,0.5105445569492131,1.8316371162136353,0.7537160569182904
5963,2.559583018463914,0.9638699980035772,1.8316371162136353,0.7801601489208225
5964,0.9866436392259693,0.502098687455358,1.8117685027376098,0.7539251397366842
5965,2.5441339030753167,0.9483588302504338,1.8117685027376098,0.7831073504065519
5966,0.984764443622543,0.49475557491889527,1.7930534041309427,0.7541284575825112
5967,2.528610299240676,0.9325266777313507,1.7930534041309427,0.7937230663092489
5968,0.9822079181977701,0.48859301550582596,1.7760895432863997,0.7543254250529356
5969,2.5135290176499865,0.9167972245520618,1.7760895432863997,0.7858342659736969
5970,0.9789781378855845,0.4836797001075655,1.7607159561160406,0.7545155320868489
5971,2.4986974821713157,0.9010213803151356,1.7607159561160406,0.789006844689796
5972,0.9750802787749461,0.48007281156785,1.7470816631337733,0.754698340846565
5973,2.4842231076277086,0.8852977409861549,1.7470816631337733,0.7889769853531748
5974,0.9705206282778552,0.4778158418055827,1.7351309936307382,0.7548734824746743
5975,2.4700207518856927,0.869558549967989,1.7351309936307382,0.7927291576360783
5976,0.9653065978770609,0.476936818652344,1.72512080542588,0.7550406537525047
5977,2.456322024227744,0.8540195017337058,1.72512080542588,0.7919168872436814
5978,0.9594467386469406,0.47744711228533593,1.716903901797289,0.7551996136849248
5979,2.4429651956441107,0.8385439690845169,1.716903901797289,0.7960321301972911
5980,0.9529507597815657,0.47934094307596276,1.7106278900791339,0.7553501800345238
5981,2.4300936144518945,0.8232748812849594,1.7106278900791339,0.8003856588721211
5982,0.9458295504070131,0.4825956427025344,1.7065026108976635,0.7554922258265504
5983,2.417936495846386,0.8084501336197355,1.7065026108976635,0.7962831766692411
5984,0.9380952050008681,0.48717264068609645,1.7042854754932848,0.7556256758443596
5985,2.4062576560173166,0.7938612191837658,1.7042854754932848,0.8012576858822019
5986,0.9297610527907393,0.493019074083145,1.7042550804058083,0.755750503133549
5987,2.395392976370221,0.7798637551786693,1.7042550804058083,0.7989494951439471
5988,0.9208416915555858,0.5000698623668145,1.7060856394798498,0.7558667255314264
5989,2.3850255136494893,0.7661624399934474,1.7060856394798498,0.8048725702123336
5990,0.9113530263086475,0.50825006078902,1.7097878183358939,0.7559744022369894
5991,2.3752119999538657,0.752834032630792,1.7097878183358939,0.8182422806173719
5992,0.9013123133983649,0.5174773050885788,1.715776483347318,0.7560736304351557
5993,2.366518852173709,0.7405066005053188,1.715776483347318,0.8050892991315503
5994,0.8907382106231866,0.5276641834842661,1.723594087966869,0.7561645419876327
5995,2.3584925503419925,0.7287389186893045,1.723594087966869,0.8123178666413741
5996,0.8796508340162715,0.5387204099435751,1.7334543177817117,0.7562473002015038
5997,2.3515066619688807,0.7179734246287427,1.7334543177817117,0.8091664824454665
5998,0.8680718220148328,0.5505547164376411,1.7449762520487264,0.756322096685359
5999,2.3451834243430802,0.7078339898948686,1.7449762520487264,0.8212149544001313
