sample,d_goal,d_hazard,d_agent,speed
0,0.789164425850718,0.5964015180573957,1.2523710676770363,0.0
1,1.3135703513447516,0.5993568773889589,1.2523710676770363,0.0
2,0.7900593851281983,0.5970996797132374,1.2534945865757552,0.06788557006001802
3,1.314087602007326,0.5999517750106571,1.2534945865757552,0.07719810805827433
4,0.7911763918986338,0.5977319667682217,1.2559861099182918,0.05123939142386598
5,1.314430759093897,0.6004690789391732,1.2559861099182918,0.12065825942934381
6,0.7918584750064032,0.5972845795982161,1.2598379738200929,0.07637734196567349
7,1.3144332991440397,0.600736420147081,1.2598379738200929,0.1667724188061455
8,0.7925627946694901,0.5970229280281608,1.264521291209522,0.04348471634715378
9,1.3141655603350388,0.6008295641426038,1.264521291209522,0.2128968553927302
10,0.7933626258800727,0.5970636564564195,1.2699819626856794,0.047112509966052526
11,1.313707651296909,0.6008362075579773,1.2699819626856794,0.25789991251737304
12,0.7939749815124069,0.5963724552921384,1.2766763913617072,0.08767724699058246
13,1.3131397039047272,0.6008455942507989,1.2766763913617072,0.30137019363805223
14,0.7943998363457444,0.5947311417695076,1.284732679414842,0.13496725399232049
15,1.3125411260085358,0.6009473852469902,1.284732679414842,0.3431430716075609
16,0.7947019113984913,0.5922007564859862,1.2941270327915595,0.18284713063470326
17,1.311990200696809,0.6012308255968194,1.2941270327915595,0.3831529887787706
18,0.7949595828397682,0.5890311928751445,1.3046975744435605,0.20982426510571844
19,1.311563673955387,0.6017838393940591,1.3046975744435605,0.42138018519519144
20,0.7952236038184997,0.5856300146822274,1.316123002740758,0.2130513941787729
21,1.311336318871483,0.6026920466599854,1.316123002740758,0.4578284794628632
22,0.7954337871926527,0.5827984336112023,1.327636739124518,0.14553535513020208
23,1.3113804801779991,0.6040377186124097,1.327636739124518,0.4925148963171712
24,0.7954814741259493,0.5809785533115851,1.3387051305087967,0.08127945158689309
25,1.311765604895874,0.605898696800846,1.3387051305087967,0.5254643789861282
26,0.7952669735483028,0.5800337555081903,1.349267644005832,0.02672770112132846
27,1.312557766185905,0.6083473093612866,1.349267644005832,0.5567068953764172
28,0.794675313639603,0.5798365457726592,1.3592360270515393,0.04672439445546602
29,1.3138191887314845,0.6114493238472275,1.3592360270515393,0.5862757579172595
30,0.7937727029608275,0.5804146012034593,1.3686068887347695,0.1027298198071415
31,1.315607784977841,0.6152629797966136,1.3686068887347695,0.6142065972409649
32,0.7928961637721201,0.5809861026524947,1.378351976839314,0.05532876597042898
33,1.3179767122675712,0.6198381445933229,1.378351976839314,0.640536706408582
34,0.792390931016198,0.5809160285698808,1.389342052977198,0.018620327966227024
35,1.3209739612588645,0.6252156327988516,1.389342052977198,0.66530460433933
36,0.7922620180188065,0.5801600433866491,1.4015727781155005,0.06271997076852844
37,1.3246419859299952,0.6314267219583555,1.4015727781155005,0.6885497337788579
38,0.7925772852193197,0.5788102583951558,1.4150010362616245,0.11405271788661382
39,1.329017384923538,0.6384928874554964,1.4150010362616245,0.7103122445241812
40,0.7933716379774152,0.5769328661159755,1.4295665984932189,0.1643846722534628
41,1.3341306429591928,0.6438607409209502,1.4295665984932189,0.7306328322107999
42,0.7946483837292548,0.574563498982907,1.4451986600864166,0.21310275857510574
43,1.3400059395725508,0.6290557981976805,1.4451986600864166,0.7495526142189216
44,0.7957820877575772,0.5723125811763244,1.4606166332565806,0.15142995466632828
45,1.346661030581313,0.6139261646340659,1.4606166332565806,0.7671130309322434
46,0.7969801867560454,0.5701540604266886,1.476036021507187,0.19671450145330174
47,1.3541072055347818,0.5985252196399554,1.476036021507187,0.7833557646603465
48,0.7980102123141407,0.5680707072191921,1.4911553681082022,0.14105396723840835
49,1.3623493220858454,0.5829101035264841,1.4911553681082022,0.798322671091029
50,0.799128300412857,0.5660987732148254,1.5061965038204714,0.18946315718846832
51,1.3713859158703656,0.5671421252857256,1.5061965038204714,0.8120557197774061
52,0.8009506581945205,0.5639028928275375,1.522115902809727,0.22989891946914462
53,1.3812093822222793,0.5512872200863163,1.522115902809727,0.8245969412372591
54,0.8026510740162023,0.5618734879874543,1.537581999716258,0.1646603187214873
55,1.3918062240193032,0.5354164520309995,1.537581999716258,0.8359883789574675
56,0.8035563581690572,0.5602698169404319,1.5515474483171823,0.10382189605570027
57,1.4031573582484909,0.519606552264128,1.5515474483171823,0.8462720450814476
58,0.8035930047805979,0.5589353153984545,1.5640193592076694,0.06464602366351414
59,1.4152384725787108,0.5039404744032381,1.5640193592076694,0.8554898788913841
60,0.803730411990358,0.5576711512877908,1.5762544820424276,0.09978450246209895
61,1.4280205145344642,0.48850869146953496,1.5762544820424276,0.8634424293315144
62,0.804726078673581,0.5563341709747295,1.5892007653933145,0.14111351856345372
63,1.44146906705559,0.4734219982827432,1.5892007653933145,0.8702796066186628
64,0.8055193147754893,0.5549699778441133,1.6015700180765888,0.08555821577353742
65,1.4555468025474187,0.458773056799182,1.6015700180765888,0.8765920381336588
66,0.8053587440431399,0.5537212181186166,1.612341623648654,0.07192869847151388
67,1.4702131369118343,0.4446710963694144,1.612341623648654,0.8820190677977503
68,0.8053336112605647,0.5525901665008586,1.6227384288048414,0.08204735472730681
69,1.4854240888411854,0.4312359290561716,1.6227384288048414,0.886586127205633
70,0.8062393309050763,0.5514918039254799,1.6337151680498725,0.12258982411344975
71,1.5011330860438918,0.4185943635028502,1.6337151680498725,0.8903332871314413
72,0.8069791543448614,0.5504017368729124,1.6440044531982732,0.07316236618068755
73,1.517291414417174,0.40687876380836646,1.6440044531982732,0.8933009145484568
74,0.8077814773698629,0.5493561340120798,1.6538080416054224,0.12153441460103508
75,1.5338486434470051,0.39622489213483403,1.6538080416054224,0.8955290461382345
76,0.8095448474979582,0.5484602589218867,1.6640283703794765,0.16398667198598232
77,1.5507530288171987,0.3867687957074691,1.6640283703794765,0.8970573305078642
78,0.8122704893673757,0.5478016527132792,1.6745583560021022,0.20812220852753313
79,1.5679518895491629,0.3786426793580346,1.6745583560021022,0.8979249940166654
80,0.8159089516973156,0.5473536293277534,1.6853436869728946,0.2579007883917386
81,1.5853919575872297,0.3719698502257461,1.6853436869728946,0.8981708075647159
82,0.8204525271898148,0.5471868031707167,1.6962929465611722,0.297469930311598
83,1.6030196986697656,0.3668590149971795,1.6962929465611722,0.8978330533330197
84,0.8246756349867991,0.546946902381041,1.7063122392501715,0.2367777829707696
85,1.6207816041474281,0.36339842386230986,1.7063122392501715,0.8969494913673358
86,0.8288678156040936,0.5468369463927039,1.7155235341864505,0.2833401890724657
87,1.6386244540930033,0.3616505306310634,1.7155235341864505,0.8955573259424432
88,0.8339595942071447,0.5470430288130451,1.7248145896619556,0.3228155783585883
89,1.6564955525925453,0.36164790377864736,1.7248145896619556,0.8936931716534421
90,0.8399579394290945,0.5477035175831846,1.7340549322691239,0.3624563605247535
91,1.6743429365231983,0.36339102432209686,1.7340549322691239,0.8913930191900494
92,0.845605581580987,0.5483207925749091,1.742243983106937,0.3011985401750404
93,1.6921155594213972,0.36684833958204005,1.742243983106937,0.8886922007605905
94,0.8511656128502411,0.5490441310075683,1.749530704695922,0.3395153105734335
95,1.7097634522410496,0.37195856850434206,1.749530704695922,0.8856253551449648
96,0.85762621304906,0.5502761067034665,1.7566855615074566,0.38087717415202976
97,1.7272378629105865,0.378634881808306,1.7566855615074566,0.8822263923706318
98,0.8649611379795141,0.5520545925398279,1.763644735391125,0.4203569405314297
99,1.744491376636142,0.38677031591643185,1.763644735391125,0.8785284580228475
100,0.8719047178798831,0.5537933290660345,1.7694689736071714,0.3499223397631255
101,1.7614780188804746,0.39624368393739295,1.7694689736071714,0.8745638972202321
102,0.8774702280778446,0.5549716663622121,1.773467602053517,0.2840733471491006
103,1.7781533428868959,0.4069253151425065,1.773467602053517,0.8703642183093198
104,0.8829473052492218,0.5562111029360775,1.7765731712644721,0.33153751038007273
105,1.7944745035262588,0.41868213152032613,1.7765731712644721,0.8659600563571016
106,0.8893499561031687,0.5581028048475458,1.7794288765803197,0.36666106756556655
107,1.8104003191328495,0.43138178455488196,1.7794288765803197,0.8613811365485652
108,0.89539917106835,0.5599743188573072,1.7811502256382903,0.29601713257210166
109,1.8258913228700837,0.44489576886937965,1.7811502256382903,0.8566562376266923
110,0.9000885415563232,0.5611109270738481,1.7812263883779371,0.2434589246085556
111,1.8409098050357855,0.45910157016161013,1.7812263883779371,0.8518131555448784
112,0.9047253797428051,0.5623676424884992,1.7803962276931253,0.27483682345125526
113,1.8554198475846029,0.47388398654376945,1.7803962276931253,0.8468786675357991
114,0.9090660604557977,0.5634922975259603,1.778629934867424,0.21670360133409883
115,1.8693873520156887,0.4891357945246205,1.778629934867424,0.8418784968356808
116,0.9121119241619711,0.5638868834895543,1.7753110220184898,0.15685236335112643
117,1.8827800616498163,0.5047579290458916,1.7753110220184898,0.8368372783378722
118,0.9139118119077442,0.5634908558195592,1.7705854025579026,0.11778584522647706
119,1.89556757920355,0.5206593262076986,1.7705854025579026,0.8317785254836295
120,0.9145152993542189,0.5623045551404943,1.764541832403348,0.10017877270751706
121,1.9077213804600561,0.5367565489286845,1.764541832403348,0.8267245987298849
122,0.9139661305315795,0.5603971808849718,1.7571912277598067,0.11628703792851909
123,1.919214824737251,0.5529732869603876,1.7571912277598067,0.8216966759623585
124,0.9135598500418914,0.5586449990794089,1.74924683664419,0.1055990236732845
125,1.9300231627643747,0.5692397971734996,1.74924683664419,0.8167147252462306
126,0.9143019980580531,0.5577488551425113,1.7412225713601606,0.11841748210078891
127,1.9401235424976304,0.585492329294873,1.7412225713601606,0.8117974803245022
128,0.916146633944715,0.5577071668328734,1.733069877720573,0.14673235027232795
129,1.9494950133338458,0.6016725663816934,1.733069877720573,0.8069624192846925
130,0.9190524842014499,0.5584923901235235,1.7247847340702553,0.18886467964357456
131,1.9581185291176784,0.6177270976946604,1.7247847340702553,0.8022257468165361
132,0.9229776926805742,0.5600972779489902,1.716347863372786,0.23202980721486768
133,1.965976950282059,0.6336069334651201,1.716347863372786,0.797602380475689
134,0.9278823019120512,0.562512135814598,1.7077530555599891,0.27582533256412056
135,1.973055045412648,0.6492670655326356,1.7077530555599891,0.7931059413503584
136,0.9337257290053644,0.5657387374814075,1.6989870658978157,0.3198019847987239
137,1.97933949248441,0.664666074256606,1.6989870658978157,0.7887487494986907
138,0.940467990417036,0.5697797204196553,1.6900425164709034,0.3611033086334992
139,1.9848188799811903,0.6797657799140157,1.6900425164709034,0.7845418244845009
140,0.9480784990624329,0.5746004755940798,1.680974541029873,0.4007855273396304
141,1.989483708076784,0.6945309355552274,1.680974541029873,0.780494891287779
142,0.9565212144893889,0.5802010818895004,1.6717960214236864,0.443351350764603
143,1.9933263900276779,0.7089289576852259,1.6717960214236864,0.77661639180501
144,0.9657593007771613,0.5865862477162617,1.6625176580224559,0.48130902875962717
145,1.9963412539027987,0.7229296909438978,1.6625176580224559,0.7729135020838417
146,0.9757682873226942,0.5937197957158682,1.6532215622045343,0.5178661502650231
147,1.9985245447535456,0.7365052030193526,1.6532215622045343,0.7693921553585845
148,0.9865118145778118,0.6016127360756974,1.643920325361249,0.5549688703799351
149,1.9998744273075564,0.7496296062367979,1.643920325361249,0.7660570708693166
150,0.9979623592104674,0.610247785075526,1.634677241126328,0.5897534121825445
151,2.0003909892513962,0.7622789025516061,1.634677241126328,0.7629117883603121
152,1.0100927726298456,0.619610645274215,1.6255563884083941,0.6238961833820623
153,2.0000762451501632,0.7519894088413482,1.6255563884083941,0.7599587080655175
154,1.0228644867693057,0.6297171249860222,1.6165691680209788,0.655789683509674
155,1.9989341410352282,0.738269327596542,1.6165691680209788,0.7571991359024586
156,1.0362615966404667,0.6405254266466073,1.6078368366780833,0.6868327876285517
157,1.9969705596744602,0.7242683236878161,1.6078368366780833,0.7546333335139157
158,1.050249284022381,0.6520413323846768,1.5993933939132132,0.7147103875950397
159,1.9941933265216907,0.7100208244764201,1.5993933939132132,0.7522605727212953
160,1.0635849834468436,0.6631118334996245,1.590893056371912,0.6308512801255326
161,1.9906122163233033,0.6955638810164887,1.590893056371912,0.7500791938871714
162,1.0753240873841177,0.6727936823746178,1.582119077754879,0.5519173726162374
163,1.9862389603390382,0.6809373627304536,1.582119077754879,0.7480866676288276
164,1.0854996564433694,0.6811591775360799,1.573035637702568,0.4782230494991882
165,1.9810872541107418,0.6661841682648069,1.573035637702568,0.7462796592811839
166,1.0953992647339157,0.6893665055869027,1.5642121189156513,0.5114442795083435
167,1.975172765686188,0.6513504508622103,1.5642121189156513,0.7446540954773551
168,1.10479631257262,0.6971970440848406,1.555629136816811,0.4357177831946617
169,1.968513144174532,0.6364858550805994,1.555629136816811,0.7432052321985985
170,1.1127527639397248,0.7036896355369464,1.5470698213262646,0.36291796955756944
171,1.9611280284746488,0.6216437596209133,1.5470698213262646,0.7419277236426386
172,1.1193311039290545,0.7088766496412372,1.538614623295905,0.3039050511993719
173,1.9530390559767628,0.6068815182533136,1.538614623295905,0.7408156912697222
174,1.1257538895536205,0.7140104036616913,1.5306616411388225,0.33927207498588785
175,1.9442698709905728,0.5922606872146831,1.5306616411388225,0.7398627924083748
176,1.1329784453375387,0.7200632914287183,1.5235892301674077,0.37649976797145757
177,1.9348461325985973,0.5778472228642264,1.5235892301674077,0.7390622878363502
178,1.1398170135747152,0.7257788854747944,1.5171472453572377,0.3161570112450986
179,1.9247955215709012,0.56371162776386,1.5171472453572377,0.7384071077951269
180,1.14647425974934,0.731418804813872,1.5113807357225304,0.35023958587509985
181,1.9141477459058078,0.5499290167506322,1.5113807357225304,0.7378899159467786
182,1.1538681203012262,0.7379781575234766,1.5065948723409281,0.386769590959558
183,1.9029345444798675,0.5365790672537234,1.5065948723409281,0.7375031708381825
184,1.1608669642029121,0.7441702541193965,1.502624022264488,0.3242981178921837
185,1.8911896881985497,0.5237458106681416,1.502624022264488,0.7372391844975519
186,1.1676622036173432,0.7502538679946736,1.4994885493598598,0.36166863905130014
187,1.878948977936305,0.5115172150776623,1.4994885493598598,0.7370901778502915
188,1.175165708597922,0.7572318154392498,1.4974953608343415,0.398305838297119
189,1.8662502384405397,0.4999845056406175,1.4974953608343415,0.7370483327035312
190,1.1833452887565867,0.7650701610081347,1.4967003255318185,0.4404016313977554
191,1.8531333072487466,0.48924116974618465,1.4967003255318185,0.7371058401099028
192,1.1921299495185331,0.773735616127693,1.497080647621071,0.47342024302415564
193,1.8396400175321015,0.47938160233047383,1.497080647621071,0.7372549449798151
194,1.2014923724244453,0.7831920172829672,1.498687413107666,0.5094636000827352
195,1.825814173633518,0.4704993652944681,1.498687413107666,0.7374879868667041
196,1.211377711643506,0.793401754709312,1.501514058375202,0.5382311137944354
197,1.8117015179154716,0.4626850658554399,1.501514058375202,0.7377974369005296
198,1.2217724042830258,0.8043330485753974,1.5056116065117433,0.5696108700816525
199,1.7973496873759789,0.4560239020941281,1.5056116065117433,0.7381759308906944
200,1.231681077976075,0.8147140995377501,1.5108549814369836,0.4950669037240061
201,1.782808158334266,0.45059297699894585,1.5108549814369836,0.7386162986601
202,1.2409422936893,0.824382720407365,1.517128063126368,0.4916213893688724
203,1.7681281773367195,0.4464585379807529,1.517128063126368,0.7391115897071175
204,1.2501709725322516,0.8340984373988791,1.5245314328703665,0.4984775246719706
205,1.7533626762962025,0.44367334628962574,1.5245314328703665,0.7396550953218135
206,1.2596005375261987,0.8442268078448208,1.5329971500489243,0.5276230804487458
207,1.7385661697631765,0.44227440714237726,1.5329971500489243,0.7402403673069806
208,1.2694018349669687,0.8550151175031372,1.5425017530092227,0.5545717917903581
209,1.7237946321466602,0.4422812853528254,1.5425017530092227,0.7408612334736502
210,1.2795208548404255,0.8664143251773018,1.5529857362582378,0.5856807106364849
211,1.709105352670394,0.44369518743601094,1.5529857362582378,0.7415118100951337
212,1.289891606195873,0.878367152066328,1.5643670791984265,0.6093063197976035
213,1.6945567658798995,0.44649891334002173,1.5643670791984265,0.7421865115137042
214,1.299794190795054,0.8897171724997103,1.5767327061369791,0.5327948940756363
215,1.680208255626267,0.4506576825524955,1.5767327061369791,0.7428800571001908
216,1.3086802571421394,0.8995824747758054,1.5900978673620623,0.46520992448280196
217,1.6661199306601753,0.45612074000572506,1.5900978673620623,0.7435874757695115
218,1.317042347666408,0.9087881885153711,1.6042443894891492,0.4601598715041265
219,1.652352370292384,0.46282356691442433,1.6042443894891492,0.7443041082549857
220,1.3248656062124982,0.9172428651787269,1.619179122279556,0.3977727801716635
221,1.6389663390309461,0.47069047454489155,1.619179122279556,0.7450256073415694
222,1.3319087243437302,0.9244261123323834,1.6350181733665776,0.34411281621456763
223,1.6260224697036878,0.4796373496021121,1.6350181733665776,0.7457479362534216
224,1.3382698122571255,0.9304390158881656,1.6517288274216677,0.3034457248874787
225,1.6135809153248983,0.4895743437252192,1.6517288274216677,0.7464673653848034
226,1.3440544466093465,0.935390306959603,1.6692882069676005,0.2786147964977116
227,1.6017009708680978,0.5004083455476813,1.6692882069676005,0.7471804675555905
228,1.3493422724628334,0.939371128411574,1.687651494218303,0.2715634739379133
229,1.5904406671526448,0.5120451290403654,1.687651494218303,0.7478841119640451
230,1.354223735142811,0.9424966383145044,1.7067696373379555,0.2797829414156708
231,1.5798563402194024,0.5243911253162498,1.7067696373379555,0.7485754570001214
232,1.358837298797497,0.9450162197962769,1.7265236585139347,0.2893265256070456
233,1.5700021808244453,0.5373548094130634,1.7265236585139347,0.7492519420728074
234,1.3633127351930363,0.9473132553278373,1.7466178692587455,0.28301845101892337
235,1.5609297699703089,0.5508477255311734,1.7466178692587455,0.749911278595024
236,1.3677099889502913,0.9498604697904145,1.7665171547675038,0.24870952900392804
237,1.5526876076580716,0.5647851937643831,1.7665171547675038,0.7505514402595586
238,1.3719725182084024,0.9528388792661727,1.785827509733701,0.217938352768249
239,1.5453206432054025,0.5790867504627368,1.785827509733701,0.7511706527295829
240,1.3760488669104827,0.9561971547657188,1.8044520550907135,0.19207936363338174
241,1.5388698164528039,0.5936763757534118,1.8044520550907135,0.7517673828576058
242,1.3801352342905449,0.9595211199569532,1.8232231336542732,0.21830831092187383
243,1.533371619887912,0.608482558148025,1.8232231336542732,0.7523403275373103
244,1.38402563111916,0.9627310628151771,1.8417829739690375,0.17913310310369907
245,1.5288576920767942,0.6234382398558279,1.8417829739690375,0.7528884022837049
246,1.387875669866565,0.9658639829883634,1.860328100952462,0.19418453779993308
247,1.5253544527363008,0.6384806790695869,1.860328100952462,0.7534107296284401
248,1.3918370670045492,0.9686072082410518,1.8794916747139991,0.22205538366313177
249,1.5228827892693577,0.6388296543164167,1.8794916747139991,0.7539066274089969
250,1.3959638271059667,0.971041159732406,1.8992317597727628,0.26369010849281416
251,1.5214578036012574,0.6238836696254042,1.8992317597727628,0.7543755970228126
252,1.3998870097979788,0.9733967106414789,1.9184903146678973,0.20674602073244233
253,1.5210886267190853,0.6088373111034178,1.9184903146678973,0.7548173117102286
254,1.4037014184865597,0.9756521462082052,1.9374304093066008,0.24458582798437514
255,1.521778306483241,0.5937408330316062,1.9374304093066008,0.7552316049234579
256,1.4077464625078682,0.9776887456727491,1.9568279619016944,0.2901625653604333
257,1.5235237721375772,0.5786484168352529,1.9568279619016944,0.7556184588325477
258,1.411600534284669,0.9796718657968301,1.9755999049849935,0.23380611272562757
259,1.5263158766077705,0.5636185003543036,1.9755999049849935,0.7559779930135482
260,1.4148787471223396,0.9816580594397173,1.992860724501917,0.17002954705399376
261,1.530139515278391,0.5487141085755318,1.992860724501917,0.7563104533587693
262,1.4178366925026193,0.9836044206361461,2.0091229104790322,0.17509049502804308
263,1.5349738176155068,0.5340031694701507,2.0091229104790322,0.7566162012440867
264,1.4204032395804462,0.9854739914712274,2.0242469446174973,0.113426976328323
265,1.5407924058845406,0.519558791318936,2.0242469446174973,0.756895702983734
266,1.4229497982551431,0.987295961770694,2.0388978208826236,0.15259889384329625
267,1.5475637134149862,0.5054594688123473,2.0388978208826236,0.7571495195988575
268,1.4259880870118056,0.989154945140658,2.0539629014255354,0.20286951465957967
269,1.5552513534693921,0.4917891743669674,2.0539629014255354,0.7573782969222816
270,1.4288374819770702,0.9909169076483673,2.068219158114039,0.14568234806770666
271,1.5638145288350984,0.4786372790081279,2.068219158114039,0.7575827560584244
272,1.4309758189907464,0.9924776060949179,2.0807101175995397,0.0883431020070008
273,1.5732084717896808,0.466098235021669,2.0807101175995397,0.7577636842140898
274,1.4331403711526165,0.9940393105581817,2.0926280096484824,0.1362448731723106
275,1.5833849040774302,0.45427094254078626,2.0926280096484824,0.7579219259128955
276,1.435904799576694,0.9957654641661838,2.1049007229553753,0.19168112636820328
277,1.594292506928684,0.4432577176850886,2.1049007229553753,0.7580583746034113
278,1.438484733781191,0.9973898767085176,2.1162647626404976,0.1288821289699754
279,1.6058773918894058,0.4331627854104242,2.1162647626404976,0.758173964668573
280,1.4402400886938413,0.9986606590360182,2.125721899007144,0.07294426940599089
281,1.6180835642251303,0.42409024121255945,2.125721899007144,0.758269663841676
282,1.44121561924154,0.9996053309344692,2.133297052810006,0.043191008605472134
283,1.630853371836567,0.4161414671182412,2.133297052810006,0.7583464660321619
284,1.4413996736199923,1.0001828508351744,2.139000177848398,0.061598495366391656
285,1.6441279338915697,0.40941205121756763,2.139000177848398,0.7584053845624819
286,1.4417355394212528,1.0008690322066751,2.14410122849826,0.050713671529677616
287,1.657847544665752,0.4039883431535389,2.14410122849826,0.7584474458155763
288,1.4419683454455694,1.0014753000289132,2.148324357930623,0.06338679577145552
289,1.6719520493296365,0.3999438694679564,2.148324357930623,0.7584736832908805
290,1.441381535984406,1.0016558271693794,2.150654939349522,0.1069608688750374
291,1.6863811895757608,0.3973359132481343,2.150654939349522,0.758485132065295
292,1.4409682515992488,1.0019562846232501,2.1523749762863877,0.06952243127728287
293,1.7010749180108584,0.39620260792289724,2.1523749762863877,0.7584828236541988
294,1.4404662446295708,1.0021737676259135,2.1532230034551865,0.10323202550337686
295,1.7159736811258801,0.3965608835988584,2.1532230034551865,0.7584677812663393
296,1.4391109589982514,1.001898873912123,2.15218660083468,0.14964571853283626
297,1.731018671391792,0.3984055262526003,2.15218660083468,0.7584410154452956
298,1.4379649284273122,1.0017756980392571,2.150551953893657,0.09387228513655094
299,1.7461520496129386,0.4017094746544701,2.150551953893657,0.7584035200891913
300,1.43677550868425,1.0016128657361554,2.148069394063427,0.1486691183023557
301,1.7613171391107325,0.4064253153053839,2.148069394063427,0.7583562688393689
302,1.434751664541346,1.0009686102369897,2.143730668897498,0.19176751120208474
303,1.7764585936218724,0.4124877804559275,2.143730668897498,0.7583002118279145
304,1.4319150763818354,0.9998513608177273,2.1375806319162427,0.2432267522436379
305,1.7915225409935187,0.41981694361473837,2.1375806319162427,0.7582362727731459
306,1.4282743660487063,0.9982514162895614,2.129669204838515,0.2854759705269294
307,1.8064567048604931,0.42832176062179905,2.129669204838515,0.7581653464114835
308,1.4248795987468388,0.9967916496064275,2.121284842164197,0.21921021877593735
309,1.8212105065141946,0.43790362207200323,2.121284842164197,0.7580882962535601
310,1.422555035969653,0.9959623686545263,2.11342269811272,0.15398952576992592
311,1.835735149136156,0.44845964803727745,2.11342269811272,0.7580059526518519
312,1.421299512849427,0.9957962072409623,2.1060261873397446,0.09879730352898418
313,1.849983686486185,0.4598855446144876,2.1060261873397446,0.7579191111667029
314,1.4210211779671862,0.9961846520383085,2.0990739977594846,0.0496256736237979
315,1.8639110780189514,0.4720779312787779,2.0990739977594846,0.7578285312172104
316,1.4217234158260625,0.9971689145506487,2.092516423515749,0.05870248314755442
317,1.8774742322649989,0.4849361228498416,2.092516423515749,0.7577349350031415
318,1.4233576329714783,0.9987082872784493,2.0863280242567073,0.09869087260938834
319,1.8906320401616208,0.4983634029991402,2.0863280242567073,0.7576390066838036
320,1.4259279845051571,1.0008480935094328,2.0804625530261354,0.15075741890514094
321,1.9033453998632184,0.5122678573762974,2.0804625530261354,0.7575413917996197
322,1.4293793411384041,1.0035367109821292,2.0749077705256744,0.19905144708007927
323,1.9155772344053168,0.5265628474106432,2.0749077705256744,0.757442696922037
324,1.4337145320381797,1.0068185976250088,2.0696240999259943,0.24789395707092662
325,1.9272925034455688,0.5411672059564848,2.0696240999259943,0.7573434895173612
326,1.438895180757476,1.0106691605789537,2.0646000168485803,0.29588680136872386
327,1.938458210161766,0.5560052282955895,2.0646000168485803,0.757244298010103
328,1.4448918981007437,1.0150778052420795,2.0598247873278637,0.3409745541686105
329,1.9490434042531564,0.5710065206306918,2.0598247873278637,0.7571456120314958
330,1.4516831950313005,1.0200467701309952,2.0552874016539966,0.3850161982588392
331,1.9590191818682798,0.5861057558814281,2.0552874016539966,0.7570478828389579
332,1.459240127178717,1.0255643426947714,2.0509876505684175,0.42712970756555596
333,1.9683586831707007,0.6012423749952174,2.0509876505684175,0.756951523892452
334,1.4675460092004222,1.0316394215871776,2.0469209049764507,0.46764703176399464
335,1.97703708815345,0.616360261939956,2.0469209049764507,0.7568569115739038
336,1.4765717005447572,1.0382576910704475,2.0430978303550464,0.5066569327355553
337,1.9850316112233604,0.6314074123290303,2.0430978303550464,0.7567643860361212
338,1.486313627286,1.045449859715569,2.03951152026324,0.5443020065495459
339,1.9923214949972987,0.6463356091936746,2.03951152026324,0.7566742521679524
340,1.4967251909564925,1.05316734617065,2.0361990358582074,0.5804134482632252
341,1.9988880036827927,0.6611001145525165,2.0361990358582074,0.7565867806627784
342,1.507800160362291,1.0614335847828098,2.033165707934081,0.6152035918775349
343,2.004714416354937,0.6756593818635551,2.033165707934081,0.7565022091778282
344,1.5195088705410615,1.0702277587044087,2.0304439280457447,0.6486650953508939
345,2.0097860203888778,0.6899747919098387,2.0304439280457447,0.7564207435722011
346,1.53183351055749,1.0795493989134675,2.0280595476787107,0.6809183990895683
347,2.014090105261701,0.7040104129256789,2.0280595476787107,0.7563425592119633
348,1.5447697730134369,1.0894223026255745,2.0260278895889337,0.7118535638049529
349,2.0176159568983523,0.7177327846141444,2.0260278895889337,0.756267802331129
350,1.558284045576453,1.0998137832071344,2.024399896407328,0.7416527290678475
351,2.0203548527023973,0.7311107249782978,2.024399896407328,0.7561965914378606
352,1.5723585840480045,1.110719374551254,2.0232141907437,0.770382176080753
353,2.0223000573832013,0.7441151584643451,2.0232141907437,0.7561290187557159
354,1.586981799327912,1.1221451126846853,2.022505867319133,0.7980148372234366
355,2.0234468196656437,0.7567189637014232,2.022505867319133,0.7560651516903326
356,1.6021410951100308,1.1340940278633131,2.0223140109793425,0.8244641986713289
357,2.023792369946067,0.7688968390516145,2.0223140109793425,0.7560050343124531
358,1.6178009378118297,1.1465227347032516,2.0227099331013987,0.8501179427911477
359,2.023335918938025,0.7719080516133526,2.0227099331013987,0.7559486888487723
360,1.6339753643705426,1.1594839710881089,2.0237048598179737,0.8746167666336965
361,2.022078657332883,0.7583447449221199,2.0237048598179737,0.7558961171726334
362,1.6506164610562009,1.172906257602929,2.0253934553728166,0.898434255358369
363,2.020023756482741,0.7444526214969185,2.0253934553728166,0.7558473022871758
364,1.6677388480201158,1.186841943465502,2.027788350440437,0.9216231846533082
365,2.017176370095819,0.7302651782540177,2.027788350440437,0.755802209794079
366,1.685327411264807,1.2012833828639837,2.0309421581597364,0.9429735826011635
367,2.013543636916721,0.7158182924586188,2.0309421581597364,0.7557607893416237
368,1.7033526318395442,1.216190734448804,2.034932440286542,0.9631191670229043
369,2.009134684345192,0.7011504041978663,2.034932440286542,0.7557229760463304
370,1.720586815983236,1.2305062319282933,2.038693140368982,0.8720666270634291
371,2.003960632926461,0.6863027162385625,2.038693140368982,0.7556886918829843
372,1.737325342813057,1.2445166374575007,2.0424678195277033,0.893869931495906
373,1.9980346016232329,0.67131941078078,2.0424678195277033,0.7556578470383846
374,1.75331580582619,1.2579401350623256,2.04618608608847,0.8046480497220742
375,1.9913717137532396,0.656247881566978,2.04618608608847,0.7556303412246761
376,1.7676107386661175,1.269946487626855,2.048998840554459,0.7193165643615864
377,1.9839891034461132,0.6411389783105028,2.048998840554459,0.7556060649486207
378,1.7802716433391057,1.2805704114749628,2.0510079951559037,0.6370337614344912
379,1.9759059224384778,0.6260472583391237,2.0510079951559037,0.7555849007336618
380,1.791351515698282,1.2898308597285688,2.0523282233048428,0.5596023218874222
381,1.967143346985698,0.6110312375631369,2.0523282233048428,0.7555667242920898
382,1.8021533381153412,1.298910852858142,2.054129735441215,0.5897985725929488
383,1.9577245846218305,0.5961536292219088,2.054129735441215,0.7555514056450824
384,1.8124373848132498,1.3075623196528185,2.056297126745175,0.5157525152133815
385,1.947674880445089,0.5814815542018448,2.056297126745175,0.7555388101888002
386,1.8212211741712696,1.3148795699819225,2.0579989392850857,0.4457320388897028
387,1.9370215225437097,0.5670867009721644,2.0579989392850857,0.7555287997051506
388,1.829810405885279,1.3220755842500136,2.0603755568115125,0.476789130746841
389,1.9257938461055795,0.5530454063899422,2.0603755568115125,0.7555212333161928
390,1.8379658329396544,1.3288942513510897,2.0633138189259546,0.4105805724352803
391,1.914023235673604,0.5394386210296254,2.0633138189259546,0.7555159683815352
392,1.8446978183572917,1.3344043171851736,2.0659839482619304,0.34773208082911955
393,1.9017431249168302,0.5263517148726921,2.0659839482619304,0.755512861338408
394,1.8513146035777153,1.3398437208806497,2.069499359606263,0.38597298432057126
395,1.888988993184314,0.5138740721997556,2.069499359606263,0.7555117684844121
396,1.858833923438429,1.346195700451754,2.0747127778366634,0.4246891308050324
397,1.8757983579943562,0.5020984200101924,2.0747127778366634,0.7555125467032313
398,1.8672232432647708,1.3534333622035823,2.0816198472754,0.4631562312048002
399,1.862210762486201,0.49111983455840275,2.0816198472754,0.7555150541338779
400,1.876443124155209,1.361547402793379,2.090158250496544,0.49688711574274935
401,1.848267756725202,0.4810343784850164,2.090158250496544,0.755519150784269
402,1.8852276451223995,1.3692569188439137,2.0993920172127307,0.4302798861160592
403,1.8340128716071318,0.47193733950772815,2.0993920172127307,0.755524699090171
404,1.8938219172456408,1.3768346429759457,2.109448822334436,0.4651323930440139
405,1.8194915839549055,0.4639210730128105,2.109448822334436,0.7555315644207404
406,1.9032347866412114,1.3852879652692012,2.1211174034245235,0.49481576363339685
407,1.804751271244717,0.4570724955669526,2.1211174034245235,0.7555396155320815
408,1.912202946243943,1.3933390601612992,2.133419859227174,0.43368234317788334
409,1.789841154242925,0.45147033150874954,2.133419859227174,0.7555487249703783
410,1.9209682708081186,1.4012435406481876,2.146497549667462,0.4655980920856932
411,1.774812225686015,0.44718227326336635,2.146497549667462,0.7555587694263255
412,1.9293231768026975,1.4087657205258879,2.160206091996719,0.39334129575016935
413,1.7597171630012647,0.4442622665464061,2.160206091996719,0.7555696300426831
414,1.936325449557038,1.4149121498699606,2.1738337025629964,0.34169747916521087
415,1.7446102229550309,0.4427481605632075,2.1738337025629964,0.7555811926768858
416,1.9420456318628725,1.4197413477073435,2.1874028703104247,0.293241126757721
417,1.7295471160404643,0.4426599584842597,2.1874028703104247,0.7555933481207256
418,1.9465447162155083,1.4233085750095025,2.2009164257110845,0.25401667897357433
419,1.7145848583905592,0.4439988588086377,2.2009164257110845,0.7556059922791871
420,1.9499140841969071,1.425681686159834,2.214433092786745,0.23119945187287522
421,1.6997815990412777,0.4467471973899541,2.214433092786745,0.7556190263105734
422,1.9533086452739408,1.4281333450157347,2.228650024820422,0.2386155153751189
423,1.6851964204899363,0.45086929686681887,2.228650024820422,0.755632356730087
424,1.9565503707759577,1.4304504753683969,2.2434362812699185,0.2191979604329871
425,1.670889110713819,0.4563131258149174,2.2434362812699185,0.755645895479067
426,1.9598314328299635,1.4328606102882808,2.2588440216428407,0.2241661137357601
427,1.656919905150569,0.4630125853627534,2.2588440216428407,0.7556595599620727
428,1.9629659792131575,1.4351408310157323,2.2747321786921377,0.2095971248374287
429,1.643349197611198,0.47089019138636645,2.2747321786921377,0.7556732730540235
430,1.966118198376632,1.4374991348440598,2.291112849033885,0.2107148312001416
431,1.6302372197110575,0.4798599107361476,2.291112849033885,0.7556869630795778
432,1.9700223325362518,1.4408207841739284,2.308302730319899,0.2214408406351382
433,1.6176436891710075,0.48982993524192675,2.308302730319899,0.7557005637669109
434,1.9737439103124377,1.4439709335830417,2.3257985871717968,0.19514989755124354
435,1.6056274282596543,0.5007052258164881,2.3257985871717968,0.7557140141780233
436,1.9766101094419355,1.4461080950910392,2.343250428860255,0.1899150472831845
437,1.5942459547072638,0.5123897171541386,2.343250428860255,0.7557272586176692
438,1.9786954883319474,1.4473033812137024,2.3606628547732047,0.20155016917281432
439,1.5835550485998655,0.5247881295600636,2.3606628547732047,0.7557402465229432
440,1.980740041810219,1.4485399613559127,2.378203501615379,0.17078449417771452
441,1.5736083000215002,0.5378073806704605,2.378203501615379,0.7557529323355094
442,1.9832908045533992,1.4505551573830124,2.395971056020904,0.1592389715911297
443,1.5644566435023695,0.5513576228971006,2.395971056020904,0.7557652753583963
444,1.9862385473747624,1.453240834702732,2.413817359208173,0.15892092266339836
445,1.5561478865860594,0.5653529524317654,2.413817359208173,0.755777239599217
446,1.989011172760972,1.455746716063463,2.4316552617655933,0.13885506887475166
447,1.5487262409738136,0.5797118447054888,2.4316552617655933,0.7557887936015972
448,1.9911604641805336,1.4574119007629598,2.4493931316951363,0.13076797814344385
449,1.542231865654796,0.5943573722543802,2.4493931316951363,0.7557999102665265
450,1.9927300626928242,1.4582849955464983,2.467004275806989,0.15491938514714834
451,1.5367004321040123,0.6092172568875708,2.467004275806989,0.7558105666652647
452,1.9938014234434107,1.4584475664058345,2.484506055812439,0.20574813468133882
453,1.5321627219460572,0.6242238012672362,2.484506055812439,0.7558207438453666
454,1.9948394309026012,1.458649434751275,2.5017753705947543,0.15374685613939326
455,1.528644267379833,0.6393137372270211,2.5017753705947543,0.7558304266312846
456,1.9961428072897986,1.4594150723165178,2.518641011515664,0.09137232444696522
457,1.5261650440962498,0.6372857506590243,2.518641011515664,0.755839603420956
458,1.9973965354031378,1.460124999063972,2.5352869805803437,0.13834454800344484
459,1.5247392253868777,0.6222979468397374,2.5352869805803437,0.7558482659796738
460,1.9983073634743556,1.4602570299438458,2.551798756801239,0.1824200393734391
461,1.524375004659775,0.6072218688509788,2.551798756801239,0.7558564092324673
462,1.9991700582643777,1.4604071893406194,2.5678795142238475,0.11463597118336998
463,1.5250744917078982,0.592108047832302,2.5678795142238475,0.7558640310561343
464,2.0000252442595645,1.4605492279906729,2.5836316569039717,0.16772556096114438
465,1.5268336859066978,0.5770109906680948,2.5836316569039717,0.755871132071981
466,2.000710522083112,1.4602824659315181,2.599282458349544,0.21655844735665766
467,1.5296425271678618,0.5619895070204278,2.599282458349544,0.755877715440248
468,2.001363699276675,1.4600563771934558,2.614379515760807,0.15547541790818312
469,1.53348502307901,0.5471070351882339,2.614379515760807,0.7558837866571154
470,2.0020950508293422,1.4602186880934047,2.6285613928074127,0.08751373009816113
471,1.5383394483520783,0.5324319494388742,2.6285613928074127,0.7558893533551032
472,2.0028080436626583,1.4603582908190729,2.6422481316074413,0.14196600037538157
473,1.544178610615632,0.5180378239779976,2.6422481316074413,0.7558944251076062
474,2.0034009072929795,1.4601328571238694,2.6557444080165964,0.19174467888011415
475,1.550970174828383,0.5040036194358748,2.6557444080165964,0.7558990132382285
476,2.0039471597131113,1.4599266139125495,2.6685352307943906,0.12400580755750257
477,1.5586770372442555,0.49041374679330907,2.6685352307943906,0.7559031306355048
478,2.0045050567438385,1.4597346020289201,2.6807498637472094,0.17734425565899722
479,1.5672577389711257,0.47735795164575184,2.6807498637472094,0.7559067915735329
480,2.0050568350566342,1.4592967085714534,2.692786489110177,0.22710535847683705
481,1.5766669087482208,0.46493094992787526,2.692786489110177,0.7559100115389666
482,2.005539704706825,1.4588627605899624,2.7040016273207046,0.15973865397960832
483,1.5868557246003514,0.45323173701355984,2.7040016273207046,0.755912807064758
484,2.006022759386294,1.4584392703916915,2.714541457279569,0.210449504068298
485,1.5977723844622331,0.44236248899983677,2.714541457279569,0.7559151955709771
486,2.0066214637695534,1.457898702555799,2.7249379608706263,0.2590937325430158
487,1.6093625766343462,0.43242698266851676,2.7249379608706263,0.7559171952129696
488,2.007138019322933,1.4573543394222683,2.734425210417297,0.1920130434442844
489,1.6215699419522105,0.42352848437283036,2.734425210417297,0.7559188247370718
490,2.0076888930269434,1.4568612979760458,2.7431958079175303,0.24063806595207987
491,1.6343365207388822,0.41576710242039827,2.7431958079175303,0.7559201033440306
492,2.008382828782355,1.4562877722181922,2.7517925668746313,0.28755710644194116
493,1.6476031788842604,0.4092366639089869,2.7517925668746313,0.7559210505602431
494,2.0089740640666442,1.455693856889707,2.7594066728363353,0.22133558726223382
495,1.6613100086814496,0.40402126115899195,2.7594066728363353,0.7559216861168789
496,2.0096091278304598,1.4551669482179461,2.7662605017036155,0.2677098968570821
497,1.6753967012892264,0.40019170270459525,2.7662605017036155,0.755922029836895
498,2.010494967526337,1.454677497596716,2.772992253903471,0.31303897446809037
499,1.6898028888340106,0.39780217926056216,2.772992253903471,0.7559221015299286
500,2.0112769621843203,1.4541704348852222,2.7787011117897618,0.24709106599959219
501,1.7044684551823344,0.3968874922480276,2.7787011117897618,0.7559219208950008
502,2.0120907640086685,1.4537239701491274,2.783606072077528,0.2911607473295547
503,1.7193338152867976,0.3974611712612662,2.783606072077528,0.7559215074309472
504,2.0127743174450887,1.453225896948066,2.7874630370819333,0.2271789523287815
505,1.7343401637275644,0.39951472027468354,2.7874630370819333,0.7559208803544374
506,2.0134924920056,1.452786236850473,2.790516436681072,0.27194078823701745
507,1.7494296936396654,0.40301809254767823,2.790516436681072,0.7559200585254412
508,2.014552220672987,1.4524837784001539,2.7935061461149053,0.3178924417367144
509,1.7645457876427921,0.4079213309954651,2.7935061461149053,0.7559190603799554
510,2.015916476672376,1.452291206645717,2.796397257845542,0.36403182472272755
511,1.7796331826886662,0.4141571624488181,2.796397257845542,0.7559179038697932
512,2.0176567389936086,1.4522957673510763,2.7992317666169466,0.4058912527473766
513,1.7946381109280203,0.4216442336208828,2.7992317666169466,0.7559166064092092
514,2.0197504272071782,1.4524856091047584,2.8019875335216753,0.4456364138372578
515,1.8095084187923827,0.4302906403772614,2.8019875335216753,0.7559151848281286
516,2.022206274032139,1.4528819311968568,2.804665676031607,0.48604975215448226
517,1.8241936665027925,0.43999742712291534,2.804665676031607,0.7559136553317175
518,2.025048621770893,1.453522739104889,2.807278572007762,0.5220160423986971
519,1.8386452101747972,0.4506618019118597,2.807278572007762,0.7559120334660354
520,2.0282785914441233,1.4544212523874482,2.8098246807318668,0.5600031790606499
521,1.8528162686015235,0.4621799014110851,2.8098246807318668,0.7559103340894842
522,2.031922710880429,1.4556180047550356,2.8123197842078422,0.5942517756038282
523,1.8666619766773078,0.47444902671372224,2.8123197842078422,0.7559085713497742
524,2.0359814670660605,1.4571254798122637,2.814764533310277,0.6285562723982916
525,1.8801394272843095,0.4873693421050393,2.814764533310277,0.7559067586661129
526,2.040463650620357,1.458964975975188,2.8171662802409094,0.661074130748224
527,1.8932077033127053,0.5008450783030417,2.8171662802409094,0.7559049087163198
528,2.045361288591088,1.4611393704743305,2.819524117983401,0.6923609694134003
529,1.9058279013286963,0.5147853098386403,2.819524117983401,0.7559030334285674
530,2.0506806822266554,1.4636667576426876,2.821847523437034,0.7225381797660062
531,1.9179631482490693,0.5291043871459611,2.821847523437034,0.7559011439774508
532,2.056421966456749,1.4665582532969617,2.8241441350767587,0.7514374684212862
533,1.9295786122306025,0.5437221028532814,2.8241441350767587,0.7558992507840858
534,2.062587228011493,1.469826804387407,2.8264245456585972,0.7793836094628264
535,1.9406415088399804,0.5585636635999214,2.8264245456585972,0.7558973635199381
536,2.069180216338358,1.473486885239112,2.828702030110971,0.805611811149064
537,1.951121103437009,0.5735595272707221,2.828702030110971,0.7558954911140843
538,2.076221786847539,1.47757149707234,2.831000724521798,0.8314155278578649
539,1.9609887105818316,0.5886451534238282,2.831000724521798,0.7558936417636312
540,2.0837077243094666,1.482085741287764,2.8333328527238675,0.8571532882041367
541,1.9702176911660614,0.6037607034126578,2.8333328527238675,0.7558918229469872
542,2.091621690173819,1.4870208908238234,2.8357064568653767,0.880978015047732
543,1.978783447868211,0.6188507170073551,2.8357064568653767,0.7558900414397319
544,2.099967439516353,1.4923899306808817,2.8381422442800632,0.9040882543553577
545,1.9866634194452264,0.6338637844297054,2.8381422442800632,0.7558883033327974
546,2.108753103524161,1.498210283489051,2.840664911113544,0.9263545448127088
547,1.9938370742937224,0.6487522265569025,2.840664911113544,0.7558866140527077
548,2.117975004488987,1.5044858721930214,2.84329498973595,0.9473075302476923
549,2.000285903645923,0.6634717914070218,2.84329498973595,0.7558849783836266
550,2.127636297307746,1.5112277074776295,2.8460583802540076,0.9682997808496882
551,2.0059934147055727,0.6779813716259958,2.8460583802540076,0.7558834004909611
552,2.137731883378718,1.5184371917742125,2.8489787462884153,0.987994217887893
553,2.010945123977233,0.6922427452896364,2.8489787462884153,0.7558818839463075
554,2.148248645628073,1.5261063438301061,2.852077841974473,1.0070153530630808
555,2.0151285509976127,0.7062203406821222,2.852077841974473,0.7558804317534917
556,2.1591867281305817,1.534241392609379,2.855385762535636,1.025563610571584
557,2.0185332126389706,0.7198810246211225,2.855385762535636,0.7558790463755198
558,2.1705557813185936,1.5428586267932498,2.858938786697658,1.0431336622886545
559,2.0211506181213386,0.7331939132157141,2.858938786697658,0.7558777297622182
560,2.1823345673756416,1.551939617955102,2.8627601499304727,1.060172173857318
561,2.0229742648415083,0.746130203548138,2.8627601499304727,0.7558764833783878
562,2.194525558604326,1.5614917487855613,2.8668859759766816,1.0766346505661735
563,2.0239996351016307,0.7586630245754363,2.8668859759766816,0.7558753082322883
564,2.207129283027187,1.5715197835820147,2.8713528416974192,1.0923858664516186
565,2.0242241937981285,0.7707673054868048,2.8713528416974192,0.7558742049042898
566,2.2201371501095806,1.5820179336610922,2.8761943935450685,1.1071994499260291
567,2.0236473871116964,0.7703381486425604,2.8761943935450685,0.7558731735755355
568,2.233539324385873,1.5929785989791052,2.8814449565233247,1.1221127464594258
569,2.0222706422207843,0.7567273433163474,2.8814449565233247,0.7558722140564718
570,2.247352042364134,1.6044226247227704,2.887151713898315,1.1359178468650157
571,2.020097368043407,0.742791621449717,2.887151713898315,0.7558713258151195
572,2.261565090744567,1.6163411586772858,2.893350530696092,1.1493328017054474
573,2.0171329569947902,0.7285647987819294,2.893350530696092,0.7558705080049545
574,2.2761697203388076,1.6287265917547136,2.9000786350796273,1.1625598459465836
575,2.013384787730509,0.714083092627571,2.9000786350796273,0.7558697594923012
576,2.291175785753046,1.6415915302860618,2.907381909420066,1.1746917694985943
577,2.0088622288258255,0.699385306635602,2.907381909420066,0.7558690788831252
578,2.30657049710868,1.6549231704362255,2.9152963862523285,1.1871813825830455
579,2.003576643321078,0.684513032928487,2.9152963862523285,0.7558684645491499
580,2.322363982666155,1.6687337471533699,2.923867966514321,1.1987528757835257
581,1.9975413940396578,0.6695108710213771,2.923867966514321,0.7558679146532032
582,2.33855086715384,1.6830180255573342,2.9331354579297972,1.2073259910962786
583,1.9907718495584374,0.654426661819856,2.9331354579297972,0.7558674271737401
584,2.3541432857115354,1.696867571159791,2.941916602078469,1.1056713332621297
585,1.983285390679852,0.639311733433856,2.941916602078469,0.7558669999284663
586,2.368405245453771,1.7095980765848422,2.9493292677709384,1.0098650457238476
587,1.9751014172193042,0.6242211533940958,2.9493292677709384,0.7558666305970219
588,2.3823324624391047,1.7221056206069556,2.956701180008741,1.0252766865985825
589,1.9662413548803264,0.6092139789686447,2.956701180008741,0.7558663167426777
590,2.396735594889001,1.7351352097324968,2.96508407837318,1.044587178932278
591,1.9567286619421722,0.5943534934997108,2.96508407837318,0.7558660558330073
592,2.4116021326058945,1.7486752945147126,2.974504616858308,1.058247908909591
593,1.9465888354292833,0.579707411882961,2.974504616858308,0.7558658452595146
594,2.4269394958504726,1.7627361924289981,2.9849949452492637,1.0723369848563313
595,1.9358494163685322,0.5653480324238151,2.9849949452492637,0.7558656823561851
596,2.441655473099357,1.7762790293464656,2.995336306722378,0.979849116029413
597,1.924539993667415,0.5513523053852304,2.995336306722378,0.7558655644169627
598,2.456014481981741,1.7895534717574297,3.0058501828863933,0.9951551947043825
599,1.9126922060636617,0.5378017808710379,3.0058501828863933,0.7558654887121311
600,2.470880103487955,1.803374117330324,3.017587075525535,1.0104314975832243
601,1.9003397415033882,0.5247823908977436,3.017587075525535,0.7558654525036086
602,2.485131592842231,1.8166646527820836,3.02931618381623,0.9216281880442795
603,1.8875183332004302,0.512384013715558,3.02931618381623,0.7558654530591525
604,2.499025587777583,1.829669211770488,3.0413423955756773,0.9381909137574964
605,1.8742657515137149,0.5006997643796012,3.0413423955756773,0.7558654876654922
606,2.5134834199149956,1.8432727208499968,3.0547169868028408,0.9540549845977121
607,1.860621790652577,0.4898249566312699,3.0547169868028408,0.7558655536403962
608,2.527311343294159,1.8563118915938026,3.068186153119086,0.8699826368205861
609,1.8466282490825783,0.47985569022063246,3.068186153119086,0.7558656483436976
610,2.5408115110038914,1.8690856804269207,3.0820451963615345,0.8845905411539633
611,1.8323289023580192,0.47088703782629493,3.0820451963615345,0.7558657691872956
612,2.554896706378596,1.8824731392919756,3.097330219852607,0.9035270330610778
613,1.8177694669542404,0.46301083884073313,3.097330219852607,0.7558659136441638
614,2.5692097970670615,1.8961243862400485,3.1136735354081555,0.8926943473266827
615,1.8029975535163423,0.4563131535637186,3.1136735354081555,0.7558660792563887
616,2.583813004732019,1.9100994283061155,3.1311447552295224,0.9098570361903238
617,1.7880626077858113,0.450871487441774,3.1311447552295224,0.755866263642276
618,2.5977783753315773,1.9234863023880213,3.148772975711941,0.821499958432913
619,1.7730158373189,0.44675195321777345,3.148772975711941,0.7558664645025496
620,2.610148988990106,1.9353394229400613,3.165569392424974,0.7368335391890601
621,1.757910121978476,0.4440065874558058,3.165569392424974,0.755866679625687
622,2.620956537766147,1.945679517961814,3.1815974179524105,0.6655037840182244
623,1.7427999060742474,0.4426710631885345,3.1815974179524105,0.7558669068924279
624,2.6314807701795933,1.9557664662110772,3.198157634022046,0.6847436335297319
625,1.7277410699567393,0.4427630307154935,3.198157634022046,0.7558671442794896
626,2.642746522154794,1.966620622882056,3.216228367303991,0.7099478784177379
627,1.7127907788519845,0.4442812688575124,3.216228367303991,0.7558673898625327
628,2.654716065462521,1.9782023740784178,3.235765069920686,0.7261114041812252
629,1.6980073067723203,0.44720574428130305,3.235765069920686,0.7558676418184171
630,2.667359732574193,1.9904817673445663,3.25671719050422,0.745775492019501
631,1.6834498334709829,0.4514985719770509,3.25671719050422,0.755867898426788
632,2.6806488243526974,2.0034321126274763,3.2790171006833897,0.7631482453844138
633,1.669178212642137,0.45710576687065907,3.2790171006833897,0.7558681580710406
634,2.6933005699719406,2.01576874727618,3.301414446814107,0.6828551557161976
635,1.6552527099208956,0.46395959569948964,3.301414446814107,0.755868419238689
636,2.7043247964788075,2.026497308903183,3.3229424257626907,0.6092655228319155
637,1.641733709725348,0.4719812936478987,3.3229424257626907,0.7558686805212012
638,2.7137856274240337,2.0356772540702717,3.343643406792614,0.5451260476557793
639,1.6286813906165845,0.4810839054847769,3.343643406792614,0.7558689406133212
640,2.722979163566863,2.044609371144878,3.3646874511442753,0.5594186031836085
641,1.6161553696394415,0.49117503996907913,3.3646874511442753,0.7558691983119361
642,2.731701155694607,2.0530822976891714,3.385875758285763,0.5096538730423819
643,1.604214317044426,0.5021593768866697,3.385875758285763,0.7558694525145163
644,2.7401759597892084,2.061326048021732,3.4073410271156943,0.5168974884482904
645,1.592915543867846,0.5139408246192971,3.4073410271156943,0.7558697022171695
646,2.7491628676505333,2.070105283543514,3.4297328328831314,0.5241076107243738
647,1.5823145660379978,0.5264242813142782,3.4297328328831314,0.7558699465123517
648,2.758677315921794,2.079435091932865,3.4530178849123017,0.5361501962009712
649,1.5724646499417745,0.5395169974083057,3.4530178849123017,0.7558701845862703
650,2.7677545923463205,2.0883322167515934,3.4763287101367033,0.48519235770057084
651,1.5634163456753243,0.5531295686263116,3.4763287101367033,0.7558704157160071
652,2.7765888005449035,2.0969980504511025,3.4997524577780066,0.5102249302895585
653,1.5552170154479428,0.5671766070459198,3.4997524577780066,0.7558706392664095
654,2.7861054282152744,2.106371997980068,3.5240405753593524,0.5150250813731317
655,1.5479103657328661,0.5815771456882427,3.5240405753593524,0.7558708546867698
656,2.7952125620712835,2.115338453446372,3.5482323362134167,0.4825722188431587
657,1.5415359926782686,0.5962548323423018,3.5482323362134167,0.7558710615073331
658,2.804089821581892,2.1240840500501696,3.572399943933531,0.48761922429350446
659,1.5361289509225382,0.6111379637988766,3.572399943933531,0.7558712593356619
660,2.813600970785448,2.1334896993935835,3.5972110997879585,0.49887181782392515
661,1.5317193562232847,0.6261594046657487,3.5972110997879585,0.7558714478528793
662,2.8226856146185075,2.1424705176187784,3.621741002739308,0.46381232663577315
663,1.528332032148668,0.6412564271097024,3.621741002739308,0.7558716268098331
664,2.8315035609062003,2.1511932926065747,3.646041447327066,0.4689411837274458
665,1.5259862104554995,0.6353526370309086,3.646041447327066,0.7558717960231873
666,2.840886942492022,2.1605080347485344,3.6707421218695897,0.4809420137535925
667,1.5246952936845388,0.6203502381560609,3.6707421218695897,0.7558719553714834
668,2.8498491119223694,2.1694012662005795,3.6950093045846026,0.44458975874719675
669,1.5244666869672994,0.6052660167356,3.6950093045846026,0.755872104791178
670,2.858541385998778,2.1780311957889515,3.718887654413248,0.45212597861052634
671,1.525301704123554,0.5901509977799825,3.718887654413248,0.7558722442726893
672,2.867758211722343,2.187211383225943,3.742960499080104,0.4663954978907301
673,1.5271955509294988,0.5750602242229282,3.742960499080104,0.7558723738564673
674,2.8765668689744572,2.195981301656916,3.7664602208825113,0.4286479284529769
675,1.5301373860730438,0.5600530845022827,3.7664602208825113,0.7558724936291026
676,2.8851043448991214,2.2044850160544165,3.789418193979134,0.4384925521989349
677,1.5341104579195057,0.5451936370590753,3.789418193979134,0.755872603719495
678,2.8941246660462547,2.2134968873822793,3.8123691913029445,0.45487823301345
679,1.5390923129253617,0.530550913526643,3.8123691913029445,0.755872704295096
680,2.902751702369081,2.2221119341817954,3.834617538451136,0.4156358720605689
681,1.545055069487199,0.516199174669947,3.834617538451136,0.7558727955582342
682,2.9111206672035292,2.2304722471192857,3.8561974857641514,0.4278126260055322
683,1.5519657493043215,0.5022180836166311,3.8561974857641514,0.7558728777425384
684,2.9199303531701744,2.2392985862830552,3.8775781695590883,0.44633291398826075
685,1.5597866570439498,0.4886927497830743,3.8775781695590883,0.7558729511094741
686,2.9283664079537353,2.2477465240977144,3.8981445758351616,0.405854836804194
687,1.568475798270743,0.4757135848165825,3.8981445758351616,0.7558730159449893
688,2.9365303769336646,2.2559252073109164,3.9178969907048025,0.41964675176050753
689,1.5779873252453074,0.4633759002812571,3.9178969907048025,0.7558730725562929
690,2.9451057663031666,2.2645405440555746,3.9372867687997726,0.4401862438260118
691,1.588272000284793,0.451779168179915,3.9372867687997726,0.7558731212687622
692,2.953334062640839,2.27280285172074,3.955774773617228,0.39900249863632337
693,1.5992776668610724,0.44102586342074707,3.955774773617228,0.7558731624229873
694,2.961278545661319,2.2807837612546638,3.973323324604914,0.4135367363234758
695,1.6109497194175473,0.4312198168177403,3.973323324604914,0.7558731963719607
696,2.9695910477103085,2.2891584956485667,3.99034638975837,0.43585759104035554
697,1.623231563932504,0.4224640334283844,3.99034638975837,0.7558732234784103
698,2.977568226809488,2.297191312499031,4.006382432571601,0.3922701922007796
699,1.6360650624604514,0.4148579782322366,4.006382432571601,0.7558732441122813
700,2.9852921110100876,2.3049719997387745,4.021422077067329,0.40902231520012655
701,1.6493909561622064,0.4084944002367301,4.021422077067329,0.7558732586483672
702,2.992983529384246,2.3127276482588535,4.035602251178815,0.3882701217836725
703,1.6631492626181024,0.40345585186588656,4.035602251178815,0.7558732674640939
704,3.000680318023226,2.3205003137202427,4.0489001569663605,0.42074606958383404
705,1.6772796444476161,0.3998111496820733,4.0489001569663605,0.7558732709374516
706,3.008702432848694,2.328624692727245,4.06148089448684,0.4558951947846786
707,1.6917217473881685,0.3976120942999825,4.06148089448684,0.7558732694450774
708,3.017062092850894,2.3371121360771236,4.073340228822841,0.48042039975842527
709,1.7064155069854479,0.3968907978520269,4.073340228822841,0.7558732633604843
710,3.025673693057539,2.3458782557197475,4.084366588284973,0.50846166869755
711,1.7213014238999818,0.39765793767922397,4.084366588284973,0.7558732530524415
712,3.0339653630214705,2.3543152750518948,4.094288875750321,0.4425238666594245
713,1.736320808533964,0.39990216031294584,4.094288875750321,0.7558732388834888
714,3.041397374762284,2.3618563565426443,4.10280315610005,0.3762084197233513
715,1.7514159962315814,0.4035907149783265,4.10280315610005,0.7558732212086007
716,3.0480317931936756,2.3685636669465877,4.109968150205727,0.3232815828420324
717,1.766530534715077,0.408671232451864,4.109968150205727,0.7558732003739809
718,3.053884264294206,2.374454100356227,4.115793635956044,0.2699085302014214
719,1.781609345701812,0.41507442141444434,4.115793635956044,0.7558731767159903
720,3.0589948267443146,2.3795687212347647,4.120319189412934,0.23002416502302725
721,1.7965988628213814,0.4227173617174331,4.120319189412934,0.7558731505602034
722,3.063378696147887,2.3839244109314146,4.123559385075996,0.20465962657291104
723,1.8114471480341652,0.43150704631353953,4.123559385075996,0.7558731222205888
724,3.067072719554077,2.3875594479823232,4.125555259250016,0.1919619846954833
725,1.8261039887610029,0.4413438557101993,4.125555259250016,0.755873091998806
726,3.0701270095698354,2.3905252925362572,4.126364833596947,0.20168148684010934
727,1.8405209778842861,0.4521247215075025,4.126364833596947,0.7558730601836143
728,3.0725439941827872,2.392826652336307,4.125995609243286,0.21880241204410175
729,1.8546515786884148,0.4637458249505294,4.125995609243286,0.7558730270503932
730,3.0743612214866345,2.394502838459038,4.124496128849255,0.24838652682364118
731,1.8684511766849816,0.4761047618352599,4.124496128849255,0.7558729928607603
732,3.0756021921002925,2.395579425510079,4.121901487184242,0.284113130664175
733,1.8818771201259858,0.4891021735550068,4.121901487184242,0.7558729578622884
734,3.076310405879372,2.396101738445731,4.118270811091674,0.3217358753295239
735,1.8948887508556116,0.502642890589694,4.118270811091674,0.7558729222883117
736,3.076514667373014,2.3961007077484453,4.113648890151521,0.360125252395228
737,1.9074474269945378,0.516636660364886,4.113648890151521,0.7558728863578182
738,3.0762456384412844,2.395609144952226,4.108084366641865,0.39832925259624835
739,1.9195165387957365,0.5309985404551066,4.108084366641865,0.7558728502754191
740,3.075536850726523,2.3946627408528056,4.101630748656402,0.4369435889425502
741,1.9310615188611078,0.5456490358500713,4.101630748656402,0.7558728142313957
742,3.0744116899321714,2.393287221889,4.094332067544301,0.47482148914869265
743,1.9420498477668577,0.5605140502273097,4.094332067544301,0.7558727784018083
744,3.072884927204283,2.3914998311831597,4.086224536052102,0.5114715294351984
745,1.9524510560139903,0.5755247095350643,4.086224536052102,0.755872742948674
746,3.070973111678228,2.38931957038555,4.077347868988338,0.5471155327910544
747,1.9622367230996483,0.5906171041195464,4.077347868988338,0.7558727080201957
748,3.068698134079342,2.3867707242815417,4.067749090156668,0.5817276614164104
749,1.9713804743956984,0.6057319845353383,4.067749090156668,0.7558726737510465
750,3.0660820164417304,2.3838777193536136,4.057476746410474,0.615275638014376
751,1.9798579764228745,0.6208144367139456,4.057476746410474,0.7558726402626978
752,3.0631462980040243,2.3806645150221755,4.046580161548592,0.6477468110121738
753,1.9876469310215918,0.6358135545090341,4.046580161548592,0.7558726076637903
754,3.059912009710739,2.377154576163787,4.035109334102961,0.679142582183585
755,1.9947270688436123,0.6506821216901709,4.035109334102961,0.7558725760505408
756,3.056399674382897,2.3733708712781842,4.023114862167166,0.7094739095757443
757,2.001080142521359,0.6653763109925982,4.023114862167166,0.7558725455071799
758,3.052629309403259,2.369335873362961,4.0106478696273795,0.7387582508988443
759,2.0066899198129846,0.6798554045803681,4.0106478696273795,0.7558725161064189
760,3.0486204307438576,2.3650715622705865,3.997759932214803,0.7670174659474387
761,2.0115421769704325,0.6940815379843831,3.997759932214803,0.7558724879099359
762,3.0443920580856103,2.3605994282428924,3.984503002810876,0.794276353668205
763,2.0156246925338053,0.7080194680076994,3.984503002810876,0.7558724609688872
764,3.0399627208421194,2.355940476387852,3.97092933551195,0.820561617207675
765,2.0189272417174715,0.7216363640599619,3.97092933551195,0.7558724353244247
766,3.0353504649240532,2.3511152318944353,3.9570914079978032,0.8459011229638187
767,2.021441591520684,0.7349016217422928,3.9570914079978032,0.7558724110082317
768,3.0305728601007447,2.3461437458073546,3.9430418417860076,0.8703233650388568
769,2.0231614966672047,0.747786697139222,3.9430418417860076,0.7558723880430634
770,3.025647007833413,2.341045601206293,3.9288333199938923,0.8938570753972575
771,2.0240826964537537,0.7602649600999372,3.9288333199938923,0.7558723664432921
772,3.020589549470132,2.335839919654367,3.9145185022727773,0.9165309388131793
773,2.0242029125652756,0.7723115647445616,3.9145185022727773,0.7558723462154535
774,3.015416674706565,2.330545367798343,3.9001499366258083,0.9383733841173405
775,2.023521847895348,0.7685944092328861,3.9001499366258083,0.7558723273587926
776,3.01014413022879,2.3251801640189695,3.8857799678720064,0.9594124316148164
777,2.0220411863917906,0.7549395359809433,3.8857799678720064,0.7558723098658046
778,3.00478531441864,2.319760172650243,3.8714586066597163,0.9796714641645075
779,2.019764593930088,0.7409640002440816,3.8714586066597163,0.7558722937227702
780,2.9993286158628583,2.314276237569884,3.857209400340613,0.9991560021026463
781,2.016697720199828,0.7267019200031206,3.857209400340613,0.7558722789102816
782,2.993805015397632,2.308761733165651,3.8431012122176047,1.017965057097483
783,2.0128482015714515,0.7121898377855302,3.8431012122176047,0.7558722654037577
784,2.988208867624692,2.303213398598664,3.8291639452093755,1.0360785811453241
785,2.0082256648913988,0.6974669076853545,3.8291639452093755,0.755872253173949
786,2.982580832291935,2.297674297544046,3.8154761738728147,1.0535103914029689
787,2.002841732132653,0.6825750997345049,3.8154761738728147,0.7558722421874248
788,2.9769445733441793,2.2921705094531664,3.8020978937091945,1.0704428236176426
789,1.9967100258039316,0.6675594209043586,3.8020978937091945,0.7558722324070501
790,2.9713066964004065,2.2867110123951777,3.7890706677309125,1.0866974405057803
791,1.989846174993667,0.6524681508622064,3.7890706677309125,0.7558722237924392
792,2.9657021023453547,2.2813331373344345,3.776464863840857,1.1024722100705757
793,1.9822678218936316,0.6373530889774154,3.776464863840857,0.7558722163004006
794,2.9600848789902856,2.2759931372169295,3.7642664521938176,1.1176835933919211
795,1.9739946286108756,0.6222698068337625,3.7642664521938176,0.7558722098853539
796,2.9545835521577426,2.2708222603490493,3.75264050578296,1.1322712400006965
797,1.9650482840345884,0.6072778975087679,3.75264050578296,0.755872204499735
798,2.9491451360360235,2.2657696310918345,3.7415637275152616,1.1462086015240418
799,1.955452510475822,0.5924412089775597,3.7415637275152616,0.7558722000943765
800,2.9440850223454307,2.2611275259788375,3.7310257108816445,1.046398515831187
801,1.9452330697417604,0.5778280440615547,3.7310257108816445,0.7558721966188716
802,2.939514606650941,2.256979249206632,3.7209096030970383,0.9515992413210413
803,1.9344177682415278,0.5635113033134752,3.7209096030970383,0.7558721940219143
804,2.9352503881427667,2.2531624014947838,3.711458619894064,0.9719189199508566
805,1.9230364606465506,0.5495685401908977,3.711458619894064,0.7558721922516212
806,2.931196874459496,2.249571993492744,3.7025592908036797,0.8805578238469026
807,1.9111210515444368,0.5360818901397698,3.7025592908036797,0.7558721912558313
808,2.9274137067051402,2.2462711757270566,3.694387525531092,0.9013530461346647
809,1.8987054944305608,0.5231378274724506,3.694387525531092,0.755872190982385
810,2.92383979819548,2.2431891333065535,3.6868629049010773,0.8132137431693719
811,1.8858257872756181,0.5108266973751393,3.6868629049010773,0.7558721913793833
812,2.920531666260818,2.2403471059323725,3.6798264539555783,0.7290554131993762
813,1.8725199637901286,0.4992419668356866,3.6798264539555783,0.7558721923954262
814,2.9174720734970014,2.237763503683527,3.6736461712834254,0.7531793875688974
815,1.8588280793785472,0.4884791402106895,3.6736461712834254,0.7558721939798307
816,2.914540266094027,2.2353077177693725,3.668179229319042,0.6722990572785366
817,1.8447921906369995,0.4786342954835897,3.668179229319042,0.7558721960828297
818,2.9116843919975532,2.232889389578226,3.6631661397126782,0.5955702950893671
819,1.8304563271012917,0.46980221889867213,3.6631661397126782,0.7558721986557523
820,2.908984673145955,2.230631476975746,3.659042262795643,0.6256467082473042
821,1.815866453798076,0.462074150530704,3.659042262795643,0.7558722016511824
822,2.906378162269979,2.2284611565492742,3.6557148966290556,0.5512320349098749
823,1.8010704229954846,0.45553520117467067,3.6557148966290556,0.7558722050231024
824,2.903941100344444,2.2264628145637646,3.653338230718746,0.5855735900610839
825,1.7861179133949687,0.4502615578428549,3.653338230718746,0.7558722087270203
826,2.9017904455101338,2.224794000484444,3.652269770295229,0.6185540487672588
827,1.771060354859992,0.4463176528695063,3.652269770295229,0.755872212720076
828,2.899986444932548,2.2235159352487086,3.65255615207459,0.6464429011765096
829,1.7559508366477496,0.44375351797569573,3.65255615207459,0.755872216961134
830,2.8982397840403324,2.22228745077363,3.653638577119665,0.5653254827264689
831,1.7408439970074292,0.4426025659515829,3.653638577119665,0.755872221410861
832,2.8963173091761947,2.2208301536195014,3.655093187699003,0.4910141876431581
833,1.7257958919447847,0.44288002779614183,3.655093187699003,0.7558722260317876
834,2.8941708607160637,2.2190941806286046,3.6569046922495034,0.431706926712358
835,1.7108638409421584,0.4445822183779992,3.6569046922495034,0.7558722307883587
836,2.89174622025967,2.2170247270444965,3.6590467519333396,0.3651743141340096
837,1.6961062474813857,0.44768671537478044,3.6590467519333396,0.7558722356469655
838,2.8890183793498494,2.2145966178246117,3.661514054329797,0.32249504631145076
839,1.681582392361543,0.4521534306386819,3.661514054329797,0.7558722405759712
840,2.8864485609604786,2.2123265936560994,3.6649964775903157,0.34735126837494157
841,1.6673521980518862,0.4579264518342995,3.6649964775903157,0.7558722455457224
842,2.8838901800920382,2.210058551949546,3.669295346840857,0.30437188308616187
843,1.653475962689925,0.4649364554528959,3.669295346840857,0.7558722505285504
844,2.881502470374587,2.2079611756534097,3.674586023897525,0.3301276496752306
845,1.640014062840445,0.4731034528713123,3.674586023897525,0.7558722554987595
846,2.8797669525359813,2.2065599924616977,3.6814792523459667,0.3528886227048101
847,1.6270266247849114,0.48233963127176377,3.6814792523459667,0.7558722604326129
848,2.878038550450882,2.205155526762523,3.6891037826260047,0.3105938123686272
849,1.6145731649172952,0.4925520838274886,3.6891037826260047,0.7558722653083039
850,2.87651446241044,2.203952787653662,3.6976542108630945,0.3348361207942966
851,1.6027122007790586,0.5036452759382142,3.6976542108630945,0.7558722701059222
852,2.8755727089283836,2.2033602744720078,3.7075716715709164,0.3363284618098407
853,1.5915008353591156,0.5155231529599957,3.7075716715709164,0.7558722748074115
854,2.8744626233990305,2.202578119167966,3.7179128532432246,0.2982313537260339
855,1.580994318487695,0.5280908489875216,3.7179128532432246,0.7558722793965259
856,2.8735936824758257,2.202030464222757,3.7290957108566283,0.3189624832736829
857,1.5712455904258094,0.5412559992822545,3.7290957108566283,0.7558722838587741
858,2.873591829541318,2.202384731028133,3.741824542203431,0.34313413837325896
859,1.5623048140396347,0.5549296885567984,3.741824542203431,0.755872288181363
860,2.8735597707625735,2.2026945418143606,3.755016506780679,0.295029425160436
861,1.554218903183505,0.5690270842656925,3.755016506780679,0.7558722923531359
862,2.873715631218927,2.2031836969976806,3.7688623143598674,0.32150101460003855
863,1.5470310560179275,0.5834678107624234,3.7688623143598674,0.7558722963645065
864,2.8748198415662616,2.20464775212886,3.7841675315754664,0.33982915163182625
865,1.5407803028758351,0.5981761196571512,3.7841675315754664,0.7558723002073917
866,2.875809006590375,2.2059832809165774,3.799717169223068,0.29400762975774936
867,1.5355010788777121,0.613080906740823,3.799717169223068,0.7558723038751413
868,2.8769376564312483,2.207448062718516,3.815725629374712,0.307064357560896
869,1.531222831709287,0.6281156186512693,3.815725629374712,0.7558723073624636
870,2.877925486237192,2.208760210766939,3.831861909336949,0.2645277179991841
871,1.5279696747560059,0.6432180846117027,3.831861909336949,0.7558723106653527
872,2.8779430863873174,2.2090584382448846,3.847173082372901,0.2321713614219383
873,1.5257600951030388,0.6334117834205778,3.847173082372901,0.7558723137810139
874,2.8781048862716148,2.209493647917206,3.8628089134473482,0.235169454572017
875,1.5246067247558341,0.6183960098160262,3.8628089134473482,0.755872316707788
876,2.8781529192648865,2.2098052639899715,3.8784548534338654,0.20707642678614602
877,1.524516181846659,0.6033048228633883,3.8784548534338654,0.7558723194450744
878,2.8772249481690184,2.209101587164398,3.8931316311046116,0.1935229118085134
879,1.5254889866345782,0.5881897507381028,3.8931316311046116,0.7558723219932585
880,2.8764750190837165,2.20856962599052,3.908014073966155,0.17923424541395655
881,1.5275195548785945,0.5731063817525115,3.908014073966155,0.755872324353635
882,2.875641232434958,2.2079458267168,3.922785504693186,0.17090714960371728
883,1.5305962687885326,0.558114692337953,3.922785504693186,0.7558723265283358
884,2.8738294459097897,2.206309508485698,3.936443099195795,0.17971372422547877
885,1.5347016233713715,0.5432793699520339,3.936443099195795,0.7558723285202565
886,2.8722277541053898,2.2048777915077946,3.950184674076643,0.143434748492802
887,1.5398124437287433,0.5286701117825727,3.950184674076643,0.7558723303329866
888,2.870571360770166,2.203385198637308,3.963694402604144,0.15886503750516717
889,1.545900166849708,0.5143618721744151,3.963694402604144,0.7558723319707407
890,2.867941580876203,2.2008891149335565,3.9759533696224723,0.18678179684482102
891,1.5529311797849539,0.500435021957923,3.9759533696224723,0.7558723334382911
892,2.8655498644974338,2.198626544929,3.988176185928553,0.13194564405885287
893,1.560867204857377,0.48697537154578885,3.988176185928553,0.7558723347409024
894,2.863132636054237,2.196333727614685,4.000052565221854,0.16741874311941435
895,1.5696657217981034,0.474073997545888,4.000052565221854,0.7558723358842704
896,2.859741549152056,2.1930425755005443,4.010547185675103,0.20782052426469783
897,1.5792804163997896,0.461826801263982,4.010547185675103,0.7558723368744608
898,2.85662092368917,2.1900169665049996,4.020897288811901,0.1413866061445341
899,1.5896616454220143,0.45033371946317946,4.020897288811901,0.7558723377178521
900,2.853506071571878,2.1869927480506792,4.030797748975856,0.1874806248755417
901,1.6007569080122277,0.4396975069604151,4.030797748975856,0.7558723384210817
902,2.8494176462166583,2.182976572479012,4.039200555428416,0.234498705158026
903,1.6125113147473473,0.43002202199820927,4.039200555428416,0.755872338990993
904,2.8456197287252243,2.1792473504796708,4.047356852892391,0.16400609857763354
905,1.6248680464730643,0.421409974073215,4.047356852892391,0.7558723394345868
906,2.8418481047454747,2.1755423229413324,4.05497011418082,0.2146389412290756
907,1.6377687963356835,0.4139601439953115,4.05497011418082,0.7558723397589742
908,2.8371306431052696,2.1708728748926287,4.060998824240351,0.25571398111026145
909,1.6511541896850115,0.40776415765169527,4.060998824240351,0.7558723399713343
910,2.8314875423859855,2.1652639999119216,4.065441151244569,0.3041700475841094
911,1.6649641778063473,0.40290298209306774,4.065441151244569,0.7558723400788726
912,2.826193041910108,2.1599997893715606,4.069554307608261,0.23398116976146444
913,1.6791384026578677,0.3994434008002951,4.069554307608261,0.7558723400887832
914,2.820976373399043,2.154814221398494,4.073053000649786,0.28236251579654165
915,1.6936165309037279,0.397434792773468,4.073053000649786,0.755872340008215
916,2.8158235120643975,2.1496866838953994,4.075879286378952,0.23942420505522516
917,1.708338556514392,0.3969065636229564,4.075879286378952,0.7558723398442381
918,2.810537272545242,2.144421281657542,4.0778166932193765,0.28499967897945017
919,1.7232450720383434,0.39786653860949894,4.0778166932193765,0.7558723396038162
920,2.804334969909435,2.138229902604795,4.078053843301909,0.32946266233452226
921,1.738277509328788,0.40030052519941517,4.078053843301909,0.7558723392937791
922,2.797248897463903,2.1311458533179333,4.0766065124394295,0.3740634388343081
923,1.7533783510393273,0.4041731033989675,4.0766065124394295,0.7558723389207971
924,2.7893104668196496,2.123201412555995,4.07349189306302,0.41576832390133694
925,1.768491314594351,0.4094295391459609,4.07349189306302,0.7558723384913623
926,2.7805500206616434,2.114427829330161,4.068728952075505,0.45680685220360395
927,1.7835615106077627,0.4159985774888993,4.068728952075505,0.7558723380117687
928,2.7709951202280907,2.104854848651192,4.062340471351499,0.4960038813507223
929,1.798535577884564,0.4237957876375482,4.062340471351499,0.755872337488094
930,2.7606740551108513,2.0945120956334966,4.0543504138154915,0.5339278173839589
931,1.813361797211581,0.4327271127355158,4.0543504138154915,0.7558723369261875
932,2.749617709179598,2.083428944658574,4.04477938335107,0.5703985474282063
933,1.8279901861435353,0.44269231585986407,4.04477938335107,0.7558723363316561
934,2.737851991244741,2.071632653169794,4.033654316313246,0.6055461497151532
935,1.8423725769349049,0.45358808996812466,4.033654316313246,0.7558723357098561
936,2.725401449314981,2.05914976737802,4.021005740203885,0.6392957149183773
937,1.856462679671072,0.4653106893937537,4.021005740203885,0.7558723350658846
938,2.7122927743273557,2.046006274993344,4.006860505538835,0.6718038978296343
939,1.870216132526577,0.47775802425196073,4.006860505538835,0.7558723344045718
940,2.6985495605176997,2.0322270511448273,3.9912513393798577,0.7030865202477494
941,1.883590540934399,0.4908312248450819,3.9912513393798577,0.7558723337304784
942,2.6841960271701706,2.017836112921222,3.974209391862989,0.7331435733188709
943,1.896545507296547,0.5044357268047778,3.974209391862989,0.755872333047892
944,2.6692554023591355,2.0028564157685,3.9557670326008934,0.762095838756557
945,1.9090426527096567,0.5184819508975197,3.9557670326008934,0.755872332360827
946,2.653749671080769,1.987310029475498,3.9359590265480606,0.7900178021516071
947,1.9210456320247264,0.5328856587023075,3.9359590265480606,0.7558723316730237
948,2.6377000299049373,1.9712181915597968,3.9148216306147487,0.8168176163610171
949,1.9325201434114978,0.5475680620178983,3.9148216306147487,0.75587233098795
950,2.621126597798024,1.954601488528882,3.892393918116775,0.8426351086188316
951,1.9434339334577209,0.5624557545302826,3.892393918116775,0.7558723303088052
952,2.6040486883016443,1.937479866995591,3.8687171587825184,0.8674200577068549
953,1.953756798703389,0.5774805224627926,3.8687171587825184,0.7558723296385219
954,2.5864853069747338,1.9198723778247966,3.843832560374146,0.8912989665680867
955,1.963460584390846,0.5925790789274312,3.843832560374146,0.755872328979774
956,2.5684548424145768,1.9017973235437309,3.817782452012789,0.9142703904992939
957,1.972519181103801,0.6076927557880986,3.817782452012789,0.7558723283349809
958,2.549974837092167,1.8832724038925444,3.7906113594074813,0.9363706411466808
959,1.9809085198716483,0.6227671776149096,3.7906113594074813,0.7558723277063125
960,2.5310620785450886,1.8643147113903191,3.762365721001712,0.9576261642462925
961,1.9886065662296422,0.6377519348836999,3.762365721001712,0.7558723270957007
962,2.5117328608858074,1.8449406240456299,3.733092714842423,0.9780809642721887
963,1.9955933136498551,0.6526002678349423,3.733092714842423,0.7558723265048455
964,2.4920029460594533,1.8251658624551905,3.7028404752370805,0.9977654908126394
965,2.001850776691615,0.6672687681149139,3.7028404752370805,0.7558723259352226
966,2.471887506404912,1.805005553358693,3.6716584069333345,1.016708615178435
967,2.0073629841625067,0.6817171022097932,3.6716584069333345,0.7558723253880929
968,2.4514011438238104,1.7844742536178142,3.639597147585754,1.0349381330229557
969,2.012115972531101,0.695907758493927,3.639597147585754,0.7558723248645148
970,2.4305579112772087,1.7635859717830549,3.606708511360345,1.0524808169574824
971,2.0160977797894852,0.7098058182240046,3.606708511360345,0.7558723243653501
972,2.4093713336023557,1.7423541887926706,3.573045427322425,1.0693624514336262
973,2.019298439926512,0.723378749838604,3.573045427322425,0.7558723238912757
974,2.3878544237435197,1.7207918797271489,3.538661891201483,1.08560783460542
975,2.0217099781406396,0.7365962253235967,3.538661891201483,0.7558723234427938
976,2.366019093362887,1.6989118295609902,3.503615821075669,1.1012280778241084
977,2.023326406893462,0.7494299570681766,3.503615821075669,0.7558723230202448
978,2.343877836818441,1.676725851870137,3.4679610324004506,1.116266522343323
979,2.024143722880778,0.761853553481642,3.4679610324004506,0.7558723226238131
980,2.321441841551569,1.6542457461277542,3.431756338383467,1.1307266089036907
981,2.024159904976524,0.7738423916074674,3.431756338383467,0.755872322253542
982,2.2987223700946617,1.6314826345398918,3.395058841165448,1.1446975736287375
983,2.0233749131854655,0.7668413871891727,3.395058841165448,0.7558723219093396
984,2.275729242175034,1.6084479237721059,3.3579319878359115,1.1580926863574557
985,2.0217906886224064,0.7531430461554992,3.3579319878359115,0.7558723215909923
986,2.2524734669298416,1.585151753995199,3.320431704061476,1.17092622747636
987,2.0194111545182816,0.7391283401247385,3.320431704061476,0.755872321298174
988,2.2289643399699823,1.56160492871236,3.282622243424053,1.1832823070194554
989,2.0162422182360524,0.7248316918300599,3.282622243424053,0.7558723210304564
990,2.2052119507880747,1.537817100482278,3.244561681765333,1.1953807165554502
991,2.012291774261299,0.7102899718415455,3.244561681765333,0.7558723207873167
992,2.181224654287934,1.5137999226311722,3.2063212320665087,1.2065451726266108
993,2.0075697081129693,0.6955426878480543,3.2063212320665087,0.75587232056815
994,2.157012758285715,1.4895615353423028,3.1679532122604646,1.2178717850366356
995,2.002087901098383,0.6806321912483045,3.1679532122604646,0.7558723203722768
996,2.13258460523052,1.465114591953103,3.129532864915466,1.2275753414940895
997,1.9958602358124138,0.6656039002029285,3.129532864915466,0.7558723201989519
998,2.1092024451888562,1.441716048840555,3.092300722117326,1.1242100751844417
999,1.9889026022531877,0.65050653709001,3.092300722117326,0.7558723200473725
1000,2.0878386353039966,1.4203287063171284,3.0572032488089063,1.0251215537043437
1001,1.98123290439476,0.6353923766058538,3.0572032488089063,0.7558723199166878
1002,2.068417394817031,1.4008803397588276,3.0242322850227157,0.9299174859257072
1003,1.972871067020313,0.620317498424658,3.0242322850227157,0.7558723198060063
1004,2.0508133015725893,1.3832460097171215,2.9933214178389433,0.8439565578552528
1005,1.9638390425765702,0.6053420352256144,2.9933214178389433,0.7558723197144027
1006,2.0337165497736955,1.3661227956833284,2.9632926563368036,0.8690557571240362
1007,1.9541608177605145,0.5905304028646856,2.9632926563368036,0.7558723196409247
1008,2.016143783970012,1.3485390941287076,2.933296177250231,0.8900200341349893
1009,1.9438624194921803,0.5759514943904948,2.933296177250231,0.7558723195846012
1010,1.998117115870261,1.330519598875925,2.903409994680708,0.9106472325075928
1011,1.932971919861465,0.5616788134353228,2.903409994680708,0.7558723195444463
1012,1.980893401587872,1.313296719882414,2.874801053887722,0.8236607373810837
1013,1.92151943956164,0.5477905153587053,2.874801053887722,0.7558723195194673
1014,1.9642126135094817,1.2966226397788552,2.847310973997771,0.8455483598525184
1015,1.9095371492368454,0.5343693167414675,2.847310973997771,0.7558723195086696
1016,1.9470628748682095,1.2795087777174183,2.8200918239476276,0.8709564122524142
1017,1.897059268074648,0.5215022261654948,2.8200918239476276,0.7558723195110613
1018,1.9294560150740585,1.2619611801212214,2.7931737704302035,0.8899013403473368
1019,1.8841220588673329,0.509280042938111,2.7931737704302035,0.7558723195256584
1020,1.9114157535638863,1.2440071202925003,2.7666272015139026,0.9118421364898145
1021,1.870763818646879,0.4977965674341683,2.7666272015139026,0.7558723195514877
1022,1.8929718318101014,1.225682272992497,2.7405319131605075,0.9318796773381053
1023,1.8570248638688267,0.48714746957624167,2.7405319131605075,0.7558723195875936
1024,1.8741520542135346,1.2070188220828806,2.714956117159625,0.9489477868096818
1025,1.8429475089803933,0.4774287736187407,2.714956117159625,0.7558723196330389
1026,1.856174558533264,1.1891915761374863,2.6909689456648485,0.8612377784154797
1027,1.8285760370598116,0.4687349406775891,2.6909689456648485,0.7558723196869095
1028,1.8387928752204195,1.17196742397335,2.668405701287423,0.8771551922563108
1029,1.813956661059531,0.4611565670828064,2.668405701287423,0.7558723197483171
1030,1.8222048729081337,1.1555310329757627,2.6474476069556263,0.7878991491824112
1031,1.7991374740292891,0.4547777659422877,2.6474476069556263,0.7558723198164008
1032,1.8073074055839458,1.140728406322558,2.6288499050096474,0.7123921338971658
1033,1.784168386541205,0.44967335687514015,2.6288499050096474,0.7558723198903313
1034,1.792904189076065,1.1264295842906151,2.611670593685736,0.7327328061106498
1035,1.7691010493945887,0.4459060458633181,2.611670593685736,0.755872319969309
1036,1.778060641807274,1.1117529871665137,2.59515813770876,0.7510310414325504
1037,1.7539887595515777,0.44352382103572324,2.59515813770876,0.75587232005257
1038,1.7638976684486842,1.0977444024164908,2.5802066408544997,0.6716913556981176
1039,1.7388863471563483,0.442557807330523,2.5802066408544997,0.7558723201393859
1040,1.7502181829538352,1.0842292290901687,2.5666937865449966,0.693249540024978
1041,1.723850041432985,0.44302080299450225,2.5666937865449966,0.7558723202290634
1042,1.737198856250109,1.0713646131272652,2.554748149253051,0.615096663538455
1043,1.708937313254449,0.4449066611560846,2.554748149253051,0.7558723203209471
1044,1.7256457193795072,1.0598808163211046,2.5449821452771584,0.547735093691553
1045,1.6942066922436065,0.448190588066786,2.5449821452771584,0.7558723204144184
1046,1.7145019773035115,1.0488181034970903,2.536602307342114,0.5673494558515478
1047,1.6797175564242595,0.4528303232927652,2.536602307342114,0.7558723205088965
1048,1.702960737090507,1.0374507326060318,2.5289898426002915,0.5898261478249861
1049,1.66552989270332,0.45876806798837805,2.5289898426002915,0.7558723206038378
1050,1.691083323439269,1.0258453201206819,2.5221824516705116,0.6100882850690815
1051,1.6517040268517316,0.4659329549745262,2.5221824516705116,0.7558723206987371
1052,1.6789132566147957,1.014049083356657,2.516190813484114,0.6302219173867544
1053,1.6383003221762742,0.4742438201444682,2.516190813484114,0.7558723207931265
1054,1.666490425706975,1.0021064683246734,2.511018421905656,0.6488245459269653
1055,1.625378846747698,0.4836120396455816,2.511018421905656,0.7558723208865749
1056,1.6538646955873213,0.9900741375908305,2.50667785493922,0.6671146018681691
1057,1.6129990098771112,0.493944233220129,2.50667785493922,0.7558723209786885
1058,1.6410931211929611,0.9780174960724911,2.5031865251467016,0.6853003446107003
1059,1.601219169507957,0.5051446880159318,2.5031865251467016,0.7558723210691077
1060,1.6282350175923477,0.9660051360659122,2.5005607592667562,0.7020524794222945
1061,1.5900962133000462,0.5171174157760714,2.5005607592667562,0.7558723211575097
1062,1.6153346744774282,0.954090423698546,2.498797150537212,0.7192042949256993
1063,1.57968511739688,0.5297678092651288,2.498797150537212,0.7558723212436034
1064,1.6024181681846021,0.942308766745649,2.4978708442920854,0.7408399535553809
1065,1.570038488145564,0.5430039051362664,2.4978708442920854,0.7558723213271326
1066,1.5895459010274002,0.9307331920885844,2.4977926666334187,0.7521942769679403
1067,1.5612060933234269,0.556737288323476,2.4977926666334187,0.7558723214078714
1068,1.5771258609281886,0.9195886100284743,2.4986382814562385,0.6803335412912983
1069,1.5532343906473745,0.5708836884955169,2.4986382814562385,0.7558723214856246
1070,1.5654972542775862,0.9090526579505963,2.5005000456505253,0.6146667385269665
1071,1.5461660624214892,0.5853633247080975,2.5005000456505253,0.755872321560227
1072,1.5545380563214295,0.898991046926136,2.5032394868967343,0.5645717291259165
1073,1.5400395660309585,0.6001010531411017,2.5032394868967343,0.7558723216315398
1074,1.5439980413512107,0.8893616398996675,2.506857408700624,0.571854799941736
1075,1.534888710533203,0.6150263674389878,2.506857408700624,0.7558723216994522
1076,1.533804838402442,0.8800476912636647,2.511181681129523,0.5248960607486005
1077,1.5307422697568336,0.6300732938225401,2.511181681129523,0.7558723217638779
1078,1.5240472326933845,0.8711824921919231,2.516310208929374,0.5275810809874186
1079,1.5276236420403657,0.6451802152928423,2.516310208929374,0.755872321824754
1080,1.5146222722426161,0.8626170851301435,2.5220392417751776,0.4856980024353071
1081,1.5255505659958122,0.6314687801817288,2.5220392417751776,0.7558723218820395
1082,1.5055779120472255,0.854444104771928,2.5284201924213847,0.49298198861418113
1083,1.5245349004693651,0.6164404429272309,2.5284201924213847,0.7558723219357164
1084,1.4967570307027935,0.8467002609795045,2.535451367306366,0.5098261621103436
1085,1.524582475229464,0.6013431625981519,2.535451367306366,0.7558723219857828
1086,1.4882660551005784,0.8394965787676298,2.543174140386759,0.5154276335336968
1087,1.5256930169133753,0.5862289760110219,2.543174140386759,0.755872322032257
1088,1.4801126945845218,0.8325947575289788,2.5512839462743395,0.46455253183621276
1089,1.5278601525092517,0.5711540224691396,2.5512839462743395,0.7558723220751729
1090,1.4722761323466111,0.8257647730475796,2.5595144475315537,0.4364873032520961
1091,1.5310714902661613,0.5561788719314338,2.5595144475315537,0.7558723221145802
1092,1.4647541950331588,0.8192590870917421,2.568074088668934,0.4301026864160878
1093,1.5353087755463077,0.5413688460095109,2.568074088668934,0.7558723221505416
1094,1.4576424090209426,0.8133839726078314,2.5772048065581754,0.4399729231758709
1095,1.540548116897467,0.5267943117346091,2.5772048065581754,0.7558723221831334
1096,1.450757573385259,0.8076947160620258,2.586425954536682,0.398874511712512
1097,1.5467602756527035,0.512530919856007,2.586425954536682,0.7558723222124412
1098,1.4441620005962237,0.8023024398746478,2.5957998873903696,0.4036151898010422
1099,1.5539110107584286,0.4986597494599183,2.5957998873903696,0.7558723222385626
1100,1.4377741433507798,0.7970747021154349,2.6051550624889455,0.37417995809135
1101,1.561961469359667,0.4852673092242269,2.6051550624889455,0.7558723222616028
1102,1.4317101281778692,0.7921737473285423,2.6146052608755266,0.3710284174356842
1103,1.570868612966842,0.47244533349436196,2.6146052608755266,0.7558723222816737
1104,1.4257906051320115,0.7873752911012434,2.6238890909058536,0.3525033031651431
1105,1.580585668790556,0.46029030025520706,2.6238890909058536,0.7558723222988959
1106,1.4201714293874776,0.7828793361356677,2.6331592814560154,0.3493557076981843
1107,1.5910625960274098,0.44890259076029065,2.6331592814560154,0.7558723223133931
1108,1.4150796550330111,0.7791417379626804,2.6427940379016377,0.3559918312846092
1109,1.6022465574535867,0.43838521107367634,2.6427940379016377,0.755872322325294
1110,1.4101190805012738,0.7754874747612269,2.6521209869757802,0.3387837566745566
1111,1.6140823875592278,0.4288420091059704,2.6521209869757802,0.7558723223347322
1112,1.4054388212399247,0.772109957806194,2.661290250573648,0.3332329837990627
1113,1.6265130495522635,0.42037535206794335,2.661290250573648,0.7558723223418412
1114,1.4013508338283296,0.7695519436175974,2.670767773676413,0.3661740949511406
1115,1.6394800747910163,0.4130832822580336,2.670767773676413,0.7558723223467578
1116,1.3978330371762129,0.7677930995868518,2.680495161572238,0.37536299876473644
1117,1.6529239794917612,0.4070562433175407,2.680495161572238,0.7558723223496188
1118,1.394943442154391,0.7668815764407367,2.690487026242744,0.3933759966642745
1119,1.6667846548319352,0.40237355736097763,2.690487026242744,0.7558723223505632
1120,1.3920773937115463,0.7659391832521962,2.699886203483452,0.3596771950071927
1121,1.6810017277765206,0.39909992030754415,2.699886203483452,0.7558723223497272
1122,1.3894301988881117,0.7651989248495141,2.708892883139824,0.3715704073251213
1123,1.695514891053227,0.39728224608535373,2.708892883139824,0.7558723223472442
1124,1.3874774951549609,0.7653603675044699,2.7181347467836128,0.39091196351451607
1125,1.7102642016646545,0.39694720664755667,2.7181347467836128,0.7558723223432491
1126,1.3854972874811116,0.7654369811641385,2.7266544630504783,0.35402520832742135
1127,1.7251903481384203,0.39809976791295204,2.7266544630504783,0.7558723223378724
1128,1.3837106308716975,0.7656822429354618,2.734678565852414,0.3701433673470542
1129,1.7402348873759421,0.400722911885754,2.734678565852414,0.7558723223312437
1130,1.3825956689829664,0.7668090224714995,2.7428483183542225,0.3990348774158825
1131,1.7553404524722631,0.4047785820155085,2.7428483183542225,0.7558723223234884
1132,1.3821920363586868,0.7688409959529302,2.7511714498156548,0.43694587927785616
1133,1.7704509332540879,0.41020972694597296,2.7511714498156548,0.7558723223147281
1134,1.3825067039255292,0.7717749505505304,2.759629297073104,0.45977930018387425
1135,1.7855116315361799,0.4169431849065827,2.759629297073104,0.7558723223050805
1136,1.383534739982236,0.7755978656989843,2.768194860892842,0.49095198935343576
1137,1.800469393244634,0.424893074625145,2.768194860892842,0.7558723222946592
1138,1.3852751129203933,0.7802988332367438,2.7768458237627347,0.5232103423678027
1139,1.815272719616988,0.43396434770316367,2.7768458237627347,0.755872322283573
1140,1.387705650427102,0.7858514625090687,2.7855447917778613,0.5603504513047396
1141,1.8298718596809553,0.4440562022417915,2.7855447917778613,0.7558723222719255
1142,1.390840953077892,0.7922545756099335,2.7942850427458503,0.590602506501316
1143,1.8442188861516857,0.4550651368195401,2.7942850427458503,0.7558723222598169
1144,1.3947013240303003,0.7995089396453008,2.8030651624919836,0.6194637885079494
1145,1.8582677567861166,0.46688751397837686,2.8030651624919836,0.7558723222473401
1146,1.3992731655516448,0.8075912251892062,2.811858801404551,0.6439341963241757
1147,1.871974363104381,0.4794215842874145,2.811858801404551,0.7558723222345846
1148,1.4045426851283256,0.8164779086667526,2.8206414049907984,0.6715098640214385
1149,1.8852965682426508,0.49256898499568624,2.8206414049907984,0.7558723222216341
1150,1.4096275339617403,0.825029525416191,2.8283370017037646,0.5907225007297285
1151,1.8981942355474124,0.5062357680978551,2.8283370017037646,0.7558723222085671
1152,1.413771597460316,0.8323121369532211,2.8340575498089677,0.5180330864136072
1153,1.9106292493645927,0.5203330334704215,2.8340575498089677,0.7558723221954566
1154,1.4169775525907828,0.8383460759441176,2.837821447840812,0.4488741518581936
1155,1.922565529322999,0.5347772483439867,2.837821447840812,0.755872322182371
1156,1.4192845408079893,0.8431736870498882,2.839673754731932,0.37984711552154415
1157,1.9339690392638365,0.5494903300088988,2.839673754731932,0.7558723221693731
1158,1.4206698387649852,0.8468022235471047,2.8396163057686032,0.32340865162644983
1159,1.944807791829062,0.5643995588324583,2.8396163057686032,0.75587232215652
1160,1.421178519805656,0.8492778755576633,2.8377002002914264,0.2670878268342979
1161,1.9550518495925573,0.5794373767268806,2.8377002002914264,0.7558723221438655
1162,1.4208120915821258,0.8506224517708397,2.833947396306924,0.22463265192818685
1163,1.9646733235003786,0.5945411142907067,2.833947396306924,0.7558723221314574
1164,1.419602538971611,0.8508742519693046,2.828402434624963,0.18917351195183657
1165,1.9736463692799568,0.6096526791351893,2.828402434624963,0.7558723221193389
1166,1.4175515690424811,0.8500554110196675,2.821091317607289,0.17979490243281607
1167,1.9819471823828916,0.6247182289098643,2.821091317607289,0.7558723221075514
1168,1.4146944251947489,0.8482052097171389,2.8120642982246973,0.18273751696101198
1169,1.9895539919415242,0.639687845345555,2.8120642982246973,0.7558723220961289
1170,1.4110492202708256,0.8453535762993349,2.8013621924168928,0.20241276179274825
1171,1.996447054145096,0.6545152200958815,2.8013621924168928,0.7558723220851005
1172,1.4066552088368023,0.8415403006346005,2.789041174214245,0.23079361626368738
1173,2.0026086453762546,0.669157359035287,2.789041174214245,0.7558723220744913
1174,1.401526738260984,0.8367922831977114,2.7751435716654336,0.26644113673724784
1175,2.0080230553920857,0.683574308693092,2.7751435716654336,0.7558723220643234
1176,1.3956908628184168,0.8311420921046585,2.759721827274824,0.305920569948925
1177,2.0126765807848876,0.6977289064162486,2.759721827274824,0.755872322054614
1178,1.3891750883527352,0.8246218187726749,2.7428306202684287,0.34527094763056343
1179,2.0165575189156066,0.7115865544405519,2.7428306202684287,0.7558723220453776
1180,1.3819971285585604,0.8172583929163517,2.724520899933587,0.3855521544966019
1181,2.019656162476433,0.7251150171336059,2.724520899933587,0.7558723220366242
1182,1.3742076574028979,0.8090931078721169,2.7048647908877377,0.4242399453499869
1183,2.0219647948075985,0.7382842401135837,2.7048647908877377,0.7558723220283615
1184,1.3657994219318585,0.8001403019974469,2.6839029331961397,0.46280486601862947
1185,2.023477686066139,0.7510661896397216,2.6839029331961397,0.7558723220205944
1186,1.356813808346353,0.7904357324123421,2.661706068039153,0.5000794589105367
1187,2.0241910903205427,0.7634347105345521,2.661706068039153,0.7558723220133275
1188,1.347279062527753,0.7800084537376248,2.638339138586427,0.5359878364200792
1189,2.0241032436239843,0.7753654008765137,2.638339138586427,0.7558723220065602
1190,1.3372026685803282,0.7688779917081492,2.613857897254641,0.5717957898031069
1191,2.023214363099624,0.7650824247393447,2.613857897254641,0.755872322000288
1192,1.3266136056708595,0.7570726651784389,2.588331832491676,0.6066961342099952
1193,2.0215266470534488,0.7513411586429944,2.588331832491676,0.7558723219945058
1194,1.3155733280203512,0.7446333538587286,2.56184843729439,0.6396661654876983
1195,2.0190442761127714,0.7372878634497309,2.56184843729439,0.7558723219892061
1196,1.304052667617132,0.7315627270747218,2.5344504463582083,0.6717547746702571
1197,2.0157734153710174,0.7229572695350107,2.5344504463582083,0.7558723219843794
1198,1.292092570959345,0.7178920559828115,2.506218448021877,0.7027646916146775
1199,2.0117222175012586,0.7083865786945774,2.506218448021877,0.7558723219800143
1200,1.2797027890533355,0.703639437637406,2.477219123608743,0.7340971365663539
1201,2.0069008267813158,0.6936156556883903,2.477219123608743,0.7558723219760984
1202,1.2679519523154783,0.6900586643104383,2.4487459010431163,0.6492729761949
1203,2.001321383951551,0.6786872370377081,2.4487459010431163,0.7558723219726174
1204,1.257622272125988,0.678104912040429,2.4217979968171237,0.5689870025185886
1205,1.9949980318019152,0.663647156093594,2.4217979968171237,0.755872321969557
1206,1.2486578699428634,0.6677173247372795,2.3963740436739007,0.49041810333145497
1207,1.987946921356699,0.6485445821290633,2.3963740436739007,0.7558723219669005
1208,1.2410081270135327,0.6588379655138016,2.3724759326362452,0.4156557238759097
1209,1.9801862184929684,0.6334322694329622,2.3724759326362452,0.7558723219646319
1210,1.2346167040707212,0.6514084059774418,2.350104484185443,0.3436343622132057
1211,1.9717361107910152,0.6183668099633645,2.350104484185443,0.7558723219627331
1212,1.2283735688916078,0.6441365757828963,2.3280365018670803,0.38760926335278506
1213,1.9626188143714798,0.6034088799010715,2.3280365018670803,0.7558723219611865
1214,1.2225010095739461,0.6372599340799182,2.306569061989061,0.3175097972396992
1215,1.9528585804232468,0.5886234662824376,2.306569061989061,0.7558723219599734
1216,1.2167239036442428,0.6305115661490261,2.285491969019585,0.361211240202153
1217,1.9424817010678483,0.5740800546715388,2.285491969019585,0.7558723219590773
1218,1.2112918894245421,0.624135922458995,2.265111892817566,0.2921150953097443
1219,1.9315165141390829,0.5598527525252011,2.265111892817566,0.7558723219584802
1220,1.2071011460383934,0.6191280229451259,2.2464804161375724,0.22736976923840152
1221,1.9199934063800557,0.5460203156426033,2.2464804161375724,0.7558723219581627
1222,1.2029586921863382,0.6141793695902112,2.2283501016996627,0.27258794110047785
1223,1.907944814473042,0.5326660372749291,2.2283501016996627,0.7558723219581058
1224,1.199099480365804,0.6095285752815314,2.211019443862968,0.20997699687460694
1225,1.8954052232199554,0.519877451903562,2.211019443862968,0.7558723219582912
1226,1.1961121531071648,0.6058377279489232,2.1952043207306042,0.17388607491484293
1227,1.8824111600823266,0.5077457997242383,2.1952043207306042,0.7558723219586991
1228,1.1940443711069015,0.6031318090042201,2.1809882805051903,0.12382902513087538
1229,1.8690011851694994,0.4963651954899801,2.1809882805051903,0.7558723219593113
1230,1.1919117617510486,0.6003949343263975,2.16740282572034,0.16584966900909506
1231,1.8552158756326578,0.4858314491830641,2.16740282572034,0.7558723219601098
1232,1.1899801201971942,0.5978615755528414,2.1547407609399323,0.10759758567770947
1233,1.841097803281208,0.4762404989933295,2.1547407609399323,0.7558723219610768
1234,1.1892046765908733,0.5965237572798964,2.1440489320536265,0.07796653859529788
1235,1.826691504088736,0.46768644202967824,2.1440489320536265,0.7558723219621947
1236,1.1883154366674185,0.5951004324963555,2.134078924837313,0.10707617590972991
1237,1.8120434381008825,0.4602591865785351,2.134078924837313,0.7558723219634473
1238,1.1873829349766913,0.5936197461768405,2.1249091589350275,0.08034925638203626
1239,1.7972019381008963,0.45404180044697023,2.1249091589350275,0.7558723219648185
1240,1.186178213874328,0.5919088366963444,2.1163918892910942,0.11862509341678996
1241,1.7822171452355684,0.44910768801572387,2.1163918892910942,0.755872321966292
1242,1.1838861205721862,0.5891313600821948,2.1077160566408617,0.16421901188074806
1243,1.7671409296616094,0.445517784680085,2.1077160566408617,0.7558723219678538
1244,1.1812283524136582,0.5859946608781678,2.099630735176097,0.1540947446248162
1245,1.7520267941489716,0.44331799849959347,2.099630735176097,0.755872321969489
1246,1.1792946628809167,0.5835623170016081,2.093248285485696,0.1088469397393941
1247,1.7369297584837922,0.4425371416543833,2.093248285485696,0.7558723219711844
1248,1.1772616923966095,0.5810548722249467,2.087787735800729,0.1526421614037573
1249,1.7219062224622679,0.44318556910111906,2.087787735800729,0.7558723219729271
1250,1.1741412936846398,0.5775552450271623,2.0823102703125307,0.19381174562886286
1251,1.7070138052724153,0.4452546772864912,2.0823102703125307,0.7558723219747049
1252,1.1704617257201464,0.5735536375595665,2.077330669689184,0.20249803388493903
1253,1.6923111591396798,0.4487173210963723,2.077330669689184,0.7558723219765066
1254,1.1661872352559772,0.5690365534539142,2.0728295145243516,0.24396328514539048
1255,1.6778577552821257,0.4535291005801436,2.0728295145243516,0.7558723219783211
1256,1.1609341202998578,0.5636839192241679,2.068453398581081,0.2897788984726737
1257,1.6637136404992008,0.45963037233029674,2.068453398581081,0.7558723219801387
1258,1.1547070545766507,0.5575258389123819,2.06420877313739,0.33711536207986903
1259,1.6499391631216926,0.4669487725177552,2.06420877313739,0.7558723219819504
1260,1.1475523601496809,0.550640544535375,2.060141251543004,0.3798244641559109
1261,1.6365946675938288,0.47540200963221796,2.060141251543004,0.7558723219837474
1262,1.139518475347474,0.54310569508433,2.0562891851028278,0.4214375658002214
1263,1.6237401576515913,0.484900694537561,2.0562891851028278,0.7558723219855222
1264,1.1306623835492207,0.535014390590466,2.0526963986477895,0.46098620502203946
1265,1.6114349289075653,0.49535101450681324,2.0526963986477895,0.7558723219872676
1266,1.1210469202520246,0.5264669621415652,2.049405860372606,0.4986967139145297
1267,1.5997371726465246,0.5066571131487779,2.049405860372606,0.7558723219889768
1268,1.110721434764527,0.5175382047895731,2.046432755912359,0.5347753588935575
1269,1.5887035537606942,0.518723096498531,2.046432755912359,0.7558723219906448
1270,1.099753343540814,0.5083376624312242,2.04381371792334,0.5687030079843831
1271,1.5783887669792795,0.5314546372275077,2.04381371792334,0.7558723219922651
1272,1.0882202627534263,0.4989902587154323,2.0415917431955335,0.6003135508571695
1273,1.5688450768293292,0.5447601885575397,2.0415917431955335,0.755872321993834
1274,1.0762032065459424,0.48962479771643014,2.039807074471398,0.6307241072487048
1275,1.560121848045789,0.5585518456256701,2.039807074471398,0.7558723219953482
1276,1.0637570116115633,0.48033187593130566,2.0384617974454637,0.6596556120713786
1277,1.552265074356713,0.5727459060560909,2.0384617974454637,0.7558723219968032
1278,1.050939064903953,0.471211040881725,2.0375594696172312,0.6845294267394364
1279,1.5453169146244277,0.5872631860375724,2.0375594696172312,0.7558723219981967
1280,1.0382993056431633,0.46255901831608437,2.0374922143731875,0.6589354137971403
1281,1.5393152461403645,0.6020291462769277,2.0374922143731875,0.7558723219995256
1282,1.025782877849755,0.4544036626878994,2.0381790154348924,0.6832039304328668
1283,1.5342932453681926,0.616973876466644,2.0381790154348924,0.7558723220007892
1284,1.0138188948324889,0.4468192424189642,2.0398779649009233,0.6112734338923175
1285,1.5302790065353806,0.63203197941984,2.0398779649009233,0.7558723220019854
1286,1.0022337596221313,0.4397486499901917,2.042409970079426,0.6305185997351164
1287,1.5272952081349218,0.6444527471017838,2.042409970079426,0.7558723220031133
1288,0.9911873005111549,0.4332017173377624,2.0458462144325855,0.5640065136919981
1289,1.5253588365907922,0.6295237970601563,2.0458462144325855,0.7558723220041692
1290,0.9812577067470463,0.4271448395786909,2.050561003049354,0.4862346001551739
1291,1.5244809750692818,0.6144837087876519,2.050561003049354,0.7558723220051539
1292,0.972338985719129,0.4214203812829976,2.056410527959051,0.43555399797814687
1293,1.5246666637252866,0.5993812113520547,2.056410527959051,0.7558723220060666
1294,0.9644068271954425,0.41597912653132346,2.06333657141835,0.3696092173972939
1295,1.5259148356340433,0.5842688556439005,2.06333657141835,0.7558723220069093
1296,0.9573252528970445,0.4106481551123376,2.0711532600132605,0.32082923542988084
1297,1.5282183303802963,0.5692033375058644,2.0711532600132605,0.7558723220076828
1298,0.9510777465162993,0.4054045116763292,2.079801347219317,0.2838753039771254
1299,1.5315639848854037,0.5542458258608646,2.079801347219317,0.7558723220083879
1300,0.9455729569355774,0.40014682899826126,2.0891357343379386,0.2692251170471261
1301,1.535932798685531,0.5394622814634474,2.0891357343379386,0.7558723220090265
1302,0.9408131949833985,0.3948851243732251,2.0991083737510663,0.2717213221963412
1303,1.5413001686657763,0.5249237452565859,2.0991083737510663,0.7558723220096008
1304,0.9361854885343963,0.38986437024710763,2.1092588744585097,0.262289489079546
1305,1.5476361863264114,0.51070656690016,2.1092588744585097,0.7558723220101117
1306,0.9313042778198155,0.385394821789812,2.119321170938067,0.25876989069096257
1307,1.5549059891046002,0.49689253384433263,2.119321170938067,0.7558723220105625
1308,0.9261456594321157,0.38144352646133983,2.1292131379016497,0.270324844563999
1309,1.5630701561622742,0.4835688496996783,2.1292131379016497,0.7558723220109542
1310,0.9208127749994581,0.3781116484455866,2.1389889820312717,0.2829083762319522
1311,1.5720851384076484,0.4708278985425796,2.1389889820312717,0.7558723220112902
1312,0.9156598769155421,0.3748554093972106,2.1487215540377833,0.25419534311781306
1313,1.5819037123388378,0.45876672099406907,2.1487215540377833,0.7558723220115727
1314,0.9106996597700222,0.37185862816297494,2.158425530035095,0.27051212948091685
1315,1.5924754475472247,0.4474861213577153,2.158425530035095,0.7558723220118039
1316,0.9056515423968526,0.36957826743385197,2.1679637461000247,0.2904718985172716
1317,1.6037471783356831,0.43708932696291447,2.1679637461000247,0.755872322011987
1318,0.9004876995133344,0.3679890748316482,2.1772623829628923,0.3198294111253674
1319,1.615663470816309,0.42768013624364154,2.1772623829628923,0.7558723220121245
1320,0.8953256754551557,0.3671963126752534,2.1863986121197434,0.3368863629708636
1321,1.6281670779701924,0.41936052608842583,2.1863986121197434,0.7558723220122185
1322,0.8903730106731186,0.3664643674140293,2.195296686446837,0.2886086310388672
1323,1.6411993763939792,0.41222774488739367,2.195296686446837,0.7558723220122727
1324,0.8858008093924427,0.3651880098253606,2.2038958561179256,0.2481918259307387
1325,1.6547007797468396,0.4063709943182651,2.2038958561179256,0.7558723220122894
1326,0.8815722944338629,0.3633343999951469,2.212124225331395,0.21208380732424845
1327,1.668611125180029,0.40186789205650775,2.212124225331395,0.755872322012271
1328,0.8776345900614528,0.36086526301751515,2.219891063382171,0.20067836620589424
1329,1.6828700302259259,0.39878099280854096,2.219891063382171,0.7558723220122204
1330,0.8739196278932186,0.35866373188945666,2.227349269839449,0.1797461362012405
1331,1.6974172187052003,0.3971547035658985,2.227349269839449,0.7558723220121399
1332,0.8703236629402563,0.3564703029576395,2.234314160620985,0.17693464220421842
1333,1.712192815154405,0.3970129376929736,2.234314160620985,0.7558723220120329
1334,0.8668837418046731,0.35355448019406294,2.2405721839752344,0.1909756057974658
1335,1.727137608069216,0.3983577970358871,2.2405721839752344,0.7558723220119012
1336,0.8636467667159087,0.35090379518559045,2.246411988508051,0.14835410228657409
1337,1.7421932828986104,0.4011694542436354,2.246411988508051,0.7558723220117478
1338,0.8604948168199311,0.3482530710580003,2.251638750564922,0.17342482675578053
1339,1.7573026262184448,0.40540725100801583,2.251638750564922,0.7558723220115746
1340,0.8575322586653873,0.34585204850410195,2.2563862193281268,0.14758104391804158
1341,1.772409702870965,0.41101186774586895,2.2563862193281268,0.7558723220113842
1342,0.854658239800911,0.34344820391813136,2.26047836092406,0.14344072417962941
1343,1.7874600080951992,0.4179082934800925,2.26047836092406,0.7558723220111788
1344,0.851836974565177,0.3402438723202178,2.2636073659043,0.18285141689414303
1345,1.8024005968092407,0.42600925672226925,2.2636073659043,0.7558723220109606
1346,0.8491331955018508,0.33726440197153684,2.2661283251260693,0.14753215210659867
1347,1.8171801922569113,0.43521877534535625,2.2661283251260693,0.7558723220107314
1348,0.8466873203573171,0.33536935968757126,2.268429750653858,0.10653667759063755
1349,1.8317492762152603,0.44543553410092296,2.268429750653858,0.755872322010493
1350,0.844315122995185,0.33345150966630643,2.269995191154946,0.12538080680892152
1351,1.8460601628916053,0.45655588043627826,2.269995191154946,0.7558723220102478
1352,0.8418908821096089,0.3306507605949561,2.2704121344130543,0.16766937169031346
1353,1.8600670585332877,0.4684763191746889,2.2704121344130543,0.7558723220099967
1354,0.8395819260739431,0.3280668263122644,2.2701768720330335,0.12635322312043176
1355,1.8737261086419716,0.48109546650463325,2.2701768720330335,0.7558723220097425
1356,0.8375403891227468,0.3265737428830661,2.2697245098580865,0.08625137514189526
1357,1.8869954345371756,0.4943154838317104,2.2697245098580865,0.7558723220094857
1358,0.8355425960679093,0.325033114891127,2.2684759280444355,0.10744125748799768
1359,1.8998351608587123,0.5080430500635919,2.2684759280444355,0.7558723220092282
1360,0.833464094744742,0.32257605563129443,2.2660000237617948,0.13769093915041564
1361,1.9122074354412355,0.5221899494596636,2.2660000237617948,0.7558723220089716
1362,0.8312741295826008,0.319213931867407,2.2622580738138685,0.1868923365009302
1363,1.9240764428407695,0.5366733562006177,2.2622580738138685,0.7558723220087161
1364,0.8290071671609506,0.31498915652227005,2.2572705596757103,0.23000022355526997
1365,1.9354084126464124,0.5514158915252684,2.2572705596757103,0.7558723220084642
1366,0.8266458584582794,0.30992005470830997,2.251012861660436,0.2752460046575243
1367,1.9461716235726598,0.5663455190261862,2.251012861660436,0.7558723220082159
1368,0.8241961571667342,0.3040360676867077,2.243482769944155,0.32068394168239633
1369,1.9563364042004057,0.5813953316618816,2.243482769944155,0.7558723220079729
1370,0.8216605822235501,0.29736526067077834,2.2346769847206622,0.3657368506432986
1371,1.965875131118444,0.5965032722335476,2.2346769847206622,0.7558723220077354
1372,0.8190645677484298,0.28994612447002555,2.2246141191058255,0.406462147701564
1373,1.9747622251123456,0.611611818568199,2.2246141191058255,0.7558723220075036
1374,0.8164419855121752,0.2818214053357239,2.213321952514176,0.4478159648923497
1375,1.9829741459538073,0.6266676558880825,2.213321952514176,0.7558723220072798
1376,0.8138032015602757,0.27302445114368806,2.200810505422998,0.4870110365145223
1377,1.9904893862604447,0.6416213518768301,2.200810505422998,0.7558723220070638
1378,0.8111684761907063,0.263594649231365,2.187101037886822,0.5252163412385821
1379,1.997288464822885,0.6564270446141353,2.187101037886822,0.7558723220068555
1380,0.8085569047621763,0.2535731384343006,2.1722167468495357,0.5618749161068048
1381,2.003353919732116,0.6710421495913876,2.1722167468495357,0.7558723220066561
1382,0.8059822074012553,0.2430017148850546,2.1561795548626264,0.5974858132329661
1383,2.0086703015845058,0.6854270891715785,2.1561795548626264,0.755872322006466
1384,0.8034854187448154,0.2319396727669542,2.139037234622678,0.6315159554575857
1385,2.0132241669938598,0.6995450458688808,2.139037234622678,0.7558723220062847
1386,0.8010873230812208,0.22044360195581456,2.1208241328769435,0.6641608129710103
1387,2.0170040725983984,0.7133617394839925,2.1208241328769435,0.7558723220061129
1388,0.7988250984537572,0.20858777532283657,2.1015915749803993,0.6957248465524931
1389,2.0200005697148002,0.7268452272683364,2.1015915749803993,0.7558723220059509
1390,0.7967278834430074,0.1964561367353066,2.0813879516180274,0.726101263753088
1391,2.0222061997605953,0.7399657257689114,2.0813879516180274,0.7558723220057985
1392,0.7947852721399626,0.1841284235621814,2.0602338515803353,0.7553184710422721
1393,2.0236154905394064,0.7526954527237785,2.0602338515803353,0.755872322005656
1394,0.7930904926153203,0.17176959527025162,2.0382372254882672,0.7834683407172203
1395,2.024224953460061,0.7650084872599665,2.0382372254882672,0.7558723220055232
1396,0.7916299743973338,0.15952037565069524,2.015424463663179,0.8104784202041349
1397,2.0240330817396894,0.7767609232756901,2.015424463663179,0.7558723220054
1398,0.790443987471725,0.14760424478856063,1.9918695321969049,0.8365710458054025
1399,2.023040349621893,0.7633176549189264,1.9918695321969049,0.7558723220052861
1400,0.7895118274728327,0.1362705833800796,1.967602801105338,0.8615160231218747
1401,2.0212492126231854,0.7495340099688909,1.967602801105338,0.755872322005182
1402,0.7889153390758716,0.12593340674164252,1.9427403607260696,0.8855792643509258
1403,2.018664108803572,0.7354427105016108,1.9427403607260696,0.7558723220050866
1404,0.7886463233410673,0.1170478732204412,1.917332106973454,0.9086293924439044
1405,2.0152914610395998,0.7210787974685026,1.917332106973454,0.7558723220050008
1406,0.7887504783323871,0.11021438033686143,1.891475147940096,0.931096905287396
1407,2.0111396802598716,0.7064798071178795,1.891475147940096,0.7558723220049234
1408,0.7891693436418782,0.10598113687545922,1.8651908582547092,0.9511812560399759
1409,2.0062191695831775,0.6916859647995742,1.8651908582547092,0.7558723220048549
1410,0.7900635089050317,0.10505416040739805,1.839471700627198,0.8600038042211778
1411,2.00054232927734,0.6767403959520155,1.839471700627198,0.7558723220047947
1412,0.7912111238636884,0.10696925488578331,1.8140808719374122,0.8827702871532277
1413,1.994123562431912,0.6616893531500136,1.8140808719374122,0.7558723220047419
1414,0.7926901022614006,0.11167665418411037,1.7885003569598554,0.9047367105658062
1415,1.9869792812092313,0.6465824567666503,1.7885003569598554,0.7558723220046969
1416,0.7945186847749086,0.1185859751577093,1.7636616038273893,0.816010925384436
1417,1.9791279135052209,0.6314729449528362,1.7636616038273893,0.7558723220046593
1418,0.7965537402013833,0.12705840542544336,1.7393827754195286,0.8394146139473885
1419,1.9705899098129696,0.616417926123007,1.7393827754195286,0.7558723220046281
1420,0.79883360063147,0.13719923271465362,1.7150895757410367,0.8621808756187255
1421,1.9613877500375905,0.6014786238036594,1.7150895757410367,0.755872322004604
1422,0.801412421247246,0.1481259986353917,1.691776393470818,0.7767726749651123
1423,1.95154594995934,0.5867205994079904,1.691776393470818,0.7558723220045858
1424,0.8041542618539428,0.15954252209319425,1.6692599596451523,0.800588081982696
1425,1.94109106698254,0.5722139331386973,1.6692599596451523,0.7558723220045734
1426,0.8070297379111216,0.1718748552667516,1.646895283774306,0.8237454071853408
1427,1.9300517047396428,0.5580333367785291,1.646895283774306,0.7558723220045667
1428,0.8100616927108645,0.18420669257037509,1.625677200674245,0.7353720334037903
1429,1.9184585160419603,0.5442581647646173,1.625677200674245,0.7558723220045646
1430,0.8132185613609892,0.19568773210061283,1.6063749297551733,0.6552108207849637
1431,1.9063442035804188,0.5309722821031528,1.6063749297551733,0.7558723220045678
1432,0.8164278390187676,0.2070526706236698,1.5880989609584875,0.6809816109390034
1433,1.8937435176806303,0.5182637402320742,1.5880989609584875,0.7558723220045744
1434,0.8196645752913507,0.21807427500698068,1.5710726796738983,0.6017555804813667
1435,1.8806932503062153,0.5062242063072263,1.5710726796738983,0.7558723220045862
1436,0.8228932652282757,0.22887719400068623,1.5551601959879522,0.6293407756386014
1437,1.867232224382678,0.4949480896484615,1.5551601959879522,0.7558723220046007
1438,0.8262059175609543,0.23933995452007917,1.5406520641785246,0.5514819107063724
1439,1.853401277381662,0.48453131392083415,1.5406520641785246,0.7558723220046193
1440,0.829607317946999,0.2487180789687845,1.5283136747266373,0.47697466757654017
1441,1.8392432379631567,0.47506969804256705,1.5283136747266373,0.7558723220046402
1442,0.8330651014940146,0.25700997106627493,1.518128599718733,0.4075408989236416
1443,1.8248028943230132,0.4666569354617967,1.518128599718733,0.7558723220046641
1444,0.8365918672257181,0.2642601006070825,1.5100983370512457,0.3443015900611995
1445,1.8101269527377883,0.45938220156561815,1.5100983370512457,0.75587232200469
1446,0.8401986356461034,0.27052009737389754,1.5042130679911103,0.3032881452021723
1447,1.7952639846424854,0.4533274710389841,1.5042130679911103,0.7558723220047181
1448,0.8436737383624036,0.27659409042530037,1.499443309648083,0.3154076851461296
1449,1.7802643604246233,0.4485646854364798,1.499443309648083,0.7558723220047479
1450,0.8470559759146223,0.28233826787806626,1.495998711267346,0.2689165965093747
1451,1.7651801679773782,0.44515296612407734,1.495998711267346,0.7558723220047792
1452,0.8504925133601038,0.2874559237675483,1.494370398068451,0.2521738874475841
1453,1.7500651139341858,0.4431361059354752,1.494370398068451,0.7558723220048116
1454,0.8536770605940381,0.29255177753868566,1.493575370022629,0.2626047800114671
1455,1.7349744054181315,0.4425405811412169,1.493575370022629,0.755872322004845
1456,0.8568132571308849,0.29736279125742393,1.4941376132197384,0.22833415163974485
1457,1.7199646100946138,0.4433742948797918,1.4941376132197384,0.7558723220048789
1458,0.8602234779845841,0.3014591190796921,1.4968880934596536,0.2076137356625831
1459,1.7050934923299872,0.44562619400898795,1.4968880934596536,0.7558723220049136
1460,0.8639415442200766,0.30495280250473333,1.5017534187483643,0.19543738383184167
1461,1.6904198233486787,0.449266803931965,1.5017534187483643,0.7558723220049482
1462,0.8680059409004474,0.3079310745561365,1.5086886173338558,0.21150876221100812
1463,1.6760031634641286,0.45424961936812236,1.5086886173338558,0.7558723220049831
1464,0.8724682426963848,0.31048259897002345,1.5176657409795653,0.24233542834949443
1465,1.6619036147525181,0.46051319519458095,1.5176657409795653,0.755872322005018
1466,0.8773817412283135,0.312729699905032,1.5286302523372273,0.28142502139975856
1467,1.6481815429592654,0.4679837183075548,1.5286302523372273,0.7558723220050528
1468,0.8828086902955006,0.3148144034272445,1.541525468751742,0.3239529984851384
1469,1.6348972679906066,0.4765778177406778,1.541525468751742,0.7558723220050867
1470,0.8887987103131461,0.31687268237438354,1.5562853519031843,0.36834294791183597
1471,1.622110723055536,0.4862053843146726,1.5562853519031843,0.7558723220051202
1472,0.8954063799954178,0.3190561827170835,1.572840305188777,0.41311136983815455
1473,1.6098810833893258,0.4967722130365402,1.572840305188777,0.7558723220051533
1474,0.9026647014161711,0.3214944690669308,1.5911113736737785,0.45650063455684503
1475,1.5982663665019257,0.5081823378090252,1.5911113736737785,0.7558723220051856
1476,0.9106033996091835,0.32431631395015814,1.6110164536135463,0.4988471456097775
1477,1.5873230070343591,0.5203399859668256,1.6110164536135463,0.755872322005217
1478,0.9192561779881019,0.3276611185532029,1.6324697149674412,0.5395457942662508
1479,1.5771054105420652,0.5331511304847675,1.6324697149674412,0.7558723220052471
1480,0.9286548575339467,0.33167140081085056,1.6553777461632153,0.578338829312972
1481,1.5676654918099766,0.5465246555917184,1.6553777461632153,0.7558723220052764
1482,0.9388207373351245,0.33647720149323507,1.6796376751948254,0.6148958741776643
1483,1.5590522045797495,0.5603731759930066,1.6796376751948254,0.7558723220053049
1484,0.9497170963073849,0.34209370722662386,1.7051547507448142,0.6488769081887203
1485,1.5513110707624622,0.5746135625176677,1.7051547507448142,0.7558723220053318
1486,0.9601718076538087,0.34781395914989205,1.7305973088023199,0.5691675552799541
1487,1.5444837182388442,0.5891672305422201,1.7305973088023199,0.755872322005358
1488,0.9692550429389014,0.352957187613059,1.754919597429525,0.49355624461440467
1489,1.5386074371289906,0.6039602449820662,1.754919597429525,0.7558723220053826
1490,0.9769969979720344,0.35743381397764834,1.778110954224577,0.42170905273289544
1491,1.5337147648633267,0.6189232895800372,1.778110954224577,0.7558723220054054
1492,0.9841025892055445,0.36162265038917407,1.8009067624715058,0.41587580026875487
1493,1.5298331104369405,0.6339915406251098,1.8009067624715058,0.755872322005427
1494,0.9916917994597481,0.36640518185095405,1.8243157567321417,0.4522816001328975
1495,1.5269844278308535,0.6425229373459723,1.8243157567321417,0.7558723220054477
1496,0.9989048771631973,0.37104302767881825,1.8474968341354052,0.3841530931862053
1497,1.5251849477144106,0.6275769367592925,1.8474968341354052,0.7558723220054673
1498,1.0047656121152433,0.37472387088060444,1.86943585953002,0.31872700765236545
1499,1.5244449752136937,0.6125259179757928,1.86943585953002,0.7558723220054852
1500,1.0093128747498545,0.3774161801030854,1.8901408649227003,0.24839659372725856
1501,1.524768759787982,0.5974190883054326,1.8901408649227003,0.7558723220055017
1502,1.0125846141642343,0.3790832413412135,1.9096385730285215,0.20808735436697048
1503,1.5261544411800179,0.5823095181691224,1.9096385730285215,0.7558723220055173
1504,1.01587996692521,0.38085979392262176,1.9290559841159554,0.24050362587276627
1505,1.5285940731051844,0.5672544654964222,1.9290559841159554,0.7558723220055311
1506,1.0189551836010444,0.38250380660074185,1.948145413740559,0.18923850812083715
1507,1.5320737239485123,0.5523157035729107,1.948145413740559,0.7558723220055441
1508,1.020808896077821,0.38308842962685863,1.96597606595372,0.16136061619644368
1509,1.5365736513843133,0.5375598371943016,1.96597606595372,0.7558723220055555
1510,1.0227357476258043,0.383835480665212,1.98359099267784,0.18010981549327404
1511,1.5420685456548113,0.5230585851197357,1.98359099267784,0.7558723220055658
1512,1.024495702133212,0.384466069212006,2.0007994765747537,0.1262314804799693
1513,1.5485278343594993,0.5088889981648234,2.0007994765747537,0.7558723220055753
1514,1.025083792286702,0.384033144794765,2.016690524157514,0.13760948708149195
1515,1.5559160401083105,0.4951335718669707,2.016690524157514,0.7558723220055835
1516,1.0257880016581464,0.3837715847266824,2.032295434527473,0.13361855520321442
1517,1.56419318133907,0.48188020090185635,2.032295434527473,0.7558723220055905
1518,1.0263658446524453,0.3834345550620286,2.0473856193490247,0.10788828741054979
1519,1.5733152060177438,0.46922191036332916,2.0473856193490247,0.7558723220055964
1520,1.0258363621493696,0.38202102444496433,2.0611755335444517,0.14378566967672993
1521,1.5832344478191749,0.457256288577979,2.0611755335444517,0.7558723220056011
1522,1.0254476014480105,0.3808170519751747,2.0745575427964447,0.10616134403463694
1523,1.5939000946867992,0.44608454040463974,2.0745575427964447,0.7558723220056054
1524,1.024992942304618,0.37955463602506334,2.0874133933350936,0.11614447228611902
1525,1.6052586603297339,0.43581008328380105,2.0874133933350936,0.7558723220056086
1526,1.0234854152946258,0.3772382276463225,2.0989505839202938,0.16779218497169093
1527,1.617254450157052,0.4265366258317094,2.0989505839202938,0.7558723220056109
1528,1.0221773755580255,0.37515286979820334,2.110074257529156,0.12280611793711448
1529,1.6298300142877162,0.4183657055019574,2.110074257529156,0.7558723220056125
1530,1.0219814568843768,0.37430288568454895,2.1213334290666586,0.09263401276421288
1531,1.6429265815271183,0.4113937206090971,2.1213334290666586,0.7558723220056133
1532,1.0228442676127136,0.37463581816014835,2.1326434289502783,0.08185207693729322
1533,1.6564844694909353,0.4057085708872929,2.1326434289502783,0.7558723220056133
1534,1.0235935220365775,0.37485565941277366,2.1432355608011524,0.0761943043586349
1535,1.6704434673186852,0.40138611049030054,2.1432355608011524,0.7558723220056124
1536,1.0232855155716185,0.3739541774075717,2.1524537713410927,0.11180984286743481
1537,1.6847431886013373,0.39848670045555595,2.1524537713410927,0.7558723220056117
1538,1.0230650142731628,0.37321201184294456,2.1609646676115166,0.05417204317117256
1539,1.6993233932122864,0.39705220090572857,2.1609646676115166,0.7558723220056102
1540,1.0227627725263706,0.3723928146463243,2.168714376156059,0.09667696271257786
1541,1.714124277655561,0.3971037441688263,2.168714376156059,0.7558723220056079
1542,1.0214937612041521,0.37049984015384324,2.1751822921921744,0.14575046939403263
1543,1.7290867343181384,0.3986405660134331,2.1751822921921744,0.7558723220056054
1544,1.0203508256472367,0.3687971326800311,2.1809312357278374,0.07864581961914766
1545,1.7441525806337699,0.4016400484412129,2.1809312357278374,0.7558723220056024
1546,1.0191734326112396,0.36705784690146137,2.1859248965188236,0.1342863835942128
1547,1.75926475964057,0.4060589683244018,2.1859248965188236,0.7558723220055992
1548,1.0181094523875434,0.3654955084970549,2.1901579641313904,0.07565000240786375
1549,1.7743675137562642,0.41183578836685536,2.1901579641313904,0.7558723220055961
1550,1.0169898272693263,0.3638825473020842,2.1935830423887546,0.11936109920425729
1551,1.7894065338190932,0.4188937066667887,2.1935830423887546,0.755872322005592
1552,1.0149922995678857,0.3612479807155141,2.195824633204948,0.17476525514883764
1553,1.8043290855664773,0.42714412173172583,2.195824633204948,0.7558723220055878
1554,1.0131518417850913,0.35882667447419364,2.1973293226318127,0.1130607051236238
1555,1.819084115765302,0.4364901748968967,2.1973293226318127,0.7558723220055836
1556,1.0122747315218514,0.35757484040778964,2.198427854609656,0.04813627029054333
1557,1.8336223401840999,0.4468300881971848,2.198427854609656,0.7558723220055795
1558,1.0113620216781396,0.35627237797916117,2.198738961561901,0.10618141998175552
1559,1.8478963155239918,0.4580601000269803,2.198738961561901,0.7558723220055749
1560,1.010562733802709,0.35512798885873936,2.1982686089243937,0.04250774622160451
1561,1.8618604973157353,0.4700768903768664,2.1982686089243937,0.75587232200557
1562,1.0097662514050483,0.3539519221257311,2.1970723250082744,0.10203641811857973
1563,1.8754712856563216,0.4827794651261041,2.1970723250082744,0.7558723220055653
1564,1.009053840931275,0.3529156433678755,2.1950540173593094,0.044063438865899966
1565,1.888687060509977,0.4960705261076546,2.1950540173593094,0.755872322005561
1566,1.0092453201038238,0.35298333840107676,2.1925413367767614,0.03716243171436359
1567,1.9014682081429075,0.5098573889318913,2.1925413367767614,0.7558723220055559
1568,1.0102800183714158,0.3540973816354044,2.189468847806663,0.08106749602243667
1569,1.9137771401048176,0.5240525269295995,2.189468847806663,0.7558723220055514
1570,1.0120988811773832,0.3562018547273808,2.1857758629249866,0.13296210355809165
1571,1.9255783060176093,0.5385738221032803,2.1857758629249866,0.7558723220055467
1572,1.0147116761550075,0.3592824775791943,2.1815042053681655,0.1852260238648018
1573,1.9368382012860288,0.5533445978023848,2.1815042053681655,0.7558723220055421
1574,1.0180360299855742,0.36327246694135584,2.1765626207519464,0.23410007556898424
1575,1.9475253707085625,0.5682934971991813,2.1765626207519464,0.7558723220055378
1576,1.022064559436681,0.3681502512497182,2.170971610183368,0.2812680569786148
1577,1.9576104088409239,0.5833542595465635,2.170971610183368,0.7558723220055332
1578,1.0267836507232797,0.3738918354619056,2.164744580949446,0.32746546942975885
1579,1.967065957849681,0.5984654345139804,2.164744580949446,0.7558723220055287
1580,1.032138868385541,0.38044969159865644,2.1578391007866604,0.37131759858732655
1581,1.9758667034901207,0.61357006460353,2.1578391007866604,0.7558723220055245
1582,1.0381451581578838,0.3878183579288097,2.1503153404508613,0.41442311320758585
1583,1.983989369750053,0.6286153571222466,2.1503153404508613,0.7558723220055201
1584,1.0447440639303,0.3959491055388834,2.14213167221028,0.45477849384417063
1585,1.9914127126194967,0.6435523604408585,2.14213167221028,0.7558723220055164
1586,1.0519410826430542,0.40483170284097514,2.1333414972961604,0.49444909649289015
1587,1.9981175133743043,0.6583356541247634,2.1333414972961604,0.7558723220055128
1588,1.0597110455303675,0.4144379104340439,2.1239581819325726,0.5321550021261782
1589,2.0040865716990184,0.67292305872275,2.1239581819325726,0.7558723220055091
1590,1.0680506669021896,0.4247525420730492,2.114030374163384,0.5686990500313959
1591,2.0093046989197334,0.6872753682750408,2.114030374163384,0.7558723220055056
1592,1.0769316371984639,0.4357458568954875,2.103575111685618,0.6037077783110915
1593,2.0137587115705946,0.7013561067096524,2.103575111685618,0.7558723220055026
1594,1.0863579496040527,0.44740699223231695,2.0926600318270676,0.6376737610216758
1595,2.01743742547687,0.7151313080274737,2.0926600318270676,0.7558723220054991
1596,1.096294769001898,0.4597027348295417,2.0813014873744873,0.6699798940678707
1597,2.02033165050248,0.7285693193646635,2.0813014873744873,0.7558723220054965
1598,1.1067756917106188,0.47263906830745983,2.0696188599416367,0.7014324606399521
1599,2.0224341860795776,0.741640625535907,2.0696188599416367,0.7558723220054935
1600,1.1177320905916692,0.48616390437225326,2.0575887353645683,0.7315248358836731
1601,2.0237398176114576,0.7543176934052976,2.0575887353645683,0.7558723220054911
1602,1.1291793286182936,0.5002731013535362,2.0453132871816595,0.7604808329179767
1603,2.024245313816975,0.7665748343302031,2.0453132871816595,0.7558723220054884
1604,1.1411028789309816,0.5149457060011671,2.032856078884758,0.7882332171340619
1605,2.02394942506403,0.7750363659753229,2.032856078884758,0.7558723220054864
1606,1.1535189600887281,0.5301780973682075,2.0203296879925445,0.8152623045939655
1607,2.022852882720824,0.7615471478090728,2.0203296879925445,0.7558723220054838
1608,1.1663682280377319,0.5459249723867112,2.007741042554235,0.8411957811372932
1609,2.020958399535834,0.7477216750510709,2.007741042554235,0.7558723220054823
1610,1.179675641189044,0.5621881975177297,1.9952235023369882,0.8663254126733212
1611,2.0182706710401113,0.7335929613978617,1.9952235023369882,0.7558723220054807
1612,1.193399235310218,0.5789329084810468,1.982816758494089,0.8896915723009414
1613,2.0147963779479157,0.7191963613483566,1.982816758494089,0.7558723220054787
1614,1.2075528923475698,0.5961555993832819,1.9706449104779422,0.9123299684807394
1615,2.0105441895132126,0.704569748868664,1.9706449104779422,0.7558723220054776
1616,1.2212145570359028,0.6126812119229266,1.9587057789912121,0.8206386881194153
1617,2.0055247677794497,0.6897537134544371,1.9587057789912121,0.7558723220054762
1618,1.2336458006581852,0.6275885718919307,1.9469735466150866,0.7364960439744686
1619,1.999750772637665,0.6747917732896036,1.9469735466150866,0.7558723220054753
1620,1.245735126216591,0.6420582241628143,1.9355231270261557,0.7621310851434564
1621,1.9932368675825607,0.6597306042329312,1.9355231270261557,0.7558723220054746
1622,1.2573910907080508,0.6559249173913043,1.92451677053599,0.6801740817062101
1623,1.9859997260270195,0.6446202819781959,1.92451677053599,0.7558723220054737
1624,1.268748777644433,0.6694023052414041,1.9139678746018294,0.7076811528892271
1625,1.9780580380018005,0.6295145328057932,1.9139678746018294,0.755872322005473
1626,1.279674906730296,0.6823015435409548,1.903972936706982,0.6285166967557224
1627,1.9694325170280178,0.6144709857311824,1.903972936706982,0.7558723220054724
1628,1.2894803900165819,0.6937306252387695,1.8945453165054678,0.5531166396488276
1629,1.9601459069046403,0.5995514154067373,1.8945453165054678,0.755872322005472
1630,1.2989949105793623,0.7048282396485998,1.885691701681331,0.581343443166974
1631,1.9502229881007411,0.5848219607061871,1.885691701681331,0.7558723220054717
1632,1.3081290165173418,0.7154311909931591,1.8775567936866797,0.5086826392998423
1633,1.9396905833816995,0.5703532984173025,1.8775567936866797,0.7558723220054719
1634,1.3162622072195835,0.7246904912723646,1.8702174783078762,0.44089981956866625
1635,1.9285775622291543,0.5562207448925791,1.8702174783078762,0.7558723220054715
1636,1.3241787519139325,0.7337111339799413,1.863634409294427,0.46990233604069415
1637,1.9169148435353898,0.5425042510496718,1.863634409294427,0.7558723220054715
1638,1.3318396153387022,0.7423656945618087,1.8579960565453164,0.40950689117263983
1639,1.9047353959632745,0.5292882482650259,1.8579960565453164,0.7558723220054717
1640,1.3392762032258936,0.7507901346077637,1.8531777687516628,0.43865836641006406
1641,1.892074235262374,0.5166612953972338,1.8531777687516628,0.7558723220054717
1642,1.3464229799912428,0.7588400738100535,1.84932038872414,0.37377572116787
1643,1.8789684177200028,0.5047154719183292,1.84932038872414,0.7558723220054719
1644,1.35271435152566,0.7657058532461115,1.8465073254341753,0.3215695596387565
1645,1.8654570288029304,0.493545461083431,1.8465073254341753,0.7558723220054723
1646,1.3588114759378664,0.7723961762536291,1.8445820398260881,0.344468287698902
1647,1.8515811659116217,0.48324727298055836,1.8445820398260881,0.7558723220054728
1648,1.3646845130611582,0.7787947597161664,1.8437021398992346,0.30044280192900236
1649,1.8373839140254855,0.4739165731746475,1.8437021398992346,0.7558723220054733
1650,1.3704522913315416,0.7850916624398318,1.8438424533838451,0.33479774997941797
1651,1.8229103128665465,0.46564661103373917,1.8438424533838451,0.7558723220054738
1652,1.3765156197793535,0.7919801269771906,1.8447972766650325,0.3672708785416554
1653,1.8082073140532144,0.4585257836573018,1.8447972766650325,0.7558723220054742
1654,1.3823467441508015,0.7985655442248634,1.8468475310394386,0.3076530437216568
1655,1.7933237265595885,0.4526349246181524,1.8468475310394386,0.7558723220054748
1656,1.3875576896219144,0.804175276581518,1.8501901668964946,0.26213446787701417
1657,1.7783101486446653,0.448044465363771,1.8501901668964946,0.7558723220054753
1658,1.3926480749082986,0.8096861296883048,1.8545246881883568,0.29119626339076804
1659,1.763218884277196,0.44481167063219623,1.8545246881883568,0.7558723220054757
1660,1.3976877060262902,0.8152310571651405,1.859787674119314,0.2735384571958566
1661,1.7481038419650101,0.44297818424027674,1.859787674119314,0.7558723220054762
1662,1.4026617820405167,0.8208477967578952,1.8658702399872154,0.29188939682536297
1663,1.7330204138135121,0.4425681251783066,1.8658702399872154,0.755872322005477
1664,1.4074835147546818,0.826248899521303,1.8730183736276187,0.24607846234963093
1665,1.7180253326000126,0.4435869382484602,1.8730183736276187,0.7558723220054776
1666,1.4119501211160377,0.8309210288665261,1.8815454018658986,0.2136788145480981
1667,1.7031765046736196,0.4460211298178514,1.8815454018658986,0.7558723220054782
1668,1.4161210459082187,0.8349382180039674,1.8914174343277586,0.20400314004343792
1669,1.6885328165912883,0.44983891945813703,1.8914174343277586,0.7558723220054786
1670,1.4200888287587172,0.838536607973439,1.9024217531679266,0.19621212980541652
1671,1.6741539135968548,0.45499173209280813,1.9024217531679266,0.7558723220054792
1672,1.4239090670189023,0.8417560868650132,1.9145742399380417,0.20606857132941767
1673,1.6600999483591454,0.46141636455371104,1.9145742399380417,0.7558723220054803
1674,1.4276092119328267,0.8449123535797999,1.9273931488080207,0.18420443699009065
1675,1.6464312988238963,0.4690376021250133,1.9273931488080207,0.7558723220054807
1676,1.4311680124605772,0.8481369043892691,1.9405790242630798,0.1755994624536525
1677,1.6332082546156976,0.47777104214701543,1.9405790242630798,0.755872322005481
1678,1.4346631732162956,0.851147900917527,1.9547007005055512,0.18791855007306946
1679,1.6204906721590464,0.4875259000937061,1.9547007005055512,0.7558723220054818
1680,1.4381892183565135,0.8538652945698431,1.9700424212139716,0.2143947339409586
1681,1.6083375995730949,0.4982076181371554,1.9700424212139716,0.7558723220054824
1682,1.4417954248551328,0.8563567296605811,1.9865548325799498,0.2486688114627565
1683,1.5968068734246725,0.5097201534300839,1.9865548325799498,0.7558723220054829
1684,1.4454221400177363,0.8587147548273172,2.003900418377599,0.25076305750806077
1685,1.5859546905785034,0.5219678807324403,2.003900418377599,0.7558723220054834
1686,1.4491463772184143,0.8610027564599129,2.0221053729868035,0.29227765361771046
1687,1.5758351596287958,0.5348570929017126,2.0221053729868035,0.7558723220054839
1688,1.452565359300576,0.8630995668458962,2.0403608967090783,0.22371125764984212
1689,1.5664998376845622,0.5482971189005881,2.0403608967090783,0.7558723220054842
1690,1.4558854470985827,0.865137241544845,2.0588884895316206,0.2669303351879722
1691,1.5579972595502627,0.5622011017793205,2.0588884895316206,0.7558723220054848
1692,1.4595371296070696,0.8672447517422901,2.078439632988222,0.3099908895212407
1693,1.5503724675196706,0.576486490355967,2.078439632988222,0.7558723220054853
1694,1.4635352334141425,0.8694551643016911,2.0989479698267672,0.3520499043826414
1695,1.5436665510021124,0.591075300897436,2.0989479698267672,0.7558723220054855
1696,1.467967033051027,0.871885333484989,2.1203924491752804,0.3946105833713154
1697,1.5379162059416727,0.6058942019549142,2.1203924491752804,0.7558723220054863
1698,1.4720822218429417,0.874128337587741,2.1415796948056385,0.3221586939444887
1699,1.5331533243915216,0.620874469149632,2.1415796948056385,0.7558723220054865
1700,1.4761210440621924,0.8763660929861274,2.1627401802273334,0.3658808908212252
1701,1.5294046245998663,0.6359518490190653,2.1627401802273334,0.7558723220054869
1702,1.4807180938641518,0.8789784915505572,2.184743755323103,0.4069584235526559
1703,1.5266913315049573,0.6405905847162312,2.184743755323103,0.7558723220054869
1704,1.4850317302488583,0.8814378089735488,2.2063543409399484,0.33706055114803496
1705,1.5250289166061342,0.625628302330142,2.2063543409399484,0.7558723220054875
1706,1.4893002319286488,0.8839313543432833,2.2277950664154873,0.380058051738549
1707,1.5244269047915795,0.6105671815951792,2.2277950664154873,0.7558723220054876
1708,1.4942239947467062,0.8869300191493563,2.249968168014509,0.4207727025358216
1709,1.524888753912069,0.5954569133118421,2.249968168014509,0.7558723220054882
1710,1.4997591497529164,0.8904002390055664,2.272784538369777,0.4586575430596768
1711,1.5264118107779585,0.5803510929099158,2.272784538369777,0.7558723220054882
1712,1.5059750774370764,0.894449690165387,2.2962066648277393,0.49723459390856367
1713,1.5289873449359908,0.5653075459496554,2.2962066648277393,0.7558723220054887
1714,1.5128615838519586,0.8990873088138767,2.3201620852411597,0.5315963516022789
1715,1.5326006591839885,0.5503886554355557,2.3201620852411597,0.7558723220054887
1716,1.5193824901908695,0.9035107657359126,2.343345374316134,0.45630581303333867
1717,1.5372312734428322,0.5356616750049416,2.343345374316134,0.7558723220054892
1718,1.5257863594699428,0.9079276462514019,2.365983982419525,0.4925005102302526
1719,1.5428531764586428,0.5211990049637297,2.365983982419525,0.7558723220054894
1720,1.5318401127217827,0.9121250340128972,2.387796243929,0.424351922395302
1721,1.5494351379689526,0.5070783992541441,2.387796243929,0.7558723220054894
1722,1.5378042703996684,0.9163319270546189,2.4090100799928496,0.4593972217945009
1723,1.556941072523266,0.4933830608227185,2.4090100799928496,0.7558723220054894
1724,1.54456430037231,0.9212874226796622,2.430600181377436,0.49215989810925315
1725,1.5653304451562349,0.4802015709879389,2.430600181377436,0.7558723220054895
1726,1.550926303695843,0.9259512040674333,2.4512383588615814,0.41899828282304447
1727,1.5745587085908117,0.46762758641930985,2.4512383588615814,0.7558723220054898
1728,1.5560720633390897,0.9296529784882641,2.4699043471429256,0.34859739464080497
1729,1.5845777615854244,0.45575922730992374,2.4699043471429256,0.75587232200549
1730,1.5599770072580341,0.9323176636775401,2.4866180468040566,0.2927421576953856
1731,1.595336418390586,0.44469807550836127,2.4866180468040566,0.75587232200549
1732,1.563863135476876,0.935022787743536,2.50265279124798,0.32735399308723806
1733,1.6067808799813816,0.434547706233085,2.50265279124798,0.75587232200549
1734,1.5686678483217484,0.9385971465098348,2.5189874394358505,0.36326624871473634
1735,1.6188551987041073,0.4254116967550732,2.5189874394358505,0.7558723220054903
1736,1.57435257581595,0.9430075453775794,2.535556674880578,0.4058033719163442
1737,1.6315017291333966,0.41739109493648474,2.535556674880578,0.7558723220054904
1738,1.580882209634897,0.9482228344717692,2.552303125294861,0.43995839411845405
1739,1.6446615591975944,0.41058139213771366,2.552303125294861,0.7558723220054908
1740,1.5882498880140044,0.9542562816148599,2.569161144911316,0.4734422814949588
1741,1.6582749169196718,0.40506912599182154,2.569161144911316,0.7558723220054909
1742,1.5952122618431335,0.9599592425308248,2.584854283500205,0.41134730364364264
1743,1.6722815493749248,0.40092832857105554,2.584854283500205,0.7558723220054908
1744,1.602045227359302,0.965604627170508,2.5995956287036663,0.4424782002084907
1745,1.6866210716352674,0.39821711608847,2.5995956287036663,0.7558723220054905
1746,1.6097338432888417,0.9721051959789132,2.6143572844055685,0.47468135932154626
1747,1.701233284517721,0.3969747638877095,2.6143572844055685,0.7558723220054906
1748,1.6170110185348847,0.9782625499393262,2.6278941665924918,0.4134712672214643
1749,1.716058460859966,0.3972196033516755,2.6278941665924918,0.7558723220054905
1750,1.6241407593523807,0.9843335881858458,2.6404253745496136,0.4427720335891201
1751,1.7310376007989101,0.3989480049004836,2.6404253745496136,0.7558723220054904
1752,1.6308834088747959,0.9900781574423574,2.651731876631242,0.37157296040316956
1753,1.7461126571293073,0.4021345811571351,2.651731876631242,0.75587232200549
1754,1.636254775598358,0.9945548377832161,2.6608636382812896,0.3204257062614965
1755,1.7612267322762591,0.40673358317323005,2.6608636382812896,0.7558723220054899
1756,1.6415464995934959,0.9989926182835702,2.669049025595053,0.34815981259383316
1757,1.776324248740832,0.41268130780127477,2.669049025595053,0.7558723220054898
1758,1.6465183932656415,1.0031497338571027,2.676081608154548,0.29808488662884297
1759,1.7913510950881841,0.4198992210657294,2.676081608154548,0.75587232200549
1760,1.6514326880161678,1.0072970127920682,2.6821526701902534,0.3244157740879561
1761,1.806254749659995,0.4282974515430937,2.6821526701902534,0.75587232200549
1762,1.656043986594861,1.0111798320732672,2.687075891139055,0.2666750116309325
1763,1.820984384225343,0.43777832053719073,2.687075891139055,0.7558723220054898
1764,1.660498965341342,1.0149448013878652,2.6909725071918236,0.2973655071492296
1765,1.8354909497532825,0.44823963696988667,2.6909725071918236,0.7558723220054899
1766,1.665833252984185,1.0195964085050169,2.6947916167815538,0.34036792452059306
1767,1.849727246411533,0.4595775710784972,2.6947916167815538,0.7558723220054896
1768,1.6721023310171859,1.0251968906633953,2.698562601568601,0.3772573369551929
1769,1.8636479797824053,0.47168900972434546,2.698562601568601,0.7558723220054897
1770,1.6792709076163044,1.031717822911765,2.702240124637009,0.40834951305865663
1771,1.8772098051507646,0.48447337146972996,2.702240124637009,0.7558723220054896
1772,1.6860512373972278,1.037887772378228,2.7047143375820135,0.33917393452719696
1773,1.8903713615689384,0.4978339139267512,2.7047143375820135,0.7558723220054893
1774,1.6914461563298206,1.0427165634426558,2.705149263040024,0.27691763210102666
1775,1.9030932972475667,0.5116785984590171,2.705149263040024,0.7558723220054892
1776,1.6955090149664331,1.0462483886474698,2.703632586650199,0.2214536056382228
1777,1.9153382876653187,0.5259205915925533,2.703632586650199,0.7558723220054893
1778,1.6982897654668334,1.0485338390588177,2.700223190003595,0.17182360255277807
1779,1.9270710476385258,0.5404784836134696,2.700223190003595,0.755872322005489
1780,1.6998390054091368,1.0496122419007639,2.695020164803313,0.14097661156266636
1781,1.9382583384472398,0.5552762978629043,2.695020164803313,0.7558723220054889
1782,1.7002026196169027,1.0495306959086026,2.6880831667930534,0.13066571704035324
1783,1.9488689709790463,0.5702433532681173,2.6880831667930534,0.7558723220054892
1784,1.699425787906588,1.0483308672598606,2.6794883483232663,0.1422170787731356
1785,1.958873805727445,0.5853140305227589,2.6794883483232663,0.755872322005489
1786,1.697554375179923,1.0460508331915772,2.669328777945832,0.1753426663693048
1787,1.9682457503682738,0.6004274807849227,2.669328777945832,0.7558723220054888
1788,1.6946283280179244,1.0427326927145795,2.6576628670632174,0.21267603759750112
1789,1.9769597555356655,0.6155273056855091,2.6576628670632174,0.7558723220054887
1790,1.6906890966414085,1.0384135353319395,2.6445731973679485,0.2539053200918936
1791,1.9849928093280473,0.6305612291493226,2.6445731973679485,0.7558723220054886
1792,1.6857767261510654,1.0331296939370982,2.6301410537471255,0.29758368352022824
1793,1.9923239309942458,0.6454807750060705,2.6301410537471255,0.7558723220054885
1794,1.6799272793760647,1.0269178236061853,2.614431771563608,0.33939347818381754
1795,1.9989341641791076,0.6602409594136246,2.614431771563608,0.7558723220054883
1796,1.673177884760313,1.019811785836971,2.597525811757403,0.38150796159369615
1797,2.0048065700464166,0.6748000034702656,2.597525811757403,0.7558723220054883
1798,1.6655625920301746,1.011845123151886,2.5794931781039128,0.42276436093710673
1799,2.0099262205433592,0.6891190687897036,2.5794931781039128,0.7558723220054879
1800,1.657114900331946,1.0030497915493224,2.560408040803009,0.4623613425459638
1801,2.0142801920245343,0.7031620170119195,2.560408040803009,0.755872322005488
1802,1.6478672514776413,0.993456574639587,2.5403451309661653,0.500571764330949
1803,2.0178575594136072,0.716895193022176,2.5403451309661653,0.7558723220054878
1804,1.637851957466605,0.983095022099419,2.5193837487428823,0.5380350619427271
1805,2.0206493910463053,0.7302872308877777,2.5193837487428823,0.7558723220054878
1806,1.6270953615025137,0.9719943535407969,2.497579818915806,0.573540163877874
1807,2.0226487443087087,0.743308881071671,2.497579818915806,0.755872322005488
1808,1.615630562077078,0.9601815889393681,2.475026010135952,0.6085021784729047
1809,2.023850662158982,0.755932857249021,2.475026010135952,0.7558723220054882
1810,1.603483605327496,0.9476835935675736,2.451786163777724,0.64167489003073
1811,2.0242521705978915,0.7681337009674087,2.451786163777724,0.7558723220054878
1812,1.5906808526333058,0.9345259592542433,2.427930183132869,0.6741560306828411
1813,2.023852277133163,0.773305621561804,2.427930183132869,0.7558723220054879
1814,1.5772518770705648,0.9207335035582676,2.4035444155993413,0.7053674869904552
1815,2.022651970264009,0.7597709728511682,2.4035444155993413,0.7558723220054877
1816,1.5632096510153288,0.9063290096623133,2.3786522169968727,0.735255682861791
1817,2.020654219994528,0.7459042282402588,2.3786522169968727,0.7558723220054876
1818,1.5485932370617959,0.8913363756418006,2.353383133442091,0.7642513819471005
1819,2.0178639793673163,0.7317386957678063,2.353383133442091,0.7558723220054879
1820,1.5334134920215237,0.8757757038886835,2.3277607036223853,0.7920367767348861
1821,2.014288186990982,0.7173100464896364,2.3277607036223853,0.7558723220054878
1822,1.5177085689742327,0.859670902001708,2.3019096187715458,0.8189422176152656
1823,2.009935770516562,0.7026564953930505,2.3019096187715458,0.755872322005488
1824,1.501486280277499,0.8430390617511937,2.27585025757227,0.8448409583546617
1825,2.0048176509975306,0.6878189997122597,2.27585025757227,0.7558723220054878
1826,1.4847724230065147,0.8259001541434965,2.2496677388146105,0.8699704400771026
1827,1.9989467480453027,0.672841474237964,2.2496677388146105,0.7558723220054878
1828,1.4676163538685028,0.8082830728235746,2.223512968962382,0.8933934075469897
1829,1.992337985666347,0.6577710221987334,2.223512968962382,0.7558723220054877
1830,1.451205813536047,0.7914389424964742,2.1981394204009552,0.8038253371359538
1831,1.9850082986372541,0.6426581788431993,2.1981394204009552,0.7558723220054879
1832,1.436501457931333,0.7763497690053612,2.174265530277453,0.716456951244348
1833,1.9769766392397525,0.6275571628436669,2.174265530277453,0.7558723220054878
1834,1.4234233141955592,0.7629427762680234,2.1518529288642743,0.634407935355861
1835,1.968263984137757,0.612526127929362,2.1518529288642743,0.7558723220054879
1836,1.4118938831821226,0.7511466525456915,2.130872423802836,0.5562457156222007
1837,1.958893341132292,0.5976274035891975,2.130872423802836,0.7558723220054877
1838,1.4007021773258388,0.7396794038289124,2.110664683881101,0.5884046582169766
1839,1.9488897554766373,0.5829277091209198,2.110664683881101,0.7558723220054878
1840,1.3900300961709575,0.7287497145204845,2.0913320987922694,0.5125253416692018
1841,1.938280315372406,0.5684983196575539,2.0913320987922694,0.7558723220054874
1842,1.3807782428591333,0.7193170627280279,2.0734403676762603,0.4407103261431708
1843,1.9270941561966557,0.5544151560957986,2.0734403676762603,0.7558723220054874
1844,1.3717401992602198,0.7101023485754542,2.056331045137257,0.4807523354288107
1845,1.915362462929682,0.5407587633066611,2.056331045137257,0.7558723220054876
1846,1.362011283858242,0.7001296587565959,2.0395584160766,0.5178306707375837
1847,1.9031184701622137,0.5276141331669809,2.0395584160766,0.7558723220054873
1848,1.3516264257412192,0.6894319020394166,2.023185215397691,0.5519176648616373
1849,1.8903974589587407,0.5150703218108134,2.023185215397691,0.7558723220054876
1850,1.3416881130495435,0.6792103482177742,2.0078097849521557,0.48012856390145986
1851,1.8772367497404066,0.5032198056517112,2.0078097849521557,0.7558723220054876
1852,1.3320137974061819,0.6692474796720503,1.993432712372782,0.5144942199364222
1853,1.8636756902263927,0.4921575204170865,1.993432712372782,0.7558723220054876
1854,1.322778032010154,0.6597438163157311,1.9801502785381815,0.44562880354551726
1855,1.8497556373375774,0.481979534471493,1.9801502785381815,0.7558723220054877
1856,1.3137801728058185,0.6504717928034739,1.967915774154322,0.4791728853380049
1857,1.835519931821709,0.47278132507797593,1.967915774154322,0.7558723220054878
1858,1.3051774639988494,0.6416188877618939,1.9567962307462252,0.41258681131045083
1859,1.8210138642074867,0.46465565636224043,1.9567962307462252,0.7558723220054878
1860,1.2977535490287773,0.6340688269211129,1.9471690657879464,0.3468899166213514
1861,1.8062846305388665,0.4576901012549658,1.9471690657879464,0.7558723220054877
1862,1.2914506128118137,0.6277638796533825,1.939034291219897,0.2828894845260503
1863,1.7913812761849928,0.4519643041139665,1.939034291219897,0.755872322005488
1864,1.2861760267000997,0.6226201748368821,1.9323374381494733,0.24112981261720412
1865,1.776354625871251,0.44754713937283924,1.9323374381494733,0.755872322005488
1866,1.281843698090469,0.6185586977480331,1.9270317097195404,0.210895325556582
1867,1.761257197940568,0.44449397345721364,1.9270317097195404,0.755872322005488
1868,1.2775589344195135,0.6145219052799106,1.9228471671237157,0.23200338932926765
1869,1.7461431007407442,0.4428442688030207,1.9228471671237157,0.7558723220054883
1870,1.2726997416614962,0.6097432674189855,1.9196379822922465,0.2492166797454865
1871,1.731067908954689,0.442619767571879,1.9196379822922465,0.755872322005488
1872,1.2680259669879694,0.6051696800727765,1.9175278397769908,0.21922406389045168
1873,1.7160885176594098,0.44382345173420856,1.9175278397769908,0.755872322005488
1874,1.2634281857738316,0.6006478026269966,1.9165289686466112,0.24107792914628406
1875,1.7012629719318226,0.446439398251571,1.9165289686466112,0.7558723220054885
1876,1.2588864394805614,0.5961760723652784,1.9165636049928447,0.2170534731609927
1877,1.6866502699316814,0.4504335462376537,1.9165636049928447,0.7558723220054883
1878,1.2543436013973455,0.59165466271119,1.9176653329480682,0.23892717162834834
1879,1.672310137601844,0.45575528763715173,1.9176653329480682,0.755872322005488
1880,1.2497017781156297,0.5869598237371453,1.9197822765143826,0.22686161727845208
1881,1.6583027734512732,0.4623397056595424,1.9197822765143826,0.7558723220054882
1882,1.2454611981872215,0.5827841713437846,1.9228583285150875,0.1997244333537381
1883,1.6446885623426661,0.4701102318607631,1.9228583285150875,0.7558723220054886
1884,1.2417291267437447,0.5793069387131128,1.9268090916355678,0.18795294522811223
1885,1.6315277578074034,0.4789814794121445,1.9268090916355678,0.7558723220054882
1886,1.2380872929057347,0.5758721487025694,1.9317932481450293,0.1857730889196695
1887,1.6188801331632736,0.4888620325564903,1.9317932481450293,0.7558723220054885
1888,1.2342840944284064,0.5720403164244602,1.937955377036675,0.199541135546931
1889,1.606804602615401,0.4996570192699128,1.937955377036675,0.755872322005488
1890,1.230401280908915,0.5678937237056652,1.9452964025969222,0.22237345523736116
1891,1.5953588145683224,0.5112703520287389,1.9452964025969222,0.755872322005488
1892,1.2265130229459185,0.563529476502141,1.9537696193453145,0.24933708850615036
1893,1.584598720545513,0.5236065782671172,1.9537696193453145,0.7558723220054883
1894,1.2227266183532404,0.5590585026585891,1.9634047562137755,0.27971550530462985
1895,1.574578124366488,0.5365723294994007,1.9634047562137755,0.7558723220054885
1896,1.2191058626147684,0.5546533390705467,1.9739782513599373,0.2779672563820555
1897,1.565348217521126,0.5500773924529316,1.9739782513599373,0.7558723220054884
1898,1.2157763203580667,0.5504269339614899,1.9855804400971502,0.31187927900323376
1899,1.556957107942408,0.564035446727422,1.9855804400971502,0.7558723220054885
1900,1.2127490922869517,0.5463186684100224,1.9983343206444477,0.34540505889429735
1901,1.5494493505371292,0.5783645234645287,1.9983343206444477,0.7558723220054882
1902,1.2098907212297567,0.5424073557620412,2.0116298471769034,0.3020920587846666
1903,1.5428654888064197,0.5929872411859476,2.0116298471769034,0.7558723220054883
1904,1.2070867988064167,0.538777668247344,2.02487996094315,0.2502922041806704
1905,1.5372416175895809,0.607830871262949,2.02487996094315,0.755872322005488
1906,1.2042409955996562,0.5353530138838729,2.0378924641600684,0.19652575192811297
1907,1.5326089773168798,0.6228272788582637,2.0378924641600684,0.755872322005488
1908,1.2012787513260865,0.5320404314693464,2.0505808424126686,0.1739067101280971
1909,1.528993590094518,0.6379127774268426,2.0505808424126686,0.7558723220054883
1910,1.1981719145382337,0.5287988014442818,2.06289252898201,0.15479721342600566
1911,1.5264159474250723,0.6386557857908184,2.06289252898201,0.7558723220054878
1912,1.1948499855429051,0.5255471596253027,2.0747376363774253,0.1798193292056108
1913,1.5248907583754774,0.6236779978290488,2.0747376363774253,0.7558723220054878
1914,1.191746606180919,0.5224900726115886,2.0869492025731726,0.14719813535372392
1915,1.5244267655620936,0.6086076118444248,2.0869492025731726,0.7558723220054878
1916,1.1886970327689708,0.5195033150838233,2.0992383303277666,0.1684245306156866
1917,1.525026634483994,0.5934948074130375,2.0992383303277666,0.7558723220054878
1918,1.1858373563076214,0.5166819522418887,2.1117589997585444,0.1347011001191614
1919,1.5266869195896295,0.578393710471454,2.1117589997585444,0.755872322005488
1920,1.1830048025912014,0.5139031311193129,2.124228265052463,0.13888812756395347
1921,1.5293981081236339,0.5633627197465371,2.124228265052463,0.755872322005488
1922,1.1797713227922768,0.5109191904201887,2.1358327479552814,0.18685343864505308
1923,1.5331447404019773,0.5484648332693982,2.1358327479552814,0.7558723220054878
1924,1.1761853147910224,0.5077787960657183,2.146573320590607,0.2254965525625967
1925,1.537905602842749,0.5337679582130389,2.146573320590607,0.7558723220054878
1926,1.1728239581495654,0.5048314706435597,2.15739308883474,0.1672028703095297
1927,1.5436539879672369,0.5193451799753696,2.15739308883474,0.7558723220054879
1928,1.1695237805902923,0.5019556503281523,2.1680103163900273,0.2079878751969723
1929,1.5503580137938722,0.5052749573069186,2.1680103163900273,0.7558723220054879
1930,1.16579728593025,0.49885509465689304,2.1775622755265136,0.24617618763381963
1931,1.557980993660393,0.4916411994653677,2.1775622755265136,0.7558723220054877
1932,1.1615935372437356,0.49547747776400064,2.185980395918493,0.296587522807441
1933,1.5664818465782022,0.4785331694134459,2.185980395918493,0.7558723220054876
1934,1.1576343939513427,0.49231313728746356,2.1943221774824235,0.23018058767778382
1935,1.5758155377628755,0.466045145202796,2.1943221774824235,0.7558723220054877
1936,1.154512992551595,0.489760060931291,2.203430530812356,0.16796526263152425
1937,1.5859335389782396,0.4542757621228135,2.203430530812356,0.7558723220054878
1938,1.1522358063190206,0.4878259836128427,2.2132500802276778,0.10989240443675732
1939,1.596784298732261,0.4433269543576135,2.2132500802276778,0.7558723220054878
1940,1.1507765551135534,0.48648647528597855,2.2237082979308362,0.05351839477957424
1941,1.6083137131038017,0.43330242138396063,2.2237082979308362,0.7558723220054883
1942,1.1492676458669673,0.4851074988015008,2.2335689731389423,0.0977696792648266
1943,1.6204655889801272,0.424305566422667,2.2335689731389423,0.755872322005488
1944,1.1470514835995025,0.4832202211565567,2.2418681213418443,0.1503110343804646
1945,1.6331820926610765,0.4164368965760625,2.2418681213418443,0.7558723220054883
1946,1.1450848917794743,0.48156356335239653,2.2498176995153765,0.0852596538736376
1947,1.6464041780549399,0.40979093871868405,2.2498176995153765,0.7558723220054882
1948,1.143101547797773,0.47989881140502877,2.2571090943942056,0.1358884823513133
1949,1.6600719899792964,0.4044528081303148,2.2571090943942056,0.755872322005488
1950,1.1404105857316058,0.47772683391324894,2.2627582717435426,0.18823430496369706
1951,1.6741252393254489,0.4004946568639519,2.2627582717435426,0.7558723220054879
1952,1.1369928689835282,0.4750206254825287,2.266752843324053,0.23760995324733877
1953,1.688503547999684,0.39797230655376914,2.266752843324053,0.755872322005488
1954,1.1338630212378877,0.4725823976878956,2.270338060847758,0.17073249270990448
1955,1.7031467625848158,0.3969224119580589,2.270338060847758,0.7558723220054878
1956,1.130753048917772,0.47016924188227643,2.2732213960128154,0.22053844886617913
1957,1.7179952365513127,0.397360486190185,2.2732213960128154,0.7558723220054878
1958,1.1268815733128006,0.46718664535572596,2.274387829478479,0.2685681797021799
1959,1.7329900815804609,0.3992800377831619,2.274387829478479,0.7558723220054879
1960,1.1233140071100345,0.4644888697673895,2.275105976464371,0.20233775533015935
1961,1.748073389143805,0.4026529337625525,2.275105976464371,0.7558723220054878
1962,1.1197998043389834,0.4618555962160261,2.2750985952722083,0.2509827884934593
1963,1.7631884239220363,0.40743094033548555,2.2750985952722083,0.7558723220054882
1964,1.1155200179490137,0.45865853640110765,2.273343747291095,0.29812417517930284
1965,1.7782797909559815,0.4135482416119202,2.273343747291095,0.7558723220054882
1966,1.110522666206028,0.45496119421534464,2.2698674911707437,0.3432092232117784
1967,1.7932935786188178,0.4209246308641568,2.2698674911707437,0.7558723220054884
1968,1.1047957938131694,0.45074916065904475,2.2646905884728263,0.38495604524646243
1969,1.8081774795996557,0.4294690265902147,2.2646905884728263,0.7558723220054886
1970,1.0994325439852533,0.4468866730445026,2.259094924194869,0.31419393416569175
1971,1.822880892111857,0.43908298582800803,2.259094924194869,0.7558723220054887
1972,1.0946575141906174,0.4435063928252848,2.2534022247037466,0.3063500130209152
1973,1.8373550035015052,0.4496639529306842,2.2534022247037466,0.7558723220054885
1974,1.089538898739506,0.43991878652963445,2.246462027950266,0.3521256866683238
1975,1.851552858347419,0.4611080696841897,2.246462027950266,0.7558723220054884
1976,1.0836788589832222,0.435827845649157,2.2378228929939157,0.392948425839818
1977,1.8654294130272235,0.47331246035000596,2.2378228929939157,0.7558723220054885
1978,1.0781615220307026,0.4320512420937667,2.22877489197675,0.3227518602590274
1979,1.878941578585406,0.4861769781049987,2.22877489197675,0.7558723220054885
1980,1.0727648137474042,0.428415249801855,2.2190694928974515,0.36790310904866363
1981,1.8920482535882304,0.49960545079600255,2.2190694928974515,0.7558723220054885
1982,1.0666342354678997,0.42430881069176807,2.2076997007109287,0.40845404282916475
1983,1.9047103484941528,0.5135064938745434,2.2076997007109287,0.7558723220054885
1984,1.0597912449868945,0.41976695874455505,2.1947121430453223,0.45079994972729853
1985,1.9168908029126293,0.5277939706424172,2.1947121430453223,0.7558723220054883
1986,1.0522654252180568,0.41484026622678616,2.180153440894526,0.4892946825878547
1987,1.928554596973149,0.5423871797394362,2.180153440894526,0.7558723220054883
1988,1.044088776571443,0.409587030287635,2.164070175870088,0.5275580868039966
1989,1.9396687578828793,0.5572108421130516,2.164070175870088,0.7558723220054883
1990,1.035277833757881,0.4040445393658383,2.146514962990407,0.5641718304447843
1991,1.950202362617482,0.5721949484530169,2.146514962990407,0.7558723220054888
1992,1.025852135044537,0.398257881439512,2.1275417941766395,0.5987555803109768
1993,1.9601265375665562,0.5872745159468048,2.1275417941766395,0.7558723220054883
1994,1.0158557205624292,0.39231685214035183,2.1071961885911232,0.632598978899497
1995,1.969414455843317,0.6023892918223206,2.1071961885911232,0.7558723220054882
1996,1.0053026753998684,0.38626618434682103,2.0855359962449174,0.6638369824706036
1997,1.9780413328675683,0.6174834312914714,2.0855359962449174,0.7558723220054882
1998,0.994221157363661,0.3801784090240468,2.062614574899043,0.6960722919947394
1999,1.9859844207414639,0.6325051694533684,2.062614574899043,0.7558723220054883
2000,0.9589756093439435,1.1382814943911983,2.165660321028778,0.0
2001,1.115055541276084,0.3531517145346688,2.165660321028778,0.0
2002,0.9594700596950733,1.1389282579618203,2.165468541986125,0.05701783110756543
2003,1.1145576443704432,0.3529015304770035,2.165468541986125,0.07719810805827439
2004,0.9597697248003686,1.1394787523090062,2.1641732762647146,0.005078425398718145
2005,1.1142611583018749,0.3531201643043182,2.1641732762647146,0.12065825942934379
2006,0.9590413130054718,1.1389167857388038,2.160957532855995,0.060709192509958425
2007,1.114339074471636,0.35394967631303054,2.160957532855995,0.16677241880614546
2008,0.9573070245183111,1.1372948958424038,2.1559128397080847,0.11413569198831257
2009,1.1147338484162383,0.3553413728506765,2.1559128397080847,0.2128968553927302
2010,0.9557508869742043,1.135856546801108,2.1500973735210938,0.052286001976872686
2011,1.1153819016760784,0.3572440382801238,2.1500973735210938,0.2578999125173731
2012,0.9541491747119114,1.1343607838427583,2.1433450356307926,0.10716667241067383
2013,1.1162228997436814,0.35961157555357287,2.1433450356307926,0.3013701936380523
2014,0.9515551192470286,1.1318577921138717,2.1349354096608155,0.1593262977475721
2015,1.1172000572844754,0.36240291655533835,2.1349354096608155,0.34314307160756097
2016,0.9479817369264129,1.128413612666424,2.1249917649621697,0.20968224131057858
2017,1.118260049138271,0.3655815387187031,2.1249917649621697,0.3831529887787707
2018,0.9446673857709474,1.1252156669927504,2.114473783284296,0.14529869561782466
2019,1.1193528894137688,0.3691149296879874,2.114473783284296,0.4213801851951915
2020,0.9425782622919092,1.1231683600203464,2.104111564084168,0.08371934496743899
2021,1.1204317984667804,0.37297404029258574,2.104111564084168,0.45782847946286326
2022,0.940442797786362,1.1211141556726831,2.0930937448458677,0.13562000153811488
2023,1.1214530627080752,0.37713274798477536,2.0930937448458677,0.49251489631717127
2024,0.9372951684138626,1.1181336750403872,2.080761677752705,0.18684003334757115
2025,1.1223758909358237,0.3815673470246631,2.080761677752705,0.5254643789861283
2026,0.9344015244454505,1.1153629131228555,2.0679980484371323,0.1240132361873051
2027,1.1231622702324158,0.38625607690650515,2.0679980484371323,0.5567068953764172
2028,0.9314970299298034,1.1126167395141933,2.0547513949149105,0.17423487664992338
2029,1.1237768238840253,0.3911786964538393,2.0547513949149105,0.5862757579172599
2030,0.9276042230179496,1.1089918111494232,2.0403939476215456,0.22356250460573399
2031,1.1241866732606542,0.3963161076675653,2.0403939476215456,0.6142065972409652
2032,0.9239952179068496,1.1055923796679843,2.0257694550813055,0.16031879759651596
2033,1.1243613051373638,0.4016500307510817,2.0257694550813055,0.640536706408582
2034,0.9204052727687608,1.1022445372884573,2.0108449244401623,0.20850418337892063
2035,1.124272445543937,0.40716272968922,2.0108449244401623,0.6653046043393298
2036,0.9158406891435248,1.09808163228869,1.9950501949944346,0.2560330399374596
2037,1.1238939408975999,0.4128367862403626,1.9950501949944346,0.6885497337788578
2038,0.9115845904930346,1.0941570031491017,1.9791636058289308,0.19254347646252643
2039,1.1232016468972281,0.41865491913052283,1.9791636058289308,0.7103122445241814
2040,0.9073735108231011,1.0903099647458088,1.9631708702321116,0.23886382360183764
2041,1.1221733254323352,0.42459984453633115,1.9631708702321116,0.7306328322107999
2042,0.9022035278563504,1.0857103544643407,1.9465511831738753,0.2847518477468217
2043,1.1207885495802614,0.43065417354075985,1.9465511831738753,0.7495526142189217
2044,0.8973627568178361,1.0813594920574707,1.9300225292054136,0.22109955805710713
2045,1.119028616624573,0.43680034207953417,1.9300225292054136,0.7671130309322433
2046,0.8925904106251045,1.0771103280280772,1.9135869010179647,0.2657111813742228
2047,1.1168764689211463,0.4430205689142878,1.9135869010179647,0.7833557646603465
2048,0.8868760438326647,1.0721727265620904,1.8967698286544474,0.3100976236917182
2049,1.114316622360654,0.4492968373250308,1.8967698286544474,0.798322671091029
2050,0.8815087453141844,1.0674906408759635,1.8802279982807266,0.2463633020294154
2051,1.111335102122476,0.4556108964706745,1.8802279982807266,0.8120557197774059
2052,0.8762312314805789,1.0629516157128065,1.864003507723368,0.2892957616485151
2053,1.1079193853813907,0.46194427868974847,1.864003507723368,0.8245969412372592
2054,0.8700319403832553,1.0578203285261045,1.8476773695547513,0.3318556861432159
2055,1.1040583506111452,0.46827832937715574,1.8476773695547513,0.8359883789574675
2056,0.86419816668183,1.0529609838975096,1.8318217490703863,0.26600708564236203
2057,1.0997422331251696,0.47459424645514464,1.8318217490703863,0.8462720450814476
2058,0.8584829589057612,1.0483018203682302,1.8165191857965461,0.30738177202343137
2059,1.0949625865016868,0.4808731268404227,1.8165191857965461,0.8554898788913845
2060,0.8531211870859383,1.04392774583847,1.8018374106461579,0.2388265392081523
2061,1.0897122495561995,0.48709601768148736,1.8018374106461579,0.8636837074298429
2062,0.8491012931778612,1.0404350346508886,1.788184865593587,0.17811198985756618
2063,1.0839853185470711,0.493243970491286,1.788184865593587,0.8708952077695571
2064,0.845142831499653,1.0370839887530234,1.7752355524992554,0.2209295403371541
2065,1.0777771243282634,0.49929809662387903,1.7752355524992554,0.8771658705571244
2066,0.841465616955121,1.033914208507304,1.7630104524492312,0.15860831250073448
2067,1.0710842141962083,0.4855098106441187,1.7630104524492312,0.8825369645403377
2068,0.8390650606511123,1.0315430696874905,1.751961858516704,0.1073203573356992
2069,1.0639043382144198,0.4678747552860859,1.751961858516704,0.8870495018495737
2070,0.836657912166004,1.0292083091672415,1.7417002180387742,0.1457697906661214
2071,1.0562364398392052,0.4502512888884117,1.7417002180387742,0.8907442038478259
2072,0.8340849476486107,1.0268113222424753,1.7322088414809373,0.12125902139230016
2073,1.048080650712313,0.43270433749898635,1.7322088414809373,0.8936614673962836
2074,0.8323962752461133,1.024875176721219,1.7238139486207613,0.08616890970369012
2075,1.0394382895313012,0.41530597966551464,1.7238139486207613,0.8958413314061532
2076,0.8306869054345085,1.0230012764289855,1.7163903078536924,0.11335374591549983
2077,1.0303118649556768,0.39813661986860366,1.7163903078536924,0.8973234435652252
2078,0.8279943040648373,1.020730661522364,1.7097157562250254,0.16311831027267337
2079,1.0207050825564759,0.38128629989960783,1.7097157562250254,0.8981470271412376
2080,0.824373318497282,1.0181294790450306,1.703850986350704,0.19937493766014336
2081,1.0106228558689347,0.3648561092376414,1.703850986350704,0.8983508477748305
2082,0.8210183987281751,1.0156833182689502,1.6990368971515029,0.14092291581881786
2083,1.0000713216624062,0.3489596101848258,1.6990368971515029,0.8979731801838977
2084,0.8176769141394807,1.0132544438693871,1.6952070244466657,0.1848233331317666
2085,0.9890578595988101,0.333724123517987,1.6952070244466657,0.8970517747092559
2086,0.8145835197731769,1.0109612143745146,1.6924584339275575,0.1325431082247443
2087,0.9775911165108151,0.31929161985265975,1.6924584339275575,0.8956238236395799
2088,0.8115521432906307,1.0088012098649648,1.6908474441847872,0.16878554204065954
2089,0.9656810355937022,0.3058188306511656,1.6908474441847872,0.8937259272619901
2090,0.8087567869251073,1.0067580709175885,1.69032412145887,0.11173783540731051
2091,0.953338890870413,0.29347604538795236,1.69032412145887,0.8913940595941682
2092,0.8070059717218065,1.0049563775226718,1.6908826830692476,0.09412388992698427
2093,0.9405773273574001,0.2824439403200019,1.6908826830692476,0.8886635337647832
2094,0.8052912041407085,1.003298857240556,1.6926228814964723,0.10148841110022526
2095,0.9274104074290527,0.27290777275338807,1.6926228814964723,0.8855689670217891
2096,0.8037324637599452,1.0016814741678601,1.6953953748894797,0.07169815386739385
2097,0.913853663949703,0.2650484937831483,1.6953953748894797,0.8821442453631139
2098,0.8031449697805678,1.0002367287940814,1.6992128333101584,0.08430320405878754
2099,0.8999241608129521,0.2590308983032051,1.6992128333101584,0.8784224878016541
2100,0.802566377497026,0.998820424088235,1.70405593120382,0.0827131700795271
2101,0.8856405615958386,0.2549898537206082,1.70405593120382,0.8744360102965627
2102,0.8012398993123167,0.9974282017603038,1.7099799785306131,0.08406438018976761
2103,0.8710232070965881,0.25301670692467587,1.7099799785306131,0.8702162894056009
2104,0.7991251179256436,0.9960525719887362,1.716916689568684,0.12226359907713738
2105,0.8560942025740567,0.25314867969694127,1.716916689568684,0.8657939257389107
2106,0.7963252874083007,0.9948036545737844,1.7249037045692506,0.17202882008213724
2107,0.8408775155370601,0.25536388696010526,1.7249037045692506,0.8611986073227811
2108,0.7929009986242029,0.9937259969979793,1.7339119475029663,0.2115981270674409
2109,0.8253990849322341,0.2595833605243405,1.7339119475029663,0.8564590730126432
2110,0.7889116737075975,0.9928614763774335,1.7439091537164462,0.25440679022554474
2111,0.8096869425356611,0.2656795709467591,1.7439091537164462,0.8516030761272164
2112,0.7851203056596098,0.9919658898004687,1.7545285576575047,0.19920624193305497
2113,0.7937713472471254,0.2734892781915817,1.7545285576575047,0.846657348509955
2114,0.7814803981944035,0.991214429273238,1.7659134093376845,0.2358163644680535
2115,0.7776849327909662,0.2828278213764549,1.7659134093376845,0.8416475652589951
2116,0.7773659789280304,0.9907661943635144,1.7781986829448644,0.27822561324834694
2117,0.7614628690107024,0.29350229589498256,1.7781986829448644,0.8365983104018201
2118,0.7735209658353597,0.9903480416531281,1.7910193672568386,0.21166265500578954
2119,0.7451430364627408,0.3053220419946249,1.7910193672568386,0.8315330438248799
2120,0.7704000606946382,0.9896049298338844,1.8039694927642105,0.15318100999418766
2121,0.7287662133130568,0.31810592168483515,1.8039694927642105,0.8264740698002171
2122,0.7679510295646504,0.9885172705477091,1.8170015382757696,0.11170661093927367
2123,0.7123762725523967,0.33168662459473025,1.8170015382757696,0.8214425074796023
2124,0.7655943153957903,0.9875485128875467,1.830540367003736,0.14950550813251265
2125,0.6960203861897215,0.34591262537405304,1.830540367003736,0.8164582637503222
2126,0.7628895037014853,0.9870749689209785,1.8448982134034302,0.178852444982376
2127,0.6797492312678723,0.3606484972768056,1.8448982134034302,0.8115400088643661
2128,0.760326789391158,0.9865441714277526,1.859467295636365,0.13061703063152652
2129,0.66361719017026,0.37577419977775905,1.859467295636365,0.8067051552628977
2130,0.7578540011716596,0.9861029495375014,1.8743384761135897,0.1678412034536569
2131,0.647682534656376,0.3911838093351872,1.8743384761135897,0.8019698400194105
2132,0.7551705945307349,0.986265712202535,1.8899536594765713,0.20516297032583614
2133,0.6320075793022457,0.40678401460440994,1.8899536594765713,0.7973489113167734
2134,0.7525549348943635,0.986288144973509,1.9055302547969477,0.14981493638467736
2135,0.6166587855064609,0.42249257739508017,1.9055302547969477,0.7928559193546432
2136,0.7502158788538074,0.9855874459515519,1.9204556487932907,0.12568444510745677
2137,0.6017067920270422,0.43823687391919136,1.9204556487932907,0.7885031120539636
2138,0.7479507671335374,0.9849815361100859,1.9354735245852064,0.14422568132240626
2139,0.5872263423725816,0.4539525731330827,1.9354735245852064,0.7843014358843354
2140,0.745612575222785,0.9851161288954471,1.9511546327324514,0.18315431263168386
2141,0.5732960737547492,0.4695824731173552,1.9511546327324514,0.7802605420881553
2142,0.7432532895383245,0.9860022900565997,1.967458147482468,0.22374647227045347
2143,0.5599981275139878,0.4850754957016706,1.967458147482468,0.7763887985133735
2144,0.7408902342822756,0.9876249675320836,1.9843193348398838,0.26485963120273265
2145,0.547417538146997,0.4986398845807608,1.9843193348398838,0.7726933071955612
2146,0.7385876654091692,0.9900011786457283,2.001709369835144,0.30386666306932136
2147,0.5356413588974933,0.4902716759313613,2.001709369835144,0.7691799277513741
2148,0.7363017940416274,0.99214795024559,2.0186290744424675,0.25104090393508055
2149,0.524757488244894,0.48148640349940314,2.0186290744424675,0.7658533065613519
2150,0.7341665482455703,0.9943418785296186,2.0353115698361774,0.2860334464765928
2151,0.5148531755107546,0.47229064265221044,2.0353115698361774,0.7627169116325925
2152,0.7322366707432978,0.9973646214861231,2.0524759426890804,0.32334288280930507
2153,0.5060132067127411,0.4626916301887317,2.0524759426890804,0.7597730729436742
2154,0.7303550790854682,1.0001644686460684,2.069058777325745,0.25868360886402203
2155,0.49831780404935616,0.45269726968743845,2.069058777325745,0.75702302798783
2156,0.728403268203142,1.0019353092026915,2.0842374499273815,0.21420141760618408
2157,0.49184031228029135,0.44231614012854353,2.0842374499273815,0.7544669721484496
2158,0.7265740901738171,1.0037566381231897,2.099029315070877,0.24211559386218978
2159,0.4866447883669941,0.43155750865543036,2.099029315070877,0.7521041134658651
2160,0.7247642087462293,1.005392519815938,2.113166432845763,0.18688729846373756
2161,0.48278364988628647,0.42043134857409975,2.113166432845763,0.749932731288355
2162,0.7227818435587443,1.0059944635807727,2.1257819656842787,0.1431508814938609
2163,0.4802955639350331,0.4089483639985483,2.1257819656842787,0.7479502382451906
2164,0.7206775088386774,1.0056256902230707,2.1369026926124706,0.12049169819813253
2165,0.4792037627668345,0.3971200229615805,2.1369026926124706,0.7461532449367841
2166,0.7187142068876076,1.0053946318243778,2.147585632857185,0.13024156430986752
2167,0.4795149495753548,0.38495860136317595,2.147585632857185,0.7445376267075775
2168,0.7168274529978743,1.0050831353745762,2.157586078402862,0.09959926717315806
2169,0.4812189076602386,0.37247724087702294,2.157586078402862,0.743098591851614
2170,0.7146926940412787,1.003769244849574,2.165959488321706,0.11051563558200733
2171,0.4842888554820546,0.35969002495912794,2.165959488321706,0.7418307505987667
2172,0.7126991864253978,1.002624445756186,2.173840221085919,0.11009319001057545
2173,0.4886825112857092,0.34661207851517734,2.173840221085919,0.7407281842407569
2174,0.7111278596929453,1.0025486724721948,2.18210340717462,0.10874414779427201
2175,0.4943437588460209,0.33325969875407485,2.18210340717462,0.7397845137794635
2176,0.7095361628461384,1.0023463411520976,2.1895386237302543,0.08980496734244042
2177,0.5012047533557225,0.31965052753408435,2.1895386237302543,0.7389929675142459
2178,0.7079057981100035,1.001860359880866,2.1959684775597,0.10354682658824582
2179,0.5091882810277211,0.3058037794712265,2.1959684775597,0.7383464470284865
2180,0.7066233793638469,1.0021167002166826,2.2024037425093486,0.11083942657226181
2181,0.5182101882932109,0.2917405457980623,2.2024037425093486,0.7378375910865342
2182,0.705573512546677,1.0027962886753332,2.2085118737304263,0.09791619247257026
2183,0.5281817213183345,0.27748420231147947,2.2085118737304263,0.7374588370088208
2184,0.7042779133254039,1.002813508133007,2.2131887154487657,0.09234811024835252
2185,0.5390116553126384,0.2630609620900709,2.2131887154487657,0.737202479153227
2186,0.7031065591619291,1.0029516367522278,2.2172082591581996,0.09688340286995448
2187,0.5506081366140528,0.2485006321204336,2.2172082591581996,0.7370607241930234
2188,0.7024770990515502,1.0041664481153005,2.221526227064253,0.1303721783769003
2189,0.5628802013329905,0.2338376608867199,2.221526227064253,0.7370257429441737
2190,0.7017925321279841,1.0052077122945369,2.2248775057114876,0.09903075481142093
2191,0.5757389676900503,0.21911260659347506,2.2248775057114876,0.7370897185559981
2192,0.7012340276124143,1.0063356055256403,2.227515735239577,0.12413836153581062
2193,0.5890985231211652,0.20437422115486747,2.227515735239577,0.7372448909378618
2194,0.7012527603210635,1.0085164193728093,2.2304154808783045,0.1645327893557333
2195,0.6028765419227549,0.189682445656224,2.2304154808783045,0.7374835973495929
2196,0.7011713365191877,1.0104813366981689,2.232297595690048,0.12236458284268402
2197,0.6169946761295675,0.17511276574741932,2.232297595690048,0.7377983091339957
2198,0.7012216914225722,1.0125006302633044,2.2334282237873224,0.156427868256746
2199,0.6313787634476138,0.1607625994632354,2.2334282237873224,0.7381816646154511
2200,0.7019139741310834,1.0155556894116615,2.234802237921047,0.19863283340786358
2201,0.6459588933796987,0.14676069035719194,2.234802237921047,0.7386264982289028
2202,0.7025046072035989,1.0183660340261778,2.235134960174112,0.1490620958009121
2203,0.6606693678472788,0.1332807880496278,2.235134960174112,0.739125865978293
2204,0.7032052229078968,1.0211905825242789,2.2346867982074654,0.19137534670015502
2205,0.6754485868768886,0.12056089796027722,2.2346867982074654,0.7396730673527938
2206,0.7046214929208442,1.0250285500353227,2.2344703366648657,0.2291434737922486
2207,0.690238884121732,0.10892804624621896,2.2344703366648657,0.7402616638530884
2208,0.7058853577207752,1.028585656363827,2.233202408686423,0.17622882376638913
2209,0.7049863316311903,0.09882326048051775,2.233202408686423,0.7408854942988067
2210,0.7072446407014074,1.0321191767894196,2.2311428238290794,0.21196617648389526
2211,0.7196405286146579,0.09080805732226203,2.2311428238290794,0.7415386871023183
2212,0.7084788871448856,1.0353827445891037,2.2280654515667795,0.15023475434649147
2213,0.7341543850543432,0.08551268612087178,2.2280654515667795,0.7422156697038986
2214,0.7088235746167642,1.0373761833716935,2.2229998300850404,0.10277892593740334
2215,0.7484839078843675,0.0834849422985597,2.2229998300850404,0.742911175369204
2216,0.7092379880101907,1.0394013210631785,2.217254454926923,0.1396315753503046
2217,0.7625879949951173,0.08497428010994812,2.217254454926923,0.7436202475525535
2218,0.7094865389737397,1.0412250644418513,2.2106290433495213,0.10889703589390361
2219,0.7764282404433382,0.08980805334796413,2.2106290433495213,0.7443382420291277
2220,0.7098433133584574,1.0430858363478153,2.203367241406738,0.13402955348317974
2221,0.7899687528469264,0.09748079416600046,2.203367241406738,0.7450608269963467
2222,0.7110948638694241,1.0459850527731218,2.196474160839939,0.17587440158093473
2223,0.8031759879228703,0.10736707376199293,2.196474160839939,0.7457839813398158
2224,0.7132299967555996,1.0498771521293693,2.1899249061942507,0.22089502314337262
2225,0.8160185954035118,0.1188901168919571,2.1899249061942507,0.74650399125269
2226,0.7162397497140742,1.0547169292359715,2.183696859745764,0.26439413763516945
2227,0.8284672800701774,0.13158906426565803,2.183696859745764,0.7472174453895265
2228,0.7200904974388647,1.0604714487595432,2.1777881965669357,0.30716967664133743
2229,0.8404946763174931,0.1451195485245325,2.1777881965669357,0.7479212287269389
2230,0.7247630908178732,1.067108726035785,2.1721985428690918,0.35107534602748725
2231,0.8520752354614952,0.15923032295844583,2.1721985428690918,0.7486125152939701
2232,0.7302680300278053,1.0745826589115677,2.1669083654671644,0.3898648668520415
2233,0.8631851248951493,0.17373801043223777,2.1669083654671644,0.7492887599252748
2234,0.7354467449062991,1.081672896431951,2.160801219490584,0.32724056223218695
2235,0.873802138149636,0.18850692249243903,2.160801219490584,0.7499476891801812
2236,0.7405724966186228,1.0885951673233727,2.154108506000728,0.3643133713140214
2237,0.8839056149188214,0.2034345551276076,2.154108506000728,0.7505872915606511
2238,0.7465695866279758,1.0963157832050716,2.147783905315086,0.4019250782861901
2239,0.8934763701329909,0.218441586720189,2.147783905315086,0.7512058071512114
2240,0.7522298946935561,1.1036446665418267,2.140765185475416,0.34001724573244085
2241,0.9024966312154685,0.23346506882088214,2.140765185475416,0.7518017167942345
2242,0.7578219291373498,1.1107901431271376,2.1332812085127317,0.37555364505598815
2243,0.9109499827144361,0.24845378593392062,2.1332812085127317,0.7523737309045386
2244,0.7642958519169363,1.1187026365346235,2.126267399936412,0.4125132170524903
2245,0.9188213175667219,0.2633650683151919,2.126267399936412,0.7529207780182872
2246,0.7704105235731806,1.1262260829425246,2.118716589157336,0.35111924859259086
2247,0.9260967943167726,0.27816257809472633,2.118716589157336,0.7534419931625739
2248,0.7764366895099574,1.1335568000991412,2.1108481803471957,0.38545323358043776
2249,0.9327637996799827,0.2928147519965457,2.1108481803471957,0.7539367061239878
2250,0.7833549049768816,1.1416122790370387,2.1035585057700956,0.4216641754322298
2251,0.9388109159034247,0.30729369171832294,2.1035585057700956,0.7544044296867932
2252,0.7898987021158952,1.1492723202819008,2.0958938245506915,0.35960357243357277
2253,0.9442278924378772,0.3215743632957898,2.0958938245506915,0.7548448479042249
2254,0.7963346785422091,1.1567259733500002,2.088070292224105,0.39370691758720744
2255,0.9490056214923669,0.3356340125088662,2.088070292224105,0.7552578044597227
2256,0.8036559764774787,1.164875128280697,2.0809696203269894,0.4291425037964776
2257,0.9531361170961012,0.349451733311214,2.0809696203269894,0.7556432911687321
2258,0.8105838345693568,1.172634952006709,2.0736845362983702,0.3675927265779414
2259,0.956612497342694,0.3630081460223277,2.0736845362983702,0.7560014366659498
2260,0.817383310463513,1.1801829322079376,2.0664211415481986,0.4010085919907143
2261,0.9594289695382018,0.37628515520811173,2.0664211415481986,0.7563324953175878
2262,0.8250617690489948,1.188385783414168,2.0600230988649573,0.43579716419381453
2263,0.9615808180179944,0.3892657660812131,2.0600230988649573,0.7566368363933357
2264,0.8323353665075373,1.1961713058862533,2.0535961846092494,0.3723768589525743
2265,0.9630643944382286,0.40193394433919055,2.0535961846092494,0.7569149335281762
2266,0.8394590087438494,1.2037333186374142,2.0473694292413396,0.40634632914787233
2267,0.9638771103861026,0.41427450856917775,2.0473694292413396,0.7571673545001001
2268,0.8474455469447977,1.2118944234489983,2.0421396911343477,0.4404856554332685
2269,0.964017432189543,0.42627304729482723,2.0421396911343477,0.7573947513459133
2270,0.8550044414221806,1.2196128274007565,2.0370411081679127,0.36885483914397243
2271,0.9634848778419564,0.4379158548277315,2.0370411081679127,0.7575978508338799
2272,0.8611396398423317,1.2261588841847315,2.0314928919617863,0.3019264436326125
2273,0.962280015991607,0.4385068941480444,2.0314928919617863,0.7577774453087134
2274,0.8659068193475825,1.2315861218185726,2.025588714171715,0.2452092090771355
2275,0.9604044669784957,0.4233605819410032,2.025588714171715,0.7579343839214988
2276,0.8693598008755427,1.2359511567778798,2.0194220192585868,0.19708730925009185
2277,0.9578609059347492,0.4082730674467089,2.0194220192585868,0.7580695642544356
2278,0.8718800778382343,1.2395521609117717,2.0132976062739374,0.16628652169044894
2279,0.9546530679979545,0.393309586427267,2.0132976062739374,0.7581839243478199
2280,0.8734492759303337,1.2424144245700681,2.007282157608925,0.141430440221991
2281,0.9507857557210104,0.37854289494390103,2.007282157608925,0.7582784351344083
2282,0.8738441648358634,1.244392444225231,2.0012770033599216,0.13945945932911147
2283,0.9462648487973861,0.3640542682324545,2.0012770033599216,0.7583540932842481
2284,0.8731164324040812,1.245542923631669,1.9953578259165572,0.1628006698908676
2285,0.9410973162576368,0.34993452100967604,1.9953578259165572,0.7584119144611199
2286,0.8716206254070306,1.2461113414195908,1.989763265545492,0.17766564176108285
2287,0.9352912313320781,0.33628496426207966,1.989763265545492,0.7584529269900163
2288,0.8702868160405841,1.2467475822169463,1.985109222466208,0.14530234867500735
2289,0.9288557892161233,0.32321816018003535,1.985109222466208,0.7584781659334572
2290,0.8686730354715289,1.2471525152697154,1.9811494284971576,0.19186716118346794
2291,0.9218013280193939,0.3108582665869306,1.9811494284971576,0.7584886675729697
2292,0.8672224456339199,1.2475953928132986,1.9781490793155818,0.137731769191865
2293,0.9141393532277394,0.29934067931073355,1.9781490793155818,0.7584854642907188
2294,0.8668738453969159,1.248638510453918,1.9766544316924508,0.10966560072227556
2295,0.9058825660591152,0.28881060046777085,1.9766544316924508,0.758469579845028
2296,0.8675518484880954,1.2501901871512315,1.9766133947067033,0.08590974510347665
2297,0.8970448961501609,0.2794201144033037,1.9766133947067033,0.7584420250324135
2298,0.8680797158505924,1.2516090140936804,1.9774533773517307,0.10232251613057469
2299,0.8876415390704636,0.2713233928111244,1.9774533773517307,0.7584037937277106
2300,0.868686677740727,1.2530306223686922,1.9793063682647987,0.07935965396344352
2301,0.8776889992258106,0.2646698400781956,1.9793063682647987,0.758355859292953
2302,0.8691632636850793,1.2543563804593338,1.9820778908126098,0.08833111734498278
2303,0.8672051387799212,0.2595953760408539,1.9820778908126098,0.7582991713448132
2304,0.8686159016437066,1.255123649591524,1.9853016293224939,0.1256934377665078
2305,0.8562092332953825,0.25621261462147404,1.9853016293224939,0.7582346528696545
2306,0.867154187147996,1.2554751143462657,1.9890838103037305,0.1739797020525528
2307,0.8447220348673913,0.2546012926373673,1.9890838103037305,0.7581631976745753
2308,0.8656738791657396,1.2557831798134722,1.9937656596126136,0.1301645058905937
2309,0.8327658435961316,0.25480067747459023,1.9937656596126136,0.7580856681622197
2310,0.8640765621543778,1.256083537478053,1.9993584538290772,0.18483928121894644
2311,0.820364588311591,0.25680557129310594,1.9993584538290772,0.7580028934166172
2312,0.862601549583651,1.2563632965063678,2.0058305818688624,0.12283311958602434
2313,0.8075439175231449,0.2605668428602033,2.0058305818688624,0.7579156675868648
2314,0.8620325381716367,1.256911639031499,2.013478853322912,0.06690738995905425
2315,0.7943313016076526,0.2659963607375627,2.013478853322912,0.7578247485550867
2316,0.861379338723404,1.2573983545127072,2.0219146412216453,0.11549184293276404
2317,0.7807561472634205,0.27297519585106655,2.0219146412216453,0.7577308568748075
2318,0.8599063402617181,1.2576141007275348,2.0308435517692445,0.1667578725151209
2319,0.7668499252282402,0.28136339859533116,2.0308435517692445,0.7576346749656248
2320,0.8576990420310883,1.2576443478422672,2.040290410389624,0.22028344710344142
2321,0.7526463121674247,0.2910096719457289,2.040290410389624,0.7575368465499185
2322,0.8556396267332969,1.2576763312443666,2.050456095017709,0.15552863852917612
2323,0.7381813474547566,0.30175971242818916,2.050456095017709,0.7574379763171954
2324,0.8543393050332744,1.2577633747235666,2.0614199530838873,0.09276758316474908
2325,0.7234936052590591,0.31346259819440636,2.0614199530838873,0.7573386298016443
2326,0.8529931598485684,1.2578284006090308,2.0729853887281497,0.14720087857074804
2327,0.7086243818638723,0.3259751326578355,2.0729853887281497,0.7572393334584772
2328,0.8510156081251153,1.257857441695083,2.0850097270396746,0.19958189722709865
2329,0.6936178974263665,0.33916439221529515,2.0850097270396746,0.7571405749246988
2330,0.8491658066412183,1.2578811225940898,2.097561534742003,0.13693122484943812
2331,0.6785215103475285,0.3529088767065666,2.097561534742003,0.7570428034500873
2332,0.8479670013770357,1.2578466245456439,2.110625402685028,0.07578635463607232
2333,0.6633859409857661,0.36709867602175705,2.110625402685028,0.7569464304843122
2334,0.847348122465307,1.2577045198047727,2.1241080152984555,0.023881541703897134
2335,0.6482654994917683,0.3816350083526857,2.1241080152984555,0.7568518304063746
2336,0.8467209290356364,1.2576256520582614,2.138016282958044,0.07403334786856501
2337,0.6332183099541646,0.3964294023880294,2.138016282958044,0.7567593413827987
2338,0.8461443210103151,1.2575190131393765,2.1522238594083563,0.015449671778856828
2339,0.6183065197035807,0.4114027148158143,2.1522238594083563,0.756669266341328
2340,0.8460236271427726,1.257197083332087,2.166582915579784,0.04481571429165855
2341,0.6035964784279642,0.42648410787158625,2.166582915579784,0.7565818740472321
2342,0.8459360787803335,1.2570043836320706,2.181261977432674,0.02032694552049896
2343,0.589158866660656,0.44161006206094905,2.181261977432674,0.7564974002697127
2344,0.8458902421039554,1.256797598626341,2.1960817636362453,0.04133644181112894
2345,0.5750687472793825,0.456723464806882,2.1960817636362453,0.7564160490263263
2346,0.8458496590742811,1.2566845217788392,2.211070403034242,0.02420185178700398
2347,0.561405507148204,0.47177279332738853,2.211070403034242,0.7563379938937936
2348,0.8455385186329702,1.2569842500531931,2.2263947226978704,0.0768444312900844
2349,0.5482526494756136,0.48671139622193915,2.2263947226978704,0.7562633793740312
2350,0.8452185096720761,1.257190673766505,2.241614413447207,0.02256097855668979
2351,0.5356973917695137,0.501496870290096,2.241614413447207,0.7561923223047564
2352,0.8449864250244463,1.2575392091588202,2.256893683648565,0.07431017011786534
2353,0.5238300208445893,0.5140135147260017,2.256893683648565,0.7561249133045287
2354,0.8447912702913596,1.2578373257838988,2.272007834396392,0.019400426748052604
2355,0.5127429570910601,0.505465000898998,2.272007834396392,0.7560612182426232
2356,0.8448475952529635,1.2577043096986742,2.2866169296750636,0.041469454934639535
2357,0.5025294874581585,0.4964719432971288,2.2866169296750636,0.7560012797246809
2358,0.8450614190950695,1.2570776484468416,2.3005960690910263,0.09654041537357505
2359,0.49328214271667337,0.4870435085752597,2.3005960690910263,0.7559451185856387
2360,0.8453359959189597,1.2566088420867483,2.3144353965976228,0.03916864882052482
2361,0.48509072134499653,0.47718939065307103,2.3144353965976228,0.755892735381993
2362,0.8456106646866509,1.2561009134965235,2.3279080201963787,0.09225837204039977
2363,0.478040000134513,0.4669198204481958,2.3279080201963787,0.755844111876028
2364,0.8460216726161587,1.255097225272666,2.340588874373354,0.14340354739787997
2365,0.47220721808487937,0.4562455787849761,2.340588874373354,0.755799212505184
2366,0.8465367464601682,1.2535892355201375,2.3524097206691708,0.19411569837849707
2367,0.46765946976840495,0.4451780133130609,2.3524097206691708,0.7557579858303146
2368,0.847088090272324,1.2522535858784711,2.3639066926332055,0.132341968662937
2369,0.4644511881722327,0.43372906049808724,2.3639066926332055,0.7557203659571249
2370,0.8476099538720463,1.250890526345446,2.374854577822514,0.1831457853129693
2371,0.46262192417438824,0.42191127404686346,2.374854577822514,0.7556862739256234
2372,0.8481845662887816,1.248989518913332,2.3847625053812282,0.2316223238036986
2373,0.46219463014086815,0.40973786152785824,2.3847625053812282,0.7556556190629643
2374,0.8488217227838035,1.2465760459135828,2.3936024765744905,0.2784116885778797
2375,0.46317462284282,0.3972227314810895,2.3936024765744905,0.755628300295556
2376,0.8494217716194765,1.2443059276674133,2.4019197860812964,0.2113849100798715
2377,0.465549337527333,0.3843805540317244,2.4019197860812964,0.7556042074168329
2378,0.8500353974628041,1.242077292144473,2.409596341525374,0.25935899250332833
2379,0.4692889003224451,0.37122683900358483,2.409596341525374,0.7555832223075613
2380,0.8506848680728248,1.239319337598447,2.4160660302608252,0.3051280960951425
2381,0.4743474561713802,0.3577780368805067,2.4160660302608252,0.755565220106027
2382,0.8513657226007799,1.236773930754772,2.42199108914697,0.23687701394480107
2383,0.4806651117277745,0.34405166984363506,2.42199108914697,0.7555500703258878
2384,0.8520591955876186,1.2350116332255328,2.4279010674954553,0.1742412661334457
2385,0.48817030102314346,0.3300665027560307,2.4279010674954553,0.7555376379199185
2386,0.8526647740473846,1.2331938199775545,2.432976700856245,0.22035351512168505
2387,0.4967823627987922,0.3158427677237723,2.432976700856245,0.7555277842882658
2388,0.8533160094376367,1.231569122781478,2.4374469182685785,0.1557443865620991
2389,0.5064141305135038,0.30140246126696535,2.4374469182685785,0.7555203682302242
2390,0.8539893479116918,1.2307083250566258,2.4418650872645635,0.09678466847805274
2391,0.5169743712248366,0.28676974099842123,2.4418650872645635,0.755515246838896
2392,0.8545991889895764,1.229781085280908,2.445405261558587,0.1503384678985172
2393,0.5283699569453342,0.2719714602892471,2.445405261558587,0.7555122763384526
2394,0.855127829028513,1.228177317130233,2.447438200522235,0.19917519924912577
2395,0.5405077013328139,0.2570378966573007,2.447438200522235,0.7555113128640026
2396,0.8555593450405754,1.2259045505586252,2.4479449253372967,0.24363048213501468
2397,0.5532958380276523,0.24200375561261922,2.4479449253372967,0.7555122131843873
2398,0.8560124845089094,1.2238165083272692,2.447777847240072,0.1790623686383324
2399,0.5666451504069399,0.22690957123563377,2.447777847240072,0.7555148353684817
2400,0.8564018445801036,1.221700357391512,2.446719222298617,0.2254264570486282
2401,0.5804697848814449,0.21180368529847773,2.446719222298617,0.755519039395822
2402,0.8568529607062655,1.2197932214844083,2.445009102037045,0.166985726031427
2403,0.5946877921466074,0.1967450795004803,2.445009102037045,0.7555246877126074
2404,0.8572548116202128,1.217863248629037,2.442413392338957,0.2112687982490314
2405,0.6092214451432375,0.18180747617441437,2.442413392338957,0.7555316457343236
2406,0.8574852295513243,1.2152111231287808,2.4381971028294513,0.2567437041975018
2407,0.6239973812968661,0.16708533003462234,2.4381971028294513,0.7555397822964129
2408,0.8577875325919946,1.2127887648596258,2.433354338321709,0.1966161434623248
2409,0.6389466120645216,0.1527026155202754,2.433354338321709,0.7555489700545754
2410,0.8580186731393881,1.2103434544890623,2.427637009245403,0.23965230906902893
2411,0.6540044366345354,0.13882562202059667,2.427637009245403,0.7555590858364207
2412,0.8580060507847949,1.2071360020654933,2.4202659843415755,0.28377065689378234
2413,0.6691102899981561,0.12568105055744974,2.4202659843415755,0.7555700109463136
2414,0.8580404234633946,1.204156519291052,2.412298114701951,0.21632014382996428
2415,0.6842075492915605,0.1135797225968479,2.412298114701951,0.7555816314253527
2416,0.8583250625164368,1.2021640856843345,2.4045689853900694,0.1520199930682227
2417,0.6992433166979211,0.10294198541245851,2.4045689853900694,0.7555938382685046
2418,0.8588951762458615,1.201154887439443,2.397100813419334,0.10239268878348522
2419,0.714168192466046,0.09430946837646607,2.397100813419334,0.7556065276009873
2420,0.8593678365184724,1.2000705500849362,2.3887937802083954,0.14049492813575848
2421,0.728936047758033,0.0883078667410472,2.3887937802083954,0.7556196008160321
2422,0.8599231323712304,1.19917501452327,2.379937141364573,0.0874168436800599
2423,0.743503804011969,0.08551665658767152,2.379937141364573,0.7556329646762112
2424,0.8604020115673103,1.1982133609940844,2.3702935671549894,0.12948244256882155
2425,0.7578312231861963,0.08625853272228146,2.3702935671549894,0.7556465313805182
2426,0.8610443816154109,1.197477806605281,2.360176846921356,0.09102526521831751
2427,0.7718807115175857,0.09044416311658868,2.360176846921356,0.755660218599411
2428,0.8615740167566721,1.1966495178904222,2.3493028408224794,0.12524844095564436
2429,0.7856171381614077,0.09761790200677702,2.3493028408224794,0.7556739494800186
2430,0.8616204044466458,1.1948617763577711,2.336773800725463,0.17085464394921013
2431,0.799007669182119,0.10715852047269836,2.336773800725463,0.7556876526236954
2432,0.8611821526208818,1.192140264465194,2.3226473510745937,0.21373493326759943
2433,0.8120216167461872,0.11846562861372252,2.3226473510745937,0.7557012620380906
2434,0.860861495085229,1.1896621523056576,2.3081960517117017,0.15210544239212961
2435,0.8246303029597603,0.1310473803426769,2.3081960517117017,0.7557147170658625
2436,0.8611016183611198,1.188329962427734,2.2944149451230764,0.09758830908259426
2437,0.8368069375400069,0.14453172533437658,2.2944149451230764,0.7557279622921231
2438,0.8618826544965703,1.1881019333903622,2.281302201279759,0.07391727775208215
2439,0.8485265083663258,0.15864597362640276,2.281302201279759,0.7557409474326507
2440,0.8626156983637477,1.187798622419596,2.2676501183400504,0.10220182681959791
2441,0.8597656838936318,0.17319110747761168,2.2676501183400504,0.755753627204858
2442,0.8627773355931788,1.1864731704746463,2.2525081568233816,0.1367684342827735
2443,0.8705027264001483,0.1880202866495639,2.2525081568233816,0.7557659611834356
2444,0.8623521762190763,1.184146780476121,2.235948548085206,0.17947033667258666
2445,0.8807174150684932,0.20302309126411855,2.235948548085206,0.7557779136425204
2446,0.8620781778120749,1.1820544148536523,2.2192971388211347,0.13385552044744276
2447,0.8903909779482607,0.21811455610094774,2.2192971388211347,0.7557894533861803
2448,0.8617330578696134,1.1799265729452992,2.2023399499212966,0.17029468680272902
2449,0.8995060319113914,0.2332276758740874,2.2023399499212966,0.7558005535689228
2450,0.860752747055946,1.1767994914359508,2.1841258093875004,0.2131479578575028
2451,0.9080465297818296,0.24830829169512467,2.1841258093875004,0.7558111915078529
2452,0.8599523887020402,1.1739354215016204,2.1659978751825557,0.16242272753038128
2453,0.915997713893752,0.26331157966986174,2.1659978751825557,0.7558213484880419
2454,0.8591111660874774,1.1710680178456623,2.147751293608294,0.20126929709665564
2455,0.9233460754050389,0.2781996143387072,2.147751293608294,0.7558310095625672
2456,0.8576208609389797,1.1672156997538514,2.128431766428165,0.24420627580254525
2457,0.9300793187627109,0.29293965715362463,2.128431766428165,0.7558401633486228
2458,0.8563119562533257,1.163644940613487,2.1093862391308877,0.1900871535501387
2459,0.9361863307836429,0.3075029388066104,2.1093862391308877,0.7558488018209917
2460,0.8549688977844943,1.160094304812622,2.090418852494729,0.22938097091196952
2461,0.9416571538763975,0.3218637819347665,2.090418852494729,0.755856920104109
2462,0.852956128092621,1.1555724737190796,2.0705767288425703,0.27170497771456836
2463,0.9464829629882895,0.3359989614135183,2.0705767288425703,0.7558645162638487
2464,0.8511686749858463,1.1513611016752396,2.0512071189556056,0.21556526806648452
2465,0.9506560459158312,0.34988723263220345,2.0512071189556056,0.7558715911000883
2466,0.8493696065576553,1.1471957671294344,2.032119439443417,0.25495045186555204
2467,0.9541697866667537,0.36350898004421334,2.032119439443417,0.7558781479410255
2468,0.8468867832155552,1.1420743321873248,2.0123619984133683,0.2965245334896057
2469,0.9570186516081641,0.37684595288398487,2.0123619984133683,0.7558841924401296
2470,0.8446298710020965,1.1372806473501964,1.9932788652505566,0.23790704301626417
2471,0.9591981781784792,0.3898810647891186,1.9932788652505566,0.7558897323765543
2472,0.8423566105072565,1.132554669057776,1.9746862412748232,0.27629709500065813
2473,0.9607049659810168,0.40259824078494194,1.9746862412748232,0.7558947774597287
2474,0.8393698105138652,1.1268897791907195,1.9556348195541393,0.3222190849218657
2475,0.9615366701149619,0.41498229972888656,1.9556348195541393,0.7558993391387984
2476,0.8356903117409272,1.1203228744714075,1.936222547928906,0.35953349728705886
2477,0.9616919966353245,0.4270188635541359,1.936222547928906,0.7559034304175009
2478,0.8322925489623908,1.1141425062310606,1.917775383476651,0.29032129297248843
2479,0.9611707000679406,0.43869428694321777,1.917775383476651,0.7559070656749881
2480,0.8298950851401635,1.1093467839394995,1.9013400539469445,0.2353192515786715
2481,0.9599735829389691,0.43555270299146637,1.9013400539469445,0.7559102604930468
2482,0.8275034401912796,1.1046343620355636,1.88569220653101,0.2713760818345387
2483,0.9581024973111941,0.4204498505448268,1.88569220653101,0.7559130314901015
2484,0.8243725002777837,1.0989886214306717,1.8698765875645946,0.31314116796323455
2485,0.9555603483521833,0.40541671881976366,1.8698765875645946,0.7559153961623222
2486,0.820491176951576,1.0924495533684686,1.8539898362371656,0.3508872776640961
2487,0.9523510999924482,0.3905195144340662,1.8539898362371656,0.7559173727320986
2488,0.8169432995742674,1.0862857920544622,1.8392981622771682,0.28443176914572543
2489,0.9484797827656472,0.37583211319237114,1.8392981622771682,0.7559189800040841
2490,0.8144968280919771,1.08149349919426,1.8268246279108762,0.2222225305003305
2491,0.943952503958034,0.36143705996161074,1.8268246279108762,0.7559202372289775
2492,0.8131308030992841,1.0780126238508454,1.816548764762568,0.17220310019189164
2493,0.938776460231232,0.34742657754714257,1.816548764762568,0.7559211639751284
2494,0.8117076918429184,1.074578028763483,1.8072960967255534,0.2044844619253746
2495,0.9329599529214878,0.3339034920543887,1.8072960967255534,0.7559217800080411
2496,0.810503820726657,1.071394072749283,1.7992753975096558,0.15945903722435775
2497,0.9265124062602578,0.3209819263814626,1.7992753975096558,0.7559221051777808
2498,0.8092630582212105,1.0682327760670196,1.7923021150975254,0.19996131690829452
2499,0.9194443888057806,0.30878754119735313,1.7923021150975254,0.7559221593142649
2500,0.8070822145529731,1.0641265517989247,1.7854631397001866,0.2275450903516104
2501,0.9117676384235901,0.29745701975539546,1.7854631397001866,0.7559219621303706
2502,0.8051336896450592,1.0602971405371753,1.7799387934295894,0.1755719413944108
2503,0.90349509120608,0.28713641650476945,1.7799387934295894,0.7559215331327684
2504,0.8031636014224759,1.0565262816826544,1.7755346662397136,0.22256103994914425
2505,0.8946409147775504,0.27797795450488616,1.7755346662397136,0.7559208915403492
2506,0.8002435043450149,1.0518712196564024,1.7713414093119644,0.2526128089169985
2507,0.8852205464917561,0.2701349172335127,1.7713414093119644,0.7559200562100916
2508,0.7964138671860729,1.0463669092132992,1.7673777610689312,0.2910797621608597
2509,0.8752507370937823,0.2637544991763195,1.7673777610689312,0.7559190455701864
2510,0.7928711168005994,1.0412057702094584,1.7647825124594299,0.22714229107125072
2511,0.8647496004866883,0.2589688952216924,1.7647825124594299,0.7559178775602229
2512,0.7905838460193281,1.0372492317895825,1.7643759532810306,0.1852526053676257
2513,0.8537366703149462,0.2558854829230268,1.7643759532810306,0.7559165695781962
2514,0.7882925637950509,1.0333606765875958,1.7650495312700716,0.21123227714616674
2515,0.8422329641497367,0.2545775235403199,1.7650495312700716,0.7559151384341186
2516,0.7862527975972069,1.0296973887268064,1.7669261714395095,0.1735579100001427
2517,0.8302610561331976,0.2550771134241513,1.7669261714395095,0.7559136003099548
2518,0.7841985547133508,1.0260814666867113,1.7698082459203845,0.20104913001250294
2519,0.8178451590060305,0.25737191226167033,1.7698082459203845,0.7559119707256329
2520,0.7811341087140176,1.0216882203845885,1.772850734153143,0.2378504988456879
2521,0.8050112164999159,0.2614064141736891,1.772850734153143,0.7559102645108391
2522,0.7770883290204545,1.0165940318702198,1.7760777874928937,0.2728463388453972
2523,0.7917870071150304,0.2670874599178799,1.7760777874928937,0.7559084957823171
2524,0.7733586472973846,1.0117531252986542,1.7803771182435961,0.2150162608408194
2525,0.7782022603123661,0.2742927437766514,1.7803771182435961,0.7559066779263742
2526,0.7696734116604999,1.0070393253813479,1.785582944799817,0.2545096703693401
2527,0.764288786115005,0.2828806030592907,1.785582944799817,0.7559048235863041
2528,0.7650300715787413,1.0016655938564738,1.7908579180635644,0.29222001883144927
2529,0.750080619010692,0.29269947743510033,1.7908579180635644,0.7559029446544185
2530,0.7607131741260134,0.9965894312783163,1.7971031138917792,0.2352379281499859
2531,0.7356141768514347,0.30359591344685266,1.7971031138917792,0.7559010522683929
2532,0.7564663070770576,0.9916697851249034,1.8041252883232772,0.2749178267707066
2533,0.7209284351164815,0.31542059019706736,1.8041252883232772,0.7558991568116252
2534,0.7512791924474879,0.9862238458287359,1.8111724866062298,0.3071711719864931
2535,0.7060651163934812,0.3280323401879286,1.8111724866062298,0.7558972679173099
2536,0.7464435385292352,0.9810721310710124,1.819022071696461,0.24471524961609045
2537,0.6910688941757452,0.3413004447064903,1.819022071696461,0.7558953944759338
2538,0.742958756257937,0.9768784784294477,1.8283066371010013,0.18837155152626875
2539,0.675987608992466,0.35510560722689105,1.8283066371010013,0.7558935446459046
2540,0.7407708996008011,0.9735418703500723,1.8388797416433547,0.14665885174669474
2541,0.6608724933880826,0.36934000846687776,1.8388797416433547,0.7558917258670287
2542,0.7398306482158745,0.9710149899118897,1.8506429062775682,0.12687959897571097
2543,0.6457784002360115,0.38390678339363593,1.8506429062775682,0.7558899448765591
2544,0.7400775965727733,0.9691822750409083,1.8634266063488545,0.14329354654592913
2545,0.6307640261898815,0.39871917736703644,1.8634266063488545,0.7558882077275512
2546,0.740236954689307,0.9673943528097099,1.876482397630984,0.1185857293737854
2547,0.6158921186233128,0.4136995602607484,1.876482397630984,0.7558865198092534
2548,0.7393122977743748,0.9651216414196019,1.8891871761261476,0.12773570161002734
2549,0.6012296500922215,0.42877841398420025,1.8891871761261476,0.7558848858692971
2550,0.7373491064991952,0.9624173436638065,1.9015329355018586,0.15674887000523038
2551,0.586847939137693,0.44389336212208663,1.9015329355018586,0.7558833100374303
2552,0.7343885550185716,0.9593229243225474,1.9135025801503103,0.18135918161991685
2553,0.5728226902159934,0.4589882783070405,1.9135025801503103,0.7558817958505684
2554,0.7304739169866484,0.9558904042991283,1.92509183494493,0.22039483018302766
2555,0.5592339189746693,0.4740124891333073,1.92509183494493,0.7558803462789425
2556,0.7256581764701792,0.9521980804880376,1.9363248023598598,0.2703902041820543
2557,0.5461657225647715,0.48892007469777754,1.9363248023598598,0.7558789637531307
2558,0.7199741628071593,0.9482699781695634,1.9471746329382214,0.30068354144489967
2559,0.5337058491677511,0.5036692626087627,1.9471746329382214,0.7558776501917757
2560,0.7146183654011541,0.9445174311766221,1.9580553499382687,0.2382605899940507
2561,0.521945017892368,0.5132545678511164,1.9580553499382687,0.7558764070298044
2562,0.7104710442291382,0.9411302099490587,1.9691535963001463,0.1955508873947274
2563,0.5109759416411208,0.5046441029623214,1.9691535963001463,0.7558752352469589
2564,0.7063797653638058,0.9378464010810739,1.9801078043910745,0.22659227680613062
2565,0.5008920138104671,0.49558982471322804,1.9801078043910745,0.7558741353964931
2566,0.7014336970230658,0.934442267631104,1.9906108875987008,0.26087593550064364
2567,0.4917856371278062,0.48610100822190905,1.9906108875987008,0.7558731076338657
2568,0.6967589374120133,0.9311439110372312,2.000900976723779,0.2176778540317947
2569,0.4837462012148018,0.47618745489014064,2.000900976723779,0.755872151745293
2570,0.6921739467856061,0.9279875871732011,2.010964263654126,0.2443526030880672
2571,0.4768577546351271,0.46585950255889824,2.010964263654126,0.7558712671760311
2572,0.6878211142551203,0.9248813678684233,2.020680766490536,0.20238472776118213
2573,0.47119646458196124,0.4551280389348971,2.020680766490536,0.755870453058265
2574,0.6835580531028524,0.9219346047203757,2.030113472598867,0.2301092117504723
2575,0.4668280069231052,0.44400451914760247,2.030113472598867,0.7558697082384945
2576,0.6795350294430106,0.9190705588296114,2.0391597297221202,0.17860869286120692
2577,0.463805071739563,0.43250098853206226,2.0391597297221202,0.7558690313043219
2578,0.6755723701844824,0.9163246332663363,2.047813664066501,0.22315643604197596
2579,0.4621651937421933,0.4206301120438479,2.047813664066501,0.7558684206105479
2580,0.6708335982635145,0.9136441278452121,2.0559672424479793,0.26104479741295195
2581,0.4619291132192502,0.408405212125417,2.0559672424479793,0.7558678743045002
2582,0.6653530329493481,0.9110468496637134,2.0636197866879056,0.2980773037277889
2583,0.4630998364520437,0.39584031739671205,2.0636197866879056,0.7558673903505236
2584,0.6591723809798455,0.9085649001617339,2.070785915892768,0.3416185954590803
2585,0.46566249747538757,0.3829502252911643,2.070785915892768,0.7558669665535758
2586,0.6523453372703384,0.9062502789048891,2.077501118794508,0.38059832911681335
2587,0.4695850364742747,0.3697505827796736,2.077501118794508,0.7558666005818706
2588,0.6448981219733803,0.9041097754131353,2.0837565731933143,0.42054661299312707
2589,0.4748196205185669,0.35625799073305425,2.0837565731933143,0.7558662899885348
2590,0.636893005317297,0.9022081476654225,2.089602302090296,0.4519028661245947
2591,0.4813046571668869,0.3424901394341876,2.089602302090296,0.7558660322322354
2592,0.6292556021286994,0.9003707184256515,2.0948704196626693,0.38547075264766356
2593,0.48896720387020487,0.32846598551145245,2.0948704196626693,0.7558658246967607
2594,0.6218596699317993,0.8987184601717038,2.0996614594262666,0.4209820955600981
2595,0.4977255615422718,0.31420598449462267,2.0996614594262666,0.7558656647095232
2596,0.6139741508908334,0.8973985344983589,2.1040944958457755,0.4570979781124431
2597,0.5074918564657467,0.29973239885383174,2.1040944958457755,0.755865549558982
2598,0.6064568377798552,0.8961267546358849,2.1078920866339157,0.3924330899972332
2599,0.5181744522725009,0.285069709629788,2.1078920866339157,0.7558654765109744
2600,0.5991962947636533,0.8950390962759732,2.111175253414632,0.42637783034711313
2601,0.5296800820737285,0.27024517192678577,2.111175253414632,0.7558654428239524
2602,0.5915017937701641,0.8943458087513394,2.1141349652877612,0.46094602887949515
2603,0.5419156397899139,0.25528957268878466,2.1141349652877612,0.7558654457631354
2604,0.5841794135345106,0.8936866705311814,2.1164168627148925,0.39692542734035674
2605,0.5547896121123381,0.2402382765547494,2.1164168627148925,0.755865482613587
2606,0.5771317662676481,0.8932092821297131,2.118159054287652,0.4297888703688569
2607,0.568213164569562,0.22513268726642582,2.118159054287652,0.7558655506922246
2608,0.5697131428974307,0.8931865781582431,2.1196241175070694,0.4639296667680569
2609,0.5821009161188803,0.2100223159322796,2.1196241175070694,0.7558656473587891
2610,0.562648763384108,0.8931558256585315,2.1203538527033343,0.4008861627532909
2611,0.5963714477759086,0.19496774520812138,2.1203538527033343,0.7558657700257922
2612,0.5558722079536488,0.8932953044414944,2.1205225118391176,0.4330856761874044
2613,0.6109475942523875,0.18004492645917583,2.1205225118391176,0.7558659161674699
2614,0.5488363069154842,0.8939926708215733,2.1205162321532263,0.46634042021303945
2615,0.6257565658022471,0.16535146341399132,2.1205162321532263,0.7558660833277655
2616,0.5421472324382519,0.8946509397666746,2.119741276525377,0.40354521859509096
2617,0.6407299426083952,0.15101582560721724,2.119741276525377,0.7558662691273802
2618,0.5358359328202856,0.8955383156844398,2.1184670442613096,0.4307797950697886
2619,0.6558035777226288,0.1372107347914995,2.1184670442613096,0.7558664712699268
2620,0.5297901391610478,0.89631622761357,2.1163573658579686,0.3694928673191376
2621,0.6709174379345029,0.12417198019054003,2.1163573658579686,0.7558666875472112
2622,0.5240456274888263,0.8972513869070988,2.1136835897393493,0.3993467695419494
2623,0.6860154056902728,0.112222688306397,2.1136835897393493,0.7558669158436908
2624,0.5186461883544744,0.8981644526491791,2.1102708099292835,0.3300052399979061
2625,0.7010450596766189,0.10179819524508747,2.1102708099292835,0.7558671541401446
2626,0.5139107924703689,0.8984561045002034,2.105516710116524,0.2684717420457325
2627,0.715957447064933,0.09345407848015758,2.105516710116524,0.7558674005165926
2628,0.5097414823484109,0.8980845818584123,2.0993812796193163,0.2151861564497609
2629,0.7307068566784648,0.08781952311681765,2.0993812796193163,0.7558676531545072
2630,0.5059902197691786,0.8969698041739054,2.091788048512635,0.18315972016887758
2631,0.7452505994171658,0.08545420361089438,2.091788048512635,0.7558679103383622
2632,0.5023984178464027,0.8960125123126825,2.0836630328564825,0.1989146967866879
2633,0.759548800039608,0.0866349891152194,2.0836630328564825,0.7558681704565502
2634,0.4988566515009275,0.8949257096274279,2.07473381352198,0.17714146407683073
2635,0.7735642027359775,0.09122021210579774,2.07473381352198,0.7558684320017212
2636,0.49551887856481125,0.894032774399925,2.065342202488603,0.18654334039086054
2637,0.7872619917159293,0.09872160624210863,2.065342202488603,0.7558686935705763
2638,0.4921040391622562,0.8939763875423596,2.0561773070765854,0.2210547556652422
2639,0.8006096271791722,0.1085121886919799,2.0561773070765854,0.7558689538631626
2640,0.48874980669127643,0.8948152890244047,2.0473217077955335,0.24870454107682657
2641,0.8135766964506889,0.12000218469832148,2.0473217077955335,0.755869211681703
2642,0.4855586550032036,0.8955409871167792,2.0377633755455995,0.2081925694176377
2643,0.8261347796782128,0.13271487899788378,2.0377633755455995,0.7558694659290098
2644,0.4824790876043607,0.8963277862287083,2.027707860084856,0.22828599635200025
2645,0.8382573292532396,0.1462917895625816,2.027707860084856,0.7558697156065137
2646,0.47943692779719743,0.8969370975890638,2.0169404307284076,0.19280985345317073
2647,0.8499195619868771,0.16047060094997972,2.0169404307284076,0.7558699598119486
2648,0.47658621704384585,0.8976638061370538,2.0057848995830985,0.21711835705572205
2649,0.8610983630167832,0.1750597243946426,2.0057848995830985,0.7558701977367285
2650,0.4738520919091566,0.8992940945010117,1.9950879104991903,0.24907828533145768
2651,0.8717722004177741,0.1899175130471109,1.9950879104991903,0.7558704286630552
2652,0.47116053506743694,0.900731196708696,1.9837558491119847,0.21290575107310938
2653,0.881921049519102,0.2049371649830576,1.9837558491119847,0.7558706519607864
2654,0.4686285039641969,0.9022411334255629,1.9720906229411566,0.23724302888513998
2655,0.8915263259833783,0.22003625336649135,1.9720906229411566,0.7558708670841
2656,0.4663908677388285,0.9047152938981117,1.9610426044082045,0.2694744280724641
2657,0.9005708267667109,0.23514957640725917,1.9610426044082045,0.7558710735679877
2658,0.46420531718536395,0.906977987379069,1.949448818961128,0.22745308411262158
2659,0.90903867815056,0.2502242764724027,1.949448818961128,0.7558712710246037
2660,0.46219742602062763,0.909292029664159,1.937613107494339,0.254783624236638
2661,0.9169152901088601,0.2652164844968653,1.937613107494339,0.7558714591395005
2662,0.46057647537374835,0.9125753943661945,1.9265150133497735,0.2888219070732811
2663,0.9241873163462148,0.28008898808783883,1.9265150133497735,0.7558716376677783
2664,0.4589836560814332,0.9156143515912675,1.9149632224281783,0.24290903224619656
2665,0.9308426194127197,0.2948095909032614,1.9149632224281783,0.7558718064301729
2666,0.45757223370249944,0.9186771966391813,1.9032711745056108,0.27228252829432675
2667,0.936870240367102,0.3093499435511669,1.9032711745056108,0.7558719653091056
2668,0.4566420782349906,0.922710475326936,1.8924477108800906,0.30719814246202337
2669,0.9422603725218924,0.32368469998427457,1.8924477108800906,0.7558721142447192
2670,0.45572042103614013,0.9264713700403445,1.8812827364618396,0.2580986199819032
2671,0.947004338862083,0.33779090146200846,1.8812827364618396,0.7558722532309213
2672,0.454971010135914,0.9302258607602277,1.870091861371245,0.2891041434443432
2673,0.9510945727822444,0.35164752166713753,1.870091861371245,0.755872382311446
2674,0.4547882175909582,0.9349453615191295,1.859908340160645,0.32449150519453696
2675,0.9545246018366393,0.36523512738693514,1.859908340160645,0.7558725015759683
2676,0.45458661939904893,0.9393657433477886,1.8495104931859077,0.27311811223359234
2677,0.9572890342427756,0.37853562307140104,1.8495104931859077,0.7558726111562685
2678,0.45459634015565614,0.9437630961130383,1.8392256411423078,0.3032973685541408
2679,0.9593835479215468,0.3915320569705644,1.8392256411423078,0.7558727112224749
2680,0.45525781617627004,0.9491148390504291,1.8300938229441206,0.33979555808276113
2681,0.9608048818969904,0.4042084729700103,1.8300938229441206,0.7558728019793933
2682,0.45593945029184313,0.9541524817401322,1.8208951408604652,0.2744215636543614
2683,0.9615508299162605,0.4165497966818865,1.8208951408604652,0.7558728836629311
2684,0.45602910309681577,0.95787631418786,1.810685674020759,0.22025455231534455
2685,0.9616202361860827,0.4285417474541204,1.810685674020759,0.7558729565366364
2686,0.45627363073410987,0.9615798670464805,1.800819334011529,0.25578644077325335
2687,0.9610129931562301,0.4401707701583052,1.800819334011529,0.7558730208883494
2688,0.4572511920621482,0.9662653842507385,1.7923568758145128,0.299926987344358
2689,0.9597300413138556,0.4335712924386301,1.7923568758145128,0.7558730770269863
2690,0.4590220585156266,0.971898114128003,1.785318483097358,0.3387513186743966
2691,0.9577733709853252,0.4184747735648747,1.785318483097358,0.7558731252794485
2692,0.4615513474484879,0.9784401950801662,1.7797218829388697,0.3724631536176448
2693,0.955146026174952,0.40345622075586385,1.7797218829388697,0.7558731659876764
2694,0.4648703800071715,0.9858584749658537,1.7755882489110408,0.41463695895434666
2695,0.9518521105031945,0.3885827824490708,1.7755882489110408,0.7558731995058428
2696,0.4690173819111905,0.9892773857652124,1.7729352768874835,0.4438883806600264
2697,0.9478967953409161,0.3739294037947502,1.7729352768874835,0.7558732261976934
2698,0.472978473328952,0.9894062008995523,1.7705367346879755,0.38306999258388713
2699,0.9432863302716445,0.35957983127807824,1.7705367346879755,0.7558732464340358
2700,0.4770376822530649,0.9897339945644098,1.7686813452949859,0.4098503078906699
2701,0.9380280560509141,0.3456276168241081,1.7686813452949859,0.755873260590379
2702,0.4808629728890655,0.9899535831763401,1.7672051250577812,0.3460956034910959
2703,0.9321304202711449,0.33217702254329645,1.7672051250577812,0.7558732690447224
2704,0.4847413194206834,0.9903126417910356,1.7663861167150645,0.38740088859117705
2705,0.9256029959825942,0.3193436692329638,1.7663861167150645,0.7558732721754957
2706,0.489522332136788,0.9912867440161917,1.7672758721520254,0.4256727177859946
2707,0.9184565035661421,0.3072546975609212,1.7672758721520254,0.7558732703596495
2708,0.49521407681377366,0.9929248828553228,1.7698693582095866,0.451318752526588
2709,0.9107028362024435,0.29604812743061665,1.7698693582095866,0.7558732639708948
2710,0.5006417369330212,0.9944749915590263,1.7729465929091262,0.39099046527762266
2711,0.9023550893346757,0.2858710276644502,1.7729465929091262,0.7558732533780848
2712,0.5060518424477143,0.996129815924722,1.776769908665207,0.4175631793905006
2713,0.8934275945789626,0.2768760822319965,1.776769908665207,0.7558732389437444
2714,0.5111952958354284,0.9976968243093494,1.7811425038068276,0.35099533025011986
2715,0.8839359585977106,0.26921621700908,1.7811425038068276,0.7558732210227356
2716,0.5150907765780655,0.9984523980355341,1.7851359047114008,0.2964389993595266
2717,0.8738971075164161,0.26303719437743417,1.7851359047114008,0.7558731999610627
2718,0.5186168189603139,0.999055246638253,1.78960495923782,0.295343155179472
2719,0.8633293375335719,0.2584685236882481,1.78960495923782,0.7558731760948084
2720,0.521595694684453,0.9993181843805758,1.7944450201410498,0.24772842847691998
2721,0.8522523724451677,0.25561362116540914,1.7944450201410498,0.7558731497491961
2722,0.5239486775351699,0.999176255759136,1.799587092510168,0.234033667968531
2723,0.8406874288783575,0.25454070605292006,1.799587092510168,0.7558731212377762
2724,0.5264198242992549,0.9991828288435448,1.8057527389143306,0.23202419583628162
2725,0.8286572901005277,0.2552761701475341,1.8057527389143306,0.7558730908617317
2726,0.5283643333612937,0.9988159984740151,1.8123449581833289,0.19107879287417853
2727,0.8161863893363416,0.25780187686310124,1.8123449581833289,0.7558730589092955
2728,0.5291188397022456,0.9975600756624218,1.8187157493058017,0.16726839137110278
2729,0.8033009035805313,0.2620570255247001,1.8187157493058017,0.7558730256552727
2730,0.5287207479230007,0.9953964655009123,1.8249148719203951,0.1829857349719818
2731,0.7900288589299479,0.2679441395540183,1.8249148719203951,0.755872991360669
2732,0.5280809978360025,0.9931124657455834,1.8317150072877266,0.15993976746512012
2733,0.7764002484629564,0.2753378395570573,1.8317150072877266,0.7558729562724102
2734,0.5275172390598316,0.9909509295129633,1.839398862110173,0.15381985176435084
2735,0.7624471636514458,0.28409467214488066,1.839398862110173,0.7558729206231568
2736,0.5262285993915541,0.9882199927600892,1.8472252867387955,0.1763107192908913
2737,0.7482039401784303,0.2940624293066414,1.8472252867387955,0.7558728846312005
2738,0.5238618758885669,0.984560497957036,1.8548794873659569,0.20665091318460432
2739,0.7337073188227362,0.3050879114771739,1.8548794873659569,0.7558728485004401
2740,0.5204549475897985,0.9800098427882761,1.862343861175166,0.2506026838137784
2741,0.7189966217223199,0.3170226842632791,1.862343861175166,0.7558728124204291
2742,0.5160474581458051,0.9745846338977664,1.8696178284658498,0.29079182079012944
2743,0.7041139437882753,0.3297268540333324,1.8696178284658498,0.7558727765664958
2744,0.5107098923143589,0.9682632293305793,1.876770644634948,0.3357259247314001
2745,0.6891043582474252,0.3430711671323729,1.876770644634948,0.7558727410999193
2746,0.5044731219770978,0.961092183814952,1.8837606416721464,0.38005716886759133
2747,0.6740161341616209,0.3569378417631422,1.8837606416721464,0.755872706168166
2748,0.4973981503237874,0.9530784943457385,1.8906164383587774,0.421673817666375
2749,0.658900962208893,0.3712205303078637,1.8906164383587774,0.7558726719051748
2750,0.48954035201171797,0.9442424694875202,1.8973460038084353,0.4650002117064138
2751,0.6438141829030403,0.3858237419238321,1.8973460038084353,0.7558726384316914
2752,0.4812348374278858,0.9349093859528557,1.9041705604751238,0.4766996285887952
2753,0.6288150086526403,0.40066197175714424,1.9041705604751238,0.755872605855641
2754,0.47258906631202974,0.9251593032182298,1.9111365280178527,0.5047711997249977
2755,0.6139667275005208,0.41565870638973895,1.9111365280178527,0.755872574272538
2756,0.4634097579811268,0.9147314133738591,1.918059975395881,0.5438260362716293
2757,0.5993368719509456,0.4307454139234269,1.918059975395881,0.7558725437659255
2758,0.45367808627652556,0.9035442321816047,1.9248903496434189,0.5804834546335508
2759,0.5849973309617867,0.4458605824719965,1.9248903496434189,0.7558725144078453
2760,0.4439009763912843,0.8921889733059629,1.9319412255578086,0.5655984663548719
2761,0.5710243770566331,0.4609488404000267,1.9319412255578086,0.7558724862593276
2762,0.43483474753618095,0.8815632847526655,1.9397287682144275,0.5124201856096441
2763,0.5574985739088583,0.47596017206575914,1.9397287682144275,0.7558724593708991
2764,0.4259713774868818,0.8709987508545708,1.947852370476408,0.5471035171174663
2765,0.5445045232873784,0.49084923095099386,1.947852370476408,0.7558724337831079
2766,0.4175747398372145,0.8609382144013613,1.9564072648704471,0.473236250949825
2767,0.5321304049706733,0.5055747453720703,1.9564072648704471,0.755872409527058
2768,0.41038398547390303,0.8523767290221037,1.9658872249192128,0.4003786594909215
2769,0.5204672606699815,0.5121686138397662,1.9658872249192128,0.7558723866249499
2770,0.4042950239185729,0.8452579549075245,1.9761645139313044,0.33323205730127786
2771,0.5096079751939095,0.5034999558760639,1.9761645139313044,0.755872365090628
2772,0.3984642398546239,0.8382901428869322,1.9866511731157386,0.3694482217383432
2773,0.49964591741562653,0.4943886515604309,1.9866511731157386,0.7558723449301266
2774,0.39294917857660006,0.8316961291546757,1.9972879748046075,0.3043607590418127
2775,0.4906732223808344,0.48484404458377495,1.9972879748046075,0.7558723261422178
2776,0.38834938894578813,0.8264641510989933,2.008418570259733,0.24524908130660492
2777,0.4827787256400047,0.4748760060407576,2.008418570259733,0.7558723087189513
2778,0.383937962731561,0.8213193958838217,2.0195668386613392,0.27868777087643587
2779,0.4760456013444508,0.4644949449691275,2.0195668386613392,0.7558722926461898
2780,0.37978058439907003,0.8164840633874151,2.0306909660653187,0.21526547812840555
2781,0.4705488037446697,0.4537118222604029,2.0306909660653187,0.7558722779041361
2782,0.3763894506840475,0.8129341658408872,2.0420425573814636,0.16945492453933897
2783,0.46635246095115485,0.44253816882843444,2.0420425573814636,0.7558722644678486
2784,0.3731202422731444,0.8094103551797316,2.053224515570431,0.20646012187232402
2785,0.46350741051082606,0.4309861091668296,2.053224515570431,0.7558722523077427
2786,0.3693799487706353,0.8049052993137249,2.063812653469739,0.24864152017886912
2787,0.46204908745810097,0.41906839174863,2.063812653469739,0.7558722413900814
2788,0.3658639536802606,0.8006859180524217,2.074184369670153,0.18488065596509506
2789,0.4619959676273667,0.40679842815046935,2.074184369670153,0.7558722316774493
2790,0.3630195417104003,0.7977178963940939,2.084528623467804,0.12841161033424103
2791,0.46334872802669214,0.3941903433587062,2.084528623467804,0.7558722231292082
2792,0.3607747145111956,0.7959446446968848,2.09473948382434,0.10129466474706911
2793,0.46609021570408926,0.38125904049377984,2.09473948382434,0.7558722157019379
2794,0.35908241889872705,0.7953151768794486,2.104730221066661,0.09721700550268073
2795,0.4701862285515246,0.36802028425325883,2.104730221066661,0.7558722093498541
2796,0.3574192642447462,0.7945977504733277,2.11423692832201,0.10141849183176309
2797,0.4755870228285383,0.35449080884289125,2.11423692832201,0.7558722040252139
2798,0.35538903026151236,0.7928394217467929,2.123082712182624,0.1141668573288722
2799,0.4822293899908007,0.3406884582134163,2.123082712182624,0.7558721996786937
2800,0.3534397293107627,0.7912435974169313,2.1313721082416315,0.08713185864085324
2801,0.4900391019688665,0.32663236930874834,2.1313721082416315,0.7558721962597522
2802,0.35198644972509785,0.7907702028845754,2.1392340323731616,0.0878693110661649
2803,0.49893351372954364,0.31234321314845487,2.1392340323731616,0.7558721937169706
2804,0.3505488575788973,0.7902012527682152,2.146484944786175,0.08114895860341713
2805,0.5088241311555318,0.2978435145061635,2.146484944786175,0.7558721919983724
2806,0.34917321676198776,0.7897496336453175,2.153080230957826,0.08834615010123377
2807,0.5196189918805814,0.28315807961353817,2.153080230957826,0.7558721910517229
2808,0.3478496048025865,0.7892170228487713,2.1590598405996015,0.06312032828388889
2809,0.531224755664226,0.26831457412249604,2.1590598405996015,0.7558721908248072
2810,0.3465687040691398,0.7887930311071744,2.1643212298063634,0.07763133163575268
2811,0.5435484493452266,0.25334431268958113,2.1643212298063634,0.7558721912656879
2812,0.34564372210621164,0.789398623384296,2.1688530594340234,0.11825537090317635
2813,0.5564988525933284,0.2382833504423377,2.1688530594340234,0.7558721923229421
2814,0.3447733744252685,0.7898915629657635,2.1727162942554297,0.0578175955335583
2815,0.5699875412702883,0.2231740106226609,2.1727162942554297,0.7558721939458797
2816,0.34393801957500814,0.7904547335400238,2.1757989751053435,0.10557567414233003
2817,0.5839296247781893,0.20806705017231503,2.1757989751053435,0.7558721960847397
2818,0.3434096075030268,0.7919882373522034,2.178018369837387,0.15561998495025708
2819,0.5982442237387687,0.19302476828613954,2.178018369837387,0.7558721986908685
2820,0.3429038497754278,0.793364033038608,2.1794980173756784,0.08931105662177703
2821,0.612854736991824,0.17812551885480749,2.1794980173756784,0.7558722017168829
2822,0.3424153839665629,0.7947679818364424,2.180141395497791,0.14278743527134458
2823,0.6276889446170159,0.16347031403235665,2.180141395497791,0.7558722051168062
2824,0.3421620722573678,0.7970661962829589,2.179776726074289,0.19432217589180958
2825,0.6426789885450066,0.14919250343187568,2.179776726074289,0.755872208846198
2826,0.341921207449046,0.7991717088363985,2.1786458929963435,0.12839935495380184
2827,0.6577612659084274,0.13547180110984908,2.1786458929963435,0.7558722128622575
2828,0.34167265621735066,0.8012580020030332,2.1766376297222125,0.1801555808753445
2829,0.6728762636646084,0.12255385948967071,2.1766376297222125,0.7558722171239184
2830,0.34141871738317037,0.8031489294350367,2.173859148019327,0.11559330730147689
2831,0.6879683568493447,0.1107750629728994,2.173859148019327,0.7558722215919206
2832,0.3411930463730225,0.8050457762826093,2.1702497283799955,0.16730556478794273
2833,0.7029855874255607,0.10058658286147253,2.1702497283799955,0.7558722262288775
2834,0.3411067082652041,0.8077365953710471,2.1654718054456277,0.21691767913628782
2835,0.7178794361889693,0.09255789580154723,2.1654718054456277,0.7558722309993179
2836,0.34106211469634123,0.810234331102758,2.1599909725996578,0.15155689295841118
2837,0.7326045965695265,0.08731951286149275,2.1599909725996578,0.7558722358697244
2838,0.34101742297789034,0.8118171903682574,2.154261976906819,0.08908696910128695
2839,0.747118756336648,0.08540671659620856,2.154261976906819,0.7558722408085549
2840,0.3409592603315942,0.8125249186144616,2.1483037926026953,0.029200918579025684
2841,0.761382391061565,0.08704597863459701,2.1483037926026953,0.7558722457862521
2842,0.3409009366922465,0.8124064577639247,2.1421497183280245,0.031545722077834557
2843,0.7753585715901492,0.09204210288325099,2.1421497183280245,0.7558722507752463
2844,0.340778102722238,0.8123190256697612,2.13514886268245,0.028790711402666036
2845,0.7890127866207011,0.09987628935252696,2.13514886268245,0.7558722557499429
2846,0.34069616390688806,0.8121675005181234,2.127530723555085,0.034130357894493216
2847,0.8023127806647481,0.10991849665653002,2.127530723555085,0.755872260686706
2848,0.34065554804524545,0.8112496641780695,2.119816697734602,0.08873553998925264
2849,0.8152284071126601,0.12159132450856784,2.119816697734602,0.7558722655638312
2850,0.34056862851695097,0.8103998486278571,2.111321232335296,0.03040746352542975
2851,0.8277314957635934,0.13443403857109612,2.111321232335296,0.7558722703615092
2852,0.3403988612420779,0.810298879440326,2.101530891774855,0.02914433058348968
2853,0.8397957339588517,0.14810209227804275,2.101530891774855,0.7558722750617857
2854,0.3401144226258143,0.810893070037411,2.0904511820965492,0.08360329756517428
2855,0.8513965603391161,0.16234371257975583,2.0904511820965492,0.7558722796485137
2856,0.3396953981761741,0.8121325897257956,2.0780944188917125,0.13610408695321732
2857,0.8625110701988011,0.17697483314660106,2.0780944188917125,0.7558722841073011
2858,0.33912222635757067,0.8139624034169318,2.0644719697953997,0.18711510580870802
2859,0.8731179314124168,0.1918590649147903,2.0644719697953997,0.7558722884254506
2860,0.33869931229452305,0.8157269828982724,2.0505234885767822,0.12469124689170924
2861,0.8831973099416717,0.20689327415749137,2.0505234885767822,0.7558722925919001
2862,0.33826795587491226,0.8174674715752758,2.0360351045089535,0.17453485977603442
2863,0.8927308039860999,0.2219976134030141,2.0360351045089535,0.7558722965971547
2864,0.33762702209479784,0.8197071950971706,2.0203246709631557,0.2235803445180429
2865,0.9017013859057297,0.237108718024428,2.0203246709631557,0.7558723004332203
2866,0.33713673447736525,0.8218603158253696,2.0044126290615494,0.16098747226017535
2867,0.9100933511157263,0.25217505916937,2.0044126290615494,0.7558723040935322
2868,0.3366445860977589,0.8239670787632779,1.9880953135403865,0.2086756270444086
2869,0.9178922732260174,0.26715374493779376,1.9880953135403865,0.7558723075728812
2870,0.33592909224534556,0.8265132881890758,1.970655845005136,0.2559758075242181
2871,0.9250849647709365,0.28200829399574834,1.970655845005136,0.7558723108673409
2872,0.3353858530158048,0.8289727594608824,1.9531771543640952,0.19302075321306672
2873,0.9316594429432341,0.29670706659933993,1.9531771543640952,0.7558723139741919
2874,0.33485253361957096,0.8313704127704775,1.9354536503326265,0.23892345656180877
2875,0.9376048998124414,0.3112221447028458,1.9354536503326265,0.755872316891846
2876,0.3340881196656827,0.8341508538863863,1.9167355814619247,0.28459904388016893
2877,0.9429116765690371,0.325528522577754,1.9167355814619247,0.7558723196197717
2878,0.3335162518514225,0.8368467676833582,1.8981602219221316,0.22137956895642805
2879,0.9475712413930495,0.3396035148852851,1.8981602219221316,0.7558723221584177
2880,0.33297230199920846,0.8394739631727174,1.8795245482525937,0.26566447439336666
2881,0.9515761705987288,0.35342631899532584,1.8795245482525937,0.75587232450914
2882,0.33219836549877557,0.8424341702119906,1.860049058299111,0.30986615413752444
2883,0.9549201327559743,0.36697768809255604,1.860049058299111,0.7558723266741257
2884,0.33163554228895775,0.8453142606176086,1.8409146750804837,0.24650069388315662
2885,0.957597875534686,0.3802396848146488,1.8409146750804837,0.7558723286563245
2886,0.3310075802553911,0.8480127445493006,1.8218625760505256,0.291468798013027
2887,0.95960521506051,0.3931954940987641,1.8218625760505256,0.7558723304593744
2888,0.3301883528433287,0.8510292759712943,1.80216654628626,0.3324130311399136
2889,0.9609390276100112,0.40582928002600765,1.80216654628626,0.7558723320875345
2890,0.3291825625217337,0.8543152174490649,1.7818986047624503,0.3756101514552507
2891,0.9615972435105967,0.41812607568810367,1.7818986047624503,0.7558723335456184
2892,0.32796295105092776,0.8577865271667502,1.7611176847723002,0.414416155672076
2893,0.9615788431459793,0.43007169806799067,1.7611176847723002,0.755872334838929
2894,0.3270813412277194,0.8612188504348097,1.7411066635798813,0.3446572271970314
2895,0.9608838550020864,0.4416526820291534,1.7411066635798813,0.7558723359731945
2896,0.32624039259385423,0.8644737053774979,1.7216102226850072,0.3840514151454001
2897,0.9595133557215292,0.4316092346673798,1.7216102226850072,0.7558723369545123
2898,0.3256601591033471,0.8676522378282767,1.702980308926415,0.3127369624005324
2899,0.9574694721675229,0.41651930874932874,1.702980308926415,0.7558723377892883
2900,0.3256453542440141,0.8705439952183162,1.6862040414999817,0.2491087027585467
2901,0.9547553855309301,0.4015156592144084,1.6862040414999817,0.7558723384841833
2902,0.32567863538086694,0.873363229026169,1.670108850539128,0.2965685773667873
2903,0.9513753375473532,0.3866663913742287,1.670108850539128,0.7558723390460615
2904,0.32539623867695977,0.8762689944541651,1.6537973611220216,0.3318981486979507
2905,0.9473346389253717,0.3720475353450919,1.6537973611220216,0.7558723394819413
2906,0.32531064036352275,0.8751487918874072,1.6385617319884573,0.2645233711574614
2907,0.9426396801225833,0.35774405456415354,1.6385617319884573,0.7558723397989489
2908,0.3257203040416214,0.8715835376840111,1.6253936220477458,0.2028815654073627
2909,0.9372979446434965,0.3438508436411921,1.6253936220477458,0.7558723400042743
2910,0.3266272135342205,0.8692912472890716,1.6143106666381646,0.1478114917231038
2911,0.931318025073038,0.33047361012776705,1.6143106666381646,0.755872340105133
2912,0.32803725896347136,0.8682315174606219,1.6053215920854016,0.11729837341387025
2913,0.9247096421018886,0.3177294745419881,1.6053215920854016,0.755872340108726
2914,0.3293217857892418,0.8671073643677335,1.5971868283719954,0.14513069586184482
2915,0.9174836668455345,0.3057470470072247,1.5971868283719954,0.755872340022207
2916,0.33006405846474446,0.8649227850810727,1.5889712077267872,0.18210679127103516
2917,0.909652146808181,0.2946656553176537,1.5889712077267872,0.7558723398526489
2918,0.3302818502396338,0.8617160430839851,1.5807501396968857,0.21344619196560147
2919,0.9012283358958902,0.28463332949855674,1.5807501396968857,0.7558723396070148
2920,0.3306354179013498,0.8587764833331907,1.5738313731047668,0.16848544921012704
2921,0.8922267289407302,0.2758031319678827,1.5738313731047668,0.7558723392921339
2922,0.3309262484651697,0.8558490474140468,1.5679774546186203,0.20357586611071463
2923,0.8826631012594097,0.2683275183382248,1.5679774546186203,0.755872338914674
2924,0.33065606386507784,0.8519242636134999,1.5622098055517293,0.2383693017109305
2925,0.8725545538357341,0.26235068226356567,1.5622098055517293,0.7558723384811216
2926,0.3305498911786718,0.848291938700281,1.5578272057463347,0.181630915487467
2927,0.8619195647857006,0.25799930264353077,1.5578272057463347,0.7558723379977644
2928,0.3304078198064326,0.8447030663557616,1.5545770836583415,0.22097750837566385
2929,0.8507780478361966,0.2553727055890911,1.5545770836583415,0.7558723374706732
2930,0.32971690149167876,0.8401437899686142,1.5514544537285904,0.2610222537270765
2931,0.8391514186213164,0.25453398361156254,1.5514544537285904,0.7558723369056883
2932,0.32929056316401284,0.8358843010781113,1.54974061907692,0.2058862298556689
2933,0.8270626696715503,0.2555038057365642,1.54974061907692,0.7558723363084073
2934,0.3288479673154185,0.8316896350733316,1.5491595219069114,0.24665529606601752
2935,0.8145364550363638,0.2582582953852628,1.5491595219069114,0.7558723356841764
2936,0.32780386154590424,0.8265575100259178,1.5486789817982114,0.2927583474878143
2937,0.8015991855338849,0.26273147762216414,1.5486789817982114,0.7558723350380803
2938,0.32618229327511394,0.8205320568862106,1.548309967703335,0.3251097620487529
2939,0.7882791356538635,0.26882171862329607,1.548309967703335,0.7558723343749373
2940,0.3240342717829779,0.8136508747887552,1.5480564524741653,0.362527060418535
2941,0.774606563139513,0.2764007349915077,1.5480564524741653,0.7558723336992957
2942,0.3221672329325664,0.8071706147927245,1.549168391929714,0.2993315095009273
2943,0.7606138422234013,0.2853234361323571,1.549168391929714,0.7558723330154307
2944,0.3204076350466344,0.800846068547277,1.551349547655288,0.33368302383736087
2945,0.7463356113692563,0.2954370877036746,1.551349547655288,0.7558723323273421
2946,0.3189385133130831,0.7948864432776115,1.5547839716564915,0.276411181865664
2947,0.7318089361445336,0.3065888277671915,1.5547839716564915,0.7558723316387568
2948,0.3174863747222363,0.7890950177329616,1.5591820963413106,0.30864493191374104
2949,0.7170734874772174,0.31863115697194194,1.5591820963413106,0.7558723309531289
2950,0.31544364913719264,0.7824981317855093,1.5634735473484274,0.34568834056937325
2951,0.7021717349817718,0.33142547558335395,1.5634735473484274,0.7558723302736428
2952,0.31369532164744257,0.7762860690204827,1.568873978000435,0.2880895188048976
2953,0.6871491542063694,0.3448439944551165,1.568873978000435,0.7558723296032189
2954,0.312030719607298,0.7702424360923666,1.575080539821237,0.320277209528434
2955,0.672054445473373,0.35877043267015607,1.575080539821237,0.7558723289445157
2956,0.3097438424853807,0.7634624470263068,1.581036523693166,0.3559814750887072
2957,0.656939760357883,0.37309989292786117,1.581036523693166,0.7558723282999386
2958,0.30687834086139854,0.755988694055609,1.586714008979215,0.39037048319126905
2959,0.6418609296609538,0.38773823390551954,1.586714008979215,0.7558723276716455
2960,0.30439771924226,0.748909681632432,1.5932809306593678,0.32356920055078026
2961,0.6268776838630091,0.4026011753019795,1.5932809306593678,0.7558723270615538
2962,0.30300126654993564,0.743057699106081,1.6016296068371234,0.2633820296695012
2963,0.6120538533737078,0.4176132962792965,1.6016296068371234,0.7558723264713495
2964,0.30268413324544047,0.7383053738413697,1.6116021243742213,0.221997435551208
2965,0.5974575313436552,0.432707029006176,1.6116021243742213,0.7558723259024954
2966,0.3023729695058215,0.7336640910218005,1.6219437455254624,0.24898411873366735
2967,0.5831611763611638,0.44782170639062974,1.6219437455254624,0.7558723253562412
2968,0.30127433871377374,0.7283664432979422,1.631662194904335,0.2755071493902581
2969,0.5692416261494314,0.46290269425769154,1.631662194904335,0.7558723248336314
2970,0.30047492282705646,0.7233022170713554,1.6418164870384808,0.22535123300657833
2971,0.555779986751932,0.4779006198134757,1.6418164870384808,0.755872324335517
2972,0.30071737141445504,0.7192316135868569,1.6532644821573044,0.18916572242564086
2973,0.5428613553158801,0.4927706971632604,1.6532644821573044,0.755872323862564
2974,0.30092405396530586,0.7152416633154269,1.6647997049248682,0.22493955019302472
2975,0.5305743295551744,0.5074721444862677,1.6647997049248682,0.7558723234152648
2976,0.3002683768366482,0.7106451631215854,1.675486127388489,0.23981525644000556
2977,0.5190102549010585,0.5110688950787952,1.675486127388489,0.7558723229939476
2978,0.785754165276935,0.7060933012807734,1.686110580807829,0.20970413262872367
2979,0.5082621633282244,0.5023422724947082,1.686110580807829,0.7558723225987886
2980,0.7830277943388678,0.7021681027961709,1.6974408940765024,0.1934576763396497
2981,0.49842336827713646,0.4931741867157606,1.6974408940765024,0.7558723222298199
2982,0.7804723874687185,0.6983420227976184,1.708646403682917,0.20272757980698264
2983,0.48958570023532266,0.4835740494059825,1.708646403682917,0.7558723218869421
2984,0.7784279736703612,0.6940116576879747,1.7188633178085149,0.22415120208362216
2985,0.48183739874054615,0.47355180083622206,1.7188633178085149,0.7558723215699326
2986,0.776348508136147,0.6898438092024063,1.7290074040715615,0.18789557710975374
2987,0.475260718260059,0.4631179208180761,1.7290074040715615,0.7558723212784583
2988,0.774408417909353,0.6857692254019421,1.7388917211847537,0.22604453023463655
2989,0.4699293540881368,0.45228344311262375,1.7388917211847537,0.7558723210120829
2990,0.7730111916730921,0.6812286788060764,1.7476965253181977,0.2502230625572266
2991,0.46590584311750655,0.4410599742286069,1.7476965253181977,0.755872320770278
2992,0.772169735526742,0.6762602016601093,1.7554283619043038,0.286199609081043
2993,0.4632391331151962,0.42945971777796493,1.7554283619043038,0.7558723205524325
2994,0.7713577828306852,0.6715678430311761,1.7630354142423863,0.22571331031663502
2995,0.461962531931543,0.4174955058910514,1.7630354142423863,0.7558723203578608
2996,0.7700353182206353,0.6675827703009541,1.7711497191449646,0.19457587024138343
2997,0.46209223598509186,0.40518083963913665,1.7711497191449646,0.7558723201858127
2998,0.7688704597093564,0.6637265168883256,1.778850685563388,0.2234049446719792
2999,0.4636265921726661,0.3925299410098256,1.778850685563388,0.7558723200354812
3000,0.7683584901846484,0.659514867073428,1.7854000722928967,0.24881917856132177
3001,0.4665461738835835,0.37955781979154496,1.7854000722928967,0.7558723199060119
3002,0.7678368639950227,0.6555354663070907,1.7916534713584906,0.1951305652805404
3003,0.4708146627073268,0.36628035983229584,1.7916534713584906,0.7558723197965094
3004,0.7666987749857571,0.6521554877308826,1.7981845125471607,0.1529575546862366
3005,0.47638043998742396,0.3527144306705989,1.7981845125471607,0.7558723197060445
3006,0.7649935532766732,0.6493910778157361,1.8049533245988216,0.12948442878420677
3007,0.48317872336610695,0.33887803267704447,1.8049533245988216,0.7558723196336629
3008,0.7626855780384035,0.6471666629973942,1.8118410980550492,0.1325089670771542
3009,0.4911340442592391,0.3247904868668355,1.8118410980550492,0.7558723195783903
3010,0.760531398483556,0.644980004798183,1.8180264460267357,0.13532428662644277
3011,0.500162856072965,0.3104726848586229,1.8180264460267357,0.75587231953924
3012,0.7591907785594377,0.6425134204766262,1.8229576717460536,0.12246082481145705
3013,0.5101760854169545,0.2959474206882077,1.8229576717460536,0.7558723195152175
3014,0.757783667329665,0.6401318206485083,1.827279724388624,0.12620111489709365
3015,0.5210814800089323,0.2812398352977068,1.827279724388624,0.7558723195053267
3016,0.7565522887515868,0.6378558034756876,1.8309339343555473,0.11986075879370232
3017,0.5327856563506121,0.26637801800025457,1.8309339343555473,0.7558723195085754
3018,0.7561289219889381,0.6353296247284598,1.8333595427545795,0.14382605935144674
3019,0.5451957980740739,0.25139382939176036,1.8333595427545795,0.755872319523978
3020,0.7556234230473712,0.6329106418791599,1.8351744508675687,0.12285749342940355
3021,0.5582209957808193,0.23632404068748833,1.8351744508675687,0.7558723195505621
3022,0.7552522590448763,0.6305910386831896,1.8363064006015968,0.13881928059733825
3023,0.5717732483304541,0.22121193099441133,1.8363064006015968,0.7558723195873713
3024,0.755712669147778,0.6280916893696112,1.8362858517153975,0.17251397438718238
3025,0.5857681637490424,0.2061095553501654,1.8362858517153975,0.7558723196334696
3026,0.7560522568384439,0.6256904172847636,1.8356388501400196,0.13661510437098753
3027,0.6001254068053902,0.19108100541497056,1.8356388501400196,0.755872319687943
3028,0.7565218756575317,0.6234326024436271,1.8343536869481971,0.16297312530113875
3029,0.6147689421767705,0.17620714881816432,1.8343536869481971,0.7558723197499037
3030,0.7578560987657937,0.6210898891737794,1.8320287590218918,0.20177139710306113
3031,0.6296271193639412,0.16159256943577294,1.8320287590218918,0.755872319818492
3032,0.7590441909817623,0.6188562758797126,1.829094159103042,0.1521300956254171
3033,0.6446326401332008,0.14737573451009311,1.829094159103042,0.7558723198928787
3034,0.7603214269789047,0.6167617881122585,1.825534002020441,0.1887388030325475
3035,0.6597224427708057,0.1337436846534256,1.825534002020441,0.7558723199722676
3036,0.7624785489487942,0.6146611701158369,1.8210432958878418,0.23028709568384548
3037,0.6748375308455767,0.12095236685687061,1.8210432958878418,0.7558723200558959
3038,0.76449509555253,0.6127387652882216,1.8160291976058642,0.1726564006612754
3039,0.6899227680905592,0.10935186395082756,1.8160291976058642,0.7558723201430353
3040,0.7665314583197808,0.610895597290618,1.8103587376953563,0.21478354020025095
3041,0.7049266557321335,0.09940931245271854,1.8103587376953563,0.7558723202329943
3042,0.7695033215282038,0.60921896956036,1.8039700328727173,0.25486720847733385
3043,0.7198011042101048,0.09170720499916644,1.8039700328727173,0.75587232032512
3044,0.7722328530391595,0.6075819121626975,1.7969516968042352,0.1980793793598634
3045,0.7345012077176899,0.08687470797111484,1.7969516968042352,0.755872320418794
3046,0.7749517480876493,0.6060077835766002,1.789296834583475,0.2380815548121418
3047,0.7489850272541285,0.08541884197712701,1.789296834583475,0.7558723205134383
3048,0.7785867432115726,0.6046106744632359,1.780982992085007,0.2818226394642906
3049,0.7632133858068224,0.08751354209828749,1.780982992085007,0.7558723206085106
3050,0.7831349707671342,0.6034695370449251,1.7721142863947645,0.3205898856206458
3051,0.7771496777432714,0.09291186285153777,1.7721142863947645,0.7558723207035087
3052,0.7874019429161877,0.6023869666322963,1.762696681018069,0.26346277787705
3053,0.7907596933838938,0.10106828535482273,1.762696681018069,0.7558723207979657
3054,0.7916419276898432,0.6014646382970795,1.752812309229758,0.297432513072222
3055,0.8040114589484528,0.11135252371569593,1.752812309229758,0.7558723208914527
3056,0.7956102200065683,0.6005937147050846,1.742402258770638,0.2373427956648995
3057,0.8168750915411531,0.12320057512909444,1.742402258770638,0.7558723209835778
3058,0.7995524167554912,0.599858550100059,1.7315350950649906,0.27734678395784146
3059,0.8293226684982579,0.13616763278309904,1.7315350950649906,0.7558723210739835
3060,0.8044453960391881,0.5995540315501694,1.7203876585061593,0.31844152216940524
3061,0.8413281102168985,0.14992267762942857,1.7203876585061593,0.7558723211623483
3062,0.8102634327952511,0.5997219001110728,1.7090306701465365,0.3566456452012524
3063,0.8528670754759231,0.16422406005457788,1.7090306701465365,0.7558723212483839
3064,0.8157385964145771,0.5998624277393525,1.6971591901684606,0.2930501398266547
3065,0.8639168682198913,0.1788949066908349,1.6971591901684606,0.7558723213318351
3066,0.8211304549185221,0.6001271446321459,1.6849186639312594,0.3282937493316273
3067,0.8744563547839742,0.1938038508601189,1.6849186639312594,0.755872321412479
3068,0.8261928141316236,0.6003089365994634,1.672153765015484,0.27679215145059843
3069,0.8844658905745716,0.20885126499019793,1.672153765015484,0.755872321490121
3070,0.8311881652063069,0.6006108069954608,1.6590680699562637,0.3088941659434976
3071,0.8939272552764589,0.22395977065794215,1.6590680699562637,0.7558723215645975
3072,0.8371277317161011,0.6015596428285253,1.6460852260269057,0.34504736452327484
3073,0.9028235957240262,0.23906776517091563,1.6460852260269057,0.7558723216357726
3074,0.8427228967719226,0.6024122407763579,1.6326542149535752,0.2917067996926036
3075,0.9111393756460051,0.2541249967376643,1.6326542149535752,0.7558723217035358
3076,0.8482290995365461,0.603384257362226,1.61899823449614,0.3240611974777742
3077,0.9188603315661429,0.2690895146644008,1.61899823449614,0.7558723217678031
3078,0.8546587457998664,0.6050760634833902,1.6056190087716853,0.3595325762128898
3079,0.9259734342140367,0.28392554335982095,1.6056190087716853,0.7558723218285128
3080,0.8607276234953075,0.6066502189086955,1.5918735421155927,0.304689739117465
3081,0.9324668548692164,0.29860198162431434,1.5918735421155927,0.7558723218856263
3082,0.8666841064620705,0.6083329034375734,1.5780021789719854,0.33707272642489133
3083,0.9383299361266849,0.313091329720532,1.5780021789719854,0.755872321939125
3084,0.8735380487997062,0.6107909135345162,1.5645761183319347,0.37226779466013693
3085,0.9435531666330212,0.32736891270956786,1.5645761183319347,0.7558723219890099
3086,0.8800174204515165,0.6130941612605698,1.5508625174725714,0.316355296114817
3087,0.9481281593988028,0.34141231161095575,1.5508625174725714,0.7558723220352997
3088,0.8863640434363954,0.61547829631443,1.5371172926605172,0.3488774387827924
3089,0.9520476333455509,0.35520094222106324,1.5371172926605172,0.7558723220780303
3090,0.8935801832871212,0.6186823546154043,1.523987438198937,0.3837760500475961
3091,0.9553053977939916,0.3687157401553313,1.523987438198937,0.7558723221172515
3092,0.9004040812582956,0.6217200793793399,1.5106927423441407,0.3267296087656082
3093,0.9578963396454577,0.38193892322226214,1.5106927423441407,0.7558723221530275
3094,0.907061477437546,0.6248483878996954,1.497520942945034,0.36145376593943757
3095,0.9598164130501817,0.3948538107338691,1.497520942945034,0.7558723221854347
3096,0.9145529764567707,0.6288284548259618,1.4851367099889476,0.40130115961614704
3097,0.9610626313954732,0.4074446851823383,1.4851367099889476,0.7558723222145606
3098,0.922832643816311,0.6336654467650353,1.4735963808186845,0.4352069382954837
3099,0.9616330614837992,0.4196966857536002,1.4735963808186845,0.7558723222405025
3100,0.9318654158443399,0.639342354799127,1.4629292785649317,0.46643876023507164
3101,0.9615268198060544,0.43159572598450824,1.4629292785649317,0.7558723222633669
3102,0.940422759555316,0.6447648733491678,1.4522566426232286,0.3985321867228268
3103,0.9607440708492739,0.4431284298831256,1.4522566426232286,0.7558723222832667
3104,0.9481226872235545,0.6495890701905925,1.4413492487012427,0.37482513931207817
3105,0.9592860274111765,0.42964796609050815,1.4413492487012427,0.7558723223003221
3106,0.9549077148809606,0.6536881917744758,1.4301407507106172,0.31803568450923236
3107,0.9571549529266716,0.4145656469437179,1.4301407507106172,0.7558723223146573
3108,0.9610931913870978,0.6573620789895895,1.4189515835490942,0.3091314266107568
3109,0.9543541658442837,0.3995780308613845,1.4189515835490942,0.7558723223264026
3110,0.9665818607368567,0.6604547481734917,1.407690904515686,0.25313232692465915
3111,0.9508880461237921,0.3847541961817399,1.407690904515686,0.7558723223356906
3112,0.970841995137524,0.6623574706823114,1.39587606159989,0.20248147058136617
3113,0.9467620439607113,0.3701712750313364,1.39587606159989,0.7558723223426558
3114,0.9739200874592792,0.6609895802085034,1.3836018490960562,0.16614762992998303
3115,0.9419826908790067,0.355915464717334,1.3836018490960562,0.7558723223474348
3116,0.9758994757912297,0.6586317747581005,1.3709273850553991,0.15750021367566383
3117,0.9365576133711158,0.34208301757652754,1.3709273850553991,0.7558723223501655
3118,0.9768810791663787,0.6571787340255161,1.3579087539572596,0.16552318796635498
3119,0.9304955493043716,0.32878109700527597,1.3579087539572596,0.7558723223509863
3120,0.9769171549153362,0.6565963918069573,1.3446421832672502,0.19486867707725591
3121,0.9238063673557915,0.31612832495710236,1.3446421832672502,0.7558723223500338
3122,0.9760886988724466,0.6549099127741145,1.3312025494765667,0.24231539790348883
3123,0.916501089783292,0.30425476855338435,1.3312025494765667,0.7558723223474412
3124,0.975000423404464,0.6509969390928078,1.3183991076403034,0.21659896360984918
3125,0.9085919188911601,0.2933010301397934,1.3183991076403034,0.7558723223433429
3126,0.9736081306865713,0.6466928572605274,1.3061284346961801,0.26542241239032827
3127,0.9000922676013513,0.2834160396656128,1.3061284346961801,0.7558723223378712
3128,0.9720374510328744,0.642208217806662,1.2946492063205937,0.23953712582424166
3129,0.8910167946001688,0.27475314324774863,1.2946492063205937,0.7558723223311544
3130,0.9710231245872204,0.6386440398444544,1.2850482087456097,0.17916011851436478
3131,0.8813814445921194,0.2674641969597037,1.2850482087456097,0.7558723223233178
3132,0.9707046717433669,0.6363071668211413,1.2776727302093114,0.12269247650440115
3133,0.8712034942591067,0.2616916687794716,1.2776727302093114,0.755872322314483
3134,0.9709995804875289,0.6351407420731794,1.2725111896011965,0.07499874128213682
3135,0.8605016045930275,0.2575592396574487,1.2725111896011965,0.7558723223047676
3136,0.9712392188419179,0.63388181139444,1.2683040107770625,0.12035706264358208
3137,0.8492958803422079,0.25516199398725536,1.2683040107770625,0.7558723222942851
3138,0.9714854716897866,0.6326054292683269,1.2651304003415755,0.09165224766217665
3139,0.8376079373851187,0.2545577918071729,1.2651304003415755,0.755872322283144
3140,0.9721755579938081,0.6323050218485231,1.2640483526039343,0.0475799104738056
3141,0.8254609789155382,0.2557615434108273,1.2640483526039343,0.7558723222714481
3142,0.9728779890464954,0.6319233181796042,1.2639199664736136,0.08835203738800987
3143,0.8128798813874225,0.25874367474486376,1.2639199664736136,0.7558723222592967
3144,0.973553580368791,0.631637037768139,1.2649979336379311,0.06702811803225117
3145,0.799891291218809,0.26343314748917623,1.2649979336379311,0.7558723222467832
3146,0.9745373448790093,0.6323565454909268,1.2682756980164145,0.0583885943959322
3147,0.7865237332830085,0.2697243250285235,1.2682756980164145,0.7558723222339961
3148,0.975529789322171,0.6329665600667382,1.2724394068705949,0.06570609038437701
3149,0.7728077322093971,0.2774861879475263,1.2724394068705949,0.7558723222210196
3150,0.9764637879977417,0.633620599577263,1.2777147224130243,0.058358949275020805
3151,0.7587759474576489,0.28657216406340524,1.2777147224130243,0.7558723222079313
3152,0.9776711179073126,0.6352315746035776,1.285082470934287,0.09851432584471675
3153,0.7444633229944243,0.2968291196276424,1.285082470934287,0.7558723221948044
3154,0.9788009559583233,0.636663593794912,1.2932143283747364,0.048864056718547995
3155,0.7299072521583105,0.30810462243383496,1.2932143283747364,0.7558723221817067
3156,0.9796745462446138,0.6370869847886866,1.301068256176872,0.050433144417531425
3157,0.7151477579050902,0.32025216700465403,1.301068256176872,0.7558723221687006
3158,0.9803020774979292,0.6365408916110493,1.3086424631275473,0.10027189402538875
3159,0.700227688026696,0.33313447883280156,1.3086424631275473,0.755872322155844
3160,0.9808904642179527,0.6360797497926682,1.317178328838343,0.04303194609344646
3161,0.6851929240643736,0.3466252442251433,1.317178328838343,0.7558723221431893
3162,0.981515094242681,0.6355755976051223,1.3263950593850766,0.09655744566501413
3163,0.6700926014043688,0.3606096803665334,1.3263950593850766,0.755872322130784
3164,0.9820596077109335,0.6351271884382409,1.3364614468449945,0.04936442754872674
3165,0.6549793363511764,0.3749843291670601,1.3364614468449945,0.7558723221186721
3166,0.9826314777582834,0.6355194525718,1.3483249373664852,0.0484135665955176
3167,0.6399094537034643,0.38965638334676345,1.3483249373664852,0.7558723221068938
3168,0.9831500114487816,0.6366635131179855,1.3618729363834332,0.08262685477460069
3169,0.6249432053892525,0.4045427699920562,1.3618729363834332,0.7558723220954825
3170,0.9836232866256595,0.638533877701749,1.3770090447659604,0.13332989700432732
3171,0.6101449669368624,0.41956914367975007,1.3770090447659604,0.755872322084468
3172,0.9840287059270799,0.6410853707993861,1.3936302102227174,0.1827644601222466
3173,0.5955833938899855,0.43466888445332064,1.3936302102227174,0.7558723220738752
3174,0.984357828584337,0.6442850157694474,1.4116366638925313,0.23036571007957313
3175,0.5813315147228,0.4497821552886089,1.4116366638925313,0.7558723220637247
3176,0.9847097237787665,0.6461507454932099,1.4297230767340696,0.16475020557916192
3177,0.5674667305234314,0.46485504639719566,1.4297230767340696,0.7558723220540351
3178,0.9852810842978279,0.645815112710789,1.4469017542913052,0.11341902379057447
3179,0.5540706850729348,0.47983881641549136,1.4469017542913052,0.7558723220448194
3180,0.9857649061044299,0.6455840048477647,1.4642977599650924,0.15228512573170638
3181,0.541228962671849,0.49468923021372907,1.4642977599650924,0.755872322036088
3182,0.9863322347914518,0.6452645613861516,1.4816749643632832,0.10382816941035665
3183,0.5290305663196552,0.509365987388236,1.4816749643632832,0.7558723220278488
3184,0.9868538851438778,0.6450069488618714,1.4991753859367793,0.14473172269954565
3185,0.5175671273074203,0.5099614700859096,1.4991753859367793,0.755872322020106
3186,0.9870936207617238,0.6451629807728562,1.5176584307852814,0.1896043564828615
3187,0.5069318010925755,0.5011770343774334,1.5176584307852814,0.7558723220128637
3188,0.9874776366832103,0.645176481540912,1.535953937478098,0.13812101058785425
3189,0.49721781590103353,0.4919523275231945,1.535953937478098,0.7558723220061209
3190,0.9878071646609685,0.6452675182746367,1.554170585269301,0.1795069549390788
3191,0.48851666203292793,0.4822968292839864,1.554170585269301,0.7558723219998743
3192,0.987797166803696,0.6458588130261207,1.5731440128401029,0.22356869888735892
3193,0.48091594249518005,0.47222054927738183,1.5731440128401029,0.755872321994118
3194,0.987929628048076,0.646312921720952,1.5917468160451573,0.1643311070627336
3195,0.47449694845259677,0.4617340383183298,1.5917468160451573,0.7558723219888441
3196,0.9880221307215677,0.6468371925346134,1.6100921272076323,0.2105403648768225
3197,0.4693320721482277,0.4508484033412507,1.6100921272076323,0.7558723219840424
3198,0.9882134250084778,0.6472577328064415,1.627963341312086,0.1492080734835153
3199,0.46548221797822464,0.4395753268473833,1.627963341312086,0.7558723219797023
3200,0.9888652799160134,0.6470426734863559,1.6444943832320944,0.10774572027520106
3201,0.4629944090727078,0.4279270920835702,1.6444943832320944,0.7558723219758117
3202,0.9893823699050092,0.6469733802703562,1.6606443852709847,0.14782495192696793
3203,0.4618998010693959,0.4159166155056027,1.6606443852709847,0.7558723219723552
3204,0.989460715040764,0.6475349389283381,1.677230415088085,0.18859908185829005
3205,0.4622122984091626,0.4035574885416547,1.677230415088085,0.7558723219693189
3206,0.989113103981461,0.6487285738738341,1.6941649307949043,0.23260118905739643
3207,0.463927919164343,0.39086403129311204,1.6941649307949043,0.7558723219666859
3208,0.9888666975515492,0.6498094870845008,1.7103939377862232,0.17095983804053597
3209,0.4670249780564929,0.37785136165383804,1.7103939377862232,0.7558723219644403
3210,0.9889191464596837,0.6504604541906965,1.725433685167434,0.14928771369456317
3211,0.4714650674256457,0.36453548448485806,1.725433685167434,0.7558723219625635
3212,0.988777215058401,0.6513967071400748,1.7401761143804537,0.19411370339479878
3213,0.47719472999319784,0.3509334070811212,1.7401761143804537,0.7558723219610378
3214,0.9887219289277022,0.652221354663788,1.754141629833257,0.13562330164319553
3215,0.48414765163626755,0.3370632894040921,1.754141629833257,0.7558723219598456
3216,0.9891345202794674,0.6523308814083336,1.7665277908132098,0.0794737788650225
3217,0.4922471674758954,0.3229446407168116,1.7665277908132098,0.755872321958969
3218,0.990075230702316,0.651670872810435,1.777423410263629,0.059318594501372966
3219,0.5014088725582186,0.308598578780999,1.777423410263629,0.7558723219583905
3220,0.9914734594205044,0.6503053948815016,1.7868156037930072,0.0839459730628729
3221,0.5115431539247676,0.294048174319507,1.7868156037930072,0.7558723219580906
3222,0.9927539932249541,0.6490781444795699,1.7956194674355426,0.05201927861500628
3223,0.5225575039555268,0.27931891302814993,1.7956194674355426,0.7558723219580508
3224,0.9940565810641835,0.6478030019924224,1.8036633644399578,0.08033417893770285
3225,0.5343585245299025,0.26443932161537365,1.8036633644399578,0.7558723219582516
3226,0.9952117223165029,0.6466897966241388,1.8110471044163687,0.0400092107389872
3227,0.5468535786265671,0.24944182562026956,1.8110471044163687,0.7558723219586742
3228,0.9964230047840655,0.6455002005561602,1.8176636274709086,0.08488557936360462
3229,0.5599520846013766,0.23436393897048996,1.8176636274709086,0.7558723219593003
3230,0.997487416269692,0.644471036771174,1.823580882442859,0.042655462815649275
3231,0.5735664760598818,0.2192499344187908,1.823580882442859,0.7558723219601114
3232,0.9978667173260014,0.6443370205097917,1.8293843010019406,0.06083054543442227
3233,0.587612867128231,0.20415321938382405,1.8293843010019406,0.7558723219610903
3234,0.9983357398933054,0.6440881523997345,1.8343491377547572,0.05327137693719978
3235,0.6020114707571808,0.18913975686801357,1.8343491377547572,0.7558723219622192
3236,0.9986625149818322,0.6439828909584624,1.8385088929665365,0.059934951104402785
3237,0.6166868188366033,0.17429304377207322,1.8385088929665365,0.7558723219634814
3238,0.9982717832786534,0.6447910809434636,1.8423966027987777,0.1047771701242663
3239,0.6315678296924159,0.15972140516871416,1.8423966027987777,0.7558723219648614
3240,0.9980139170251991,0.645440658925314,1.84540779385832,0.06296119594263662
3241,0.6465877629374751,0.14556867166512338,1.84540779385832,0.7558723219663434
3242,0.9976408765477608,0.6462005972257207,1.847551133789945,0.10026529193703336
3243,0.6616840950955064,0.1320295533251302,1.847551133789945,0.7558723219679124
3244,0.9965217489754347,0.6478909077553797,1.8492830325239362,0.1532368219579248
3245,0.676798342866712,0.11937072513548097,1.8492830325239362,0.755872321969554
3246,0.9946828882109419,0.6504853645532812,1.850556378288024,0.20097807247376476
3247,0.691875854911303,0.1079563835913865,1.850556378288024,0.755872321971255
3248,0.9921283815458949,0.6539751995238795,1.851300646727224,0.24786259917023162
3249,0.7068655878591809,0.09826966440497914,1.851300646727224,0.7558723219730026
3250,0.9888476487991392,0.6583608843676791,1.8514269397768377,0.289122656381945
3251,0.7217198779854809,0.09090498345456603,1.8514269397768377,0.7558723219747846
3252,0.9858618822425051,0.6624371789764941,1.850650758894434,0.22750910815037237
3253,0.7363942165841559,0.08648724973459607,1.850650758894434,0.7558723219765897
3254,0.9829210873686369,0.6664716606385074,1.8489723747620457,0.2702613873812337
3255,0.7508470344282283,0.08549139531711583,1.8489723747620457,0.755872321978407
3256,0.9792679313391123,0.671397017596222,1.8466611908618822,0.3121835945833628
3257,0.7650394987062125,0.08803718208220718,1.8466611908618822,0.7558723219802275
3258,0.9759392126923234,0.6759927279827069,1.8435153012466852,0.25001315863070384
3259,0.778935324349091,0.09382818683596057,1.8435153012466852,0.7558723219820406
3260,0.9726355068656591,0.6805494267364347,1.8394465124599961,0.2920535842055098
3261,0.7925006006010904,0.10229602026691416,1.8394465124599961,0.7558723219838391
3262,0.9685437719331775,0.6860354409961571,1.8346122817165695,0.3333767606957083
3263,0.8057036329458456,0.11281272865147884,1.8346122817165695,0.7558723219856143
3264,0.9647283173454803,0.6912010309615969,1.8288941542620674,0.264618833065782
3265,0.8185147999994029,0.12482852760753134,1.8288941542620674,0.7558723219873593
3266,0.9620499332097117,0.6950554108491819,1.8223116143874833,0.20459193778837714
3267,0.8309064246605299,0.13791439071166503,1.8223116143874833,0.7558723219890682
3268,0.9593995582922779,0.6988767156762339,1.8149611042085207,0.24502346877203116
3269,0.842852658618215,0.1517523913477575,1.8149611042085207,0.7558723219907348
3270,0.957008435173201,0.7024213262873066,1.8069254632963236,0.1945199176544213
3271,0.8543293792187275,0.16611058314346336,1.8069254632963236,0.755872321992354
3272,0.954622646973964,0.7059491605404091,1.7981684698386715,0.2290259872560844
3273,0.8653140976619855,0.18081896160698335,1.7981684698386715,0.7558723219939217
3274,0.9513556666486648,0.7104666367855493,1.7886779956085004,0.2706820488852217
3275,0.8757858775083599,0.19575095250422517,1.7886779956085004,0.7558723219954335
3276,0.9483720240066262,0.7146866475423282,1.7786160267632662,0.21833892630561696
3277,0.8857252625171312,0.21081027639789698,1.7786160267632662,0.7558723219968867
3278,0.9454093786619457,0.7188669396193224,1.767923874716263,0.25475686314473617
3279,0.895114212895612,0.22592191623946126,1.767923874716263,0.7558723219982775
3280,0.9415540361492396,0.7213186896742448,1.756519825008679,0.2942019572377176
3281,0.9039360491056263,0.24102595767940888,1.756519825008679,0.7558723219996044
3282,0.9380004700250044,0.7217860297046799,1.7446736226906678,0.24026043868121852
3283,0.9121754024462281,0.256073375245198,1.7446736226906678,0.7558723220008654
3284,0.9344786081892963,0.7222030301432142,1.7323031506739515,0.2763071612134823
3285,0.9198181717045408,0.2710231240561859,1.7323031506739515,0.755872322002059
3286,0.930059579715459,0.7222503708002082,1.7192840278834927,0.31529645426734365
3287,0.9268514852380617,0.2858401092631049,1.7192840278834927,0.7558723220031834
3288,0.925963382243648,0.7224381293301465,1.7059860071397366,0.2597381273002415
3289,0.9332636679201954,0.300493750324091,1.7059860071397366,0.7558723220042363
3290,0.9219193172462972,0.7225885850460608,1.6923212270961527,0.29574521704809253
3291,0.9390442124453716,0.31495695285396286,1.6923212270961527,0.7558723220052173
3292,0.916979657362243,0.7223474766637428,1.6781161921976,0.3342573299478584
3293,0.9441837545504486,0.32920536320819876,1.6781161921976,0.7558723220061268
3294,0.912382265089159,0.7222673457327005,1.663821982929191,0.27751564872493
3295,0.9486740517651935,0.34321682173016005,1.663821982929191,0.7558723220069663
3296,0.9078558484617169,0.7221624687938784,1.6493445014367232,0.3132552769750735
3297,0.9525079653565648,0.35697095737960377,1.6493445014367232,0.755872322007736
3298,0.9024360405056884,0.7216454363285053,1.6344666548134232,0.3512197302580872
3299,0.9556794451796263,0.37044888423001837,1.6344666548134232,0.7558723220084379
3300,0.8973644552982825,0.7212699314969512,1.6196712223954661,0.2920949488894346
3301,0.9581835171925245,0.3836329722386094,1.6196712223954661,0.755872322009073
3302,0.8923727798703526,0.7208457032573352,1.6048613134374095,0.3265594352763702
3303,0.9600162734345169,0.39650667277780843,1.6048613134374095,0.7558723220096433
3304,0.8864902870495878,0.7199770692544545,1.589805670286004,0.3728304601411309
3305,0.9611748643049632,0.4090543849684967,1.589805670286004,0.7558723220101506
3306,0.8797496699491849,0.7186855105500819,1.574586714004102,0.40734583244343947
3307,0.9616574930179685,0.42126135271207615,1.574586714004102,0.7558723220105977
3308,0.8721741199138972,0.7169534083543704,1.5592496391706112,0.44262114042762896
3309,0.9614634121424341,0.4331135850293724,1.5592496391706112,0.7558723220109865
3310,0.8650384498569585,0.7154485512021432,1.5444330250621587,0.37895673120213413
3311,0.960592922171109,0.44280130702134723,1.5444330250621587,0.7558723220113188
3312,0.8580813616849281,0.713995227276766,1.5300587544609054,0.40823973743361214
3313,0.959047372095292,0.4276872473860403,1.5300587544609054,0.7558723220115984
3314,0.851538934236206,0.7127200743894908,1.516313151794399,0.33938466413349455
3315,0.9568291619945638,0.4126135778447179,1.516313151794399,0.7558723220118266
3316,0.8451582721023725,0.7114823622838907,1.5031500883904496,0.37743738290067536
3317,0.9539417476837901,0.39764315731882804,1.5031500883904496,0.7558723220120066
3318,0.8379261440481975,0.7097423076456711,1.4901809093971852,0.4165662176551685
3319,0.9503896474930861,0.3828460535007628,1.4901809093971852,0.7558723220121408
3320,0.8298733243036953,0.7074862060374006,1.477461873347956,0.4488105989380773
3321,0.9461784512909182,0.36830051765465505,1.477461873347956,0.7558723220122329
3322,0.8210338099242132,0.7047139115278475,1.4650625299832827,0.4820349281028667
3323,0.9413148318965094,0.3540939977846496,1.4650625299832827,0.7558723220122842
3324,0.8126907574249678,0.702246091610895,1.4537819921905242,0.41014759849792576
3325,0.935806559065672,0.3403241186133565,1.4537819921905242,0.7558723220122983
3326,0.8058332356985585,0.700718625450797,1.4442441114271054,0.3432916355041902
3327,0.9296625162745594,0.3270995089516872,1.4442441114271054,0.7558723220122776
3328,0.8004037161704709,0.7000864001339688,1.436453741740108,0.2819579973453751
3329,0.9228927205690897,0.3145402924284406,1.436453741740108,0.7558723220122249
3330,0.7963378350744509,0.7003494081351608,1.430453786374341,0.24289296101365446
3331,0.9155083457943489,0.30277797839725734,1.430453786374341,0.7558723220121428
3332,0.7923606891852142,0.7005460187002022,1.4254113019609709,0.2663230030222293
3333,0.9075217495685451,0.29195440714676485,1.4254113019609709,0.7558723220120338
3334,0.7874831595530193,0.6999421433105172,1.4207136656573789,0.2886923673987884
3335,0.8989465044203739,0.28221934309174435,1.4207136656573789,0.7558723220119009
3336,0.7829405742722457,0.6995394914467493,1.4172988260984314,0.24685690673067898
3337,0.8897974335671793,0.2737263165841934,1.4172988260984314,0.7558723220117456
3338,0.7785013240780996,0.6991129822604581,1.4149788843886013,0.26725763264749036
3339,0.880090651874102,0.2666264504524251,1.4149788843886013,0.755872322011571
3340,0.773191504261863,0.6978753581956008,1.413076755335949,0.30048028890493783
3341,0.8698436126012637,0.26106032714209193,1.413076755335949,0.7558723220113793
3342,0.7670798611248919,0.6958045541881518,1.4115797340799883,0.32870679826050064
3343,0.8590751606163358,0.25714846213380027,1.4115797340799883,0.7558723220111729
3344,0.7604313162309173,0.6931714983626981,1.4107485394261088,0.3401045364855167
3345,0.8478055928224201,0.25498155027580943,1.4107485394261088,0.7558723220109533
3346,0.7542924789022472,0.6910717246615901,1.4115825350476747,0.29239630782153964
3347,0.8360567266240674,0.25461212081067036,1.4115825350476747,0.755872322010723
3348,0.7483088274247536,0.6890042947090749,1.4135827712573326,0.31791340033306786
3349,0.8238519773244064,0.2560492989239377,1.4135827712573326,0.7558723220104837
3350,0.7422650707799475,0.6868272747888243,1.4166125219210042,0.29811167638779174
3351,0.8112164454091719,0.2592578650112957,1.4166125219210042,0.7558723220102375
3352,0.7360816495980494,0.6843583183240907,1.4204608678951665,0.3322514732019375
3353,0.7981770147221903,0.2641618352199457,1.4204608678951665,0.7558723220099861
3354,0.7292014413933409,0.6810261693485326,1.424586861594868,0.36025943747774114
3355,0.7847624625621027,0.27065172789551395,1.424586861594868,0.7558723220097309
3356,0.7216899214850832,0.6768438259751387,1.4289580835554023,0.3899821226897513
3357,0.7710035827184453,0.2785939552683769,1.4289580835554023,0.7558723220094736
3358,0.713567936723959,0.6718542428479638,1.4335768903127464,0.4230384448378702
3359,0.7569333223983381,0.28784061626581464,1.4335768903127464,0.7558723220092161
3360,0.7048899970120165,0.6660780548469526,1.4384075982613156,0.4543589040286408
3361,0.7425869338481313,0.29823830048572175,1.4384075982613156,0.7558723220089588
3362,0.6966384170473133,0.6607160000598808,1.4444832847588112,0.40030975729784846
3363,0.7280021412142299,0.30963509327703753,1.4444832847588112,0.7558723220087034
3364,0.6886489029183426,0.6555080250431622,1.4514890876595037,0.4250081128336469
3365,0.7132193227703559,0.32188553818855753,1.4514890876595037,0.7558723220084513
3366,0.6802096408673077,0.6494829405572188,1.4584648168245078,0.45142405939855285
3367,0.698281708008444,0.3348537144875325,1.4584648168245078,0.7558723220082031
3368,0.6721413941361923,0.6438973680557463,1.4665165434840268,0.3913845138069728
3369,0.6832355881760526,0.34841479299611205,1.4665165434840268,0.7558723220079596
3370,0.6643797360910337,0.6384598367393531,1.4752685082942827,0.4169012070988002
3371,0.668130537557211,0.3624554850969638,1.4752685082942827,0.755872322007722
3372,0.6569947427156341,0.6334215338778054,1.4848989603978526,0.35205544204650924
3373,0.6530196410322515,0.3768737602449324,1.4848989603978526,0.7558723220074911
3374,0.6505560926533621,0.629753602633044,1.4962428266410703,0.29655013645765854
3375,0.6379597210984693,0.391578129553465,1.4962428266410703,0.7558723220072673
3376,0.6450115129153012,0.6273966941386542,1.5091680671690326,0.259015890128456
3377,0.6230115544655286,0.40648671040245515,1.5091680671690326,0.7558723220070511
3378,0.6396467790582896,0.625060413378038,1.5223799238956701,0.2828932186221253
3379,0.60824006444732,0.42152621582710764,1.5223799238956701,0.7558723220068433
3380,0.6339083510907733,0.6217475188521647,1.534867716998646,0.3042135668106411
3381,0.5937144705864772,0.43663095782893185,1.534867716998646,0.7558723220066442
3382,0.6278118679990854,0.6174954349631813,1.546601517669706,0.33446923263506867
3383,0.5795083712875094,0.4517419150214647,1.546601517669706,0.7558723220064542
3384,0.6214278756083053,0.6123324994659657,1.5575315332722823,0.3711086759320192
3385,0.565699728873346,0.46680588921901855,1.5575315332722823,0.7558723220062736
3386,0.6148845164645654,0.6062846767464402,1.5675963372638442,0.3952253358241237
3387,0.5523707198374098,0.4817747593399916,1.5675963372638442,0.7558723220061024
3388,0.6085833980262962,0.6006436464277793,1.5780109367565502,0.3351470883719237
3389,0.5396074069104745,0.49660483140274475,1.5780109367565502,0.7558723220059408
3390,0.602961237614315,0.5963959469288914,1.5896582830793424,0.29804774672647694
3391,0.5274991851248256,0.5112562781870925,1.5896582830793424,0.755872322005789
3392,0.5975398498989553,0.5922353298024574,1.6012023674896199,0.30870088683068864
3393,0.5161379530778112,0.5088464739892201,1.6012023674896199,0.7558723220056466
3394,0.5922755967802992,0.5883956607080707,1.6128375259356196,0.2779173591793302
3395,0.5056169652760844,0.5000043761052034,1.6128375259356196,0.7558723220055148
3396,0.5871692024615801,0.5846200847186273,1.6242418016797706,0.2937682945720713
3397,0.4960293341992429,0.49072320790681145,1.6242418016797706,0.7558723220053919
3398,0.5819788863654379,0.5798926062065125,1.6343539471864716,0.31781135450367815
3399,0.4874661736627797,0.48101251739379236,1.6343539471864716,0.7558723220052785
3400,0.5769724473137051,0.5754955214659575,1.6444082909233306,0.28239839627237534
3401,0.4800144091403496,0.47088238372024777,1.6444082909233306,0.7558723220051747
3402,0.5721534367174628,0.5711771745122356,1.6540989337770906,0.29953056687879676
3403,0.47375432468552925,0.4603434289543589,1.6540989337770906,0.7558723220050801
3404,0.5674888370604231,0.5671673976947701,1.6636233872224528,0.26277275336848427
3405,0.468756965597591,0.449406833529661,1.6636233872224528,0.7558723220049947
3406,0.5630055877186692,0.5632182724127849,1.6726836291988703,0.2812011879295772
3407,0.46508156315586857,0.43808435636175536,1.6726836291988703,0.755872322004918
3408,0.5585502237529848,0.5583165580622595,1.680228971166907,0.3146596573931755
3409,0.46277318211545154,0.42638836087635884,1.680228971166907,0.7558723220048496
3410,0.5541870174550624,0.5524993364542561,1.6862602314050747,0.354728517825145
3411,0.46186080238322713,0.41433184855451344,1.6862602314050747,0.7558723220047893
3412,0.549958448315138,0.5458006770861035,1.690781472617121,0.38264371809862113
3413,0.46235602562273737,0.4019285020810797,1.690781472617121,0.7558723220047373
3414,0.5458742960981025,0.5382487538266215,1.6937967469473565,0.424820567202324
3415,0.4642525441936996,0.38919274082920013,1.6937967469473565,0.7558723220046927
3416,0.5420473585631587,0.5298836956919295,1.6953167270915004,0.45239792364965214
3417,0.46752643082663803,0.37613979229185945,1.6953167270915004,0.7558723220046556
3418,0.5384297318373655,0.5215237507713841,1.6961503217062313,0.4207863685457818
3419,0.4721372170361077,0.36278578427670455,1.6961503217062313,0.7558723220046252
3420,0.5351363648935276,0.5130307404328632,1.6961312751873605,0.45560212586563936
3421,0.4780296441545724,0.34914786435013306,1.6961312751873605,0.7558723220046012
3422,0.5321139415844838,0.5037471622463718,1.6945873048569866,0.4947514815525251
3423,0.48513590880737906,0.3352443553551232,1.6945873048569866,0.7558723220045837
3424,0.529488353583263,0.4937148135410501,1.6915444343267632,0.5297363493887803
3425,0.49337819405902705,0.3210949591383305,1.6915444343267632,0.7558723220045713
3426,0.5273273612846584,0.48296614658793463,1.6870264080552697,0.5570225222366527
3427,0.5026712794480124,0.3067210253638461,1.6870264080552697,0.7558723220045652
3428,0.525442095079407,0.47275440606092284,1.6822835341631581,0.4791197015701104
3429,0.5129250515449403,0.29214590916207905,1.6822835341631581,0.7558723220045638
3430,0.5235395574346656,0.46403778087933345,1.6782626570767984,0.4199522512336975
3431,0.5240467812144357,0.27739545143774536,1.6782626570767984,0.7558723220045673
3432,0.5219240645139858,0.4555573926117558,1.673692575327737,0.4477704144805129
3433,0.5359430835426487,0.262498630611188,1.673692575327737,0.7558723220045748
3434,0.5208562985361822,0.4463221993054861,1.6675852014766979,0.4783561928611811
3435,0.5485215226259514,0.2474884570038599,1.6675852014766979,0.7558723220045862
3436,0.5198978235854366,0.4375500987020682,1.6611497679801634,0.4184657234290598
3437,0.5616918606889654,0.23240321509474368,1.6611497679801634,0.7558723220046014
3438,0.5191907589113729,0.42901451708359845,1.654161752078664,0.44711000002316814
3439,0.5753669772240823,0.21728821084967115,1.654161752078664,0.7558723220046197
3440,0.5191107427447681,0.4197402610248769,1.6456670276064131,0.4777919648993925
3441,0.5894634994366323,0.2021982610072103,1.6456670276064131,0.7558723220046412
3442,0.5191375385904582,0.41094135003501797,1.6368621586960885,0.41747411634028464
3443,0.603902192104297,0.18720128274840223,1.6368621586960885,0.7558723220046653
3444,0.5194488784178369,0.4024090794568976,1.6275544785508724,0.4478593835884783
3445,0.618608155411357,0.1723835236561011,1.6275544785508724,0.755872322004691
3446,0.5204256630590989,0.39315024429197615,1.6167865882856747,0.47827111892051477
3447,0.6335108757021599,0.15785722799274113,1.6167865882856747,0.7558723220047194
3448,0.5221255398621548,0.38320970350886563,1.604627110114079,0.5092998966488805
3449,0.6485441683037839,0.1437718470296346,1.604627110114079,0.7558723220047493
3450,0.5238566769618787,0.37376680444671306,1.5922142380743491,0.4408641701879662
3451,0.6636460449713186,0.13033011634604874,1.5922142380743491,0.7558723220047806
3452,0.5257898575408275,0.36461218206740464,1.5793654326819895,0.4792984283568488
3453,0.6787585320070013,0.11780987954406777,1.5793654326819895,0.7558723220048131
3454,0.5285515891808953,0.35483677215349235,1.5652511963394362,0.5013146622791864
3455,0.6938274592090001,0.1065898404417306,1.5652511963394362,0.7558723220048469
3456,0.5312523089224541,0.3455413781696566,1.550897967562634,0.43325008787483965
3457,0.7088022347531931,0.09716907110246437,1.550897967562634,0.7558723220048807
3458,0.5341070786034205,0.33654538286464497,1.5361655319543424,0.4667407716610182
3459,0.7236356169584233,0.09015260615461208,1.5361655319543424,0.7558723220049153
3460,0.5377862394641525,0.32693524125602325,1.5202385987157558,0.5060819122994353
3461,0.7382834905835775,0.08615795956918158,1.5202385987157558,0.7558723220049504
3462,0.5423234948239692,0.31677108162632944,1.5032118099354557,0.5324884575359666
3463,0.7527046527518582,0.0856242343854865,1.5032118099354557,0.7558723220049853
3464,0.5477284989956441,0.3061018269700574,1.4851633293155488,0.5624360570458826
3465,0.7668606116731747,0.08861588080301733,1.4851633293155488,0.7558723220050205
3466,0.5540061154256475,0.2949805312108747,1.466172159143602,0.5882694819077547
3467,0.7807153999200964,0.09478967059996452,1.466172159143602,0.755872322005055
3468,0.5600717138576232,0.28438602755193826,1.4470870710232229,0.5198100985675271
3469,0.7942354029981328,0.10355814542677758,1.4470870710232229,0.7558723220050892
3470,0.5661849149295718,0.27420946227273896,1.427859360876862,0.5480627499925632
3471,0.8073892032448455,0.11429801301734913,1.427859360876862,0.7558723220051227
3472,0.5732120546243505,0.2637122180471195,1.4078899572245962,0.573884369123468
3473,0.8201474386186286,0.1264743520039241,1.4078899572245962,0.7558723220051554
3474,0.5799612670157595,0.25373943554396117,1.3878698740354745,0.500254153026412
3475,0.8324826756364182,0.13967370187619055,1.3878698740354745,0.7558723220051876
3476,0.5854690996434764,0.24485553278532995,1.3682500084094487,0.43852041641520245
3477,0.8443692955429865,0.15359078451816863,1.3682500084094487,0.7558723220052188
3478,0.590553958907755,0.23655775608364815,1.3486714507325033,0.42908993834111925
3479,0.8557833927067992,0.16800294708057906,1.3486714507325033,0.7558723220052491
3480,0.5950545799431898,0.22886763048945136,1.3291573170890998,0.36770132552486495
3481,0.8667026842115503,0.18274674286198933,1.3291573170890998,0.7558723220052783
3482,0.5983279064184857,0.2220372825618235,1.309892956111026,0.3292385092791397
3483,0.8771064296283583,0.19770017071310228,1.309892956111026,0.7558723220053066
3484,0.6016506068051297,0.21544962822616665,1.2904756030478228,0.34552538393477505
3485,0.8869753599965337,0.21277014889487464,1.2904756030478228,0.7558723220053333
3486,0.6060027339375285,0.2085811290692474,1.270556174581712,0.36882085648941426
3487,0.8962916151002932,0.22788391923364487,1.270556174581712,0.7558723220053587
3488,0.6101023591249969,0.20198267261137917,1.2505267890504277,0.3303571358167009
3489,0.9050386881973217,0.24298318560261076,1.2505267890504277,0.7558723220053837
3490,0.6142093957757282,0.19563625653730216,1.2304451479551934,0.3489323382135383
3491,0.913201377427553,0.25802010043101997,1.2304451479551934,0.7558723220054064
3492,0.6193256016467843,0.18915453869802074,1.2100915939370716,0.3707612610519426
3493,0.9207657432034548,0.2729544908246652,1.2100915939370716,0.7558723220054283
3494,0.6241567774753677,0.18295089955657304,1.1897250833542896,0.33063213768335425
3495,0.927719070954234,0.28775191874165246,1.1897250833542896,0.7558723220054488
3496,0.628956058259077,0.1770419889390181,1.1694357644584608,0.3498292349681117
3497,0.9340498386643424,0.3023823071453936,1.1694357644584608,0.7558723220054678
3498,0.634729117365523,0.17117427344458033,1.149102365005863,0.3733502132302453
3499,0.9397476887107108,0.3168189545586541,1.149102365005863,0.7558723220054858
3500,0.6401860883659964,0.1656004321555912,1.1288571212444714,0.33038294134317464
3501,0.9448034035629329,0.3310378194977992,1.1288571212444714,0.7558723220055024
3502,0.6455728491403148,0.1603574157122674,1.1088019444093031,0.3515646092863911
3503,0.9492088849661618,0.3450169948543607,1.1088019444093031,0.7558723220055176
3504,0.6518948623212668,0.15532605878370878,1.0888828256909329,0.3763931447960273
3505,0.9529571362778974,0.3587363176758893,1.0888828256909329,0.7558723220055319
3506,0.6578765161727984,0.15061697631257295,1.0691627454931525,0.33103497229850587
3507,0.9560422476774686,0.3721770766586412,1.0691627454931525,0.7558723220055443
3508,0.6637511902169444,0.14632349673874043,1.0497862253562371,0.3537201525477638
3509,0.9584593840112055,0.38532179098827996,1.0497862253562371,0.7558723220055561
3510,0.6705082324123173,0.14253336879286635,1.030805904779078,0.3857748423087098
3511,0.9602047750774731,0.3981540418595548,1.030805904779078,0.755872322005566
3512,0.6781118411218786,0.13934589722506602,1.0122391938820856,0.4250683887226003
3513,0.9612757081943704,0.4106583432974369,1.0122391938820856,0.7558723220055753
3514,0.6865160512976864,0.1369455206832786,0.9941712040278726,0.4551627745822558
3515,0.961670522929415,0.4228200425842181,0.9941712040278726,0.7558723220055837
3516,0.6956585148823172,0.13557332871896727,0.976739019888661,0.47641749269146116
3517,0.9613886079054262,0.4346252431888025,0.976739019888661,0.7558723220055905
3518,0.7043408712957556,0.1347441613694298,0.9597244396571435,0.40965258476692723
3519,0.9604303996305237,0.4408393370833529,0.9597244396571435,0.7558723220055962
3520,0.7115925407306509,0.13396083897575445,0.9431082931113713,0.3454118809273616
3521,0.9587973833331439,0.42572720057769114,0.9431082931113713,0.7558723220056011
3522,0.7174882586010766,0.13296498295954748,0.9268745019709514,0.29487156233226874
3523,0.9564920958157097,0.4106632383708876,0.9268745019709514,0.7558723220056055
3524,0.7221701636667484,0.13160539034003527,0.9110441137747042,0.24588843032557017
3525,0.9535181303734851,0.39571119246559466,0.9110441137747042,0.7558723220056087
3526,0.7256913135692198,0.12974251049122568,0.8956518750999003,0.21724945307454369
3527,0.9498801438587194,0.38094213638176344,0.8956518750999003,0.755872322005611
3528,0.728063463908724,0.12724061609289714,0.8807378359865274,0.20954007430299687
3529,0.9455838660048288,0.3664354576858459,0.8807378359865274,0.7558723220056126
3530,0.7295194486765239,0.12419964170599537,0.8664480843172402,0.20611528506452942
3531,0.9406361111615912,0.35227987175018904,0.8664480843172402,0.7558723220056134
3532,0.7302369805873492,0.12062966190475842,0.8528364347139691,0.20747939509907976
3533,0.9350447926305671,0.3385743898729063,0.8528364347139691,0.7558723220056133
3534,0.7301368423622936,0.11632532014818778,0.83987466940345,0.23930642092374402
3535,0.9288189398306876,0.32542911490888543,0.83987466940345,0.7558723220056127
3536,0.7291520848835138,0.11120244650913591,0.8276606371822727,0.2744443111751836
3537,0.9219687185676014,0.3129656708051753,0.8276606371822727,0.7558723220056119
3538,0.7274041112609135,0.10522384342377483,0.8162215294633958,0.3204456100667174
3539,0.9145054547274029,0.30131699195037076,0.8162215294633958,0.7558723220056102
3540,0.7249675938348075,0.09844252688017326,0.8056962139319601,0.3568371268885167
3541,0.9064416617661212,0.2906261166036177,0.8056962139319601,0.7558723220056082
3542,0.7219398417880615,0.09085337901926754,0.7961406024639349,0.4010675049353681
3543,0.8977910724211867,0.2810435739920845,0.7961406024639349,0.7558723220056056
3544,0.7183920779730956,0.08245181318242455,0.7876192521306116,0.4427747027292514
3545,0.8885686751301713,0.27272297466026457,0.7876192521306116,0.755872322005603
3546,0.7144328464114589,0.07326277074355105,0.7801867163745371,0.4847624749270582
3547,0.8787907557054504,0.26581457041812917,0.7801867163745371,0.7558723220055998
3548,0.7104133140319071,0.06378450831351994,0.774132233393995,0.4818239193470982
3549,0.8684749448807854,0.26045689605361055,0.774132233393995,0.7558723220055963
3550,0.7068283448772473,0.0551848989567272,0.7701493886911223,0.4084606213025033
3551,0.8576402724164981,0.25676713492304665,0.7701493886911223,0.7558723220055924
3552,0.7039307219282883,0.048028545473660283,0.768455798307569,0.33832331105695235
3553,0.8463072285226625,0.2548314492861513,0.768455798307569,0.7558723220055885
3554,0.7012734342009492,0.04103962701021934,0.7681850457634786,0.3831664947701515
3555,0.8344978334324796,0.2546969476007073,0.7681850457634786,0.755872322005584
3556,0.6988200067629816,0.03450815921210265,0.7695247968312802,0.31301022020030345
3557,0.8222357160274936,0.2563669537687433,0.7695247968312802,0.7558723220055794
3558,0.6968259109832401,0.02942155937016658,0.7729705755850879,0.24540181182536416
3559,0.8095462024777316,0.25980066417707065,0.7729705755850879,0.7558723220055746
3560,0.69520285072362,0.02572986980834156,0.7783971409104922,0.18182726396113483
3561,0.7964564159061729,0.2649172741242407,0.7783971409104922,0.7558723220055701
3562,0.6938296570644941,0.02337983071582866,0.7857151859379122,0.1240944217906035
3563,0.782995388108229,0.27160361761427526,0.7857151859379122,0.7558723220055653
3564,0.6925136874516693,0.0211342397581115,0.7939984907676222,0.1740816598318607
3565,0.7691941843392455,0.2797237054649887,0.7939984907676222,0.7558723220055606
3566,0.6911413178988632,0.018187197038443167,0.8025544862336822,0.22083563788254756
3567,0.7550860421073534,0.289128457145004,0.8025544862336822,0.7558723220055561
3568,0.6898590688878978,0.015861526271779777,0.812126930162304,0.15684773982526404
3569,0.7407065247494568,0.29966430391470794,0.812126930162304,0.7558723220055511
3570,0.6886753498450038,0.01493260543116526,0.8232825698947448,0.10523485565326793
3571,0.7260936902903743,0.311179932024403,0.8232825698947448,0.7558723220055467
3572,0.6875111250564185,0.015099678771256227,0.8359165634126358,0.07107097954663143
3573,0.7112882756440173,0.3235309853654566,0.8359165634126358,0.7558723220055423
3574,0.6864079744874262,0.015327695198328033,0.8490384100819901,0.10269259949783743
3575,0.6963338955528584,0.33658292260168593,0.8490384100819901,0.7558723220055376
3576,0.685461086697672,0.015136127668361614,0.8618581829626072,0.14602007861739746
3577,0.6812772547047091,0.3502124061103411,0.8618581829626072,0.755872322005533
3578,0.6844876240725029,0.015424717822566422,0.8752730222564583,0.08683557149868384
3579,0.6661683701243292,0.36430763630168067,0.8752730222564583,0.7558723220055289
3580,0.6833923049260767,0.01631921659608808,0.8898951876515009,0.06232526008823315
3581,0.6510607991059651,0.3787679978116328,0.8898951876515009,0.7558723220055245
3582,0.6821291209331869,0.01759279297391582,0.9056346605578892,0.0804426576563424
3583,0.6360118655133419,0.3935033041933166,0.9056346605578892,0.7558723220055206
3584,0.6809996287901757,0.018714541352640425,0.9214007643702804,0.05778473934493002
3585,0.6210828741044222,0.4084328459743363,0.9214007643702804,0.7558723220055167
3586,0.6799568976597387,0.01971386178576154,0.9370725174745537,0.0599464283877044
3587,0.6063392985326649,0.4234843777899312,0.9370725174745537,0.755872322005513
3588,0.6791399140306479,0.02045711244586827,0.9524046137183196,0.06151636141829207
3589,0.5918509237739021,0.43859312786011334,0.9524046137183196,0.7558723220055091
3590,0.6783076842252425,0.02124844716152978,0.9678467124307419,0.054287549292916126
3591,0.5776919179626752,0.45370087621687283,0.9678467124307419,0.755872322005506
3592,0.6775806120958965,0.021949006499616265,0.9831132553119565,0.06564665736632039
3593,0.563940802194098,0.46875512371029304,0.9831132553119565,0.7558723220055025
3594,0.6773375623267904,0.022217894126744756,0.9972831500737708,0.10112685924155577
3595,0.5506802802159173,0.483708358599558,0.9972831500737708,0.7558723220054994
3596,0.6770390581370527,0.022652517486607928,1.0114474877340036,0.05532454080035869
3597,0.5379968839254218,0.4985174186237016,1.0114474877340036,0.7558723220054965
3598,0.6762566605736116,0.02349218525182626,1.0264469783761927,0.04670600937213817
3599,0.5259803864884435,0.5131429416808396,1.0264469783761927,0.7558723220054936
3600,0.6750036776497559,0.024668609359507213,1.042202754471907,0.0842321282870833
3601,0.5147229345193597,0.5077239281150249,1.042202754471907,0.7558723220054911
3602,0.6732757686160381,0.026274137087492964,1.058653458873348,0.13499231555056695
3603,0.5043178563521992,0.49882432010190597,1.058653458873348,0.7558723220054887
3604,0.6710665772686495,0.028486187640786642,1.0757446866640936,0.1850092465911206
3605,0.4948581174081703,0.48948685140211734,1.0757446866640936,0.7558723220054866
3606,0.6683756596194047,0.031494015203906454,1.093423960429267,0.2355863935401591
3607,0.4864344180338611,0.4797211384023654,1.093423960429267,0.7558723220054842
3608,0.6659602404279518,0.034470885660056017,1.110419084040405,0.16834461545052268
3609,0.4791329646781263,0.46953732999034137,1.110419084040405,0.7558723220054825
3610,0.6635623469579489,0.03761414844624654,1.1269793658900276,0.21853124333136517
3611,0.47303299029440415,0.45894611974642896,1.1269793658900276,0.7558723220054805
3612,0.6606415314962605,0.041690776405451796,1.144046263576632,0.2664938556964712
3613,0.4682041495715419,0.4479587619404726,1.144046263576632,0.7558723220054794
3614,0.6571948205470677,0.04675473170670214,1.1615718615006307,0.31270124486159867
3615,0.4647039607419071,0.4365870923387307,1.1615718615006307,0.755872322005478
3616,0.6540581272638539,0.05163064990323715,1.1782551848337521,0.24514402680934394
3617,0.4625754975982347,0.4248435551080736,1.1782551848337521,0.7558723220054767
3618,0.6509284383523508,0.05657039010664944,1.19435021356803,0.2908996829310052
3619,0.46184554233230574,0.4127412374779779,1.19435021356803,0.7558723220054758
3620,0.6480558652252904,0.06126415232477112,1.2095743784108204,0.22296006139214375
3621,0.46252338480080535,0.40029391431980355,1.2095743784108204,0.7558723220054743
3622,0.6460201800196217,0.0647398395620867,1.2229146861380686,0.15776701778888996
3623,0.4646003965763197,0.3875161054752821,1.2229146861380686,0.7558723220054735
3624,0.6447887025336315,0.0670087907280825,1.2343933824830673,0.09602378887045712
3625,0.4680504267307635,0.374423149580879,1.2343933824830673,0.7558723220054728
3626,0.6435064098403915,0.06932629106591018,1.2452864622396926,0.14696910407584218
3627,0.4728309757046439,0.3610312993911168,1.2452864622396926,0.7558723220054723
3628,0.6424029493742188,0.07143354255811764,1.2553303528806328,0.09108701097146188
3629,0.4788850215651073,0.3473578453473344,1.2553303528806328,0.755872322005472
3630,0.6412386341314504,0.07359165319556614,1.2647581059703603,0.13802076836585953
3631,0.48614331461804644,0.3334212765832741,1.2647581059703603,0.7558723220054716
3632,0.6395056176558782,0.0765815104169095,1.2743477746371956,0.16872142862496176
3633,0.4945269300915415,0.3192414920256705,1.2743477746371956,0.7558723220054716
3634,0.6380439601877378,0.07916989187554657,1.2828419343686703,0.105024755897803
3635,0.5039498744971334,0.3048400792204355,1.2828419343686703,0.7558723220054713
3636,0.6374508970328785,0.08052992677221492,1.2894130476586048,0.05749764654190421
3637,0.5143215724145175,0.2902406857312357,1.2894130476586048,0.7558723220054715
3638,0.636772416947164,0.08195873225063016,1.2953366940977495,0.09981021271454973
3639,0.525549106262074,0.2754695185552675,1.2953366940977495,0.7558723220054715
3640,0.6352982088918533,0.08446166611781421,1.3015982897939669,0.14961067600325642
3641,0.5375391313670286,0.2605560227503335,1.3015982897939669,0.7558723220054716
3642,0.6340173186995014,0.08674574850912507,1.3069252694762707,0.09510744335176123
3643,0.5501994339497543,0.2455338141363637,1.3069252694762707,0.7558723220054722
3644,0.6326832908961595,0.0890590794085147,1.3115377714414747,0.14093971782780568
3645,0.5634401355296768,0.23044197686129902,1.3115377714414747,0.755872322005472
3646,0.6305294074060308,0.09240679297951564,1.3164004118400308,0.18948006735963707
3647,0.5771745720395032,0.2153268915570295,1.3164004118400308,0.7558723220054725
3648,0.6285236694263758,0.09549252398157518,1.320244320001424,0.12501110289579953
3649,0.5913198902639056,0.2002448440259652,1.320244320001424,0.7558723220054728
3650,0.6275309687742862,0.09733223636682731,1.3221597038653403,0.07292939700345115
3651,0.6057974100779654,0.18526579265084459,1.3221597038653403,0.7558723220054733
3652,0.6264572162886747,0.09920392228768579,1.323343528511465,0.11833849040280059
3653,0.6205328007612411,0.17047886331309886,1.323343528511465,0.7558723220054737
3654,0.6245055194464513,0.1021032691471557,1.3247294659709241,0.1712615851735652
3655,0.6354561156683467,0.15600040640526772,1.3247294659709241,0.755872322005474
3656,0.6217076700302386,0.10598595663201806,1.326260634768861,0.21830943903708283
3657,0.6505017235716108,0.14198576314747632,1.326260634768861,0.7558723220054746
3658,0.6180743260123693,0.1108023327962203,1.3278657069705875,0.26565308088730893
3659,0.6656081683656997,0.12864606382286775,1.3278657069705875,0.7558723220054749
3660,0.6136341038953578,0.11651115393260542,1.329488581737855,0.306834665618548
3661,0.6807179823786517,0.11627076661086541,1.329488581737855,0.7558723220054757
3662,0.6095012606475321,0.12187163684992108,1.3300255427532188,0.23781779642720946
3663,0.6957774727390932,0.10525344826560401,1.3300255427532188,0.755872322005476
3664,0.6065418830991935,0.1259244971118455,1.3286603091788503,0.1728164047695465
3665,0.7107364953134143,0.09610894394502302,1.3286603091788503,0.7558723220054767
3666,0.6047159522519395,0.12872116908789538,1.3254771093222777,0.11210646416830267
3667,0.7255482266885501,0.08945137835181761,1.3254771093222777,0.7558723220054773
3668,0.6040320628460839,0.13035659787155573,1.3206322373067296,0.06623077284645221
3669,0.7401689414775279,0.08588752736751092,1.3206322373067296,0.7558723220054779
3670,0.6032965812044568,0.13203519550370213,1.315138665614339,0.11355448436559104
3671,0.7545577997604789,0.08581707136099463,1.315138665614339,0.7558723220054786
3672,0.6015751526509583,0.13467556884461096,1.309741699969974,0.14941074918658548
3673,0.7686766476220209,0.08924853209616762,1.309741699969974,0.7558723220054795
3674,0.6000637944419421,0.13711067432443874,1.3035223949412729,0.09829562045602835
3675,0.7824898323882483,0.09579489604890494,1.3035223949412729,0.7558723220054806
3676,0.5985083906368436,0.1395351883097365,1.2966302626454205,0.13795584740153174
3677,0.7959640331967751,0.10485334254380649,1.2966302626454205,0.755872322005481
3678,0.5971424036671309,0.1417421811985786,1.2889351282185268,0.08532218883090106
3679,0.8090681068611657,0.11580732195231884,1.2889351282185268,0.7558723220054816
3680,0.5969284907039365,0.14287690153835209,1.2798489783667617,0.05270389041808594
3681,0.8217729485428393,0.12813726001533407,1.2798489783667617,0.7558723220054825
3682,0.5978535956925214,0.14306103672411088,1.2695545617825192,0.08089537688491377
3683,0.8340513664606053,0.1414449912487159,1.2695545617825192,0.755872322005483
3684,0.5991308711746709,0.142931249395119,1.258505756724765,0.07580434771743348
3685,0.8458779697047364,0.15543743765864168,1.258505756724765,0.755872322005483
3686,0.5996669292628624,0.1433866803898554,1.247338143297119,0.05981153827637479
3687,0.8572290681441989,0.16990084177841863,1.247338143297119,0.7558723220054835
3688,0.5990847426874618,0.1446819300564321,1.2362178223746556,0.08598654654653745
3689,0.8680825833962184,0.18467801656597568,1.2362178223746556,0.7558723220054839
3690,0.5974162373005154,0.14673019374782129,1.2250700490946105,0.12541641570564538
3691,0.878417969847469,0.19965132487534148,1.2250700490946105,0.7558723220054848
3692,0.594706620377012,0.1495305691893178,1.213924776601551,0.17096545965819962
3693,0.8882161447617641,0.21473073952618246,1.213924776601551,0.755872322005485
3694,0.5922414980502686,0.1522013258143203,1.2023338319047447,0.1209387620299924
3695,0.8974594265701381,0.2298456636843907,1.2023338319047447,0.7558723220054855
3696,0.589760645630284,0.15483705919899388,1.1903320098569077,0.1626870412166902
3697,0.9061314805084894,0.24493935265594,1.1903320098569077,0.7558723220054862
3698,0.5862552802685763,0.1581354488396819,1.1783083355449988,0.206231457530454
3699,0.9142172708406564,0.2599650905883132,1.1783083355449988,0.7558723220054867
3700,0.5830172003338792,0.16129194739700958,1.1659617803134594,0.15333513269059237
3701,0.9217030189775777,0.27488354425528044,1.1659617803134594,0.7558723220054872
3702,0.579792366421535,0.16439499680636063,1.1533232895282857,0.19473751862140182
3703,0.9285761668739779,0.2896609095167639,1.1533232895282857,0.7558723220054874
3704,0.5755701288901275,0.16811120135318763,1.1407197306346077,0.2379076192441103
3705,0.9348253451515017,0.3042675963997073,1.1407197306346077,0.7558723220054878
3706,0.5716380118797693,0.1716725891306974,1.1279481836055023,0.1826607759726772
3707,0.940440345460728,0.31867728438775444,1.1279481836055023,0.7558723220054882
3708,0.5677474181426694,0.17516934679202287,1.1150455351134712,0.22354508395528044
3709,0.9454120966537357,0.33286623537690196,1.1150455351134712,0.7558723220054883
3710,0.5628894738661615,0.17924895393776652,1.1022945750808741,0.2658519744818447
3711,0.9497326443938813,0.3468127882839113,1.1022945750808741,0.7558723220054885
3712,0.5583399310899061,0.18318552638935814,1.0895958192303445,0.20854263002966608
3713,0.9533951338803573,0.3604969833520336,1.0895958192303445,0.7558723220054892
3714,0.5538586174524056,0.1870406808768329,1.0769535816208626,0.24951067170546065
3715,0.956393795412257,0.3739002801997882,1.0769535816208626,0.7558723220054892
3716,0.5484470595547996,0.19142371875565262,1.0645877259622427,0.2920454303388887
3717,0.9587239325606427,0.3870053444211061,1.0645877259622427,0.7558723220054894
3718,0.5421441202118319,0.19634891652749942,1.0525935074898445,0.3337741449012398
3719,0.9603819127579427,0.39979588486998063,1.0525935074898445,0.7558723220054896
3720,0.5362106626316746,0.20108878365549687,1.0409310106659546,0.26956649615229317
3721,0.961365160152324,0.4122565288076514,1.0409310106659546,0.7558723220054897
3722,0.530405684615525,0.2057496658004544,1.029666895271249,0.30849198717395127
3723,0.9616721506109775,0.424372725606065,1.029666895271249,0.7558723220054897
3724,0.5249590045761449,0.21019091322780573,1.0188639048575772,0.24190897520150575
3725,0.9613024087909564,0.43613067217965734,1.0188639048575772,0.7558723220054903
3726,0.5208489420020037,0.21378367372956858,1.00846078706682,0.17992020300327574
3727,0.9602565072297979,0.43887720535763797,1.00846078706682,0.7558723220054905
3728,0.5180013557685047,0.2166117649594619,0.9985985501933771,0.12891566764691637
3729,0.9585360674410887,0.42376795651210336,0.9985985501933771,0.7558723220054909
3730,0.5157890774154599,0.21902158774991964,0.989350403766182,0.11689259086136972
3731,0.9561437630328495,0.4087147742356998,0.989350403766182,0.7558723220054908
3732,0.5142778654055745,0.22102263631492802,0.9808307739685225,0.09727047966991224
3733,0.9530833248995941,0.39378229895485073,0.9808307739685225,0.7558723220054905
3734,0.5128812549913366,0.22289646303975652,0.9730542942970266,0.10146695181566534
3735,0.9493595485725805,0.37904262662550664,0.9730542942970266,0.7558723220054907
3736,0.5106659431530117,0.22507637336224162,0.9660352686639689,0.13639193197657265
3737,0.9449783038476155,0.3645762982984047,0.9660352686639689,0.7558723220054909
3738,0.5075853048099214,0.22756760033595375,0.9598353848201143,0.1715700735700793
3739,0.9399465468462215,0.3504733131957826,0.9598353848201143,0.7558723220054908
3740,0.5047507039560603,0.2299311443668715,0.9546804261965371,0.11957466898930467
3741,0.9342723347045176,0.33683408285960187,0.9546804261965371,0.7558723220054906
3742,0.5030032765116592,0.23184109379122983,0.9507234167037856,0.0818626171912539
3743,0.927964843125245,0.3237701918026975,0.9507234167037856,0.7558723220054909
3744,0.5022761382323279,0.23335867524085716,0.9479934116590342,0.09132466032987192
3745,0.9210343870724369,0.3114047612368893,0.9479934116590342,0.7558723220054906
3746,0.5025128966738346,0.23454907039980455,0.9465037813170633,0.1302041713678656
3747,0.9134924449357202,0.29987213083839276,0.9465037813170633,0.7558723220054905
3748,0.5033852749614165,0.23555722353838066,0.9461983695531796,0.1458684976158769
3749,0.9053516865425159,0.289316493381686,0.9461983695531796,0.7558723220054901
3750,0.5047218842481911,0.23647265760389755,0.9470551603940586,0.1730982493905269
3751,0.8966260054517743,0.27988906897620447,0.9470551603940586,0.7558723220054908
3752,0.5067005745000952,0.2373733350651816,0.9492123398524841,0.22453184645699986
3753,0.8873305560225342,0.2717434397464979,0.9492123398524841,0.75587232200549
3754,0.5094052176811255,0.2383579174602115,0.9527379460217912,0.27440302439130454
3755,0.8774817958144697,0.26502884480353206,0.9527379460217912,0.7558723220054903
3756,0.5124297183910129,0.23946810259313964,0.9574187493306806,0.2713014838789392
3757,0.867097533945437,0.25988160722594933,0.9574187493306806,0.75587232200549
3758,0.5150954724013245,0.24058668167189964,0.9628546129108618,0.21549353337475347
3759,0.8561969861020485,0.2564154129494715,0.9628546129108618,0.75587232200549
3760,0.5170614447415138,0.24155276900159398,0.9688178377253502,0.1523241001729442
3761,0.8448008369721992,0.2547117539069521,0.9688178377253502,0.7558723220054899
3762,0.5189504143485142,0.24269158850997,0.9758927522877101,0.2047603553121855
3763,0.832931310940998,0.2548122364878632,0.9758927522877101,0.7558723220054901
3764,0.5207441674232751,0.24379024825326903,0.9838098343598302,0.14156299206799083
3765,0.8206122519603167,0.2567143774134776,0.9838098343598302,0.7558723220054897
3766,0.5218983450573937,0.2445042807333489,0.9920828742259157,0.08166341036626289
3767,0.8078692135620817,0.2603718599757406,0.9920828742259157,0.7558723220054895
3768,0.523036002120821,0.24531459740716532,1.001346199398389,0.1355953289289146
3769,0.7947295600291421,0.2656991896745158,1.001346199398389,0.7558723220054895
3770,0.5247066683047549,0.24657872923363414,1.011991679259095,0.1882635154664532
3771,0.7812225797546495,0.27257967930394966,1.011991679259095,0.7558723220054893
3772,0.526792900679421,0.24842640223198115,1.0240306112248132,0.23789660622337228
3773,0.767379611796893,0.28087510408310956,1.0240306112248132,0.7558723220054894
3774,0.5288189076235503,0.2501756668648729,1.036624485663046,0.17256351332201042
3775,0.7532341865515717,0.2904353499559837,1.036624485663046,0.7558723220054896
3776,0.5303376951426599,0.2512998785309749,1.0491846379382106,0.11438738708191389
3777,0.7388221812907713,0.3011068036608708,1.0491846379382106,0.7558723220054894
3778,0.531819224645657,0.25252394774887954,1.0624471444569763,0.16394265165937424
3779,0.7241819910217216,0.31273883126795776,1.0624471444569763,0.7558723220054894
3780,0.533326313708905,0.2535756834220313,1.0760818354082102,0.10718083071588623
3781,0.7093547146521177,0.32518822459705654,1.0760818354082102,0.7558723220054895
3782,0.5347762552226935,0.2547461972487074,1.0903233426552763,0.15765325812299535
3783,0.6943843557523938,0.33832184452225067,1.0903233426552763,0.7558723220054893
3784,0.5365161974649082,0.2566865436973544,1.1057385772475512,0.20625943355197712
3785,0.6793180362036431,0.3520178500968958,1.1057385772475512,0.755872322005489
3786,0.5382028507140681,0.25850407709723333,1.1213881587146894,0.14384783509317184
3787,0.6642062196210765,0.366165924402817,1.1213881587146894,0.755872322005489
3788,0.5395903009890239,0.25944441680325014,1.136508367842059,0.09271983578753398
3789,0.6491029395394251,0.38066685425226804,1.136508367842059,0.7558723220054892
3790,0.5409229441853567,0.260499114312491,1.1520028845092742,0.13348039626796845
3791,0.6340660248191858,0.3954317394166604,1.1520028845092742,0.755872322005489
3792,0.5422087684946258,0.26144054485715884,1.1675955789778603,0.07744386125621006
3793,0.6191573114602636,0.41038102639562896,1.1675955789778603,0.7558723220054886
3794,0.5433392969196523,0.26141720671050445,1.1824282854039332,0.05292061726382702
3795,0.6044428258895348,0.4254434946754591,1.1824282854039332,0.7558723220054889
3796,0.5442804155915579,0.2604773371950172,1.1965039303099643,0.07264992384458321
3797,0.5899929197696009,0.44055527313691867,1.1965039303099643,0.7558723220054889
3798,0.5451436156975666,0.2597225505114743,1.2108123171402514,0.04836819717148088
3799,0.5758823305089442,0.455658929222533,1.2108123171402514,0.7558723220054887
3800,0.5460314379755469,0.2600072550357783,1.226102748349595,0.08077654175316389
3801,0.5621901351668883,0.47070265046614534,1.226102748349595,0.7558723220054889
3802,0.5468384510793647,0.2613463786104043,1.242345167306721,0.12261307913503043
3803,0.5489995588404022,0.4856395237305504,1.242345167306721,0.7558723220054885
3804,0.5476831112230298,0.26252529132700614,1.2583210525871664,0.07461294249201766
3805,0.5363975927742864,0.5004269092338544,1.2583210525871664,0.7558723220054882
3806,0.5484631797157393,0.26380862092584245,1.2742464480027649,0.12238508638407222
3807,0.5244743737087119,0.5150259020921791,1.2742464480027649,0.7558723220054882
3808,0.5490938902131577,0.2661480315868472,1.290992079510248,0.1707480400926408
3809,0.5133222762401255,0.5065938517486106,1.290992079510248,0.7558723220054883
3810,0.5495270162697077,0.2695266678857057,1.308506993014351,0.21598115073822488
3811,0.5030346765161763,0.49763688678691853,1.308506993014351,0.7558723220054884
3812,0.5499986090226411,0.2726811743940774,1.3255238721885025,0.15729759876839924
3813,0.49370436081341934,0.4882432795793655,1.3255238721885025,0.755872322005488
3814,0.5503431955970439,0.2758816894332964,1.3422800440000995,0.1998473056714433
3815,0.48542157835703376,0.4784227150533657,1.3422800440000995,0.7558723220054882
3816,0.5507338696603545,0.2788556167531794,1.3584594354721722,0.1408624536706759
3817,0.478271774623637,0.46818541203451,1.3584594354721722,0.7558723220054885
3818,0.5513099226167898,0.28062091386861915,1.3730695220043905,0.09012645813180004
3819,0.47233308734461366,0.45754213588350434,1.3730695220043905,0.7558723220054883
3820,0.55179662401171,0.28245942557473747,1.387331032145336,0.13596421901058597
3821,0.46767373721508637,0.4465042150552765,1.387331032145336,0.7558723220054883
3822,0.552051329648258,0.2853602552424497,1.4021787879026146,0.18301911492353726
3823,0.464349490241355,0.4350835626177231,1.4021787879026146,0.7558723220054883
3824,0.5520124175179287,0.2892946654110226,1.4175659008279238,0.22721210423308744
3825,0.46240139787253176,0.42329270405986513,1.4175659008279238,0.755872322005488
3826,0.5520887698515095,0.29296383009969146,1.432173108620729,0.1632936716290943
3827,0.4618540241748459,0.41114481310677164,1.432173108620729,0.7558723220054879
3828,0.5524547116988,0.2953747600734337,1.4449930465023422,0.11244879148849
3829,0.4627143399556422,0.39865375777699724,1.4449930465023422,0.7558723220054877
3830,0.5527445720764024,0.2978272020149912,1.4572902824167573,0.15727381670983218
3831,0.4649714027299848,0.38583415961775475,1.4572902824167573,0.755872322005488
3832,0.552784243444224,0.3013255300112178,1.4700344689369158,0.20268358874064324
3833,0.4685968578652747,0.3727014700057065,1.4700344689369158,0.755872322005488
3834,0.5529039538745896,0.30457979613206543,1.4819214025497565,0.14583823616923888
3835,0.47354620575488987,0.35927206871149364,1.4819214025497565,0.7558723220054879
3836,0.552992915560629,0.30784092739487573,1.4931831637208357,0.19559571488815206
3837,0.4797607001540743,0.3455633917466376,1.4931831637208357,0.7558723220054878
3838,0.5527890302627941,0.31211947344571495,1.5048097891114265,0.24174891215058672
3839,0.48716968834088564,0.3315940980680962,1.5048097891114265,0.7558723220054878
3840,0.5523105009556658,0.31737580881419863,1.5167454003706893,0.2875805632565673
3841,0.4956931818578787,0.3173842883463443,1.5167454003706893,0.7558723220054883
3842,0.5516036220406589,0.3235733176656688,1.5289366546090282,0.33443974972878
3843,0.5052444562607572,0.3029557942180165,1.5289366546090282,0.7558723220054879
3844,0.5506466682368628,0.33067192870162154,1.5413301156703925,0.37407375503933493
3845,0.515732511977769,0.2883325640243823,1.5413301156703925,0.7558723220054879
3846,0.5498911488884359,0.3373946602413274,1.5526297768527102,0.30700607818015185
3847,0.5270642752868949,0.2735411821867188,1.5526297768527102,0.7558723220054878
3848,0.5496065058689903,0.342751574437735,1.5618332561131525,0.2444577001097569
3849,0.5391464679966718,0.25861157596386597,1.5618332561131525,0.7558723220054878
3850,0.5492923058093129,0.34802712622758425,1.5702189678334677,0.2836333124767285
3851,0.5518871187009665,0.2435779883106582,1.5702189678334677,0.7558723220054882
3852,0.5491071912534119,0.352998265464382,1.577553649334208,0.22248272984038858
3853,0.5651967229639608,0.22848033350568256,1.577553649334208,0.7558723220054879
3854,0.549362427166847,0.3566810884079527,1.5828494574012404,0.16775365842460402
3855,0.5789890831388003,0.21336611028460126,1.5828494574012404,0.7558723220054879
3856,0.5495884561763664,0.3603531954743291,1.5873793703378563,0.20504493370330218
3857,0.5931818716247739,0.19829313621237174,1.5873793703378563,0.7558723220054877
3858,0.5499067635174616,0.36378927403694744,1.5909163672004139,0.15098253315231455
3859,0.6076969663032407,0.18333350230597728,1.5909163672004139,0.7558723220054879
3860,0.5507422253147217,0.3660379651686911,1.5925197841843288,0.11183164861600728
3861,0.622460606080137,0.16857934688411016,1.5925197841843288,0.7558723220054878
3862,0.5514865678754731,0.36833007696900655,1.5934107218439122,0.14951993126282867
3863,0.6374034101199844,0.1541513227563368,1.5934107218439122,0.7558723220054875
3864,0.5517040340512137,0.37161734526013945,1.5945242830420447,0.18762964518006253
3865,0.6524602982421048,0.14021094270100082,1.5945242830420447,0.7558723220054876
3866,0.5520692731730352,0.37471662785162974,1.594701949166086,0.13972621341215227
3867,0.6675703433089297,0.12697811375151347,1.594701949166086,0.7558723220054876
3868,0.5523678833571621,0.3778263757344006,1.5941379041461825,0.17700960099125235
3869,0.6826765800553867,0.11475435757578435,1.5941379041461825,0.7558723220054876
3870,0.552742602636505,0.3807361014678032,1.5926364693208275,0.12596033302832066
3871,0.6977257891178009,0.10394845392071908,1.5926364693208275,0.7558723220054878
3872,0.5537073841604024,0.38254633886080797,1.58934605578611,0.09450784129039545
3873,0.7126682702017855,0.09509070279338613,1.58934605578611,0.755872322005488
3874,0.555235637831561,0.38330790516155416,1.5843390529595591,0.08006217686280143
3875,0.7274576144041297,0.08880255548322692,1.5843390529595591,0.7558723220054882
3876,0.5572941979450212,0.383059808412713,1.5776749974828137,0.11355228432507927
3877,0.7420504826070468,0.08567652722204795,1.5776749974828137,0.7558723220054884
3878,0.5598940734881391,0.3818617571601174,1.5694376181643204,0.15800673172234014
3879,0.7564063944851303,0.08606949113920988,1.5694376181643204,0.7558723220054882
3880,0.5630666625658535,0.3797880265468538,1.5597269353891272,0.2056667977621818
3881,0.770487530884206,0.08993395880002544,1.5597269353891272,0.755872322005488
3882,0.5668189886356343,0.3768973700203359,1.5486245092428597,0.250378667714241
3883,0.7842585510296182,0.09684244010232185,1.5486245092428597,0.7558723220054883
3884,0.5712074496096353,0.3732911969501836,1.536258020281974,0.2960216311823334
3885,0.7976864250950849,0.10618032302407675,1.536258020281974,0.755872322005488
3886,0.576234565639871,0.36903365699050694,1.5227107459409877,0.34047077263479875
3887,0.8107402820240122,0.11733963716652752,1.5227107459409877,0.7558723220054882
3888,0.5819184966662404,0.36420597690027096,1.5080818706929024,0.382948806140434
3889,0.8233912720713934,0.1298164946076019,1.5080818706929024,0.7558723220054882
3890,0.5882339021653924,0.358847234242039,1.4924213898628182,0.4251953688896421
3891,0.8356124432693347,0.1432277072693898,1.4924213898628182,0.755872322005488
3892,0.5941982331365993,0.353820455646604,1.4765258453998398,0.3515576168554133
3893,0.8473786308687874,0.15729194801704757,1.4765258453998398,0.7558723220054878
3894,0.6000845646412301,0.3490400968606167,1.4603564897634345,0.3940865830226782
3895,0.858666358740732,0.1718039688881536,1.4603564897634345,0.7558723220054882
3896,0.6056458206945615,0.3445724626308686,1.443987318925131,0.32194520642842217
3897,0.8694537517067144,0.18661255708174265,1.443987318925131,0.755872322005488
3898,0.6100983647700805,0.3410296405073022,1.4280114969069304,0.2521655478759346
3899,0.8797204577927453,0.2016042402470306,1.4280114969069304,0.755872322005488
3900,0.6133847291333798,0.3382033050598156,1.4122586411468172,0.1892136279519656
3901,0.8894475794486745,0.216691909576315,1.4122586411468172,0.7558723220054884
3902,0.6166634023089379,0.33547316538778565,1.3962165297277052,0.2355384957427703
3903,0.8986176128375687,0.23180703675619224,1.3962165297277052,0.7558723220054884
3904,0.6208139230524156,0.3323520958820212,1.379479868342717,0.28067505710509605
3905,0.9072143943695992,0.2468943648975622,1.379479868342717,0.7558723220054883
3906,0.6246754684887156,0.32939272217466287,1.3625665477160127,0.21871538346645344
3907,0.9152230537277999,0.26190826580461884,1.3625665477160127,0.7558723220054886
3908,0.6285202489206562,0.32657233938669067,1.345505411864584,0.26214348870245235
3909,0.9226299727056888,0.27681021503533043,1.345505411864584,0.7558723220054883
3910,0.6332599410134623,0.3234883393762057,1.32796394244315,0.30616008966902847
3911,0.9294227492471542,0.2915670204262775,1.32796394244315,0.7558723220054887
3912,0.6377027570093818,0.32059885465982885,1.310385191228426,0.24379367700775853
3913,0.9355901661460102,0.3061495633044079,1.310385191228426,0.7558723220054887
3914,0.6421145978498641,0.31789416236664836,1.2928106185180406,0.2855544056608144
3915,0.9411221639255803,0.3205318926423884,1.2928106185180406,0.7558723220054883
3916,0.6474291715521602,0.315050210822096,1.2749629945087437,0.3282110472653231
3917,0.9460098174773612,0.3346905652718539,1.2749629945087437,0.7558723220054882
3918,0.6524196960401516,0.3123893442561589,1.2571833845708353,0.265739501232853
3919,0.9502453160922546,0.3486041598542115,1.2571833845708353,0.7558723220054885
3920,0.657350745210214,0.309918411914873,1.2395276958006913,0.3060490899084413
3921,0.9538219465682644,0.36225291511257207,1.2395276958006913,0.7558723220054885
3922,0.6631959596032354,0.30746633102609217,1.2218361139144402,0.34758496252684734
3923,0.9567340791252466,0.3756184580168496,1.2218361139144402,0.7558723220054885
3924,0.668717584846422,0.3052878801159661,1.2044310843664379,0.27791269056233087
3925,0.9589771559006669,0.3886835978454205,1.2044310843664379,0.7558723220054884
3926,0.6729203389623657,0.3033703923505802,1.1874298168537185,0.22131354505353965
3927,0.9605476818407949,0.40143216902080064,1.1874298168537185,0.7558723220054887
3928,0.6770883887976816,0.3016426266434573,1.1707634344747089,0.2610649783834668
3929,0.9614432178397987,0.413848910427498,1.1707634344747089,0.7558723220054887
3930,0.6822138932866328,0.30007743053298064,1.1543608229571014,0.3001675680821842
3931,0.961662376015261,0.4259193722777693,1.1543608229571014,0.7558723220054887
3932,0.6870174574781586,0.29865830885276645,1.1383569862158185,0.24071911408574978
3933,0.9612048170431685,0.4376298439612924,1.1383569862158185,0.7558723220054885
3934,0.6915021845242478,0.2974162691328586,1.1228528985438215,0.2554038308186812
3935,0.9600712495089095,0.4369150314311754,1.1228528985438215,0.7558723220054885
3936,0.6954807443348446,0.2962972486692728,1.1078939813146336,0.19061191169551056
3937,0.958263431263685,0.42180964799035003,1.1078939813146336,0.7558723220054883
3938,0.6981559759576882,0.2950899775069477,1.0934826109741436,0.13373937029173608
3939,0.9557841728084675,0.40676833336039253,1.0934826109741436,0.7558723220054884
3940,0.699576337978532,0.2936523630876218,1.0795827120891848,0.09811309093062766
3941,0.9526373427606846,0.3918566419224298,1.0795827120891848,0.7558723220054886
3942,0.6997849605702008,0.29201370353230593,1.0663259688514284,0.08495602162851508
3943,0.9488278754925873,0.37714770880050447,1.0663259688514284,0.7558723220054885
3944,0.6988336527084674,0.2900691941568198,1.0536980251459211,0.1185906301511577
3945,0.9443617810652979,0.36272324570771913,1.0536980251459211,0.7558723220054885
3946,0.6967677725079118,0.2878174188575024,1.0417844081502166,0.15908506050344232
3947,0.939246157619221,0.3486745519731609,1.0417844081502166,0.7558723220054885
3948,0.693640187660823,0.28522348629935557,1.030627983368806,0.20792575417271134
3949,0.9334892064203458,0.33510345247539025,1.030627983368806,0.7558723220054883
3950,0.6895075775537131,0.28226728936670065,1.020278666135212,0.25782496888020373
3951,0.9271002498034143,0.32212301990608594,1.020278666135212,0.7558723220054883
3952,0.6844124708136515,0.27898923401405146,1.0108427516224137,0.30550299667881525
3953,0.9200897522974157,0.30985786788984554,1.0108427516224137,0.7558723220054885
3954,0.6784040731057785,0.2754086211243728,1.0023940893171694,0.35193380445554934
3955,0.9124693452668304,0.2984437189733361,1.0023940893171694,0.7558723220054883
3956,0.6715540722399749,0.2715084004030635,0.9949544949583929,0.3974094023895184
3957,0.904251855453839,0.28802587339123886,0.9949544949583929,0.7558723220054883
3958,0.6639159522871703,0.26733354542967863,0.9885998202994651,0.4410294740756284
3959,0.8954513378626349,0.27875616385260354,0.9885998202994651,0.7558723220054883
3960,0.6555589620444546,0.26290960943106423,0.9833689535722885,0.48308458024981027
3961,0.8860831134871773,0.27078803090212655,0.9833689535722885,0.7558723220054883
3962,0.6465570081491796,0.25827181160143475,0.9792938180914967,0.5232297177896016
3963,0.8761638124481532,0.26426955554157805,0.9792938180914967,0.7558723220054885
3964,0.6370082140901197,0.2534372844668146,0.9763671529107744,0.5593652721537719
3965,0.8657114231732093,0.2593346835221826,0.9763671529107744,0.755872322005488
3966,0.6276573153158255,0.2490716552993087,0.975083479665413,0.5132034995335654
3967,0.8547453483258804,0.25609343991711686,0.975083479665413,0.755872322005488
3968,0.6184440263666493,0.24496369400448845,0.9752256946740196,0.549266355213594
3969,0.8432864682616309,0.2546225144008311,0.9752256946740196,0.7558723220054882
3970,0.6094118532374012,0.24116312538757573,0.9767998933788478,0.5137418744920671
3971,0.8313572128616884,0.2549579390469064,0.9767998933788478,0.7558723220054885
3972,0.6004626533624255,0.2375897771736522,0.9796948019372342,0.5477693631523506
3973,0.8189816426632921,0.2570914278019283,0.9796948019372342,0.7558723220054883
3974,0.5919459109617679,0.2346347356666597,0.9841841741669366,0.4741175867887195
3975,0.8061855402632514,0.26097123085799045,0.9841841741669366,0.7558723220054885
3976,0.584506712444595,0.23273397832344597,0.9905714042689557,0.4039703904257491
3977,0.7929965130126362,0.26650730084470886,0.9905714042689557,0.7558723220054883
3978,0.5780340173604737,0.23178228395610825,0.9987362353555665,0.3429127317413196
3979,0.7794441080331063,0.2735795944052001,0.9987362353555665,0.7558723220054882
3980,0.5718123173073193,0.23094264250073204,1.007885485662378,0.3806077088005615
3981,0.765559940554726,0.28204781546094587,1.007885485662378,0.755872322005488
3982,0.5652368200510116,0.2297449123921692,1.0175275821921836,0.4107765240545066
3983,0.7513778364804541,0.2917609586634716,1.0175275821921836,0.7558723220054882
3984,0.5589558411625815,0.2289376037904594,1.0282534901399025,0.3541572949523767
3985,0.7369339898959728,0.30256547550157414,1.0282534901399025,0.7558723220054882
3986,0.5529141786354763,0.2282885479777759,1.0397631944126207,0.3885584001047559
3987,0.7222671359281527,0.31431148642112205,1.0397631944126207,0.7558723220054885
3988,0.5470909368383123,0.22802055369791838,1.0521986158786785,0.32984369836718097
3989,0.7074187388629815,0.32685697513954814,1.0521986158786785,0.7558723220054885
3990,0.5415304328699804,0.2278308120016955,1.0651820113795494,0.36343117381157863
3991,0.6924331947023574,0.3400702248676173,1.0651820113795494,0.7558723220054885
3992,0.5361835903831438,0.2279525851338405,1.0788716174277313,0.30758557793234365
3993,0.6773580462914511,0.3538308946422656,1.0788716174277313,0.7558723220054887
3994,0.5310738291394183,0.22812611095782928,1.0929305766779844,0.3368349436929701
3995,0.6622442076904094,0.3680301427562842,1.0929305766779844,0.7558723220054885
3996,0.5261677982729521,0.22855509249899192,1.1074955605296446,0.2723264423565489
3997,0.6471461924866101,0.3825701446098161,1.1074955605296446,0.7558723220054886
3998,0.5217393801063482,0.2297192389524288,1.1230469994357322,0.23261333357768504
3999,0.6321223381261666,0.3973632697411834,1.1230469994357322,0.7558723220054887
4000,1.3826668235203678,0.9293806449108888,1.4882869587047667,0.0
4001,1.8827714987540363,0.45283554377580437,1.4882869587047667,0.0
4002,1.3829634273814175,0.9300867107465471,1.489838222862597,0.05966107409060601
4003,1.8837879347698858,0.45378763791365884,1.489838222862597,0.07719810805827437
4004,1.3834477066388844,0.9307337722053741,1.4916123107556607,0.01789507494888269
4005,1.8854571729128593,0.45579055353507736,1.4916123107556607,0.1206582594293438
4006,1.3840046630723848,0.9303196164119366,1.4923796652260233,0.06500561600628857
4007,1.8875664322600592,0.45869649126178347,1.4923796652260233,0.16677241880614546
4008,1.384524857381366,0.9300434844824181,1.4934474699993212,0.01638780459087574
4009,1.89014773721969,0.4624909433332618,1.4934474699993212,0.21289685539273018
4010,1.3850478439794331,0.9296849569452572,1.4946438984018287,0.05678923853817511
4011,1.893240236915637,0.46716177127345354,1.4946438984018287,0.25789991251737304
4012,1.3857333461243935,0.9283410135751444,1.4950690207804749,0.11197788849170963
4013,1.896880396742931,0.4726938518692598,1.4950690207804749,0.30137019363805234
4014,1.3866258368073765,0.926072531150849,1.4948319963443597,0.16407495928791033
4015,1.9011012936522484,0.47906857754200455,1.4948319963443597,0.34314307160756097
4016,1.3873821585518409,0.9239639259962317,1.4951634862897916,0.09981754879023644
4017,1.9059323036197653,0.48626369069274117,1.4951634862897916,0.3831529887787707
4018,1.3882045086529133,0.9218780599945018,1.4959401895504814,0.15242522920847948
4019,1.9113988406463498,0.49425327601224395,1.4959401895504814,0.42138018519519144
4020,1.38934299522461,0.9189577261916091,1.4962733236076176,0.20276111306743533
4021,1.9175221369146302,0.5030078851580934,1.4962733236076176,0.45782847946286326
4022,1.3903889451662834,0.916250315255757,1.497362910769356,0.13789436363105878
4023,1.9243190661840228,0.5124947691761925,1.497362910769356,0.4925148963171711
4024,1.3914704326600607,0.9135834442948121,1.4990466587629225,0.18830791141801953
4025,1.931802012342184,0.5226781921512044,1.4990466587629225,0.525464378986128
4026,1.3924176700546778,0.9110899079938243,1.5015313238658783,0.12629548752186556
4027,1.9399787842843699,0.5335197997679249,1.5015313238658783,0.556706895376417
4028,1.3933967279381818,0.9086240268978428,1.5046640674817722,0.17520699552563793
4029,1.948852577461407,0.5449790184824017,1.5046640674817722,0.5862757579172597
4030,1.3948183274449675,0.9054268644543556,1.5075884034573714,0.22409043510596788
4031,1.958421981576358,0.5570134642831517,1.5075884034573714,0.6142065972409653
4032,1.3961126928964767,0.9024334478313542,1.5114165909812014,0.16184457681019496
4033,1.9686810330571065,0.5695793439992813,1.5114165909812014,0.6405367064085821
4034,1.3974260168272719,0.8994882418238684,1.5159704188782912,0.20849742677287014
4035,1.9796193101227961,0.5826318362811633,1.5159704188782912,0.6653046043393297
4036,1.3992385313474398,0.8958837120916482,1.5204024605034385,0.25578281314181717
4037,1.9912220675288452,0.5961254433508736,1.5204024605034385,0.6885497337788578
4038,1.4008662078265581,0.8924574130923544,1.5257515913632917,0.19315630075400952
4039,2.003470407445397,0.6100143081321843,1.5257515913632917,0.7103122445241816
4040,1.4025319778156946,0.8891217512655146,1.531872419774806,0.23892031261820917
4041,2.016341482418158,0.6242524942819495,1.531872419774806,0.7306328322107999
4042,1.4047723933110075,0.8852189671983605,1.5379243338376642,0.283948106889497
4043,2.02980872599182,0.638794228913017,1.5379243338376642,0.7495526142189216
4044,1.406811569111175,0.8814991382882444,1.5448834836812917,0.22210297657003775
4045,2.0438421063500134,0.6535941094509773,1.5448834836812917,0.7671130309322434
4046,1.4088773822015144,0.8778874165934768,1.5525962851566224,0.26545218883474336
4047,2.0584083982399988,0.6686072771749163,1.5525962851566224,0.7833557646603465
4048,1.41158065529452,0.8737983930035554,1.5602470930295493,0.3091129866446861
4049,2.0734714684966224,0.6837895606493146,1.5602470930295493,0.7983226710910288
4050,1.414076185154106,0.8699066118179839,1.5687617656864787,0.24680430821578728
4051,2.088992570644381,0.6990975925586265,1.5687617656864787,0.8120557197774063
4052,1.4165930528632236,0.8661471612920797,1.5779786247529237,0.2887828246973314
4053,2.1049306443211018,0.7144889035002201,1.5779786247529237,0.8245969412372592
4054,1.4197926703021295,0.8619916794422164,1.587098068719716,0.3311693112952375
4055,2.1212426156114064,0.7299219961552907,1.587098068719716,0.8359883789574675
4056,1.422761360997974,0.8580291247094127,1.5969908148313963,0.2686684753608005
4057,2.137883694781638,0.7453564030065616,1.5969908148313963,0.8462720450814474
4058,1.4257350952850831,0.8542099552954934,1.6074944383090009,0.3094067869559304
4059,2.1548076683494,0.7607527304567032,1.6074944383090009,0.8554898788913842
4060,1.4294242353640358,0.8500669380181686,1.6178323106243566,0.3507373699567564
4061,2.1719671828808647,0.7760726918598388,1.6178323106243566,0.863683707429843
4062,1.4328742299090116,0.846128248596618,1.6288416753980306,0.2879914463031
4063,2.189314018370141,0.7912791316363147,1.6288416753980306,0.8708952077695566
4064,1.4363225894320513,0.8423557456029916,1.640360027953203,0.32751052483425364
4065,2.206799349502786,0.806336042315216,1.640360027953203,0.8771658705571242
4066,1.4405293730238724,0.8383547089676651,1.651647625908664,0.3676757595260029
4067,2.2243739935282063,0.8212085760501006,1.651647625908664,0.8825369645403375
4068,1.444463785736607,0.8345348758511967,1.6634637816897637,0.3049869688978837
4069,2.241988643854595,0.8358630518862536,1.6634637816897637,0.8870495018495731
4070,1.4483792939410673,0.8308891527185405,1.6756649868296993,0.3434305209538641
4071,2.2595940888293,0.850266959824175,1.6756649868296993,0.8907442038478259
4072,1.4530838966683166,0.8271016263047919,1.6875584620352946,0.3825956594595228
4073,2.277141415473729,0.8643889625232588,1.6875584620352946,0.8936614673962833
4074,1.4574947986196685,0.8234834186565503,1.6998405653431412,0.31997647361437825
4075,2.294582198204036,0.8781988953197577,1.6998405653431412,0.8958413314061532
4076,1.4618713737917366,0.8200482768698121,1.712382310158936,0.3573770655242048
4077,2.311868672787329,0.8916677650911534,1.712382310158936,0.8973234435652254
4078,1.467063194149704,0.8165602532495666,1.724544248379492,0.3956213983780534
4079,2.32895389596024,0.9047677483819245,1.724544248379492,0.8981470271412375
4080,1.4719405820394658,0.8132265820269116,1.736953492310408,0.33312793295616583
4081,2.3457918912751885,0.9174721891100527,1.736953492310408,0.8983508477748305
4082,1.4767675421880608,0.8100822670582506,1.7494989596658927,0.3695617199918731
4083,2.3623377818433977,0.9297555960964714,1.7494989596658927,0.8979731801838979
4084,1.4824308423295314,0.8069748871567156,1.7616028500794148,0.4069603016443218
4085,2.378547910716573,0.941593640598107,1.7616028500794148,0.8970517747092562
4086,1.4877598318361906,0.8040038290390963,1.7738163630480004,0.3446374293011073
4087,2.394379949695412,0.9529631539767279,1.7738163630480004,0.8956238236395794
4088,1.4930207429490843,0.8012229133340899,1.7860467230649708,0.38018964705604
4089,2.4097929973767562,0.9638421255982477,1.7860467230649708,0.8937259272619897
4090,1.4991222117609895,0.7985381474482779,1.7977601937557217,0.41750012517638785
4091,2.4247476672562,0.9742097010285675,1.7977601937557217,0.891394059594168
4092,1.5048729937635636,0.7940484115506715,1.8094546377541716,0.355022117128845
4093,2.4392061666928893,0.9840461805708244,1.8094546377541716,0.8886635337647829
4094,1.5105374820426682,0.7868261945856998,1.821049567782014,0.39012986525840315
4095,2.453132367521276,0.9933330181737325,1.821049567782014,0.885568967021789
4096,1.5170647898391085,0.7789627307615875,1.8321160515528006,0.42670144278766436
4097,2.4664918690637214,1.0020528207304369,1.8321160515528006,0.8821442453631138
4098,1.5232295604049477,0.7714844200885621,1.8430589690918187,0.3596198853816729
4099,2.479252054260306,1.010189347781002,1.8430589690918187,0.878422487801654
4100,1.5292920005286283,0.7642168595736605,1.853804964160641,0.39676106627023316
4101,2.4913821395903364,1.0177275116286166,1.853804964160641,0.8744360102965625
4102,1.5350046097806003,0.757300246824342,1.8643235328624228,0.3324612956980316
4103,2.502853219415328,1.0246533778792024,1.8643235328624228,0.8702162894056008
4104,1.5406303659771514,0.7505737355820489,1.8745643382735653,0.3757697456488666
4105,2.5136383053272358,1.0309541664158823,1.8745643382735653,0.8657939257389105
4106,1.5471537478017898,0.7432697123753103,1.884243011027552,0.40646453073706384
4107,2.523712361039412,1.0366182528233545,1.884243011027552,0.8611986073227808
4108,1.5533071959877913,0.7363096320076755,1.8935858967932058,0.3457059113780202
4109,2.533052333312069,1.041635170282295,1.8935858967932058,0.8564590730126433
4110,1.5593579791357928,0.7295565879658147,1.9025827548133791,0.38006232549511604
4111,2.5416371793594856,1.0459956119603497,1.9025827548133791,0.8516030761272163
4112,1.566302852208135,0.7222851515886461,1.91102958665113,0.4162857526716805
4113,2.5494478911432634,1.0496914339338062,1.91102958665113,0.8466573485099546
4114,1.5728624345550513,0.7153589988867239,1.919057830268236,0.3545194725841898
4115,2.5564675169148945,1.0527156586826998,1.919057830268236,0.8416475652589948
4116,1.57930237474718,0.708657233310852,1.9266835919347163,0.3883111475924912
4117,2.562681180331761,1.0450800055882536,1.9266835919347163,0.8365983104018202
4118,1.5866267898685906,0.7014918946649922,1.9337741825295123,0.42325984270020806
4119,2.568076097433614,1.0312957213909888,1.9337741825295123,0.8315330438248797
4120,1.5935504672785414,0.6946632865102865,1.940362821989046,0.3625072471387567
4121,2.5726415917313643,1.0171651199385394,1.940362821989046,0.8264740698002172
4122,1.6003371104598392,0.6880727865852225,1.9464989764164657,0.39549194229086915
4123,2.5763691076265536,1.00271677127796,1.9464989764164657,0.8214425074796023
4124,1.607997429755626,0.6810807518198849,1.9521329219349168,0.4301527727936564
4125,2.5792522223479804,0.9879813913448152,1.9521329219349168,0.8164582637503222
4126,1.6152445386502938,0.6744126938054558,1.9571898210172736,0.3695946205401566
4127,2.581286656561315,0.9729919288257847,1.9571898210172736,0.8115400088643662
4128,1.6223380248073804,0.667986018413728,1.9617427427449863,0.4021118732209894
4129,2.582470283777878,0.9577836561862613,1.9617427427449863,0.8067051552628975
4130,1.6302931425920915,0.6612310391375485,1.965847179272964,0.43629792539227713
4131,2.5828031386597727,0.9423942637475881,1.965847179272964,0.8019698400194102
4132,1.637825909940074,0.6547881490210783,1.9693139688130146,0.37589112077533854
4133,2.5822874242898406,0.9268639551974946,1.9693139688130146,0.7973489113167734
4134,1.6451905651710788,0.648595518204837,1.9722435627262787,0.4078686161531541
4135,2.580927518446131,0.9112355422864473,1.9722435627262787,0.792855919354643
4136,1.6534016757624046,0.6421553124914177,1.9747910688595107,0.4415848848324512
4137,2.578729978891334,0.8955545356811114,1.9747910688595107,0.7885031120539637
4138,1.6611834444681632,0.6360136178069619,1.976650720551381,0.3813479044869485
4139,2.575703547657479,0.8798692279943843,1.976650720551381,0.7843014358843352
4140,1.668783683346342,0.6301300826776461,1.977949136676316,0.41282603672500456
4141,2.5718591542748137,0.8642307638743281,1.977949136676316,0.780260542088155
4142,1.67721097871153,0.6240918002059949,1.978947071088156,0.44607436088537916
4143,2.5672099178606427,0.848693190705436,1.978947071088156,0.7763887985133732
4144,1.6852022400066067,0.6183448311396751,1.9792252754446513,0.38568366867402054
4145,2.5617711479486713,0.8333134819636793,1.9792252754446513,0.7726933071955608
4146,1.6929975552250003,0.6128700151765377,1.9789336501641375,0.4163860430504085
4147,2.555560343901646,0.8181515236037469,1.9789336501641375,0.7691799277513738
4148,1.7015991472779761,0.60732344322814,1.9784136201398825,0.4496758519713306
4149,2.5485971927093596,0.8032700521086571,1.9784136201398825,0.7658533065613514
4150,1.7097610745457543,0.6020498824536709,1.9771427254443956,0.38975945079275703
4151,2.540903564930091,0.7887345311101327,1.9771427254443956,0.7627169116325921
4152,1.7177151955267373,0.5970525637481016,1.9752938246965617,0.419789799090124
4153,2.5325035084859437,0.774612951962941,1.9752938246965617,0.7597730729436738
4154,1.7264501582888092,0.5920833304731314,1.9733070753675348,0.4526078630917923
4155,2.523423239970961,0.7609755425668459,1.9733070753675348,0.7570230279878299
4156,1.7347402618202261,0.5873785409891922,1.9705601118064717,0.3929837049006352
4157,2.5136911330752962,0.7478943683888923,1.9705601118064717,0.7544669721484496
4158,1.742812772241749,0.5829480463935016,1.967232496696452,0.42216421170791396
4159,2.5033377036688558,0.7354428104267803,1.967232496696452,0.7521041134658648
4160,1.7516357001097083,0.5786536751133103,1.9638656285673999,0.4546052465134513
4161,2.4923955910238673,0.7236949071942822,1.9638656285673999,0.7499327312883548
4162,1.7600180365825344,0.5745867022664535,1.9597183360025359,0.39527107011883433
4163,2.480899534587927,0.7127245521184934,1.9597183360025359,0.7479502382451904
4164,1.7681718462408433,0.5707983435499727,1.9550060513594516,0.4235038848540804
4165,2.4688863456477206,0.7026045443465971,1.9550060513594516,0.746153244936784
4166,1.7770408852857116,0.5672597794497107,1.9503597520011255,0.45606658247714377
4167,2.4563948731494953,0.6934055000034224,1.9503597520011255,0.7445376267075776
4168,1.785473299576413,0.5639174665843051,1.9449344316625217,0.3972147369193047
4169,2.4434659628665347,0.6851946422384225,1.9449344316625217,0.7430985918516138
4170,1.7936737380573091,0.560838869783577,1.9389585709612,0.4245714083889322
4171,2.430142409027843,0.6780345013346412,1.9389585709612,0.7418307505987669
4172,1.8025523182954637,0.5581203410983401,1.933155268086935,0.45705895644132166
4173,2.416468897447744,0.6719815696006317,1.933155268086935,0.7407281842407569
4174,1.810989983692956,0.5555850787077925,1.9266042764915878,0.39862064004835024
4175,2.402491939125738,0.6670849681256181,1.9266042764915878,0.7397845137794636
4176,1.8191751119192299,0.5533307217754821,1.9195540794285217,0.42828241496421937
4177,2.388259793222538,0.6633851918191387,1.9195540794285217,0.7389929675142458
4178,1.8279945941309894,0.551545405428644,1.9127859157691518,0.45713503565694535
4179,2.373822378265444,0.6609130035236882,1.9127859157691518,0.7383464470284864
4180,1.8363990647986232,0.5498686729454114,1.9052776413207535,0.3948165184189948
4181,2.3592311703983317,0.6596885458095291,1.9052776413207535,0.7378375910865344
4182,1.8445567452645657,0.5484380467327487,1.897304666363935,0.4288634567272098
4183,2.3445390874734082,0.659720729573232,1.897304666363935,0.737458837008821
4184,1.8532969913446935,0.5475913199816553,1.8897369888048372,0.459839544204237
4185,2.32980035778908,0.6610069421380534,1.8897369888048372,0.737202479153227
4186,1.8626065565262717,0.5473355617977662,1.8825749056908239,0.489543820586096
4187,2.3150703723168067,0.6635330957950406,1.8825749056908239,0.7370607241930233
4188,1.8714652855672331,0.5471854340591812,1.8747505993748548,0.41970394829314606
4189,2.300405519336099,0.6672740132513172,1.8747505993748548,0.7370257429441736
4190,1.8791125506530926,0.5466517919572154,1.8654019905572892,0.3607972118799074
4191,2.285863000517413,0.6721941224315501,1.8654019905572892,0.7370897185559981
4192,1.8865184020694616,0.5463345985931383,1.8557305683722747,0.386989214542716
4193,2.2715006276640284,0.6782484125854039,1.8557305683722747,0.7372448909378617
4194,1.893574604528475,0.5460190809516143,1.8455147823410827,0.3348144437698673
4195,2.2573765995518342,0.6853835890655827,1.8455147823410827,0.737483597349593
4196,1.900417472405521,0.5458883362377933,1.8350503073024804,0.3630909714152012
4197,2.2435492585951047,0.6883644084157738,1.8350503073024804,0.7377983091339955
4198,1.9077535122759879,0.5465400544503675,1.8253279804241758,0.39569957150130963
4199,2.230076827419855,0.6751402663728799,1.8253279804241758,0.7381816646154509
4200,1.9155118372654305,0.5480258803212414,1.8163763453149817,0.4238362753260717
4201,2.2170171258450795,0.6624187040392596,1.8163763453149817,0.7386264982289028
4202,1.9230450824661118,0.5496455248224084,1.8072293862997384,0.37739844980250387
4203,2.204427269253869,0.6502790735541668,1.8072293862997384,0.7391258659782927
4204,1.9298039939875675,0.5507455369549812,1.7970545898614192,0.3245799834221164
4205,2.1923633498753228,0.6388021929556712,1.7970545898614192,0.7396730673527935
4206,1.9357351395262907,0.5510995186881473,1.7856929597732465,0.28034193482867525
4207,2.180880103084301,0.6280695044412804,1.7856929597732465,0.7402616638530882
4208,1.9414515185030614,0.5516146638174699,1.7743565746601495,0.3097087573550181
4209,2.1700305614449107,0.6181620332413715,1.7743565746601495,0.7408854942988062
4210,1.9475460355676635,0.5530549092502616,1.7640907240991044,0.33659153477440945
4211,2.1598656998559025,0.6091591465894849,1.7640907240991044,0.7415386871023182
4212,1.953966235681299,0.5554297288724087,1.754914613141944,0.36988222107346774
4213,2.1504340757781395,0.60113712763165,1.754914613141944,0.7422156697038981
4214,1.9607136368226559,0.5587153139677957,1.746846127469884,0.40494461373022006
4215,2.1417814691084174,0.5941675980858795,1.746846127469884,0.7429111753692034
4216,1.9677078777256145,0.562935450534874,1.739908401242552,0.43283582459058045
4217,2.1339505267796706,0.588315844582853,1.739908401242552,0.7436202475525532
4218,1.9749103746331382,0.5680839050653822,1.7341214629721193,0.4618952747760839
4219,2.126980417583375,0.5836391244250898,1.7341214629721193,0.7443382420291275
4220,1.9822937228576472,0.5741467384115969,1.7295066112743729,0.49333751945214255
4221,2.120906502994708,0.5801850436939463,1.7295066112743729,0.7450608269963462
4222,1.9893844174232347,0.5799332991591923,1.724839336619795,0.42697995127261795
4223,2.115760029906711,0.5779901105675063,1.724839336619795,0.745783981339815
4224,1.996282062693138,0.5856710706514239,1.7204338870756268,0.45593970004732
4225,2.111567851123527,0.5770785661887056,1.7204338870756268,0.7465039912526895
4226,2.002899764036139,0.5911315568214068,1.7161127275029695,0.3911192805130263
4227,2.1083521792096476,0.5774615826051969,1.7161127275029695,0.7472174453895262
4228,2.008944526836954,0.5953370730239239,1.710945263019201,0.3290894663089029
4229,2.1061303788364585,0.5791368924777426,1.710945263019201,0.7479212287269388
4230,2.0144940020523374,0.5983075640959066,1.7050470726912286,0.27820140261376664
4231,2.104914802114636,0.5820888811268519,1.7050470726912286,0.74861251529397
4232,2.0195732737257517,0.6000787643092099,1.6985198518654405,0.2391600113649111
4233,2.1047126705681047,0.5862891328082176,1.6985198518654405,0.7492887599252746
4234,2.024259401575698,0.6006802007003018,1.6914727698463694,0.22726928197577909
4235,2.1055260064206203,0.5916973856725348,1.6914727698463694,0.7499476891801812
4236,2.028709553048285,0.6014045671599808,1.6851824989027746,0.22483704243163227
4237,2.107351614767613,0.5982628191786061,1.6851824989027746,0.7505872915606507
4238,2.03305550967677,0.6024775476066858,1.679948386193268,0.20742662126352981
4239,2.110181117039561,0.6059255777603882,1.679948386193268,0.7512058071512113
4240,2.0372063545899293,0.6027810848799358,1.6747628106615187,0.21403119092096642
4241,2.1140010349792404,0.6146184269821283,1.6747628106615187,0.7518017167942341
4242,2.0412087740876896,0.6032063551989748,1.6704910687932695,0.20099044961398865
4243,2.118792923205338,0.6242684425706656,1.6704910687932695,0.7523737309045389
4244,2.045132806990652,0.6047575109794626,1.6681144171194742,0.21021942357687515
4245,2.1245335473684044,0.6347986460729829,1.6681144171194742,0.7529207780182867
4246,2.048958826582492,0.6073879065955596,1.6676232418968702,0.22414664535409431
4247,2.131195103965524,0.6461295199615644,1.6676232418968702,0.7534419931625731
4248,2.052717996133748,0.6098159774324413,1.6678735465042558,0.20621786413835774
4249,2.1387454771024985,0.6581803562300235,1.6678735465042558,0.7539367061239874
4250,2.056316957542422,0.6122776424395229,1.6690767720830477,0.2160374520997889
4251,2.1471485269014683,0.6708704129079004,1.6690767720830477,0.7544044296867928
4252,2.059756677158496,0.6157706965314521,1.672181828607685,0.23609485032762084
4253,2.1563644038609913,0.6841198704390138,1.672181828607685,0.7548448479042245
4254,2.0631494250860882,0.6190332343546063,1.6760554403922565,0.2117611096795133
4255,2.166349883286371,0.6978505934643755,1.6760554403922565,0.7552578044597223
4256,2.0663804324790687,0.6222895332406524,1.6808820940585047,0.2258258448924583
4257,2.1770587139117756,0.7119867130114246,1.6808820940585047,0.7556432911687319
4258,2.0693775722667036,0.6265209103920288,1.6875723226347583,0.2509506640312498
4259,2.1884419750144595,0.7264550497756683,1.6875723226347583,0.7560014366659495
4260,2.0723373227475,0.630492497113568,1.6950047731794966,0.21929576052739666
4261,2.20044843665061,0.7411854017657233,1.6950047731794966,0.7563324953175878
4262,2.0751424843395205,0.6344208197064568,1.7033451928145176,0.23856410518077786
4263,2.2130249180926844,0.7561107198516464,1.7033451928145176,0.7566368363933352
4264,2.0776641740633153,0.6392693839467295,1.7134707962548552,0.2676250498731831
4265,2.226116640088189,0.7711671934565655,1.7134707962548552,0.7569149335281762
4266,2.080176939091694,0.6438376742522935,1.7242734284742554,0.22971031320622204
4267,2.239667567158269,0.7862942663950605,1.7242734284742554,0.7571673545001
4268,2.0825610306596105,0.6483364465001495,1.7359021853269816,0.2536386161892719
4269,2.2536207367815844,0.8014346001764613,1.7359021853269816,0.7573947513459133
4270,2.0846329309562646,0.6537089495627529,1.7492016682962117,0.2856532200433903
4271,2.2679185729383677,0.8165339993037894,1.7492016682962117,0.75759785083388
4272,2.0867084758751564,0.6587808294604622,1.7630631328528432,0.24304940899116
4273,2.28250318209896,0.8315413104345877,1.7630631328528432,0.7577774453087136
4274,2.0886515986376373,0.663750599659396,1.7776134282021618,0.2694776150070674
4275,2.29731663031284,0.846408304858454,1.7776134282021618,0.7579343839214987
4276,2.0902358176880345,0.6695406734413561,1.7936695190650151,0.30285625763870033
4277,2.312301200575117,0.8610895516487787,1.7936695190650151,0.7580695642544358
4278,2.0918679971725824,0.6750266538052949,1.810155948478606,0.2566467600560533
4279,2.327399630109174,0.875542287077531,1.810155948478606,0.7581839243478199
4280,2.0933836930621488,0.6803894729329788,1.8271732961983895,0.28544346729767395
4281,2.342555327601988,0.8897262844276229,1.8271732961983895,0.7582784351344084
4282,2.0945026973826053,0.6865242221398304,1.8455053296754043,0.31979383506312403
4283,2.3577125707614974,0.9036037271671115,1.8455053296754043,0.7583540932842482
4284,2.0956771267199987,0.6923388753641424,1.8640919282296022,0.2702518155030697
4285,2.372816684834849,0.9171390875259466,1.8640919282296022,0.7584119144611201
4286,2.096749354080806,0.6980117052126117,1.883029681279707,0.30056125135403583
4287,2.3878142029360827,0.9302990118004136,1.883029681279707,0.7584529269900164
4288,2.097393599198023,0.7044118323155093,1.9030731954331461,0.3354255840812304
4289,2.4026530091869702,0.9430522131661707,1.9030731954331461,0.7584781659334574
4290,2.0981361701525083,0.7104987084154895,1.9232057270495615,0.2840929397879289
4291,2.4172824657813297,0.9553693723748722,1.9232057270495615,0.7584886675729698
4292,2.098791645978036,0.7164299197359622,1.9435007245815001,0.3151341788668953
4293,2.4316535251476696,0.9672230464134389,1.9435007245815001,0.758485464290719
4294,2.098988270827257,0.7230463307560007,1.9646820046509563,0.35018947933440164
4295,2.445718828414,0.9785875849951515,1.9646820046509563,0.7584695798450283
4296,2.0993179398896085,0.7293574760523301,1.9857808153501533,0.2908971358614601
4297,2.459432791378373,0.9894390546083178,1.9857808153501533,0.7584420250324136
4298,2.0995933607777153,0.7355151632698234,2.0068665372802035,0.33678766161743057
4299,2.4727516791650674,0.9997551697554733,2.0068665372802035,0.7584037937277107
4300,2.099390355855819,0.7423260574220283,2.028625313329949,0.37240988870727154
4301,2.485633670704612,1.0095152309613147,2.028625313329949,0.7583558592929531
4302,2.098724734563301,0.7497628085832465,2.050970619788426,0.4090624117379597
4303,2.4980389141207384,1.0187000691009398,2.050970619788426,0.7582991713448132
4304,2.0975999190798653,0.7577915370066203,2.073806964408746,0.4494751657533505
4305,2.5099295740428773,1.027291995593831,2.073806964408746,0.7582346528696549
4306,2.096015071406673,0.7663766996573113,2.097035762427827,0.48065936911379575
4307,2.5212698717924287,1.0352747580174888,2.097035762427827,0.758163197674576
4308,2.0945910430577364,0.7745606667440773,2.11972948433605,0.4090530776430379
4309,2.532026119317377,1.0426335007131828,2.11972948433605,0.7580856681622202
4310,2.0938385865545133,0.7816252584918291,2.1411957984328036,0.34532278830411484
4311,2.5421667476753194,1.0493547299816968,2.1411957984328036,0.7580028934166174
4312,2.093064256365867,0.7885009241418676,2.1622146042590153,0.3799161723702674
4313,2.551662330791163,1.0554262834966395,2.1622146042590153,0.7579156675868649
4314,2.0924347134797303,0.7950553235053456,2.1826272395633715,0.32103299646572225
4315,2.5604856051440468,1.0608373035951533,2.1826272395633715,0.757824748555087
4316,2.09175699590822,0.8014232172283331,2.202494492512186,0.3523880979988531
4317,2.5686114859693663,1.065578214139366,2.202494492512186,0.7577308568748076
4318,2.0911883338857726,0.8074638882163938,2.2216542883668815,0.29712905394415207
4319,2.5760170804966513,1.0553381730383387,2.2216542883668815,0.757634674965625
4320,2.090612793213217,0.8133747887972417,2.2402399320197515,0.33511646330014894
4321,2.582681698682992,1.044125882739788,2.2402399320197515,0.7575368465499187
4322,2.0894415770896426,0.8198320697925331,2.2587779852178365,0.37208687467957835
4323,2.588586861844662,1.0324112151719178,2.2587779852178365,0.7574379763171956
4324,2.0876735420174426,0.8267938618836124,2.2771739982300323,0.40290311051509375
4325,2.5937163095367612,1.0202202978165744,2.2771739982300323,0.7573386298016448
4326,2.086089876628379,0.8334391346166907,2.2947072982568617,0.33463391267717474
4327,2.598056004981703,1.0075810936319847,2.2947072982568617,0.757239333458477
4328,2.085254351430336,0.8390930293568212,2.310791999239303,0.27056823407776
4329,2.6015941393022115,0.9945234756634114,2.310791999239303,0.7571405749246989
4330,2.0851739043034847,0.8438284174859968,2.3254850191576364,0.22642929035847653
4331,2.6043211347725586,0.9810793076631924,2.3254850191576364,0.7570428034500871
4332,2.0850024026831955,0.848424971973564,2.3393723816863847,0.2544101459083276
4333,2.60622964726296,0.9672825305596555,2.3393723816863847,0.7569464304843122
4334,2.084113914973185,0.8535158661207577,2.352915206522413,0.28800770193267133
4335,2.6073145680156933,0.9531692543845716,2.352915206522413,0.7568518304063748
4336,2.0833886886863136,0.8583786262816372,2.365546871349281,0.24142969876180762
4337,2.6075730248573086,0.9387778549621885,2.365546871349281,0.7567593413827989
4338,2.0825958157604285,0.8630934940294612,2.3772802766264305,0.2712382520076194
4339,2.6070043829187073,0.9241490742615596,2.3772802766264305,0.7566692663413281
4340,2.0810778203719695,0.8682626803876186,2.388530091520085,0.3064573301247178
4341,2.6056102449034326,0.9093261227974565,2.388530091520085,0.7565818740472323
4342,2.0797591259337014,0.8732187027091093,2.398819620922836,0.25702199921311397
4343,2.603394450913666,0.8943547818113032,2.398819620922836,0.7564974002697125
4344,2.0784000201838406,0.8780274210606571,2.408148726388091,0.28836960372822407
4345,2.6003630778128004,0.8792835021491144,2.408148726388091,0.7564160490263263
4346,2.076297479220319,0.883242978957459,2.416864463351565,0.3240039444713204
4347,2.596524438072357,0.8641634957562531,2.416864463351565,0.7563379938937939
4348,2.07442009127702,0.888254352789317,2.424585576111078,0.27233931119419824
4349,2.591889078019145,0.849048814511056,2.424585576111078,0.7562633793740314
4350,2.0725214395418203,0.8931139309921736,2.4312997442226014,0.3044350065563023
4351,2.5864697753652317,0.8339964097120453,2.4312997442226014,0.7561923223047564
4352,2.0698608975716946,0.8983336740150853,2.4372914246284334,0.3401773246399943
4353,2.58028153586819,0.8190661639232659,2.4372914246284334,0.7561249133045289
4354,2.067449677285069,0.9033598156385514,2.4422786010427284,0.28681374891122274
4355,2.5733415889315867,0.8043208851006887,2.4422786010427284,0.7560612182426235
4356,2.0650354600921674,0.908231565603168,2.4462370379652993,0.3192818916462405
4357,2.565669381915455,0.7898262510372384,2.4462370379652993,0.756001279724681
4358,2.0618421912253453,0.9134187473641567,2.449387738251602,0.3549430198482353
4359,2.557286572883063,0.7756506902921576,2.449387738251602,0.7559451185856387
4360,2.0589208328915523,0.9184242316858959,2.4515491201914865,0.30027433362078637
4361,2.548217021463299,0.7618651840932381,2.4515491201914865,0.7558927353819931
4362,2.056013911725505,0.9232742997548073,2.452685394802935,0.3328657009117235
4363,2.538486777457153,0.7485429724753132,2.452685394802935,0.7558441118760282
4364,2.052309463194825,0.9283924429053917,2.4529493797331785,0.36830191287669956
4365,2.528124066761879,0.7357591474849874,2.4529493797331785,0.7557992125051838
4366,2.048898909425825,0.933343118124325,2.452266082652923,0.31261080321724444
4367,2.51715927412732,0.7235901170557507,2.452266082652923,0.7557579858303146
4368,2.045514642414522,0.9381302583375585,2.450578311802828,0.34503938242798254
4369,2.505624922195662,0.7121129256051258,2.450578311802828,0.7557203659571249
4370,2.0413194094840867,0.9431442061867911,2.447985511495061,0.380083756177724
4371,2.4935556462087916,0.7014044219874415,2.447985511495061,0.7556862739256232
4372,2.0374357078716483,0.9480005367211931,2.444507615892481,0.3230562596190005
4373,2.4809881636968303,0.6915402725205538,2.444507615892481,0.7556556190629642
4374,2.033596697375112,0.9526973230408002,2.4400842328661567,0.35597606317399744
4375,2.4679612383882015,0.6825938265471696,2.4400842328661567,0.7556283002955557
4376,2.028927869123578,0.9575672930696222,2.434736572669604,0.3904626189249147
4377,2.4545156375066686,0.6746348541922005,2.434736572669604,0.7556042074168324
4378,2.024597541304039,0.9623106912580512,2.428613338742583,0.33292278835212735
4379,2.4406940815457614,0.6677281899524268,2.428613338742583,0.7555832223075613
4380,2.0203253482760326,0.9668915370904055,2.4216217165155127,0.3655643640333419
4381,2.4265411855377708,0.6619323302563954,2.4216217165155127,0.7555652201060268
4382,2.015209588995786,0.9715974231973745,2.4137201233579613,0.3994287313836476
4383,2.412103390765511,0.6572980463801659,2.4137201233579613,0.7555500703258875
4384,2.010438201686755,0.9761676940245055,2.40513564370642,0.3397092716890446
4385,2.3974288858033805,0.6538670839643278,2.40513564370642,0.7555376379199182
4386,2.0057401392556526,0.9805737223366636,2.395787431782461,0.3736331984197634
4387,2.3825675157235735,0.6516710247063515,2.395787431782461,0.7555277842882658
4388,2.0002018940800954,0.9850914782168163,2.3856074086907006,0.40690433147469274
4389,2.367570678267955,0.6507303829104696,2.3856074086907006,0.7555203682302235
4390,1.9950323478158138,0.9895129777519824,2.3749106907159163,0.3481451249281741
4391,2.352491205771046,0.651053998708544,2.3749106907159163,0.7555152468388957
4392,1.989951695219575,0.9937765737470835,2.3635871716224033,0.3812971997213812
4393,2.3373832316304557,0.6526387714439515,2.3635871716224033,0.7555122763384523
4394,1.9840077099313025,0.998068886014051,2.3514672345260608,0.4136844200000895
4395,2.322302040163965,0.6554697528192421,2.3514672345260608,0.7555113128640021
4396,1.9784445519648084,1.002276782872922,2.3389921755753744,0.35401166741035334
4397,2.307303898773884,0.6595205929250011,2.3389921755753744,0.7555122131843869
4398,1.9729863524820268,1.0063326869978657,2.3260509079342344,0.3873272838843327
4399,2.292445871465738,0.6647543066996072,2.3260509079342344,0.7555148353684812
4400,1.9666609974638427,1.010374204725449,2.3124163712057237,0.4215944051619471
4401,2.2777856129463485,0.6711243070365094,2.3124163712057237,0.7555190393958214
4402,1.9595039114412423,1.0144226919442334,2.298167119150038,0.45928998198136034
4403,2.2633811427615265,0.6785756361245902,2.298167119150038,0.755524687712607
4404,1.9515345365424228,1.0184390910769117,2.283327491784911,0.4967928703659112
4405,2.2492905992307257,0.6870463198715254,2.283327491784911,0.7555316457343234
4406,1.9427861604853158,1.0224516175700902,2.2679882773209488,0.5263737627660598
4407,2.2355719732978794,0.6804307721118008,2.2679882773209488,0.7555397822964127
4408,1.933276782904857,1.026414920699015,2.2521749219735843,0.5628285722398432
4409,2.22228282284487,0.667452316275916,2.2521749219735843,0.7555489700545753
4410,1.9230315626200067,1.030313440147455,2.2359443957092147,0.58818590917275
4411,2.20947996850412,0.6550707056855661,2.2359443957092147,0.7555590858364206
4412,1.9133245005720998,1.034174061234983,2.2199407955152357,0.5117601847515563
4413,2.1972191725534347,0.6433669957737338,2.2199407955152357,0.7555700109463133
4414,1.9051407837181873,1.0379824298843772,2.2046644305042142,0.441355447968037
4415,2.1855548030689658,0.6324228168474505,2.2046644305042142,0.755581631425352
4416,1.897176490754603,1.0417065980455076,2.189592725238552,0.4766094901361471
4417,2.174539486135987,0.6223193214261481,2.189592725238552,0.755593838268504
4418,1.8884114360335,1.0453021728119667,2.1743062889394635,0.5147291815006265
4419,2.1642237495521526,0.613135930352203,2.1743062889394635,0.7556065276009868
4420,1.878874684482745,1.048690053074984,2.1588176974277884,0.5364509721036005
4421,2.1546556620798856,0.6049488930805086,2.1588176974277884,0.7556196008160314
4422,1.8685945026556443,1.0519548149576603,2.143279832442823,0.569133501915068
4423,2.145880472885273,0.5978296967838711,2.143279832442823,0.7556329646762104
4424,1.8575971561346094,1.0550778633414692,2.1277573041341773,0.5997866954595991
4425,2.1379402563097005,0.5918433802723215,2.1277573041341773,0.7556465313805175
4426,1.845911931297712,1.0580285365242161,2.1123055301098796,0.626294991750052
4427,2.130873567525384,0.587046829701329,2.1123055301098796,0.7556602185994107
4428,1.83356326566415,1.06083285766891,2.0970259616221556,0.6577359207710406
4429,2.124715114896163,0.5834871502800427,2.0970259616221556,0.7556739494800183
4430,1.8205851187716866,1.0634428025843314,2.0819590651875264,0.6780362931080758
4431,2.119495454972502,0.5812002179959337,2.0819590651875264,0.755687652623695
4432,1.8082265645585274,1.066191536194059,2.068027609095308,0.6113484919481973
4433,2.1152407159724764,0.5802095145274586,2.068027609095308,0.75570126203809
4434,1.7962459944364935,1.0689031080512208,2.055034866858805,0.6296244624820084
4435,2.111972355324367,0.5805253352050204,2.055034866858805,0.755714717065862
4436,1.7836229473396996,1.0714213905986991,2.042441057398651,0.6647649591275644
4437,2.1097069563667907,0.5821444344538261,2.042441057398651,0.7557279622921227
4438,1.7704017998756088,1.0736860574193592,2.0302674256796407,0.6891916595801385
4439,2.108456068625869,0.5850501384130198,2.0302674256796407,0.7557409474326502
4440,1.7566027097205057,1.0757385085655131,2.018609423486348,0.7059723650288485
4441,2.1082260952340444,0.5892129152335209,2.018609423486348,0.755753627204858
4442,1.743450845734868,1.0779312526843094,2.0083829051835775,0.6269201196054477
4443,2.109018230051395,0.5945913558004229,2.0083829051835775,0.755765961183435
4444,1.73186286635052,1.0805845201109652,2.0003325897214874,0.5665412176529747
4445,2.1108284459369595,0.6011334868582214,2.0003325897214874,0.75577791364252
4446,1.720626869490724,1.0831813615374708,1.9934783205080362,0.5830842968707582
4447,2.1136475344413506,0.6087783187046466,1.9934783205080362,0.7557894533861802
4448,1.7087776233670615,1.085421838006525,1.9871395566912846,0.6067958426055814
4449,2.1174611960038803,0.6174575223929857,1.9871395566912846,0.7558005535689223
4450,1.6974823249561706,1.0877836456065555,1.9822930059159471,0.5475871345123651
4451,2.122250178589308,0.6270971359825196,1.9822930059159471,0.7558111915078529
4452,1.68651278321635,1.090131523153827,1.9787242460989745,0.5658882076873396
4453,2.127990461640317,0.6376192131989765,1.9787242460989745,0.7558213484880415
4454,1.6749471998830194,1.0920836994265402,1.9756768742140767,0.5883614928612051
4455,2.1346534812948823,0.6489433473525469,1.9756768742140767,0.7558310095625671
4456,1.6638977701173676,1.094199658462814,1.9741572802675738,0.5312571985905508
4457,2.1422063920570507,0.6609880248958306,1.9741572802675738,0.7558401633486227
4458,1.6531798714494048,1.0962688582820945,1.973877461199181,0.5504346764563491
4459,2.1506123595389064,0.6736717835931665,1.973877461199181,0.7558488018209915
4460,1.64189010391622,1.0979031176501353,1.9740613713261979,0.5719020474110846
4461,2.159830878522573,0.6869141678850958,1.9740613713261979,0.755856920104109
4462,1.6311095463756424,1.0996855182835352,1.9757032339058649,0.5162417522117306
4463,2.1698181104245924,0.7006364876397563,1.9757032339058649,0.7558645162638487
4464,1.6206572689691938,1.1014197677244066,1.9785077448988286,0.5348597384265354
4465,2.1805272342708184,0.7147623958955455,1.9785077448988286,0.7558715911000883
4466,1.6096616930019088,1.10268704828072,1.981663111794135,0.5568098309055681
4467,2.1919088054893,0.7292183068008247,1.981663111794135,0.7558781479410254
4468,1.5991508252843925,1.104123839426088,1.9861754369693085,0.5019261816014945
4469,2.2039111171759207,0.7439336774440036,1.9861754369693085,0.7558841924401299
4470,1.5889540107269895,1.1055315441685878,1.9917332483746482,0.5308942415576907
4471,2.21648055895305,0.758841177439062,1.9917332483746482,0.7558897323765544
4472,1.5782218995153519,1.1064784149790006,1.997503586629434,0.549121918209241
4473,2.2295619690933712,0.7738767687435062,1.997503586629434,0.7558947774597287
4474,1.5669818606264239,1.1069921695249088,2.0034632077655794,0.577854217673348
4475,2.2430989761879134,0.7889797158745154,2.0034632077655794,0.7558993391387987
4476,1.5552823704648306,1.1070698946049553,2.009562058049667,0.6053590963676
4477,2.257034327269633,0.804092543943864,2.009562058049667,0.7559034304175011
4478,1.5431479631912437,1.106743784802121,2.0157691580997366,0.6322338934466056
4479,2.271310199935487,0.8191609590988588,2.0157691580997366,0.7559070656749881
4480,1.530614020801966,1.1060302321355586,2.0220380476310917,0.66438944362036
4481,2.285868496618987,0.834133743258499,2.0220380476310917,0.7559102604930467
4482,1.5177182258315265,1.1049429889988223,2.0283165559108003,0.6910577983358284
4483,2.300651119734395,0.8489626325991243,2.0283165559108003,0.7559130314901016
4484,1.50449716157309,1.1034977758501445,2.0345505248417415,0.7099404073592801
4485,2.3156002269305382,0.8636021871310036,2.0345505248417415,0.7559153961623226
4486,1.4918644542457182,1.0966461253147082,2.0417246756197693,0.6316348043757269
4487,2.330658466148543,0.8780096569291188,2.0417246756197693,0.7559173727320981
4488,1.480532186805563,1.088683985407674,2.0505501280232057,0.5581163747253518
4489,2.345769190569531,0.8921448491219268,2.0505501280232057,0.7559189800040841
4490,1.4695670898930349,1.0809763509045327,2.0598578020966434,0.585479853917094
4491,2.360876653864664,0.9059699985695365,2.0598578020966434,0.7559202372289776
4492,1.4591084682623696,1.0737437452452405,2.0697731496013616,0.5223164108189117
4493,2.3759261864228303,0.9194496442391591,2.0697731496013616,0.7559211639751287
4494,1.4489781533233936,1.0667344517045356,2.080001013250656,0.5439287108194624
4495,2.390864353434631,0.9325505125714365,2.080001013250656,0.7559217800080413
4496,1.438517479340433,1.0589696085488667,2.089599391993026,0.5687372470634843
4497,2.405639095860471,0.9452414085890688,2.089599391993026,0.755922105177781
4498,1.4284961933666025,1.0516944530102716,2.09962724398081,0.5090155185106654
4499,2.420199855411688,0.9574931150957677,2.09962724398081,0.7559221593142648
4500,1.4188157390885558,1.0446302073492504,2.1097446048708233,0.5312177816232393
4501,2.4344976847332744,0.9692783000202444,2.1097446048708233,0.7559219621303707
4502,1.408848242311925,1.0367968241762118,2.1190072617798847,0.5567530340747697
4503,2.448485344001395,0.98057143175269,2.1190072617798847,0.7559215331327686
4504,1.399295802025092,1.029450129751616,2.1285062597499174,0.4902608784422339
4505,2.462117385145009,0.9913487021802879,2.1285062597499174,0.7559208915403495
4506,1.3900676637533633,1.0223146967521017,2.1379116935635905,0.526542597542285
4507,2.475350224874103,1.001587957037825,2.1379116935635905,0.7559200562100916
4508,1.3806132238415452,1.0143948681812698,2.1462504805583573,0.5465712075961038
4509,2.488142207652842,1.0112686331368348,2.1462504805583573,0.7559190455701866
4510,1.3715237095425452,1.0069663372840416,2.1546681708416955,0.4798668163884542
4511,2.500453659698775,1.0203717020119973,2.1546681708416955,0.7559178775602224
4512,1.362754696469468,0.9997460909970511,2.1628250376341813,0.517474785667826
4513,2.5122469350232417,1.028879619519092,2.1628250376341813,0.755916569578196
4514,1.3538000416195772,0.9917346130737799,2.169740859819067,0.5354124036193775
4515,2.5234864544564592,1.0367762809287635,2.169740859819067,0.7559151384341187
4516,1.3452162113639319,0.9842047717140701,2.1765742023385273,0.47065741326823773
4517,2.534138738526371,1.0440469810802804,2.1765742023385273,0.7559136003099549
4518,1.336925539636137,0.9768871279341975,2.1830173816566156,0.50914945559403
4519,2.544172434985172,1.0506783791860348,2.1830173816566156,0.7559119707256334
4520,1.328448428260563,0.968781766937738,2.188089967341372,0.5323555909260953
4521,2.5535583417033108,1.0566584679082671,2.188089967341372,0.7559102645108394
4522,1.319860985930536,0.9599089774043691,2.191758152814132,0.568404059673555
4523,2.5622694255788976,1.061976546362662,2.191758152814132,0.7559084957823169
4524,1.3112060480313912,0.9502960802561579,2.1940059136543497,0.5892373641348123
4525,2.5702808380417372,1.0641734988873428,2.1940059136543497,0.7559066779263744
4526,1.3028890775557196,0.9412258540668161,2.196046700436987,0.5249929832295327
4527,2.577569927666179,1.0534450602292005,2.196046700436987,0.7559048235863041
4528,1.294922828684669,0.9324167261653907,2.1975597368357107,0.555074723152775
4529,2.5841162503460464,1.0421913498592434,2.1975597368357107,0.7559029446544183
4530,1.2869347681563652,0.9228583010152898,2.197545779535248,0.5766159558609327
4531,2.5899015774281335,1.0304370154052604,2.197545779535248,0.7559010522683929
4532,1.2793062518534057,0.9138281600622391,2.1972267714832525,0.5059542204442304
4533,2.594909902148089,1.018208478223006,2.1972267714832525,0.7558991568116249
4534,1.2723142528636664,0.9061238107927092,2.1973560102271756,0.45270146840487346
4535,2.5991274446638557,1.0055340028208903,2.1973560102271756,0.7558972679173095
4536,1.2655727363939195,0.8984816486205554,2.196686167301858,0.4811589843846933
4537,2.60254265593683,0.9924437723041506,2.196686167301858,0.7558953944759331
4538,1.2591221035850542,0.8912883275856158,2.1955905136965144,0.42501299527119274
4539,2.6051462206693077,0.9789699698285302,2.1955905136965144,0.7558935446459041
4540,1.2529493138752459,0.8842794640728321,2.1937916732501286,0.44767311886970157
4541,2.606931059468083,0.9651468658780143,2.1937916732501286,0.7558917258670281
4542,1.246813812338638,0.8764397407226019,2.190279948756162,0.4755425541388449
4543,2.607892330367977,0.9510109109424394,2.190279948756162,0.7558899448765586
4544,1.2409323379888777,0.8690531225888605,2.186323346549016,0.42010758913096125
4545,2.608027429814988,0.9366008328530864,2.186323346549016,0.7558882077275503
4546,1.235331240659623,0.861856066394193,2.1816504352196286,0.4447509543600251
4547,2.6073359931762554,0.9219577376193903,2.1816504352196286,0.7558865198092525
4548,1.2298311800997688,0.8538312350717434,2.1752504612569683,0.47270454893604236
4549,2.6058198948126776,0.9071252120769611,2.1752504612569683,0.7558848858692961
4550,1.2245421195949229,0.8462622589325408,2.1684070761183163,0.41749417882716944
4551,2.603483247719166,0.8921494259836685,2.1684070761183163,0.7558833100374291
4552,1.2195148705099297,0.8388885226708175,2.1608590292314007,0.44254542638880273
4553,2.6003324027068606,0.8770792303633619,2.1608590292314007,0.7558817958505673
4554,1.2146575093049485,0.8306908118560518,2.1515953531478393,0.47069231446153287
4555,2.5963759470704084,0.8619662478740687,2.1515953531478393,0.7558803462789412
4556,1.2099815164546972,0.822949539777528,2.1419070273192027,0.4154193666086931
4557,2.591624702651404,0.8468649497521268,2.1419070273192027,0.7558789637531291
4558,1.2055579545044517,0.8154084405821164,2.1315456576371803,0.4406630805129717
4559,2.5860917231755445,0.831832712448213,2.1315456576371803,0.7558776501917746
4560,1.2013751622606246,0.8070491324371979,2.1195068304970692,0.4689821314029561
4561,2.5797922907056656,0.8169298454349088,2.1195068304970692,0.7558764070298031
4562,1.1973428418652308,0.7991461923900767,2.1070814432709226,0.4136370083241424
4563,2.5727439110150363,0.8022195798636237,2.1070814432709226,0.7558752352469574
4564,1.1935520446166006,0.7914483126585349,2.094035041490661,0.43906055880291917
4565,2.5649663076446534,0.7877680058546163,2.094035041490661,0.7558741353964917
4566,1.1900739752167586,0.7829403670213331,2.0793753846756866,0.46752738577195885
4567,2.5564814143644568,0.7736439443422387,2.0793753846756866,0.7558731076338645
4568,1.186724288387705,0.774889444394764,2.0643871312914936,0.41165182470776324
4569,2.5473133657109184,0.7599187377589147,2.0643871312914936,0.755872151745292
4570,1.183613916485311,0.7670504234066567,2.04885168769672,0.43688404219976396
4571,2.5374884852221333,0.7466659426937365,2.04885168769672,0.7558712671760303
4572,1.1808900796510136,0.7584133735368109,2.031793839214794,0.4658911223309016
4573,2.527035270936119,0.7339609073555883,2.031793839214794,0.7558704530582635
4574,1.1782559039405458,0.7502321518217221,2.014481151167352,0.4101939385278301
4575,2.515984377658416,0.721880217631255,2.014481151167352,0.7558697082384932
4576,1.175843139093052,0.7422684453099662,1.9967114763418676,0.4351400183285047
4577,2.5043685954413872,0.7105009982257793,1.9967114763418676,0.755869031304321
4578,1.173885304977827,0.7335210726088154,1.977532839044809,0.46436964514169193
4579,2.4922228236500312,0.6999000602611746,1.977532839044809,0.755868420610547
4580,1.171989592049124,0.7252296333600861,1.9581915237209864,0.4086700569335507
4581,2.4795840399181888,0.6901528941397396,1.9581915237209864,0.7558678743044993
4582,1.1703036814113366,0.7171635425470135,1.9385028712873626,0.4330294677645074
4583,2.4664912632255147,0.6813325165676373,1.9385028712873626,0.7558673903505227
4584,1.169133337927883,0.7083302983941941,1.9175390600238436,0.4627158893418924
4585,2.452985510250606,0.6735081931284702,1.9175390600238436,0.7558669665535751
4586,1.1679807069194452,0.699948118338698,1.8965138576395788,0.40722086184678535
4587,2.4391097440807683,0.6667440719404134,1.8965138576395788,0.7558666005818699
4588,1.1670187885516328,0.6917975794171458,1.8752641219560826,0.43104111501329934
4589,2.4249088142860837,0.661097778401848,1.8752641219560826,0.755866289988534
4590,1.1666594990256773,0.6829098522948429,1.852906052803187,0.4601291821940726
4591,2.4104293872972713,0.6566190339865372,1.852906052803187,0.7558660322322349
4592,1.166279299247884,0.6744695167532258,1.830604034159019,0.4017535478100514
4593,2.395719865966326,0.6533483713287297,1.830604034159019,0.7558658246967603
4594,1.1660735568594265,0.6662707093752427,1.8082186207126258,0.43722434213186
4595,2.3808302971400392,0.6513160213247132,1.8082186207126258,0.755865664709523
4596,1.166506517214029,0.6573521303639206,1.7848876968776104,0.460605681754264
4597,2.3658122660434633,0.6505410440722367,1.7848876968776104,0.7558655495589822
4598,1.1676155637755539,0.6477609952585521,1.7607145100480712,0.49159417899100344
4599,2.3507187762583883,0.6510307635651035,1.7607145100480712,0.7558654765109746
4600,1.1686636516615578,0.6386445166200303,1.7368087485487143,0.43072076934250847
4601,2.3356041140965664,0.6527805468601605,1.7368087485487143,0.7558654428239518
4602,1.1698168097622075,0.629786034870129,1.7130235700019416,0.4619583915981756
4603,2.3205236962149347,0.6557739439877536,1.7130235700019416,0.7558654457631352
4604,1.1717167762315963,0.6202997648810193,1.6886033525860829,0.4878054365965783
4605,2.3055338994069485,0.6599831782733344,1.6886033525860829,0.7558654826135867
4606,1.1743672130788327,0.610224102388072,1.6636391817042449,0.516594362028664
4607,2.290691871636931,0.6653699515083024,1.6636391817042449,0.7558655506922242
4608,1.1768839615792812,0.600632793066228,1.6391466428806298,0.44548947923467985
4609,2.2760553235694365,0.6718865078008297,1.6391466428806298,0.7558656473587887
4610,1.178541184417062,0.5923401581356442,1.6159052005399004,0.39228781484077274
4611,2.261682300088596,0.6794768862755953,1.6159052005399004,0.755865770025792
4612,1.1803031368026595,0.58430875108391,1.593055055198127,0.4178763791160303
4613,2.2476309316078216,0.688078287090979,1.593055055198127,0.7558659161674698
4614,1.1829144719151086,0.5757162747259551,1.5699195838859703,0.451850439882571
4615,2.233959165340617,0.6788487518097127,1.5699195838859703,0.7558660833277651
4616,1.1863617099814008,0.5665977284484024,1.546582493302754,0.4784862906772429
4617,2.220724477138854,0.6659370047041169,1.546582493302754,0.75586626912738
4618,1.1906669567102937,0.5570309753564345,1.5231725930339544,0.5031018893856889
4619,2.2079835650027,0.6536326514163641,1.5231725930339544,0.7558664712699269
4620,1.1947512470094332,0.5479353658085595,1.5005341118003692,0.43320437477551405
4621,2.1957920259197,0.6420168753789014,1.5005341118003692,0.7558666875472113
4622,1.1977415736219514,0.5399805102601292,1.4793047306991822,0.3710080316905945
4623,2.1842040182882982,0.6311713111669476,1.4793047306991822,0.7558669158436909
4624,1.19965608577485,0.5331050213883934,1.4594996720914086,0.31573630610326864
4625,2.173271912807571,0.6211769657161795,1.4594996720914086,0.7558671541401448
4626,1.2004934616551934,0.5272175671027953,1.4411019539247787,0.2745843340991521
4627,2.1630459353497864,0.612112939303193,1.4411019539247787,0.7558674005165921
4628,1.2014235424476853,0.5215064761458507,1.4234839596147362,0.30650399618686525
4629,2.1535738059507055,0.6040549639760071,1.4234839596147362,0.7558676531545072
4630,1.2033694372569057,0.515351478195915,1.4061623422104115,0.3170535732003242
4631,2.144900378625837,0.5970737967324174,1.4061623422104115,0.7558679103383623
4632,1.2054033082970401,0.5093126950198913,1.389659965658942,0.30176602575901534
4633,2.137067287218054,0.5912335262206838,1.389659965658942,0.7558681704565503
4634,1.207729245549337,0.5033807272453431,1.3740359855145865,0.3080551083088735
4635,2.1301126028712507,0.5865898724397639,1.3740359855145865,0.7558684320017212
4636,1.2098378445686622,0.4976924617484139,1.3594371107452028,0.26238963190063375
4637,2.1240705089753567,0.5831885754100505,1.3594371107452028,0.755868693570577
4638,1.2107682034945788,0.49276267013586555,1.3463814394195526,0.22745455451633714
4639,2.1189709995128103,0.5810639773897808,1.3463814394195526,0.755868953863163
4640,1.210542355862101,0.4884795787895635,1.3348329702079702,0.229079148904691
4641,2.1148396066343063,0.5802379008348372,1.3348329702079702,0.7558692116817031
4642,1.2104479647430912,0.4843512950986174,1.324422818260161,0.2107668097132667
4643,2.1116971629891133,0.5807189093652453,1.324422818260161,0.7558694659290103
4644,1.2102310244175218,0.48041282365696064,1.315212690185202,0.19866988472941385
4645,2.10955960382947,0.5825020121724062,1.315212690185202,0.755869715606514
4646,1.2088901475885618,0.47703653892642406,1.3075875229402,0.21219929687903058
4647,2.1084378132076935,0.5855688366803673,1.3075875229402,0.7558699598119483
4648,1.2077180172779787,0.4738397155532558,1.301240574919223,0.1791262531313108
4649,2.1083375177085255,0.5898882549229241,1.301240574919223,0.7558701977367287
4650,1.2064591619757856,0.4707372004771856,1.2961004866502797,0.20385174959726876
4651,2.109259230138809,0.5954174119410108,1.2961004866502797,0.7558704286630553
4652,1.2053597043600648,0.4677978433052826,1.2922528811803122,0.16636911916036257
4653,2.11119824447227,0.6021030749560794,1.2922528811803122,0.755870651960786
4654,1.2041772215915298,0.4649194354861626,1.2895999385789847,0.18685221160049612
4655,2.114144682166389,0.6098832038311994,1.2895999385789847,0.7558708670840998
4656,1.2031500955689296,0.4621711750286637,1.2882081668750487,0.15675282626204806
4657,2.118083588782457,0.6186886377068481,1.2882081668750487,0.7558710735679877
4658,1.2032836396591622,0.4592591777661274,1.2877448827218163,0.16414286210315618
4659,2.122995078700584,0.6284447986549189,1.2877448827218163,0.7558712710246035
4660,1.2045260069430783,0.4562485260964043,1.288225977386209,0.16125223530121627
4661,2.1288545246771715,0.6390733279534344,1.288225977386209,0.7558714591395
4662,1.2068276605580426,0.45318227724834986,1.2896360960413618,0.17609491715260722
4663,2.135632788085154,0.6504935905313021,1.2896360960413618,0.7558716376677779
4664,1.2089352268043037,0.4501565332578589,1.2920883475449125,0.1623689345390988
4665,2.1432964849401306,0.6626240047002442,1.2920883475449125,0.7558718064301722
4666,1.2110693451715442,0.4472613855414333,1.2956282333269238,0.16753438999391695
4667,2.1518082822704034,0.67538317459531,1.2956282333269238,0.755871965309105
4668,1.2142180855110447,0.44437994138358594,1.3000086653724514,0.19483787699986996
4669,2.161127219046462,0.6886908198863724,1.3000086653724514,0.7558721142447191
4670,1.2171456945323766,0.4415527656689565,1.30532286913379,0.167970969279595
4671,2.1712090457445643,0.702468510392474,1.30532286913379,0.7558722532309207
4672,1.2200670311398663,0.4388622480392642,1.3115872088042024,0.18761279000974854
4673,2.182006576668639,0.7166402221266339,1.3115872088042024,0.7558723823114455
4674,1.2239460202132173,0.4363008822435533,1.3186129940784626,0.21800665976728537
4675,2.1934700493747745,0.7311327364592992,1.3186129940784626,0.7558725015759681
4676,1.2275780449759641,0.4337985960011876,1.3264256735282949,0.18316808634418577
4677,2.205547485906989,0.745875906234907,1.3264256735282949,0.755872611156268
4678,1.2311684654545418,0.43145248309831746,1.3350400833537137,0.20754203740311541
4679,2.2181850510314938,0.7608028126072904,1.3350400833537137,0.7558727112224747
4680,1.2356602856679517,0.42934012493065954,1.3443079571520329,0.24147366588432737
4681,2.2313274032175245,0.7758498348200947,1.3443079571520329,0.7558728019793927
4682,1.239886939466965,0.42727327257032915,1.3541834603580545,0.19991856936374594
4683,2.24491803472463,0.7909566527665174,1.3541834603580545,0.7558728836629308
4684,1.2440438131394786,0.42536780992370393,1.3646891463034823,0.2287183024248916
4685,2.258899597789991,0.8060661993888563,1.3646891463034823,0.755872956536636
4686,1.2490507255593406,0.4237901946769432,1.375727584603257,0.2645626871312034
4687,2.2732142145392253,0.8211245771513177,1.375727584603257,0.7558730208883491
4688,1.2537789060022513,0.4222415885969948,1.387190028660032,0.218311985844238
4689,2.287803768848947,0.836080950149038,1.387190028660032,0.755873077026986
4690,1.2584129088371574,0.42085749171720727,1.3991121624664402,0.24969996750472578
4691,2.302610178952379,0.8508874210198756,1.3991121624664402,0.7558731252794483
4692,1.2638463200659646,0.41989645791146674,1.4114575692350195,0.2864636540848634
4693,2.3175756500887355,0.8654988997551135,1.4114575692350195,0.7558731659876762
4694,1.2689914799976765,0.4189447138766963,1.4240480145228758,0.23686567146267878
4695,2.332642906945214,0.879872969768801,1.4240480145228758,0.7558731995058426
4696,1.2740215219420155,0.4181572255504353,1.436935948870826,0.2696992870818142
4697,2.3477554060237207,0.8939697551644411,1.436935948870826,0.7558732261976934
4698,1.2798010595124203,0.4178860156219828,1.4501545078860136,0.3068033623404119
4699,2.3628575283824507,0.9077517919992357,1.4501545078860136,0.7558732464340358
4700,1.2852864812707763,0.4176004762532845,1.463448944303935,0.25476636783682227
4701,2.3778947534573662,0.9211839054513676,1.463448944303935,0.7558732605903791
4702,1.2906389991177838,0.41747445245278114,1.4768909298519808,0.28833980366598283
4703,2.392813814864662,0.9342330941054764,1.4768909298519808,0.7558732690447224
4704,1.2966917945032352,0.4179527612434024,1.4905899197085613,0.32544374335731946
4705,2.407562839227873,0.9468684220487888,1.4905899197085613,0.7558732721754956
4706,1.3024478956565078,0.41838886549825977,1.5042079397371166,0.27159643657328836
4707,2.4220914691686306,0.9590609190825151,1.5042079397371166,0.7558732703596497
4708,1.308056174114127,0.41897447155542406,1.51783732757622,0.30547015856791493
4709,2.4363509716548086,0.9707834890720647,1.51783732757622,0.7558732639708947
4710,1.3143161772951895,0.42024439447060524,1.5316688344226423,0.34237292955179577
4711,2.450294332920404,0.9820108262618943,1.5316688344226423,0.7558732533780852
4712,1.3202938903251722,0.42142276536986334,1.545255027955461,0.28731192814055984
4713,2.463876341164258,0.9927193392471415,1.545255027955461,0.7558732389437445
4714,1.3261245968128441,0.4227211331203155,1.5587125875723518,0.3217236560048425
4715,2.4770536582054374,1.0028870822092513,1.5587125875723518,0.7558732210227356
4716,1.3325638474354458,0.42477109342572394,1.5723299371387502,0.3591377088507595
4717,2.4897848812268895,1.01249369297424,1.5723299371387502,0.7558731999610628
4718,1.3387147265436723,0.42670844352380044,1.5855866078361658,0.30314982136472873
4719,2.5020305956804973,1.0215203374305424,1.5855866078361658,0.7558731760948088
4720,1.3446925301432053,0.4287656397590404,1.598629207815299,0.3358178906501663
4721,2.5137534203597163,1.0299496598411182,1.598629207815299,0.7558731497491961
4722,1.3512094988152763,0.4316169803154027,1.611801501226374,0.37106062012806973
4723,2.5249180455738123,1.0377657385959664,1.611801501226374,0.7558731212377766
4724,1.3574372313648098,0.4342936992891195,1.6244740336513126,0.3128739979977929
4725,2.5354912652831123,1.0449540469721588,1.6244740336513126,0.7558730908617323
4726,1.3634713953131414,0.43707757754937276,1.6368510255503161,0.3435442503978636
4727,2.5454420039795154,1.0515014184957294,1.6368510255503161,0.7558730589092959
4728,1.3692337182849137,0.43970420596071474,1.6486896753639333,0.281702923474448
4729,2.554741339022664,1.0573960165309315,1.6486896753639333,0.7558730256552734
4730,1.3739836090726565,0.44144185294177374,1.6595497088785485,0.21857655649321897
4731,2.563362519070628,1.0626273077557298,1.6595497088785485,0.7558729913606693
4732,1.3778346627159679,0.44223151358825113,1.6693015985478494,0.16646700022334188
4733,2.5712809791756914,1.062802739214888,1.6693015985478494,0.7558729562724106
4734,1.380830250934998,0.442082815522849,1.6779045429489394,0.14565847267305962
4735,2.578474353051333,1.0520052753328597,1.6779045429489394,0.7558729206231576
4736,1.3837488330516592,0.44208022966392047,1.686073150077883,0.15897719997982818
4737,2.5849224829560766,1.0406856115378131,1.686073150077883,0.7558728846312013
4738,1.3872199773857479,0.4430608886019965,1.6943587762016814,0.18761498579939612
4739,2.59060742758364,1.028868623112467,1.6943587762016814,0.75587284850044
4740,1.390524462795253,0.44389445382709913,1.7019293101726936,0.15693616995458773
4741,2.5955134682966885,1.0165809677092994,1.7019293101726936,0.7558728124204291
4742,1.3937381287711956,0.44483784477270205,1.7089857941769884,0.17952713257991487
4743,2.5996271139933236,1.003851155553037,1.7089857941769884,0.7558727765664959
4744,1.3974461981615565,0.4467709918027735,1.716155031619259,0.2141163467437952
4745,2.6029371048508896,0.9907096256695435,1.716155031619259,0.7558727410999193
4746,1.4009867045274127,0.4485205855711995,1.7225314941070633,0.1737690351725873
4747,2.605434415150478,0.9771888281114518,1.7225314941070633,0.7558727061681659
4748,1.4044257327419973,0.45034547327318153,1.7283291960131861,0.20324152114604474
4749,2.60711225534719,0.9633233119680165,1.7283291960131861,0.7558726719051744
4750,1.408304739445417,0.45316244178231196,1.7342456444392425,0.2405789008470353
4751,2.6079660735153873,0.9491498186986014,1.7342456444392425,0.755872638431691
4752,1.4120238033813814,0.45575957404030054,1.739301630771858,0.19467519627862886
4753,2.6079935562643146,0.9347073799999973,1.739301630771858,0.7558726058556408
4754,1.415630731455884,0.4584004816576635,1.743729836231045,0.2273600147215205
4755,2.6071946291871755,0.9200374189886789,1.743729836231045,0.7558725742725376
4756,1.4196186649827605,0.46203415213988364,1.748296227847253,0.26568955207425127
4757,2.6055714568754405,0.9051838529292475,1.748296227847253,0.7558725437659253
4758,1.423452628366531,0.4654161808259184,1.7519512508318476,0.2159695185067426
4759,2.6031284424994157,0.8901931950469123,1.7519512508318476,0.7558725144078446
4760,1.427165981562284,0.4688110050707557,1.754940755559212,0.2502974052572565
4761,2.599872226925333,0.8751146521017641,1.754940755559212,0.7558724862593266
4762,1.4311989525686968,0.4731939942018161,1.7580950109442197,0.2888738859532904
4763,2.5958116873079997,0.8600002133543838,1.7580950109442197,0.7558724593708983
4764,1.4350760680406704,0.4772977624281913,1.7603049580595778,0.23601190858737614
4765,2.590957935065806,0.8449047252997859,1.7603049580595778,0.7558724337831073
4766,1.4388210669214656,0.48138409212029964,1.7618241258033427,0.27081296165774943
4767,2.5853243131111667,0.829885945084153,1.7618241258033427,0.7558724095270578
4768,1.4428300438516206,0.4864453061850698,1.7635339378173904,0.30972036995717794
4769,2.5789263921737993,0.815004563858312,1.7635339378173904,0.7558723866249498
4770,1.4466916621752586,0.49119887600154233,1.7642729500826733,0.25520724865113575
4771,2.5717819660160766,0.8003241895029742,1.7642729500826733,0.7558723650906276
4772,1.4504247836548383,0.4959032799341851,1.764300022905995,0.2898997932838704
4773,2.563911045298726,0.785911276262543,1.764300022905995,0.7558723449301261
4774,1.4543700171345606,0.5015642478816887,1.7645467137601079,0.3284884870827837
4775,2.5553358498107994,0.7718349869792498,1.7645467137601079,0.7558723261422174
4776,1.458180417587659,0.5068928314413081,1.7638101258199261,0.27270898662097864
4777,2.546080798729941,0.758166972027536,1.7638101258199261,0.7558723087189508
4778,1.4618468404618,0.5121444712066789,1.7623617914655694,0.30686895501733347
4779,2.5361724985271104,0.7449810479885902,1.7623617914655694,0.7558722926461895
4780,1.4656687904586008,0.5183296630478055,1.7611679703925371,0.34500992544571196
4781,2.52563972807395,0.7323527589379367,1.7611679703925371,0.7558722779041358
4782,1.469375079245572,0.5241610391249831,1.7589922846614061,0.28828550386593615
4783,2.5145134204508595,0.7203588043778433,1.7589922846614061,0.7558722644678482
4784,1.4729466582441875,0.5298888182729758,1.7561107916765397,0.3216919595980077
4785,2.502826640889585,0.7090763208030482,1.7561107916765397,0.7558722523077421
4786,1.4766137787775961,0.536523265897389,1.753525689772618,0.35968982361628726
4787,2.4906145602161187,0.6985820090908397,1.753525689772618,0.7558722413900809
4788,1.4801705899225797,0.5427858738463008,1.7499818751946372,0.30252101020955796
4789,2.477914423088357,0.6889511076817111,1.7499818751946372,0.7558722316774488
4790,1.4835953184586304,0.5489207561140972,1.745756648971729,0.33572551534099176
4791,2.46476551024921,0.6802562219424028,1.745756648971729,0.7558722231292075
4792,1.4870724399008137,0.5559335569739221,1.7418741020157014,0.37254115489018175
4793,2.4512090939407782,0.6725660328660004,1.7418741020157014,0.7558722157019374
4794,1.4904474289560354,0.5625594266685939,1.7370738744120526,0.31392308679581443
4795,2.4372883855504615,0.6659439225372402,1.7370738744120526,0.7558722093498542
4796,1.4937055940686097,0.569039460118426,1.7316352987522425,0.3470208337560702
4797,2.423048474487489,0.6604465681798894,1.7316352987522425,0.7558722040252137
4798,1.496916047908222,0.5763529810551955,1.7265972693524234,0.38696040799541603
4799,2.408536257220981,0.6561225692077187,1.7265972693524234,0.7558721996786936
4800,1.5000905978053065,0.5844644443570498,1.7219504995182977,0.42406506153520585
4801,2.393800355351463,0.6530111803418882,1.7219504995182977,0.7558721962597519
4802,1.5031796106199142,0.5933221840955263,1.7176854440753162,0.4601428686233416
4803,2.378891021540615,0.6511412264581578,1.7176854440753162,0.7558721937169702
4804,1.5062747137170207,0.6029215738223355,1.7138086607779888,0.4936733473438055
4805,2.3638600320934855,0.65053026989272,1.7138086607779888,0.7558721919983722
4806,1.5092989805457326,0.6120308684839889,1.7090730271266854,0.42249276588498463
4807,2.3487605649784777,0.6511840880147474,1.7090730271266854,0.7558721910517225
4808,1.5122346574275594,0.6208878789383008,1.703769380520831,0.45793141623768713
4809,2.3336470620890375,0.6530964988499462,1.703769380520831,0.7558721908248072
4810,1.5150531070321203,0.6304360492223361,1.6989405614029216,0.49365985874061125
4811,2.3185750746031863,0.6562495476219128,1.6989405614029216,0.7558721912656877
4812,1.5177406653985446,0.6406368834013526,1.6945902782604756,0.5255316245594823
4813,2.30360109038952,0.6606140404516123,1.6945902782604756,0.7558721923229419
4814,1.5203837061997294,0.6503262313812395,1.6895102721665334,0.4515925169359
4815,2.2887823425475102,0.6661503866556093,1.6895102721665334,0.7558721939458793
4816,1.5231138185609225,0.6586409366025101,1.682803070583446,0.3830160319720245
4817,2.2741765983622666,0.6728096912714949,1.682803070583446,0.7558721960847389
4818,1.5259202820371505,0.6656378351807217,1.6745778387467212,0.3234003789104924
4819,2.259841928204754,0.6805350267825339,1.6745778387467212,0.7558721986908685
4820,1.528592821824639,0.6704156101639211,1.6661173271375407,0.35669089081978383
4821,2.2458364542222156,0.68926280834888,1.6661173271375407,0.7558722017168824
4822,1.5309633294002207,0.6736442945632828,1.658422772627166,0.389352473994242
4823,2.232218079042428,0.6771439310516952,1.658422772627166,0.7558722051168062
4824,1.53301622150829,0.6777661761407792,1.6515012659369304,0.42019258605603155
4825,2.2190441951593445,0.6643063576343852,1.6515012659369304,0.7558722088461979
4826,1.5350931378992838,0.681664896760361,1.6442582614826717,0.36498751375253585
4827,2.206371376173188,0.6520866588113127,1.6442582614826717,0.7558722128622577
4828,1.5370337405008443,0.6855979322722405,1.6369373578733588,0.38691286975330835
4829,2.1942550516178567,0.6405661303384803,1.6369373578733588,0.755872217123918
4830,1.539009183323123,0.6892947276297174,1.6294418089468619,0.32901123224444684
4831,2.182749167711001,0.6298263906206812,1.6294418089468619,0.7558722215919202
4832,1.5410041169173445,0.6927184640078542,1.6217817908019836,0.3387027886083309
4833,2.17190583699096,0.6199482755533545,1.6217817908019836,0.7558722262288771
4834,1.5426131380868373,0.6968847422284276,1.614918314551274,0.3709312950605896
4835,2.1617749804389326,0.6110105344272924,1.614918314551274,0.7558722309993178
4836,1.5437856569584534,0.701991103395663,1.6091086606214438,0.40208871280202174
4837,2.152403966298883,0.6030883469553189,1.6091086606214438,0.7558722358697244
4838,1.5450242365052953,0.7068101910197956,1.603363710862619,0.3402341384023564
4839,2.1438372503729153,0.5962517014466505,1.603363710862619,0.7558722408085548
4840,1.5464134332657677,0.7111568475078689,1.5976078590473153,0.3399479361338023
4841,2.1361160230548055,0.5905636957004278,1.5976078590473153,0.7558722457862521
4842,1.547570529409073,0.7157383729063113,1.5924181479473818,0.3472002949707788
4843,2.1292778687373763,0.5860788425526103,1.5924181479473818,0.7558722507752462
4844,1.5483421207443149,0.7209584446517159,1.5882127588157793,0.37427843418512824
4845,2.1233564434599095,0.5828414776849608,1.5882127588157793,0.7558722557499428
4846,1.5491217045259258,0.7260569506644724,1.5844929086367878,0.32978311473019883
4847,2.118381176723377,0.5808843746354737,1.5844929086367878,0.7558722606867061
4848,1.5497908675536518,0.7312440445032642,1.5814655417644063,0.3686064762190278
4849,2.1143770032735203,0.5802276679896652,1.5814655417644063,0.7558722655638314
4850,1.5498652410551788,0.7373778407536286,1.5797889526929514,0.3961472342017729
4851,2.111364130322854,0.5808781691641646,1.5797889526929514,0.7558722703615096
4852,1.549310743795156,0.7444218847346781,1.5794514337457917,0.42652698657185606
4853,2.109357845150857,0.5828291309992761,1.5794514337457917,0.7558722750617857
4854,1.5481604708561654,0.7523375724304567,1.5804980159256348,0.45503320762720173
4855,2.1083683672966256,0.5860604809551889,1.5804980159256348,0.7558722796485139
4856,1.5472249976448993,0.7598426622598076,1.5821509272360472,0.39248263543986295
4857,2.108400748661436,0.5905395033020121,1.5821509272360472,0.7558722841073012
4858,1.5462576813388715,0.7671814845367957,1.5845309909868202,0.4203713405219471
4859,2.10945482380233,0.5962219142441864,1.5845309909868202,0.7558722884254505
4860,1.5454980405184986,0.7741322580925509,1.5876082168657393,0.35991132911018064
4861,2.1115252115633414,0.6030532456760902,1.5876082168657393,0.7558722925919
4862,1.545554753750405,0.7797029113008556,1.5907275514986476,0.31003087576733546
4863,2.114601368006625,0.6109704366381493,1.5907275514986476,0.7558722965971546
4864,1.5455740885975866,0.7851848353268248,1.59473082023442,0.34296815997873054
4865,2.118667689422988,0.619903527524395,1.59473082023442,0.7558723004332203
4866,1.544837977832183,0.7915618120945277,1.6002318154027106,0.3744191370736754
4867,2.1237036630717228,0.6297773593753979,1.6002318154027106,0.7558723040935319
4868,1.5433908107400798,0.7988009078906975,1.6072576136355667,0.39956995539194967
4869,2.1296840622709627,0.6405131962338669,1.6072576136355667,0.7558723075728812
4870,1.541195096433253,0.8068378378869392,1.6157322267913496,0.425354909124021
4871,2.136579181572986,0.6520302088892913,1.6157322267913496,0.7558723108673406
4872,1.5392876006143303,0.8144843540048538,1.6250462120146576,0.37729790153959925
4873,2.1443551070456515,0.6642467798854516,1.6250462120146576,0.7558723139741913
4874,1.5373887438476586,0.8219444087066101,1.6352188629028668,0.39952435433272704
4875,2.1529740161619957,0.6770816096437079,1.6352188629028668,0.7558723168918458
4876,1.5347367058035801,0.8301745349450619,1.6468061209872131,0.4282406777486788
4877,2.162394501483984,0.690454620199435,1.6468061209872131,0.7558723196197709
4878,1.5323671998213724,0.8380046738263159,1.6591652251413673,0.3782784133169789
4879,2.1725719122110907,0.7042876655684274,1.6591652251413673,0.7558723221584169
4880,1.5300130497381725,0.8456319164966168,1.6723078938270117,0.40183248547326544
4881,2.183458707737352,0.7185050661380049,1.6723078938270117,0.7558723245091391
4882,1.5268757121398964,0.853983507141668,1.686737567295671,0.4295277967263881
4883,2.195004817600918,0.7330339892029055,1.686737567295671,0.7558723266741251
4884,1.5240301752665908,0.8619301642458657,1.7018344857399517,0.378606025581022
4885,2.2071580025911195,0.7478046995798957,1.7018344857399517,0.7558723286563235
4886,1.5212202570647484,0.8696671934986594,1.7176083935015438,0.402937365552895
4887,2.219864212269079,0.7627507039356383,1.7176083935015438,0.7558723304593734
4888,1.517617742957118,0.878094151919623,1.7345191211171938,0.43146120738823157
4889,2.233067934727117,0.7778088107803249,1.7345191211171938,0.7558723320875338
4890,1.5143297099696926,0.8861251507350615,1.751972347571366,0.38017204793411313
4891,2.246712535028434,0.7929191256147852,1.751972347571366,0.7558723335456179
4892,1.5110860363095286,0.8939348668443703,1.7699426066679627,0.4048507330173349
4893,2.2607405794031026,0.8080249979222281,1.7699426066679627,0.7558723348389284
4894,1.5070422666312047,0.9024027126749793,1.7888650211752695,0.433988891431314
4895,2.2750941429041496,0.8230729338794687,1.7888650211752695,0.7558723359731937
4896,1.5033188307227174,0.9104707268920302,1.80815043799502,0.3822383910673117
4897,2.289715098827711,0.8380124860225204,1.80815043799502,0.7558723369545117
4898,1.4996480888354013,0.918305630902447,1.8277659428517559,0.4064359944334403
4899,2.3045453887579397,0.8527961287455503,1.8277659428517559,0.755872337789288
4900,1.4951675319323634,0.9267632191525096,1.8481178486972423,0.4360285583682371
4901,2.3195272725990836,0.8673791264853666,1.8481178486972423,0.755872338484183
4902,1.4910276398928883,0.9337509026550933,1.868662589328199,0.3832493205620237
4903,2.334603558397055,0.8817193997495744,1.868662589328199,0.7558723390460612
4904,1.4869550137603793,0.93839056639045,1.8893492709188788,0.40845669203431895
4905,2.3497178121275355,0.8957773927642129,1.8893492709188788,0.7558723394819411
4906,1.4820587947487698,0.9429744020765092,1.9105334186872605,0.43846226601222904
4907,2.3648145479373213,0.909515945412081,1.9105334186872605,0.755872339798949
4908,1.4775105384317964,0.9474680535855066,1.931712168621418,0.38373186688339134
4909,2.3798393995726217,0.9229001712669131,1.931712168621418,0.7558723400042744
4910,1.473044477762001,0.9518083917439424,1.9528432841826888,0.410670537282979
4911,2.3947392739168,0.935897342862023,1.9528432841826888,0.7558723401051334
4912,1.4677528130498718,0.9560795739096013,1.9742498293720045,0.44133228221183063
4913,2.4094624876961133,0.9484767848285592,1.9742498293720045,0.7558723401087265
4914,1.4628300707950515,0.960296780578218,1.995489180880336,0.3857049301183107
4915,2.423958888501726,0.9606097751660397,1.995489180880336,0.7558723400222075
4916,1.4580034852131631,0.9643756662356163,2.0164996223422085,0.41325299741230576
4917,2.4381799613262007,0.9722694546387869,2.0164996223422085,0.755872339852649
4918,1.4523441149040504,0.9683607910790837,2.037557041922494,0.44428087022425206
4919,2.4520789218293166,0.9834307441034729,2.037557041922494,0.7558723396070147
4920,1.4470694947435336,0.972321416187954,2.0582918570781934,0.38908298254621687
4921,2.4656107975376607,0.99407026944645,2.0582918570781934,0.7558723392921339
4922,1.4418978941128215,0.9761423744836499,2.0786136746318378,0.4221078161682988
4923,2.478732498150652,1.0041662937299305,2.0786136746318378,0.7558723389146738
4924,1.4358946731856317,0.9798666481272198,2.0987844826363293,0.4508465710301925
4925,2.4914028760776485,1.0136986561015024,2.0987844826363293,0.7558723384811215
4926,1.4290889679108534,0.9835044617488075,2.118733452282682,0.48493383615388636
4927,2.5035827782709617,1.0226487170026792,2.118733452282682,0.7558723379977643
4928,1.421508955561484,0.9870673457743268,2.1383915822982615,0.5183978116172084
4929,2.515235090351829,1.0309993092119527,2.1383915822982615,0.7558723374706732
4930,1.4143634697502312,0.9905853538763776,2.157402903002621,0.4459097956922111
4931,2.526324773953789,1.0387346942707736,2.157402903002621,0.7558723369056883
4932,1.4085957678237333,0.9940845152538639,2.1755211783374953,0.37591206430937485
4933,2.5368188981330744,1.0458405238627955,2.1755211783374953,0.7558723363084077
4934,1.4041565145760753,0.997563626039022,2.1927480032556437,0.32163820693147555
4935,2.546686665620624,1.0523038057445873,2.1927480032556437,0.7558723356841764
4936,1.3997925215519036,1.0009382579719912,2.2092804021503625,0.35097551338724287
4937,2.5558994346166384,1.058112873857546,2.2092804021503625,0.7558723350380799
4938,1.395731712602565,1.0042275625834793,2.2250496984929637,0.29394979533487753
4939,2.5644307367574974,1.063257362284322,2.2250496984929637,0.7558723343749371
4940,1.3917221956608565,1.0073857748594515,2.240033949061954,0.32741916470531834
4941,2.572256291817027,1.061431444930795,2.240033949061954,0.7558723336992954
4942,1.3867873616947988,1.010350197443473,2.254339546509376,0.3676898480284109
4943,2.579354019640136,1.050564866825775,2.254339546509376,0.75587233301543
4944,1.3809585592692244,1.0131227975121624,2.2679050379220396,0.3958566540190057
4945,2.5857040497469623,1.039179218628173,2.2679050379220396,0.7558723323273415
4946,1.3754986919996568,1.0158946674155167,2.2806354063482366,0.34129855663823144
4947,2.5912887289899484,1.0272996032312594,2.2806354063482366,0.7558723316387563
4948,1.3701393443700285,1.0185503825189461,2.2924415392837525,0.3698552239825951
4949,2.596092627594711,1.0149529146716092,2.2924415392837525,0.7558723309531284
4950,1.36413327716794,1.0210502084554487,2.3033868853061903,0.3943454493081353
4951,2.600102543867824,1.0021679091104143,2.3033868853061903,0.7558723302736425
4952,1.3574480040784562,1.023344771512688,2.313383061154052,0.4267381584712107
4953,2.6033075078105865,0.9889752818457388,2.313383061154052,0.7558723296032184
4954,1.349921790025452,1.0254521787801874,2.3224310981254006,0.4591466995902477
4955,2.6056987838370294,0.9754077503055073,2.3224310981254006,0.7558723289445151
4956,1.3415804943231662,1.0273584737290058,2.3304674335510756,0.49114561598312806
4957,2.6072698727564267,0.9615001427804978,2.3304674335510756,0.7558723282999379
4958,1.3337011123864553,1.0293362524523488,2.337574157138977,0.4295812522736626
4959,2.6080165131450586,0.9472894923989863,2.337574157138977,0.7558723276716448
4960,1.3260150509509834,1.0312499398506245,2.34364501118818,0.45872030322891183
4961,2.6079366821983343,0.9328151355035987,2.34364501118818,0.7558723270615532
4962,1.3175112530622788,1.0329201517547952,2.348593384770295,0.4900520930437201
4963,2.607030596122246,0.9181188131474091,2.348593384770295,0.7558723264713488
4964,1.3094742741685088,1.0346819154565647,2.3526164178685036,0.42801336528318834
4965,2.6053007100919334,0.9032447738591282,2.3526164178685036,0.7558723259024946
4966,1.3016377799294554,1.0363902607305193,2.3555980315551164,0.45758844733075665
4967,2.602751717774379,0.8882398751135009,2.3555980315551164,0.7558723253562404
4968,1.2929862133121672,1.037843432861617,2.357403032053922,0.48886346525958596
4969,2.5993905503815133,0.8731536800596511,2.357403032053922,0.7558723248336302
4970,1.2848035422588306,1.0394048280854997,2.358309023112001,0.42759534154002454
4971,2.5952263751886195,0.8580385449861327,2.358309023112001,0.755872324335516
4972,1.2768269033062276,1.0409196404652663,2.3581898023353465,0.45675058143679403
4973,2.5902705934205734,0.842949691721672,2.3581898023353465,0.7558723238625632
4974,1.2680377084609515,1.0421493059820996,2.356847636285618,0.48772360345876387
4975,2.584536837374477,0.8279452576811898,2.356847636285618,0.7558723234152638
4976,1.2597180588378623,1.043499358595369,2.354653494032343,0.4269928265720118
4977,2.578040966611281,0.8130863145826779,2.354653494032343,0.755872322993947
4978,1.2516096748708638,1.0448073371468753,2.3514736673601,0.4557695429940386
4979,2.5708010630105007,0.7984368450258226,2.3514736673601,0.7558723225987879
4980,1.2426939210381076,1.0458008136033838,2.347052317865844,0.4864793630608378
4981,2.5628374244407106,0.7840636642231655,2.347052317865844,0.7558723222298189
4982,1.234247570335,1.0469271619081313,2.341851452197037,0.42623727917673215
4983,2.554172556753766,0.7700362723495462,2.341851452197037,0.7558723218869412
4984,1.2260176666224367,1.0480164297400565,2.3357305695719695,0.45468278632547654
4985,2.5448311637622463,0.7564266214352361,2.3357305695719695,0.7558723215699316
4986,1.2169883484735928,1.0487625624243073,2.3283780846226767,0.48516508083070736
4987,2.5348401348072715,0.7433087797619958,2.3283780846226767,0.7558723212784574
4988,1.2084274602933822,1.049654311634231,2.3203436350610462,0.4253657523500687
4989,2.5242285294672913,0.7307584767006106,2.3203436350610462,0.755872321012082
4990,1.2000883830207991,1.05051276527775,2.3114791408076845,0.4535097771678994
4991,2.5130275588978077,0.7188525122938143,2.3114791408076845,0.7558723207702776
4992,1.1909612277312587,1.0509976763584905,2.3014194513958977,0.48376575172000696
4993,2.5012705632272203,0.7076680191128688,2.3014194513958977,0.7558723205524316
4994,1.1823026743340732,1.051631642880381,2.2907907979869635,0.42408968669607866
4995,2.4889929843654883,0.6972815694379949,2.2907907979869635,0.7558723203578597
4996,1.173872593705661,1.0522338337151385,2.2794451860750744,0.45169139832596006
4997,2.476232333510615,0.6877681289345657,2.2794451860750744,0.7558723201858115
4998,1.1646695248078411,1.052434063119037,2.2669712217161124,0.48206788779158466
4999,2.4630281525639366,0.6791998687534805,2.2669712217161124,0.7558723200354802
5000,1.1559315957403022,1.0528038331606084,2.25408164777415,0.4229174519204772
5001,2.4494219685900758,0.6716448610017249,2.25408164777415,0.7558723199060108
5002,1.1474268352271058,1.05315245692524,2.2406212834555808,0.4500231787525796
5003,2.4354572403828456,0.6651656969083402,2.2406212834555808,0.7558723197965082
5004,1.1381691338335351,1.053064493292693,2.226121327420108,0.4803272317842702
5005,2.4211792961265095,0.6598180812843536,2.226121327420108,0.7558723197060432
5006,1.1293800924985948,1.0531388962400596,2.2113555832872964,0.42153210639059274
5007,2.406635261075271,0.6556494690907545,2.2113555832872964,0.755872319633662
5008,1.1208447742909933,1.0531609624122864,2.1961497988644076,0.44857588720612873
5009,2.3918739741160437,0.6526978178957626,2.1961497988644076,0.7558723195783894
5010,1.1115747333269654,1.052737922463204,2.18004487469576,0.477115092037833
5011,2.3769458920342745,0.6509905316915648,2.18004487469576,0.7558723195392394
5012,1.1027499792346072,1.0525432331638755,2.163912310300745,0.41772639274635365
5013,2.3619029802745373,0.6505436655684598,2.163912310300745,0.7558723195152169
5014,1.094170252540656,1.052340669008482,2.147560567008837,0.4468382795065639
5015,2.346798588981962,0.651361446822073,2.147560567008837,0.7558723195053266
5016,1.0849017693364413,1.0516144789973385,2.130409399112509,0.47489146896417267
5017,2.331687313133155,0.6534361472598956,2.130409399112509,0.7558723195085749
5018,1.0760768486392667,1.051115399961556,2.113423895278211,0.4159745078752032
5019,2.3166248356223504,0.6567483161397101,2.113423895278211,0.7558723195239773
5020,1.0675229377220978,1.0505787978911076,2.096390975276216,0.440183271530245
5021,2.3016677522666993,0.6612673565841795,2.096390975276216,0.7558723195505617
5022,1.059402341196177,1.05021673758771,2.0796139244404386,0.3756069123751616
5023,2.286873377840376,0.6669524040009233,2.0796139244404386,0.7558723195873711
5024,1.051762814496077,1.0499942470177273,2.0631392492023584,0.38515449431925336
5025,2.272299532446799,0.6737534460579192,2.0631392492023584,0.7558723196334692
5026,1.044728269142984,1.0500403528472546,2.0471857500315753,0.3272565332341814
5027,2.2580043077970737,0.6816126121274689,2.0471857500315753,0.7558723196879427
5028,1.0378714848394601,1.0500660420410612,2.0314702835185217,0.3637654007626665
5029,2.244045813284864,0.6887556960780877,2.0314702835185217,0.7558723197499034
5030,1.0303543630610805,1.049436437681537,2.0152981373498853,0.3939059101163947
5031,2.2304819021353124,0.6754456609230329,2.0152981373498853,0.755872319818492
5032,1.0222126702514716,1.0481776612109768,1.9987665650047648,0.42091252192989376
5033,2.217369878357823,0.6626837268322507,1.9987665650047648,0.7558723198928787
5034,1.014517095387446,1.047079197852342,1.9828999240041163,0.3539289244723357
5035,2.2047661857455414,0.6505501672138492,1.9828999240041163,0.7558723199722677
5036,1.0079757436260197,1.0468766990296352,1.9686097992448943,0.31189107447295
5037,2.1927260807305053,0.63912637494472,1.9686097992448943,0.7558723200558959
5038,1.0016512511123001,1.0465981020990034,1.9548499978024505,0.3328275245385835
5039,2.1813032915103503,0.628493933604532,1.9548499978024505,0.7558723201430353
5040,0.9947319100172276,1.0456009042614403,1.9409153887015282,0.36124395710102475
5041,2.1705496664932653,0.6187334859885442,1.9409153887015282,0.7558723202329947
5042,0.9872706064010448,1.0438927298569483,1.926885151100229,0.39562595898857295
5043,2.1605148157410037,0.6099234052652058,1.926885151100229,0.7558723203251201
5044,0.979340862044448,1.04146567021048,1.9128242591804467,0.4362265203934781
5045,2.1512457496992328,0.6021382912677559,1.9128242591804467,0.7558723204187945
5046,0.9709652752185353,1.0383602948598667,1.8988337173045167,0.46082984550851674
5047,2.142786520061091,0.5954473347021085,1.8988337173045167,0.7558723205134386
5048,0.9621970225380545,1.0345887991389142,1.884988438322215,0.49283566600396744
5049,2.1351778680820783,0.5899126136213048,1.884988438322215,0.7558723206085113
5050,0.9530867968428641,1.0301668390684229,1.8713621948035086,0.5212143655953764
5051,2.128456886020515,0.5855874064794293,1.8713621948035086,0.755872320703509
5052,0.944419932666928,1.026099576478867,1.8591228358682084,0.44854125836349895
5053,2.122656697587825,0.5825146208701711,1.8591228358682084,0.7558723207979657
5054,0.9366853702005363,1.0232176960802062,1.84921406559517,0.3874779486017519
5055,2.117806163330865,0.5807254430608974,1.84921406559517,0.7558723208914528
5056,0.9292208497675971,1.020399426883543,1.8404520446654598,0.426234972823687
5057,2.113929616715146,0.5802383078670853,1.8404520446654598,0.7558723209835776
5058,0.921480530337423,1.016820058085308,1.8319606725621012,0.45950787831132867
5059,2.1110466363223646,0.581058270226384,1.8319606725621012,0.7558723210739835
5060,0.9135257608884844,1.0124937765400934,1.8237859299183439,0.48792879400840783
5061,2.109171859017977,0.5831768303290625,1.8237859299183439,0.755872321162348
5062,0.9053996278433375,1.0074466195129392,1.8159758681244587,0.5119635185646816
5063,2.1083148381957915,0.5865722270282849,1.8159758681244587,0.7558723212483834
5064,0.8971832959799989,1.0016842244321706,1.8085559655188879,0.5396259604643214
5065,2.108479950289628,0.5912101748982902,1.8085559655188879,0.755872321331835
5066,0.8893470169874728,0.9963466232049221,1.802738652490938,0.46749004077258366
5067,2.109666351690444,0.5970449846570298,1.802738652490938,0.7558723214124782
5068,0.8822376206222077,0.9922921354574229,1.7994312584692227,0.4024681950148605
5069,2.111867987063584,0.6040209797898629,1.7994312584692227,0.7558723214901198
5070,0.8757606467148228,0.9894781468628925,1.798567135832367,0.3551931589494439
5071,2.1150736488736777,0.6120741072168311,1.798567135832367,0.7558723215645967
5072,0.8695299829003164,0.9867127181079522,1.798874051923797,0.37493015291157655
5073,2.1192670867460173,0.6211336374115093,1.798874051923797,0.7558723216357716
5074,0.863350173791556,0.9834794271677854,1.7997805180471427,0.3778971276281038
5075,2.12442716417413,0.6311238579382914,1.7997805180471427,0.7558723217035348
5076,0.8572464372151568,0.9797069147546866,1.8011857414550652,0.4008698433294253
5077,2.1305280590708806,0.6419656808400804,1.8011857414550652,0.7558723217678025
5078,0.8513494050399384,0.9762734579078228,1.8039582046776814,0.35613769244901694
5079,2.1375395037946077,0.6535781049998154,1.8039582046776814,0.7558723218285127
5080,0.845705398210814,0.9729001497510884,1.8077773826877477,0.3780325108887117
5081,2.145427059592818,0.6658794960793182,1.8077773826877477,0.7558723218856258
5082,0.8401361609303236,0.9686488001197621,1.8116233867351106,0.4033265864291752
5083,2.154152419912919,0.678788666262956,1.8116233867351106,0.7558723219391243
5084,0.8347654970689694,0.964743125345708,1.8167014020482504,0.35890696874942274
5085,2.16367373673985,0.6922257521683722,1.8167014020482504,0.7558723219890096
5086,0.8296539330755374,0.9609076153800488,1.8226815520085018,0.37922962758576395
5087,2.1739459640304983,0.706112901255869,1.8226815520085018,0.7558723220352996
5088,0.8247214835738225,0.9561836830393062,1.8285196892877984,0.4049331645041192
5089,2.1849212124108037,0.7203747849365615,1.8285196892877984,0.7558723220780299
5090,0.8199681859370406,0.9518171062164703,1.8354240155120127,0.3587627752890949
5091,2.1965491095617162,0.7349389608821609,1.8354240155120127,0.7558723221172511
5092,0.815456904896555,0.9475380510538605,1.843061605506264,0.38059826964221766
5093,2.2087771611172107,0.7497361085342196,1.843061605506264,0.7558723221530267
5094,0.8111762051133299,0.942378133883717,1.850375457628403,0.4091422654751667
5095,2.2215511074005354,0.7647001612929277,1.850375457628403,0.7558723221854341
5096,0.807049684790334,0.9375869005201654,1.8585691871187788,0.3601254759127507
5097,2.234815271901908,0.7797683570511916,1.8585691871187788,0.7558723222145599
5098,0.8031539660594236,0.932896206899757,1.867308479960518,0.3838410984442046
5099,2.248512898021052,0.7948812262095215,1.867308479960518,0.7558723222405022
5100,0.7995863292789487,0.9273200038976394,1.875522014983113,0.416194442116282
5101,2.262586471232944,0.8099825334932557,1.875522014983113,0.7558723222633663
5102,0.7963514385006528,0.9208968986688871,1.8831784855306413,0.44781447029550886
5103,2.2769780244604134,0.825019187091306,1.8831784855306413,0.7558723222832662
5104,0.7932728823602944,0.914880296581066,1.8914826345888625,0.3914753009842887
5105,2.2916294250325633,0.8399411260279959,1.8914826345888625,0.7558723223003213
5106,0.7904177200429553,0.9090089804215777,1.9001067919410586,0.41766475894440475
5107,2.3064826421581235,0.8547011943649326,1.9001067919410586,0.7558723223146572
5108,0.7879987143258012,0.9022838258085577,1.9079729044493234,0.44773706116280787
5109,2.321479994336835,0.8692550088466638,1.9079729044493234,0.755872322326402
5110,0.7856700508285195,0.8959796326951829,1.9163016010834926,0.3918957573374552
5111,2.3365643765635467,0.8835608249518718,1.9163016010834926,0.7558723223356902
5112,0.7835655356577452,0.8898257575978573,1.9247655616382124,0.4187684473634813
5113,2.351679467545884,0.8975794049676753,1.9247655616382124,0.7558723223426557
5114,0.7819816009910302,0.8828168035968723,1.932288578746862,0.44916263568719494
5115,2.3667699174577437,0.9112738906331984,1.932288578746862,0.7558723223474345
5116,0.780463445923013,0.8762340420805231,1.9400989762917773,0.39218398959541784
5117,2.381781516989985,0.9246096820606132,1.9400989762917773,0.7558723223501651
5118,0.7791520469248236,0.8698103018697385,1.9478798183322013,0.4192386496359386
5119,2.3966613486413344,0.937554323998436,1.9478798183322013,0.7558723223509859
5120,0.7784046044029643,0.8625375012152693,1.9545600676312858,0.45032595917646545
5121,2.4113579213221605,0.9500774000171084,1.9545600676312858,0.7558723223500333
5122,0.7776753616026969,0.8556980808148738,1.9613716094029057,0.39338952395984317
5123,2.4258212894280153,0.9621504348393055,1.9613716094029057,0.7558723223474407
5124,0.7771336351807967,0.8490251526822481,1.968008574900464,0.4209019716339562
5125,2.4400031575850103,0.9737468047800132,1.968008574900464,0.7558723223433426
5126,0.7772123665554168,0.8415060855601345,1.973407301437172,0.4521063524481191
5127,2.453856972281964,0.9848416560820298,1.973407301437172,0.7558723223378709
5128,0.777266105632127,0.8344252347454946,1.9788011866440278,0.3948446918055745
5129,2.4673380015907056,0.9954118308128528,1.9788011866440278,0.755872322331154
5130,0.7774976555653699,0.8275168518342048,1.9838992466745935,0.4282313547195347
5131,2.480403404141797,1.0054357999144812,1.9838992466745935,0.7558723223233174
5132,0.7783769115723237,0.8197670384097863,1.9876443232603238,0.4631009105981386
5133,2.4930122884731247,1.014893602956894,1.9876443232603238,0.7558723223144825
5134,0.7799559156440484,0.8112044497731962,1.9900397157623821,0.4910644640206381
5135,2.505125763807776,1.0237667941299486,1.9900397157623821,0.7558723223047675
5136,0.7817481446452506,0.8026741853077656,1.9918868003040318,0.4531738507861874
5137,2.5167069832490268,1.0320383940102202,1.9918868003040318,0.7558723222942849
5138,0.7830887637140131,0.7952694137479506,1.9942325795177203,0.3874180584537782
5139,2.527721180307263,1.039692846653604,1.9942325795177203,0.755872322283144
5140,0.7837602094248726,0.7892999144147878,1.9973536544992405,0.33485718203139103
5141,2.5381356995986777,1.046715981587364,1.9973536544992405,0.7558723222714483
5142,0.7845618155691847,0.7834583029782503,1.9999442292192693,0.35903554514927283
5143,2.5479200224806746,1.053094980303748,1.9999442292192693,0.7558723222592967
5144,0.7852610912533704,0.7779781115968306,2.002189728247272,0.3071738146245562
5145,2.5570457883155306,1.0588183468891874,2.002189728247272,0.7558723222467834
5146,0.7861012207474509,0.7726061699825818,2.003846950877071,0.3439160766723766
5147,2.5654868119830976,1.0638758824568173,2.003846950877071,0.7558723222339963
5148,0.7877295998925942,0.7663250167870406,2.0039041876483186,0.3712718641710923
5149,2.5732190981960383,1.0600511626537623,2.0039041876483186,0.7558723222210197
5150,0.7901703887653628,0.7591701366214612,2.002397429733059,0.4052009199345415
5151,2.5802208531075843,1.0491158554295081,2.002397429733059,0.7558723222079314
5152,0.7924699377547325,0.7524212265289164,2.000526418440172,0.34189154916386844
5153,2.5864724936424945,1.037664637540905,2.000526418440172,0.7558723221948046
5154,0.7948538157614559,0.7458270272021372,1.9980585498735843,0.381983169905147
5155,2.591956654926729,1.025722840566182,1.9980585498735843,0.7558723221817067
5156,0.7980584647001416,0.7383702846281323,1.994020346757906,0.419384535505937
5157,2.596658196140264,1.0133175961012846,1.994020346757906,0.755872322168701
5158,0.8020851594787933,0.7300846091595987,1.9884522760682695,0.45522203946156714
5159,2.6005642050702753,1.0004779075215207,1.9884522760682695,0.7558723221558441
5160,0.8069281684670587,0.7210019303364077,1.9813936770128404,0.4853843567427614
5161,2.6036640015982804,0.9872347277763948,1.9813936770128404,0.7558723221431897
5162,0.8125993120772074,0.7111578677980226,1.972900108554004,0.5159099923405626
5163,2.605949140314398,0.9736210431459653,1.972900108554004,0.7558723221307844
5164,0.8180073707903335,0.7018115213156689,1.9640980249827296,0.4523633270223856
5165,2.607413412414282,0.9596719626886749,1.9640980249827296,0.7558723221186722
5166,0.8234033408446351,0.6927191130798619,1.954794117049818,0.4813498138240191
5167,2.6080528469989837,0.9454248128431174,1.954794117049818,0.7558723221068939
5168,0.8296400646470258,0.6828731687711889,1.9440981164625528,0.5121719646997875
5169,2.6078657118646205,0.9309192362929493,1.9440981164625528,0.7558723220954829
5170,0.8355720359546805,0.6735184745115353,1.933087009661844,0.4492857149658086
5171,2.606852513836731,0.916197293745819,1.933087009661844,0.7558723220844682
5172,0.8414589702785334,0.6644179789867171,1.9215899218508419,0.4782305074820318
5173,2.6050159986730823,0.9013035666922995,1.9215899218508419,0.7558723220738754
5174,0.848200963841055,0.6545748150123224,1.9087695555130173,0.5087603926277414
5175,2.6023611505279827,0.8862852584763344,1.9087695555130173,0.7558723220637253
5176,0.8546080300879214,0.6452167634188908,1.895646274644154,0.44665965941297053
5177,2.5988951909403304,0.871192290101713,1.895646274644154,0.7558723220540353
5178,0.8609444388615451,0.6361147073946212,1.8820728664358144,0.4751726131915857
5179,2.5946275772761798,0.856077386099058,1.8820728664358144,0.7558723220448198
5180,0.8681465854917216,0.6262850918538155,1.8672694384538338,0.5054251201436559
5181,2.589570000524031,0.8409961444707476,1.8672694384538338,0.7558723220360885
5182,0.8749870851533917,0.6169338709055521,1.8521885679029648,0.44403442530713605
5183,2.58373638230687,0.8260070832151661,1.8521885679029648,0.7558723220278492
5184,0.881736901195845,0.6078456637513701,1.8367180128928509,0.47205806746790785
5185,2.5771428709387014,0.811171654224893,1.8367180128928509,0.7558723220201065
5186,0.8893576300497289,0.5980512654657019,1.8201352727409317,0.5019066667264488
5187,2.569807836314481,0.7965542135044118,1.8201352727409317,0.7558723220128643
5188,0.89659134647404,0.5887268665647427,1.803309866664199,0.4404843866392972
5189,2.5617518633805254,0.7822219347532984,1.803309866664199,0.7558723220061216
5190,0.9037084963072888,0.5796677471291888,1.7861559471271296,0.4687747057650462
5191,2.552997743887265,0.7682446515592833,1.7861559471271296,0.7558723219998749
5192,0.9116965573279051,0.569931100638943,1.7680308700488248,0.49811252754354957
5193,2.5435704660772798,0.7546946119616814,1.7680308700488248,0.7558723219941187
5194,0.9192787795156248,0.5606611866196577,1.7497199232603353,0.43687666452172336
5195,2.5334972019086455,0.7416461282795425,1.7497199232603353,0.7558723219888445
5196,0.9267197097470392,0.5516591630972407,1.7311524104568066,0.4653094598823472
5197,2.522807291356584,0.729175105232086,1.7311524104568066,0.7558723219840429
5198,0.9350230527005385,0.5420118174624989,1.7117663941937697,0.49396494755717696
5199,2.5115322232751667,0.7173584309588023,1.7117663941937697,0.755872321979703
5200,0.942901569870212,0.5328151788257897,1.692239109473406,0.4331544131800192
5201,2.499705612235589,0.7062732190461791,1.692239109473406,0.755872321975812
5202,0.9506182416747649,0.5238947434371369,1.672547155178314,0.46193873446609834
5203,2.4873631706885697,0.6959958955145809,1.672547155178314,0.7558723219723557
5204,0.9591843582451001,0.5143737182515775,1.652214237462717,0.4899055357095266
5205,2.474542675726378,0.6866011331878382,1.652214237462717,0.755872321969319
5206,0.9673127092145049,0.5052947786841626,1.631808713822666,0.43057194792050424
5207,2.4612839296457474,0.6781606469494255,1.631808713822666,0.7558723219666863
5208,0.9752593606098509,0.4964861964933038,1.6113146268660035,0.4582467593654838
5209,2.4476287134378008,0.6707418766462996,1.6113146268660035,0.7558723219644401
5210,0.9840371655195921,0.48712372516518015,1.5903602031656485,0.4870189915659288
5211,2.4336207322567227,0.6644065988616235,1.5903602031656485,0.7558723219625634
5212,0.9923636249295922,0.4782226473027348,1.5694539504434615,0.42067206418564135
5213,2.4193055518475886,0.6592095229022803,1.5694539504434615,0.7558723219610379
5214,1.0004917703087886,0.46958959275070145,1.548548934708043,0.4503887766516956
5215,2.4047305248481594,0.6551969381360371,1.548548934708043,0.7558723219598453
5216,1.0081865454510066,0.4614043832261987,1.5277542940859148,0.3827703824908539
5217,2.3899447058230026,0.6524054870713349,1.5277542940859148,0.7558723219589684
5218,1.0144741845213647,0.45436104614305667,1.5073203520177718,0.3227565776033483
5219,2.374998753844998,0.6508611393260033,1.5073203520177718,0.7558723219583897
5220,1.019408768429219,0.4484139963473022,1.487252115161606,0.2677893651625625
5221,2.359944821413833,0.6505784346160853,1.487252115161606,0.7558723219580903
5222,1.0230578725152457,0.44347449026349817,1.4674967689726257,0.23367569881188616
5223,2.344836428498756,0.6515600479900847,1.4674967689726257,0.7558723219580504
5224,1.0266790744003778,0.43866097466622683,1.4478545373238596,0.249133208646185
5225,2.329728320519566,0.6537967089793163,1.4478545373238596,0.7558723219582509
5226,1.0300404276347033,0.434129313276259,1.428409455225116,0.2094327946694734
5227,2.3146763091418614,0.6572674806411544,1.428409455225116,0.7558723219586742
5228,1.0321912887907816,0.4305222403531262,1.4093383433973061,0.18530109461022323
5229,2.2997370948665474,0.6619403779823975,1.4093383433973061,0.7558723219593001
5230,1.033213438095197,0.42774087079628653,1.3905922313002712,0.18690002975399503
5231,2.284968070546033,0.6677732814721663,1.3905922313002712,0.7558723219601114
5232,1.0331406905743639,0.42579702699604594,1.3722642536905152,0.20607376571590932
5233,2.270427105166548,0.6747150832412391,1.3722642536905152,0.7558723219610902
5234,1.0327566557448509,0.424178968747601,1.3543443767253112,0.19525591763763525
5235,2.2561723075028675,0.6827069929589078,1.3543443767253112,0.7558723219622191
5236,1.0330403219854083,0.42227592820318227,1.3368985621976524,0.15424827110463774
5237,2.2422617695822207,0.686999942825797,1.3368985621976524,0.7558723219634816
5238,1.0332282825495311,0.4204927656848432,1.3198768689734879,0.18206171824477385
5239,2.228753290290096,0.673756574329337,1.3198768689734879,0.7558723219648616
5240,1.0331120174256447,0.4190191454573887,1.3034549685647046,0.1614231267009429
5241,2.215704079911017,0.6610716351178721,1.3034549685647046,0.7558723219663436
5242,1.0335876249407183,0.41727889111138694,1.2876879761224442,0.1366452762892674
5243,2.2031704469178375,0.6490255893512727,1.2876879761224442,0.7558723219679122
5244,1.0348725031037707,0.41517295817131694,1.2727302480686964,0.1255219640300404
5245,2.1912074688953043,0.6376999113919573,1.2727302480686964,0.7558723219695542
5246,1.0369897052646493,0.4126648782266905,1.258605445757214,0.14052697218006585
5247,2.179868650094715,0.6271761309253822,1.258605445757214,0.7558723219712551
5248,1.0399188127218097,0.40974966420272474,1.2453249573391814,0.17291778070035166
5249,2.169205568748923,0.6175346752283447,1.2453249573391814,0.7558723219730028
5250,1.0435497273948202,0.4065599895561051,1.233038046557381,0.19625764172856405
5251,2.159267517908527,0.608853515953701,1.233038046557381,0.755872321974785
5252,1.046945829553491,0.4035363260173058,1.2215092288365026,0.1507282006316201
5253,2.1501011441644184,0.6012066454056224,1.2215092288365026,0.7558723219765897
5254,1.0498751343044228,0.4007593390510625,1.2106881134875085,0.15287723250899826
5255,2.141750089169286,0.5946624278671689,1.2106881134875085,0.7558723219784074
5256,1.0531185900596147,0.39791990731044213,1.2009306902669148,0.17742195465664837
5257,2.134254639329662,0.5892818930832125,1.2009306902669148,0.7558723219802272
5258,1.0569447199317368,0.3949680670864257,1.1924472100067698,0.2105975726472831
5259,2.127651389378844,0.5851170585033527,1.1924472100067698,0.7558723219820402
5260,1.060577805097732,0.3921206293220404,1.1848210437870015,0.15898526083871434
5261,2.121972925730088,0.5822093807372823,1.1848210437870015,0.7558723219838387
5262,1.063378745606775,0.38956823608987445,1.1778122363336525,0.12121881809567114
5263,2.1172475355235125,0.5805884413075935,1.1778122363336525,0.7558723219856142
5264,1.065420727079415,0.3872387441018698,1.1714522260527693,0.10866724145079017
5265,2.113498947100951,0.5802709645943324,1.1714522260527693,0.7558723219873592
5266,1.066807738067542,0.3850386972461625,1.1657412181116247,0.13323926640769163
5267,2.110746107261087,0.5812602460842866,1.1657412181116247,0.7558723219890682
5268,1.0681749889427885,0.3829475802797884,1.161281350064199,0.10918354794297097
5269,2.1090030000638325,0.5835460382908095,1.161281350064199,0.7558723219907347
5270,1.069990766831269,0.3809596827283648,1.1585064978750437,0.09627892521891594
5271,2.108278511180813,0.5871049039581645,1.1585064978750437,0.7558723219923541
5272,1.0717516652190375,0.37895940698558733,1.156747661393896,0.10049763462015508
5273,2.1085763408522684,0.5919010069599829,1.156747661393896,0.755872321993922
5274,1.0734544041604552,0.37707937243597484,1.1562299973247778,0.09209996777167147
5275,2.1098949674445495,0.5978872765349698,1.1562299973247778,0.7558723219954336
5276,1.0750777942054954,0.3752177520459643,1.1567578240164602,0.09807567496376127
5277,2.112227662450134,0.6050068550399594,1.1567578240164602,0.7558723219968865
5278,1.0766543937044524,0.3734633664758043,1.1584957525313269,0.07969807132246978
5279,2.1155625565831215,0.6131947260508478,1.1584957525313269,0.7558723219982776
5280,1.0781713358616667,0.37170875133434017,1.1612356195052447,0.08916873661360422
5281,2.1198827554493502,0.6223794187637955,1.1612356195052447,0.7558723219996042
5282,1.079247897582197,0.3698651798921086,1.164512365625236,0.1238552818605619
5283,2.1251665021624975,0.6324846944304917,1.164512365625236,0.7558723220008652
5284,1.0800234038971488,0.3678265274344571,1.1682434363655199,0.177304137815195
5285,2.131387383282091,0.6434311377849622,1.1682434363655199,0.7558723220020586
5286,1.0807366960484739,0.3659684919930334,1.1731928910011635,0.1130561996397081
5287,2.1385145736049975,0.6551375973945511,1.1731928910011635,0.7558723220031828
5288,1.0815001989631672,0.3640619595737676,1.1790275404038446,0.1684471488595343
5289,2.1465131146775813,0.6675224402355082,1.1790275404038446,0.7558723220042356
5290,1.0822466743213561,0.36228243057459425,1.1859325114796575,0.10969018096407968
5291,2.1553442214289036,0.680504605035155,1.1859325114796575,0.755872322005217
5292,1.0831784371032964,0.36085672260599416,1.1943875388448533,0.05685025180352226
5293,2.164965611062069,0.6940044545365572,1.1943875388448533,0.7558723220061265
5294,1.084131636461575,0.3593780686507726,1.203532421467902,0.1119486895370446
5295,2.1753318482759556,0.70794443826233,1.203532421467902,0.7558723220069661
5296,1.0850426858648476,0.3580124430069026,1.2135314385716571,0.06047065960536088
5297,2.1863947010082785,0.7222495847227143,1.2135314385716571,0.7558723220077355
5298,1.086039703180439,0.35705632821208655,1.2249015405794585,0.04613144074842988
5299,2.1981035011705856,0.7368478459062178,1.2249015405794585,0.7558723220084373
5300,1.0870432225500986,0.35604104635609435,1.23674827611298,0.07048224683219259
5301,2.2104055052583726,0.7516703180807596,1.23674827611298,0.7558723220090726
5302,1.0879825725819778,0.355136408360453,1.2492328945217077,0.05046723988568529
5303,2.223246250233888,0.7666513622093144,1.2492328945217077,0.7558723220096428
5304,1.0889238059579667,0.35470509696354097,1.2629119703443838,0.08393564364939574
5305,2.236569900663523,0.7817286453471478,1.2629119703443838,0.755872322010151
5306,1.0898813413018735,0.35419321220768135,1.2768429339506182,0.05994686781997053
5307,2.2503195837153367,0.796843121799399,1.2768429339506182,0.7558723220105978
5308,1.0907703456197855,0.353782968921223,1.2911955334196985,0.08256360083305064
5309,2.2644377092572614,0.8119389699912584,1.2911955334196985,0.7558723220109864
5310,1.0916001429946165,0.3539054190601067,1.3065719834776413,0.12757484403849698
5311,2.2788662729189637,0.8269634982176429,1.3065719834776413,0.7558723220113189
5312,1.0924601897201713,0.3539274798154356,1.321989500629582,0.08350031822841489
5313,2.2935471405705727,0.841867029865663,1.321989500629582,0.7558723220115983
5314,1.0932513757013136,0.35404468632348657,1.3376294801064255,0.12174501356054886
5315,2.308422313214832,0.85660277643038,1.3376294801064255,0.7558723220118266
5316,1.093928485436037,0.3547594118670714,1.3541449425648804,0.16834772613013027
5317,2.3234341717754434,0.8711267047048162,1.3541449425648804,0.7558723220120067
5318,1.0946520151999244,0.3553542063140897,1.3705091696142049,0.11686233216703924
5319,2.3385257016874816,0.8853974029147735,1.3705091696142049,0.7558723220121414
5320,1.0953092975424028,0.35603766499435413,1.3869160832547982,0.15901531617611803
5321,2.353640697553532,0.8993759492623877,1.3869160832547982,0.7558723220122331
5322,1.095802734552921,0.3573843293297125,1.4040718609943967,0.20522744291192674
5323,2.3687239484222204,0.9130257853034746,1.4040718609943967,0.7558723220122846
5324,1.0963601819619668,0.3585902617830142,1.4209033795032782,0.15011397024252426
5325,2.383721404477268,0.9263125957731759,1.4209033795032782,0.7558723220122985
5326,1.0968561290455519,0.35987646373810533,1.4376168368877134,0.19297092801051705
5327,2.398580326099681,0.9392041958535212,1.4376168368877134,0.755872322012278
5328,1.0971426662713373,0.36188837717107075,1.4549715219775368,0.23824968931788368
5329,2.4132494163891223,0.9516704264099658,1.4549715219775368,0.7558723220122254
5330,1.0975116257949724,0.36373660348972453,1.471847336089506,0.18098603145395947
5331,2.4276789383092563,0.9636830573807863,1.471847336089506,0.7558723220121432
5332,1.097825351211896,0.36565352530376005,1.488461765370749,0.22348881266268245
5333,2.441820817662536,0.9752156992571295,1.488461765370749,0.7558723220120338
5334,1.0978875947650673,0.36835221812521673,1.5056251514440409,0.2676745052277729
5335,2.4556287331089286,0.986243722420786,1.5056251514440409,0.7558723220119007
5336,1.0980785937645288,0.37084313192188534,1.5221580886126502,0.20915023665070714
5337,2.4690581944266374,0.9967441839937261,1.5221580886126502,0.7558723220117455
5338,1.0982326262351478,0.3733813425050163,1.5382977957214974,0.25110210955590756
5339,2.4820666101763496,1.006695761783929,1.5382977957214974,0.7558723220115708
5340,1.0981052744268818,0.37674454328867135,1.5549035921222019,0.2944009016940877
5341,2.494613345879133,1.0160786948749707,1.5549035921222019,0.7558723220113792
5342,1.0981029270690976,0.37989002847965714,1.570770723879189,0.23546143006266793
5343,2.5066597737558145,1.0248747303934607,1.570770723879189,0.7558723220111724
5344,1.0980487800955323,0.38307944110583836,1.5861426310552604,0.27545583170940247
5345,2.518169315006409,1.0330670759920912,1.5861426310552604,0.7558723220109528
5346,1.0977170476141533,0.3871089308196025,1.6018940678907512,0.3232866705173116
5347,2.5291074755347305,1.040640357601684,1.6018940678907512,0.7558723220107225
5348,1.09706510769955,0.3920025790238899,1.6180011839230055,0.36137920523540984
5349,2.5394418759482784,1.0475805820293373,1.6180011839230055,0.7558723220104837
5350,1.0965647476853384,0.3966329656820528,1.6332145373550406,0.294497836662915
5351,2.549142276588695,1.0538751040087906,1.6332145373550406,0.7558723220102376
5352,1.0960609821768024,0.4012498006289191,1.647772717994257,0.33787768501948223
5353,2.558180598274968,1.0595125973413044,1.647772717994257,0.7558723220099864
5354,1.0952309121468486,0.40674194146569304,1.662617912757562,0.37857855624632525
5355,2.566530939371258,1.0644830297992791,1.662617912757562,0.7558723220097312
5356,1.0945417690618446,0.41195315165852847,1.6764902786904918,0.31397843112341906
5357,2.5741695897243435,1.0586617917257042,1.6764902786904918,0.7558723220094741
5358,1.0938521434794184,0.4171280584324887,1.6896266915043745,0.352487373531221
5359,2.5810750419527513,1.0476581526859425,1.6896266915043745,0.7558723220092166
5360,1.0927997367431566,0.42319568175606503,1.7029970091659703,0.3920557414697607
5361,2.5872280005108577,1.0361417916281035,1.7029970091659703,0.7558723220089597
5362,1.0919245769727248,0.42894252269546795,1.7153143711720509,0.3278509882163579
5363,2.5926113888966107,1.0241382699232682,1.7153143711720509,0.7558723220087044
5364,1.0910456943410212,0.43463165094697365,1.7268279681291632,0.3657536885055573
5365,2.5972103553209696,1.0116749579352255,1.7268279681291632,0.755872322008452
5366,1.0897725796404911,0.441220123292945,1.7385259980007388,0.40397678601848136
5367,2.6010122771104136,0.9987811075637207,1.7385259980007388,0.7558723220082036
5368,1.0886963314202789,0.4474587829674242,1.7491113466473185,0.3403277343227667
5369,2.604006764070705,0.9854879308207345,1.7491113466473185,0.7558723220079602
5370,1.087618932076442,0.4536149377118877,1.7588353684374933,0.3770022323690899
5371,2.6061856610000373,0.9718286843457549,1.7588353684374933,0.7558723220077224
5372,1.0861270635953806,0.4606666496171695,1.7686990221015992,0.4145310231024786
5373,2.6075430495023975,0.9578387595595064,1.7686990221015992,0.7558723220074913
5374,1.0848504848156815,0.46734403083832776,1.7774076816985371,0.35123186190178796
5375,2.6080752492169994,0.9435557778779772,1.7774076816985371,0.7558723220072677
5376,1.0835888366998576,0.4739123962605896,1.7852116867758654,0.38706939242725724
5377,2.6077808185464226,0.9290196900428345,1.7852116867758654,0.7558723220070516
5378,1.0818847275135117,0.4813702853209289,1.79311976831663,0.42378654324011716
5379,2.6066605549342685,0.9142728781508097,1.79311976831663,0.7558723220068437
5380,1.0804098489918532,0.4884346971730016,1.799849035220467,0.3608243451663897
5381,2.604717494712094,0.8993602583616538,1.799849035220467,0.7558723220066448
5382,1.0789563758125245,0.495368211674577,1.8056471057414094,0.3957690571274861
5383,2.601956912504703,0.8843293815086665,1.8056471057414094,0.7558723220064548
5384,1.077031862934639,0.5031801764630643,1.8115218800913844,0.4317412463252885
5385,2.598386320151983,0.8692305279048178,1.8115218800913844,0.7558723220062739
5386,1.0753501728399406,0.5105829427351839,1.8162124652879819,0.36912623530480504
5387,2.5940154650739164,0.8541167915111785,1.8162124652879819,0.7558723220061027
5388,1.0736915350623484,0.517834721293967,1.819961134534722,0.4032181638826807
5389,2.5888563279726324,0.8390441472999571,1.819961134534722,0.7558723220059409
5390,1.071526940981311,0.5259487591253139,1.823766725868221,0.4384273125016737
5391,2.582923119730954,0.8240714941021019,1.823766725868221,0.7558723220057891
5392,1.0696109922226977,0.5336401370439385,1.8263994284597458,0.37606923668916936
5393,2.5762322773302926,0.8092606635006478,1.8263994284597458,0.7558723220056474
5394,1.067728477612997,0.5411610293246671,1.8280986693485328,0.4091330036637265
5395,2.568802458571543,0.7946763834691536,1.8280986693485328,0.7558723220055146
5396,1.0653221410746516,0.5495241585835623,1.8298512802914535,0.4439607864699264
5397,2.560654535340384,0.7803861835579011,1.8298512802914535,0.7558723220053919
5398,1.0631785918565828,0.5574549690477459,1.8304663117486946,0.38201454105649185
5399,2.551811585112731,0.7664602266561603,1.8304663117486946,0.7558723220052787
5400,1.0610687257757907,0.5651974060571426,1.8301737235958664,0.4140734560796488
5401,2.542298880346619,0.7529710509363617,1.8301737235958664,0.755872322005175
5402,1.0584051949027131,0.5737580407834224,1.8299416096932666,0.448440740871538
5403,2.5321438753534027,0.7399932048264228,1.8299416096932666,0.7558723220050801
5404,1.0560130680973414,0.5818783441116596,1.8286269392234762,0.3869367639457121
5405,2.521376190183529,0.7276027581511,1.8286269392234762,0.755872322004995
5406,1.053666181405622,0.5897954032182617,1.826456472750989,0.41788374429267927
5407,2.5100275910004024,0.7158766743856426,1.826456472750989,0.755872322004918
5408,1.0507405329059387,0.598504438212017,1.8243724709623887,0.451896460900108
5409,2.4981319663501007,0.7048920327471296,1.8243724709623887,0.7558723220048498
5410,1.048098361788832,0.6067689742141973,1.8212869287306919,0.39093981379817266
5411,2.485725298665312,0.6947250950249274,1.8212869287306919,0.7558723220047898
5412,1.0455078642944393,0.6148166069696017,1.8174187845016745,0.4207452496032687
5413,2.4728456302694415,0.6854502208680723,1.8174187845016745,0.7558723220047376
5414,1.0423054055979564,0.6236240761761257,1.813676482377865,0.45439543771175717
5415,2.45953302307244,0.677138646646326,1.813676482377865,0.7558723220046931
5416,1.0394092094778085,0.6319906004160175,1.8090470560955583,0.3940673590487382
5417,2.44582951107471,0.6698571564821244,1.8090470560955583,0.7558723220046558
5418,1.0365762371404559,0.640131296436286,1.8037373254411173,0.4228005951562289
5419,2.4317790447213645,0.6636666885656481,1.8037373254411173,0.7558723220046256
5420,1.033100152109404,0.6489974470807829,1.7986146650133559,0.45642639597742907
5421,2.4174274260783384,0.6586209338072333,1.7986146650133559,0.7558723220046012
5422,1.0298978013089302,0.6573981774012683,1.7926963417164834,0.3861836010841572
5423,2.402822233737228,0.6547649952061314,1.7926963417164834,0.7558723220045832
5424,1.0276979142294556,0.6644337566046538,1.7852742659149843,0.3240845145978721
5425,2.3880127363007766,0.6521341828297481,1.7852742659149843,0.7558723220045717
5426,1.0255633857329947,0.6713129060480966,1.7774334010291648,0.36147117293076636
5427,2.3730497932596473,0.6507530190932932,1.7774334010291648,0.7558723220045646
5428,1.0226840212344224,0.6789081207278492,1.7699268990686696,0.3946598977674602
5429,2.357985742048341,0.6506345209693901,1.7699268990686696,0.7558723220045632
5430,1.0190907706921928,0.6871850276250476,1.7627754387158077,0.4273393491782599
5431,2.34287427006925,0.651779809888789,1.7627754387158077,0.7558723220045662
5432,1.0158220679616392,0.6950629224737671,1.7551743205053594,0.366779771153983
5433,2.32777027050472,0.6541780778363497,1.7551743205053594,0.7558723220045739
5434,1.0125918301749894,0.7026905663333242,1.747260058313979,0.3956459462735622
5435,2.3127296808041455,0.6578069121496865,1.747260058313979,0.7558723220045853
5436,1.009650743616326,0.7099302922133301,1.7390169117401004,0.33608831695770947
5437,2.29780930284301,0.6626329551971152,1.7390169117401004,0.7558723220046006
5438,1.006768218398353,0.716975059241772,1.7306461286004464,0.36869478335507466
5439,2.2830666039099543,0.6686128519214496,1.7306461286004464,0.7558723220046192
5440,1.003086992289688,0.7246259334102058,1.7228209669214605,0.3983977139501687
5441,2.268559497892473,0.6756944210220277,1.7228209669214605,0.7558723220046406
5442,0.9997239832701041,0.731907949643205,1.7148828998820569,0.34068435718835227
5443,2.2543461063067625,0.6838179759802197,1.7148828998820569,0.7558723220046645
5444,0.9964170921884657,0.7389686858708683,1.7069804401565085,0.37446492350426197
5445,2.2404844991561896,0.6852522673758257,1.7069804401565085,0.7558723220046908
5446,0.9922726613121263,0.7465488866215353,1.6997212143462657,0.4016973280909931
5447,2.227032416007248,0.672076892150228,1.6997212143462657,0.7558723220047188
5448,0.9884699024618786,0.7537761895149294,1.6925696306913753,0.338564651915871
5449,2.2140469681403903,0.6594703044734812,1.6925696306913753,0.7558723220047489
5450,0.9858747014677705,0.7599201220231088,1.685044517613077,0.28083076179925714
5451,2.2015843231608536,0.6475131465052412,1.685044517613077,0.7558723220047802
5452,0.9844489489300731,0.7650474892447429,1.6772563090673134,0.2363265780185183
5453,2.1896993740326662,0.6362869580160964,1.6772563090673134,0.7558723220048127
5454,0.9829870656286497,0.7700030488401794,1.6698392641878919,0.25604956255517647
5455,2.178445395113974,0.6258731952837018,1.6698392641878919,0.7558723220048463
5456,0.981760442298089,0.7747408348042739,1.6628704119257685,0.23088957457495582
5457,2.167873688405494,0.6163520472350212,1.6628704119257685,0.7558723220048806
5458,0.9804829193684177,0.77930423179709,1.6563827243045999,0.23517757548186063
5459,2.1580332238535,0.6078010582745902,1.6563827243045999,0.755872322004915
5460,0.9794291471241465,0.7836752686113891,1.6504752177904163,0.20916715861823112
5461,2.1489702781474467,0.6002935853095019,1.6504752177904163,0.75587232200495
5462,0.978323227732834,0.7878991842129341,1.6451838364564837,0.21539530141351876
5463,2.1407280769900923,0.593897137329836,1.6451838364564837,0.7558723220049852
5464,0.9774240466516515,0.7919376153057671,1.6405726164091685,0.18178084072069953
5465,2.133346446263098,0.5886716673668773,1.6405726164091685,0.7558723220050199
5466,0.9776874480016683,0.7952397169300188,1.6362982398397015,0.1806663376872063
5467,2.1268614778320507,0.5846679056302356,1.6362982398397015,0.7558723220050547
5468,0.9778522823396897,0.7984577832951651,1.6328128217347346,0.1719044118022923
5469,2.121305215902454,0.5819258354670441,1.6328128217347346,0.7558723220050882
5470,0.9769279966698655,0.8020424294285676,1.630446915600961,0.1839883899356537
5471,2.116705369828094,0.5804734170005504,1.630446915600961,0.7558723220051223
5472,0.9761927073632031,0.8054713523185114,1.6289356242197235,0.1676609891590509
5473,2.113085059067972,0.580325654476342,1.6289356242197235,0.7558723220051552
5474,0.9753916733981123,0.8087943285615227,1.6283123851681254,0.17770697600406182
5475,2.1104625955796497,0.5814840819948089,1.6283123851681254,0.7558723220051874
5476,0.9735230407018123,0.812402856369749,1.6288559228378598,0.21020929402561014
5477,2.1088513083279974,0.5839367103843849,1.6288559228378598,0.7558723220052187
5478,0.9706203379005915,0.8162109964603044,1.6305266019867315,0.23780041924384657
5479,2.108259413793302,0.587658439695136,1.6305266019867315,0.7558723220052492
5480,0.966723544637835,0.8202508750775215,1.633398286515018,0.2681402186171093
5481,2.1086899354071345,0.5926119028400497,1.633398286515018,0.7558723220052784
5482,0.961866207952516,0.8244388542329645,1.6374159549267886,0.30306103841691606
5483,2.110140673764443,0.5987486721134332,1.6374159549267886,0.7558723220053066
5484,0.9560839136437593,0.8287838884892108,1.6426104091757536,0.3408027022408354
5485,2.1126042283004756,0.6060107363176237,1.6426104091757536,0.7558723220053335
5486,0.9494101944248223,0.8332670891732912,1.6489739618012518,0.3801030512612762
5487,2.1160680699311536,0.6143321445297234,1.6489739618012518,0.7558723220053591
5488,0.9418808364631605,0.8378373439427512,1.6564564581905457,0.4135428296374316
5489,2.1205146629874876,0.6236407131867058,1.6564564581905457,0.7558723220053836
5490,0.9347718572284496,0.8423083199745905,1.6649844575656907,0.35463401329517386
5491,2.125921633678944,0.6338597041156226,1.6649844575656907,0.7558723220054069
5492,0.9278300146030167,0.8466738445944507,1.6744900587027514,0.38671553967810973
5493,2.1322619813428303,0.6449093990545887,1.6744900587027514,0.7558723220054292
5494,0.9200420990145043,0.8511113209936968,1.685023563510568,0.41966007925350124
5495,2.139504327914395,0.6567085174117642,1.685023563510568,0.7558723220054494
5496,0.9126733157052349,0.8554750119215326,1.6965134630202867,0.3632903442126796
5497,2.1476132004128257,0.669175445222442,1.6965134630202867,0.7558723220054686
5498,0.905479310387829,0.8597241578764638,1.7088446008078186,0.39307642404289445
5499,2.156549340797874,0.6822292620982622,1.7088446008078186,0.7558723220054865
5500,0.8974594848175885,0.863974620501099,1.7220013590634733,0.42523561884491834
5501,2.1662700373147916,0.6957905680465204,1.7220013590634733,0.7558723220055032
5502,0.8898605320449273,0.8681629633523223,1.7359648075564766,0.36904070344509876
5503,2.176729471405293,0.7097821229123945,1.7359648075564766,0.7558723220055183
5504,0.8824496671633429,0.8722171916358619,1.7505799914389737,0.3981883460468376
5505,2.1878790744032335,0.7241293180754257,1.7505799914389737,0.7558723220055323
5506,0.8742347562281524,0.8762328821500327,1.7658073351010544,0.43004201331551484
5507,2.199667888532306,0.7387605035284366,1.7658073351010544,0.7558723220055451
5508,0.8664396911600167,0.8802109483192803,1.7816726428991596,0.37360085664940684
5509,2.2120429271506246,0.7536071943648215,1.7816726428991596,0.7558723220055564
5510,0.8588348069193673,0.8840850905988743,1.798022171650227,0.4029330927652025
5511,2.2249495297123305,0.7686041797818749,1.798022171650227,0.7558723220055666
5512,0.8504463765144838,0.8878948497606692,1.8147563841254355,0.4349736200735724
5513,2.2383317075074856,0.7836895556578535,1.8147563841254355,0.7558723220055755
5514,0.8424763434104534,0.8916831459964524,1.8319345660363555,0.37884246581028014
5515,2.252132476868109,0.7988046991209224,1.8319345660363555,0.7558723220055836
5516,0.8347117766015504,0.8953471629366259,1.8493653994810488,0.40722251834537687
5517,2.266294177162888,0.8138942006937986,1.8493653994810488,0.7558723220055906
5518,0.8263539747806988,0.8989352439856404,1.8669665865039347,0.42416509846051526
5519,2.2807587715223043,0.8289057668323969,1.8669665865039347,0.7558723220055965
5520,0.8185526818771147,0.9024916607289379,1.8847993038373856,0.3690780673954753
5521,2.295468128820842,0.8437901031386302,1.8847993038373856,0.7558723220056014
5522,0.8109572174298276,0.9059165470732014,1.9026661999873327,0.3969292254176029
5523,2.3103642859793228,0.8585007862970997,1.9026661999873327,0.7558723220056054
5524,0.8026095051482919,0.9092431623255269,1.9204510286228607,0.4294505491604252
5525,2.3253896901286986,0.8729941308894006,1.9204510286228607,0.7558723220056086
5526,0.7946703237323426,0.9125636806817295,1.93827660053646,0.3736583416968221
5527,2.340487420591334,0.8872290556705567,1.93827660053646,0.7558723220056109
5528,0.7869441790924294,0.9157651922018787,1.9559462980988296,0.4018999219679297
5529,2.3556013909850555,0.9011669526223614,1.9559462980988296,0.7558723220056126
5530,0.7785033081484182,0.9188260202247369,1.973280458251234,0.43434963785297903
5531,2.3706765320400938,0.9147715610914466,1.973280458251234,0.7558723220056134
5532,0.7704782642793757,0.9218777438976888,1.9904612671010602,0.37654087059799146
5533,2.385658955942772,0.928008848536054,1.9904612671010602,0.7558723220056139
5534,0.7626638649921277,0.9248437853130752,2.0073317688417536,0.40651678088793963
5535,2.4004961031873546,0.940846898806576,2.0073317688417536,0.7558723220056136
5536,0.7541652964096358,0.9276525310335665,2.023651188247189,0.44000846504295615
5537,2.415136873034674,0.9532558084360123,2.023651188247189,0.7558723220056124
5538,0.746069518744988,0.9304887391000337,2.0396815990547683,0.38079666274504936
5539,2.42953173874965,0.9652075910873064,2.0396815990547683,0.7558723220056107
5540,0.7381951180586008,0.9332387854197519,2.0552332462381764,0.4109461730382525
5541,2.4436328488259633,0.9766760900693581,2.0552332462381764,0.7558723220056085
5542,0.7296671767083559,0.9358191288515437,2.070039101398817,0.44507564972350133
5543,2.4573941154115917,0.9876368986711872,2.070039101398817,0.7558723220056063
5544,0.721530727801158,0.9384529821698953,2.0844321706357545,0.38556203109558107
5545,2.470771291129518,0.9980672879570683,2.0844321706357545,0.7558723220056032
5546,0.7136235001297717,0.9410051705184088,2.098205323386826,0.41482455630965265
5547,2.4837220354492384,1.0079461416007367,2.098205323386826,0.7558723220056
5548,0.7057091406974422,0.9434816557069413,2.1112831738350284,0.3944738261905252
5549,2.496205971711612,1.017253897303211,2.1112831738350284,0.7558723220055965
5550,0.6976954680138641,0.9458290519644568,2.1235467393605254,0.42469861124327524
5551,2.508184735846244,1.025972494327964,2.1235467393605254,0.7558723220055923
5552,0.6898280721763106,0.948149098437817,2.1351109629227167,0.3839479079662724
5553,2.5196220177506,1.0340853266926509,2.1351109629227167,0.7558723220055883
5554,0.6819913445993766,0.9503628966548924,2.145832314548212,0.41873783097568584
5555,2.5304835962262935,1.0415772015734617,2.145832314548212,0.7558723220055842
5556,0.674516518064252,0.9526276799233826,2.1559235698392296,0.35250390219724625
5557,2.540737368292885,1.0484343025027363,2.1559235698392296,0.7558723220055796
5558,0.6673671104700504,0.9548643008788392,2.165271469563094,0.38286035682696784
5559,2.5503533736248705,1.0546441569699714,2.165271469563094,0.7558723220055753
5560,0.6597471256949674,0.956890172797156,2.1734539734224088,0.4195722110826733
5561,2.55930381478475,1.060195608068872,2.1734539734224088,0.7558723220055708
5562,0.651601363182231,0.9586811924545744,2.180378707203671,0.449361584695021
5563,2.567563073855136,1.0650787898671141,2.180378707203671,0.7558723220055659
5564,0.6429766764823197,0.9602462113973733,2.1860143340552125,0.4879280622754816
5565,2.575107726006531,1.0572633794795687,2.1860143340552125,0.7558723220055612
5566,0.6338851785277445,0.9616450715587923,2.1903786694817393,0.5190468874340499
5567,2.5819165504749564,1.0461918098127068,2.1903786694817393,0.7558723220055565
5568,0.6252534650824322,0.9631116479305694,2.193985965582102,0.45051359487036285
5569,2.5879705393654,1.0346107361206442,2.193985965582102,0.7558723220055517
5570,0.616903567900829,0.9645783250274865,2.196704415492155,0.48743491753423107
5571,2.593252904642945,1.0225459506885093,2.196704415492155,0.7558723220055469
5572,0.6081695145227303,0.9658225485887103,2.198032395128758,0.5216415541876707
5573,2.597749083623389,1.0100250638699695,2.198032395128758,0.7558723220055427
5574,0.5990824990304181,0.9668824545143231,2.197979136026852,0.5505406370492313
5575,2.601446743228928,0.9970775774130864,2.197979136026852,0.7558723220055379
5576,0.5897112024880751,0.9677517717533962,2.1965171302839135,0.5831719314448548
5577,2.604335783231708,0.9837349638165309,2.1965171302839135,0.7558723220055336
5578,0.5801092884981149,0.9684474274672268,2.1936428754014896,0.6133785136714417
5579,2.6064083386683854,0.9700307515988055,2.1936428754014896,0.7558723220055292
5580,0.5709945592577624,0.9693251615304107,2.1900831905145,0.5409343761015877
5581,2.607658781571886,0.9560006161482532,2.1900831905145,0.7558723220055252
5582,0.562278662016387,0.9702286389892986,2.1856324203777446,0.5753601237850532
5583,2.6080837221317856,0.9416824755335924,2.1856324203777446,0.7558723220055208
5584,0.5534033751951652,0.9709365075283529,2.1797389908065847,0.6020221292743076
5585,2.6076820093617803,0.9271165902761325,2.1797389908065847,0.7558723220055171
5586,0.5444524526080864,0.9714402752980011,2.1723923354130177,0.6297522389212798
5587,2.60645473132097,0.9123456655957903,2.1723923354130177,0.7558723220055131
5588,0.5359791899888121,0.9721568974857113,2.1644387045034708,0.5598466092095166
5589,2.604405214904745,0.8974149540215446,2.1644387045034708,0.7558723220055096
5590,0.5279306596795704,0.9729179509603902,2.1556659560225646,0.5867217360629594
5591,2.601539025190345,0.8823723554798659,2.1556659560225646,0.7558723220055062
5592,0.5198914249523483,0.9734526051307779,2.145448328335552,0.6144398316354094
5593,2.5978639642912515,0.8672685110193507,2.145448328335552,0.755872322005503
5594,0.512298563193292,0.9741967935061373,2.1346940063404127,0.5462920910462938
5595,2.593390069642856,0.8521568851769752,2.1346940063404127,0.7558723220054998
5596,0.5051295857019158,0.9749751997908713,2.1231881306974483,0.5727428788156955
5597,2.5881296116089114,0.837093830629625,2.1231881306974483,0.7558723220054967
5598,0.49807573135759087,0.9754932208850807,2.1102642996871364,0.6002904888005516
5599,2.5820970902636105,0.8221386272062218,2.1102642996871364,0.7558723220054937
5600,0.49143729673416164,0.9762174070937928,2.0968972442092224,0.5337467341595383
5601,2.575309231167193,0.8073534855859071,2.0968972442092224,0.7558723220054915
5602,0.4852208480924874,0.9769679700140211,2.0828723076079494,0.5598101782965478
5603,2.5677849799134513,0.792803504134719,2.0828723076079494,0.7558723220054888
5604,0.47923231451284776,0.9774258404516109,2.0674860408053077,0.5872073628217459
5605,2.5595454951848136,0.7785565654421064,2.0674860408053077,0.7558723220054868
5606,0.47362492017475405,0.9780888773359622,2.0517744724369704,0.5221216122302829
5607,2.550614140004525,0.7646831573753025,2.0517744724369704,0.7558723220054845
5608,0.46843681446099533,0.9787708009978047,2.035522683898482,0.5478282097764906
5609,2.541016470825541,0.7512561021138146,2.035522683898482,0.7558723220054825
5610,0.4636063541155922,0.9791170274091018,2.0179872978365805,0.5750093590200264
5611,2.53078022404175,0.7383501759798222,2.0179872978365805,0.7558723220054807
5612,0.45911791832479987,0.979669700165808,2.00026844321571,0.5111778940948313
5613,2.519935299448999,0.7260416033440467,2.00026844321571,0.755872322005479
5614,0.45504902632112765,0.9772900130091495,1.9821473947260857,0.5362667415911808
5615,2.5085137401211584,0.7144074099196817,1.9821473947260857,0.7558723220054777
5616,0.4514384283878933,0.968468555443115,1.962866902068427,0.5634346843627791
5617,2.4965497081001358,0.7035246248287457,1.962866902068427,0.7558723220054767
5618,0.4481387082244299,0.9601589251177581,1.9435584999728648,0.5006690388650088
5619,2.4840794552289767,0.6934693273351029,1.9435584999728648,0.7558723220054755
5620,0.4452426057790108,0.9520858290040478,1.9240146442601609,0.5249791443072344
5621,2.4711412883844472,0.6843155433013363,1.9240146442601609,0.7558723220054743
5622,0.4429316720212094,0.9432519380777367,1.9034438307821906,0.5525146792545693
5623,2.457775528290875,0.6761340081349174,1.9034438307821906,0.7558723220054734
5624,0.4408464989866926,0.9349321745043561,1.883046680691648,0.49136656471937185
5625,2.4440244610219075,0.6689908266752791,1.883046680691648,0.7558723220054728
5626,0.43914846786986095,0.9268462251870268,1.862596823682685,0.5150367800553005
5627,2.429932281223019,0.6629460750159999,1.862596823682685,0.755872322005472
5628,0.4381334830476412,0.9179903559863503,1.841286654963529,0.5425281896851338
5629,2.4155450260174702,0.6580524029807733,1.841286654963529,0.7558723220054719
5630,0.4374056707605254,0.9096289601331665,1.8202910151601654,0.470567546822775
5631,2.4009104984948393,0.6543537067949152,1.8202910151601654,0.7558723220054716
5632,0.4363987890689616,0.9027591736954209,1.8006105663937004,0.40362418461601995
5633,2.3860781796278068,0.6518839472334111,1.8006105663937004,0.7558723220054712
5634,0.4350084867771366,0.8973236301239377,1.782274929753254,0.3583849363424499
5635,2.371099127423739,0.65066618734504,1.782274929753254,0.7558723220054713
5636,0.4338644186130861,0.8920120643645092,1.7641363478303793,0.37592213487587794
5637,2.356025862097593,0.6507119147469925,1.7641363478303793,0.755872322005471
5638,0.43350081757583625,0.8858088937418678,1.7453331281533784,0.40403824704985963
5639,2.340912236057331,0.6520206966775605,1.7453331281533784,0.7558723220054712
5640,0.43319740836075477,0.8799989473432097,1.727135627881583,0.35253788915212664
5641,2.3258132875282485,0.6545801930804683,1.727135627881583,0.7558723220054714
5642,0.4331122022988336,0.8743250634004742,1.7093622643476787,0.3863049794338803
5643,2.3107850767149554,0.6583665267531108,1.7093622643476787,0.7558723220054715
5644,0.4339059362588574,0.8677710000544737,1.6911208004505554,0.4063086140840935
5645,2.295884503515643,0.6633449834785761,1.6911208004505554,0.7558723220054716
5646,0.4355733622234851,0.8603692483099981,1.6725234742163064,0.4364233725184183
5647,2.281169105969347,0.6694709925074906,1.6725234742163064,0.7558723220054718
5648,0.437218676037177,0.8534005176715425,1.6548690072920982,0.3857465352419942
5649,2.266696838838958,0.6766913214683213,1.6548690072920982,0.7558723220054724
5650,0.43906033789406085,0.8466162408344553,1.6379548600316185,0.40020811531074013
5651,2.2525258320158437,0.6849454112611957,1.6379548600316185,0.7558723220054729
5652,0.4408175735082105,0.8402364139802837,1.6221041117842872,0.33864190608346895
5653,2.2387141287793324,0.6835128407736378,1.6221041117842872,0.7558723220054734
5654,0.44168510289152435,0.8352506532396309,1.6083343389867102,0.29394850409102646
5655,2.225319404357191,0.6704067898987444,1.6083343389867102,0.7558723220054738
5656,0.4427308069046765,0.8303816082020071,1.595414410600247,0.3161734958157948
5657,2.2123986657097743,0.6578799134047663,1.595414410600247,0.7558723220054742
5658,0.4447698686798298,0.8246199522097668,1.5824220901575061,0.34651892921293304
5659,2.200007933995402,0.6460130182800401,1.5824220901575061,0.7558723220054749
5660,0.4478091703154969,0.8180090961090569,1.569439187623005,0.37831646959628584
5661,2.1882019117582154,0.634887693182063,1.569439187623005,0.7558723220054759
5662,0.4518348267924805,0.8105857047035038,1.5565483737753174,0.4029313476588337
5663,2.1770336374982917,0.624585301024088,1.5565483737753174,0.7558723220054763
5664,0.45565440289280457,0.8035731054932175,1.5450722682061682,0.3417651610232366
5665,2.1665541309182976,0.6151857691447585,1.5450722682061682,0.7558723220054767
5666,0.4583276566103912,0.7979264229917467,1.5360302203355305,0.2945801816983614
5667,2.156812032768157,0.6067661886393602,1.5360302203355305,0.7558723220054778
5668,0.46107078341945595,0.7924156434039021,1.5281481036731854,0.3232637564485456
5669,2.1478532438017495,0.5993992529481981,1.5281481036731854,0.7558723220054783
5670,0.4648472946344808,0.7860841739987771,1.5204381494569439,0.35885830504668415
5671,2.1397205678871702,0.5931515868694891,1.5204381494569439,0.7558723220054788
5672,0.4696279740978878,0.7789668197534372,1.512951739101926,0.3776564526377334
5673,2.132453364742876,0.588082038497391,1.512951739101926,0.7558723220054792
5674,0.47415275639178806,0.7722503325032313,1.5069830996393123,0.3179824051513287
5675,2.126087218074635,0.5842400249791859,1.5069830996393123,0.7558723220054803
5676,0.47741702464315816,0.766814737547251,1.5035315466651065,0.26797218429542646
5677,2.1206536250340147,0.581664034761818,1.5035315466651065,0.7558723220054805
5678,0.4794582716927334,0.762605383145275,1.50253860243539,0.23326403825008699
5679,2.116179712884452,0.5803803907517926,1.50253860243539,0.7558723220054812
5680,0.48147825311415476,0.7585364785992732,1.5027739082399372,0.24659602208308057
5681,2.1126879885296312,0.5804023683362078,1.5027739082399372,0.7558723220054817
5682,0.48450601844377045,0.7537230744617767,1.5031839499607584,0.2797408319689046
5683,2.1101961261241176,0.5817297393277229,1.5031839499607584,0.7558723220054826
5684,0.48857050516488326,0.748162159669761,1.50370808428917,0.29759965477687855
5685,2.108716797352141,0.5843487798676451,1.50370808428917,0.755872322005483
5686,0.4936234655137999,0.7419095922035641,1.5043524945189426,0.3244077930982269
5687,2.108257548142831,0.5882327416206637,1.5043524945189426,0.7558723220054836
5688,0.4983852422941237,0.7359558827855956,1.5063505693507926,0.28774380804831684
5689,2.1088207246162978,0.5933427469948828,1.5063505693507926,0.7558723220054839
5690,0.5030910542763196,0.7301708701236573,1.5094192773959891,0.30560141323485274
5691,2.1104034499619746,0.5996290363710258,1.5094192773959891,0.7558723220054845
5692,0.5087435654178658,0.7237284357715733,1.5124958840077247,0.33230538155038525
5693,2.112997652783961,0.6070324728338194,1.5124958840077247,0.7558723220054852
5694,0.5140707940068252,0.7176229884401863,1.516802114277083,0.27555402732876155
5695,2.116590146258053,0.6154861998494251,1.516802114277083,0.7558723220054856
5696,0.5181017731019613,0.7125915653590847,1.5232678891711204,0.2282123561130988
5697,2.121162756283714,0.6249173494685673,1.5232678891711204,0.7558723220054863
5698,0.5209090780418981,0.7085464083403058,1.5317744887912026,0.20927815745013947
5699,2.126692495731426,0.6352487106929128,1.5317744887912026,0.7558723220054866
5700,0.5237258498444649,0.7045995344075633,1.5409952884286522,0.2266309906036857
5701,2.1331517809262945,0.6464002861932463,1.5409952884286522,0.7558723220054869
5702,0.5275232610166678,0.7000045995056872,1.5498621212390202,0.2440286630593437
5703,2.1405086857087876,0.658290686940158,1.5498621212390202,0.7558723220054869
5704,0.5322351740396478,0.6948336484845347,1.5583555263766176,0.26587944442221284
5705,2.1487272277991942,0.6708383353254993,1.5583555263766176,0.7558723220054874
5706,0.5366898796443261,0.6898785285288132,1.5676369430682053,0.23702632517370265
5707,2.1577676817782905,0.6839624657562123,1.5676369430682053,0.7558723220054878
5708,0.5410810097561589,0.6850511893559633,1.5774207998597658,0.25411611088341834
5709,2.1675869127858567,0.6975839262487165,1.5774207998597658,0.7558723220054883
5710,0.5463236752463687,0.6797185593802185,1.5866653291686272,0.2806650163558227
5711,2.1781387250232447,0.7116257948849709,1.5866653291686272,0.7558723220054886
5712,0.551282190241245,0.6746217983151299,1.5965193546180907,0.24471752411678657
5713,2.1893742193091352,0.7260138313905891,1.5965193546180907,0.7558723220054887
5714,0.5561414191873132,0.6696797160047162,1.6067033586484192,0.26584893977035445
5715,2.2012421542546297,0.7406767872092803,1.6067033586484192,0.7558723220054888
5716,0.5617935581841804,0.664301091048703,1.6161890016732037,0.2951551832783447
5717,2.213689306065899,0.7555465980671126,1.6161890016732037,0.7558723220054893
5718,0.5671566019055961,0.6591446105689897,1.626100784730266,0.25451805370988695
5719,2.2266608225181943,0.7705584819190716,1.626100784730266,0.7558723220054895
5720,0.5724000811609824,0.6541511220528843,1.636173485119005,0.27916878522176936
5721,2.2401005672424237,0.785650963016478,1.636173485119005,0.7558723220054895
5722,0.5783909839821554,0.6487796759777851,1.6453989167998873,0.31065066522592666
5723,2.2539514510946232,0.8007658401497245,1.6453989167998873,0.7558723220054896
5724,0.584086819971211,0.6436260863797191,1.6548838180232297,0.2667697391624107
5725,2.2681557480125396,0.8158481142830034,1.6548838180232297,0.75587232200549
5726,0.5896355337259318,0.6386624933879087,1.664385128779249,0.292851027899436
5727,2.282655393379276,0.8308458880546798,1.664385128779249,0.7558723220054903
5728,0.5958790703537171,0.6334008215427217,1.6729203954245593,0.3257430063001222
5729,2.2973922634932706,0.8457102471155699,1.6729203954245593,0.7558723220054904
5730,0.60181306733716,0.6283686115686917,1.6815754271214716,0.27839220775299894
5731,2.3123084352731773,0.860395131089777,1.6815754271214716,0.7558723220054909
5732,0.6075956735594663,0.6235220094098672,1.6901087251315579,0.3063900195544874
5733,2.3273464257964602,0.8748572000901192,1.6901087251315579,0.7558723220054905
5734,0.6140314362407454,0.6184499169509531,1.6975778620051998,0.34012562112009237
5735,2.3424494116767702,0.8890557011916522,1.6975778620051998,0.7558723220054907
5736,0.62016003471682,0.6135962287182369,1.705036447287007,0.2904860924492445
5737,2.35756142862594,0.9029523380333797,1.705036447287007,0.7558723220054905
5738,0.626115853467735,0.6089536268291385,1.7122717428642018,0.31954081628762093
5739,2.3726275518231184,0.9165111457424534,1.7122717428642018,0.7558723220054907
5740,0.6326696260281796,0.6041859441626252,1.718385748178337,0.35333880561935654
5741,2.3875940579297055,0.9296983726174552,1.718385748178337,0.7558723220054907
5742,0.6389275222866194,0.5996142695804366,1.724373675713003,0.30131723003529987
5743,2.4024085697494177,0.9424823694297728,1.724373675713003,0.7558723220054907
5744,0.6450129871760033,0.5952501719133815,1.7300431390126878,0.3317421064866422
5745,2.4170201846439823,0.9548334867703203,1.7300431390126878,0.7558723220054908
5746,0.6516663773664534,0.5908334539857981,1.7345431846278638,0.3660034193755388
5747,2.431379587883211,0.966723980553232,1.7345431846278638,0.7558723220054907
5748,0.658025714731298,0.5866051842532585,1.7388291953048327,0.3126709656087801
5749,2.445439152140058,0.9781279255635402,1.7388291953048327,0.7558723220054907
5750,0.6642223593588069,0.5825709968083783,1.7427141918601314,0.3440375703589932
5751,2.459153024343103,0.9890211367816549,1.7427141918601314,0.7558723220054908
5752,0.6709570231139952,0.5785641097383362,1.7454087265877376,0.3797431918803001
5753,2.4724772010767375,0.9993810981169472,1.7454087265877376,0.7558723220054909
5754,0.6773883070521314,0.5747525303066862,1.747830610000347,0.3158763988133277
5755,2.4853695936785214,1.0091868981226273,1.747830610000347,0.755872322005491
5756,0.682826968956577,0.5712600740025248,1.7506889644424277,0.2637979502937897
5757,2.4977900841285057,1.0184191722339273,1.7506889644424277,0.7558723220054905
5758,0.6881218751249681,0.5679458441448663,1.7530314128168227,0.2939540192999177
5759,2.5097005727609476,1.0270600510632233,1.7530314128168227,0.7558723220054908
5760,0.6939589985935757,0.5647113887645158,1.7541218164425247,0.33937713986834517
5761,2.5210650187581987,1.0350931142929551,1.7541218164425247,0.7558723220054903
5762,0.7002707506280492,0.5616544284773235,1.7540407132409317,0.36883365594840695
5763,2.531849474312486,1.0425033497252159,1.7540407132409317,0.7558723220054903
5764,0.7062971622778275,0.5587582223668857,1.7535864524165465,0.30383467216286114
5765,2.542022113266192,1.0492771170722566,1.7535864524165465,0.75587232200549
5766,0.7114412837463522,0.5559598636887501,1.7533399852166947,0.24616764509652608
5767,2.551553254966703,1.0554021161021212,1.7533399852166947,0.75587232200549
5768,0.7156923934845678,0.5532695788858538,1.7532659671136903,0.19662808127990608
5769,2.5604153839994854,1.0608673587864126,1.7532659671136903,0.7558723220054903
5770,0.7198494202993803,0.5507121123037533,1.7525411249135059,0.22708370052534518
5771,2.568583166393528,1.0656631451313456,1.7525411249135059,0.7558723220054903
5772,0.7237670615978508,0.5482722527922288,1.7513010620570426,0.17075570505203091
5773,2.576033462827421,1.055855976322304,1.7513010620570426,0.7558723220054897
5774,0.7269511476901558,0.5457441625180552,1.7500012435661705,0.15739519213783568
5775,2.5827453393024937,1.0447168809687255,1.7500012435661705,0.7558723220054896
5776,0.7300287492209127,0.5433918949656467,1.7480315635447412,0.16418023662774237
5777,2.588700075691696,1.0330715290691639,1.7480315635447412,0.7558723220054894
5778,0.7335678143227706,0.5413410722791022,1.7448686018107271,0.1920244547822914
5779,2.5938811725193758,1.0209459449569602,1.7448686018107271,0.7558723220054896
5780,0.7369466674113563,0.539316987646485,1.741092856663413,0.16403569990773925
5781,2.5982743562775608,1.008367980210912,1.741092856663413,0.7558723220054893
5782,0.7402183100233084,0.5374495195412694,1.7366664998901349,0.1837440144156174
5783,2.6018675835385547,0.9953673877644518,1.7366664998901349,0.7558723220054894
5784,0.7438813694244881,0.5359669575342745,1.7311721461045464,0.21657755199590611
5785,2.604651044081362,0.9819759020399065,1.7311721461045464,0.7558723220054893
5786,0.74739185072853,0.534486956362718,1.725078998584824,0.17804811782617927
5787,2.6066171632101276,0.968227324966173,1.725078998584824,0.7558723220054892
5788,0.7507916701595674,0.5331530886899213,1.718372702300836,0.20566327041832802
5789,2.6077606034061525,0.9541576175146809,1.718372702300836,0.7558723220054892
5790,0.7545373426145057,0.5322688788599514,1.7107190810275097,0.2417468557115327
5791,2.608078265420557,0.939804996089758,1.7107190810275097,0.7558723220054894
5792,0.7581462305893754,0.5313574850329922,1.7024843150784952,0.19738686206994044
5793,2.6075692888818582,0.925210032717766,1.7024843150784952,0.7558723220054894
5794,0.7616400218781512,0.5305861197461196,1.6936878284711965,0.22864223648849424
5795,2.6062350524611553,0.9104157574744257,1.6936878284711965,0.7558723220054892
5796,0.7654283485631221,0.5303406532734657,1.6840879883276587,0.2660397708129893
5797,2.6040791736067073,0.8954677609493873,1.6840879883276587,0.7558723220054888
5798,0.7690901212785562,0.5300449474354743,1.6739410991493442,0.21756293941450244
5799,2.6011075078289974,0.8804142937481156,1.6739410991493442,0.755872322005489
5800,0.772633499818983,0.5298823921215768,1.663293924604461,0.2507916422575222
5801,2.597328147486372,0.8653063590511829,1.663293924604461,0.7558723220054889
5802,0.7764131049840302,0.530329018240946,1.6520091128130496,0.28862830927299293
5803,2.592751419989508,0.8501977930715522,1.6520091128130496,0.7558723220054888
5804,0.7800664045543771,0.5307099235345418,1.6402312322962298,0.23671081273688618
5805,2.587389885309823,0.8351453268613476,1.6402312322962298,0.7558723220054887
5806,0.7835949029913752,0.5312174474828714,1.6280273331848818,0.27054768337526397
5807,2.581258332642014,0.8202086213257005,1.6280273331848818,0.7558723220054887
5808,0.7873156409008526,0.5324000766885991,1.6153479047666963,0.30895858731760883
5809,2.5743737760336556,0.8054502655312658,1.6153479047666963,0.7558723220054885
5810,0.7909301785762416,0.5334812857981885,1.6022170766927548,0.2552323648926877
5811,2.566755448754869,0.7909357265145466,1.6022170766927548,0.7558723220054884
5812,0.794422147195032,0.5346724882772833,1.5887339648221361,0.28908229872485885
5813,2.5584247961379503,0.7767332369124351,1.5887339648221361,0.755872322005488
5814,0.7980656845744517,0.536597607359555,1.5749432488707458,0.3274238083793881
5815,2.5494054665702315,0.762913605029124,1.5749432488707458,0.7558723220054878
5816,0.8016019450712877,0.5384015886085721,1.5607730836337483,0.27232343847449697
5817,2.5397233002729958,0.7495499306698885,1.5607730836337483,0.7558723220054878
5818,0.8050112235666804,0.5403006690402542,1.5463390779187411,0.30564343785479076
5819,2.5294063154447675,0.7367172095457081,1.5463390779187411,0.7558723220054879
5820,0.808532625121012,0.5429840572964599,1.5317713525784205,0.34365477174626313
5821,2.518484691288603,0.7244918096933898,1.5317713525784205,0.755872322005488
5822,0.8119646041589315,0.5455093541857092,1.516884980372936,0.28760017096633406
5823,2.506990747380215,0.7129508056275374,1.516884980372936,0.7558723220054878
5824,0.8152800780362915,0.548101461177411,1.501816189479666,0.3201663948647579
5825,2.4949589187669936,0.7021711603090286,1.501816189479666,0.7558723220054877
5826,0.818658793075034,0.5515270261389268,1.4868030916102315,0.3581553141525698
5827,2.48242572611775,0.6922287518621997,1.4868030916102315,0.7558723220054877
5828,0.821907442687949,0.5547916194651453,1.4715978595238377,0.28999397436357716
5829,2.469429740169985,0.6831972514808172,1.4715978595238377,0.7558723220054876
5830,0.8249510058727986,0.5570366963727875,1.4558872484456749,0.2306329898690834
5831,2.456011539646695,0.6751468709710933,1.4558872484456749,0.7558723220054875
5832,0.8278208515934452,0.5582579349335891,1.4396571199239976,0.17815975085070163
5833,2.4422136617396815,0.6681430122529407,1.4396571199239976,0.7558723220054877
5834,0.8305093949560044,0.558479863713806,1.4229462932949501,0.14720006976211175
5835,2.428080544182822,0.662244865682482,1.4229462932949501,0.7558723220054874
5836,0.833041941923961,0.5588320559999622,1.4062997715706733,0.16532247104531533
5837,2.4136584578693197,0.6575040175302149,1.4062997715706733,0.7558723220054878
5838,0.835526182229199,0.5601673443558192,1.3900938059876464,0.20243485106191875
5839,2.3989954289044557,0.6539631372332293,1.3900938059876464,0.7558723220054875
5840,0.8378915716001801,0.5624932257024712,1.374440397576762,0.24745860797279207
5841,2.3841411489335482,0.6516548199715763,1.374440397576762,0.7558723220054878
5842,0.8401392972913975,0.5657852881449177,1.3593884711401567,0.28003596425938715
5843,2.3691468725478604,0.6506006579427123,1.3593884711401567,0.7558723220054874
5844,0.8422555777477498,0.5700262618344614,1.3450022586218746,0.3190683099492826
5845,2.3540653005540912,0.6508106035615914,1.3450022586218746,0.7558723220054874
5846,0.8442498875618832,0.5751913308899552,1.331327323173638,0.36042021709648986
5847,2.338950447901326,0.6522826700958377,1.331327323173638,0.7558723220054874
5848,0.846104623822044,0.5801557191679908,1.318433187826113,0.3966579974018787
5849,2.323857495099022,0.6550029917219385,1.318433187826113,0.7558723220054877
5850,0.8477934146265829,0.5805799646256036,1.306395836536823,0.43244867774486606
5851,2.3088426220371945,0.6589462385618051,1.306395836536823,0.7558723220054875
5852,0.8495174421992276,0.5810388543067362,1.294489697394962,0.36120520978986687
5853,2.2939628232420457,0.6640763564238175,1.294489697394962,0.7558723220054876
5854,0.8514536868585364,0.581036375525002,1.2821124570256075,0.30051752956094024
5855,2.279275703773263,0.670347579101168,1.2821124570256075,0.7558723220054875
5856,0.8532794459515102,0.5812100946803671,1.270200841051651,0.3364483241892572
5857,2.2648392551989702,0.6777056457451568,1.270200841051651,0.7558723220054876
5858,0.8548151393548377,0.5820566357828247,1.259460646972102,0.3744962511701697
5859,2.250711611375589,0.6860891483529158,1.259460646972102,0.7558723220054877
5860,0.8560978336322635,0.5835734673947204,1.2499084784557746,0.4087079133544987
5861,2.236950784115768,0.6817818338085975,1.2499084784557746,0.7558723220054876
5862,0.8571451047349856,0.5828900501046907,1.2415766998654507,0.44702168978801576
5863,2.2236143792488416,0.6687464427030502,1.2415766998654507,0.7558723220054875
5864,0.8578371993640383,0.579140946893869,1.2345918956386253,0.47720501458801196
5865,2.2107592940627874,0.6563006398507409,1.2345918956386253,0.7558723220054875
5866,0.8586849494696333,0.5756049527896879,1.2279428009757072,0.40728134780305364
5867,2.19844139765849,0.6445253834741272,1.2279428009757072,0.7558723220054878
5868,0.859909572398424,0.5723081966916161,1.220954835966647,0.3400108050783079
5869,2.1867151963362383,0.633502294150917,1.220954835966647,0.7558723220054878
5870,0.8615564241800124,0.569099280538324,1.2136594185765501,0.2831215447517322
5871,2.1756334867561335,0.6233126210328355,1.2136594185765501,0.7558723220054878
5872,0.8631687302354342,0.5660438744171999,1.2071411775735528,0.31893991519234066
5873,2.1652470002490523,0.6140360062322582,1.2071411775735528,0.7558723220054878
5874,0.8642977053314735,0.5633605078288507,1.202312666503848,0.3496887156510198
5875,2.15560404227914,0.6057490611597497,1.202312666503848,0.7558723220054879
5876,0.8649850015893435,0.5610618179083593,1.1991678166740725,0.3859214205389591
5877,2.146750131644641,0.5985237875373071,1.1991678166740725,0.755872322005488
5878,0.8652055639739272,0.5592354520834227,1.197736940231686,0.41788367826610184
5879,2.138727644520675,0.592425897069082,1.197736940231686,0.755872322005488
5880,0.8649955900408257,0.5579046444981632,1.1980126320660072,0.45623666474415625
5881,2.131575468863427,0.5875131048996821,1.1980126320660072,0.7558723220054882
5882,0.864348035388397,0.5571404177079924,1.2000080085748674,0.48677579577066776
5883,2.125328674979032,0.5838334897351453,1.2000080085748674,0.7558723220054878
5884,0.8632454579250358,0.5570242587750396,1.2037360847921088,0.5142308014406314
5885,2.1200182081839833,0.5814240241533015,1.2037360847921088,0.7558723220054877
5886,0.8624154242560067,0.5569695388712699,1.2080188069776183,0.4480683876844622
5887,2.1156706094244604,0.5803093788853022,1.2080188069776183,0.7558723220054877
5888,0.8616219947312885,0.5571634808364397,1.2131471901389814,0.47660470586508163
5889,2.112307769464365,0.5805010927230724,1.2131471901389814,0.755872322005488
5890,0.8610618443252693,0.5573887477825505,1.2188781337515497,0.4078217979551979
5891,2.1099467217907657,0.5819971753256217,1.2188781337515497,0.7558723220054878
5892,0.861275487176418,0.5570711153658439,1.2242896332180597,0.3483557056233039
5893,2.1085994787264064,0.5847821761406063,1.2242896332180597,0.7558723220054879
5894,0.861473004702222,0.5569340403196175,1.2306180738457055,0.38440096290769993
5895,2.1082729143993197,0.5888277136303588,1.2306180738457055,0.7558723220054879
5896,0.8610430558890836,0.5576084276995846,1.2388199367947266,0.41266189701182493
5897,2.1089686972278847,0.5940934208428261,1.2388199367947266,0.7558723220054883
5898,0.8600242307994469,0.559095337793732,1.2488440201588535,0.45079889319383754
5899,2.1106832734744594,0.6005282317417941,1.2488440201588535,0.7558723220054883
5900,0.8584021628239205,0.5614443530232933,1.260653655474796,0.4713948870599451
5901,2.113407902248068,0.6080719117643014,1.260653655474796,0.7558723220054879
5902,0.8570190791174386,0.5637385251853494,1.2729765283513614,0.4183070427457598
5903,2.1171287411473667,0.6166567276693904,1.2729765283513614,0.755872322005488
5904,0.8556988067703575,0.5661466471136183,1.286035535016979,0.43920381714023177
5905,2.1218269805811523,0.6262091553279329,1.286035535016979,0.7558723220054879
5906,0.853764857603853,0.5694447982842444,1.3007945446470117,0.468651853458664
5907,2.127479023734465,0.6366515372115894,1.3007945446470117,0.755872322005488
5908,0.8512464196276613,0.5736310086617155,1.3171887816553993,0.5030095727820408
5909,2.134056708207655,0.6479036204590982,1.3171887816553993,0.7558723220054879
5910,0.8481216955146987,0.5787396091396225,1.3351608735488194,0.5276384715543526
5911,2.141527564578646,0.6598839278868041,1.3351608735488194,0.7558723220054882
5912,0.845379216881817,0.5836296322284913,1.353386594101764,0.4684437842684229
5913,2.1498551065497553,0.6725109350943455,1.353386594101764,0.7558723220054879
5914,0.8427497164060823,0.5885603564173615,1.3720929733235168,0.49466955314326916
5915,2.1589991469527607,0.6857040447684735,1.3720929733235168,0.755872322005488
5916,0.8394997020279514,0.5944204032680661,1.3922480580959455,0.5204840241604418
5917,2.1689161337011194,0.6993843632915242,1.3922480580959455,0.7558723220054883
5918,0.8366174703038379,0.600026008370671,1.412521956229003,0.4643986851116987
5919,2.1795594997870453,0.7134752945572052,1.412521956229003,0.7558723220054883
5920,0.8338360824433481,0.605637237394855,1.4331294305431856,0.4870250333085534
5921,2.1908800216056266,0.7279029718275617,1.4331294305431856,0.7558723220054882
5922,0.8303962477202842,0.6121890061977133,1.455037152838464,0.5126971507035822
5923,2.2028261802230893,0.7425965512095121,1.455037152838464,0.7558723220054882
5924,0.8273216059667006,0.6184439612011945,1.4769099417585283,0.456860958867994
5925,2.215344520662353,0.7574883906831754,1.4769099417585283,0.7558723220054878
5926,0.8243493485158159,0.6246617655865943,1.498954115068594,0.47971390163038496
5927,2.228380004824395,0.7725141373417455,1.498954115068594,0.755872322005488
5928,0.820710835558256,0.6318064761713293,1.5221353411982375,0.5061698909837097
5929,2.2418763542670908,0.7876127432536131,1.5221353411982375,0.7558723220054882
5930,0.8174471595235929,0.6386136653869419,1.5451225681098193,0.4511278244805225
5931,2.2557763796944195,0.8027264276350982,1.5451225681098193,0.7558723220054878
5932,0.8142924885308321,0.6453451273105739,1.5681161317815444,0.47359334050254487
5933,2.2700222946416098,0.8178006001850587,1.5681161317815444,0.7558723220054878
5934,0.8104506046565728,0.6529919013423574,1.5920779691000295,0.5001775747806022
5935,2.2845560114537773,0.8327837577145463,1.5920779691000295,0.7558723220054878
5936,0.806980307556055,0.6602715280093207,1.6156858249965214,0.4452085516736932
5937,2.299319418229076,0.8476273637412436,1.6156858249965214,0.7558723220054878
5938,0.8036145309989352,0.6674435354905562,1.6391337942713524,0.4677678460533041
5939,2.3142546359194505,0.8622857185739353,1.6391337942713524,0.755872322005488
5940,0.7995597790348355,0.6755094722483255,1.6633824184741928,0.49484836164381685
5941,2.329304255244213,0.876715825602827,1.6633824184741928,0.7558723220054878
5942,0.7958841574168586,0.6831817013624523,1.6871240871126838,0.4398303547280758
5943,2.34441155346943,0.8908772580232138,1.6871240871126838,0.7558723220054877
5944,0.792315020578966,0.6907171204592965,1.710546268079402,0.4629914569251769
5945,2.3595206914384304,0.904732029022221,1.710546268079402,0.7558723220054876
5946,0.7880308987185279,0.6991257623212351,1.7345968870453572,0.4905925842488573
5947,2.3745768915073393,0.918244467513093,1.7345968870453572,0.7558723220054878
5948,0.784131467465023,0.7071192097378322,1.7579952553319649,0.43454426511497524
5949,2.3895265972481656,0.9313811007692567,1.7579952553319649,0.7558723220054875
5950,0.780350030849752,0.7149497157835054,1.780926109101698,0.45862879102608034
5951,2.4043176159358497,0.944110544753569,1.780926109101698,0.7558723220054875
5952,0.7758561049390637,0.7236301027333268,1.8043288291210848,0.48625199508096617
5953,2.4188992449409286,0.956403402523059,1.8043288291210848,0.7558723220054874
5954,0.77175435612634,0.7318813568006721,1.8269490569403766,0.4309559000430774
5955,2.433222383212613,0.9682321707869778,1.8269490569403766,0.7558723220054873
5956,0.7677737106996512,0.7399494031021498,1.8489638156272756,0.4551895413202133
5957,2.4472396290646787,0.9795711544815674,1.8489638156272756,0.7558723220054873
5958,0.7630801425154491,0.7488462415558459,1.8713034226334728,0.48846818632087335
5959,2.460905365474974,0.9903963890786065,1.8713034226334728,0.7558723220054874
5960,0.7577029585590127,0.7585347512229396,1.8938892333180877,0.5260115193315728
5961,2.474175834084478,1.0006855702501951,1.8938892333180877,0.7558723220054874
5962,0.7516515263519,0.768971285636976,1.9166288435788597,0.5483251647073812
5963,2.4870091990389507,1.0104179904565591,1.9166288435788597,0.7558723220054876
5964,0.7460656590582461,0.778909557292505,1.9383437295832824,0.4758811627187024
5965,2.4993656017601023,1.0195744819967116,1.9383437295832824,0.7558723220054876
5966,0.7417719290435936,0.7873778128899692,1.9581024206902118,0.4173406846100092
5967,2.511207207667814,1.0281373660557833,1.9581024206902118,0.7558723220054877
5968,0.7375925378356083,0.7956355865114071,1.9770223332657815,0.4490933128828391
5969,2.5224982458037233,1.0360904072916841,1.9770223332657815,0.7558723220054873
5970,0.7326790046735451,0.8046807497893698,1.9959984407327527,0.48059610524109486
5971,2.5332050422321615,1.0434187735229281,1.9959984407327527,0.7558723220054874
5972,0.7270751067710384,0.8144833716202955,2.0149727316050887,0.5108434253895644
5973,2.5432960480192914,1.050109000105518,2.0149727316050887,0.7558723220054876
5974,0.7207992425236676,0.8250014621497729,2.033865409016964,0.5493015399302156
5975,2.552741862517012,1.056148958617261,2.033865409016964,0.7558723220054874
5976,0.7138550308586022,0.8361833952586697,2.0525814981526582,0.5721066234972163
5977,2.5615152526060405,1.0615278295008783,2.0525814981526582,0.7558723220054875
5978,0.707419824487019,0.846848401492125,2.070076957705386,0.5073298305563304
5979,2.5695911684835786,1.0651183761948178,2.070076957705386,0.7558723220054872
5980,0.7012019449907393,0.8572060159469281,2.0864884922319105,0.5328497218583692
5981,2.5769467565155515,1.0544396331847905,2.0864884922319105,0.7558723220054875
5982,0.6943308735798632,0.8682295363531338,2.1026575464992745,0.5701395924792159
5983,2.5835613696121293,1.0432334208515734,2.1026575464992745,0.7558723220054874
5984,0.6868273831825682,0.8798786485415838,2.118514677468841,0.5948804947912041
5985,2.589416575528018,1.031524229079506,2.118514677468841,0.7558723220054876
5986,0.679827302097812,0.8909716211239607,2.1330333491985556,0.5265267123762705
5987,2.5944961634360397,1.0193383153973152,2.1330333491985556,0.7558723220054877
5988,0.6730821113456724,0.9017405216643608,2.1463952929690047,0.5503105369395923
5989,2.598786149073432,1.0067037738573983,2.1463952929690047,0.7558723220054876
5990,0.6668201294394568,0.9120034568636236,2.158461756056683,0.4786457548237842
5991,2.6022747787150355,0.9936506099287568,2.158461756056683,0.7558723220054876
5992,0.6618762566315856,0.9208359542447975,2.1684493196838943,0.4186633876844039
5993,2.6049525321855755,0.9802108214069941,2.1684493196838943,0.7558723220054876
5994,0.6570972106593405,0.9294395372922132,2.1773645179182304,0.4453422375026729
5995,2.6068121250843674,0.9664184851743965,2.1773645179182304,0.7558723220054874
5996,0.6515552664686572,0.938699962462978,2.1859007556050667,0.4735697815184852
5997,2.607848510359395,0.9523098494107937,2.1859007556050667,0.7558723220054875
5998,0.646437453907518,0.9475215416056124,2.1932061285563744,0.41727860928597144
5999,2.6080588793334982,0.9379234305461271,2.1932061285563744,0.7558723220054875
