sample,d_goal,d_hazard,d_agent,speed
0,0.789164425850718,0.5964015180573957,1.2523710676770363,0.0
1,1.3135703513447516,0.5993568773889589,1.2523710676770363,0.0
2,0.788689555218926,0.595759260797155,1.252970349092732,0.05662625641990176
3,1.314087602007326,0.5999517750106571,1.252970349092732,0.07719810805827433
4,0.7873396694033902,0.593989437343429,1.254530855900913,0.11219747838586207
5,1.314076095237677,0.6001045170635417,1.254530855900913,0.11732623598056112
6,0.7852120873123525,0.5911731049816947,1.2570836907666263,0.16882468574616605
7,1.3134682057755156,0.5997482249260871,1.2570836907666263,0.1629896951530001
8,0.783296279518757,0.5873552064607157,1.261674223025931,0.21452972337076576
9,1.3127825776179707,0.5994196384277978,1.261674223025931,0.21423288888425393
10,0.7810713145454881,0.5838174999864613,1.2666401856077143,0.14902178962633036
11,1.3118120609414323,0.5989117957447783,1.2666401856077143,0.26075664788255126
12,0.7795177971043191,0.5815749714840409,1.2722615541580862,0.08531786634088274
13,1.3106729220105353,0.5983519051125393,1.2722615541580862,0.305883061907306
14,0.7785215505773692,0.5806075013451418,1.2784389230129511,0.036281991673342236
15,1.3091394669170646,0.5975223258076151,1.2784389230129511,0.35015295244894074
16,0.7787370571547312,0.580753950350275,1.285912537238223,0.03514494349738199
17,1.3077816727064566,0.5970128381829065,1.285912537238223,0.39140132427362195
18,0.7793323568521269,0.5821184686820406,1.293671660162574,0.09466691587221297
19,1.3062916297567935,0.5965254497033659,1.293671660162574,0.43197697001664587
20,0.7811028238196741,0.5844528988883905,1.3027197208023478,0.1448802747683166
21,1.304979499566433,0.5963857478021699,1.3027197208023478,0.47092279844981816
22,0.7838259856422225,0.5877390728968687,1.3127867839841278,0.19628932184656667
23,1.3038169933613204,0.596578540067967,1.3127867839841278,0.5062053372728696
24,0.7862533259760373,0.5908257703950689,1.3233149321987139,0.13386172995185633
25,1.3028373096903991,0.5971506842781178,1.3233149321987139,0.5406543438963584
26,0.7875302843294055,0.59279814509355,1.3340425601666264,0.07432693283982733
27,1.3020197088079002,0.5980969767350379,1.3340425601666264,0.5741564614653427
28,0.7877832970721811,0.5936972380703471,1.3450197279802405,0.03202919663776687
29,1.3014940972473548,0.5995580431490278,1.3450197279802405,0.6059058242083015
30,0.7870635563776591,0.5935928076855235,1.3562911178430617,0.055705490318351376
31,1.301174117018817,0.6014660100915822,1.3562911178430617,0.6373992585992243
32,0.7856273286521142,0.5923961969340923,1.3680839765576847,0.1008849663501946
33,1.3013455285438287,0.6041025245218244,1.3680839765576847,0.6661934510871911
34,0.78350606650248,0.5900963029538153,1.380401306745694,0.15007248550685776
35,1.3020656409854956,0.6075243222719304,1.380401306745694,0.6943756733422741
36,0.7807085824166606,0.5867127453961702,1.39321840198413,0.20120468916585438
37,1.3033497203092346,0.6117451703209899,1.39321840198413,0.7170455915920484
38,0.7767488680626273,0.5827258376770783,1.4057182256630916,0.24896555693268907
39,1.305008065968986,0.6166000563642458,1.4057182256630916,0.7445342860767237
40,0.7723038179501406,0.5776059426014654,1.4188720920257303,0.29857162400003184
41,1.307407461435285,0.6224071034793899,1.4188720920257303,0.7658839611653877
42,0.7678216250792554,0.5725901305978023,1.432250853245068,0.25542082103124436
43,1.3104284714560102,0.6290533997575662,1.432250853245068,0.7890029299452243
44,0.7632585924433332,0.5674060597941624,1.4459830765688177,0.3026623614280211
45,1.31412278447467,0.6148853759461503,1.4459830765688177,0.809338689583555
46,0.7579119973676643,0.5614385323257856,1.4597527203398277,0.34769089566956596
47,1.3185308014044061,0.5987697931568321,1.4597527203398277,0.8262940793935927
48,0.7517339642758578,0.5548129603364746,1.4734102416197485,0.390905536116886
49,1.3236623715307592,0.5822273619873379,1.4734102416197485,0.8450571999957054
50,0.7448708487102784,0.5474539447292506,1.4871377192493773,0.43243437935728524
51,1.3295694228108756,0.5652976765613901,1.4871377192493773,0.8612002305724826
52,0.737319242074432,0.5394396303487975,1.5008622846484956,0.47257007196438633
53,1.3362535554231914,0.5480162559040312,1.5008622846484956,0.8743801839708341
54,0.7289873923531133,0.5309540711448807,1.5143672689828727,0.5105413417772907
55,1.3437075232981082,0.5303956890986773,1.5143672689828727,0.8888770510123312
56,0.7200740894460839,0.5218556282636981,1.5279399354830514,0.548449181813413
57,1.3519721859569487,0.5124832755787014,1.5279399354830514,0.9025129539473886
58,0.7106226626003949,0.5121812003007538,1.541582322178607,0.5840119442540184
59,1.3610524424152861,0.4943212025903008,1.541582322178607,0.9125167313990161
60,0.7014972261217313,0.5032357294500271,1.5552321440730454,0.5072895398929484
61,1.3708849945852868,0.47587205415295963,1.5552321440730454,0.9253093557168406
62,0.6938090287488529,0.495469018482374,1.5694340486438572,0.43258392952275854
63,1.3815330889458228,0.45725849614143865,1.5694340486438572,0.9372425877603634
64,0.6875805630416318,0.4887191071757662,1.5842243450298032,0.3634771361765864
65,1.3929751712384182,0.43854579955280965,1.5842243450298032,0.9442300671196497
66,0.6826034165228007,0.48312486844548275,1.5992915723102021,0.29436411135597657
67,1.4051684117151142,0.4197225652239465,1.5992915723102021,0.9517841476108618
68,0.6788110154017655,0.47864135621899434,1.6145104900725114,0.22340764661607915
69,1.4181011413796916,0.40085671636353426,1.6145104900725114,0.958578904001413
70,0.6748813812135842,0.47455707491708393,1.62924176266743,0.265102004078329
71,1.4317385812100427,0.38194213925103776,1.62924176266743,0.9684481603755591
72,0.6703477598637091,0.469451096926093,1.6439870310470992,0.31952336043481144
73,1.4460752492181599,0.3631933795337751,1.6439870310470992,0.9708642319396308
74,0.6657185308761199,0.46485488542934217,1.658170453403649,0.2607026984104131
75,1.4610625880833048,0.344535213012872,1.658170453403649,0.9787199867571998
76,0.6612104284011711,0.4599317127804375,1.6724448058612094,0.31521350994829217
77,1.4766681542429099,0.32621785485711857,1.6724448058612094,0.9815616584633031
78,0.656546437355657,0.4550398157222709,1.6863413413362622,0.2889946225784123
79,1.4928485092150534,0.3082805003010646,1.6863413413362622,0.9850525320804173
80,0.652769266168285,0.4508349231562055,1.7002096018312292,0.22504128150111818
81,1.5095631359530501,0.2908513782312896,1.7002096018312292,0.9887866544464251
82,0.6501970525049209,0.4474995191389668,1.714102651789172,0.16273699642901018
83,1.5267682458628635,0.2740927948969726,1.714102651789172,0.9906902821046175
84,0.6487694969008796,0.4450054997503285,1.7278951002755834,0.1161366642237717
85,1.5444104372618774,0.258218709207274,1.7278951002755834,0.9900799939585297
86,0.648377888596984,0.4434374059884976,1.7413774892054878,0.061290310598154985
87,1.562443123362255,0.24343791171658338,1.7413774892054878,0.9919092086007624
88,0.6491183943568873,0.44248379033714913,1.7548187865570977,0.071382569225398
89,1.5808132410834694,0.2300127142152343,1.7548187865570977,0.9892938745911952
90,0.649681357765959,0.4415811765961366,1.767574240647444,0.07313565388490331
91,1.5994766549867672,0.21821335142687853,1.767574240647444,0.9883628080581291
92,0.6491541410425106,0.4400867068258552,1.7794247942819534,0.10057360066628013
93,1.6183926531734332,0.20833215260126867,1.7794247942819534,0.9872418574784906
94,0.6475976976262603,0.4379895978319274,1.7904284351070423,0.13916804252913278
95,1.6375103896625582,0.20068534962376627,1.7904284351070423,0.9849875297347386
96,0.6450106075814205,0.4354237318435999,1.8004800792411486,0.1826087566204937
97,1.6567778344287636,0.19555597563130245,1.8004800792411486,0.9825048044441659
98,0.641499638714784,0.43226747583417435,1.809766025467898,0.23109642477200923
99,1.6761319159542334,0.19316255962275272,1.809766025467898,0.9788366744006443
100,0.6370622485820938,0.42865820891507456,1.8182087642346796,0.2820389006603863
101,1.6955319201190404,0.1935846558509326,1.8182087642346796,0.9746693613445356
102,0.6317156016873336,0.4246989146194962,1.8257636712719354,0.32360733891358473
103,1.7149263166232216,0.19678700580381278,1.8257636712719354,0.970213092110443
104,0.6255042193961949,0.4204218596542985,1.8324899477192285,0.36525133449774994
105,1.7342808104569196,0.20260424784332481,1.8324899477192285,0.9655870892202252
106,0.6184780576698709,0.41583350726594726,1.8384646994805054,0.41078295197746084
107,1.753554043968241,0.21078932035552989,1.8384646994805054,0.9607916652655666
108,0.6106114813138747,0.4111945916628867,1.8434853471133164,0.4462733310575235
109,1.7726877801847425,0.22104427188057515,1.8434853471133164,0.9555816788381019
110,0.6019945529490961,0.4063783268028257,1.8477796310767365,0.48712806643738027
111,1.7916413263487951,0.23305020562577572,1.8477796310767365,0.951573113964842
112,0.592649046842252,0.40147249368705307,1.8513354490237057,0.5221030603656822
113,1.8103574806887606,0.24649834944943855,1.8513354490237057,0.944380977357869
114,0.5825711613281063,0.39669257379349426,1.8540561648349725,0.5580317559398927
115,1.8288200847624076,0.2611177753417191,1.8540561648349725,0.939002693925348
116,0.5717999255026817,0.3920833894422677,1.8559915924578156,0.592771418367857
117,1.8469796343788458,0.2766670888800227,1.8559915924578156,0.9363277935572966
118,0.560378355300268,0.3876425117715575,1.8572332326982726,0.6241929552941258
119,1.8647798623437524,0.29293250254122755,1.8572332326982726,0.9287469994816249
120,0.5483170317721795,0.38353329743955633,1.8577269752149455,0.6596922590704586
121,1.882177138611002,0.30973471348990295,1.8577269752149455,0.9197593864316091
122,0.5362416903215165,0.3802965962176528,1.857392283306376,0.6237017203577686
123,1.8991991143325597,0.3269666822226097,1.857392283306376,0.9163770892079015
124,0.5253705730195092,0.37721561753206334,1.857257752994995,0.5492952788307542
125,1.915721153957577,0.3444517436566417,1.857257752994995,0.910151850492036
126,0.5160791940501989,0.3745101529599873,1.8571523526874145,0.47137011540355245
127,1.9317616555432369,0.36211923851079547,1.8571523526874145,0.9037106975540281
128,0.5070611182967679,0.3721469740882958,1.856531407642474,0.5141312211273816
129,1.9472785744489416,0.37987566502271225,1.856531407642474,0.8972329276884978
130,0.49759378295277307,0.3702583127346014,1.8550573953373852,0.5168553406450058
131,1.9622385126331754,0.3976442935241176,1.8550573953373852,0.8911550113444335
132,0.488460620635857,0.36871310369416066,1.8530763382057325,0.47731285241238597
133,1.9766093607121311,0.4153580427866876,1.8530763382057325,0.8840097463183322
134,0.47924733596253555,0.3675795891301071,1.8504131779207276,0.519745029134815
135,1.9903583574020864,0.43295582352612777,1.8504131779207276,0.8768762806504927
136,0.46935815661138647,0.36716850682569574,1.8467120629893137,0.5403742943827919
137,2.0034771719433184,0.45040366512619034,1.8467120629893137,0.8730104094630674
138,0.4588095754056696,0.3673298930002964,1.8421922176322785,0.5743035637785778
139,2.015929740686443,0.4676477290306159,1.8421922176322785,0.8646492683593976
140,0.4475698676258093,0.3683449878170366,1.836667427796004,0.604787013784688
141,2.0276992042616144,0.48465460556956236,1.836667427796004,0.8589266339782065
142,0.4356632895392877,0.370137758369134,1.8302943974970205,0.6326818200512052
143,2.0387569625435042,0.5013819633154931,1.8302943974970205,0.8524453408480784
144,0.423117586566652,0.3728458079035758,1.8230186227910046,0.6627943384191616
145,2.049087515296435,0.5178018887711722,1.8230186227910046,0.8462879117364525
146,0.40996071032148335,0.37653098526317663,1.8148465423499989,0.688404265957926
147,2.0586748945585702,0.5338876232340878,1.8148465423499989,0.8404308622381771
148,0.39620878260674186,0.3811475049030945,1.8058898473461806,0.7179532868462536
149,2.0675025803318388,0.5496127372461648,1.8058898473461806,0.8345662627434022
150,0.3818927548797699,0.3867934257991792,1.796094721485699,0.7463972948617857
151,2.075556384969273,0.5649538245215152,1.796094721485699,0.8289090896461334
152,0.3670364921049423,0.39347766755235253,1.785488263980679,0.7675738091826361
153,2.082821905293762,0.5798872818992274,1.785488263980679,0.8233148929195926
154,0.3516654571648246,0.40120873536321705,1.774084401881559,0.7880311951102205
155,2.0892857709169563,0.5943902647591061,1.774084401881559,0.8177973895458791
156,0.33579396540135076,0.4099479315817283,1.7619473324584949,0.8113964274559972
157,2.0949364980450484,0.6084414540691852,1.7619473324584949,0.8123754414934969
158,0.31945521493649404,0.4197163259867005,1.7490478258757396,0.8321085864920438
159,2.099764530221037,0.6220209641490567,1.7490478258757396,0.8070668085190246
160,0.3026565135890601,0.43045312511993794,1.7354637150708314,0.852751046595782
161,2.103762246580483,0.6351102365293306,1.7354637150708314,0.801887874797034
162,1.4225699777639647,0.44215886354436396,1.7211672956425106,0.8733035197430409
163,2.1069239685614636,0.6476919505947466,1.7211672956425106,0.7968536229285539
164,1.4249958511118574,0.45483327182694416,1.706063731059024,0.8909456024993488
165,2.109320313034895,0.659874099294698,1.706063731059024,0.7947712259329609
166,1.4272132647436646,0.4683929763393576,1.6902596727935844,0.9059732892495308
167,2.1108470195954823,0.6714833939096617,1.6902596727935844,0.7904650318915333
168,1.429082619303757,0.48281553564633556,1.6736506629148307,0.9186427540767628
169,2.1115488972656182,0.6825828085959471,1.6736506629148307,0.789959244028735
170,1.431097956059116,0.4979349213083688,1.6566863151620064,0.9388393643437438
171,2.111378535132322,0.693067143690986,1.6566863151620064,0.7827296651629405
172,1.432797690924849,0.5138163360207457,1.639004487485933,0.9524904160778377
173,2.1103754150465557,0.7029873086703636,1.639004487485933,0.7796659922200861
174,1.4342838949642807,0.5303846880711758,1.6207103031914627,0.9638284642773448
175,2.108547500583096,0.7123370575398938,1.6207103031914627,0.7769611163340168
176,1.435659733534311,0.5475927010880645,1.601906669070207,0.9817658913196053
177,2.105903050943224,0.7211082490689718,1.601906669070207,0.7741365988798942
178,1.4367418953807476,0.5653998304717857,1.582472123886283,0.9909021867128514
179,2.102454267931799,0.7293005569862387,1.582472123886283,0.7718131785693146
180,1.4375770227265312,0.5837550060775092,1.5624696312756552,1.0024447412983422
181,2.098210163091838,0.7369012823001454,1.5624696312756552,0.7700127731105229
182,1.438197865561369,0.6026184933549347,1.5419513781137362,1.0118426939643168
183,2.0931826707128014,0.7438986197346168,1.5419513781137362,0.7676262176953778
184,1.4386159326243284,0.6219556983257961,1.5209485022078912,1.0278069620713677
185,2.087387992859924,0.7502893676230448,1.5209485022078912,0.7654208871712359
186,1.4386407980769549,0.641679823216156,1.4993398188818836,1.0293794466388164
187,2.0808442080547405,0.7560767531724608,1.4993398188818836,0.7650673617436835
188,1.4385849362436984,0.66183608331909,1.4773888893161504,1.0467152905177206
189,2.073568374138779,0.7612424691735994,1.4773888893161504,0.7639940865667049
190,1.438303426800712,0.6808580804722563,1.45503460190249,1.0558223396933213
191,2.065581845776228,0.765803624537013,1.45503460190249,0.762712593091072
192,1.4384777603207102,0.6804905074361154,1.4333011035224599,0.9608178817112397
193,2.056904386610013,0.7697547650580719,1.4333011035224599,0.7639022471643655
194,1.4395293444858503,0.6813181749530269,1.412876605317307,0.8856143650696653
195,2.0475574844757176,0.7730939333520411,1.412876605317307,0.7639941737116842
196,1.441432786626779,0.6813800652557562,1.3937285468282452,0.8136344071282491
197,2.0375649583390896,0.7758165601666224,1.3937285468282452,0.7619702464881719
198,1.4440661921836342,0.6744633873465329,1.3757655978682728,0.7325850900627104
199,2.0269547332923565,0.7779146535441006,1.3757655978682728,0.7611074789566336
200,1.4471172743020808,0.6679971762386255,1.358728001638423,0.651310532748756
201,2.015744458480327,0.7644176021501736,1.358728001638423,0.764025632578582
202,1.4504024989443083,0.6616897391592743,1.342017028503752,0.678459773998086
203,2.003984287854696,0.7501215559864026,1.342017028503752,0.7632981752970905
204,1.452972989225872,0.6563402445158927,1.324535799936044,0.6841152292316353
205,1.99169818550574,0.7362129310654302,1.324535799936044,0.7619278877482929
206,1.4546686652397491,0.6521833562619194,1.3061583382915525,0.7021634865766867
207,1.9788925612205992,0.7226956846133107,1.3061583382915525,0.764945132000695
208,1.4560203231105033,0.6486779278368565,1.2873920498112232,0.7191846626830403
209,1.9656529458333658,0.7097698269406392,1.2873920498112232,0.7642150270814154
210,1.4566919091479524,0.6462524944854103,1.268006351363359,0.7255227987255993
211,1.9519990624356853,0.6974580120121615,1.268006351363359,0.7663378551255943
212,1.4567950753733674,0.6448305064914929,1.2480952184439216,0.7564266758457483
213,1.9379601150944035,0.6858153795703069,1.2480952184439216,0.7656097811812993
214,1.456986993735385,0.6438409885172642,1.2286685861884643,0.6692471049389641
215,1.9235581159703241,0.6748899768093269,1.2286685861884643,0.7679117808292553
216,1.4581789625886576,0.6423076749862675,1.2108577477165734,0.6223832581165208
217,1.908869253980764,0.6648178380496752,1.2108577477165734,0.7683644385928797
218,1.4600346489872298,0.6404548358723903,1.1943798921197093,0.5559649322029641
219,1.8938794719292251,0.6555881585621975,1.1943798921197093,0.7729223937727957
220,1.4628085843429572,0.6379291561001978,1.1794941460087094,0.49434392105941527
221,1.87869046652038,0.6473588823791523,1.1794941460087094,0.7759741934155971
222,1.4655021194893847,0.635702313418215,1.164944620747264,0.5131098056100767
223,1.8633095073955495,0.6401461984043754,1.164944620747264,0.7781175105772786
224,1.467380287972,0.6283979121913528,1.1498511689873316,0.5367714287115077
225,1.8478000700668131,0.6340351277594071,1.1498511689873316,0.7770084663406583
226,1.4685579690778146,0.6183055984171166,1.134515477547703,0.4979931171227978
227,1.8321304954992692,0.629003203278452,1.134515477547703,0.7867467033364226
228,1.4703479655696197,0.6084678488652325,1.1203924926161928,0.4660407633646858
229,1.8164852344648608,0.6252376363188232,1.1203924926161928,0.7876110557557272
230,1.47196823842665,0.598818028574811,1.1066891073760179,0.483831474396456
231,1.8008713800352414,0.62272524709513,1.1066891073760179,0.7848896812355419
232,1.4726952335432701,0.5889433035518528,1.0925828759257832,0.5062000483022738
233,1.7853407440895022,0.6214887893665635,1.0925828759257832,0.7865696792155551
234,1.4726210102677098,0.5788165123324591,1.0781671943787368,0.5175622152014944
235,1.7699329814183493,0.6215317382779336,1.0781671943787368,0.7906961439585944
236,1.4718518074406308,0.5683657287857838,1.0635560097971062,0.5516909744959518
237,1.7547156914477255,0.6228649981063137,1.0635560097971062,0.7923237220809992
238,1.4712492644397834,0.5584199007521096,1.0499427078780939,0.47860242816938786
239,1.7397223684100942,0.6254675574963459,1.0499427078780939,0.7926551771495486
240,1.4705585833087906,0.5489139319920997,1.0370840428983656,0.49025721826280405
241,1.7249871735187319,0.6293141686453266,1.0370840428983656,0.7969700792932474
242,1.469208029612845,0.5390536361450532,1.0241681449376314,0.5205897877706817
243,1.7106261907026015,0.6343987067092461,1.0241681449376314,0.7971941383409773
244,1.4670944720620038,0.5290508199186174,1.0111717871213508,0.5432940196762229
245,1.696658502134503,0.6406656659536586,1.0111717871213508,0.8010427174331431
246,1.4643056339700646,0.5188637620488293,0.9981845788164077,0.572423141694327
247,1.6831511207844767,0.6480687026048042,0.9981845788164077,0.8008534628879601
248,1.4607242060074042,0.5087435311221437,0.9852027560534026,0.5902796391224889
249,1.6701350395140528,0.6396043785707668,0.9852027560534026,0.804266963053054
250,1.4565624356960396,0.4984756846462996,0.9723658307634852,0.621534575478972
251,1.6577055111246244,0.6273353163574793,0.9723658307634852,0.8041975852223898
252,1.4516498509919817,0.4884035940792834,0.9596379760006316,0.6407847285616083
253,1.6458620652367595,0.6146421650516156,0.9596379760006316,0.8097395855390311
254,1.4462399615923816,0.47824541460056597,0.9471562668119549,0.6697889339107891
255,1.6347144823173685,0.6015543886357526,0.9471562668119549,0.8093264257120281
256,1.440219810620363,0.468271730272677,0.9349164349336643,0.6976011929348293
257,1.6242877253514334,0.5880815430017952,0.9349164349336643,0.8111870908652898
258,1.4336087172201177,0.45856148814631215,0.9229552039637362,0.7195543972237572
259,1.6146225185670184,0.5742368643432032,0.9229552039637362,0.8122415748071969
260,1.4264715268241033,0.4491246710973155,0.911325302524271,0.7456418773179567
261,1.6057875976850249,0.5600469947347986,0.911325302524271,0.8118753735065831
262,1.4186271425947996,0.4403799490942622,0.9000105854072867,0.7619657326160365
263,1.5977328416976848,0.5454844558409675,0.9000105854072867,0.8173195505729691
264,1.410458162771557,0.43181651846447355,0.8891110180768391,0.7908462883674555
265,1.590635132680417,0.5306338287048378,0.8891110180768391,0.8165837711259165
266,1.4018298585449258,0.42377857894387594,0.8786134346480651,0.8210081528437915
267,1.5844861050571926,0.5154979912632965,0.8786134346480651,0.8188189444401793
268,1.3937385062588674,0.41652292337302527,0.8697786571641472,0.7343465804135272
269,1.5793035841858274,0.5000924306885481,0.8697786571641472,0.8186242664470323
270,1.3869883412872388,0.41001225933269037,0.8635717347548129,0.6602972991664846
271,1.575116667532566,0.4844428234938501,0.8635717347548129,0.8184839244083011
272,1.3814687623062485,0.4041743117576044,0.8599091550000596,0.5765760956614805
273,1.5719195860247497,0.468550411462507,0.8599091550000596,0.8222620922749933
274,1.3772639008768148,0.39861563774382686,0.8586688913336382,0.5099880814756876
275,1.569767373522466,0.45247224207892095,0.8586688913336382,0.8211855541772964
276,1.3740788169488731,0.39364722498004406,0.8598204713267266,0.4403166640450376
277,1.568622423376695,0.4361853479318312,0.8598204713267266,0.8230710925827383
278,1.3719144319894818,0.3890880596637307,0.8632794596015917,0.37035369212979824
279,1.5685213200138943,0.41974292081881376,0.8632794596015917,0.8251792421857072
280,1.3708323979703791,0.38466352014261795,0.8689173195552672,0.3206764043595431
281,1.5694717253462824,0.40318184314131267,0.8689173195552672,0.8271331336355329
282,1.3707939272497078,0.38030494121500624,0.8766449088897967,0.27628822334498077
283,1.5714533800050443,0.3865080803374843,0.8766449088897967,0.8307698815205283
284,1.3719156761925457,0.37562152415959604,0.8862212764766688,0.2572198800565603
285,1.57450171638398,0.3698288296244371,0.8862212764766688,0.8350665351753496
286,1.374255461671397,0.37032010359202017,0.8973883386413054,0.27840154906672593
287,1.5786108071899458,0.3532228244443978,0.8973883386413054,0.8326373936058946
288,1.3773050168771845,0.3654431091023609,0.9105531613790363,0.24122979769894867
289,1.5836705393172343,0.3365336196030902,0.9105531613790363,0.8470013994481107
290,1.380416776290787,0.36015355081579475,0.9238397579722627,0.2692813675472808
291,1.5897773918284703,0.3201032402529227,0.9238397579722627,0.84322457652305
292,1.383437903460653,0.3551008319012049,0.937700976432277,0.2674925567272054
293,1.5968498743433877,0.30388407700141157,0.937700976432277,0.842800561166398
294,1.3872437992609588,0.35008803849128045,0.953133460364479,0.2707805289414035
295,1.6048468871785717,0.28790028480131735,0.953133460364479,0.8456176699697763
296,1.3918214706500387,0.3452374121600122,0.9702184293508225,0.27044906272600117
297,1.6137459930829372,0.2722485148002008,0.9702184293508225,0.8497166755919536
298,1.3972643179602762,0.34031059374675104,0.9887896960609516,0.30046701072518944
299,1.6235218084212337,0.2570455979002948,0.9887896960609516,0.8561524392093248
300,1.403721945358846,0.3347803740409658,1.008328060569261,0.3470050545560376
301,1.6341531161812761,0.24264233874480537,1.008328060569261,0.856738200235395
302,1.409798786021119,0.3297552570627139,1.028123801342676,0.281678238660984
303,1.6455835370935594,0.2290629386634336,1.028123801342676,0.8626428162991334
304,1.414683599683137,0.3249903888115869,1.0467493316802923,0.2370977907574413
305,1.6577673809250582,0.2166211041125921,1.0467493316802923,0.8644383981940182
306,1.4182940664671644,0.3209295116156818,1.0645908010524832,0.1844921804224262
307,1.6706613641786108,0.20546295255408553,1.0645908010524832,0.8669917659607773
308,1.420637109435134,0.31775096583433365,1.0818021905523454,0.13342738284712388
309,1.6842216190672736,0.19587106340462687,1.0818021905523454,0.8693730888879779
310,1.421717887240338,0.31580467692602554,1.098845448994652,0.08489390847886298
311,1.698447042827575,0.1879618011053569,1.098845448994652,0.8814489220282122
312,1.4217336240171838,0.3139574999579581,1.1145213372153355,0.12721742045565154
313,1.7132187634258307,0.1823477940731949,1.1145213372153355,0.8807491967368924
314,1.4206202796795864,0.31295696674914203,1.1295685287831028,0.1420959063735434
315,1.7285190930263226,0.17910516891183575,1.1295685287831028,0.879951118595698
316,1.4184045518223858,0.31316996660275426,1.1444520007264936,0.15909909922213786
317,1.7443483121792118,0.17830560176823373,1.1444520007264936,0.8866587365393627
318,1.4151789861728212,0.3138677455149894,1.1583150024279485,0.21267688374002863
319,1.760591117893056,0.18014983579339952,1.1583150024279485,0.8883858335386112
320,1.410956041182725,0.315299528097683,1.1713914956150615,0.2622355709851795
321,1.777207088105206,0.18453075584153394,1.1713914956150615,0.8941383197551129
322,1.4062432761123735,0.3171572332608694,1.1840149832568836,0.26632620966548554
323,1.7941544078797347,0.19126080344133323,1.1840149832568836,0.8950743599559434
324,1.4022218071923673,0.3186528906624057,1.1969756282802082,0.19878067183230114
325,1.8113805504923906,0.20009723542305627,1.1969756282802082,0.8938447738374281
326,1.399495976566925,0.31930822723567803,1.210610556031474,0.13938381538682001
327,1.8288266121248309,0.21076127730102492,1.210610556031474,0.8928402618409305
328,1.3967911396630328,0.3202308660933644,1.2243242045558735,0.17512267001186424
329,1.8464745515765735,0.22297057329881975,1.2243242045558735,0.8956491825365508
330,1.3930499169121702,0.32188845110096365,1.2369682313288624,0.23138065937458963
331,1.8642419082700254,0.2364624028619818,1.2369682313288624,0.8948533976647627
332,1.3889538036523892,0.32396824357734444,1.2491770924021712,0.21588182499240394
333,1.8820920238291787,0.2510006556340293,1.2491770924021712,0.8945609058424948
334,1.3856635498175283,0.3255572037366315,1.2616759338456895,0.15118711702388438
335,1.8999927761648083,0.26638884629382176,1.2616759338456895,0.8946555552144454
336,1.3824131047235197,0.3272397890627121,1.2739705620872803,0.1927375926298318
337,1.917921597702038,0.2824704305243478,1.2739705620872803,0.8978702533960912
338,1.3781385934560342,0.3297659507215158,1.2851564557425315,0.24752309838107434
339,1.9357803907449012,0.29907252374169685,1.2851564557425315,0.8962871451513746
340,1.3737745016429976,0.33249798896050975,1.2959443414892935,0.21245658110217247
341,1.9535437865652996,0.3160809651653179,1.2959443414892935,0.8937404384136206
342,1.3703886947777622,0.3344298897669753,1.3068434166070262,0.15227014869710467
343,1.97116886360515,0.33339181808899593,1.3068434166070262,0.8933743818725713
344,1.3670126157125149,0.33639746974254164,1.3172734839789182,0.2046292389428482
345,1.9886146726610807,0.3509176644439646,1.3172734839789182,0.8907833610183871
346,1.3633558808211443,0.3388858028039721,1.3273482372626635,0.1851017362079905
347,2.005865545544547,0.3686030063976548,1.3273482372626635,0.8900325872290612
348,1.3604071101377486,0.3406708251449005,1.3371444481118917,0.13725149989724097
349,2.0228257344116196,0.3863395001954251,1.3371444481118917,0.8889505148328595
350,1.35857069993188,0.3412445107046886,1.3467191952312147,0.11076749292488
351,2.039448587748368,0.4040614366493691,1.3467191952312147,0.8851607074036328
352,1.3579072404957664,0.34071752794285115,1.3563519258680616,0.09539968008845402
353,2.0557142637130306,0.42173162389661445,1.3563519258680616,0.8819876172174185
354,1.3572677504391348,0.34035585503528765,1.3656819847439527,0.08317889602296963
355,2.071627505227873,0.43934079379666735,1.3656819847439527,0.8811492976398906
356,1.3555221447576857,0.3410748890634704,1.3737938549318693,0.1314818057448711
357,2.0870924400491395,0.45679625493267223,1.3737938549318693,0.8782075873280821
358,1.3534214239003695,0.34227859463110444,1.3812477050010838,0.12545923387340338
359,2.1021069016434226,0.47408900119054165,1.3812477050010838,0.8746441311016483
360,1.3520648166845328,0.34282314014429904,1.3885727881200582,0.07371622181961798
361,2.116672955196822,0.4912183312333913,1.3885727881200582,0.8757826333430195
362,1.350527127352225,0.3434468555545055,1.3949794607564379,0.1193367885312394
363,2.1306847208692155,0.5080847987246172,1.3949794607564379,0.871809081745958
364,1.3486593339637505,0.3445710793553692,1.400722216614728,0.0950358781024368
365,2.1441291827192845,0.524674396518855,1.400722216614728,0.8661197529403087
366,1.346354474664397,0.3462878068067612,1.405694766537682,0.13035830852226388
367,2.1569725296298667,0.5409543087950922,1.405694766537682,0.8621427080650047
368,1.3432404595572387,0.34905998090972445,1.4097741562784463,0.17236208482432994
369,2.1691919485095528,0.5569025581313253,1.4097741562784463,0.857713086758187
370,1.3393874034992446,0.3528378391188378,1.4129938148641914,0.21611119073858306
371,2.1807693895753553,0.5725023363421412,1.4129938148641914,0.8539757680837249
372,1.334790741774672,0.3575864458470208,1.4152705115772666,0.26084701940800165
373,2.191686002819759,0.5877364034870148,1.4152705115772666,0.8501638377571449
374,1.3294933974106249,0.36326815458800177,1.4166002902995127,0.3074226508093259
375,2.201918547568029,0.6025828936794427,1.4166002902995127,0.8463140079918888
376,1.3235933323585525,0.36982955975786624,1.4170603437620604,0.34916576146752987
377,2.2114443153976606,0.6170199301381776,1.4170603437620604,0.8423343522117985
378,1.317124588593385,0.37723331995579773,1.4166335232436105,0.3896319972163581
379,2.2202418376905415,0.6310261644482937,1.4166335232436105,0.8382449231108348
380,1.310200469364693,0.385416210073805,1.4154150575980027,0.4254338557798506
381,2.228291570748502,0.6445813943222382,1.4154150575980027,0.834069421005452
382,1.3027595834558956,0.39437867831848383,1.4132656326515094,0.4646343420845124
383,2.2355759366152665,0.6576665345983903,1.4132656326515094,0.8298307495827766
384,1.2949221827133701,0.40405814772005805,1.4102965096391418,0.499707567209482
385,2.242079336572524,0.6702635707353367,1.4102965096391418,0.8255508076035895
386,1.286758486582655,0.41440872803185946,1.4065501505950428,0.5335523580715688
387,2.2477881622162843,0.6823555189618904,1.4065501505950428,0.8212504548092978
388,1.2782709770667222,0.4254161178610111,1.401988428415928,0.5675349692412825
389,2.252690805344008,0.6939263928231237,1.401988428415928,0.8169494867932914
390,1.2695538615430655,0.4370273226401467,1.396690268289976,0.5998548653050868
391,2.2567776669085227,0.7049611750918523,1.396690268289976,0.8126666123984082
392,1.2606620641593382,0.4492074413245596,1.3906879361424478,0.6306005861233343
393,2.260041165226488,0.7154457941650197,1.3906879361424478,0.8084194336801221
394,1.2516309284212495,0.46193336219629627,1.383995285970172,0.6609887810713152
395,2.2624757435990883,0.7253671042181344,1.383995285970172,0.8042244287422563
396,1.2425522654788848,0.4751543596284528,1.3766930254567358,0.6878808755091131
397,2.264077877475808,0.734712868517815,1.3766930254567358,0.8000969377600904
398,1.233477318376504,0.4888412654741489,1.3688186746416833,0.7122688722861975
399,2.264846081266824,0.743471745396747,1.3688186746416833,0.7960511524964851
400,1.2244322598334383,0.5029811815266474,1.3603887558066134,0.7385707116100252
401,2.264784687889664,0.7516402052019103,1.3603887558066134,0.7922816910163355
402,1.2155164349814571,0.5175211819462652,1.3514979344281242,0.7675957225236997
403,2.26391011433623,0.7592378324697637,1.3514979344281242,0.7894386128558906
404,1.2068173969811558,0.5324137605386773,1.3422228653931347,0.7867822398301604
405,2.262225470552893,0.7662626366595995,1.3422228653931347,0.787737192199988
406,1.1983016194548568,0.5237541088798423,1.3325324951874171,0.8073039402942149
407,2.2597135079679744,0.7726630996749992,1.3325324951874171,0.7856043730536931
408,1.1900365630224303,0.5102590997692009,1.3225047241035912,0.8343228602945482
409,2.256384529270148,0.77843596000957,1.3225047241035912,0.7823131332735728
410,1.1823408024670294,0.49706543111686424,1.3124308541330858,0.8432767535589997
411,2.252267642413618,0.7836317047593259,1.3124308541330858,0.7815717804905081
412,1.1750826732633959,0.48410827812227797,1.3022143636833994,0.8642595898602665
413,2.2473510937780032,0.7881845120100204,1.3022143636833994,0.7819686196053585
414,1.1679780887535725,0.47116500576253767,1.2916471958904765,0.8839735383708525
415,2.241650048858807,0.7920846233192883,1.2916471958904765,0.777841827532067
416,1.16151855604887,0.4587339486261311,1.281179029343929,0.9007985668016489
417,2.2351909542406956,0.7953680215615216,1.281179029343929,0.7782027241594334
418,1.155580558048402,0.44675904679311457,1.2707430425763975,0.9176661674407013
419,2.2279890619075133,0.7980267913130444,1.2707430425763975,0.7791962567579244
420,1.150224539783702,0.43536219457909153,1.2604314324230228,0.9427465215569991
421,2.2200634765147518,0.8000651099582948,1.2604314324230228,0.7761492649095416
422,1.145417033691053,0.4250088275071935,1.2496890065926949,0.85010559567948
423,2.2114343196865307,0.8014798827554556,1.2496890065926949,0.7754427545537999
424,1.1409965286463795,0.4158618778008781,1.2379497517502522,0.7548952631853931
425,2.2021174535632855,0.8023206720735213,1.2379497517502522,0.7785291533271872
426,1.1361940655830325,0.40703894383270256,1.2248216377711283,0.6942660745270927
427,2.1921422989840678,0.8025113891647095,1.2248216377711283,0.7824261317194615
428,1.1311151676410118,0.3985615077737836,1.2104893317202463,0.6427638553890526
429,2.181534401748092,0.8020817652861569,1.2104893317202463,0.7793027333374816
430,1.1260577142128403,0.39067811647255263,1.195258541273673,0.5601037722794974
431,2.1703169798446216,0.8010492933361846,1.195258541273673,0.7846057241723998
432,1.1211966327191223,0.3831553241704579,1.179964158951677,0.5861255611990923
433,2.158520681327868,0.7994103505231902,1.179964158951677,0.7815012631989499
434,1.1172728788762425,0.37652235002047474,1.1656622752247674,0.5937865706808645
435,2.146167202468448,0.797182585638045,1.1656622752247674,0.7828409863977716
436,1.1143846942797317,0.37095070086532256,1.15242382736344,0.6035124774103373
437,2.1332693482991854,0.7943875875791854,1.15242382736344,0.7861316210061374
438,1.1122242695081035,0.36616259329875617,1.1401547856387948,0.6249129157680615
439,2.1198768901789533,0.7910006209635607,1.1401547856387948,0.7900281973085368
440,1.1105274713953885,0.361920903560706,1.1288270763136494,0.6564484820565306
441,2.1060478487274903,0.7870083673857243,1.1288270763136494,0.7891912157128653
442,1.1100259029671562,0.3591035515342894,1.1188266412197987,0.6688018202415699
443,2.091764272686164,0.7824657648821054,1.1188266412197987,0.7964189652391223
444,1.1100272104340456,0.3569960459102134,1.1099657640586529,0.6960917217322824
445,2.0771281601170646,0.7773308182627361,1.1099657640586529,0.7964304431188407
446,1.110150601863498,0.35543639028730184,1.1013439689301843,0.6330988825734678
447,2.062151432227869,0.771636044835329,1.1013439689301843,0.7958060738510563
448,1.1098526755485034,0.35392311911743635,1.0921026127996338,0.5456638427626433
449,2.0468383484617436,0.7654052794738925,1.0921026127996338,0.7989902382379748
450,1.1098610566532146,0.3530036852118279,1.0834562977672708,0.5610017058977962
451,2.031229615790104,0.758640234934246,1.0834562977672708,0.8027906271051578
452,1.1107078001226072,0.353137636950505,1.0764230974036837,0.5885108319663626
453,2.015399016661154,0.7513364310191731,1.0764230974036837,0.8072232963046273
454,1.1122697809811808,0.3542308423280707,1.0710762949872334,0.610069332081284
455,1.9994218370055188,0.7434982749876818,1.0710762949872334,0.8082273439600693
456,1.1147770522573919,0.35655160119513785,1.0675030754431472,0.635176347975609
457,1.9833087105982234,0.7351468748891163,1.0675030754431472,0.8118185748699538
458,1.1181728371826338,0.3600557378140253,1.0657450174199365,0.658342486705828
459,1.9671161281401415,0.7262912064641721,1.0657450174199365,0.810312851051403
460,1.122587664322055,0.3648719212295784,1.065834841574115,0.6845863929187657
461,1.9508672391157436,0.7169435657502895,1.065834841574115,0.8130342079613834
462,1.1268431602362834,0.3697735690977419,1.0665426885464333,0.6148239332745584
463,1.9346334147140032,0.707112030554289,1.0665426885464333,0.8167152280687309
464,1.1300552845884615,0.3737938101441472,1.0669168494305725,0.5351346902901877
465,1.9184643744846106,0.696807802904216,1.0669168494305725,0.8156894833353512
466,1.1334393854999751,0.3781308240322759,1.0682466872812149,0.5532046516695188
467,1.9023527515483676,0.6860367297294556,1.0682466872812149,0.8184234733085451
468,1.137757114765583,0.38358517700498135,1.0716180170545537,0.5896271009717258
469,1.8863946593954264,0.6748094407241138,1.0716180170545537,0.8203328376808352
470,1.1420548140706466,0.38911733880934574,1.0758787372512155,0.5238892851266931
471,1.8706188090875788,0.6631328155693004,1.0758787372512155,0.8240465440478305
472,1.1451897817992884,0.39356397736109366,1.0801696093802486,0.470582600117288
473,1.8551796861513101,0.6510355308205529,1.0801696093802486,0.8228943899351508
474,1.148471773074146,0.3982001090027665,1.085514379417431,0.4981675577385003
475,1.8400103076935934,0.638509895129446,1.085514379417431,0.8257406046799556
476,1.1516170190179102,0.402764994040286,1.0918928469482212,0.44063351114748117
477,1.825256767404826,0.6255883063661448,1.0918928469482212,0.8254669651800991
478,1.153822901815556,0.4063178463704224,1.098136436635259,0.38999022160291347
479,1.8108528809034266,0.6122531911651844,1.098136436635259,0.8297827876480824
480,1.1547845592120234,0.4086672370387154,1.1045053418246833,0.34942566798980784
481,1.7970067675218697,0.5985623713062935,1.1045053418246833,0.829352525047256
482,1.1558828951661222,0.4111665328591227,1.1120688737738489,0.36139531415979054
483,1.7836864629209082,0.5845080932954025,1.1120688737738489,0.8302789614370109
484,1.1580657368843374,0.4148022511145427,1.1217548400325597,0.3748468727521678
485,1.7709580826333764,0.5701112213101945,1.1217548400325597,0.8316418166787316
486,1.1612780027592748,0.41952098905495294,1.1334936012902037,0.4017048786805291
487,1.7588815248231386,0.5553932763409305,1.1334936012902037,0.8345838089142771
488,1.1654936108964773,0.4252794602657153,1.1471749087286287,0.42321926445487756
489,1.7474962855203076,0.5403689064753239,1.1471749087286287,0.8338450086171586
490,1.1706860181362109,0.4320324438478376,1.1626890721568992,0.4546731120966616
491,1.7368570488863642,0.5250611459709202,1.1626890721568992,0.8324916048724291
492,1.1768377662763685,0.4397325547879432,1.1799002964845757,0.48305150860567264
493,1.7270047639272748,0.5094887067900049,1.1799002964845757,0.8338839808710031
494,1.183898728159712,0.4483327267552395,1.198733659508048,0.511691463806433
495,1.7179849928958009,0.4936752532976647,1.198733659508048,0.8330261932697929
496,1.1918627699580013,0.457780219064709,1.2190195401195794,0.5348403261756725
497,1.709813692848206,0.47762781775144053,1.2190195401195794,0.8347247537246041
498,1.2006448512895698,0.4680508675962927,1.2407998620486649,0.5697237769267406
499,1.7025665271736106,0.4613971182915711,1.2407998620486649,0.8339182299231981
500,1.2102686978670059,0.4790787583335755,1.2638200279623086,0.5949877570056965
501,1.6962462239594305,0.44498828001238094,1.2638200279623086,0.8342476556406588
502,1.2206947222873732,0.49081252695941224,1.2879783488425798,0.6232247500517968
503,1.690871307809735,0.42841799637252137,1.2879783488425798,0.835054029047677
504,1.2318772099000346,0.5032105032483558,1.313199737180465,0.6552523877083225
505,1.686488286732693,0.41173375655858724,1.313199737180465,0.8366988323718354
506,1.243440616840503,0.5160000216995217,1.3393668076217318,0.657390375772697
507,1.683155578894111,0.3950114983087237,1.3393668076217318,0.8358164511814049
508,1.2542131675075838,0.5279205588802461,1.3652440904487324,0.5775330680326763
509,1.6808420762464906,0.37824548465964747,1.3652440904487324,0.8371343823156843
510,1.2634634851906925,0.5383240981177886,1.3903680134631025,0.5057016843052922
511,1.6795841489112355,0.36151093476387225,1.3903680134631025,0.8364704089378756
512,1.2724925203845783,0.5483487332989762,1.4154139033240731,0.5270717229392452
513,1.6793289187198859,0.3447765389381047,1.4154139033240731,0.8423943134568675
514,1.2823456613659108,0.5587010624407864,1.441715229989815,0.5781682812857819
515,1.6801786522528224,0.32824784285767666,1.441715229989815,0.8411688943539983
516,1.2917258526144482,0.5484373204370786,1.4678534522317712,0.5081575589088562
517,1.6820752965164234,0.31192267712464405,1.4678534522317712,0.8404196380051929
518,1.2996371154076827,0.5393759182810232,1.4930726996581198,0.4422895159171743
519,1.6850085923092557,0.29587987998368437,1.4930726996581198,0.8405371943536183
520,1.3061136651377259,0.5316366566910323,1.5172329550433958,0.35943228148125167
521,1.6889538878092232,0.2801844503139213,1.5172329550433958,0.8416849578928356
522,1.3124266109202796,0.524411827032967,1.5411675548993167,0.38048372972864164
523,1.6938908241278803,0.2649220818675315,1.5411675548993167,0.854159154509371
524,1.3197138532508907,0.5162115530345075,1.5662177269410678,0.4425745351060973
525,1.6998525682151033,0.25039000282706814,1.5662177269410678,0.8448718151234175
526,1.326571859510271,0.5086546755593512,1.5907947701821816,0.37311194873306236
527,1.7067699028642658,0.2366216245302937,1.5907947701821816,0.8462581614003155
528,1.3319723650329434,0.502427022839159,1.6141862309873631,0.29334128787842356
529,1.7146076582693364,0.22373291944174958,1.6141862309873631,0.8507983021916153
530,1.3360120577907486,0.4971631941693298,1.6366066264219536,0.24150589694729932
531,1.7233649992014277,0.21206951480418312,1.6366066264219536,0.8569710681530367
532,1.340197305818719,0.49139305392829,1.659432543182527,0.30582808977634707
533,1.7330125449896474,0.20198357991498023,1.659432543182527,0.8556847859836514
534,1.3440809871710662,0.4860199480106741,1.6818512017206277,0.2442807052675372
535,1.7434926035059877,0.19360081262783616,1.6818512017206277,0.8560625309157458
536,1.3477273263046416,0.48139240015622553,1.7036662020207745,0.23848920150997263
537,1.754776572594241,0.1870352641105203,1.7036662020207745,0.8719242899452211
538,1.3525667957035397,0.4756882092181936,1.7263518111921103,0.3107602751093273
539,1.7668209427988404,0.18286496887309214,1.7263518111921103,0.8679678176243457
540,1.357059012655117,0.4704040479130953,1.7484985280553824,0.24152279392994272
541,1.7795822787391298,0.181098098776223,1.7484985280553824,0.875597509228281
542,1.3615371987792426,0.46517089722453864,1.7704104173455273,0.27282892084823607
543,1.7930107296057989,0.18185216806006965,1.7704104173455273,0.8676176728477065
544,1.366604472473279,0.46037606563388184,1.7919692555528726,0.2755670507730926
545,1.807103501086413,0.1850108077140057,1.7919692555528726,0.8783103901773824
546,1.372761673320352,0.4547578028445545,1.8140342515260877,0.32806372709755327
547,1.8217355918309968,0.19063919368533727,1.8140342515260877,0.8732742446382873
548,1.3793954910381039,0.4496457395402016,1.835679132730437,0.3456146277358553
549,1.8369522842082788,0.1983888160829092,1.835679132730437,0.8802408397844939
550,1.3869251082560827,0.4440935219191842,1.8575595282913029,0.39198330842658163
551,1.8526275270793657,0.20809823410609407,1.8575595282913029,0.8816101081129285
552,1.3952021799356635,0.4384176981792223,1.879468285176306,0.4270730331818416
553,1.868733386351453,0.21946792489438707,1.879468285176306,0.8853539512272864
554,1.4042049354432196,0.43266511704901695,1.9013897229699035,0.47093210023119986
555,1.8852205073444548,0.23223392728101658,1.9013897229699035,0.8872837821083015
556,1.4127396074482055,0.42729732330689585,1.9226728062290932,0.3967353196957
557,1.902046582876892,0.24615881901031741,1.9226728062290932,0.8860668128970012
558,1.4197354090516017,0.42284329932799475,1.9426068110059809,0.31915104364692215
559,1.9191998292061343,0.26105416027752193,1.9426068110059809,0.8892029730278038
560,1.4255370703253087,0.4186887945620432,1.9615944186459575,0.2663918845153714
561,1.9365862109772505,0.27672104790784,1.9615944186459575,0.8967165558358907
562,1.4305145800416945,0.41428132211697216,1.9800910155737943,0.24130040463582003
563,1.954153601519709,0.2929989722540474,1.9800910155737943,0.8924085244090919
564,1.4343506198285276,0.4101872026574067,1.9974968864539608,0.2168745701844685
565,1.9718534106910426,0.3097539270539449,1.9974968864539608,0.8925943911233437
566,1.4371892996548357,0.40622440844131036,2.0139546759726223,0.19547433221805252
567,1.9896472279203736,0.32688061307602206,2.0139546759726223,0.8919413171518442
568,1.4389052801443905,0.4026268248184332,2.0292388620602884,0.18454670407601126
569,2.007518322123556,0.3443095887010443,2.0292388620602884,0.8958191471221062
570,1.4408026024414216,0.3989370252399183,2.044066666977759,0.16970883315128446
571,2.025383778975893,0.3619311877093625,2.044066666977759,0.8956183366594052
572,1.4434659958705849,0.3954220696979471,2.058456685005217,0.18874530795324967
573,2.0432071322861294,0.3796826994724863,2.058456685005217,0.8954387976284423
574,1.4463338686232594,0.3921125523054797,2.0721767559198536,0.16769194873948917
575,2.0609456106993385,0.3975049453107943,2.0721767559198536,0.8916546260830139
576,1.4484325516749297,0.3891300272327049,2.0847589690351027,0.14444581731311856
577,2.0785679325231685,0.4153557069767599,2.0847589690351027,0.891553814000717
578,1.450671745057932,0.3860823047171616,2.096777569406437,0.1643613587992837
579,2.0960026120346065,0.43316183129607455,2.096777569406437,0.8900450280947726
580,1.4534700228591648,0.3834324071289384,2.1081001300749653,0.14941038614619429
581,2.1132277412163982,0.45089849852860203,2.1081001300749653,0.8917128856939074
582,1.4569642283266537,0.38098238295528497,2.11892432203125,0.1969195846592235
583,2.13019142071325,0.4685169271857387,2.11892432203125,0.8866927240010243
584,1.4603549941671337,0.37900439474063263,2.1287496973473736,0.16327248552643933
585,2.1468690823755283,0.48599588881981004,2.1287496973473736,0.8886915121540186
586,1.4634584073150787,0.37665263390010756,2.13800179816762,0.15782821250401113
587,2.1631955379448633,0.5032779938307489,2.13800179816762,0.88365091029042
588,1.465731989884717,0.37415285977937734,2.146246041337743,0.1484606356409296
589,2.179140489145831,0.5203394963468981,2.146246041337743,0.8811891420966105
590,1.4672709525437888,0.37142763214252666,2.1535383342104777,0.142395940411096
591,2.1946768000597476,0.5371607656152259,2.1535383342104777,0.8798404014392031
592,1.468909066864153,0.3687354366028862,2.1600890726939617,0.13073257264240268
593,2.2097565716908494,0.5537028494311436,2.1600890726939617,0.8775781838644833
594,1.4709842730084768,0.3666058937648077,2.1657618885765766,0.11792942171367056
595,2.2243638625013475,0.5699578520042989,2.1657618885765766,0.8763241067366201
596,1.4734886944758294,0.3650137030614255,2.1705839067852932,0.12771720294442335
597,2.2384538571305703,0.5858899968235765,2.1705839067852932,0.8704388468111874
598,1.476095480280096,0.3642541173242937,2.17426042740714,0.15632981324267697
599,2.252024628891489,0.6015056329359173,2.17426042740714,0.8683658175322794
600,1.479096357016793,0.3640202867068069,2.177120496216235,0.19959916606060119
601,2.2649906920342437,0.6167276865532955,2.177120496216235,0.8656063010917967
602,1.4825610453803402,0.3642563756008568,2.179276265490285,0.24930275382177344
603,2.277325441614924,0.6315361190478807,2.179276265490285,0.8608707452878004
604,1.4862144678384697,0.3652182452115545,2.180481823968821,0.2919751684845823
605,2.289015456969551,0.645923746570519,2.180481823968821,0.8570091925254749
606,1.4900345517731393,0.36692574871911116,2.1807588008373164,0.32521053398684097
607,2.300044562035197,0.6598803298810759,2.1807588008373164,0.8532127645401638
608,1.49407374487781,0.3693430593681101,2.180200470106506,0.3658888492408743
609,2.310395027246845,0.6733936298155029,2.180200470106506,0.8496562418832915
610,1.4982326498182406,0.3725582470112247,2.178739024860816,0.40518722619841263
611,2.3200450235354486,0.6864464474288242,2.178739024860816,0.8459492258670688
612,1.502577838503341,0.37653094326282505,2.1764737166924535,0.4490754405541658
613,2.328972187368795,0.6990200414458689,2.1764737166924535,0.8421004457978893
614,1.5069344230909618,0.3811581487310877,2.1733656059347917,0.45456140947794804
615,2.3371560367421433,0.7110965733922906,2.1733656059347917,0.8381340351253197
616,1.5113506891033541,0.3864504346987015,2.169465396317158,0.4904480941296365
617,2.344578084371029,0.7226591852031329,2.169465396317158,0.8340738575634109
618,1.5158172471319196,0.3926041877506321,2.164705796298229,0.5274778876428248
619,2.351221856893422,0.73369198426992,2.164705796298229,0.8299428397438293
620,1.520289950922588,0.3996380626163771,2.1590750028578234,0.5613048807514937
621,2.3570729086349522,0.7441800276158503,2.1590750028578234,0.8257629169321385
622,1.5247624853741235,0.40754291114096963,2.152598060133733,0.5905885807802281
623,2.362118833721879,0.7541093084688619,2.152598060133733,0.8215550052630486
624,1.5292330133971426,0.41630460868353975,2.145303697060495,0.6215340277721141
625,2.366349276916212,0.7634667449973824,2.145303697060495,0.8173389768579992
626,1.5336869615907964,0.425911884159503,2.1372079541727844,0.6536442782465172
627,2.369755943380741,0.7722401708927248,2.1372079541727844,0.8131336371428222
628,1.5380933171619477,0.43635455060360856,2.128311333413787,0.6838196552927949
629,2.3723326075458586,0.7804183275301018,2.128311333413787,0.8089567046276208
630,1.5423920311515837,0.4476170966473151,2.1185900403762843,0.708982782372581
631,2.374075121221129,0.7879908574857487,2.1185900403762843,0.8048247934536312
632,1.5466260438556558,0.45965554290963057,2.108113662438987,0.7305858839980052
633,2.374981421067104,0.7949482992267791,2.108113662438987,0.80075339901191
634,1.5507279477772142,0.4724577371492917,2.096847867155832,0.7541109666309807
635,2.375051535516436,0.8012820828241624,2.096847867155832,0.7967568869306063
636,1.5546906646943828,0.4859857212288202,2.0848166305097133,0.7769015024435452
637,2.3742875912073784,0.8069845265686101,2.0848166305097133,0.7928484857123005
638,1.5585387958842836,0.5001993467848463,2.072062547109583,0.8007510565484209
639,2.372706890282989,0.8120739565612802,2.072062547109583,0.7897899339100017
640,1.5622122530291211,0.5150666864881004,2.058557414784732,0.8196228579462839
641,2.3703103421790317,0.8165406021097342,2.058557414784732,0.7877150121056116
642,1.565771233125203,0.5305504123651738,2.0443827754982973,0.8418472686866942
643,2.367100066819357,0.8203725064711473,2.0443827754982973,0.7860123758827964
644,1.5691657585624519,0.5466180921470337,2.029518358195855,0.8635770338019712
645,2.3630850653084985,0.8235681616525358,2.029518358195855,0.7828749580138025
646,1.5720964218696807,0.5631929741313765,2.0136772400647134,0.870074438820178
647,2.3583004240043772,0.8262048692227776,2.0136772400647134,0.7869064189815356
648,1.5752162688558509,0.5803293475110286,1.9975493412711707,0.903637191139271
649,2.3527028662617946,0.8281211657024392,1.9975493412711707,0.7810894978706352
650,1.5782055366112617,0.5966624264326,1.9812487607785696,0.8038758376323907
651,2.3463406003428684,0.8294167035684935,1.9812487607785696,0.7814909764326943
652,1.5817416373768813,0.6052267452923463,1.9657241115086055,0.726712728877521
653,2.3392223130639844,0.8300618235297998,1.9657241115086055,0.7870603870839742
654,1.585406751280383,0.5938334522991227,1.9501822820509263,0.7489273284596936
655,2.331369106168605,0.8300621349984985,1.9501822820509263,0.7810762812105235
656,1.5885742979134814,0.5828696102002683,1.9337553911866137,0.7660475937337776
657,2.3228029467127933,0.8294358288178462,1.9337553911866137,0.7855497605632785
658,1.5914784109833828,0.5721660439551586,1.9166747588787476,0.7937217956477232
659,2.3135453302872158,0.8281796309551479,1.9166747588787476,0.7797076960760901
660,1.5936176572787282,0.5624417248937817,1.8985058110328175,0.7771196129466459
661,2.3036003960786764,0.8263858690584882,1.8985058110328175,0.7905620524424889
662,1.5958887912377262,0.5527656314098297,1.880204483762916,0.8075481184385048
663,2.2930196855963505,0.8238988828165985,1.880204483762916,0.7859859901291545
664,1.597645115736271,0.5438412113771613,1.8611257263901058,0.8211951701633451
665,2.2818191042378793,0.820805826286918,1.8611257263901058,0.7890999406412459
666,1.5991014722047563,0.5355161363885768,1.8414787104992068,0.8517427828912634
667,2.2700288820651875,0.8171092198657143,1.8414787104992068,0.7884234783620596
668,1.6005010513110998,0.5281266137977378,1.8219101127573882,0.7618346528715472
669,2.2576675687683805,0.8128325811667082,1.8219101127573882,0.7912807478284445
670,1.602484722556289,0.5212676218526461,1.8033185382933195,0.6811893884894027
671,2.244766188704591,0.807976255126735,1.8033185382933195,0.7954188815334092
672,1.605391901320257,0.5143712785609111,1.7860016726517751,0.6188322453776476
673,2.231371444980098,0.8025335126430375,1.7860016726517751,0.7979577161702667
674,1.6082686863443973,0.5079480812887947,1.768745181941437,0.6519837171435269
675,2.2175061104665375,0.7965252360377368,1.768745181941437,0.8012493292337789
676,1.6111464370952568,0.5019840935318094,1.7516496563985575,0.5793131014913837
677,2.203200010078228,0.7899621557658165,1.7516496563985575,0.8074891632490554
678,1.6140014857052436,0.49640722926547526,1.7346361139767101,0.6010313680732726
679,2.18848721417261,0.7828523718910296,1.7346361139767101,0.8054527387264007
680,1.6161200850114767,0.49177484125705184,1.7168421747996037,0.6170981494994063
681,2.173401937071322,0.775204661759609,1.7168421747996037,0.8102749210440038
682,1.6177138678607084,0.4879210689710947,1.6984768157421806,0.6404856466649433
683,2.157989498847838,0.7670255725830872,1.6984768157421806,0.8100130682477545
684,1.6183845795362783,0.4853500432870709,1.6792275443682052,0.6540732193726422
685,2.1422423672315527,0.7583329234914394,1.6792275443682052,0.8135998923973342
686,1.6182555430570464,0.4839780779683608,1.6592119944202297,0.6583941744534626
687,2.126179002487323,0.7491321368936612,1.6592119944202297,0.8234980440101333
688,1.618184866611836,0.48294782021036514,1.6393011074269395,0.7109601475650507
689,2.1100092020469248,0.7394151381247157,1.6393011074269395,0.822338358612132
690,1.618251144559834,0.4823159060424347,1.6199832146729947,0.638590666605898
691,2.0936828198400264,0.7292112089660789,1.6199832146729947,0.8212503546386509
692,1.6188202640841411,0.48163961701569025,1.6018497206194724,0.551721225686638
693,2.077139235542065,0.7185292730114284,1.6018497206194724,0.8265670741880193
694,1.6201879545763247,0.48048205290446455,1.5853018289218213,0.5038102768096387
695,2.060553632216716,0.7073801347079275,1.5853018289218213,0.8301683931684734
696,1.6225692950002575,0.47853804818882695,1.5705081296325119,0.44831819787398347
697,2.0439881874361343,0.6957831504236334,1.5705081296325119,0.8315916182740547
698,1.624820360576139,0.47693797275132455,1.5561228106695204,0.46369871824516534
699,2.027450769687834,0.6837512664034063,1.5561228106695204,0.8326800243038482
700,1.6262910774480333,0.4763941824707856,1.5412964447875799,0.49755151569415507
701,2.01099468000825,0.6712996921352828,1.5412964447875799,0.8332773620698334
702,1.6277604410209887,0.47602920402729076,1.527155296922961,0.42843223022624477
703,1.9946501112778063,0.6584383247157126,1.527155296922961,0.8352378837071643
704,1.6299796059625857,0.47495904565966696,1.5147027491606744,0.3821823838208628
705,1.9784686093420376,0.6451798248598848,1.5147027491606744,0.8375671229700163
706,1.6329703438853451,0.4731107597014304,1.503991805837966,0.3395439725643594
707,1.9625136756850607,0.6315407911047102,1.503991805837966,0.8388033720053849
708,1.635791628072634,0.4715294136908381,1.4938418000191056,0.3544284879777294
709,1.9468300820049866,0.617533053548897,1.4938418000191056,0.8399705333014001
710,1.6377362416764312,0.47104942124246707,1.4833624194886006,0.3661127713073269
711,1.9314807438864676,0.6031747497296923,1.4833624194886006,0.841803226862166
712,1.638890186337271,0.4716162912000536,1.4726523469813315,0.39122063170389676
713,1.9165213993749377,0.5884829412019882,1.4726523469813315,0.8429787473227986
714,1.6392173408676496,0.473267184299386,1.4617440086826283,0.40970101263299785
715,1.902005924345736,0.573474983618961,1.4617440086826283,0.842773191134817
716,1.638792991608817,0.47595312468664214,1.4507252522970107,0.4402686151615709
717,1.8879917078874688,0.5581711393515072,1.4507252522970107,0.8415514485415393
718,1.6373945150905282,0.4798208035266378,1.439486916589023,0.46219528446465985
719,1.8744585950661221,0.5425526702628447,1.439486916589023,0.843001586246182
720,1.6352240881361435,0.48471700390672734,1.4282399509810795,0.493833995532653
721,1.8615328089895384,0.5266749468564874,1.4282399509810795,0.8437514127659834
722,1.6323309351280326,0.49059843890853805,1.4170329266433863,0.514891593581009
723,1.849242590203963,0.510547498330627,1.4170329266433863,0.8512311049386061
724,1.6291247490714063,0.4972481937090884,1.406084900309438,0.5535837179688334
725,1.837717709095444,0.4942444116862766,1.406084900309438,0.8481564441136779
726,1.6251943488729983,0.5048849892296888,1.3952383089520994,0.5884141995347659
727,1.8269396737770556,0.47775559765219167,1.3952383089520994,0.8492993254378144
728,1.6215974028398856,0.5122382386752706,1.3857892054989949,0.515604894050166
729,1.81695138365863,0.4611087872195681,1.3857892054989949,0.8453649262593106
730,1.6189986544116943,0.5045232650686514,1.3787097559004826,0.4418796115953196
731,1.8077926835006344,0.44433373053360786,1.3787097559004826,0.8450826234339285
732,1.6173178240977653,0.4964754931115094,1.3739453508168218,0.37818483977248113
733,1.7994771280583715,0.4274430853518169,1.3739453508168218,0.8471097182640578
734,1.61675397070801,0.4893651306217914,1.3715418790356615,0.32763358038528745
735,1.7921091505366356,0.4105325418886418,1.3715418790356615,0.8447283704371014
736,1.6158422720327688,0.4828200879567225,1.3700719067763234,0.33596567652885506
737,1.7855941221588298,0.39352887543048726,1.3700719067763234,0.8490055276326748
738,1.6144266697247327,0.4753654190190164,1.3686804304390718,0.39520512159286636
739,1.7801208036725698,0.37663059190865145,1.3686804304390718,0.8455575763439734
740,1.612838898905443,0.468555021137625,1.3684152100068083,0.3184389167913714
741,1.775578232863092,0.35975607619936845,1.3684152100068083,0.8534620193384308
742,1.6114926881515412,0.46144084576432765,1.369094017226573,0.37749616712197576
743,1.7720877218413624,0.3430768746379374,1.369094017226573,0.8488850804405943
744,1.6102417554521906,0.45478660693587264,1.3710025396649115,0.30627938858063025
745,1.769624886495009,0.3266240878226421,1.3710025396649115,0.8520627952753342
746,1.6090374544883275,0.44821186448406686,1.3738592104507505,0.33910086281097257
747,1.7682010172844458,0.31048333236984876,1.3738592104507505,0.8490674824051653
748,1.6069276128146213,0.44126914312462473,1.3766310544038483,0.3697381522767788
749,1.767824270098745,0.2947571974387935,1.3766310544038483,0.852170106773065
750,1.6040479141234665,0.4338486193491783,1.3793151994121717,0.40374926745717404
751,1.7684892381313946,0.2795505504791263,1.3793151994121717,0.8494937743261683
752,1.6003124840183616,0.4261568879531302,1.3819287429962936,0.43694335887459884
753,1.7701939758959082,0.2649989705538342,1.3819287429962936,0.8507417793249048
754,1.5958530090043097,0.4180944253744701,1.384459985290788,0.47134245892874405
755,1.7729338398743193,0.2512648341836507,1.384459985290788,0.8550257639135372
756,1.5907109233028396,0.4096913712324968,1.3869012359744937,0.5064196212062986
757,1.7766961581765461,0.23852802771690074,1.3869012359744937,0.8503796672712378
758,1.5846999441803906,0.4013207839002884,1.3892973766318315,0.541842675458818
759,1.7814482487517662,0.22694474774643866,1.3892973766318315,0.8516232062403528
760,1.5784701511920312,0.393348938558594,1.3923528176673796,0.5039771483952903
761,1.7871698830156824,0.2167172643947863,1.3923528176673796,0.8551545368774535
762,1.5721576561982753,0.3853426062709408,1.3958110299939475,0.5396763997627948
763,1.793876264873886,0.20820152970546582,1.3958110299939475,0.8564629507902327
764,1.5652046375723676,0.37721239741714807,1.3990994214851826,0.5753336276631916
765,1.8015318093618282,0.20162170312424693,1.3990994214851826,0.8599291243264184
766,1.5576805339926552,0.3689471804051176,1.4021797927129538,0.6087982763001233
767,1.8101007510951115,0.19718134223359884,1.4021797927129538,0.8615348390405199
768,1.5495005993539541,0.360818810793073,1.405091159627782,0.6390425569294468
769,1.8195443997674763,0.19501712541573982,1.405091159627782,0.8627658851054271
770,1.5407018498486087,0.3528950946451059,1.407803083228477,0.6715322013189758
771,1.8298293849353646,0.19523614080325283,1.407803083228477,0.8678134511117029
772,1.5324217886141072,0.3455635499282723,1.4114993662285389,0.5946640334103382
773,1.8409164639255968,0.19782655279177874,1.4114993662285389,0.8628599370081771
774,1.5252642445228184,0.339527085333983,1.4172605982390538,0.5043768573463056
775,1.8527721322927544,0.20268218395634952,1.4172605982390538,0.8682618279036369
776,1.5184852506120834,0.3335993832131692,1.4234607926611609,0.5434012196024172
777,1.865342184268553,0.20969973853573307,1.4234607926611609,0.8695282546739768
778,1.511020212346586,0.32792714653793387,1.4292125821833108,0.5769258011893733
779,1.8785845102080445,0.21862731551578618,1.4292125821833108,0.8720614214913853
780,1.502890446010168,0.32261288405822214,1.4345103683031493,0.6074130096560554
781,1.8924557338600303,0.22922741916913028,1.4345103683031493,0.8696131912312803
782,1.4939338161971423,0.31818497092082537,1.439523520426735,0.6331425426098908
783,1.9069212878833381,0.2412689956501362,1.439523520426735,0.8761629210790761
784,1.4845199855098865,0.31396233306929655,1.4438833301940155,0.6680277579445337
785,1.9219081791379367,0.25452116004288033,1.4438833301940155,0.8753329866919012
786,1.4744816549599118,0.3104829284493219,1.4477547433752675,0.7013568066170246
787,1.9373768887706773,0.2687788381835096,1.4477547433752675,0.876679503721224
788,1.4649844887374417,0.30767572088176043,1.452256405898281,0.6158891611487315
789,1.9532765607400036,0.2838604119730092,1.452256405898281,0.8752002933976549
790,1.4567906307149618,0.30564521462101374,1.4584566984839793,0.5300761665356484
791,1.9695878711177675,0.29963647115516656,1.4584566984839793,0.8786550492757328
792,1.4489710219194474,0.3037946573068536,1.4647087901968783,0.5759952312475785
793,1.9862083331758416,0.31592793193344043,1.4647087901968783,0.8789251158719075
794,1.4415830206838303,0.3023357290796273,1.4713032473416976,0.5004572281629648
795,2.0031045572692987,0.3326326872254209,1.4713032473416976,0.8799501166030315
796,1.4355509200081764,0.30088872478229217,1.479087997602521,0.42682458545289553
797,2.020226428160674,0.34965166817042254,1.479087997602521,0.8780718516416556
798,1.4296182726948399,0.2999690820076136,1.4870382620230227,0.4599897003453619
799,2.0375482981595874,0.36692364630239926,1.4870382620230227,0.8805245612554573
800,1.4229324544511277,0.2996721765881377,1.494014670201523,0.5020284721420233
801,2.0549995611240393,0.38435439220774087,1.494014670201523,0.8784871465456753
802,1.4161419237106456,0.30014300082719736,1.501100083647408,0.4506454366638282
803,2.0726007058687776,0.401948603808433,1.501100083647408,0.8799173398212161
804,1.4104004793254106,0.3004773146206896,1.5089100605877004,0.38186368461584297
805,2.090232223797788,0.41957867207811234,1.5089100605877004,0.880898643050075
806,1.4048858764304812,0.3007795929669723,1.5163254359104903,0.4266320373161211
807,2.1078189259924405,0.4371663391594584,1.5163254359104903,0.8785493817281347
808,1.3984769539927735,0.30214712518558917,1.522911640733639,0.4523585203505395
809,2.125364785191458,0.45471697246130827,1.522911640733639,0.8795482359872645
810,1.3912724777085828,0.3043167671881555,1.5283667592761383,0.495406365014536
811,2.1427907956712633,0.4721566501890355,1.5283667592761383,0.8775610355006558
812,1.3840782764862771,0.3069081715462248,1.5335430207825669,0.4528037936922602
813,2.1600821360091125,0.48947810124361124,1.5335430207825669,0.8759198686146092
814,1.377947526839133,0.3092043865289051,1.5394444062675763,0.37742169190816843
815,2.1772384001898764,0.5066901955970408,1.5394444062675763,0.8778228297734416
816,1.3719940265827293,0.3115305383681921,1.544856010863863,0.41912769928433985
817,2.194135894432835,0.5236809092723865,1.544856010863863,0.8742335037333944
818,1.3651518389485269,0.31503617436177855,1.5494706534725322,0.44815016919602324
819,2.210795983365573,0.5404833065309346,1.5494706534725322,0.8730488951010427
820,1.3574797176287678,0.3196195119512817,1.5531927851124254,0.4661346046613121
821,2.2271651012842275,0.5570568253529478,1.5531927851124254,0.8735904892373746
822,1.3490115304583412,0.3250508890108596,1.5555757440158153,0.50278302530553
823,2.2431287542333784,0.5733010994054086,1.5555757440158153,0.870090062550879
824,1.3397598421043544,0.33148906659015576,1.556924093231993,0.5421327411548864
825,2.258711426741155,0.5892534258276858,1.556924093231993,0.8688277855329584
826,1.3303957188004152,0.3383338195938533,1.5576985614953691,0.5159241973229235
827,2.2738792369654237,0.6048932927560853,1.5576985614953691,0.8669317115581956
828,1.3220523839159208,0.34448032637991904,1.5585802707038525,0.44157004300881997
829,2.2885844529955657,0.6201862336009134,1.5585802707038525,0.8633197330562268
830,1.3139596454326712,0.3507021654890115,1.5592830320424063,0.4667606169984826
831,2.302823976638122,0.635141829634731,1.5592830320424063,0.8624974060387782
832,1.3050491172619194,0.35784099669950276,1.5586872342290161,0.5134741934081548
833,2.316508472758107,0.6496832184237763,1.5586872342290161,0.8588364140551675
834,1.2966299648094823,0.3647093550485259,1.5578296155853144,0.4329164766447979
835,2.3296316372822243,0.663815538967786,1.5578296155853144,0.8566937315187733
836,1.2884295611231988,0.3715216527755133,1.5564551555587964,0.4636371779564538
837,2.3421631866958172,0.6775193459838056,1.5564551555587964,0.8531220356172864
838,1.2794569011612555,0.37928600592096784,1.5540656014026082,0.4933304287161746
839,2.3540724528576074,0.6907739531868767,1.5540656014026082,0.849699708987339
840,1.2697349375666422,0.38795487631971637,1.5506248764965889,0.5260122772845596
841,2.365336833099675,0.7035659890913873,1.5506248764965889,0.8464570803818006
842,1.2593161313004753,0.39748326631021386,1.5462174293207045,0.5511060185819844
843,2.3759354798216594,0.7158830860473753,1.5462174293207045,0.8431407032429993
844,1.2482141278642134,0.40782627086758305,1.5407814956897632,0.5774446888707304
845,2.3858449076326607,0.727709286040124,1.5407814956897632,0.839834040054344
846,1.2364583723406377,0.4189430410875216,1.5343251471735522,0.6061644154094928
847,2.395042410708049,0.7390284296196392,1.5343251471735522,0.8363897385479148
848,1.224098187574921,0.4307839442640922,1.5269133512344526,0.6322991593979087
849,2.403506269680049,0.7498242836341208,1.5269133512344526,0.832824403346804
850,1.211145390205651,0.4433155481155251,1.518505572148885,0.667052048332239
851,2.411216748205309,0.7600815318694054,1.518505572148885,0.8291604727713485
852,1.1988264985473598,0.4552566078021499,1.5096870554513955,0.5811588995491234
853,2.4181561487142167,0.7697858034100137,1.5096870554513955,0.8254197480708724
854,1.1868688728164405,0.46687490127420145,1.5002885645398236,0.6103703401240574
855,2.4243088286910894,0.7789236641081465,1.5002885645398236,0.8216231046055421
856,1.1743721217922953,0.47912970208482497,1.4900237275407562,0.6346348547032747
857,2.429661213722697,0.7874826081704966,1.4900237275407562,0.8177904565343758
858,1.1613546750480803,0.4919889641601598,1.4788771334033077,0.6586917856872752
859,2.4342018090004984,0.7954510511292111,1.4788771334033077,0.8139407336784447
860,1.1478390760221078,0.5054221119230233,1.4668519665246824,0.6865615072061259
861,2.437921209554443,0.8028183240629302,1.4668519665246824,0.8100918609710925
862,1.1338876633743953,0.5193714292910204,1.454032030082472,0.7074822835751198
863,2.4408121094091086,0.8095746689095659,1.454032030082472,0.8062607403526482
864,1.1195220377779267,0.5338112457891112,1.440423161876022,0.7316248555170755
865,2.4428693098199283,0.8157112347394964,1.440423161876022,0.8024632353531295
866,1.1048171214026286,0.5486769908581477,1.4261284995597372,0.7507619787910416
867,2.4440897267179245,0.821220074883783,1.4261284995597372,0.7987141586184281
868,1.0897765415756686,0.5376495271089793,1.4111289156010443,0.771235004571027
869,2.444472397463222,0.8260941448353116,1.4111289156010443,0.795027262626695
870,1.0744473744716476,0.5237346498510096,1.3954853477270797,0.794515598134007
871,2.444018486980176,0.8303273008618972,1.3954853477270797,0.7914152338262075
872,1.0589100792244024,0.5093370160563946,1.3793086926857754,0.8145619724143651
873,2.4427312933198224,0.8339142992899041,1.3793086926857754,0.7878896904043629
874,1.0431522181083113,0.49447559110313827,1.3625719536901246,0.8350851071438331
875,2.440622359353169,0.8368617873242923,1.3625719536901246,0.7848418107262789
876,1.0272684052612004,0.4791715039724794,1.3454027794322774,0.8455456147714686
877,2.4377067889562047,0.839184723058038,1.3454027794322774,0.783931917117258
878,1.011234875224167,0.4634363115121656,1.3277719247985127,0.8677687287180449
879,2.433979409903261,0.8408588128116133,1.3277719247985127,0.7810966923657499
880,0.9952907870437557,0.44731265638064244,1.3099782058337404,0.87502168469463
881,2.4294646454683453,0.8419198014132412,1.3099782058337404,0.7804651232174876
882,0.9794311745346966,0.4308206275325479,1.29201246070989,0.8891087545113631
883,2.4241575375570554,0.8423368082824181,1.29201246070989,0.7807746112874631
884,0.9634455138224105,0.41392580840369736,1.2736565194284577,0.9128064022336271
885,2.4180655089181404,0.8420910045366532,1.2736565194284577,0.7790385694304321
886,0.9478070542600594,0.39673035117505684,1.2554480612247496,0.9123648370204872
887,2.4112157325307826,0.8412297792432216,1.2554480612247496,0.7842634295247753
888,0.931977774681986,0.37910779232277103,1.236881462105835,0.9328267066517462
889,2.4036117879266468,0.8396855450949449,1.236881462105835,0.7782004710075524
890,0.9167158598406162,0.3612483175929683,1.2187497230137527,0.9402831543403689
891,2.39528479603747,0.8375277433299573,1.2187497230137527,0.7858552657079738
892,0.9013593485446842,0.3429688042174969,1.2004516576395927,0.9699504305938171
893,2.3862538344936506,0.8347232771920744,1.2004516576395927,0.7849837563027512
894,0.8867740802455527,0.3254115107261738,1.1821730312203973,0.8884161177361318
895,2.376543668349265,0.8312975464787359,1.1821730312203973,0.7816426259133192
896,0.8727796568793854,0.3083369793866613,1.1639423222042475,0.9067437996749812
897,2.36617699216457,0.8272621602072798,1.1639423222042475,0.7865292610901135
898,0.859149078466039,0.29092587015398436,1.1461841801328534,0.9137488576178308
899,2.355178122449513,0.8226235279926694,1.1461841801328534,0.7863197080526297
900,0.845973609236507,0.2732013092696794,1.1290469382255235,0.9378785505497924
901,2.343575875511684,0.8173851620981162,1.1290469382255235,0.7891723827819193
902,0.8334113997215135,0.2560370886109211,1.1121313158469992,0.8744640634709347
903,2.331399851369219,0.8115557057970159,1.1121313158469992,0.7933403240791903
904,0.8215933441864288,0.2404596605759089,1.0949253699976185,0.7912060428098294
905,2.318677641713476,0.8051472086235805,1.0949253699976185,0.7950922246601262
906,0.8103254229595691,0.22549246038882373,1.0780323568159509,0.81972978753719
907,2.3054437277390107,0.7981671476980478,1.0780323568159509,0.7939528577468863
908,0.7996988642809758,0.21101985517710656,1.0617005316579198,0.7627085060574438
909,2.2917247161970105,0.790628882872138,1.0617005316579198,0.796015098670407
910,0.7898983595532435,0.19813986255501514,1.045428553291806,0.683809404243173
911,2.277548712796772,0.7825430935892825,1.045428553291806,0.7988258817224326
912,0.7808627949764748,0.1871519229910886,1.0289415060368003,0.6039599198585893
913,2.2628993265230637,0.7739275964448334,1.0289415060368003,0.8105783847077889
914,0.7713819247090288,0.1776859863386675,1.0117504805483497,0.5925145624542557
915,2.2479346296916844,0.7647676979921818,1.0117504805483497,0.8044660377948216
916,0.762666428860282,0.1701349596022508,0.9945421884242345,0.5183889001083002
917,2.2325591952558823,0.7550955785976061,0.9945421884242345,0.8138532764972668
918,0.753659728477872,0.16419427813418444,0.9769621879250482,0.4889895646623405
919,2.216943060949511,0.744913187916248,0.9769621879250482,0.8135634417812617
920,0.7450588876177066,0.15878617592387856,0.960295274801681,0.49312347357706304
921,2.201054224478426,0.7342397643792908,0.960295274801681,0.8147799189556097
922,0.7374525425931207,0.1529762200453154,0.9455439531293904,0.48224729360253676
923,2.1848453873216043,0.7230766957876767,0.9455439531293904,0.822620042625912
924,0.7299961650529346,0.1465791379716558,0.932570765592732,0.5071352702397027
925,2.1685273920998465,0.7114512310752765,0.932570765592732,0.8256392177394117
926,0.7231400377288439,0.13971187563884613,0.921592328041671,0.5197810721676024
927,2.1520673903792287,0.6993719580643049,0.921592328041671,0.8257999499020839
928,0.7170983008134305,0.13241702978680614,0.9127596831280338,0.5429174455916721
929,2.135492813800755,0.6868487863214462,0.9127596831280338,0.8308681077121055
930,0.7112590700122728,0.12571019744979894,0.9051189321805948,0.5039311444813053
931,2.118882859771283,0.673903124971131,0.9051189321805948,0.8330231225759281
932,0.7054131818797719,0.1206840197206693,0.8978232557741499,0.45778309574704956
933,2.1022808340720767,0.6605503857699943,0.8978232557741499,0.8345632840860036
934,0.699478626282903,0.11749088075606269,0.8907600660667271,0.41847453236927074
935,2.085740506462371,0.6468089786275361,0.8907600660667271,0.8350033930066236
936,0.6936344869176931,0.11601450144614275,0.8840203381195942,0.3620320297812238
937,2.0692802553637955,0.6326849126676677,0.8840203381195942,0.8376988062496151
938,0.687639057712303,0.11615431327578311,0.877598111133608,0.32958195530483464
939,2.0529842391556166,0.6182068725188995,0.877598111133608,0.839620332665418
940,0.6817857689391528,0.11660862342312475,0.8727246215909396,0.3356101092290926
941,2.03692977222294,0.6034053260526915,0.8727246215909396,0.8396761396294209
942,0.6767496749129388,0.11631022095341934,0.8704460470809257,0.3289990368420495
943,2.021129660562032,0.5882842092473832,0.8704460470809257,0.8409255088905471
944,0.6724324449151252,0.11532380066696617,0.8707083618731329,0.3603096541490032
945,2.005617300418214,0.5728530762528734,0.8707083618731329,0.8424250990958773
946,0.668878872677577,0.11369269508871613,0.8734952391570721,0.3633195911423327
947,1.9904513162187534,0.557133360910285,0.8734952391570721,0.844070950317953
948,0.6660460221092188,0.11150600104936624,0.8787779521439198,0.3924424495695627
949,1.975724515015186,0.5411679917501926,0.8787779521439198,0.8455930678150213
950,0.6638821410258813,0.10888589498827496,0.8864876211105172,0.4217904053924805
951,1.9614783798109177,0.5249758180174344,0.8864876211105172,0.8471942413007504
952,0.661836485115368,0.10692230799793982,0.8953967135043558,0.3712479743724473
953,1.947757844622765,0.508578428980762,0.8953967135043558,0.8449878991564408
954,0.6596063173115396,0.10626812620984462,0.9043909712204825,0.31019352236290565
955,1.9345481388641523,0.49195833691390933,0.9043909712204825,0.8472584971077409
956,0.6566428170868516,0.10710343324169444,0.9134597222127748,0.29394614832639315
957,1.9220281444352854,0.47523011224280254,0.9134597222127748,0.8458027308568691
958,0.6534091204155664,0.10893722058463091,0.9224965174110583,0.24074106322069008
959,1.910106608943774,0.4583277195328675,0.9224965174110583,0.8484789788098007
960,0.6493277151506929,0.11201874015465982,0.9316273530375622,0.250272733461481
961,1.8989790767955468,0.4413962339109675,0.9316273530375622,0.846659181497057
962,0.6449780216620159,0.11579622858729136,0.9406783094866248,0.24863517385220607
963,1.8885236490301553,0.42434423491613293,0.9406783094866248,0.8486365871323003
964,0.6400833948344686,0.12038184110339466,0.949698800372573,0.26130518357791527
965,1.8788546677512215,0.4072674116735395,0.949698800372573,0.85182376678925
966,0.6342310714237309,0.12603912112536556,0.9588626753823406,0.2978660792350999
967,1.8701188430953972,0.3903126567233122,0.9588626753823406,0.851563422879058
968,0.6286113341717953,0.13145996018258896,0.9692211054417184,0.2529659817104835
969,1.8622683462539122,0.37346670883543265,0.9692211054417184,0.851615102459638
970,0.6239955386367105,0.1357765994181618,0.9815854740486916,0.21453870475722966
971,1.8553449044555392,0.3568044213013352,0.9815854740486916,0.8499225084157587
972,0.620740002865993,0.13873258155807286,0.9955957548619802,0.16911018221956822
973,1.849292581443619,0.34030668634149436,0.9955957548619802,0.8538885495809305
974,0.6180593958430632,0.14101414476537705,1.0115197704242231,0.200556809436164
975,1.844288353890701,0.32422531322339737,1.0115197704242231,0.8522832124021366
976,0.6155306107050932,0.14325786386781875,1.0277964128498254,0.17456220772913278
977,1.8402587748332175,0.30855623565150686,1.0277964128498254,0.852668906523497
978,0.6123873230398372,0.14625561826442296,1.0434619383654147,0.18526932828246148
979,1.83719616141184,0.29337651564757605,1.0434619383654147,0.8609628771650008
980,0.6081801812911585,0.1503662164451643,1.0588252376242229,0.22474827689155394
981,1.8351944359495445,0.2789265870990668,1.0588252376242229,0.8555285261661739
982,0.6042750708109147,0.15419156090964417,1.0746675345996708,0.1782628934008174
983,1.8342360998607028,0.2653307866403903,1.0746675345996708,0.8584265298376259
984,0.6013617738477662,0.1570033154255113,1.0918631686295266,0.15217926858261355
985,1.8343098440362278,0.2527425275556566,1.0918631686295266,0.8552188690739649
986,0.599622512595152,0.1586580651956837,1.1101292195028016,0.13456792232456632
987,1.8353942777390508,0.24131789009138807,1.1101292195028016,0.8617761122611619
988,0.5987343863585323,0.15949553377758768,1.1295934232922489,0.15560913779271043
989,1.837516015758811,0.23132017028926463,1.1295934232922489,0.8581330563896895
990,0.5988719417256573,0.15938759083203538,1.1500016897944783,0.18671302771866843
991,1.8406472333842319,0.2229323792024423,1.1500016897944783,0.860862526073367
992,0.599394300305681,0.15899708921965028,1.1707675803649022,0.1845174291534185
993,1.8447866581802637,0.2163900323718633,1.1707675803649022,0.860321059126842
994,0.5994605097950965,0.15911520373134377,1.1908330526125146,0.1298516566758993
995,1.8499092639397037,0.21186484738154013,1.1908330526125146,0.8627470193678649
996,0.5986005716542907,0.16015252810341085,1.209846867247577,0.10529546667851879
997,1.8560146512333517,0.20954905015917796,1.209846867247577,0.8711463370508604
998,0.5977402028295298,0.16124807452851272,1.2289536835281538,0.1274038485030764
999,1.8630900120898717,0.209557098682594,1.2289536835281538,0.8630784101984592
1000,0.5981583221220678,0.16112125592151824,1.2485501000284147,0.1343610654845305
1001,1.8710708219526324,0.21180232216588124,1.2485501000284147,0.8707105367835499
1002,0.599325787878844,0.16043109884007775,1.2690053116791038,0.19775284785818528
1003,1.8799663845835053,0.21631855758758622,1.2690053116791038,0.866056446739298
1004,0.6005151311912449,0.15972297023892304,1.2889109484705144,0.13079851368416417
1005,1.8897151907520144,0.22289168986017252,1.2889109484705144,0.8676551922873513
1006,0.6008375175946767,0.15972888192976212,1.3074846650725045,0.06851307564241159
1007,1.9002889089878983,0.23134236633162727,1.3074846650725045,0.8754111314039048
1008,0.5998132695859776,0.16110041050900767,1.3252427433697846,0.1082115959079133
1009,1.9116623349265183,0.24151877931610044,1.3252427433697846,0.8763063450240469
1010,0.597772045165214,0.16338473039621548,1.3418885573604278,0.13401909521239475
1011,1.923781589892247,0.2531575834143051,1.3418885573604278,0.8762749534311617
1012,0.5959419150926965,0.1654565753930325,1.3582699710068966,0.09984696547649914
1013,1.9366055379205742,0.266047956108902,1.3582699710068966,0.878675609178993
1014,0.5952339382463866,0.1665263876888916,1.375119442700306,0.10257013453290785
1015,1.9500908781255542,0.2799957648152753,1.375119442700306,0.881507872869803
1016,0.5945343698036822,0.16759336790509513,1.3915864925364223,0.08356896894260747
1017,1.9641941532531955,0.29482789250968416,1.3915864925364223,0.8828364244188249
1018,0.5940575080621394,0.16846242491342817,1.4077700898346068,0.08550287353608743
1019,1.9788655165837985,0.3103849922226199,1.4077700898346068,0.8860118609070474
1020,0.5946849579443022,0.1683529832549703,1.4242667270820453,0.11329611167352252
1021,1.9940586264972615,0.3265336001874288,1.4242667270820453,0.8840168714189135
1022,0.5963967258091867,0.1672831089292573,1.4409766313551937,0.15105530026839337
1023,2.0097203430893127,0.3431504368323728,1.4409766313551937,0.8889091258201949
1024,0.5991206242487348,0.16537881163992477,1.4579676648026192,0.19780295886190977
1025,2.0258021074800414,0.3601350892610125,1.4579676648026192,0.8841536966371307
1026,0.6029062226761016,0.16251010608238098,1.4749622071441182,0.23957225348006495
1027,2.042264617729717,0.3774127606797833,1.4749622071441182,0.8886662644443195
1028,0.6075982561799684,0.159017099953993,1.4922946411621723,0.28884772279962506
1029,2.0590427737197987,0.39488724707388734,1.4922946411621723,0.8849954934909765
1030,0.6132404787546235,0.1546819652263381,1.5094702743245842,0.3246257813049419
1031,2.076102142897008,0.4125105721025752,1.5094702743245842,0.8854462091978003
1032,0.6197638838541046,0.1496278256436779,1.526593785986073,0.3648562879099159
1033,2.093423458461732,0.4302589995393093,1.526593785986073,0.8873793262002987
1034,0.6271107564963854,0.14418334369186075,1.5439855489703405,0.4096839022670389
1035,2.1108873636691325,0.4479957146465868,1.5439855489703405,0.8900733990828248
1036,0.6351062514062296,0.13847352289206732,1.5613675756166554,0.43550795428612543
1037,2.1284741658215354,0.4657092607077138,1.5613675756166554,0.8856862864264328
1038,0.6425320419695366,0.13344691438457412,1.5778248974663809,0.3601223544945782
1039,2.1461412659021657,0.48336380459930983,1.5778248974663809,0.8868113913411465
1040,0.6485484519560671,0.1297651391018321,1.592871713242621,0.28915632169561634
1041,2.163844329505488,0.5009242514324388,1.592871713242621,0.8866443252570863
1042,0.6544580221614348,0.1263688105953008,1.6072911065237305,0.33923211545556636
1043,2.181535488087172,0.5183538736509875,1.6072911065237305,0.8832595218022323
1044,0.6600123269341331,0.12321099837505742,1.620679843483817,0.26086765924310623
1045,2.19922648522,0.535682131276311,1.620679843483817,0.8853383587063127
1046,0.6642289413342286,0.12144044679813414,1.6328818140884072,0.20379207996063492
1047,2.2167641889655063,0.5527614477381116,1.6328818140884072,0.8838351568704317
1048,0.6684076965975009,0.11982103094031125,1.6444130528376573,0.25646370746673036
1049,2.234159332305764,0.5696233358616689,1.6444130528376573,0.8825734960298977
1050,0.6725954763475886,0.11827673228600326,1.655231071971087,0.2136809892617457
1051,2.2513554441410824,0.5862272818548943,1.655231071971087,0.8789514539974898
1052,0.6756858484210898,0.11740628960270948,1.664549610125883,0.14946643720737532
1053,2.268366057621763,0.6026060504616154,1.664549610125883,0.8783816690929063
1054,0.6775206170999027,0.1175363308906522,1.6724900360770243,0.116257601495336
1055,2.2850909073372017,0.6186741270745547,1.6724900360770243,0.8780894329874763
1056,0.6782241275871215,0.11879141302183278,1.6793234372898442,0.12671880604672403
1057,2.3014653774260982,0.6343842721386034,1.6793234372898442,0.8744434664708606
1058,0.6777783678058804,0.12086546388829601,1.6847414280267181,0.1353174299940994
1059,2.317478783822558,0.6497442039479552,1.6847414280267181,0.8714933640422788
1060,0.6761641426904681,0.12358971714123769,1.6885905514097304,0.15201759145527827
1061,2.3331510140056615,0.6647913421463801,1.6885905514097304,0.8705290731990851
1062,0.6747275220662757,0.12617995303199622,1.6917415876603286,0.10949144483339164
1063,2.34837358256244,0.6794329455026366,1.6917415876603286,0.8693840360192099
1064,0.6744966986152875,0.12790140454545326,1.6947884436150484,0.09785617965872485
1065,2.3630981189138573,0.6936370319381133,1.6947884436150484,0.8650267310975062
1066,0.6752383035094417,0.12849370967862275,1.6972586394190525,0.07447560473224539
1067,2.377342979571893,0.7074376067062744,1.6972586394190525,0.8632311525014786
1068,0.6770532053939251,0.128229615801796,1.699517300855537,0.12007805637160114
1069,2.391041600269093,0.7207828562550544,1.699517300855537,0.859784949024595
1070,0.6797342895180296,0.12694998978829264,1.7012106172782948,0.15524512594583195
1071,2.4042056314144924,0.7336983332575884,1.7012106172782948,0.8579401008977638
1072,0.6834089341251123,0.12491737384944648,1.7026939822763834,0.20627971248290908
1073,2.4167503127288437,0.746112564669617,1.7026939822763834,0.8547694591359072
1074,0.6879298059513927,0.12206616022402059,1.7037503841222386,0.24631572887210584
1075,2.428671173956936,0.7580332624231861,1.7037503841222386,0.8510188196034064
1076,0.6932461846351198,0.11845515284413641,1.7043684223185018,0.29397774628889534
1077,2.4399416157834573,0.7694451209374047,1.7043684223185018,0.8474876447809206
1078,0.6993190508477588,0.11416160596225494,1.704557725646713,0.3327488829203541
1079,2.4505388958732586,0.7803357360783904,1.704557725646713,0.8440613352864842
1080,0.7061250280059931,0.10928711344181286,1.7043512094281201,0.3789856803613778
1081,2.4604423974385417,0.7906938903992223,1.7043512094281201,0.8406513273002703
1082,0.7130925997366712,0.10439051171913624,1.7035277499877395,0.360201177995078
1083,2.469629375574094,0.8005052302306678,1.7035277499877395,0.8371073718884323
1084,0.7203341443062135,0.09946205102901302,1.7021713472821451,0.4055157213843477
1085,2.4780780746055164,0.8097553367695096,1.7021713472821451,0.8334460913605932
1086,0.7280981149290022,0.0942744032417252,1.700330120126957,0.42784450108168476
1087,2.4857687419905363,0.8184307156788575,1.700330120126957,0.8296900463372368
1088,0.7363806356936965,0.08896574637410082,1.6980271859238674,0.47167738905789747
1089,2.4926836861919863,0.8265188309634647,1.6980271859238674,0.8258611503413182
1090,0.7445447132152911,0.08429923294516721,1.6951142523832865,0.4269076577341626
1091,2.4988072943193056,0.8340081016314643,1.6951142523832865,0.8219803761337993
1092,0.7517450116196452,0.08103399913260197,1.6913481931484777,0.35263507033538966
1093,2.5041260463469426,0.8408878978145001,1.6913481931484777,0.818067720040015
1094,0.7587764113654161,0.07843944410309661,1.6869563060037258,0.39310522768811884
1095,2.5086285276192686,0.847148537710473,1.6869563060037258,0.8141421786561758
1096,0.7663529811359743,0.07591689955195559,1.6820710134381869,0.42930069170249247
1097,2.5123054399224087,0.8527812853220177,1.6820710134381869,0.8102217281827012
1098,0.774414208114015,0.07369207808047858,1.6766688187441217,0.46565830226247185
1099,2.5151496113150578,0.8577783489273071,1.6766688187441217,0.8063233062442939
1100,0.7829584288763889,0.07209368775980252,1.6708058245749162,0.5042243609303142
1101,2.5171560048766732,0.8621328802359752,1.6708058245749162,0.8024627964493167
1102,0.7919199370272685,0.07139434556292196,1.664448750056682,0.5330444712076959
1103,2.5183217265013242,0.8658389742002682,1.664448750056682,0.798655015952952
1104,0.8012790319745151,0.0719064554979885,1.6576252808246856,0.5690127396231262
1105,2.518646031836421,0.868891669468197,1.6576252808246856,0.7949137062792587
1106,0.8110138379833138,0.07388066742096931,1.6503575055149458,0.5963812627800142
1107,2.5181303324371047,0.8712869494816828,1.6503575055149458,0.7912515276409712
1108,0.8210911251516448,0.07745289215175422,1.6426514130244052,0.6267018455273803
1109,2.5167782011788624,0.8730217442387774,1.6426514130244052,0.7876800569731175
1110,0.8314407940916063,0.0825998629084303,1.6344560607083973,0.6552805495966226
1111,2.5146061839869547,0.8741106420273309,1.6344560607083973,0.7848877709606318
1112,0.8420798712243857,0.0893069801193602,1.6258332395143444,0.6825046113199758
1113,2.5116183205355314,0.8745504736563513,1.6258332395143444,0.7827787149854495
1114,0.8529811005322734,0.09744101141852383,1.6167857141685482,0.7071380336049161
1115,2.5078221418983073,0.8743417966534442,1.6167857141685482,0.7830325722477268
1116,0.8641685710293248,0.10689688703787507,1.6073887160343414,0.7312283720157295
1117,2.503219800078274,0.8734717582516457,1.6073887160343414,0.7833343499354718
1118,0.8756425104445049,0.11753702995708926,1.5976709599656127,0.7572258582543736
1119,2.497826284395915,0.871946941926725,1.5976709599656127,0.7775435994743999
1120,0.8869213801865022,0.1287603426176406,1.5870631586806028,0.7709670959377316
1121,2.4916700909557137,0.8698174161016015,1.5870631586806028,0.7806647881494484
1122,0.8987505688615273,0.14121384108663537,1.5765512005084321,0.8080565526835023
1123,2.4847340704604846,0.8669945812932585,1.5765512005084321,0.7816441807551755
1124,0.9102005931651549,0.15372480426724047,1.5658505852848288,0.7165237375601908
1125,2.477054803800251,0.8635343956451873,1.5658505852848288,0.7794865206289623
1126,0.9213376277198025,0.16621342900067887,1.554893279113966,0.7399584052835954
1127,2.4686504165604615,0.8594372742243938,1.554893279113966,0.777851903624798
1128,0.9322531054328675,0.17888189124517478,1.5431270575353997,0.7546829424886051
1129,2.4595381137547614,0.8547322676204865,1.5431270575353997,0.7833434814340199
1130,0.9436241606596635,0.19233437113901297,1.5313904153819642,0.7829631750057536
1131,2.4497458384694224,0.8493846194067062,1.5313904153819642,0.7805410045798631
1132,0.9548748391188552,0.20604010166217035,1.519053898652596,0.8032882068767844
1133,2.43929377770651,0.843431096081592,1.519053898652596,0.7846695260748803
1134,0.966360818385341,0.2203044837881463,1.506547908655451,0.823985685375395
1135,2.4282146979028445,0.8368695487711239,1.506547908655451,0.7865575613221997
1136,0.9777490208356483,0.2346708447083384,1.4938226827438132,0.8018864826828582
1137,2.4165327975245883,0.8297178004552823,1.4938226827438132,0.7878507426941597
1138,0.9890659914722891,0.24916594101044506,1.4808754408077065,0.8316395224334534
1139,2.4042775112347807,0.8219862940451228,1.4808754408077065,0.7884015448333106
1140,0.9997840267979268,0.263012706476207,1.467675712828922,0.7345121471278415
1141,2.3914625552809565,0.8136910010561993,1.467675712828922,0.7947738932703841
1142,1.0102458676461314,0.2761060705522822,1.4552347826898488,0.6652602934352999
1143,2.378150138530713,0.8048336244956416,1.4552347826898488,0.7955756301051868
1144,1.0204635771321737,0.28889320855646344,1.4427921739377503,0.6992701448939311
1145,2.3643608337678,0.7954328635656297,1.4427921739377503,0.7983951384888388
1146,1.0303222831436933,0.301181472365502,1.4303907394285615,0.6196192595638963
1147,2.3501263646774015,0.7855021202947415,1.4303907394285615,0.8015453742537836
1148,1.039624952858618,0.3124184301776978,1.4184432196005186,0.5467091618300242
1149,2.3354812524096706,0.7750544661433566,1.4184432196005186,0.8036763398709899
1150,1.048681407328945,0.3233539320724763,1.4065216970432066,0.5833516551358359
1151,2.3204609635272426,0.7641031229071569,1.4065216970432066,0.8050041203959876
1152,1.0570349191326203,0.33350256562753994,1.3942790426610474,0.4977458183525717
1153,2.3050444147551934,0.75264868034251,1.3942790426610474,0.811739958077835
1154,1.0653811493229022,0.34309081743809144,1.3831528859277924,0.45723028553821676
1155,2.2893831044431794,0.7407276298821017,1.3831528859277924,0.8123882174723321
1156,1.073348983332639,0.35229115012534457,1.3719626936631608,0.4662998995214276
1157,2.2734369915949335,0.7283378397974987,1.3719626936631608,0.8178300710230452
1158,1.0813440887529757,0.36184703772999877,1.3605826251068898,0.5033795231863006
1159,2.2572865725138302,0.7155053463677908,1.3605826251068898,0.8244788986578477
1160,1.0891365599359801,0.3710722959883924,1.349553041210608,0.4551129262912722
1161,2.2409538843461294,0.7022402213138962,1.349553041210608,0.8218428883003119
1162,1.0961757714602727,0.37909954686848324,1.3389110260496577,0.38487073983061565
1163,2.224397893269287,0.6885245121407133,1.3389110260496577,0.8311227273966284
1164,1.1032876400881972,0.3866914136910295,1.3296229684075018,0.3573553872593596
1165,2.207826752409213,0.6744384585498926,1.3296229684075018,0.8283231194474308
1166,1.1098240322100619,0.3937575212302611,1.3202620257744675,0.35754419457904735
1167,2.1911641230317715,0.6599511258820268,1.3202620257744675,0.833576254077527
1168,1.1164648662750545,0.40128707795235824,1.3109851933811116,0.3786140973527113
1169,2.1745683422258715,0.6451320093583843,1.3109851933811116,0.8348760260927218
1170,1.1229229435068946,0.40900446863146583,1.301531220158566,0.40222288563629127
1171,2.1580360236860847,0.6299807416149042,1.301531220158566,0.8357837899672214
1172,1.1288936297471508,0.4166197107673352,1.2916225967315285,0.4290867798348572
1173,2.1415485906947933,0.6144834005422911,1.2916225967315285,0.839459327825924
1174,1.1347051657369467,0.4241152785200203,1.2821494459278102,0.3918082318777962
1175,2.1252103441676993,0.5986891376813148,1.2821494459278102,0.8447274822628911
1176,1.1406196792127294,0.43132383666958724,1.274096822721827,0.3435680820699615
1177,2.1091308661938606,0.5826570730027878,1.274096822721827,0.8428974004667876
1178,1.1461643017218939,0.43816227696735505,1.266498858526286,0.3707587380092549
1179,2.093310897376504,0.5663865613503452,1.266498858526286,0.8464153238709149
1180,1.1515941912371912,0.44515069982158445,1.259119478052981,0.3863380243375078
1181,2.077804556068371,0.5499074647622105,1.259119478052981,0.8460621036955098
1182,1.1567652640255734,0.45169373409974267,1.2526574592907815,0.32120240018864643
1183,2.062661089294582,0.5332484172729326,1.2526574592907815,0.8475820949555706
1184,1.161820115952105,0.4581028099413718,1.2469734818241949,0.36003383084175566
1185,2.0479489354162,0.5164537369656264,1.2469734818241949,0.8474246099507826
1186,1.1664991161647482,0.4640440615243995,1.2420160174992596,0.28661111084446833
1187,2.033657606700167,0.49951367595127094,1.2420160174992596,0.8489353025232856
1188,1.1709207507477843,0.46972219308560176,1.2377766344173142,0.3257127051415014
1189,2.019868314561445,0.4824855176825793,1.2377766344173142,0.8506225410493808
1190,1.1752243693841924,0.47565885920630174,1.2337250724938462,0.34712851200720546
1191,2.0066749124239687,0.46544506739760005,1.2337250724938462,0.8511235882685242
1192,1.1792112659272647,0.48165738517550716,1.2297076697678464,0.3840256548985274
1193,1.9940756246109346,0.448398326182774,1.2297076697678464,0.8568436172978295
1194,1.1833831099617604,0.4880078182382519,1.226447026130233,0.37853500655601585
1195,1.9821772436863005,0.4314467000093598,1.226447026130233,0.8558916220897453
1196,1.1873112759965792,0.49433321656121143,1.2235848044449213,0.4089111840919774
1197,1.9709958214561887,0.4146242988873749,1.2235848044449213,0.8523045349935029
1198,1.190652992742,0.5004568284089642,1.220604410813206,0.43327727612588296
1199,1.9605102205422176,0.3979337625005396,1.220604410813206,0.8569196491376521
1200,1.1941617119891126,0.5071054647797086,1.218053883393955,0.4741536491628522
1201,1.950890419408534,0.3815705159490703,1.218053883393955,0.8561307438077946
1202,1.1974823788653841,0.5139359673800019,1.2156761800067877,0.5075897680973251
1203,1.9421148764410987,0.3655628720351314,1.2156761800067877,0.8540228691810507
1204,1.2003631822641145,0.5207064763875165,1.2133143475051138,0.5332798343237659
1205,1.9341914644565446,0.3499752707663957,1.2133143475051138,0.8549678255907869
1206,1.2030967164014905,0.5277010361717198,1.2111552279894302,0.5687511832664948
1207,1.9271886193277652,0.33495282841040286,1.2111552279894302,0.8580621683402007
1208,1.2058965051934898,0.5350460659591588,1.2092988207660762,0.6026098837704044
1209,1.9211273200281944,0.32060865499766444,1.2092988207660762,0.8584610251941336
1210,1.2085755256886468,0.5252045269871374,1.2076322967185593,0.6330907188312954
1211,1.9160401514117316,0.30708826016024254,1.2076322967185593,0.856749292400117
1212,1.211064870544046,0.5153208808738121,1.2061033825599246,0.662503588993648
1213,1.9119397909071392,0.2945325545581324,1.2061033825599246,0.8573414431779857
1214,1.2134607481231374,0.505386636693886,1.2047458900982002,0.6915629933903873
1215,1.9088348534172295,0.28309418523489005,1.2047458900982002,0.861850490555506
1216,1.215869611611956,0.49538477642900974,1.2036000426261417,0.7205957193106578
1217,1.9067574833896082,0.27297317489243755,1.2036000426261417,0.8585941720869261
1218,1.2181051184287666,0.48556320696856675,1.2025498538654025,0.7513563176973304
1219,1.9056991674082155,0.26432498346695216,1.2025498538654025,0.8579297506178151
1220,1.2202929987982527,0.47652944397876174,1.202677644527899,0.6633717248609176
1221,1.9056725299358892,0.2573353632265918,1.202677644527899,0.8582273813490171
1222,1.2223202446354735,0.4688248517891889,1.204755874365644,0.5771770391041923
1223,1.906634948176193,0.25210076567073414,1.204755874365644,0.86137014597501
1224,1.2246622635780424,0.46155348443002453,1.2083911980081783,0.5601481103143461
1225,1.9086579314409908,0.24886148829306606,1.2083911980081783,0.8665180809669403
1226,1.2272108654453875,0.4542461163547564,1.2125079657393252,0.5986887811008887
1227,1.9117233394944022,0.2476908496418318,1.2125079657393252,0.8609994743174849
1228,1.2292693656549212,0.44742102867404643,1.21639787537703,0.6241054192348036
1229,1.9157655404120677,0.24854997013970823,1.21639787537703,0.862469126970983
1230,1.230695316203809,0.4413242356651257,1.2200435685590856,0.6449462938098444
1231,1.920750728388952,0.2514048296180806,1.2200435685590856,0.8696552505915843
1232,1.2325539206334155,0.4349880252489024,1.2237334103830328,0.6816402593263716
1233,1.926779077708976,0.2563381919327362,1.2237334103830328,0.8704863579731988
1234,1.234473136960973,0.42886959220918086,1.2273151489757947,0.7111042735447453
1235,1.933763875961596,0.26314455210857907,1.2273151489757947,0.867356369810576
1236,1.2357366716941982,0.42379952123555253,1.230606123785385,0.7309703714932936
1237,1.9416419012916295,0.27164280822555353,1.230606123785385,0.8726819577696221
1238,1.2372194674465764,0.41898595110090403,1.2337715845504535,0.7634033072391853
1239,1.9504352495059054,0.28170927352792186,1.2337715845504535,0.8734336885578902
1240,1.2388578377783934,0.41479630091621905,1.2379306541101027,0.6786108864980869
1241,1.9600876759841466,0.2931459322324139,1.2379306541101027,0.8743504194616674
1242,1.2403124713918605,0.4114685662876658,1.2427418867535829,0.7019692091690564
1243,1.97056394774372,0.30578319626091255,1.2427418867535829,0.8767579630961475
1244,1.2414068010421728,0.40905843584059537,1.247205374804797,0.724948161108867
1245,1.9818310861290822,0.31946287197236994,1.247205374804797,0.8832569212772305
1246,1.2428476098226218,0.4069382840304838,1.2513824679490781,0.762430320692655
1247,1.993848207016757,0.33401221034925466,1.2513824679490781,0.8802429838481857
1248,1.244256762581401,0.40555432021179055,1.256409766681284,0.6758109129086064
1249,2.006576865954671,0.3493179145042877,1.256409766681284,0.8899105760624234
1250,1.2462948232521687,0.4040937155526623,1.2632646224050894,0.599224293972394
1251,2.019972541427008,0.36524381100317094,1.2632646224050894,0.8845141159185331
1252,1.248108531162725,0.4033358132972677,1.270559384563202,0.6224263358855723
1253,2.033995993216687,0.381691772400174,1.270559384563202,0.8917305249061808
1254,1.2498099045553943,0.403278051579768,1.2772694604500812,0.6543215132843557
1255,2.048591452413896,0.3985418016326962,1.2772694604500812,0.8886479918177234
1256,1.2511748825565798,0.4042025490257339,1.28336471220677,0.6810911045286253
1257,2.06371453436994,0.4157151865743922,1.28336471220677,0.8923330882211152
1258,1.2523496515863632,0.40603258991642155,1.288850108034313,0.7146406861559593
1259,2.0793166812266484,0.43313475765923054,1.288850108034313,0.8904604530892568
1260,1.2535975444253582,0.4082274306301846,1.2949480444030426,0.6294348132898551
1261,2.0953489456179413,0.4507321701058017,1.2949480444030426,0.8898697344438905
1262,1.255238189227611,0.4100992305427077,1.3026104451742437,0.5612986934690447
1263,2.111760555282433,0.4684441747178257,1.3026104451742437,0.8905730452020237
1264,1.2572909040223958,0.4114884939032661,1.3117492250542742,0.4847669449564307
1265,2.1285025403936397,0.48621695079148475,1.3117492250542742,0.8898051244190976
1266,1.2596681180804201,0.41235643341125866,1.3222608674493472,0.41270747995006957
1267,2.1455203114515187,0.5039941217873124,1.3222608674493472,0.8912896726851013
1268,1.2620143759176963,0.41341871962654964,1.33282710301215,0.4483794018677233
1269,2.162775022158586,0.521745349557726,1.33282710301215,0.8911104697534299
1270,1.263922275743603,0.41542114128158436,1.342386194571021,0.47752225240448837
1271,2.1802124061141193,0.5394221361518705,1.342386194571021,0.8897605332234664
1272,1.2653980365672057,0.4183821823913258,1.3509465273700738,0.5091056589421008
1273,2.1977898717730167,0.5569942116277071,1.3509465273700738,0.8872815647320197
1274,1.2664405378353862,0.42231995845319387,1.3585117725660891,0.5348766794088188
1275,2.2154623089515297,0.574429742801153,1.3585117725660891,0.8861931055613278
1276,1.266976178732882,0.427291971680508,1.3650900291223333,0.5652355938009033
1277,2.2331876147890477,0.5917020184901937,1.3650900291223333,0.8861366618078991
1278,1.2673156501659988,0.4331042878168939,1.3706477102279973,0.6045462157979095
1279,2.2508939068480083,0.6087511695325024,1.3706477102279973,0.8846405835324332
1280,1.2677744184877264,0.4388253142031189,1.3764524579021549,0.5249682338472944
1281,2.268546891515559,0.625563208325125,1.3764524579021549,0.882557880945153
1282,1.2686955992111917,0.4435824421921884,1.3834743721617198,0.46075514092426084
1283,2.286103010553195,0.6421135125939333,1.3834743721617198,0.8822048449738986
1284,1.270183034017011,0.4472760828966903,1.3916114874979284,0.3866931394538686
1285,2.3035063668517415,0.6583644472946473,1.3916114874979284,0.8817440036551085
1286,1.2716770078194648,0.4510213073507675,1.3995336140864578,0.4312342787738089
1287,2.320717871705487,0.6742974242589846,1.3995336140864578,0.8769827121364444
1288,1.273000456480334,0.4547134536282318,1.407501143944946,0.3567997980235996
1289,2.3377191392635104,0.6899154189482062,1.407501143944946,0.8764044105203896
1290,1.2750707852990026,0.4572042150558374,1.4163867385313864,0.3212688291570315
1291,2.354416552147802,0.7051417455443904,1.4163867385313864,0.8741463858174064
1292,1.277641630943804,0.45860655233242514,1.4261561069230744,0.2667878613362072
1293,2.3707874324639935,0.719975187466759,1.4261561069230744,0.8705722386587291
1294,1.28061906566819,0.45895951223193165,1.4367684947978545,0.24664125191596784
1295,2.386810611425002,0.7344147305710473,1.4367684947978545,0.8689607725065395
1296,1.2841880122919846,0.4582165466156397,1.4481035114823735,0.22184554169775614
1297,2.4024252722430006,0.7484181802770425,1.4481035114823735,0.8652098273033507
1298,1.2881050937075913,0.45646794495804494,1.4601651727808627,0.226093604571413
1299,2.417625422883463,0.7619984564463012,1.4601651727808627,0.8633542477875525
1300,1.2925761476928335,0.4536776059490668,1.4728186048201617,0.22894196993407007
1301,2.432339304357619,0.775101631277195,1.4728186048201617,0.8620774727877764
1302,1.296950308085215,0.4510996460084942,1.484744671990343,0.2177120570645281
1303,2.4465389766869303,0.7877173591670001,1.484744671990343,0.8566115213655646
1304,1.3002997813013453,0.4497831583199733,1.4950319893714283,0.18222718362874787
1305,2.460220458091691,0.799857833226703,1.4950319893714283,0.8539905897034362
1306,1.302790856629798,0.4496515693952642,1.5036421506445237,0.1703652440089766
1307,2.473323788642892,0.8114792676202196,1.5036421506445237,0.8517881073110035
1308,1.3045489650994326,0.4506572892304528,1.510552785792394,0.17680943731579601
1309,2.485811576925235,0.8225595273734191,1.510552785792394,0.8476766090848556
1310,1.3054909236414833,0.4527687921091544,1.5158207294577424,0.2067935214529345
1311,2.4976658338125173,0.8330944860397258,1.5158207294577424,0.843663828416341
1312,1.3056022337070183,0.4559407878136527,1.519479261380812,0.23087829878256474
1313,2.5088613735194594,0.8430720023686163,1.519479261380812,0.8400788218617872
1314,1.3049460691533994,0.46013138035088175,1.5215355084121072,0.27317936430421563
1315,2.519377718491049,0.8524835456834745,1.5215355084121072,0.8366017060929004
1316,1.3034701228860457,0.46528799282974304,1.522039109840055,0.3037460472578476
1317,2.529190834135002,0.861316189666705,1.522039109840055,0.8330141640251463
1318,1.301239508750684,0.47137072879747083,1.520990816779699,0.33971121768392476
1319,2.5382772734152264,0.8695566282612543,1.520990816779699,0.8293291026392774
1320,1.2982936130133922,0.478343616404796,1.5183986032866004,0.38380964907355963
1321,2.5466155859020954,0.8771925142219154,1.5183986032866004,0.8255679705859961
1322,1.2945994088924149,0.4861512212608066,1.51430959881016,0.4140571439555215
1323,2.554186393936253,0.8842125075505562,1.51430959881016,0.8217516612841966
1324,1.2901769633723459,0.49474893334225467,1.5087472184894108,0.4560797373674423
1325,2.5609724130356293,0.8906062734572748,1.5087472184894108,0.8179001187848094
1326,1.2850657964737011,0.50410353470951,1.5017219074372186,0.4838459120601557
1327,2.5669584679334307,0.8963644792422483,1.5017219074372186,0.8140322999690656
1328,1.2792660685670032,0.5141670983735012,1.4932695545752848,0.5167078804051894
1329,2.572131506573361,0.9014787919962016,1.4932695545752848,0.8101661533524098
1330,1.2728270994711066,0.5249104417401108,1.4834010359200365,0.5503317248282203
1331,2.5764806123963604,0.9059418771434745,1.4834010359200365,0.8063186009103757
1332,1.2657279029721686,0.5362807647647075,1.4721646357444504,0.5879632889574956
1333,2.5799970151398344,0.9097473977943559,1.4721646357444504,0.8025055226249345
1334,1.2586141930882495,0.547587101503606,1.460217958274165,0.5555601363171695
1335,2.582674100333522,0.9128900148877356,1.460217958274165,0.7987417439867252
1336,1.2524496155853875,0.557801188699539,1.4485597956636955,0.4789614760950744
1337,2.5845074176438994,0.9153653881219644,1.4485597956636955,0.7950410267011317
1338,1.2475809607564845,0.5665820073972391,1.4375386816563893,0.41523595163992494
1339,2.585494688188185,0.9171701776887089,1.4375386816563893,0.7914160628314559
1340,1.2439640595570394,0.5739988275955209,1.4271130484300587,0.35389170903517664
1341,2.585635810909052,0.9183020468415846,1.4271130484300587,0.7878784725906192
1342,1.2415639155122031,0.5801180079336089,1.417247836075421,0.3014895514730483
1343,2.58493420588275,0.9187612177735216,1.417247836075421,0.7845064659638782
1344,1.2403437463996447,0.5798966363161109,1.407897145075335,0.245402879634514
1345,2.5833939029499025,0.9185472820808552,1.407897145075335,0.7814197800308633
1346,1.2402689733728602,0.575394738837307,1.399019611559329,0.2105310493735563
1347,2.5810219339708467,0.9176619409486683,1.399019611559329,0.7783541441202514
1348,1.2401091730226894,0.5710618252022641,1.3895866687658867,0.2199048473488415
1349,2.5778336999591103,0.916116761684795,1.3895866687658867,0.776375918241808
1350,1.2389208533573528,0.5663874243252932,1.3787449991574101,0.24225392536374168
1351,2.57383370461017,0.9139086766934533,1.3787449991574101,0.7741625895288726
1352,1.2366793752881107,0.5616456724900003,1.36669058483184,0.2596431089645254
1353,2.569041049033036,0.911055234320339,1.36669058483184,0.7748239204458168
1354,1.233517929610805,0.556458703228382,1.3531566194367746,0.3007711178382898
1355,2.5634471401924626,0.907527092984776,1.3531566194367746,0.7754514787849693
1356,1.2294010621321043,0.5511319111795079,1.3383621069517586,0.3279752643363771
1357,2.5570774747664564,0.9033451292821457,1.3383621069517586,0.7708635978301327
1358,1.2243105130988776,0.5461365006708953,1.3226421743415695,0.3491860776435507
1359,2.5499565339841985,0.8985470401946265,1.3226421743415695,0.7750652664465473
1360,1.218386926833474,0.5406960430359032,1.3054479504535437,0.39247914805742284
1361,2.5420819638553134,0.8930778320321852,1.3054479504535437,0.7766822154817724
1362,1.2115972235109398,0.5352763840866966,1.2871094538242225,0.4369728377615538
1363,2.5334857296188167,0.8869804154030309,1.2871094538242225,0.7801140246390149
1364,1.205219462645751,0.5300880205827396,1.2684996656031058,0.3681662649106709
1365,2.5241907202481912,0.8802568610494306,1.2684996656031058,0.7737241210633072
1366,1.2002407605289698,0.5256722769327804,1.2506303742499107,0.2931895753420373
1367,2.5142133980671635,0.872927864006428,1.2506303742499107,0.7772618644635274
1368,1.1953680170269667,0.5211468850316687,1.2321564844700759,0.336733415655633
1369,2.5035919603663856,0.8649910174459456,1.2321564844700759,0.7754319007281751
1370,1.1896091250494394,0.5172959763233907,1.2130491743527245,0.35103864756195496
1371,2.4923093718606384,0.8564723458944149,1.2130491743527245,0.7923777907970886
1372,1.1829234937324613,0.5130365899081959,1.1925462330307652,0.40484197742758843
1373,2.480461724036206,0.8473671880833824,1.1925462330307652,0.7802318419661173
1374,1.1754582240824714,0.5097401906281872,1.1717064096633636,0.4186423973340356
1375,2.4680211323934533,0.8376983482573861,1.1717064096633636,0.7849623190333562
1376,1.1672428108388984,0.5070304165050147,1.1502233444398557,0.4472746430837566
1377,2.4549937499638714,0.8274693221380155,1.1502233444398557,0.7989485359724355
1378,1.1581100742984605,0.5040131248475229,1.1274451132442305,0.5041801776895531
1379,2.441519792979595,0.8167128710087559,1.1274451132442305,0.792593134692687
1380,1.1494782612079733,0.5013419966514646,1.104740785559576,0.42920562854631655
1381,2.4275719085698597,0.8054396030046522,1.104740785559576,0.7961820285387974
1382,1.1423179235571281,0.4986699502853167,1.0825568656624827,0.36499329782019924
1383,2.4131797299008615,0.7936641277442874,1.0825568656624827,0.800523640871023
1384,1.1365391680918935,0.4957874876997947,1.060755240731211,0.3058392094696531
1385,2.3983744427080476,0.7814008169405903,1.060755240731211,0.8046631718721222
1386,1.130872660464953,0.49308675902492705,1.0388363817240656,0.3493967376424577
1387,2.3831930278804143,0.7686661202158391,1.0388363817240656,0.8084923324783889
1388,1.1243603010584622,0.49102484544026315,1.0165298037887842,0.3669118162199445
1389,2.3676774363774795,0.7554791674522271,1.0165298037887842,0.8133112315062322
1390,1.1169979104265904,0.4895271360100392,0.9938222759207948,0.3959490934100291
1391,2.3518865717971282,0.7418683692836838,0.9938222759207948,0.8164898047566588
1392,1.1088436908345172,0.48870464383490236,0.9708571692478147,0.44109069669760975
1393,2.3358444548680986,0.7278459199195974,0.9708571692478147,0.823410708305182
1394,1.0999507588898831,0.4885488857176425,0.9477088592732535,0.46323639429031244
1395,2.319591455905632,0.7134313124287911,0.9477088592732535,0.824611567624945
1396,1.0903804381941444,0.48918122076044546,0.9245747145117622,0.4930425677148869
1397,2.303168005577409,0.698644151088167,0.9245747145117622,0.8253313430377375
1398,1.0801753494145918,0.4907142889460619,0.9016036696506254,0.5214607141028237
1399,2.2865763319158714,0.6834809181016168,0.9016036696506254,0.8303257457384565
1400,1.0692691427067735,0.49295857399433524,0.8787296515769283,0.5548073821703742
1401,2.2699110505763516,0.6679931512583519,0.8787296515769283,0.835004329164933
1402,1.0576960716636874,0.49596015778670055,0.8561272250445237,0.5888082532313202
1403,2.2532313437043188,0.6522144025861295,0.8561272250445237,0.836411164278199
1404,1.0455279531748902,0.49982280235342386,0.8340443017290284,0.6202522068892271
1405,2.2365748004510437,0.6361657177236992,0.8340443017290284,0.8372174819042815
1406,1.0330239923155553,0.5049340542676511,0.8130131591841396,0.6433922059908945
1407,2.219848980952038,0.6197785479096192,0.8130131591841396,0.8446454006072828
1408,1.0197350857825542,0.5105048648582259,0.7924314029552421,0.6775898770544988
1409,2.2033727340766753,0.603266676800352,0.7924314029552421,0.8438603524671281
1410,1.0059704967985097,0.5170099285236635,0.7729755151589232,0.7052330197408614
1411,2.187051863496975,0.5865659202737515,0.7729755151589232,0.8459397825328904
1412,0.9917690395850867,0.5244541721800688,0.7548836104735968,0.7309259488575752
1413,2.1709440563223805,0.5697163485254986,0.7548836104735968,0.847854798981669
1414,0.9772021291203769,0.5328724148699487,0.7384238722070243,0.7536721649057695
1415,2.155067708303233,0.55273051699263,0.7384238722070243,0.8525189324791851
1416,0.9620991574428812,0.5420106922891558,0.723503149419846,0.7839583218587157
1417,2.1395449140757647,0.535704036014995,0.723503149419846,0.854246482012882
1418,0.9465915453090122,0.5519917212690212,0.7105337290454055,0.8077249420815146
1419,2.124393969583875,0.5186571274598584,0.7105337290454055,0.8527829441170859
1420,0.9308631663666846,0.5629517057377277,0.7000046760744753,0.8277648318726107
1421,2.1096397049944415,0.501616667420887,0.7000046760744753,0.855601068385785
1422,0.9147041441391455,0.5746266632639959,0.6917569673841875,0.8526738367421073
1423,2.095400782493613,0.48469422290048286,0.6917569673841875,0.8545714610180106
1424,0.898345500017509,0.5871790029394391,0.6862996200486988,0.8789239467554373
1425,2.081684269262299,0.46791361998737907,0.6862996200486988,0.8553824334703628
1426,0.8827523373819266,0.5993744219983071,0.6831499986369743,0.7873170836749346
1427,2.0685434702099026,0.4513441716719138,0.6831499986369743,0.8567082769297043
1428,0.8685653941305204,0.6101805057030125,0.681639477499663,0.7050507560372214
1429,2.0560578588335434,0.43508886497815624,0.681639477499663,0.8556684552747857
1430,0.8549569216623062,0.6209153777153995,0.6825475389098965,0.7280997960887916
1431,2.044218998080808,0.4191765339076085,0.6825475389098965,0.8564974042955379
1432,0.8409945689984912,0.6324257763075468,0.686214887874466,0.7606094656121852
1433,2.033088307762995,0.40371128871347073,0.686214887874466,0.8576990462272027
1434,0.8272571757278947,0.6418960393909168,0.692120682791944,0.7187222390409841
1435,2.0227418457622854,0.3888260503282621,0.692120682791944,0.8580017343408084
1436,0.8146243929909052,0.6317990152867683,0.6995435297814548,0.6407343232451935
1437,2.0131997446836913,0.3746099481434723,0.6995435297814548,0.8601241499568117
1438,0.8032953994158925,0.6232820945754246,0.7080467360752487,0.5633942518164973
1439,2.0045091867964695,0.36119266067308564,0.7080467360752487,0.8580220965363728
1440,0.7932693623234321,0.6162366874778871,0.717497994367823,0.4938671703402257
1441,1.9966986331255698,0.34869671106066286,0.717497994367823,0.8588010736889553
1442,0.784443887011579,0.6106113260115135,0.7276670594361702,0.4265105764738914
1443,1.9897976818479093,0.33725721842885764,0.7276670594361702,0.8567260798444154
1444,0.7769810115455695,0.606229269578294,0.7385772515927641,0.3597851344307954
1445,1.9837820529449048,0.32695696489092396,0.7385772515927641,0.858831387743116
1446,0.7704690659556556,0.6032055774023002,0.7497534401661892,0.3085867771657707
1447,1.9787777444222847,0.31805701442873624,0.7497534401661892,0.8583109065706183
1448,0.7650548615906946,0.6013854415112152,0.7612244532474928,0.2503918599906169
1449,1.9747577210418847,0.3106442961971697,0.7612244532474928,0.8611339281061071
1450,0.760442495507434,0.600826478029596,0.7726738367078868,0.21755062805564124
1451,1.9717626343908496,0.30487608271039895,0.7726738367078868,0.8660117854647128
1452,0.7558822282903616,0.6002312576854448,0.7851823750494609,0.23914984567554476
1453,1.9697977454839795,0.3008534296308742,0.7851823750494609,0.8621761571519566
1454,0.7508079616018855,0.5985924464333703,0.7996195522674789,0.25977548365020897
1455,1.9688556313145826,0.2986405509685565,0.7996195522674789,0.8580653402535713
1456,0.7456877620169415,0.5957659359377054,0.8161848161149747,0.27440089704057957
1457,1.968859700154702,0.29820494205785847,0.8161848161149747,0.8625754479849432
1458,0.739930601255139,0.5920802695675402,0.8342929617617424,0.31878190108861804
1459,1.9699328604976958,0.29968911750792887,0.8342929617617424,0.8685333660673151
1460,0.7332471153745518,0.5876631997744791,0.8536989455100439,0.36323946352812325
1461,1.9720806715297634,0.30306490323628726,0.8536989455100439,0.8631062681758559
1462,0.7262305183512269,0.5823456277499993,0.8746154171340771,0.39847268923321455
1463,1.975240563410757,0.3082126798457469,0.8746154171340771,0.8630527580351138
1464,0.7191340888036101,0.5760936463958057,0.8970670617664513,0.42614827498406804
1465,1.9793571898060174,0.3150122384627088,0.8970670617664513,0.8657514268432949
1466,0.7119741106733176,0.5689754463841361,0.9208798504256352,0.45309563240136164
1467,1.9844436954634546,0.32337868613351567,0.9208798504256352,0.8689412537836896
1468,0.704688594930258,0.5610820315290903,0.9458594633237113,0.4848534419918044
1469,1.9904995796536986,0.3331953403924276,0.9458594633237113,0.8742829581997322
1470,0.696605675723474,0.5525822739924039,0.9716800499129911,0.5277129386500147
1471,1.9975406828154196,0.34432201793773415,0.9716800499129911,0.8761899186141396
1472,0.6882370218322147,0.5433859672930281,0.9984358653835771,0.5623806548478664
1473,2.0055046899764153,0.35659681820443545,0.9984358653835771,0.8791232788198283
1474,0.6797468853389342,0.533499642320229,1.026088700670667,0.5958572556636286
1475,2.014350361499217,0.3698827178401967,1.026088700670667,0.8755848086429626
1476,0.6716645091265178,0.5228626286496862,1.0546587484062857,0.6183844985580274
1477,2.0240413330911244,0.3840686281466996,1.0546587484062857,0.8816844311409014
1478,0.6632530979025197,0.5116498245128744,1.0838615080436507,0.6536355877499729
1479,2.0345610575602593,0.3990056600315666,1.0838615080436507,0.8845875678603724
1480,0.6549187044775491,0.4998232617250693,1.1137095697374928,0.6831400365709821
1481,2.04586428357359,0.41459399627010396,1.1137095697374928,0.8847880927588206
1482,0.6467862726791973,0.48739838745609876,1.1441300044857714,0.7092587850456548
1483,2.0579127355908975,0.43073178009185104,1.1441300044857714,0.886607064200806
1484,0.6388373388696221,0.4744149336343652,1.1750310156372672,0.7359390407120767
1485,2.070664281191662,0.44731896640766594,1.1750310156372672,0.887204756965675
1486,0.6311695781774291,0.4608930812838978,1.206366607568259,0.7615041166093847
1487,2.084078540618902,0.46428306567668914,1.206366607568259,0.8900709945078654
1488,0.6237767627663315,0.4468703310325636,1.238058767261634,0.7886813607198655
1489,2.0981105329624445,0.481542245700978,1.238058767261634,0.8869985917080124
1490,0.6173528835876505,0.43227710075949466,1.2701446463327684,0.8051049741481385
1491,2.112746452604939,0.4991010918777044,1.2701446463327684,0.897459011708954
1492,0.6107040812785307,0.4173271051526673,1.3023811354720822,0.842403458550315
1493,2.1278864369153383,0.5167635811293959,1.3023811354720822,0.8891058267719766
1494,0.6052209430451304,0.40310629515117724,1.3335807001444522,0.7419826192077195
1495,2.143530348676902,0.5345811807656282,1.3335807001444522,0.8942514387674123
1496,0.5998640972082043,0.39072126472346363,1.362640264696147,0.6698281378343279
1497,2.1595779838670572,0.5524001508116394,1.362640264696147,0.8907645303964911
1498,0.595176813729213,0.3800160993687787,1.3896326473330813,0.5938917808136684
1499,2.176010224054831,0.5702336483359519,1.3896326473330813,0.8920557491980025
1500,0.5906231006641548,0.3709733742515387,1.414598603647786,0.5149258185763177
1501,2.1927632527891103,0.5880139921786776,1.414598603647786,0.8910203910863654
1502,0.5864168406153172,0.3622627274813585,1.4388245061022367,0.5547341072068558
1503,2.209800265834533,0.6057216444856821,1.4388245061022367,0.8924366370293991
1504,0.5826580943475332,0.35341440242195843,1.4627497599641976,0.5300750268417262
1505,2.227081002635862,0.6233306705983568,1.4627497599641976,0.8903292741656105
1506,0.5794035311869132,0.344326782297918,1.4864505629806044,0.5565766565180607
1507,2.2445659171096928,0.6408164771929481,1.4864505629806044,0.8920765844094375
1508,0.5765914327442624,0.33458486895693973,1.510325799716762,0.590923110812592
1509,2.2621827987311898,0.6581126375261546,1.510325799716762,0.8906329800712203
1510,0.5744397802037625,0.3242007440608566,1.5343027076835618,0.6150568374892511
1511,2.279886683776389,0.6751932109720311,1.5343027076835618,0.8918150077116669
1512,0.5729063357357835,0.3132149177239224,1.5583496537779273,0.6443927875694428
1513,2.2976295579496995,0.6920290109601956,1.5583496537779273,0.8868193206657524
1514,0.5722486800231421,0.3016355307088645,1.5824061877945004,0.6761950489734408
1515,2.315391684116589,0.7086251961586445,1.5824061877945004,0.8905654966479091
1516,0.5719870340547457,0.2899637128787519,1.606035716210277,0.6620946158509083
1517,2.3330870253780702,0.7249076930558098,1.606035716210277,0.8869394681095453
1518,0.5723878374639255,0.2781067047803479,1.6292589904076005,0.6868195666315066
1519,2.350680941162492,0.7408655748338489,1.6292589904076005,0.8828122822346556
1520,0.573678247481209,0.26572795580386593,1.65237884457611,0.7117277956313532
1521,2.3681331988546295,0.7564806653167536,1.65237884457611,0.8843884376876772
1522,0.5757122208899939,0.25288420460313704,1.675397571145363,0.74665127805058
1523,2.385387878124514,0.7717174233549868,1.675397571145363,0.8785670816957789
1524,0.5781075702629329,0.24081959604856845,1.697013562640434,0.6643598145193984
1525,2.4024332405274764,0.7865882014251968,1.697013562640434,0.8767147581119393
1526,0.5801478485127589,0.23052669166104117,1.7162624795447412,0.577979904753418
1527,2.4192135127377936,0.8010568035951146,1.7162624795447412,0.8765428451433817
1528,0.5813803739749563,0.2219904654305608,1.7333001221556406,0.5234427584067962
1529,2.4356434500314483,0.8150575236364298,1.7333001221556406,0.872118065230543
1530,0.5820436791375041,0.21510589973649502,1.7480893488876046,0.4500255866720932
1531,2.451717668647598,0.8286080683289414,1.7480893488876046,0.8694275998600509
1532,0.5821352893449908,0.20979489680143484,1.760663737096221,0.38283091706798933
1533,2.4674198630608264,0.8417125845095303,1.760663737096221,0.8688052007137882
1534,0.5813804253099155,0.20602804194936575,1.7711500515939782,0.35389213189784885
1535,2.482665446568572,0.8543060537152302,1.7711500515939782,0.8639634226123916
1536,0.5800497168963185,0.20368134854579695,1.7794734979068643,0.29841077347604994
1537,2.497472894336598,0.8664259469155118,1.7794734979068643,0.8636826376448985
1538,0.5778242728154932,0.20274079589394467,1.785808180502949,0.26376032077017963
1539,2.511746662830318,0.8779963878210217,1.785808180502949,0.8583381116652512
1540,0.5759102783777659,0.20185229034685992,1.791224213748904,0.2801672941904966
1541,2.525491725333196,0.889039617010343,1.791224213748904,0.8557558449355367
1542,0.5749586860867546,0.20003752195447008,1.7967298690913853,0.2994904830655566
1543,2.5386553046063214,0.8995208381029935,1.7967298690913853,0.8525439959346061
1544,0.5745752263131441,0.19784160262087305,1.8018003222716716,0.2844535933702694
1545,2.5512178685450824,0.9094365140761592,1.8018003222716716,0.848677014601892
1546,0.5738325101963784,0.1964013197837285,1.8053490506964003,0.24108921505211797
1547,2.563148876066181,0.9187716733558763,1.8053490506964003,0.8452355149493439
1548,0.5732284247001017,0.19503852019424392,1.808058350877071,0.2733035671611961
1549,2.574430787316548,0.9275226537306717,1.808058350877071,0.8421280553509198
1550,0.5728670174632692,0.19365078341692898,1.8099775505374063,0.2388304808320635
1551,2.5850380604578858,0.9356773671821536,1.8099775505374063,0.8384638625026514
1552,0.5717802156948395,0.19329506411837594,1.8101780867744874,0.21905924118081946
1553,2.5949466099079723,0.9432242795355804,1.8101780867744874,0.8351007720744319
1554,0.5697312161456741,0.1941820009303709,1.8084771728313693,0.2067675126056477
1555,2.604130730990253,0.9501495947385256,1.8084771728313693,0.8314644592078062
1556,0.567899742964198,0.1950079026745677,1.8059647576642626,0.18670326909393295
1557,2.6125696313089635,0.9564432530522691,1.8059647576642626,0.8285049409909501
1558,0.5671792357116834,0.1947789696870108,1.8035618858371503,0.19351012233623122
1559,2.620233005253181,0.9620857281559972,1.8035618858371503,0.8238204205538218
1560,0.5675999387046479,0.19351576839347023,1.801149711719014,0.20302206925617533
1561,2.627109507821944,0.9670739716918613,1.801149711719014,0.8200294359346241
1562,0.5690989609110497,0.19126679469404212,1.798766918050976,0.23147041492811074
1563,2.633183294061475,0.9713999387732181,1.798766918050976,0.8161054334756602
1564,0.5716478352140434,0.18806891056063754,1.7964019623306713,0.2663999516658418
1565,2.6384445669111027,0.9750601913235067,1.7964019623306713,0.8123069171020091
1566,0.5752303872008184,0.1839541770702973,1.7939984421849267,0.2925093371793917
1567,2.6428836115044887,0.9780504707657843,1.7939984421849267,0.8085800285769401
1568,0.5798024016627551,0.17896250413399073,1.791584708724006,0.3327948723178451
1569,2.646491465644941,0.9803663088561378,1.791584708724006,0.8048720450549017
1570,0.5853388368314029,0.17312688467038784,1.7891201245766346,0.3617475776625869
1571,2.649261018625286,0.9820040199292203,1.7891201245766346,0.8011956303669014
1572,0.5918038852023337,0.16648308666426337,1.7865989896975198,0.39636536395049166
1573,2.6511873342705785,0.982960989286143,1.7865989896975198,0.7975651203138282
1574,0.5991611080926557,0.15906720886077336,1.7840601806261553,0.4362599241582932
1575,2.6522681055962583,0.9832360916624656,1.7840601806261553,0.794010125206047
1576,0.6073792161467121,0.15091282285264135,1.7814338854698222,0.4743447169482657
1577,2.652504938921707,0.982830912640472,1.7814338854698222,0.79067079867516
1578,0.6156338806012099,0.14284343785860512,1.7782109016571737,0.4362840729897359
1579,2.651897308298746,0.981744129681699,1.7782109016571737,0.7875312308712841
1580,0.6228177778754632,0.1359667798584044,1.77367019288695,0.36699185698927134
1581,2.650448725082416,0.979977209985782,1.77367019288695,0.784137669878368
1582,0.6285960144772792,0.13062309464794206,1.7676390355645797,0.31469099637234876
1583,2.648173177097772,0.9775408713677863,1.7676390355645797,0.7817776687624409
1584,0.6330380203676317,0.1267596678154743,1.760265679645017,0.26040562566469105
1585,2.6450691354179114,0.9744299103131728,1.760265679645017,0.779714109823887
1586,0.6361933617160189,0.12432412018365084,1.751573423967425,0.21311997422423015
1587,2.6411521561384497,0.9706549476995324,1.751573423967425,0.779012000822859
1588,0.6393586657720064,0.12200730285471093,1.7424104087167023,0.2410083360070337
1589,2.6364335103419,0.966221816645683,1.7424104087167023,0.7775456242798261
1590,0.6434776707844855,0.11879201476512369,1.7332545015884449,0.25843528467674787
1591,2.630923867276094,0.9611348218555275,1.7332545015884449,0.7745476086912912
1592,0.6484491732139441,0.11471485721003455,1.7239698983983813,0.2925168522451095
1593,2.6246400713062297,0.9554050819950053,1.7239698983983813,0.7744194490438374
1594,0.6542639906248434,0.10980797423398607,1.7147191952555403,0.3169907631936968
1595,2.617590656353031,0.9490320655757449,1.7147191952555403,0.7774922554320604
1596,0.6610112815544226,0.10409139548554663,1.7058335034463612,0.3691094835702093
1597,2.609793245770506,0.9420219483828209,1.7058335034463612,0.779773760986842
1598,0.6679357089226347,0.09828255404700956,1.6967513563159753,0.34303015380908886
1599,2.6012720923367474,0.9343910108586594,1.6967513563159753,0.7796829313037954
1600,0.6739972575666378,0.09352492981578375,1.687010696071785,0.2827330268309547
1601,2.592048515398877,0.9261507240832735,1.687010696071785,0.7749846306215619
1602,0.6797902886991015,0.08901156825627288,1.676688558642606,0.31129868249961745
1603,2.5821412705601703,0.9173118743695463,1.676688558642606,0.7811512669751602
1604,0.6865054351141996,0.08373520254115575,1.6668469954245062,0.3605809194923926
1605,2.5715853501363743,0.9078897743772976,1.6668469954245062,0.7765631801278622
1606,0.6926876025627667,0.07888939272295073,1.6562219193751493,0.282463379431466
1607,2.5603814297392025,0.897888713140467,1.6562219193751493,0.7812260573228528
1608,0.6976771002997203,0.07550677011663193,1.64504892860552,0.23042373748422534
1609,2.5485787248297838,0.8873316307053621,1.64504892860552,0.790850567734269
1610,0.7019841881122287,0.07356098663377678,1.6341489181268094,0.23860056023235088
1611,2.536220117246059,0.8762433223116007,1.6341489181268094,0.7850482650233186
1612,0.7052248765795304,0.07299019022286592,1.6228266148007213,0.19078488410296002
1613,2.5233198031123543,0.8646329124618497,1.6228266148007213,0.7899832326642214
1614,0.7084994550412702,0.07256358234294347,1.6116152095318994,0.21932986294627257
1615,2.5099130476038276,0.852520176774984,1.6116152095318994,0.7965849897553396
1616,0.7121985248088141,0.07167013022982252,1.6005823840982907,0.21870837221093034
1617,2.4960373467087322,0.839926734063034,1.6005823840982907,0.792351740885178
1618,0.7150822380118705,0.07138475965343544,1.5889776388323074,0.15797001225673393
1619,2.4816695604082906,0.8268336894844882,1.5889776388323074,0.7979245823673727
1620,0.7168699852137468,0.07236693762316483,1.577159429220331,0.15123254348292586
1621,2.466864295850226,0.8132721571553652,1.577159429220331,0.807057329225928
1622,0.7184156170344584,0.07470868758435491,1.566494793248317,0.20707513152968365
1623,2.4517654291991207,0.7993374419006959,1.566494793248317,0.805184137687489
1624,0.7191267794737055,0.07818167647499939,1.5560412180646273,0.22656537573344435
1625,2.4363412326158036,0.785006023963601,1.5560412180646273,0.8079489572007075
1626,0.7199233417084482,0.08150255519478068,1.5459674653924822,0.19855760488214405
1627,2.4206199898451315,0.7702939541234425,1.5459674653924822,0.8157960223374198
1628,0.7214553043338181,0.08369442166446395,1.536361602903111,0.1717037703745949
1629,2.4046567477297827,0.7552369456407854,1.536361602903111,0.8137511450029038
1630,0.7227269564056831,0.08551248413839979,1.5265943690072385,0.14025391317723956
1631,2.388378690320238,0.7397742290481392,1.5265943690072385,0.8214098122107742
1632,0.7238291484986793,0.0882084542179268,1.5179792121969742,0.18215675358370215
1633,2.372013176729321,0.7240728659986567,1.5179792121969742,0.8247153376581101
1634,0.7250147121450027,0.09075485990338654,1.5099793299693356,0.1452533706928964
1635,2.3555130498625183,0.7080937345397641,1.5099793299693356,0.8259405185134894
1636,0.72657595142497,0.09211139201816153,1.5021573378462718,0.11626756086397931
1637,2.338877463669187,0.691830992866606,1.5021573378462718,0.8298256838517521
1638,0.7282711105646047,0.09228541924037958,1.494232146908543,0.09278995838311145
1639,2.322069190938404,0.675248272509825,1.494232146908543,0.845163882620007
1640,0.731139730077495,0.09158842127389238,1.4877530380031314,0.16415510044245446
1641,2.3054316247997924,0.6586212541580267,1.4877530380031314,0.8396013079496735
1642,0.7337529605672144,0.09108930074438451,1.4819444941062954,0.10952187162988955
1643,2.2888523502831175,0.6418601666322044,1.4819444941062954,0.840017514962193
1644,0.7359660712627478,0.09046494476766453,1.4764092449600885,0.11816180555053434
1645,2.2722774063292173,0.6249188338102436,1.4764092449600885,0.8474665745979936
1646,0.7389767120540004,0.08894830861807757,1.4718757069133999,0.18214082137879914
1647,2.255951085157407,0.6080068490363649,1.4718757069133999,0.8461683424343425
1648,0.7413973714880938,0.08756152233128778,1.4676589277310463,0.11143357777414703
1649,2.2396819270562323,0.5909634770731691,1.4676589277310463,0.8521409677101186
1650,0.743390079666143,0.08741492207314555,1.4649255555299125,0.0940198768540502
1651,2.2237121340573176,0.5740066082545563,1.4649255555299125,0.8548497247757335
1652,0.7449217530207508,0.08842376906495816,1.4636275263897878,0.0975658714264524
1653,2.208061712432077,0.5571669476436714,1.4636275263897878,0.8590424948811702
1654,0.746758255303805,0.08940482217374912,1.4635641127913437,0.0948813147543433
1655,2.1928013814416345,0.5405253025057282,1.4635641127913437,0.8603419660861403
1656,0.7489202545949292,0.08930880882748277,1.4639547421499541,0.11041222273754447
1657,2.1779531001801344,0.5241233123932878,1.4639547421499541,0.8626691137865609
1658,0.7513675234026636,0.08818758824286611,1.4647658375207102,0.14356328795136494
1659,2.1635604538776687,0.5080276013711426,1.4647658375207102,0.8608265722122225
1660,0.7538722246872428,0.08602813028259818,1.4657899429819377,0.19119943555738167
1661,2.149671550840891,0.492315464702146,1.4657899429819377,0.8621699448471117
1662,0.7562103353408381,0.08412456130821253,1.4678208256350191,0.12707355980708204
1663,2.1363387848623843,0.4770756284452702,1.4678208256350191,0.8634056931686294
1664,0.758192768662522,0.0834477755467064,1.471499707761059,0.08392958473232971
1665,2.123631349751976,0.4624216200577985,1.471499707761059,0.8641888114605397
1666,0.7602303756142312,0.08276922756060036,1.4761622864802098,0.11701082480056826
1667,2.111579522091803,0.4484366164471265,1.4761622864802098,0.8653466555722971
1668,0.7625313996870494,0.08112874282334707,1.4811563088702275,0.16481359301276077
1669,2.1002231493872605,0.4352207166561689,1.4811563088702275,0.8646019682797701
1670,0.7649831974256723,0.07855523654283589,1.4863645888688064,0.2144244816529821
1671,2.0895795217142314,0.4228581636295691,1.4863645888688064,0.865095841381861
1672,0.7672113841649878,0.07624064244653105,1.492484168146201,0.14711838801861735
1673,2.07967371820572,0.41144757242851854,1.492484168146201,0.8659166292037934
1674,0.768838947629556,0.075025149319456,1.500033709481436,0.0862840613363653
1675,2.0705587024881,0.40112199578208574,1.500033709481436,0.8747116639734881
1676,0.7707354817566506,0.07518673733612748,1.509685351155252,0.09789088294473168
1677,2.0623840455421223,0.3921162273887042,1.509685351155252,0.8677195468146386
1678,0.7721356363871492,0.07632480551266893,1.5207649936488836,0.08735346817662534
1679,2.055105418712393,0.3844638464408946,1.5207649936488836,0.8672375685281243
1680,0.7734510954326558,0.0773051053805489,1.5325048340391967,0.05874347764903319
1681,2.0487602149450854,0.37827673333135386,1.5325048340391967,0.866440952868759
1682,0.7745245309002918,0.07707333036838325,1.543927976417308,0.07293797964983535
1683,2.0432835380611847,0.3735581773310766,1.543927976417308,0.8686439372031112
1684,0.7758470264290626,0.07590876560101169,1.5553805731813806,0.12453668339828147
1685,2.0388068852690644,0.3704894602475934,1.5553805731813806,0.8725808877177689
1686,0.7777316514247434,0.07400857638767437,1.5670202293363626,0.17658438647999117
1687,2.0353827327393383,0.369147620538314,1.5670202293363626,0.8721156204695532
1688,0.7797177754011745,0.07126838700763355,1.578499301682785,0.22315877219689856
1689,2.0329621161362628,0.369495991295625,1.578499301682785,0.8708490404109784
1690,0.7817192038491507,0.06774148741508289,1.5897386590651823,0.2687180637721092
1691,2.03153910730814,0.3715192126913014,1.5897386590651823,0.8770797230793301
1692,0.7839574453834726,0.0636609118055856,1.6008490363461518,0.3143514029415903
1693,2.0311421700144474,0.37520543555716873,1.6008490363461518,0.8709369392634672
1694,0.7859913165105468,0.05893849933276482,1.611532064933536,0.3586838526936121
1695,2.0317409111202416,0.3804808276191546,1.611532064933536,0.8766764554518194
1696,0.7882113279356816,0.05504235590851629,1.6230484602780821,0.2919692598177535
1697,2.0333993472008722,0.38730714938900485,1.6230484602780821,0.871625189781385
1698,0.7896873114275833,0.05214341530937796,1.6357302851192466,0.21574357217559317
1699,2.0360002348291304,0.3955443467003353,1.6357302851192466,0.8806392640524204
1700,0.7916225328649973,0.05087293909870502,1.6501307457640684,0.17086739433776243
1701,2.0396746841039506,0.4051408946279372,1.6501307457640684,0.8744291412553672
1702,0.7929343008000479,0.05025846677178919,1.6656385993088698,0.10760720234308463
1703,2.0442954635280897,0.4159557967631676,1.6656385993088698,0.8776327168857241
1704,0.7938514723670406,0.05029371493327457,1.6823103873845264,0.0473321994629845
1705,2.0498822687011087,0.4278925616281191,1.6823103873845264,0.8904497432404331
1706,0.7954568075208643,0.051682755196826274,1.7005536780528998,0.09786123837504368
1707,2.056467388171592,0.44081917786115915,1.7005536780528998,0.8806112805311995
1708,0.7967368415577011,0.05359370002276665,1.7198133425626663,0.11059714280762709
1709,2.0639725530556507,0.45463017145174617,1.7198133425626663,0.8822150799688866
1710,0.7978271109660452,0.05524865827401587,1.738991797696349,0.056506405647970784
1711,2.072377131276174,0.4692169475536721,1.738991797696349,0.8831788309082387
1712,0.7982906804600981,0.05566506389908309,1.7571252599699965,0.026543851385914613
1713,2.081623708443909,0.4845488382126377,1.7571252599699965,0.8946075097616029
1714,0.7995264558663602,0.05588903201950766,1.7746104473139952,0.10470941779444541
1715,2.0917402160595024,0.500417019412848,1.7746104473139952,0.889181901840032
1716,0.8005535407020176,0.056107418386475316,1.792186195439677,0.04601204318379583
1717,2.102658532063747,0.5167887477330199,1.792186195439677,0.889495837157131
1718,0.8012181846118754,0.05604156263923196,1.8095791313383576,0.07430929148323122
1719,2.114343494374142,0.5336086751378025,1.8095791313383576,0.8927351597703186
1720,0.8017431355835587,0.055239018579973494,1.8259195066123495,0.12293445539344822
1721,2.126758687146254,0.5507678430723613,1.8259195066123495,0.8991637233182851
1722,0.8025137883623782,0.054083191738374364,1.841344679406553,0.17893470391563027
1723,2.1398596705633186,0.5681967596428836,1.841344679406553,0.8991492697646059
1724,0.8030726461229343,0.05239331097100486,1.8556861642078954,0.22748605676190514
1725,2.1536040637589764,0.5858428586196122,1.8556861642078954,0.9022132109885929
1726,0.8035545192494797,0.050639568025959675,1.8693380190927453,0.24273237456857516
1727,2.167948420160437,0.6036500452302592,1.8693380190927453,0.8990975202698739
1728,0.8039988394944535,0.049436565974969995,1.8833272028861605,0.17086339104268974
1729,2.1828465392695104,0.6215615152844142,1.8833272028861605,0.8974665895376884
1730,0.8042912404528457,0.0483959086334046,1.8970888077526138,0.21776637267062857
1731,2.1982582862620266,0.639541449318466,1.8970888077526138,0.900013640791309
1732,0.8045580251775555,0.04740696305311002,1.909692376244028,0.2665662989597278
1733,2.2141191477163544,0.657505012935783,1.909692376244028,0.8989724549693549
1734,0.8046223740340848,0.0465985339649723,1.92108866821286,0.3159375293896788
1735,2.2303827899319795,0.6754180481740111,1.92108866821286,0.8984879768765229
1736,0.8046819447452066,0.046464018768381056,1.9324709640746571,0.24392548893536264
1737,2.2470085255070673,0.6932560241865692,1.9324709640746571,0.8970822741368505
1738,0.8046982573054026,0.046883914719744665,1.9435780719753109,0.28868113637492837
1739,2.263950782059047,0.7109849969292653,1.9435780719753109,0.8965651880620721
1740,0.8044338928316985,0.04781484526576911,1.9534304283206756,0.33198261686262387
1741,2.2811764825036764,0.7285913424687491,1.9534304283206756,0.8965108532786874
1742,0.803860966682984,0.049501321176038574,1.9620129062217821,0.3741896597292965
1743,2.2986325779983225,0.7460306976486315,1.9620129062217821,0.8999478886251755
1744,0.8033696526911646,0.05256839496203805,1.9693796068146439,0.4209188286892792
1745,2.3162404533079415,0.7632276135953218,1.9693796068146439,0.8948736183798264
1746,0.8027743089472823,0.05617262001410291,1.9766690980847803,0.3431752235956168
1747,2.3339855658275472,0.7801997134535403,1.9766690980847803,0.8952755221120872
1748,0.8023920506148731,0.06052098717467405,1.9836458699684933,0.3879383134254618
1749,2.3517808447769624,0.7968661895719396,1.9836458699684933,0.8918278506972108
1750,0.8014912532607206,0.06552984632852406,1.9892779264073919,0.4236035999853646
1751,2.3696411610650507,0.8132797222348827,1.9892779264073919,0.8910436096292613
1752,0.8002918393534482,0.07145244158252702,1.9935824607135801,0.4612786276031687
1753,2.3874877516292736,0.8293718616117309,1.9935824607135801,0.8901141328534864
1754,0.79899962743609,0.07846975153530386,1.9965748383614659,0.49922062517459037
1755,2.4052536792923673,0.845093503930804,1.9965748383614659,0.88994500908357
1756,0.7976560942464384,0.08657442167692903,1.9982490333887717,0.536022019502033
1757,2.422883954467603,0.8604119583179933,1.9982490333887717,0.8864471310894807
1758,0.796125671754277,0.09559396939974982,1.9986070283044677,0.5759848784527638
1759,2.4403482171585344,0.8753227017770505,1.9986070283044677,0.8837038110777402
1760,0.7948246176230782,0.10455822758850654,1.998908161495051,0.4958286111203315
1761,2.457613517220347,0.8898165643507254,1.998908161495051,0.8819427113768711
1762,0.794101798774367,0.11261402732911283,2.000114082113149,0.41952346275493535
1763,2.4746303535092093,0.9038655950270377,2.000114082113149,0.878618334629609
1764,0.7933146336817994,0.12047607926492027,2.0009289924807874,0.4623286140363756
1765,2.491394814880226,0.9174894920619698,2.0009289924807874,0.8769851204437006
1766,0.7926203378839389,0.12810857539470127,2.001434782046546,0.39290351338790436
1767,2.507826870935729,0.9306272149314261,2.001434782046546,0.874203658754769
1768,0.7922784406372417,0.13471594728065867,2.0025816509180485,0.3313182974185806
1769,2.5239299855789326,0.9433040931379845,2.0025816509180485,0.8759337078579943
1770,0.7928906377769621,0.14068669954421364,2.0043415494950376,0.28737335873529346
1771,2.539572708316654,0.9554092798236806,2.0043415494950376,0.86939102978858
1772,0.7940023482907203,0.14562676840085034,2.0067512886056336,0.2242707852992737
1773,2.554760767854466,0.9669705613320617,2.0067512886056336,0.8654886395534264
1774,0.7953879404410498,0.14940020659307848,2.009798067260511,0.16543078405898123
1775,2.5695117572570907,0.9780237342026025,2.009798067260511,0.865024495679458
1776,0.7968656837523874,0.15325672852185201,2.0120979617561594,0.19989835816929347
1777,2.583712174337036,0.9884775303104466,2.0120979617561594,0.8610444812406356
1778,0.7978000816102017,0.1577404175516516,2.0126603402077747,0.24904021444695393
1779,2.5973698050130154,0.9983571094300425,2.0126603402077747,0.8573384036974508
1780,0.798522623082781,0.16219948560146313,2.0123423964015084,0.21619397197619566
1781,2.6104450571721607,1.0076413794945343,2.0123423964015084,0.8533411124556541
1782,0.799597816459385,0.16593958696166553,2.012252572078696,0.17295357654722873
1783,2.622928113143179,1.016335953316036,2.012252572078696,0.8508552108470265
1784,0.8013129521918124,0.16889960250412636,2.012673862649538,0.144404387938831
1785,2.6347786723987467,1.024417598199125,2.012673862649538,0.8479710725518902
1786,0.8036352619665442,0.17112344228792062,2.0135578027472354,0.12969523195173432
1787,2.6459738276645184,1.0318783609590303,2.0135578027472354,0.8444705425661391
1788,0.8058274492771782,0.17335635226944854,2.013606292334279,0.14025382072084752
1789,2.656487997185022,1.0387071597479571,2.013606292334279,0.8406827479937501
1790,0.8072044660973742,0.17602071056446958,2.011825015571107,0.14295437626534674
1791,2.666295139530633,1.0448919105197305,2.011825015571107,0.8384195737344446
1792,0.8078243337965668,0.1791122831784853,2.0082452047765553,0.17039119759769233
1793,2.675368595714635,1.0504194733730963,2.0082452047765553,0.8336163410368459
1794,0.8076783769508731,0.18256937418302743,2.0029134288982386,0.2020770764523245
1795,2.6836877992360137,1.055281436531925,2.0029134288982386,0.8298074589116978
1796,0.8067823772822091,0.18637055289534096,1.995876592867902,0.24953926215443137
1797,2.6912406720944224,1.0594759321075025,1.995876592867902,0.8268585715938742
1798,0.8052125854179402,0.19058256893105593,1.9871568005416385,0.2844341883716564
1799,2.69800072297685,1.0629882538157054,1.9871568005416385,0.8233496964537145
1800,0.8029534337897059,0.19516870541033024,1.9768089470893364,0.3238773168793041
1801,2.7039628615552926,1.06582109371401,1.9768089470893364,0.8198277080084958
1802,0.8000434772965553,0.20016616172476234,1.9648680555647515,0.3668041843283624
1803,2.70911283638186,1.0679687407442617,1.9648680555647515,0.8154373464881655
1804,0.7964140449110415,0.2054714271219999,1.951415062081366,0.4072036288958752
1805,2.713447305836986,1.0694337947828154,1.951415062081366,0.8129637441237371
1806,0.7921895853050576,0.2112430578168455,1.9364512073582365,0.4398155166258267
1807,2.7169444259216293,1.0702031870702795,1.9364512073582365,0.8090297216431049
1808,0.7873412224164023,0.2174334295328514,1.9200443471013016,0.48043386799668764
1809,2.719597480350573,1.0702757481467857,1.9200443471013016,0.8048056591132692
1810,0.7818689193000108,0.2240302562969178,1.902256595821514,0.5117337846281882
1811,2.72140736666282,1.0696557742265413,1.902256595821514,0.8014539002584745
1812,0.7758252153713953,0.23109629813896904,1.8831219277606057,0.5448668344431181
1813,2.722373588377409,1.0683457616398657,1.8831219277606057,0.7980094843854185
1814,0.7692156227797907,0.23862373873128823,1.8626997318456937,0.5777527181110482
1815,2.722499016005978,1.0663501977051217,1.8626997318456937,0.794828272133017
1816,0.7620392191845323,0.24658952423382913,1.8410583057107166,0.612583587324193
1817,2.7217854351852777,1.0636721185045022,1.8410583057107166,0.7918056079823382
1818,0.7543149764981135,0.254996348361347,1.8182547135966478,0.636361298793292
1819,2.720240583653602,1.0603184840070468,1.8182547135966478,0.7893800531752619
1820,0.74612147735855,0.26394533293340944,1.7942998201604958,0.6716220194314827
1821,2.7178626005447404,1.0562886567201262,1.7942998201604958,0.7879409725586347
1822,0.7376741586192729,0.27322692393487114,1.7695463262151965,0.6679166585687927
1823,2.714660831393137,1.0515900296089853,1.7695463262151965,0.784713977797671
1824,0.7289264448348274,0.2828355613062205,1.7440010076603227,0.6962785383317334
1825,2.710646265398587,1.046230704692662,1.7440010076603227,0.7822695462423356
1826,0.7196510171669279,0.2927937152866336,1.7175460280192956,0.7184531324896701
1827,2.7058363998863215,1.0402224591049771,1.7175460280192956,0.7813510165848181
1828,0.7099823167421077,0.3033127327879849,1.6901325104784075,0.7495742895740027
1829,2.700232409913004,1.0335663440400156,1.6901325104784075,0.7800485271925245
1830,0.6999729718112184,0.3141635887257908,1.662023600626543,0.7613607467382334
1831,2.6938543838464617,1.026275555758965,1.662023600626543,0.7806934965798246
1832,0.6907783685588667,0.32489300882310673,1.6341916088032864,0.6838349952847683
1833,2.6867169618341618,1.0183599894581172,1.6341916088032864,0.7827604707703021
1834,0.683132597846359,0.3349803165471213,1.6073920343684396,0.5988877699741507
1835,2.6788391871720307,1.0098322596508305,1.6073920343684396,0.7775932890463033
1836,0.6756652010836617,0.34452757743167794,1.5808662465937353,0.617432356749198
1837,2.6702384961395897,1.0006990582996056,1.5808662465937353,0.7829605393022071
1838,0.6677687786080867,0.3546968790687512,1.5534521179280087,0.6495615542370635
1839,2.6609383035832783,0.9909834655109386,1.5534521179280087,0.7781357857846058
1840,0.6591062111619078,0.3646138302249899,1.5257142447522491,0.663009699091771
1841,2.650941327227945,0.9806721814403088,1.5257142447522491,0.7875694697901
1842,0.6500977280731504,0.3753176348603131,1.4971693809604092,0.7102170729776681
1843,2.640307163694184,0.9698254824160093,1.4971693809604092,0.7813133123659615
1844,0.6415701122623044,0.3853300667252182,1.4692969510258433,0.6093088766446818
1845,2.6290211381525346,0.9584132442435672,1.4692969510258433,0.7859604753010403
1846,0.6345568759007222,0.3944924793708873,1.4426744670881442,0.5364074793492539
1847,2.61712529790524,0.9464711017318204,1.4426744670881442,0.7946789172041568
1848,0.6292573249111171,0.40376600250035893,1.4165483784190502,0.4921910278289847
1849,2.604688106666407,0.9340570873549504,1.4165483784190502,0.7957395071834376
1850,0.624179262155922,0.41279910943796116,1.3907199426642154,0.5288897434764679
1851,2.591714538035783,0.9211651703477337,1.3907199426642154,0.794821776923306
1852,0.6195294212491264,0.42148137545041836,1.3653935272922122,0.4605436608997073
1853,2.578235563779921,0.9078162428628063,1.3653935272922122,0.8011764030813386
1854,0.6162671082083434,0.42955367347353474,1.3411010574349023,0.4013445246070965
1855,2.564284173809527,0.8940330708522913,1.3411010574349023,0.8004091998673242
1856,0.6131259751267552,0.43740596781208474,1.3171974643559075,0.43752463853409435
1857,2.5499028462751863,0.8798473292481157,1.3171974643559075,0.8027440963715804
1858,0.6100787660513677,0.4449871177335338,1.2937719378872423,0.3900782650098743
1859,2.535123520979277,0.8652807858556825,1.2937719378872423,0.8067639531544628
1860,0.6081486020414886,0.4520630438018983,1.2713138986614203,0.33924653423651013
1861,2.5199709140216484,0.8503487041083276,1.2713138986614203,0.8095755347602901
1862,0.6062680449145895,0.4589426936411217,1.2493627502427083,0.3730183177110994
1863,2.504501481311801,0.8350963711899542,1.2493627502427083,0.8098235569593318
1864,0.6038697752338372,0.4653105001035099,1.2280482854595367,0.33778697473901376
1865,2.4886763555455755,0.8194802215564188,1.2280482854595367,0.8218088839868876
1866,0.6019031219916854,0.47188127935013147,1.2071437029567944,0.32395006371600205
1867,2.4726660620453886,0.8036532754526707,1.2071437029567944,0.8166908784524678
1868,0.5996410817246082,0.4780738214566094,1.1870100177901806,0.33236905627720875
1869,2.456431044681512,0.7875727067685381,1.1870100177901806,0.8251926573104145
1870,0.5964548055114126,0.4844227211754,1.1671508545300084,0.36336413772174087
1871,2.4400492942206014,0.7713068316431756,1.1671508545300084,0.824812526698263
1872,0.5923357459290756,0.4906704013258574,1.1479168583137214,0.40004388509309985
1873,2.4235522072144873,0.7548814951329692,1.1479168583137214,0.8261402415405689
1874,0.5885414692563075,0.49656760186421617,1.1297926084752903,0.3260137226644943
1875,2.40695409895968,0.7383075908039716,1.1297926084752903,0.8308298175171569
1876,0.5848631615176012,0.5024686823001613,1.112505704972205,0.3630216448347275
1877,2.3903367568640057,0.7216616791283977,1.112505704972205,0.8334073905816266
1878,0.5802681255371585,0.5083207421997497,1.0960881202118231,0.39891920420547483
1879,2.373737985102802,0.7049807738552685,1.0960881202118231,0.8347774528570212
1880,0.5759991242786255,0.5137582435512587,1.081032974223782,0.32839878732856914
1881,2.3571441858901077,0.6882545043209497,1.081032974223782,0.8404740266320264
1882,0.5731110709386757,0.5192296081854215,1.0670866987753072,0.2875801822594613
1883,2.3407209135065266,0.6716478448288504,1.0670866987753072,0.8459594762880744
1884,0.5702759884603191,0.5246078525898147,1.0542960810136632,0.31297751096911774
1885,2.32447538970866,0.6551768845870406,1.0542960810136632,0.8453900514953928
1886,0.5664670512740257,0.5298313433672124,1.0428072116197422,0.33847688665957043
1887,2.308462762836406,0.6389073844657169,1.0428072116197422,0.8450307529833498
1888,0.561722517567563,0.534935333751847,1.0327070724120508,0.3669236235173701
1889,2.2927280210672354,0.6228990838771332,1.0327070724120508,0.8464333856681604
1890,0.5560905920896038,0.5400359527738503,1.024010586679068,0.40005390778092986
1891,2.277325464482515,0.6072250627270321,1.024010586679068,0.8469790665138383
1892,0.5495708943501164,0.5448914551851989,1.0170619086977593,0.4291027011458314
1893,2.2622728982468896,0.5919266673673487,1.0170619086977593,0.8491125247171568
1894,0.5422303454237402,0.549770389030177,1.0117386990828339,0.4606524597410957
1895,2.2476522015501996,0.5771134930668242,1.0117386990828339,0.8515122857327788
1896,0.5341215465403576,0.5548849144298275,1.0079627878656383,0.4974076387670751
1897,2.2335477232556644,0.5629028648799379,1.0079627878656383,0.8505720143625801
1898,0.5252427854559667,0.559988136766739,1.0060624710074424,0.5284493947438739
1899,2.2199829206822095,0.5493559953399979,1.0060624710074424,0.8513176762989482
1900,0.5156321732503806,0.5651741811914441,1.0060311505479949,0.5611626159918663
1901,2.207006799684443,0.5365638102896072,1.0060311505479949,0.8513793608053858
1902,0.5053147465279617,0.5704346272989875,1.0079441562682694,0.5946807969251284
1903,2.1946549234649186,0.5246075522521666,1.0079441562682694,0.8512304268945632
1904,0.4942975890492064,0.5756143241950241,1.0119964232558738,0.6205228603267816
1905,2.182934018868219,0.5135431157017095,1.0119964232558738,0.8520021342019941
1906,0.48262457584958596,0.5808454856183217,1.0181065657239716,0.6570123052107566
1907,2.171908464048924,0.503485962614099,1.0181065657239716,0.8537672518628776
1908,0.4714335308458081,0.5863657222117461,1.02557771821958,0.5963042800945565
1909,2.1617014844965294,0.49460774943892294,1.02557771821958,0.8526276982324072
1910,0.46170766052437434,0.5916490547289386,1.0342407213044391,0.5147154975924628
1911,2.15227166233686,0.48691746335378716,1.0342407213044391,0.8529001300224991
1912,0.4535206174923719,0.5965457928708856,1.043946330983939,0.43932780907287194
1913,2.143641069167072,0.4804840469366753,1.043946330983939,0.8586091552468542
1914,0.4468589575951834,0.601640330953677,1.053973135345012,0.3823920692128049
1915,2.1359506095270104,0.47547719245556674,1.053973135345012,0.8527198671185389
1916,0.44034592000958217,0.6060856487445111,1.0656505918379298,0.4027554013262844
1917,2.1290606006317363,0.4718045068872673,1.0656505918379298,0.8558044423866441
1918,0.4330193215553815,0.6107656838092184,1.0787115930452988,0.4508009100342259
1919,2.123161615376783,0.46965469159877776,1.0787115930452988,0.8599249547433377
1920,0.4249428871195598,0.6157601385284714,1.093031360189924,0.4792620749218367
1921,2.1182645710758647,0.46903833136128,1.093031360189924,0.8603152260275909
1922,0.41612486078945093,0.6207746352812334,1.1088219934021213,0.5121291045051866
1923,2.1143482665475597,0.469928567233149,1.1088219934021213,0.8549373192189672
1924,0.4065377050167613,0.6253123015725204,1.1264903975916276,0.5394086886604377
1925,2.1113392270232794,0.47225826435511853,1.1264903975916276,0.8618301202767862
1926,0.39625331248440393,0.6303685679645175,1.1451127871189442,0.5765009142741347
1927,2.1093995021709744,0.47610321425151686,1.1451127871189442,0.8594851525373616
1928,0.3852777175880875,0.6354376112388359,1.1650559052861746,0.608321657397244
1929,2.108476129034189,0.48137652424369604,1.1650559052861746,0.8573433153292099
1930,0.37388502648091465,0.639906946666109,1.1866014677113368,0.6044911500430029
1931,2.1084591188115027,0.48797545941714443,1.1866014677113368,0.8725338718558046
1932,0.3620765199127205,0.6452454254415323,1.208464922575226,0.6524126573706882
1933,2.109554207757471,0.4959226928419912,1.208464922575226,0.8642664082508202
1934,0.35088995929816763,0.6504156980492896,1.2305823442606858,0.5654381555920872
1935,2.1116554383970882,0.5050921713596077,1.2305823442606858,0.8663522378480089
1936,0.3400639761400017,0.655592095552265,1.2529296727845223,0.5983751365401615
1937,2.1147502431896066,0.5154004883885402,1.2529296727845223,0.8747319300606573
1938,0.32857818894207885,0.6609785495662537,1.2760955766575521,0.6298975074788412
1939,2.118842153361177,0.5267608290580036,1.2760955766575521,0.8651469837796959
1940,0.31644002818903033,0.6656186027458332,1.3007856235989441,0.6456523609288867
1941,2.1238371228872563,0.5391069662068565,1.3007856235989441,0.8791852558742004
1942,0.3037028274250787,0.6711760887392461,1.3255954068541809,0.6939963287024268
1943,2.1298629571624503,0.5523150284330781,1.3255954068541809,0.8794470965136136
1944,1.0851598202264527,0.6767267773633391,1.3500811013749048,0.614584895687233
1945,2.136827824675044,0.5663020986385996,1.3500811013749048,0.8715385956954754
1946,1.0849973006253795,0.6814270107839531,1.373973108565118,0.5159797637723855
1947,2.14464954154719,0.5810552813045509,1.373973108565118,0.8798694486789101
1948,1.0851426509531783,0.6857366325253536,1.3967030122227648,0.4426731293299681
1949,2.1533734159624482,0.5964421039861758,1.3967030122227648,0.8845880284901836
1950,1.08635702973696,0.6905034709476426,1.4177447693360714,0.40094619374094836
1951,2.16297488997607,0.612355442216946,1.4177447693360714,0.8827155312695595
1952,1.0877466664918272,0.6947607633809298,1.4377937325132497,0.3127899745493758
1953,2.173386313810846,0.6288284648179051,1.4377937325132497,0.8905326222561039
1954,1.0897179969646955,0.6989776401592906,1.456373884438964,0.26779361909542554
1955,2.1846077775839188,0.6456866087327845,1.456373884438964,0.8979109502504004
1956,1.0928524211697423,0.7038627791367038,1.4731912879410232,0.27656207810248273
1957,2.196589994624369,0.6628356249876007,1.4731912879410232,0.8920699414533749
1958,1.096270276694197,0.7084301134147468,1.4887680761259272,0.23780325308299374
1959,2.2092830951810565,0.6802758027070699,1.4887680761259272,0.8947857718240083
1960,1.099919944839999,0.7126413655198113,1.5031924138669481,0.2071919532572979
1961,2.2226577590786674,0.6980018102920518,1.5031924138669481,0.9024561961182989
1962,1.1044084279410213,0.7172441821543355,1.5160467044016963,0.23456262882427062
1963,2.236658029242502,0.7158566031452311,1.5160467044016963,0.9018833940284222
1964,1.108624148093103,0.7216108545346145,1.5287719341325137,0.2038830733604589
1965,2.2512474173363075,0.7338418153507812,1.5287719341325137,0.9029488774480317
1966,1.1120001893455402,0.7255938509509158,1.542291598181273,0.19047971931864613
1967,2.2663843760452282,0.75191393992669,1.542291598181273,0.9039499672764164
1968,1.1144479285534319,0.7290550115765435,1.5565880482679777,0.1833965759068928
1969,2.2820305263849767,0.7700397214327247,1.5565880482679777,0.908220919965752
1970,1.116327922792634,0.7324116003132706,1.5714106718682916,0.21711839763974336
1971,2.2981221216251915,0.7881321272360629,1.5714106718682916,0.9059664666977134
1972,1.1172494403399729,0.7351593057041816,1.586884934425082,0.242126399358282
1973,2.3146273299589364,0.8061850056626977,1.586884934425082,0.9068884502111232
1974,1.117366584199922,0.7374645008360655,1.6028955285941358,0.26597383777536304
1975,2.33150226160047,0.8241624077512835,1.6028955285941358,0.907504669897766
1976,1.1166616302941355,0.7392810075109343,1.6194128313245737,0.3020847495422984
1977,2.348716923567555,0.8420535078232012,1.6194128313245737,0.9089457940109269
1978,1.115358793408074,0.7408825294305137,1.6362499216706758,0.3379040852790299
1979,2.366189685601309,0.8597631597330107,1.6362499216706758,0.9086693721328662
1980,1.113380165794052,0.7421571802699597,1.653422468096104,0.3733961363922275
1981,2.383895138753855,0.8772946328725673,1.653422468096104,0.9100559464096546
1982,1.1109323794605717,0.743377828464627,1.6707981708491477,0.41300962054758905
1983,2.4017554574995486,0.8945712065578305,1.6707981708491477,0.907332869075871
1984,1.1075771489379271,0.743933590919341,1.6885045407306,0.4388410502655832
1985,2.4197863293976596,0.9116521157904103,1.6885045407306,0.9119248798538309
1986,1.1038149018877372,0.744506854320784,1.7063052944061607,0.48550476302161705
1987,2.437866388711181,0.9284043730184284,1.7063052944061607,0.9062805877393474
1988,1.0992950241101445,0.7445982900534055,1.7242803604247192,0.5122835245635332
1989,2.456001131019131,0.9448709794849051,1.7242803604247192,0.9075876352960596
1990,1.0942707914652299,0.7445584376169097,1.7423062342966233,0.5538448255762141
1991,2.4741047201581203,0.9609744253263994,1.7423062342966233,0.9040280896332052
1992,1.089398090672832,0.7445525176653532,1.759339619910523,0.49093907866925823
1993,2.4921582391548,0.9767231347839153,1.759339619910523,0.905259218758134
1994,1.0855625706525938,0.7450856372122309,1.7743022621432063,0.41957891269984915
1995,2.510099213226025,0.9920716877529819,1.7743022621432063,0.9011665988875558
1996,1.0818485277160144,0.7456683299317247,1.7883259890612846,0.4555856712944787
1997,2.5278828668751547,1.0069968740407191,1.7883259890612846,0.8989646824458454
1998,1.077415159002204,0.745844892987563,1.8024268724509656,0.48515800643975815
1999,2.545472356334171,1.0214840436476418,1.8024268724509656,0.8952987467433392
