sample,d_goal,d_hazard,d_agent,speed
0,0.789164425850718,0.5964015180573957,1.2523710676770363,0.0
1,1.3135703513447516,0.5993568773889589,1.2523710676770363,0.0
2,0.7900593851281983,0.5970996797132374,1.2534945865757552,0.06788557006001802
3,1.314087602007326,0.5999517750106571,1.2534945865757552,0.07719810805827433
4,0.7911763918986338,0.5977319667682217,1.2559861099182918,0.05123939142386598
5,1.314430759093897,0.6004690789391732,1.2559861099182918,0.12065825942934381
6,0.7918584750064032,0.5972845795982161,1.2598379738200929,0.07637734196567349
7,1.3144332991440397,0.600736420147081,1.2598379738200929,0.1667724188061455
8,0.7925627946694901,0.5970229280281608,1.264521291209522,0.04348471634715378
9,1.3141655603350388,0.6008295641426038,1.264521291209522,0.2128968553927302
10,0.7933626258800727,0.5970636564564195,1.2699819626856794,0.047112509966052526
11,1.313707651296909,0.6008362075579773,1.2699819626856794,0.25789991251737304
12,0.7939749815124069,0.5963724552921384,1.2766763913617072,0.08767724699058246
13,1.3131397039047272,0.6008455942507989,1.2766763913617072,0.30137019363805223
14,0.7943998363457444,0.5947311417695076,1.284732679414842,0.13496725399232049
15,1.3125411260085358,0.6009473852469902,1.284732679414842,0.3431430716075609
16,0.7947019113984913,0.5922007564859862,1.2941270327915595,0.18284713063470326
17,1.311990200696809,0.6012308255968194,1.2941270327915595,0.3831529887787706
18,0.7949595828397682,0.5890311928751445,1.3046975744435605,0.20982426510571844
19,1.311563673955387,0.6017838393940591,1.3046975744435605,0.42138018519519144
20,0.7952236038184997,0.5856300146822274,1.316123002740758,0.2130513941787729
21,1.311336318871483,0.6026920466599854,1.316123002740758,0.4578284794628632
22,0.7954337871926527,0.5827984336112023,1.327636739124518,0.14553535513020208
23,1.3113804801779991,0.6040377186124097,1.327636739124518,0.4925148963171712
24,0.7954814741259493,0.5809785533115851,1.3387051305087967,0.08127945158689309
25,1.311765604895874,0.605898696800846,1.3387051305087967,0.5254643789861282
26,0.7952669735483028,0.5800337555081903,1.349267644005832,0.02672770112132846
27,1.312557766185905,0.6083473093612866,1.349267644005832,0.5567068953764172
28,0.794675313639603,0.5798365457726592,1.3592360270515393,0.04672439445546602
29,1.3138191887314845,0.6114493238472275,1.3592360270515393,0.5862757579172595
30,0.7937727029608275,0.5804146012034593,1.3686068887347695,0.1027298198071415
31,1.315607784977841,0.6152629797966136,1.3686068887347695,0.6142065972409649
32,0.7928961637721201,0.5809861026524947,1.378351976839314,0.05532876597042898
33,1.3179767122675712,0.6198381445933229,1.378351976839314,0.640536706408582
34,0.792390931016198,0.5809160285698808,1.389342052977198,0.018620327966227024
35,1.3209739612588645,0.6252156327988516,1.389342052977198,0.66530460433933
36,0.7922620180188065,0.5801600433866491,1.4015727781155005,0.06271997076852844
37,1.3246419859299952,0.6314267219583555,1.4015727781155005,0.6885497337788579
38,0.7925772852193197,0.5788102583951558,1.4150010362616245,0.11405271788661382
39,1.329017384923538,0.6384928874554964,1.4150010362616245,0.7103122445241812
40,0.7933716379774152,0.5769328661159755,1.4295665984932189,0.1643846722534628
41,1.3341306429591928,0.6438607409209502,1.4295665984932189,0.7306328322107999
42,0.7946483837292548,0.574563498982907,1.4451986600864166,0.21310275857510574
43,1.3400059395725508,0.6290557981976805,1.4451986600864166,0.7495526142189216
44,0.7957820877575772,0.5723125811763244,1.4606166332565806,0.15142995466632828
45,1.346661030581313,0.6139261646340659,1.4606166332565806,0.7671130309322434
46,0.7969801867560454,0.5701540604266886,1.476036021507187,0.19671450145330174
47,1.3541072055347818,0.5985252196399554,1.476036021507187,0.7833557646603465
48,0.7980102123141407,0.5680707072191921,1.4911553681082022,0.14105396723840835
49,1.3623493220858454,0.5829101035264841,1.4911553681082022,0.798322671091029
50,0.799128300412857,0.5660987732148254,1.5061965038204714,0.18946315718846832
51,1.3713859158703656,0.5671421252857256,1.5061965038204714,0.8120557197774061
52,0.8009506581945205,0.5639028928275375,1.522115902809727,0.22989891946914462
53,1.3812093822222793,0.5512872200863163,1.522115902809727,0.8245969412372591
54,0.8026510740162023,0.5618734879874543,1.537581999716258,0.1646603187214873
55,1.3918062240193032,0.5354164520309995,1.537581999716258,0.8359883789574675
56,0.8035563581690572,0.5602698169404319,1.5515474483171823,0.10382189605570027
57,1.4031573582484909,0.519606552264128,1.5515474483171823,0.8462720450814476
58,0.8035930047805979,0.5589353153984545,1.5640193592076694,0.06464602366351414
59,1.4152384725787108,0.5039404744032381,1.5640193592076694,0.8554898788913841
60,0.803730411990358,0.5576711512877908,1.5762544820424276,0.09978450246209895
61,1.4280205145344642,0.48850869146953496,1.5762544820424276,0.8634424293315144
62,0.804726078673581,0.5563341709747295,1.5892007653933145,0.14111351856345372
63,1.44146906705559,0.4734219982827432,1.5892007653933145,0.8702796066186628
64,0.8055193147754893,0.5549699778441133,1.6015700180765888,0.08555821577353742
65,1.4555468025474187,0.458773056799182,1.6015700180765888,0.8765920381336588
66,0.8053587440431399,0.5537212181186166,1.612341623648654,0.07192869847151388
67,1.4702131369118343,0.4446710963694144,1.612341623648654,0.8820190677977503
68,0.8053336112605647,0.5525901665008586,1.6227384288048414,0.08204735472730681
69,1.4854240888411854,0.4312359290561716,1.6227384288048414,0.886586127205633
70,0.8062393309050763,0.5514918039254799,1.6337151680498725,0.12258982411344975
71,1.5011330860438918,0.4185943635028502,1.6337151680498725,0.8903332871314413
72,0.8069791543448614,0.5504017368729124,1.6440044531982732,0.07316236618068755
73,1.517291414417174,0.40687876380836646,1.6440044531982732,0.8933009145484568
74,0.8077814773698629,0.5493561340120798,1.6538080416054224,0.12153441460103508
75,1.5338486434470051,0.39622489213483403,1.6538080416054224,0.8955290461382345
76,0.8095448474979582,0.5484602589218867,1.6640283703794765,0.16398667198598232
77,1.5507530288171987,0.3867687957074691,1.6640283703794765,0.8970573305078642
78,0.8122704893673757,0.5478016527132792,1.6745583560021022,0.20812220852753313
79,1.5679518895491629,0.3786426793580346,1.6745583560021022,0.8979249940166654
80,0.8159089516973156,0.5473536293277534,1.6853436869728946,0.2579007883917386
81,1.5853919575872297,0.3719698502257461,1.6853436869728946,0.8981708075647159
82,0.8204525271898148,0.5471868031707167,1.6962929465611722,0.297469930311598
83,1.6030196986697656,0.3668590149971795,1.6962929465611722,0.8978330533330197
84,0.8246756349867991,0.546946902381041,1.7063122392501715,0.2367777829707696
85,1.6207816041474281,0.36339842386230986,1.7063122392501715,0.8969494913673358
86,0.8288678156040936,0.5468369463927039,1.7155235341864505,0.2833401890724657
87,1.6386244540930033,0.3616505306310634,1.7155235341864505,0.8955573259424432
88,0.8339595942071447,0.5470430288130451,1.7248145896619556,0.3228155783585883
89,1.6564955525925453,0.36164790377864736,1.7248145896619556,0.8936931716534421
90,0.8399579394290945,0.5477035175831846,1.7340549322691239,0.3624563605247535
91,1.6743429365231983,0.36339102432209686,1.7340549322691239,0.8913930191900494
92,0.845605581580987,0.5483207925749091,1.742243983106937,0.3011985401750404
93,1.6921155594213972,0.36684833958204005,1.742243983106937,0.8886922007605905
94,0.8511656128502411,0.5490441310075683,1.749530704695922,0.3395153105734335
95,1.7097634522410496,0.37195856850434206,1.749530704695922,0.8856253551449648
96,0.85762621304906,0.5502761067034665,1.7566855615074566,0.38087717415202976
97,1.7272378629105865,0.378634881808306,1.7566855615074566,0.8822263923706318
98,0.8649611379795141,0.5520545925398279,1.763644735391125,0.4203569405314297
99,1.744491376636142,0.38677031591643185,1.763644735391125,0.8785284580228475
100,0.8719047178798831,0.5537933290660345,1.7694689736071714,0.3499223397631255
101,1.7614780188804746,0.39624368393739295,1.7694689736071714,0.8745638972202321
102,0.8774702280778446,0.5549716663622121,1.773467602053517,0.2840733471491006
103,1.7781533428868959,0.4069253151425065,1.773467602053517,0.8703642183093198
104,0.8829473052492218,0.5562111029360775,1.7765731712644721,0.33153751038007273
105,1.7944745035262588,0.41868213152032613,1.7765731712644721,0.8659600563571016
106,0.8893499561031687,0.5581028048475458,1.7794288765803197,0.36666106756556655
107,1.8104003191328495,0.43138178455488196,1.7794288765803197,0.8613811365485652
108,0.89539917106835,0.5599743188573072,1.7811502256382903,0.29601713257210166
109,1.8258913228700837,0.44489576886937965,1.7811502256382903,0.8566562376266923
110,0.9000885415563232,0.5611109270738481,1.7812263883779371,0.2434589246085556
111,1.8409098050357855,0.45910157016161013,1.7812263883779371,0.8518131555448784
112,0.9047253797428051,0.5623676424884992,1.7803962276931253,0.27483682345125526
113,1.8554198475846029,0.47388398654376945,1.7803962276931253,0.8468786675357991
114,0.9090660604557977,0.5634922975259603,1.778629934867424,0.21670360133409883
115,1.8693873520156887,0.4891357945246205,1.778629934867424,0.8418784968356808
116,0.9121119241619711,0.5638868834895543,1.7753110220184898,0.15685236335112643
117,1.8827800616498163,0.5047579290458916,1.7753110220184898,0.8368372783378722
118,0.9139118119077442,0.5634908558195592,1.7705854025579026,0.11778584522647706
119,1.89556757920355,0.5206593262076986,1.7705854025579026,0.8317785254836295
120,0.9145152993542189,0.5623045551404943,1.764541832403348,0.10017877270751706
121,1.9077213804600561,0.5367565489286845,1.764541832403348,0.8267245987298849
122,0.9139661305315795,0.5603971808849718,1.7571912277598067,0.11628703792851909
123,1.919214824737251,0.5529732869603876,1.7571912277598067,0.8216966759623585
124,0.9135598500418914,0.5586449990794089,1.74924683664419,0.1055990236732845
125,1.9300231627643747,0.5692397971734996,1.74924683664419,0.8167147252462306
126,0.9143019980580531,0.5577488551425113,1.7412225713601606,0.11841748210078891
127,1.9401235424976304,0.585492329294873,1.7412225713601606,0.8117974803245022
128,0.916146633944715,0.5577071668328734,1.733069877720573,0.14673235027232795
129,1.9494950133338458,0.6016725663816934,1.733069877720573,0.8069624192846925
130,0.9190524842014499,0.5584923901235235,1.7247847340702553,0.18886467964357456
131,1.9581185291176784,0.6177270976946604,1.7247847340702553,0.8022257468165361
132,0.9229776926805742,0.5600972779489902,1.716347863372786,0.23202980721486768
133,1.965976950282059,0.6336069334651201,1.716347863372786,0.797602380475689
134,0.9278823019120512,0.562512135814598,1.7077530555599891,0.27582533256412056
135,1.973055045412648,0.6492670655326356,1.7077530555599891,0.7931059413503584
136,0.9337257290053644,0.5657387374814075,1.6989870658978157,0.3198019847987239
137,1.97933949248441,0.664666074256606,1.6989870658978157,0.7887487494986907
138,0.940467990417036,0.5697797204196553,1.6900425164709034,0.3611033086334992
139,1.9848188799811903,0.6797657799140157,1.6900425164709034,0.7845418244845009
140,0.9480784990624329,0.5746004755940798,1.680974541029873,0.4007855273396304
141,1.989483708076784,0.6945309355552274,1.680974541029873,0.780494891287779
142,0.9565212144893889,0.5802010818895004,1.6717960214236864,0.443351350764603
143,1.9933263900276779,0.7089289576852259,1.6717960214236864,0.77661639180501
144,0.9657593007771613,0.5865862477162617,1.6625176580224559,0.48130902875962717
145,1.9963412539027987,0.7229296909438978,1.6625176580224559,0.7729135020838417
146,0.9757682873226942,0.5937197957158682,1.6532215622045343,0.5178661502650231
147,1.9985245447535456,0.7365052030193526,1.6532215622045343,0.7693921553585845
148,0.9865118145778118,0.6016127360756974,1.643920325361249,0.5549688703799351
149,1.9998744273075564,0.7496296062367979,1.643920325361249,0.7660570708693166
150,0.9979623592104674,0.610247785075526,1.634677241126328,0.5897534121825445
151,2.0003909892513962,0.7622789025516061,1.634677241126328,0.7629117883603121
152,1.0100927726298456,0.619610645274215,1.6255563884083941,0.6238961833820623
153,2.0000762451501632,0.7519894088413482,1.6255563884083941,0.7599587080655175
154,1.0228644867693057,0.6297171249860222,1.6165691680209788,0.655789683509674
155,1.9989341410352282,0.738269327596542,1.6165691680209788,0.7571991359024586
156,1.0362615966404667,0.6405254266466073,1.6078368366780833,0.6868327876285517
157,1.9969705596744602,0.7242683236878161,1.6078368366780833,0.7546333335139157
158,1.050249284022381,0.6520413323846768,1.5993933939132132,0.7147103875950397
159,1.9941933265216907,0.7100208244764201,1.5993933939132132,0.7522605727212953
160,1.0635849834468436,0.6631118334996245,1.590893056371912,0.6308512801255326
161,1.9906122163233033,0.6955638810164887,1.590893056371912,0.7500791938871714
162,1.0753240873841177,0.6727936823746178,1.582119077754879,0.5519173726162374
163,1.9862389603390382,0.6809373627304536,1.582119077754879,0.7480866676288276
164,1.0854996564433694,0.6811591775360799,1.573035637702568,0.4782230494991882
165,1.9810872541107418,0.6661841682648069,1.573035637702568,0.7462796592811839
166,1.0953992647339157,0.6893665055869027,1.5642121189156513,0.5114442795083435
167,1.975172765686188,0.6513504508622103,1.5642121189156513,0.7446540954773551
168,1.10479631257262,0.6971970440848406,1.555629136816811,0.4357177831946617
169,1.968513144174532,0.6364858550805994,1.555629136816811,0.7432052321985985
170,1.1127527639397248,0.7036896355369464,1.5470698213262646,0.36291796955756944
171,1.9611280284746488,0.6216437596209133,1.5470698213262646,0.7419277236426386
172,1.1193311039290545,0.7088766496412372,1.538614623295905,0.3039050511993719
173,1.9530390559767628,0.6068815182533136,1.538614623295905,0.7408156912697222
174,1.1257538895536205,0.7140104036616913,1.5306616411388225,0.33927207498588785
175,1.9442698709905728,0.5922606872146831,1.5306616411388225,0.7398627924083748
176,1.1329784453375387,0.7200632914287183,1.5235892301674077,0.37649976797145757
177,1.9348461325985973,0.5778472228642264,1.5235892301674077,0.7390622878363502
178,1.1398170135747152,0.7257788854747944,1.5171472453572377,0.3161570112450986
179,1.9247955215709012,0.56371162776386,1.5171472453572377,0.7384071077951269
180,1.14647425974934,0.731418804813872,1.5113807357225304,0.35023958587509985
181,1.9141477459058078,0.5499290167506322,1.5113807357225304,0.7378899159467786
182,1.1538681203012262,0.7379781575234766,1.5065948723409281,0.386769590959558
183,1.9029345444798675,0.5365790672537234,1.5065948723409281,0.7375031708381825
184,1.1608669642029121,0.7441702541193965,1.502624022264488,0.3242981178921837
185,1.8911896881985497,0.5237458106681416,1.502624022264488,0.7372391844975519
186,1.1676622036173432,0.7502538679946736,1.4994885493598598,0.36166863905130014
187,1.878948977936305,0.5115172150776623,1.4994885493598598,0.7370901778502915
188,1.175165708597922,0.7572318154392498,1.4974953608343415,0.398305838297119
189,1.8662502384405397,0.4999845056406175,1.4974953608343415,0.7370483327035312
190,1.1833452887565867,0.7650701610081347,1.4967003255318185,0.4404016313977554
191,1.8531333072487466,0.48924116974618465,1.4967003255318185,0.7371058401099028
192,1.1921299495185331,0.773735616127693,1.497080647621071,0.47342024302415564
193,1.8396400175321015,0.47938160233047383,1.497080647621071,0.7372549449798151
194,1.2014923724244453,0.7831920172829672,1.498687413107666,0.5094636000827352
195,1.825814173633518,0.4704993652944681,1.498687413107666,0.7374879868667041
196,1.211377711643506,0.793401754709312,1.501514058375202,0.5382311137944354
197,1.8117015179154716,0.4626850658554399,1.501514058375202,0.7377974369005296
198,1.2217724042830258,0.8043330485753974,1.5056116065117433,0.5696108700816525
199,1.7973496873759789,0.4560239020941281,1.5056116065117433,0.7381759308906944
200,1.231681077976075,0.8147140995377501,1.5108549814369836,0.4950669037240061
201,1.782808158334266,0.45059297699894585,1.5108549814369836,0.7386162986601
202,1.2409422936893,0.824382720407365,1.517128063126368,0.4916213893688724
203,1.7681281773367195,0.4464585379807529,1.517128063126368,0.7391115897071175
204,1.2501709725322516,0.8340984373988791,1.5245314328703665,0.4984775246719706
205,1.7533626762962025,0.44367334628962574,1.5245314328703665,0.7396550953218135
206,1.2596005375261987,0.8442268078448208,1.5329971500489243,0.5276230804487458
207,1.7385661697631765,0.44227440714237726,1.5329971500489243,0.7402403673069806
208,1.2694018349669687,0.8550151175031372,1.5425017530092227,0.5545717917903581
209,1.7237946321466602,0.4422812853528254,1.5425017530092227,0.7408612334736502
210,1.2795208548404255,0.8664143251773018,1.5529857362582378,0.5856807106364849
211,1.709105352670394,0.44369518743601094,1.5529857362582378,0.7415118100951337
212,1.289891606195873,0.878367152066328,1.5643670791984265,0.6093063197976035
213,1.6945567658798995,0.44649891334002173,1.5643670791984265,0.7421865115137042
214,1.299794190795054,0.8897171724997103,1.5767327061369791,0.5327948940756363
215,1.680208255626267,0.4506576825524955,1.5767327061369791,0.7428800571001908
216,1.3086802571421394,0.8995824747758054,1.5900978673620623,0.46520992448280196
217,1.6661199306601753,0.45612074000572506,1.5900978673620623,0.7435874757695115
218,1.317042347666408,0.9087881885153711,1.6042443894891492,0.4601598715041265
219,1.652352370292384,0.46282356691442433,1.6042443894891492,0.7443041082549857
220,1.3248656062124982,0.9172428651787269,1.619179122279556,0.3977727801716635
221,1.6389663390309461,0.47069047454489155,1.619179122279556,0.7450256073415694
222,1.3319087243437302,0.9244261123323834,1.6350181733665776,0.34411281621456763
223,1.6260224697036878,0.4796373496021121,1.6350181733665776,0.7457479362534216
224,1.3382698122571255,0.9304390158881656,1.6517288274216677,0.3034457248874787
225,1.6135809153248983,0.4895743437252192,1.6517288274216677,0.7464673653848034
226,1.3440544466093465,0.935390306959603,1.6692882069676005,0.2786147964977116
227,1.6017009708680978,0.5004083455476813,1.6692882069676005,0.7471804675555905
228,1.3493422724628334,0.939371128411574,1.687651494218303,0.2715634739379133
229,1.5904406671526448,0.5120451290403654,1.687651494218303,0.7478841119640451
230,1.354223735142811,0.9424966383145044,1.7067696373379555,0.2797829414156708
231,1.5798563402194024,0.5243911253162498,1.7067696373379555,0.7485754570001214
232,1.358837298797497,0.9450162197962769,1.7265236585139347,0.2893265256070456
233,1.5700021808244453,0.5373548094130634,1.7265236585139347,0.7492519420728074
234,1.3633127351930363,0.9473132553278373,1.7466178692587455,0.28301845101892337
235,1.5609297699703089,0.5508477255311734,1.7466178692587455,0.749911278595024
236,1.3677099889502913,0.9498604697904145,1.7665171547675038,0.24870952900392804
237,1.5526876076580716,0.5647851937643831,1.7665171547675038,0.7505514402595586
238,1.3719725182084024,0.9528388792661727,1.785827509733701,0.217938352768249
239,1.5453206432054025,0.5790867504627368,1.785827509733701,0.7511706527295829
240,1.3760488669104827,0.9561971547657188,1.8044520550907135,0.19207936363338174
241,1.5388698164528039,0.5936763757534118,1.8044520550907135,0.7517673828576058
242,1.3801352342905449,0.9595211199569532,1.8232231336542732,0.21830831092187383
243,1.533371619887912,0.608482558148025,1.8232231336542732,0.7523403275373103
244,1.38402563111916,0.9627310628151771,1.8417829739690375,0.17913310310369907
245,1.5288576920767942,0.6234382398558279,1.8417829739690375,0.7528884022837049
246,1.387875669866565,0.9658639829883634,1.860328100952462,0.19418453779993308
247,1.5253544527363008,0.6384806790695869,1.860328100952462,0.7534107296284401
248,1.3918370670045492,0.9686072082410518,1.8794916747139991,0.22205538366313177
249,1.5228827892693577,0.6388296543164167,1.8794916747139991,0.7539066274089969
250,1.3959638271059667,0.971041159732406,1.8992317597727628,0.26369010849281416
251,1.5214578036012574,0.6238836696254042,1.8992317597727628,0.7543755970228126
252,1.3998870097979788,0.9733967106414789,1.9184903146678973,0.20674602073244233
253,1.5210886267190853,0.6088373111034178,1.9184903146678973,0.7548173117102286
254,1.4037014184865597,0.9756521462082052,1.9374304093066008,0.24458582798437514
255,1.521778306483241,0.5937408330316062,1.9374304093066008,0.7552316049234579
256,1.4077464625078682,0.9776887456727491,1.9568279619016944,0.2901625653604333
257,1.5235237721375772,0.5786484168352529,1.9568279619016944,0.7556184588325477
258,1.411600534284669,0.9796718657968301,1.9755999049849935,0.23380611272562757
259,1.5263158766077705,0.5636185003543036,1.9755999049849935,0.7559779930135482
260,1.4148787471223396,0.9816580594397173,1.992860724501917,0.17002954705399376
261,1.530139515278391,0.5487141085755318,1.992860724501917,0.7563104533587693
262,1.4178366925026193,0.9836044206361461,2.0091229104790322,0.17509049502804308
263,1.5349738176155068,0.5340031694701507,2.0091229104790322,0.7566162012440867
264,1.4204032395804462,0.9854739914712274,2.0242469446174973,0.113426976328323
265,1.5407924058845406,0.519558791318936,2.0242469446174973,0.756895702983734
266,1.4229497982551431,0.987295961770694,2.0388978208826236,0.15259889384329625
267,1.5475637134149862,0.5054594688123473,2.0388978208826236,0.7571495195988575
268,1.4259880870118056,0.989154945140658,2.0539629014255354,0.20286951465957967
269,1.5552513534693921,0.4917891743669674,2.0539629014255354,0.7573782969222816
270,1.4288374819770702,0.9909169076483673,2.068219158114039,0.14568234806770666
271,1.5638145288350984,0.4786372790081279,2.068219158114039,0.7575827560584244
272,1.4309758189907464,0.9924776060949179,2.0807101175995397,0.0883431020070008
273,1.5732084717896808,0.466098235021669,2.0807101175995397,0.7577636842140898
274,1.4331403711526165,0.9940393105581817,2.0926280096484824,0.1362448731723106
275,1.5833849040774302,0.45427094254078626,2.0926280096484824,0.7579219259128955
276,1.435904799576694,0.9957654641661838,2.1049007229553753,0.19168112636820328
277,1.594292506928684,0.4432577176850886,2.1049007229553753,0.7580583746034113
278,1.438484733781191,0.9973898767085176,2.1162647626404976,0.1288821289699754
279,1.6058773918894058,0.4331627854104242,2.1162647626404976,0.758173964668573
280,1.4402400886938413,0.9986606590360182,2.125721899007144,0.07294426940599089
281,1.6180835642251303,0.42409024121255945,2.125721899007144,0.758269663841676
282,1.44121561924154,0.9996053309344692,2.133297052810006,0.043191008605472134
283,1.630853371836567,0.4161414671182412,2.133297052810006,0.7583464660321619
284,1.4413996736199923,1.0001828508351744,2.139000177848398,0.061598495366391656
285,1.6441279338915697,0.40941205121756763,2.139000177848398,0.7584053845624819
286,1.4417355394212528,1.0008690322066751,2.14410122849826,0.050713671529677616
287,1.657847544665752,0.4039883431535389,2.14410122849826,0.7584474458155763
288,1.4419683454455694,1.0014753000289132,2.148324357930623,0.06338679577145552
289,1.6719520493296365,0.3999438694679564,2.148324357930623,0.7584736832908805
290,1.441381535984406,1.0016558271693794,2.150654939349522,0.1069608688750374
291,1.6863811895757608,0.3973359132481343,2.150654939349522,0.758485132065295
292,1.4409682515992488,1.0019562846232501,2.1523749762863877,0.06952243127728287
293,1.7010749180108584,0.39620260792289724,2.1523749762863877,0.7584828236541988
294,1.4404662446295708,1.0021737676259135,2.1532230034551865,0.10323202550337686
295,1.7159736811258801,0.3965608835988584,2.1532230034551865,0.7584677812663393
296,1.4391109589982514,1.001898873912123,2.15218660083468,0.14964571853283626
297,1.731018671391792,0.3984055262526003,2.15218660083468,0.7584410154452956
298,1.4379649284273122,1.0017756980392571,2.150551953893657,0.09387228513655094
299,1.7461520496129386,0.4017094746544701,2.150551953893657,0.7584035200891913
300,1.43677550868425,1.0016128657361554,2.148069394063427,0.1486691183023557
301,1.7613171391107325,0.4064253153053839,2.148069394063427,0.7583562688393689
302,1.434751664541346,1.0009686102369897,2.143730668897498,0.19176751120208474
303,1.7764585936218724,0.4124877804559275,2.143730668897498,0.7583002118279145
304,1.4319150763818354,0.9998513608177273,2.1375806319162427,0.2432267522436379
305,1.7915225409935187,0.41981694361473837,2.1375806319162427,0.7582362727731459
306,1.4282743660487063,0.9982514162895614,2.129669204838515,0.2854759705269294
307,1.8064567048604931,0.42832176062179905,2.129669204838515,0.7581653464114835
308,1.4248795987468388,0.9967916496064275,2.121284842164197,0.21921021877593735
309,1.8212105065141946,0.43790362207200323,2.121284842164197,0.7580882962535601
310,1.422555035969653,0.9959623686545263,2.11342269811272,0.15398952576992592
311,1.835735149136156,0.44845964803727745,2.11342269811272,0.7580059526518519
312,1.421299512849427,0.9957962072409623,2.1060261873397446,0.09879730352898418
313,1.849983686486185,0.4598855446144876,2.1060261873397446,0.7579191111667029
314,1.4210211779671862,0.9961846520383085,2.0990739977594846,0.0496256736237979
315,1.8639110780189514,0.4720779312787779,2.0990739977594846,0.7578285312172104
316,1.4217234158260625,0.9971689145506487,2.092516423515749,0.05870248314755442
317,1.8774742322649989,0.4849361228498416,2.092516423515749,0.7577349350031415
318,1.4233576329714783,0.9987082872784493,2.0863280242567073,0.09869087260938834
319,1.8906320401616208,0.4983634029991402,2.0863280242567073,0.7576390066838036
320,1.4259279845051571,1.0008480935094328,2.0804625530261354,0.15075741890514094
321,1.9033453998632184,0.5122678573762974,2.0804625530261354,0.7575413917996197
322,1.4293793411384041,1.0035367109821292,2.0749077705256744,0.19905144708007927
323,1.9155772344053168,0.5265628474106432,2.0749077705256744,0.757442696922037
324,1.4337145320381797,1.0068185976250088,2.0696240999259943,0.24789395707092662
325,1.9272925034455688,0.5411672059564848,2.0696240999259943,0.7573434895173612
326,1.438895180757476,1.0106691605789537,2.0646000168485803,0.29588680136872386
327,1.938458210161766,0.5560052282955895,2.0646000168485803,0.757244298010103
328,1.4448918981007437,1.0150778052420795,2.0598247873278637,0.3409745541686105
329,1.9490434042531564,0.5710065206306918,2.0598247873278637,0.7571456120314958
330,1.4516831950313005,1.0200467701309952,2.0552874016539966,0.3850161982588392
331,1.9590191818682798,0.5861057558814281,2.0552874016539966,0.7570478828389579
332,1.459240127178717,1.0255643426947714,2.0509876505684175,0.42712970756555596
333,1.9683586831707007,0.6012423749952174,2.0509876505684175,0.756951523892452
334,1.4675460092004222,1.0316394215871776,2.0469209049764507,0.46764703176399464
335,1.97703708815345,0.616360261939956,2.0469209049764507,0.7568569115739038
336,1.4765717005447572,1.0382576910704475,2.0430978303550464,0.5066569327355553
337,1.9850316112233604,0.6314074123290303,2.0430978303550464,0.7567643860361212
338,1.486313627286,1.045449859715569,2.03951152026324,0.5443020065495459
339,1.9923214949972987,0.6463356091936746,2.03951152026324,0.7566742521679524
340,1.4967251909564925,1.05316734617065,2.0361990358582074,0.5804134482632252
341,1.9988880036827927,0.6611001145525165,2.0361990358582074,0.7565867806627784
342,1.507800160362291,1.0614335847828098,2.033165707934081,0.6152035918775349
343,2.004714416354937,0.6756593818635551,2.033165707934081,0.7565022091778282
344,1.5195088705410615,1.0702277587044087,2.0304439280457447,0.6486650953508939
345,2.0097860203888778,0.6899747919098387,2.0304439280457447,0.7564207435722011
346,1.53183351055749,1.0795493989134675,2.0280595476787107,0.6809183990895683
347,2.014090105261701,0.7040104129256789,2.0280595476787107,0.7563425592119633
348,1.5447697730134369,1.0894223026255745,2.0260278895889337,0.7118535638049529
349,2.0176159568983523,0.7177327846141444,2.0260278895889337,0.756267802331129
350,1.558284045576453,1.0998137832071344,2.024399896407328,0.7416527290678475
351,2.0203548527023973,0.7311107249782978,2.024399896407328,0.7561965914378606
352,1.5723585840480045,1.110719374551254,2.0232141907437,0.770382176080753
353,2.0223000573832013,0.7441151584643451,2.0232141907437,0.7561290187557159
354,1.586981799327912,1.1221451126846853,2.022505867319133,0.7980148372234366
355,2.0234468196656437,0.7567189637014232,2.022505867319133,0.7560651516903326
356,1.6021410951100308,1.1340940278633131,2.0223140109793425,0.8244641986713289
357,2.023792369946067,0.7688968390516145,2.0223140109793425,0.7560050343124531
358,1.6178009378118297,1.1465227347032516,2.0227099331013987,0.8501179427911477
359,2.023335918938025,0.7719080516133526,2.0227099331013987,0.7559486888487723
360,1.6339753643705426,1.1594839710881089,2.0237048598179737,0.8746167666336965
361,2.022078657332883,0.7583447449221199,2.0237048598179737,0.7558961171726334
362,1.6506164610562009,1.172906257602929,2.0253934553728166,0.898434255358369
363,2.020023756482741,0.7444526214969185,2.0253934553728166,0.7558473022871758
364,1.6677388480201158,1.186841943465502,2.027788350440437,0.9216231846533082
365,2.017176370095819,0.7302651782540177,2.027788350440437,0.755802209794079
366,1.685327411264807,1.2012833828639837,2.0309421581597364,0.9429735826011635
367,2.013543636916721,0.7158182924586188,2.0309421581597364,0.7557607893416237
368,1.7033526318395442,1.216190734448804,2.034932440286542,0.9631191670229043
369,2.009134684345192,0.7011504041978663,2.034932440286542,0.7557229760463304
370,1.720586815983236,1.2305062319282933,2.038693140368982,0.8720666270634291
371,2.003960632926461,0.6863027162385625,2.038693140368982,0.7556886918829843
372,1.737325342813057,1.2445166374575007,2.0424678195277033,0.893869931495906
373,1.9980346016232329,0.67131941078078,2.0424678195277033,0.7556578470383846
374,1.75331580582619,1.2579401350623256,2.04618608608847,0.8046480497220742
375,1.9913717137532396,0.656247881566978,2.04618608608847,0.7556303412246761
376,1.7676107386661175,1.269946487626855,2.048998840554459,0.7193165643615864
377,1.9839891034461132,0.6411389783105028,2.048998840554459,0.7556060649486207
378,1.7802716433391057,1.2805704114749628,2.0510079951559037,0.6370337614344912
379,1.9759059224384778,0.6260472583391237,2.0510079951559037,0.7555849007336618
380,1.791351515698282,1.2898308597285688,2.0523282233048428,0.5596023218874222
381,1.967143346985698,0.6110312375631369,2.0523282233048428,0.7555667242920898
382,1.8021533381153412,1.298910852858142,2.054129735441215,0.5897985725929488
383,1.9577245846218305,0.5961536292219088,2.054129735441215,0.7555514056450824
384,1.8124373848132498,1.3075623196528185,2.056297126745175,0.5157525152133815
385,1.947674880445089,0.5814815542018448,2.056297126745175,0.7555388101888002
386,1.8212211741712696,1.3148795699819225,2.0579989392850857,0.4457320388897028
387,1.9370215225437097,0.5670867009721644,2.0579989392850857,0.7555287997051506
388,1.829810405885279,1.3220755842500136,2.0603755568115125,0.476789130746841
389,1.9257938461055795,0.5530454063899422,2.0603755568115125,0.7555212333161928
390,1.8379658329396544,1.3288942513510897,2.0633138189259546,0.4105805724352803
391,1.914023235673604,0.5394386210296254,2.0633138189259546,0.7555159683815352
392,1.8446978183572917,1.3344043171851736,2.0659839482619304,0.34773208082911955
393,1.9017431249168302,0.5263517148726921,2.0659839482619304,0.755512861338408
394,1.8513146035777153,1.3398437208806497,2.069499359606263,0.38597298432057126
395,1.888988993184314,0.5138740721997556,2.069499359606263,0.7555117684844121
396,1.858833923438429,1.346195700451754,2.0747127778366634,0.4246891308050324
397,1.8757983579943562,0.5020984200101924,2.0747127778366634,0.7555125467032313
398,1.8672232432647708,1.3534333622035823,2.0816198472754,0.4631562312048002
399,1.862210762486201,0.49111983455840275,2.0816198472754,0.7555150541338779
400,1.876443124155209,1.361547402793379,2.090158250496544,0.49688711574274935
401,1.848267756725202,0.4810343784850164,2.090158250496544,0.755519150784269
402,1.8852276451223995,1.3692569188439137,2.0993920172127307,0.4302798861160592
403,1.8340128716071318,0.47193733950772815,2.0993920172127307,0.755524699090171
404,1.8938219172456408,1.3768346429759457,2.109448822334436,0.4651323930440139
405,1.8194915839549055,0.4639210730128105,2.109448822334436,0.7555315644207404
406,1.9032347866412114,1.3852879652692012,2.1211174034245235,0.49481576363339685
407,1.804751271244717,0.4570724955669526,2.1211174034245235,0.7555396155320815
408,1.912202946243943,1.3933390601612992,2.133419859227174,0.43368234317788334
409,1.789841154242925,0.45147033150874954,2.133419859227174,0.7555487249703783
410,1.9209682708081186,1.4012435406481876,2.146497549667462,0.4655980920856932
411,1.774812225686015,0.44718227326336635,2.146497549667462,0.7555587694263255
412,1.9293231768026975,1.4087657205258879,2.160206091996719,0.39334129575016935
413,1.7597171630012647,0.4442622665464061,2.160206091996719,0.7555696300426831
414,1.936325449557038,1.4149121498699606,2.1738337025629964,0.34169747916521087
415,1.7446102229550309,0.4427481605632075,2.1738337025629964,0.7555811926768858
416,1.9420456318628725,1.4197413477073435,2.1874028703104247,0.293241126757721
417,1.7295471160404643,0.4426599584842597,2.1874028703104247,0.7555933481207256
418,1.9465447162155083,1.4233085750095025,2.2009164257110845,0.25401667897357433
419,1.7145848583905592,0.4439988588086377,2.2009164257110845,0.7556059922791871
420,1.9499140841969071,1.425681686159834,2.214433092786745,0.23119945187287522
421,1.6997815990412777,0.4467471973899541,2.214433092786745,0.7556190263105734
422,1.9533086452739408,1.4281333450157347,2.228650024820422,0.2386155153751189
423,1.6851964204899363,0.45086929686681887,2.228650024820422,0.755632356730087
424,1.9565503707759577,1.4304504753683969,2.2434362812699185,0.2191979604329871
425,1.670889110713819,0.4563131258149174,2.2434362812699185,0.755645895479067
426,1.9598314328299635,1.4328606102882808,2.2588440216428407,0.2241661137357601
427,1.656919905150569,0.4630125853627534,2.2588440216428407,0.7556595599620727
428,1.9629659792131575,1.4351408310157323,2.2747321786921377,0.2095971248374287
429,1.643349197611198,0.47089019138636645,2.2747321786921377,0.7556732730540235
430,1.966118198376632,1.4374991348440598,2.291112849033885,0.2107148312001416
431,1.6302372197110575,0.4798599107361476,2.291112849033885,0.7556869630795778
432,1.9700223325362518,1.4408207841739284,2.308302730319899,0.2214408406351382
433,1.6176436891710075,0.48982993524192675,2.308302730319899,0.7557005637669109
434,1.9737439103124377,1.4439709335830417,2.3257985871717968,0.19514989755124354
435,1.6056274282596543,0.5007052258164881,2.3257985871717968,0.7557140141780233
436,1.9766101094419355,1.4461080950910392,2.343250428860255,0.1899150472831845
437,1.5942459547072638,0.5123897171541386,2.343250428860255,0.7557272586176692
438,1.9786954883319474,1.4473033812137024,2.3606628547732047,0.20155016917281432
439,1.5835550485998655,0.5247881295600636,2.3606628547732047,0.7557402465229432
440,1.980740041810219,1.4485399613559127,2.378203501615379,0.17078449417771452
441,1.5736083000215002,0.5378073806704605,2.378203501615379,0.7557529323355094
442,1.9832908045533992,1.4505551573830124,2.395971056020904,0.1592389715911297
443,1.5644566435023695,0.5513576228971006,2.395971056020904,0.7557652753583963
444,1.9862385473747624,1.453240834702732,2.413817359208173,0.15892092266339836
445,1.5561478865860594,0.5653529524317654,2.413817359208173,0.755777239599217
446,1.989011172760972,1.455746716063463,2.4316552617655933,0.13885506887475166
447,1.5487262409738136,0.5797118447054888,2.4316552617655933,0.7557887936015972
448,1.9911604641805336,1.4574119007629598,2.4493931316951363,0.13076797814344385
449,1.542231865654796,0.5943573722543802,2.4493931316951363,0.7557999102665265
450,1.9927300626928242,1.4582849955464983,2.467004275806989,0.15491938514714834
451,1.5367004321040123,0.6092172568875708,2.467004275806989,0.7558105666652647
452,1.9938014234434107,1.4584475664058345,2.484506055812439,0.20574813468133882
453,1.5321627219460572,0.6242238012672362,2.484506055812439,0.7558207438453666
454,1.9948394309026012,1.458649434751275,2.5017753705947543,0.15374685613939326
455,1.528644267379833,0.6393137372270211,2.5017753705947543,0.7558304266312846
456,1.9961428072897986,1.4594150723165178,2.518641011515664,0.09137232444696522
457,1.5261650440962498,0.6372857506590243,2.518641011515664,0.755839603420956
458,1.9973965354031378,1.460124999063972,2.5352869805803437,0.13834454800344484
459,1.5247392253868777,0.6222979468397374,2.5352869805803437,0.7558482659796738
460,1.9983073634743556,1.4602570299438458,2.551798756801239,0.1824200393734391
461,1.524375004659775,0.6072218688509788,2.551798756801239,0.7558564092324673
462,1.9991700582643777,1.4604071893406194,2.5678795142238475,0.11463597118336998
463,1.5250744917078982,0.592108047832302,2.5678795142238475,0.7558640310561343
464,2.0000252442595645,1.4605492279906729,2.5836316569039717,0.16772556096114438
465,1.5268336859066978,0.5770109906680948,2.5836316569039717,0.755871132071981
466,2.000710522083112,1.4602824659315181,2.599282458349544,0.21655844735665766
467,1.5296425271678618,0.5619895070204278,2.599282458349544,0.755877715440248
468,2.001363699276675,1.4600563771934558,2.614379515760807,0.15547541790818312
469,1.53348502307901,0.5471070351882339,2.614379515760807,0.7558837866571154
470,2.0020950508293422,1.4602186880934047,2.6285613928074127,0.08751373009816113
471,1.5383394483520783,0.5324319494388742,2.6285613928074127,0.7558893533551032
472,2.0028080436626583,1.4603582908190729,2.6422481316074413,0.14196600037538157
473,1.544178610615632,0.5180378239779976,2.6422481316074413,0.7558944251076062
474,2.0034009072929795,1.4601328571238694,2.6557444080165964,0.19174467888011415
475,1.550970174828383,0.5040036194358748,2.6557444080165964,0.7558990132382285
476,2.0039471597131113,1.4599266139125495,2.6685352307943906,0.12400580755750257
477,1.5586770372442555,0.49041374679330907,2.6685352307943906,0.7559031306355048
478,2.0045050567438385,1.4597346020289201,2.6807498637472094,0.17734425565899722
479,1.5672577389711257,0.47735795164575184,2.6807498637472094,0.7559067915735329
480,2.0050568350566342,1.4592967085714534,2.692786489110177,0.22710535847683705
481,1.5766669087482208,0.46493094992787526,2.692786489110177,0.7559100115389666
482,2.005539704706825,1.4588627605899624,2.7040016273207046,0.15973865397960832
483,1.5868557246003514,0.45323173701355984,2.7040016273207046,0.755912807064758
484,2.006022759386294,1.4584392703916915,2.714541457279569,0.210449504068298
485,1.5977723844622331,0.44236248899983677,2.714541457279569,0.7559151955709771
486,2.0066214637695534,1.457898702555799,2.7249379608706263,0.2590937325430158
487,1.6093625766343462,0.43242698266851676,2.7249379608706263,0.7559171952129696
488,2.007138019322933,1.4573543394222683,2.734425210417297,0.1920130434442844
489,1.6215699419522105,0.42352848437283036,2.734425210417297,0.7559188247370718
490,2.0076888930269434,1.4568612979760458,2.7431958079175303,0.24063806595207987
491,1.6343365207388822,0.41576710242039827,2.7431958079175303,0.7559201033440306
492,2.008382828782355,1.4562877722181922,2.7517925668746313,0.28755710644194116
493,1.6476031788842604,0.4092366639089869,2.7517925668746313,0.7559210505602431
494,2.0089740640666442,1.455693856889707,2.7594066728363353,0.22133558726223382
495,1.6613100086814496,0.40402126115899195,2.7594066728363353,0.7559216861168789
496,2.0096091278304598,1.4551669482179461,2.7662605017036155,0.2677098968570821
497,1.6753967012892264,0.40019170270459525,2.7662605017036155,0.755922029836895
498,2.010494967526337,1.454677497596716,2.772992253903471,0.31303897446809037
499,1.6898028888340106,0.39780217926056216,2.772992253903471,0.7559221015299286
500,2.0112769621843203,1.4541704348852222,2.7787011117897618,0.24709106599959219
501,1.7044684551823344,0.3968874922480276,2.7787011117897618,0.7559219208950008
502,2.0120907640086685,1.4537239701491274,2.783606072077528,0.2911607473295547
503,1.7193338152867976,0.3974611712612662,2.783606072077528,0.7559215074309472
504,2.0127743174450887,1.453225896948066,2.7874630370819333,0.2271789523287815
505,1.7343401637275644,0.39951472027468354,2.7874630370819333,0.7559208803544374
506,2.0134924920056,1.452786236850473,2.790516436681072,0.27194078823701745
507,1.7494296936396654,0.40301809254767823,2.790516436681072,0.7559200585254412
508,2.014552220672987,1.4524837784001539,2.7935061461149053,0.3178924417367144
509,1.7645457876427921,0.4079213309954651,2.7935061461149053,0.7559190603799554
510,2.015916476672376,1.452291206645717,2.796397257845542,0.36403182472272755
511,1.7796331826886662,0.4141571624488181,2.796397257845542,0.7559179038697932
512,2.0176567389936086,1.4522957673510763,2.7992317666169466,0.4058912527473766
513,1.7946381109280203,0.4216442336208828,2.7992317666169466,0.7559166064092092
514,2.0197504272071782,1.4524856091047584,2.8019875335216753,0.4456364138372578
515,1.8095084187923827,0.4302906403772614,2.8019875335216753,0.7559151848281286
516,2.022206274032139,1.4528819311968568,2.804665676031607,0.48604975215448226
517,1.8241936665027925,0.43999742712291534,2.804665676031607,0.7559136553317175
518,2.025048621770893,1.453522739104889,2.807278572007762,0.5220160423986971
519,1.8386452101747972,0.4506618019118597,2.807278572007762,0.7559120334660354
520,2.0282785914441233,1.4544212523874482,2.8098246807318668,0.5600031790606499
521,1.8528162686015235,0.4621799014110851,2.8098246807318668,0.7559103340894842
522,2.031922710880429,1.4556180047550356,2.8123197842078422,0.5942517756038282
523,1.8666619766773078,0.47444902671372224,2.8123197842078422,0.7559085713497742
524,2.0359814670660605,1.4571254798122637,2.814764533310277,0.6285562723982916
525,1.8801394272843095,0.4873693421050393,2.814764533310277,0.7559067586661129
526,2.040463650620357,1.458964975975188,2.8171662802409094,0.661074130748224
527,1.8932077033127053,0.5008450783030417,2.8171662802409094,0.7559049087163198
528,2.045361288591088,1.4611393704743305,2.819524117983401,0.6923609694134003
529,1.9058279013286963,0.5147853098386403,2.819524117983401,0.7559030334285674
530,2.0506806822266554,1.4636667576426876,2.821847523437034,0.7225381797660062
531,1.9179631482490693,0.5291043871459611,2.821847523437034,0.7559011439774508
532,2.056421966456749,1.4665582532969617,2.8241441350767587,0.7514374684212862
533,1.9295786122306025,0.5437221028532814,2.8241441350767587,0.7558992507840858
534,2.062587228011493,1.469826804387407,2.8264245456585972,0.7793836094628264
535,1.9406415088399804,0.5585636635999214,2.8264245456585972,0.7558973635199381
536,2.069180216338358,1.473486885239112,2.828702030110971,0.805611811149064
537,1.951121103437009,0.5735595272707221,2.828702030110971,0.7558954911140843
538,2.076221786847539,1.47757149707234,2.831000724521798,0.8314155278578649
539,1.9609887105818316,0.5886451534238282,2.831000724521798,0.7558936417636312
540,2.0837077243094666,1.482085741287764,2.8333328527238675,0.8571532882041367
541,1.9702176911660614,0.6037607034126578,2.8333328527238675,0.7558918229469872
542,2.091621690173819,1.4870208908238234,2.8357064568653767,0.880978015047732
543,1.978783447868211,0.6188507170073551,2.8357064568653767,0.7558900414397319
544,2.099967439516353,1.4923899306808817,2.8381422442800632,0.9040882543553577
545,1.9866634194452264,0.6338637844297054,2.8381422442800632,0.7558883033327974
546,2.108753103524161,1.498210283489051,2.840664911113544,0.9263545448127088
547,1.9938370742937224,0.6487522265569025,2.840664911113544,0.7558866140527077
548,2.117975004488987,1.5044858721930214,2.84329498973595,0.9473075302476923
549,2.000285903645923,0.6634717914070218,2.84329498973595,0.7558849783836266
550,2.127636297307746,1.5112277074776295,2.8460583802540076,0.9682997808496882
551,2.0059934147055727,0.6779813716259958,2.8460583802540076,0.7558834004909611
552,2.137731883378718,1.5184371917742125,2.8489787462884153,0.987994217887893
553,2.010945123977233,0.6922427452896364,2.8489787462884153,0.7558818839463075
554,2.148248645628073,1.5261063438301061,2.852077841974473,1.0070153530630808
555,2.0151285509976127,0.7062203406821222,2.852077841974473,0.7558804317534917
556,2.1591867281305817,1.534241392609379,2.855385762535636,1.025563610571584
557,2.0185332126389706,0.7198810246211225,2.855385762535636,0.7558790463755198
558,2.1705557813185936,1.5428586267932498,2.858938786697658,1.0431336622886545
559,2.0211506181213386,0.7331939132157141,2.858938786697658,0.7558777297622182
560,2.1823345673756416,1.551939617955102,2.8627601499304727,1.060172173857318
561,2.0229742648415083,0.746130203548138,2.8627601499304727,0.7558764833783878
562,2.194525558604326,1.5614917487855613,2.8668859759766816,1.0766346505661735
563,2.0239996351016307,0.7586630245754363,2.8668859759766816,0.7558753082322883
564,2.207129283027187,1.5715197835820147,2.8713528416974192,1.0923858664516186
565,2.0242241937981285,0.7707673054868048,2.8713528416974192,0.7558742049042898
566,2.2201371501095806,1.5820179336610922,2.8761943935450685,1.1071994499260291
567,2.0236473871116964,0.7703381486425604,2.8761943935450685,0.7558731735755355
568,2.233539324385873,1.5929785989791052,2.8814449565233247,1.1221127464594258
569,2.0222706422207843,0.7567273433163474,2.8814449565233247,0.7558722140564718
570,2.247352042364134,1.6044226247227704,2.887151713898315,1.1359178468650157
571,2.020097368043407,0.742791621449717,2.887151713898315,0.7558713258151195
572,2.261565090744567,1.6163411586772858,2.893350530696092,1.1493328017054474
573,2.0171329569947902,0.7285647987819294,2.893350530696092,0.7558705080049545
574,2.2761697203388076,1.6287265917547136,2.9000786350796273,1.1625598459465836
575,2.013384787730509,0.714083092627571,2.9000786350796273,0.7558697594923012
576,2.291175785753046,1.6415915302860618,2.907381909420066,1.1746917694985943
577,2.0088622288258255,0.699385306635602,2.907381909420066,0.7558690788831252
578,2.30657049710868,1.6549231704362255,2.9152963862523285,1.1871813825830455
579,2.003576643321078,0.684513032928487,2.9152963862523285,0.7558684645491499
580,2.322363982666155,1.6687337471533699,2.923867966514321,1.1987528757835257
581,1.9975413940396578,0.6695108710213771,2.923867966514321,0.7558679146532032
582,2.33855086715384,1.6830180255573342,2.9331354579297972,1.2073259910962786
583,1.9907718495584374,0.654426661819856,2.9331354579297972,0.7558674271737401
584,2.3541432857115354,1.696867571159791,2.941916602078469,1.1056713332621297
585,1.983285390679852,0.639311733433856,2.941916602078469,0.7558669999284663
586,2.368405245453771,1.7095980765848422,2.9493292677709384,1.0098650457238476
587,1.9751014172193042,0.6242211533940958,2.9493292677709384,0.7558666305970219
588,2.3823324624391047,1.7221056206069556,2.956701180008741,1.0252766865985825
589,1.9662413548803264,0.6092139789686447,2.956701180008741,0.7558663167426777
590,2.396735594889001,1.7351352097324968,2.96508407837318,1.044587178932278
591,1.9567286619421722,0.5943534934997108,2.96508407837318,0.7558660558330073
592,2.4116021326058945,1.7486752945147126,2.974504616858308,1.058247908909591
593,1.9465888354292833,0.579707411882961,2.974504616858308,0.7558658452595146
594,2.4269394958504726,1.7627361924289981,2.9849949452492637,1.0723369848563313
595,1.9358494163685322,0.5653480324238151,2.9849949452492637,0.7558656823561851
596,2.441655473099357,1.7762790293464656,2.995336306722378,0.979849116029413
597,1.924539993667415,0.5513523053852304,2.995336306722378,0.7558655644169627
598,2.456014481981741,1.7895534717574297,3.0058501828863933,0.9951551947043825
599,1.9126922060636617,0.5378017808710379,3.0058501828863933,0.7558654887121311
600,2.470880103487955,1.803374117330324,3.017587075525535,1.0104314975832243
601,1.9003397415033882,0.5247823908977436,3.017587075525535,0.7558654525036086
602,2.485131592842231,1.8166646527820836,3.02931618381623,0.9216281880442795
603,1.8875183332004302,0.512384013715558,3.02931618381623,0.7558654530591525
604,2.499025587777583,1.829669211770488,3.0413423955756773,0.9381909137574964
605,1.8742657515137149,0.5006997643796012,3.0413423955756773,0.7558654876654922
606,2.5134834199149956,1.8432727208499968,3.0547169868028408,0.9540549845977121
607,1.860621790652577,0.4898249566312699,3.0547169868028408,0.7558655536403962
608,2.527311343294159,1.8563118915938026,3.068186153119086,0.8699826368205861
609,1.8466282490825783,0.47985569022063246,3.068186153119086,0.7558656483436976
610,2.5408115110038914,1.8690856804269207,3.0820451963615345,0.8845905411539633
611,1.8323289023580192,0.47088703782629493,3.0820451963615345,0.7558657691872956
612,2.554896706378596,1.8824731392919756,3.097330219852607,0.9035270330610778
613,1.8177694669542404,0.46301083884073313,3.097330219852607,0.7558659136441638
614,2.5692097970670615,1.8961243862400485,3.1136735354081555,0.8926943473266827
615,1.8029975535163423,0.4563131535637186,3.1136735354081555,0.7558660792563887
616,2.583813004732019,1.9100994283061155,3.1311447552295224,0.9098570361903238
617,1.7880626077858113,0.450871487441774,3.1311447552295224,0.755866263642276
618,2.5977783753315773,1.9234863023880213,3.148772975711941,0.821499958432913
619,1.7730158373189,0.44675195321777345,3.148772975711941,0.7558664645025496
620,2.610148988990106,1.9353394229400613,3.165569392424974,0.7368335391890601
621,1.757910121978476,0.4440065874558058,3.165569392424974,0.755866679625687
622,2.620956537766147,1.945679517961814,3.1815974179524105,0.6655037840182244
623,1.7427999060742474,0.4426710631885345,3.1815974179524105,0.7558669068924279
624,2.6314807701795933,1.9557664662110772,3.198157634022046,0.6847436335297319
625,1.7277410699567393,0.4427630307154935,3.198157634022046,0.7558671442794896
626,2.642746522154794,1.966620622882056,3.216228367303991,0.7099478784177379
627,1.7127907788519845,0.4442812688575124,3.216228367303991,0.7558673898625327
628,2.654716065462521,1.9782023740784178,3.235765069920686,0.7261114041812252
629,1.6980073067723203,0.44720574428130305,3.235765069920686,0.7558676418184171
630,2.667359732574193,1.9904817673445663,3.25671719050422,0.745775492019501
631,1.6834498334709829,0.4514985719770509,3.25671719050422,0.755867898426788
632,2.6806488243526974,2.0034321126274763,3.2790171006833897,0.7631482453844138
633,1.669178212642137,0.45710576687065907,3.2790171006833897,0.7558681580710406
634,2.6933005699719406,2.01576874727618,3.301414446814107,0.6828551557161976
635,1.6552527099208956,0.46395959569948964,3.301414446814107,0.755868419238689
636,2.7043247964788075,2.026497308903183,3.3229424257626907,0.6092655228319155
637,1.641733709725348,0.4719812936478987,3.3229424257626907,0.7558686805212012
638,2.7137856274240337,2.0356772540702717,3.343643406792614,0.5451260476557793
639,1.6286813906165845,0.4810839054847769,3.343643406792614,0.7558689406133212
640,2.722979163566863,2.044609371144878,3.3646874511442753,0.5594186031836085
641,1.6161553696394415,0.49117503996907913,3.3646874511442753,0.7558691983119361
642,2.731701155694607,2.0530822976891714,3.385875758285763,0.5096538730423819
643,1.604214317044426,0.5021593768866697,3.385875758285763,0.7558694525145163
644,2.7401759597892084,2.061326048021732,3.4073410271156943,0.5168974884482904
645,1.592915543867846,0.5139408246192971,3.4073410271156943,0.7558697022171695
646,2.7491628676505333,2.070105283543514,3.4297328328831314,0.5241076107243738
647,1.5823145660379978,0.5264242813142782,3.4297328328831314,0.7558699465123517
648,2.758677315921794,2.079435091932865,3.4530178849123017,0.5361501962009712
649,1.5724646499417745,0.5395169974083057,3.4530178849123017,0.7558701845862703
650,2.7677545923463205,2.0883322167515934,3.4763287101367033,0.48519235770057084
651,1.5634163456753243,0.5531295686263116,3.4763287101367033,0.7558704157160071
652,2.7765888005449035,2.0969980504511025,3.4997524577780066,0.5102249302895585
653,1.5552170154479428,0.5671766070459198,3.4997524577780066,0.7558706392664095
654,2.7861054282152744,2.106371997980068,3.5240405753593524,0.5150250813731317
655,1.5479103657328661,0.5815771456882427,3.5240405753593524,0.7558708546867698
656,2.7952125620712835,2.115338453446372,3.5482323362134167,0.4825722188431587
657,1.5415359926782686,0.5962548323423018,3.5482323362134167,0.7558710615073331
658,2.804089821581892,2.1240840500501696,3.572399943933531,0.48761922429350446
659,1.5361289509225382,0.6111379637988766,3.572399943933531,0.7558712593356619
660,2.813600970785448,2.1334896993935835,3.5972110997879585,0.49887181782392515
661,1.5317193562232847,0.6261594046657487,3.5972110997879585,0.7558714478528793
662,2.8226856146185075,2.1424705176187784,3.621741002739308,0.46381232663577315
663,1.528332032148668,0.6412564271097024,3.621741002739308,0.7558716268098331
664,2.8315035609062003,2.1511932926065747,3.646041447327066,0.4689411837274458
665,1.5259862104554995,0.6353526370309086,3.646041447327066,0.7558717960231873
666,2.840886942492022,2.1605080347485344,3.6707421218695897,0.4809420137535925
667,1.5246952936845388,0.6203502381560609,3.6707421218695897,0.7558719553714834
668,2.8498491119223694,2.1694012662005795,3.6950093045846026,0.44458975874719675
669,1.5244666869672994,0.6052660167356,3.6950093045846026,0.755872104791178
670,2.858541385998778,2.1780311957889515,3.718887654413248,0.45212597861052634
671,1.525301704123554,0.5901509977799825,3.718887654413248,0.7558722442726893
672,2.867758211722343,2.187211383225943,3.742960499080104,0.4663954978907301
673,1.5271955509294988,0.5750602242229282,3.742960499080104,0.7558723738564673
674,2.8765668689744572,2.195981301656916,3.7664602208825113,0.4286479284529769
675,1.5301373860730438,0.5600530845022827,3.7664602208825113,0.7558724936291026
676,2.8851043448991214,2.2044850160544165,3.789418193979134,0.4384925521989349
677,1.5341104579195057,0.5451936370590753,3.789418193979134,0.755872603719495
678,2.8941246660462547,2.2134968873822793,3.8123691913029445,0.45487823301345
679,1.5390923129253617,0.530550913526643,3.8123691913029445,0.755872704295096
680,2.902751702369081,2.2221119341817954,3.834617538451136,0.4156358720605689
681,1.545055069487199,0.516199174669947,3.834617538451136,0.7558727955582342
682,2.9111206672035292,2.2304722471192857,3.8561974857641514,0.4278126260055322
683,1.5519657493043215,0.5022180836166311,3.8561974857641514,0.7558728777425384
684,2.9199303531701744,2.2392985862830552,3.8775781695590883,0.44633291398826075
685,1.5597866570439498,0.4886927497830743,3.8775781695590883,0.7558729511094741
686,2.9283664079537353,2.2477465240977144,3.8981445758351616,0.405854836804194
687,1.568475798270743,0.4757135848165825,3.8981445758351616,0.7558730159449893
688,2.9365303769336646,2.2559252073109164,3.9178969907048025,0.41964675176050753
689,1.5779873252453074,0.4633759002812571,3.9178969907048025,0.7558730725562929
690,2.9451057663031666,2.2645405440555746,3.9372867687997726,0.4401862438260118
691,1.588272000284793,0.451779168179915,3.9372867687997726,0.7558731212687622
692,2.953334062640839,2.27280285172074,3.955774773617228,0.39900249863632337
693,1.5992776668610724,0.44102586342074707,3.955774773617228,0.7558731624229873
694,2.961278545661319,2.2807837612546638,3.973323324604914,0.4135367363234758
695,1.6109497194175473,0.4312198168177403,3.973323324604914,0.7558731963719607
696,2.9695910477103085,2.2891584956485667,3.99034638975837,0.43585759104035554
697,1.623231563932504,0.4224640334283844,3.99034638975837,0.7558732234784103
698,2.977568226809488,2.297191312499031,4.006382432571601,0.3922701922007796
699,1.6360650624604514,0.4148579782322366,4.006382432571601,0.7558732441122813
700,2.9852921110100876,2.3049719997387745,4.021422077067329,0.40902231520012655
701,1.6493909561622064,0.4084944002367301,4.021422077067329,0.7558732586483672
702,2.992983529384246,2.3127276482588535,4.035602251178815,0.3882701217836725
703,1.6631492626181024,0.40345585186588656,4.035602251178815,0.7558732674640939
704,3.000680318023226,2.3205003137202427,4.0489001569663605,0.42074606958383404
705,1.6772796444476161,0.3998111496820733,4.0489001569663605,0.7558732709374516
706,3.008702432848694,2.328624692727245,4.06148089448684,0.4558951947846786
707,1.6917217473881685,0.3976120942999825,4.06148089448684,0.7558732694450774
708,3.017062092850894,2.3371121360771236,4.073340228822841,0.48042039975842527
709,1.7064155069854479,0.3968907978520269,4.073340228822841,0.7558732633604843
710,3.025673693057539,2.3458782557197475,4.084366588284973,0.50846166869755
711,1.7213014238999818,0.39765793767922397,4.084366588284973,0.7558732530524415
712,3.0339653630214705,2.3543152750518948,4.094288875750321,0.4425238666594245
713,1.736320808533964,0.39990216031294584,4.094288875750321,0.7558732388834888
714,3.041397374762284,2.3618563565426443,4.10280315610005,0.3762084197233513
715,1.7514159962315814,0.4035907149783265,4.10280315610005,0.7558732212086007
716,3.0480317931936756,2.3685636669465877,4.109968150205727,0.3232815828420324
717,1.766530534715077,0.408671232451864,4.109968150205727,0.7558732003739809
718,3.053884264294206,2.374454100356227,4.115793635956044,0.2699085302014214
719,1.781609345701812,0.41507442141444434,4.115793635956044,0.7558731767159903
720,3.0589948267443146,2.3795687212347647,4.120319189412934,0.23002416502302725
721,1.7965988628213814,0.4227173617174331,4.120319189412934,0.7558731505602034
722,3.063378696147887,2.3839244109314146,4.123559385075996,0.20465962657291104
723,1.8114471480341652,0.43150704631353953,4.123559385075996,0.7558731222205888
724,3.067072719554077,2.3875594479823232,4.125555259250016,0.1919619846954833
725,1.8261039887610029,0.4413438557101993,4.125555259250016,0.755873091998806
726,3.0701270095698354,2.3905252925362572,4.126364833596947,0.20168148684010934
727,1.8405209778842861,0.4521247215075025,4.126364833596947,0.7558730601836143
728,3.0725439941827872,2.392826652336307,4.125995609243286,0.21880241204410175
729,1.8546515786884148,0.4637458249505294,4.125995609243286,0.7558730270503932
730,3.0743612214866345,2.394502838459038,4.124496128849255,0.24838652682364118
731,1.8684511766849816,0.4761047618352599,4.124496128849255,0.7558729928607603
732,3.0756021921002925,2.395579425510079,4.121901487184242,0.284113130664175
733,1.8818771201259858,0.4891021735550068,4.121901487184242,0.7558729578622884
734,3.076310405879372,2.396101738445731,4.118270811091674,0.3217358753295239
735,1.8948887508556116,0.502642890589694,4.118270811091674,0.7558729222883117
736,3.076514667373014,2.3961007077484453,4.113648890151521,0.360125252395228
737,1.9074474269945378,0.516636660364886,4.113648890151521,0.7558728863578182
738,3.0762456384412844,2.395609144952226,4.108084366641865,0.39832925259624835
739,1.9195165387957365,0.5309985404551066,4.108084366641865,0.7558728502754191
740,3.075536850726523,2.3946627408528056,4.101630748656402,0.4369435889425502
741,1.9310615188611078,0.5456490358500713,4.101630748656402,0.7558728142313957
742,3.0744116899321714,2.393287221889,4.094332067544301,0.47482148914869265
743,1.9420498477668577,0.5605140502273097,4.094332067544301,0.7558727784018083
744,3.072884927204283,2.3914998311831597,4.086224536052102,0.5114715294351984
745,1.9524510560139903,0.5755247095350643,4.086224536052102,0.755872742948674
746,3.070973111678228,2.38931957038555,4.077347868988338,0.5471155327910544
747,1.9622367230996483,0.5906171041195464,4.077347868988338,0.7558727080201957
748,3.068698134079342,2.3867707242815417,4.067749090156668,0.5817276614164104
749,1.9713804743956984,0.6057319845353383,4.067749090156668,0.7558726737510465
750,3.0660820164417304,2.3838777193536136,4.057476746410474,0.615275638014376
751,1.9798579764228745,0.6208144367139456,4.057476746410474,0.7558726402626978
752,3.0631462980040243,2.3806645150221755,4.046580161548592,0.6477468110121738
753,1.9876469310215918,0.6358135545090341,4.046580161548592,0.7558726076637903
754,3.059912009710739,2.377154576163787,4.035109334102961,0.679142582183585
755,1.9947270688436123,0.6506821216901709,4.035109334102961,0.7558725760505408
756,3.056399674382897,2.3733708712781842,4.023114862167166,0.7094739095757443
757,2.001080142521359,0.6653763109925982,4.023114862167166,0.7558725455071799
758,3.052629309403259,2.369335873362961,4.0106478696273795,0.7387582508988443
759,2.0066899198129846,0.6798554045803681,4.0106478696273795,0.7558725161064189
760,3.0486204307438576,2.3650715622705865,3.997759932214803,0.7670174659474387
761,2.0115421769704325,0.6940815379843831,3.997759932214803,0.7558724879099359
762,3.0443920580856103,2.3605994282428924,3.984503002810876,0.794276353668205
763,2.0156246925338053,0.7080194680076994,3.984503002810876,0.7558724609688872
764,3.0399627208421194,2.355940476387852,3.97092933551195,0.820561617207675
765,2.0189272417174715,0.7216363640599619,3.97092933551195,0.7558724353244247
766,3.0353504649240532,2.3511152318944353,3.9570914079978032,0.8459011229638187
767,2.021441591520684,0.7349016217422928,3.9570914079978032,0.7558724110082317
768,3.0305728601007447,2.3461437458073546,3.9430418417860076,0.8703233650388568
769,2.0231614966672047,0.747786697139222,3.9430418417860076,0.7558723880430634
770,3.025647007833413,2.341045601206293,3.9288333199938923,0.8938570753972575
771,2.0240826964537537,0.7602649600999372,3.9288333199938923,0.7558723664432921
772,3.020589549470132,2.335839919654367,3.9145185022727773,0.9165309388131793
773,2.0242029125652756,0.7723115647445616,3.9145185022727773,0.7558723462154535
774,3.015416674706565,2.330545367798343,3.9001499366258083,0.9383733841173405
775,2.023521847895348,0.7685944092328861,3.9001499366258083,0.7558723273587926
776,3.01014413022879,2.3251801640189695,3.8857799678720064,0.9594124316148164
777,2.0220411863917906,0.7549395359809433,3.8857799678720064,0.7558723098658046
778,3.00478531441864,2.319760172650243,3.8714586066597163,0.9796714641645075
779,2.019764593930088,0.7409640002440816,3.8714586066597163,0.7558722937227702
780,2.9993286158628583,2.314276237569884,3.857209400340613,0.9991560021026463
781,2.016697720199828,0.7267019200031206,3.857209400340613,0.7558722789102816
782,2.993805015397632,2.308761733165651,3.8431012122176047,1.017965057097483
783,2.0128482015714515,0.7121898377855302,3.8431012122176047,0.7558722654037577
784,2.988208867624692,2.303213398598664,3.8291639452093755,1.0360785811453241
785,2.0082256648913988,0.6974669076853545,3.8291639452093755,0.755872253173949
786,2.982580832291935,2.297674297544046,3.8154761738728147,1.0535103914029689
787,2.002841732132653,0.6825750997345049,3.8154761738728147,0.7558722421874248
788,2.9769445733441793,2.2921705094531664,3.8020978937091945,1.0704428236176426
789,1.9967100258039316,0.6675594209043586,3.8020978937091945,0.7558722324070501
790,2.9713066964004065,2.2867110123951777,3.7890706677309125,1.0866974405057803
791,1.989846174993667,0.6524681508622064,3.7890706677309125,0.7558722237924392
792,2.9657021023453547,2.2813331373344345,3.776464863840857,1.1024722100705757
793,1.9822678218936316,0.6373530889774154,3.776464863840857,0.7558722163004006
794,2.9600848789902856,2.2759931372169295,3.7642664521938176,1.1176835933919211
795,1.9739946286108756,0.6222698068337625,3.7642664521938176,0.7558722098853539
796,2.9545835521577426,2.2708222603490493,3.75264050578296,1.1322712400006965
797,1.9650482840345884,0.6072778975087679,3.75264050578296,0.755872204499735
798,2.9491451360360235,2.2657696310918345,3.7415637275152616,1.1462086015240418
799,1.955452510475822,0.5924412089775597,3.7415637275152616,0.7558722000943765
800,2.9440850223454307,2.2611275259788375,3.7310257108816445,1.046398515831187
801,1.9452330697417604,0.5778280440615547,3.7310257108816445,0.7558721966188716
802,2.939514606650941,2.256979249206632,3.7209096030970383,0.9515992413210413
803,1.9344177682415278,0.5635113033134752,3.7209096030970383,0.7558721940219143
804,2.9352503881427667,2.2531624014947838,3.711458619894064,0.9719189199508566
805,1.9230364606465506,0.5495685401908977,3.711458619894064,0.7558721922516212
806,2.931196874459496,2.249571993492744,3.7025592908036797,0.8805578238469026
807,1.9111210515444368,0.5360818901397698,3.7025592908036797,0.7558721912558313
808,2.9274137067051402,2.2462711757270566,3.694387525531092,0.9013530461346647
809,1.8987054944305608,0.5231378274724506,3.694387525531092,0.755872190982385
810,2.92383979819548,2.2431891333065535,3.6868629049010773,0.8132137431693719
811,1.8858257872756181,0.5108266973751393,3.6868629049010773,0.7558721913793833
812,2.920531666260818,2.2403471059323725,3.6798264539555783,0.7290554131993762
813,1.8725199637901286,0.4992419668356866,3.6798264539555783,0.7558721923954262
814,2.9174720734970014,2.237763503683527,3.6736461712834254,0.7531793875688974
815,1.8588280793785472,0.4884791402106895,3.6736461712834254,0.7558721939798307
816,2.914540266094027,2.2353077177693725,3.668179229319042,0.6722990572785366
817,1.8447921906369995,0.4786342954835897,3.668179229319042,0.7558721960828297
818,2.9116843919975532,2.232889389578226,3.6631661397126782,0.5955702950893671
819,1.8304563271012917,0.46980221889867213,3.6631661397126782,0.7558721986557523
820,2.908984673145955,2.230631476975746,3.659042262795643,0.6256467082473042
821,1.815866453798076,0.462074150530704,3.659042262795643,0.7558722016511824
822,2.906378162269979,2.2284611565492742,3.6557148966290556,0.5512320349098749
823,1.8010704229954846,0.45553520117467067,3.6557148966290556,0.7558722050231024
824,2.903941100344444,2.2264628145637646,3.653338230718746,0.5855735900610839
825,1.7861179133949687,0.4502615578428549,3.653338230718746,0.7558722087270203
826,2.9017904455101338,2.224794000484444,3.652269770295229,0.6185540487672588
827,1.771060354859992,0.4463176528695063,3.652269770295229,0.755872212720076
828,2.899986444932548,2.2235159352487086,3.65255615207459,0.6464429011765096
829,1.7559508366477496,0.44375351797569573,3.65255615207459,0.755872216961134
830,2.8982397840403324,2.22228745077363,3.653638577119665,0.5653254827264689
831,1.7408439970074292,0.4426025659515829,3.653638577119665,0.755872221410861
832,2.8963173091761947,2.2208301536195014,3.655093187699003,0.4910141876431581
833,1.7257958919447847,0.44288002779614183,3.655093187699003,0.7558722260317876
834,2.8941708607160637,2.2190941806286046,3.6569046922495034,0.431706926712358
835,1.7108638409421584,0.4445822183779992,3.6569046922495034,0.7558722307883587
836,2.89174622025967,2.2170247270444965,3.6590467519333396,0.3651743141340096
837,1.6961062474813857,0.44768671537478044,3.6590467519333396,0.7558722356469655
838,2.8890183793498494,2.2145966178246117,3.661514054329797,0.32249504631145076
839,1.681582392361543,0.4521534306386819,3.661514054329797,0.7558722405759712
840,2.8864485609604786,2.2123265936560994,3.6649964775903157,0.34735126837494157
841,1.6673521980518862,0.4579264518342995,3.6649964775903157,0.7558722455457224
842,2.8838901800920382,2.210058551949546,3.669295346840857,0.30437188308616187
843,1.653475962689925,0.4649364554528959,3.669295346840857,0.7558722505285504
844,2.881502470374587,2.2079611756534097,3.674586023897525,0.3301276496752306
845,1.640014062840445,0.4731034528713123,3.674586023897525,0.7558722554987595
846,2.8797669525359813,2.2065599924616977,3.6814792523459667,0.3528886227048101
847,1.6270266247849114,0.48233963127176377,3.6814792523459667,0.7558722604326129
848,2.878038550450882,2.205155526762523,3.6891037826260047,0.3105938123686272
849,1.6145731649172952,0.4925520838274886,3.6891037826260047,0.7558722653083039
850,2.87651446241044,2.203952787653662,3.6976542108630945,0.3348361207942966
851,1.6027122007790586,0.5036452759382142,3.6976542108630945,0.7558722701059222
852,2.8755727089283836,2.2033602744720078,3.7075716715709164,0.3363284618098407
853,1.5915008353591156,0.5155231529599957,3.7075716715709164,0.7558722748074115
854,2.8744626233990305,2.202578119167966,3.7179128532432246,0.2982313537260339
855,1.580994318487695,0.5280908489875216,3.7179128532432246,0.7558722793965259
856,2.8735936824758257,2.202030464222757,3.7290957108566283,0.3189624832736829
857,1.5712455904258094,0.5412559992822545,3.7290957108566283,0.7558722838587741
858,2.873591829541318,2.202384731028133,3.741824542203431,0.34313413837325896
859,1.5623048140396347,0.5549296885567984,3.741824542203431,0.755872288181363
860,2.8735597707625735,2.2026945418143606,3.755016506780679,0.295029425160436
861,1.554218903183505,0.5690270842656925,3.755016506780679,0.7558722923531359
862,2.873715631218927,2.2031836969976806,3.7688623143598674,0.32150101460003855
863,1.5470310560179275,0.5834678107624234,3.7688623143598674,0.7558722963645065
864,2.8748198415662616,2.20464775212886,3.7841675315754664,0.33982915163182625
865,1.5407803028758351,0.5981761196571512,3.7841675315754664,0.7558723002073917
866,2.875809006590375,2.2059832809165774,3.799717169223068,0.29400762975774936
867,1.5355010788777121,0.613080906740823,3.799717169223068,0.7558723038751413
868,2.8769376564312483,2.207448062718516,3.815725629374712,0.307064357560896
869,1.531222831709287,0.6281156186512693,3.815725629374712,0.7558723073624636
870,2.877925486237192,2.208760210766939,3.831861909336949,0.2645277179991841
871,1.5279696747560059,0.6432180846117027,3.831861909336949,0.7558723106653527
872,2.8779430863873174,2.2090584382448846,3.847173082372901,0.2321713614219383
873,1.5257600951030388,0.6334117834205778,3.847173082372901,0.7558723137810139
874,2.8781048862716148,2.209493647917206,3.8628089134473482,0.235169454572017
875,1.5246067247558341,0.6183960098160262,3.8628089134473482,0.755872316707788
876,2.8781529192648865,2.2098052639899715,3.8784548534338654,0.20707642678614602
877,1.524516181846659,0.6033048228633883,3.8784548534338654,0.7558723194450744
878,2.8772249481690184,2.209101587164398,3.8931316311046116,0.1935229118085134
879,1.5254889866345782,0.5881897507381028,3.8931316311046116,0.7558723219932585
880,2.8764750190837165,2.20856962599052,3.908014073966155,0.17923424541395655
881,1.5275195548785945,0.5731063817525115,3.908014073966155,0.755872324353635
882,2.875641232434958,2.2079458267168,3.922785504693186,0.17090714960371728
883,1.5305962687885326,0.558114692337953,3.922785504693186,0.7558723265283358
884,2.8738294459097897,2.206309508485698,3.936443099195795,0.17971372422547877
885,1.5347016233713715,0.5432793699520339,3.936443099195795,0.7558723285202565
886,2.8722277541053898,2.2048777915077946,3.950184674076643,0.143434748492802
887,1.5398124437287433,0.5286701117825727,3.950184674076643,0.7558723303329866
888,2.870571360770166,2.203385198637308,3.963694402604144,0.15886503750516717
889,1.545900166849708,0.5143618721744151,3.963694402604144,0.7558723319707407
890,2.867941580876203,2.2008891149335565,3.9759533696224723,0.18678179684482102
891,1.5529311797849539,0.500435021957923,3.9759533696224723,0.7558723334382911
892,2.8655498644974338,2.198626544929,3.988176185928553,0.13194564405885287
893,1.560867204857377,0.48697537154578885,3.988176185928553,0.7558723347409024
894,2.863132636054237,2.196333727614685,4.000052565221854,0.16741874311941435
895,1.5696657217981034,0.474073997545888,4.000052565221854,0.7558723358842704
896,2.859741549152056,2.1930425755005443,4.010547185675103,0.20782052426469783
897,1.5792804163997896,0.461826801263982,4.010547185675103,0.7558723368744608
898,2.85662092368917,2.1900169665049996,4.020897288811901,0.1413866061445341
899,1.5896616454220143,0.45033371946317946,4.020897288811901,0.7558723377178521
900,2.853506071571878,2.1869927480506792,4.030797748975856,0.1874806248755417
901,1.6007569080122277,0.4396975069604151,4.030797748975856,0.7558723384210817
902,2.8494176462166583,2.182976572479012,4.039200555428416,0.234498705158026
903,1.6125113147473473,0.43002202199820927,4.039200555428416,0.755872338990993
904,2.8456197287252243,2.1792473504796708,4.047356852892391,0.16400609857763354
905,1.6248680464730643,0.421409974073215,4.047356852892391,0.7558723394345868
906,2.8418481047454747,2.1755423229413324,4.05497011418082,0.2146389412290756
907,1.6377687963356835,0.4139601439953115,4.05497011418082,0.7558723397589742
908,2.8371306431052696,2.1708728748926287,4.060998824240351,0.25571398111026145
909,1.6511541896850115,0.40776415765169527,4.060998824240351,0.7558723399713343
910,2.8314875423859855,2.1652639999119216,4.065441151244569,0.3041700475841094
911,1.6649641778063473,0.40290298209306774,4.065441151244569,0.7558723400788726
912,2.826193041910108,2.1599997893715606,4.069554307608261,0.23398116976146444
913,1.6791384026578677,0.3994434008002951,4.069554307608261,0.7558723400887832
914,2.820976373399043,2.154814221398494,4.073053000649786,0.28236251579654165
915,1.6936165309037279,0.397434792773468,4.073053000649786,0.755872340008215
916,2.8158235120643975,2.1496866838953994,4.075879286378952,0.23942420505522516
917,1.708338556514392,0.3969065636229564,4.075879286378952,0.7558723398442381
918,2.810537272545242,2.144421281657542,4.0778166932193765,0.28499967897945017
919,1.7232450720383434,0.39786653860949894,4.0778166932193765,0.7558723396038162
920,2.804334969909435,2.138229902604795,4.078053843301909,0.32946266233452226
921,1.738277509328788,0.40030052519941517,4.078053843301909,0.7558723392937791
922,2.797248897463903,2.1311458533179333,4.0766065124394295,0.3740634388343081
923,1.7533783510393273,0.4041731033989675,4.0766065124394295,0.7558723389207971
924,2.7893104668196496,2.123201412555995,4.07349189306302,0.41576832390133694
925,1.768491314594351,0.4094295391459609,4.07349189306302,0.7558723384913623
926,2.7805500206616434,2.114427829330161,4.068728952075505,0.45680685220360395
927,1.7835615106077627,0.4159985774888993,4.068728952075505,0.7558723380117687
928,2.7709951202280907,2.104854848651192,4.062340471351499,0.4960038813507223
929,1.798535577884564,0.4237957876375482,4.062340471351499,0.755872337488094
930,2.7606740551108513,2.0945120956334966,4.0543504138154915,0.5339278173839589
931,1.813361797211581,0.4327271127355158,4.0543504138154915,0.7558723369261875
932,2.749617709179598,2.083428944658574,4.04477938335107,0.5703985474282063
933,1.8279901861435353,0.44269231585986407,4.04477938335107,0.7558723363316561
934,2.737851991244741,2.071632653169794,4.033654316313246,0.6055461497151532
935,1.8423725769349049,0.45358808996812466,4.033654316313246,0.7558723357098561
936,2.725401449314981,2.05914976737802,4.021005740203885,0.6392957149183773
937,1.856462679671072,0.4653106893937537,4.021005740203885,0.7558723350658846
938,2.7122927743273557,2.046006274993344,4.006860505538835,0.6718038978296343
939,1.870216132526577,0.47775802425196073,4.006860505538835,0.7558723344045718
940,2.6985495605176997,2.0322270511448273,3.9912513393798577,0.7030865202477494
941,1.883590540934399,0.4908312248450819,3.9912513393798577,0.7558723337304784
942,2.6841960271701706,2.017836112921222,3.974209391862989,0.7331435733188709
943,1.896545507296547,0.5044357268047778,3.974209391862989,0.755872333047892
944,2.6692554023591355,2.0028564157685,3.9557670326008934,0.762095838756557
945,1.9090426527096567,0.5184819508975197,3.9557670326008934,0.755872332360827
946,2.653749671080769,1.987310029475498,3.9359590265480606,0.7900178021516071
947,1.9210456320247264,0.5328856587023075,3.9359590265480606,0.7558723316730237
948,2.6377000299049373,1.9712181915597968,3.9148216306147487,0.8168176163610171
949,1.9325201434114978,0.5475680620178983,3.9148216306147487,0.75587233098795
950,2.621126597798024,1.954601488528882,3.892393918116775,0.8426351086188316
951,1.9434339334577209,0.5624557545302826,3.892393918116775,0.7558723303088052
952,2.6040486883016443,1.937479866995591,3.8687171587825184,0.8674200577068549
953,1.953756798703389,0.5774805224627926,3.8687171587825184,0.7558723296385219
954,2.5864853069747338,1.9198723778247966,3.843832560374146,0.8912989665680867
955,1.963460584390846,0.5925790789274312,3.843832560374146,0.755872328979774
956,2.5684548424145768,1.9017973235437309,3.817782452012789,0.9142703904992939
957,1.972519181103801,0.6076927557880986,3.817782452012789,0.7558723283349809
958,2.549974837092167,1.8832724038925444,3.7906113594074813,0.9363706411466808
959,1.9809085198716483,0.6227671776149096,3.7906113594074813,0.7558723277063125
960,2.5310620785450886,1.8643147113903191,3.762365721001712,0.9576261642462925
961,1.9886065662296422,0.6377519348836999,3.762365721001712,0.7558723270957007
962,2.5117328608858074,1.8449406240456299,3.733092714842423,0.9780809642721887
963,1.9955933136498551,0.6526002678349423,3.733092714842423,0.7558723265048455
964,2.4920029460594533,1.8251658624551905,3.7028404752370805,0.9977654908126394
965,2.001850776691615,0.6672687681149139,3.7028404752370805,0.7558723259352226
966,2.471887506404912,1.805005553358693,3.6716584069333345,1.016708615178435
967,2.0073629841625067,0.6817171022097932,3.6716584069333345,0.7558723253880929
968,2.4514011438238104,1.7844742536178142,3.639597147585754,1.0349381330229557
969,2.012115972531101,0.695907758493927,3.639597147585754,0.7558723248645148
970,2.4305579112772087,1.7635859717830549,3.606708511360345,1.0524808169574824
971,2.0160977797894852,0.7098058182240046,3.606708511360345,0.7558723243653501
972,2.4093713336023557,1.7423541887926706,3.573045427322425,1.0693624514336262
973,2.019298439926512,0.723378749838604,3.573045427322425,0.7558723238912757
974,2.3878544237435197,1.7207918797271489,3.538661891201483,1.08560783460542
975,2.0217099781406396,0.7365962253235967,3.538661891201483,0.7558723234427938
976,2.366019093362887,1.6989118295609902,3.503615821075669,1.1012280778241084
977,2.023326406893462,0.7494299570681766,3.503615821075669,0.7558723230202448
978,2.343877836818441,1.676725851870137,3.4679610324004506,1.116266522343323
979,2.024143722880778,0.761853553481642,3.4679610324004506,0.7558723226238131
980,2.321441841551569,1.6542457461277542,3.431756338383467,1.1307266089036907
981,2.024159904976524,0.7738423916074674,3.431756338383467,0.755872322253542
982,2.2987223700946617,1.6314826345398918,3.395058841165448,1.1446975736287375
983,2.0233749131854655,0.7668413871891727,3.395058841165448,0.7558723219093396
984,2.275729242175034,1.6084479237721059,3.3579319878359115,1.1580926863574557
985,2.0217906886224064,0.7531430461554992,3.3579319878359115,0.7558723215909923
986,2.2524734669298416,1.585151753995199,3.320431704061476,1.17092622747636
987,2.0194111545182816,0.7391283401247385,3.320431704061476,0.755872321298174
988,2.2289643399699823,1.56160492871236,3.282622243424053,1.1832823070194554
989,2.0162422182360524,0.7248316918300599,3.282622243424053,0.7558723210304564
990,2.2052119507880747,1.537817100482278,3.244561681765333,1.1953807165554502
991,2.012291774261299,0.7102899718415455,3.244561681765333,0.7558723207873167
992,2.181224654287934,1.5137999226311722,3.2063212320665087,1.2065451726266108
993,2.0075697081129693,0.6955426878480543,3.2063212320665087,0.75587232056815
994,2.157012758285715,1.4895615353423028,3.1679532122604646,1.2178717850366356
995,2.002087901098383,0.6806321912483045,3.1679532122604646,0.7558723203722768
996,2.13258460523052,1.465114591953103,3.129532864915466,1.2275753414940895
997,1.9958602358124138,0.6656039002029285,3.129532864915466,0.7558723201989519
998,2.1092024451888562,1.441716048840555,3.092300722117326,1.1242100751844417
999,1.9889026022531877,0.65050653709001,3.092300722117326,0.7558723200473725
1000,2.0878386353039966,1.4203287063171284,3.0572032488089063,1.0251215537043437
1001,1.98123290439476,0.6353923766058538,3.0572032488089063,0.7558723199166878
1002,2.068417394817031,1.4008803397588276,3.0242322850227157,0.9299174859257072
1003,1.972871067020313,0.620317498424658,3.0242322850227157,0.7558723198060063
1004,2.0508133015725893,1.3832460097171215,2.9933214178389433,0.8439565578552528
1005,1.9638390425765702,0.6053420352256144,2.9933214178389433,0.7558723197144027
1006,2.0337165497736955,1.3661227956833284,2.9632926563368036,0.8690557571240362
1007,1.9541608177605145,0.5905304028646856,2.9632926563368036,0.7558723196409247
1008,2.016143783970012,1.3485390941287076,2.933296177250231,0.8900200341349893
1009,1.9438624194921803,0.5759514943904948,2.933296177250231,0.7558723195846012
1010,1.998117115870261,1.330519598875925,2.903409994680708,0.9106472325075928
1011,1.932971919861465,0.5616788134353228,2.903409994680708,0.7558723195444463
1012,1.980893401587872,1.313296719882414,2.874801053887722,0.8236607373810837
1013,1.92151943956164,0.5477905153587053,2.874801053887722,0.7558723195194673
1014,1.9642126135094817,1.2966226397788552,2.847310973997771,0.8455483598525184
1015,1.9095371492368454,0.5343693167414675,2.847310973997771,0.7558723195086696
1016,1.9470628748682095,1.2795087777174183,2.8200918239476276,0.8709564122524142
1017,1.897059268074648,0.5215022261654948,2.8200918239476276,0.7558723195110613
1018,1.9294560150740585,1.2619611801212214,2.7931737704302035,0.8899013403473368
1019,1.8841220588673329,0.509280042938111,2.7931737704302035,0.7558723195256584
1020,1.9114157535638863,1.2440071202925003,2.7666272015139026,0.9118421364898145
1021,1.870763818646879,0.4977965674341683,2.7666272015139026,0.7558723195514877
1022,1.8929718318101014,1.225682272992497,2.7405319131605075,0.9318796773381053
1023,1.8570248638688267,0.48714746957624167,2.7405319131605075,0.7558723195875936
1024,1.8741520542135346,1.2070188220828806,2.714956117159625,0.9489477868096818
1025,1.8429475089803933,0.4774287736187407,2.714956117159625,0.7558723196330389
1026,1.856174558533264,1.1891915761374863,2.6909689456648485,0.8612377784154797
1027,1.8285760370598116,0.4687349406775891,2.6909689456648485,0.7558723196869095
1028,1.8387928752204195,1.17196742397335,2.668405701287423,0.8771551922563108
1029,1.813956661059531,0.4611565670828064,2.668405701287423,0.7558723197483171
1030,1.8222048729081337,1.1555310329757627,2.6474476069556263,0.7878991491824112
1031,1.7991374740292891,0.4547777659422877,2.6474476069556263,0.7558723198164008
1032,1.8073074055839458,1.140728406322558,2.6288499050096474,0.7123921338971658
1033,1.784168386541205,0.44967335687514015,2.6288499050096474,0.7558723198903313
1034,1.792904189076065,1.1264295842906151,2.611670593685736,0.7327328061106498
1035,1.7691010493945887,0.4459060458633181,2.611670593685736,0.755872319969309
1036,1.778060641807274,1.1117529871665137,2.59515813770876,0.7510310414325504
1037,1.7539887595515777,0.44352382103572324,2.59515813770876,0.75587232005257
1038,1.7638976684486842,1.0977444024164908,2.5802066408544997,0.6716913556981176
1039,1.7388863471563483,0.442557807330523,2.5802066408544997,0.7558723201393859
1040,1.7502181829538352,1.0842292290901687,2.5666937865449966,0.693249540024978
1041,1.723850041432985,0.44302080299450225,2.5666937865449966,0.7558723202290634
1042,1.737198856250109,1.0713646131272652,2.554748149253051,0.615096663538455
1043,1.708937313254449,0.4449066611560846,2.554748149253051,0.7558723203209471
1044,1.7256457193795072,1.0598808163211046,2.5449821452771584,0.547735093691553
1045,1.6942066922436065,0.448190588066786,2.5449821452771584,0.7558723204144184
1046,1.7145019773035115,1.0488181034970903,2.536602307342114,0.5673494558515478
1047,1.6797175564242595,0.4528303232927652,2.536602307342114,0.7558723205088965
1048,1.702960737090507,1.0374507326060318,2.5289898426002915,0.5898261478249861
1049,1.66552989270332,0.45876806798837805,2.5289898426002915,0.7558723206038378
1050,1.691083323439269,1.0258453201206819,2.5221824516705116,0.6100882850690815
1051,1.6517040268517316,0.4659329549745262,2.5221824516705116,0.7558723206987371
1052,1.6789132566147957,1.014049083356657,2.516190813484114,0.6302219173867544
1053,1.6383003221762742,0.4742438201444682,2.516190813484114,0.7558723207931265
1054,1.666490425706975,1.0021064683246734,2.511018421905656,0.6488245459269653
1055,1.625378846747698,0.4836120396455816,2.511018421905656,0.7558723208865749
1056,1.6538646955873213,0.9900741375908305,2.50667785493922,0.6671146018681691
1057,1.6129990098771112,0.493944233220129,2.50667785493922,0.7558723209786885
1058,1.6410931211929611,0.9780174960724911,2.5031865251467016,0.6853003446107003
1059,1.601219169507957,0.5051446880159318,2.5031865251467016,0.7558723210691077
1060,1.6282350175923477,0.9660051360659122,2.5005607592667562,0.7020524794222945
1061,1.5900962133000462,0.5171174157760714,2.5005607592667562,0.7558723211575097
1062,1.6153346744774282,0.954090423698546,2.498797150537212,0.7192042949256993
1063,1.57968511739688,0.5297678092651288,2.498797150537212,0.7558723212436034
1064,1.6024181681846021,0.942308766745649,2.4978708442920854,0.7408399535553809
1065,1.570038488145564,0.5430039051362664,2.4978708442920854,0.7558723213271326
1066,1.5895459010274002,0.9307331920885844,2.4977926666334187,0.7521942769679403
1067,1.5612060933234269,0.556737288323476,2.4977926666334187,0.7558723214078714
1068,1.5771258609281886,0.9195886100284743,2.4986382814562385,0.6803335412912983
1069,1.5532343906473745,0.5708836884955169,2.4986382814562385,0.7558723214856246
1070,1.5654972542775862,0.9090526579505963,2.5005000456505253,0.6146667385269665
1071,1.5461660624214892,0.5853633247080975,2.5005000456505253,0.755872321560227
1072,1.5545380563214295,0.898991046926136,2.5032394868967343,0.5645717291259165
1073,1.5400395660309585,0.6001010531411017,2.5032394868967343,0.7558723216315398
1074,1.5439980413512107,0.8893616398996675,2.506857408700624,0.571854799941736
1075,1.534888710533203,0.6150263674389878,2.506857408700624,0.7558723216994522
1076,1.533804838402442,0.8800476912636647,2.511181681129523,0.5248960607486005
1077,1.5307422697568336,0.6300732938225401,2.511181681129523,0.7558723217638779
1078,1.5240472326933845,0.8711824921919231,2.516310208929374,0.5275810809874186
1079,1.5276236420403657,0.6451802152928423,2.516310208929374,0.755872321824754
1080,1.5146222722426161,0.8626170851301435,2.5220392417751776,0.4856980024353071
1081,1.5255505659958122,0.6314687801817288,2.5220392417751776,0.7558723218820395
1082,1.5055779120472255,0.854444104771928,2.5284201924213847,0.49298198861418113
1083,1.5245349004693651,0.6164404429272309,2.5284201924213847,0.7558723219357164
1084,1.4967570307027935,0.8467002609795045,2.535451367306366,0.5098261621103436
1085,1.524582475229464,0.6013431625981519,2.535451367306366,0.7558723219857828
1086,1.4882660551005784,0.8394965787676298,2.543174140386759,0.5154276335336968
1087,1.5256930169133753,0.5862289760110219,2.543174140386759,0.755872322032257
1088,1.4801126945845218,0.8325947575289788,2.5512839462743395,0.46455253183621276
1089,1.5278601525092517,0.5711540224691396,2.5512839462743395,0.7558723220751729
1090,1.4722761323466111,0.8257647730475796,2.5595144475315537,0.4364873032520961
1091,1.5310714902661613,0.5561788719314338,2.5595144475315537,0.7558723221145802
1092,1.4647541950331588,0.8192590870917421,2.568074088668934,0.4301026864160878
1093,1.5353087755463077,0.5413688460095109,2.568074088668934,0.7558723221505416
1094,1.4576424090209426,0.8133839726078314,2.5772048065581754,0.4399729231758709
1095,1.540548116897467,0.5267943117346091,2.5772048065581754,0.7558723221831334
1096,1.450757573385259,0.8076947160620258,2.586425954536682,0.398874511712512
1097,1.5467602756527035,0.512530919856007,2.586425954536682,0.7558723222124412
1098,1.4441620005962237,0.8023024398746478,2.5957998873903696,0.4036151898010422
1099,1.5539110107584286,0.4986597494599183,2.5957998873903696,0.7558723222385626
1100,1.4377741433507798,0.7970747021154349,2.6051550624889455,0.37417995809135
1101,1.561961469359667,0.4852673092242269,2.6051550624889455,0.7558723222616028
1102,1.4317101281778692,0.7921737473285423,2.6146052608755266,0.3710284174356842
1103,1.570868612966842,0.47244533349436196,2.6146052608755266,0.7558723222816737
1104,1.4257906051320115,0.7873752911012434,2.6238890909058536,0.3525033031651431
1105,1.580585668790556,0.46029030025520706,2.6238890909058536,0.7558723222988959
1106,1.4201714293874776,0.7828793361356677,2.6331592814560154,0.3493557076981843
1107,1.5910625960274098,0.44890259076029065,2.6331592814560154,0.7558723223133931
1108,1.4150796550330111,0.7791417379626804,2.6427940379016377,0.3559918312846092
1109,1.6022465574535867,0.43838521107367634,2.6427940379016377,0.755872322325294
1110,1.4101190805012738,0.7754874747612269,2.6521209869757802,0.3387837566745566
1111,1.6140823875592278,0.4288420091059704,2.6521209869757802,0.7558723223347322
1112,1.4054388212399247,0.772109957806194,2.661290250573648,0.3332329837990627
1113,1.6265130495522635,0.42037535206794335,2.661290250573648,0.7558723223418412
1114,1.4013508338283296,0.7695519436175974,2.670767773676413,0.3661740949511406
1115,1.6394800747910163,0.4130832822580336,2.670767773676413,0.7558723223467578
1116,1.3978330371762129,0.7677930995868518,2.680495161572238,0.37536299876473644
1117,1.6529239794917612,0.4070562433175407,2.680495161572238,0.7558723223496188
1118,1.394943442154391,0.7668815764407367,2.690487026242744,0.3933759966642745
1119,1.6667846548319352,0.40237355736097763,2.690487026242744,0.7558723223505632
1120,1.3920773937115463,0.7659391832521962,2.699886203483452,0.3596771950071927
1121,1.6810017277765206,0.39909992030754415,2.699886203483452,0.7558723223497272
1122,1.3894301988881117,0.7651989248495141,2.708892883139824,0.3715704073251213
1123,1.695514891053227,0.39728224608535373,2.708892883139824,0.7558723223472442
1124,1.3874774951549609,0.7653603675044699,2.7181347467836128,0.39091196351451607
1125,1.7102642016646545,0.39694720664755667,2.7181347467836128,0.7558723223432491
1126,1.3854972874811116,0.7654369811641385,2.7266544630504783,0.35402520832742135
1127,1.7251903481384203,0.39809976791295204,2.7266544630504783,0.7558723223378724
1128,1.3837106308716975,0.7656822429354618,2.734678565852414,0.3701433673470542
1129,1.7402348873759421,0.400722911885754,2.734678565852414,0.7558723223312437
1130,1.3825956689829664,0.7668090224714995,2.7428483183542225,0.3990348774158825
1131,1.7553404524722631,0.4047785820155085,2.7428483183542225,0.7558723223234884
1132,1.3821920363586868,0.7688409959529302,2.7511714498156548,0.43694587927785616
1133,1.7704509332540879,0.41020972694597296,2.7511714498156548,0.7558723223147281
1134,1.3825067039255292,0.7717749505505304,2.759629297073104,0.45977930018387425
1135,1.7855116315361799,0.4169431849065827,2.759629297073104,0.7558723223050805
1136,1.383534739982236,0.7755978656989843,2.768194860892842,0.49095198935343576
1137,1.800469393244634,0.424893074625145,2.768194860892842,0.7558723222946592
1138,1.3852751129203933,0.7802988332367438,2.7768458237627347,0.5232103423678027
1139,1.815272719616988,0.43396434770316367,2.7768458237627347,0.755872322283573
1140,1.387705650427102,0.7858514625090687,2.7855447917778613,0.5603504513047396
1141,1.8298718596809553,0.4440562022417915,2.7855447917778613,0.7558723222719255
1142,1.390840953077892,0.7922545756099335,2.7942850427458503,0.590602506501316
1143,1.8442188861516857,0.4550651368195401,2.7942850427458503,0.7558723222598169
1144,1.3947013240303003,0.7995089396453008,2.8030651624919836,0.6194637885079494
1145,1.8582677567861166,0.46688751397837686,2.8030651624919836,0.7558723222473401
1146,1.3992731655516448,0.8075912251892062,2.811858801404551,0.6439341963241757
1147,1.871974363104381,0.4794215842874145,2.811858801404551,0.7558723222345846
1148,1.4045426851283256,0.8164779086667526,2.8206414049907984,0.6715098640214385
1149,1.8852965682426508,0.49256898499568624,2.8206414049907984,0.7558723222216341
1150,1.4096275339617403,0.825029525416191,2.8283370017037646,0.5907225007297285
1151,1.8981942355474124,0.5062357680978551,2.8283370017037646,0.7558723222085671
1152,1.413771597460316,0.8323121369532211,2.8340575498089677,0.5180330864136072
1153,1.9106292493645927,0.5203330334704215,2.8340575498089677,0.7558723221954566
1154,1.4169775525907828,0.8383460759441176,2.837821447840812,0.4488741518581936
1155,1.922565529322999,0.5347772483439867,2.837821447840812,0.755872322182371
1156,1.4192845408079893,0.8431736870498882,2.839673754731932,0.37984711552154415
1157,1.9339690392638365,0.5494903300088988,2.839673754731932,0.7558723221693731
1158,1.4206698387649852,0.8468022235471047,2.8396163057686032,0.32340865162644983
1159,1.944807791829062,0.5643995588324583,2.8396163057686032,0.75587232215652
1160,1.421178519805656,0.8492778755576633,2.8377002002914264,0.2670878268342979
1161,1.9550518495925573,0.5794373767268806,2.8377002002914264,0.7558723221438655
1162,1.4208120915821258,0.8506224517708397,2.833947396306924,0.22463265192818685
1163,1.9646733235003786,0.5945411142907067,2.833947396306924,0.7558723221314574
1164,1.419602538971611,0.8508742519693046,2.828402434624963,0.18917351195183657
1165,1.9736463692799568,0.6096526791351893,2.828402434624963,0.7558723221193389
1166,1.4175515690424811,0.8500554110196675,2.821091317607289,0.17979490243281607
1167,1.9819471823828916,0.6247182289098643,2.821091317607289,0.7558723221075514
1168,1.4146944251947489,0.8482052097171389,2.8120642982246973,0.18273751696101198
1169,1.9895539919415242,0.639687845345555,2.8120642982246973,0.7558723220961289
1170,1.4110492202708256,0.8453535762993349,2.8013621924168928,0.20241276179274825
1171,1.996447054145096,0.6545152200958815,2.8013621924168928,0.7558723220851005
1172,1.4066552088368023,0.8415403006346005,2.789041174214245,0.23079361626368738
1173,2.0026086453762546,0.669157359035287,2.789041174214245,0.7558723220744913
1174,1.401526738260984,0.8367922831977114,2.7751435716654336,0.26644113673724784
1175,2.0080230553920857,0.683574308693092,2.7751435716654336,0.7558723220643234
1176,1.3956908628184168,0.8311420921046585,2.759721827274824,0.305920569948925
1177,2.0126765807848876,0.6977289064162486,2.759721827274824,0.755872322054614
1178,1.3891750883527352,0.8246218187726749,2.7428306202684287,0.34527094763056343
1179,2.0165575189156066,0.7115865544405519,2.7428306202684287,0.7558723220453776
1180,1.3819971285585604,0.8172583929163517,2.724520899933587,0.3855521544966019
1181,2.019656162476433,0.7251150171336059,2.724520899933587,0.7558723220366242
1182,1.3742076574028979,0.8090931078721169,2.7048647908877377,0.4242399453499869
1183,2.0219647948075985,0.7382842401135837,2.7048647908877377,0.7558723220283615
1184,1.3657994219318585,0.8001403019974469,2.6839029331961397,0.46280486601862947
1185,2.023477686066139,0.7510661896397216,2.6839029331961397,0.7558723220205944
1186,1.356813808346353,0.7904357324123421,2.661706068039153,0.5000794589105367
1187,2.0241910903205427,0.7634347105345521,2.661706068039153,0.7558723220133275
1188,1.347279062527753,0.7800084537376248,2.638339138586427,0.5359878364200792
1189,2.0241032436239843,0.7753654008765137,2.638339138586427,0.7558723220065602
1190,1.3372026685803282,0.7688779917081492,2.613857897254641,0.5717957898031069
1191,2.023214363099624,0.7650824247393447,2.613857897254641,0.755872322000288
1192,1.3266136056708595,0.7570726651784389,2.588331832491676,0.6066961342099952
1193,2.0215266470534488,0.7513411586429944,2.588331832491676,0.7558723219945058
1194,1.3155733280203512,0.7446333538587286,2.56184843729439,0.6396661654876983
1195,2.0190442761127714,0.7372878634497309,2.56184843729439,0.7558723219892061
1196,1.304052667617132,0.7315627270747218,2.5344504463582083,0.6717547746702571
1197,2.0157734153710174,0.7229572695350107,2.5344504463582083,0.7558723219843794
1198,1.292092570959345,0.7178920559828115,2.506218448021877,0.7027646916146775
1199,2.0117222175012586,0.7083865786945774,2.506218448021877,0.7558723219800143
1200,1.2797027890533355,0.703639437637406,2.477219123608743,0.7340971365663539
1201,2.0069008267813158,0.6936156556883903,2.477219123608743,0.7558723219760984
1202,1.2679519523154783,0.6900586643104383,2.4487459010431163,0.6492729761949
1203,2.001321383951551,0.6786872370377081,2.4487459010431163,0.7558723219726174
1204,1.257622272125988,0.678104912040429,2.4217979968171237,0.5689870025185886
1205,1.9949980318019152,0.663647156093594,2.4217979968171237,0.755872321969557
1206,1.2486578699428634,0.6677173247372795,2.3963740436739007,0.49041810333145497
1207,1.987946921356699,0.6485445821290633,2.3963740436739007,0.7558723219669005
1208,1.2410081270135327,0.6588379655138016,2.3724759326362452,0.4156557238759097
1209,1.9801862184929684,0.6334322694329622,2.3724759326362452,0.7558723219646319
1210,1.2346167040707212,0.6514084059774418,2.350104484185443,0.3436343622132057
1211,1.9717361107910152,0.6183668099633645,2.350104484185443,0.7558723219627331
1212,1.2283735688916078,0.6441365757828963,2.3280365018670803,0.38760926335278506
1213,1.9626188143714798,0.6034088799010715,2.3280365018670803,0.7558723219611865
1214,1.2225010095739461,0.6372599340799182,2.306569061989061,0.3175097972396992
1215,1.9528585804232468,0.5886234662824376,2.306569061989061,0.7558723219599734
1216,1.2167239036442428,0.6305115661490261,2.285491969019585,0.361211240202153
1217,1.9424817010678483,0.5740800546715388,2.285491969019585,0.7558723219590773
1218,1.2112918894245421,0.624135922458995,2.265111892817566,0.2921150953097443
1219,1.9315165141390829,0.5598527525252011,2.265111892817566,0.7558723219584802
1220,1.2071011460383934,0.6191280229451259,2.2464804161375724,0.22736976923840152
1221,1.9199934063800557,0.5460203156426033,2.2464804161375724,0.7558723219581627
1222,1.2029586921863382,0.6141793695902112,2.2283501016996627,0.27258794110047785
1223,1.907944814473042,0.5326660372749291,2.2283501016996627,0.7558723219581058
1224,1.199099480365804,0.6095285752815314,2.211019443862968,0.20997699687460694
1225,1.8954052232199554,0.519877451903562,2.211019443862968,0.7558723219582912
1226,1.1961121531071648,0.6058377279489232,2.1952043207306042,0.17388607491484293
1227,1.8824111600823266,0.5077457997242383,2.1952043207306042,0.7558723219586991
1228,1.1940443711069015,0.6031318090042201,2.1809882805051903,0.12382902513087538
1229,1.8690011851694994,0.4963651954899801,2.1809882805051903,0.7558723219593113
1230,1.1919117617510486,0.6003949343263975,2.16740282572034,0.16584966900909506
1231,1.8552158756326578,0.4858314491830641,2.16740282572034,0.7558723219601098
1232,1.1899801201971942,0.5978615755528414,2.1547407609399323,0.10759758567770947
1233,1.841097803281208,0.4762404989933295,2.1547407609399323,0.7558723219610768
1234,1.1892046765908733,0.5965237572798964,2.1440489320536265,0.07796653859529788
1235,1.826691504088736,0.46768644202967824,2.1440489320536265,0.7558723219621947
1236,1.1883154366674185,0.5951004324963555,2.134078924837313,0.10707617590972991
1237,1.8120434381008825,0.4602591865785351,2.134078924837313,0.7558723219634473
1238,1.1873829349766913,0.5936197461768405,2.1249091589350275,0.08034925638203626
1239,1.7972019381008963,0.45404180044697023,2.1249091589350275,0.7558723219648185
1240,1.186178213874328,0.5919088366963444,2.1163918892910942,0.11862509341678996
1241,1.7822171452355684,0.44910768801572387,2.1163918892910942,0.755872321966292
1242,1.1838861205721862,0.5891313600821948,2.1077160566408617,0.16421901188074806
1243,1.7671409296616094,0.445517784680085,2.1077160566408617,0.7558723219678538
1244,1.1812283524136582,0.5859946608781678,2.099630735176097,0.1540947446248162
1245,1.7520267941489716,0.44331799849959347,2.099630735176097,0.755872321969489
1246,1.1792946628809167,0.5835623170016081,2.093248285485696,0.1088469397393941
1247,1.7369297584837922,0.4425371416543833,2.093248285485696,0.7558723219711844
1248,1.1772616923966095,0.5810548722249467,2.087787735800729,0.1526421614037573
1249,1.7219062224622679,0.44318556910111906,2.087787735800729,0.7558723219729271
1250,1.1741412936846398,0.5775552450271623,2.0823102703125307,0.19381174562886286
1251,1.7070138052724153,0.4452546772864912,2.0823102703125307,0.7558723219747049
1252,1.1704617257201464,0.5735536375595665,2.077330669689184,0.20249803388493903
1253,1.6923111591396798,0.4487173210963723,2.077330669689184,0.7558723219765066
1254,1.1661872352559772,0.5690365534539142,2.0728295145243516,0.24396328514539048
1255,1.6778577552821257,0.4535291005801436,2.0728295145243516,0.7558723219783211
1256,1.1609341202998578,0.5636839192241679,2.068453398581081,0.2897788984726737
1257,1.6637136404992008,0.45963037233029674,2.068453398581081,0.7558723219801387
1258,1.1547070545766507,0.5575258389123819,2.06420877313739,0.33711536207986903
1259,1.6499391631216926,0.4669487725177552,2.06420877313739,0.7558723219819504
1260,1.1475523601496809,0.550640544535375,2.060141251543004,0.3798244641559109
1261,1.6365946675938288,0.47540200963221796,2.060141251543004,0.7558723219837474
1262,1.139518475347474,0.54310569508433,2.0562891851028278,0.4214375658002214
1263,1.6237401576515913,0.484900694537561,2.0562891851028278,0.7558723219855222
1264,1.1306623835492207,0.535014390590466,2.0526963986477895,0.46098620502203946
1265,1.6114349289075653,0.49535101450681324,2.0526963986477895,0.7558723219872676
1266,1.1210469202520246,0.5264669621415652,2.049405860372606,0.4986967139145297
1267,1.5997371726465246,0.5066571131487779,2.049405860372606,0.7558723219889768
1268,1.110721434764527,0.5175382047895731,2.046432755912359,0.5347753588935575
1269,1.5887035537606942,0.518723096498531,2.046432755912359,0.7558723219906448
1270,1.099753343540814,0.5083376624312242,2.04381371792334,0.5687030079843831
1271,1.5783887669792795,0.5314546372275077,2.04381371792334,0.7558723219922651
1272,1.0882202627534263,0.4989902587154323,2.0415917431955335,0.6003135508571695
1273,1.5688450768293292,0.5447601885575397,2.0415917431955335,0.755872321993834
1274,1.0762032065459424,0.48962479771643014,2.039807074471398,0.6307241072487048
1275,1.560121848045789,0.5585518456256701,2.039807074471398,0.7558723219953482
1276,1.0637570116115633,0.48033187593130566,2.0384617974454637,0.6596556120713786
1277,1.552265074356713,0.5727459060560909,2.0384617974454637,0.7558723219968032
1278,1.050939064903953,0.471211040881725,2.0375594696172312,0.6845294267394364
1279,1.5453169146244277,0.5872631860375724,2.0375594696172312,0.7558723219981967
1280,1.0382993056431633,0.46255901831608437,2.0374922143731875,0.6589354137971403
1281,1.5393152461403645,0.6020291462769277,2.0374922143731875,0.7558723219995256
1282,1.025782877849755,0.4544036626878994,2.0381790154348924,0.6832039304328668
1283,1.5342932453681926,0.616973876466644,2.0381790154348924,0.7558723220007892
1284,1.0138188948324889,0.4468192424189642,2.0398779649009233,0.6112734338923175
1285,1.5302790065353806,0.63203197941984,2.0398779649009233,0.7558723220019854
1286,1.0022337596221313,0.4397486499901917,2.042409970079426,0.6305185997351164
1287,1.5272952081349218,0.6444527471017838,2.042409970079426,0.7558723220031133
1288,0.9911873005111549,0.4332017173377624,2.0458462144325855,0.5640065136919981
1289,1.5253588365907922,0.6295237970601563,2.0458462144325855,0.7558723220041692
1290,0.9812577067470463,0.4271448395786909,2.050561003049354,0.4862346001551739
1291,1.5244809750692818,0.6144837087876519,2.050561003049354,0.7558723220051539
1292,0.972338985719129,0.4214203812829976,2.056410527959051,0.43555399797814687
1293,1.5246666637252866,0.5993812113520547,2.056410527959051,0.7558723220060666
1294,0.9644068271954425,0.41597912653132346,2.06333657141835,0.3696092173972939
1295,1.5259148356340433,0.5842688556439005,2.06333657141835,0.7558723220069093
1296,0.9573252528970445,0.4106481551123376,2.0711532600132605,0.32082923542988084
1297,1.5282183303802963,0.5692033375058644,2.0711532600132605,0.7558723220076828
1298,0.9510777465162993,0.4054045116763292,2.079801347219317,0.2838753039771254
1299,1.5315639848854037,0.5542458258608646,2.079801347219317,0.7558723220083879
1300,0.9455729569355774,0.40014682899826126,2.0891357343379386,0.2692251170471261
1301,1.535932798685531,0.5394622814634474,2.0891357343379386,0.7558723220090265
1302,0.9408131949833985,0.3948851243732251,2.0991083737510663,0.2717213221963412
1303,1.5413001686657763,0.5249237452565859,2.0991083737510663,0.7558723220096008
1304,0.9361854885343963,0.38986437024710763,2.1092588744585097,0.262289489079546
1305,1.5476361863264114,0.51070656690016,2.1092588744585097,0.7558723220101117
1306,0.9313042778198155,0.385394821789812,2.119321170938067,0.25876989069096257
1307,1.5549059891046002,0.49689253384433263,2.119321170938067,0.7558723220105625
1308,0.9261456594321157,0.38144352646133983,2.1292131379016497,0.270324844563999
1309,1.5630701561622742,0.4835688496996783,2.1292131379016497,0.7558723220109542
1310,0.9208127749994581,0.3781116484455866,2.1389889820312717,0.2829083762319522
1311,1.5720851384076484,0.4708278985425796,2.1389889820312717,0.7558723220112902
1312,0.9156598769155421,0.3748554093972106,2.1487215540377833,0.25419534311781306
1313,1.5819037123388378,0.45876672099406907,2.1487215540377833,0.7558723220115727
1314,0.9106996597700222,0.37185862816297494,2.158425530035095,0.27051212948091685
1315,1.5924754475472247,0.4474861213577153,2.158425530035095,0.7558723220118039
1316,0.9056515423968526,0.36957826743385197,2.1679637461000247,0.2904718985172716
1317,1.6037471783356831,0.43708932696291447,2.1679637461000247,0.755872322011987
1318,0.9004876995133344,0.3679890748316482,2.1772623829628923,0.3198294111253674
1319,1.615663470816309,0.42768013624364154,2.1772623829628923,0.7558723220121245
1320,0.8953256754551557,0.3671963126752534,2.1863986121197434,0.3368863629708636
1321,1.6281670779701924,0.41936052608842583,2.1863986121197434,0.7558723220122185
1322,0.8903730106731186,0.3664643674140293,2.195296686446837,0.2886086310388672
1323,1.6411993763939792,0.41222774488739367,2.195296686446837,0.7558723220122727
1324,0.8858008093924427,0.3651880098253606,2.2038958561179256,0.2481918259307387
1325,1.6547007797468396,0.4063709943182651,2.2038958561179256,0.7558723220122894
1326,0.8815722944338629,0.3633343999951469,2.212124225331395,0.21208380732424845
1327,1.668611125180029,0.40186789205650775,2.212124225331395,0.755872322012271
1328,0.8776345900614528,0.36086526301751515,2.219891063382171,0.20067836620589424
1329,1.6828700302259259,0.39878099280854096,2.219891063382171,0.7558723220122204
1330,0.8739196278932186,0.35866373188945666,2.227349269839449,0.1797461362012405
1331,1.6974172187052003,0.3971547035658985,2.227349269839449,0.7558723220121399
1332,0.8703236629402563,0.3564703029576395,2.234314160620985,0.17693464220421842
1333,1.712192815154405,0.3970129376929736,2.234314160620985,0.7558723220120329
1334,0.8668837418046731,0.35355448019406294,2.2405721839752344,0.1909756057974658
1335,1.727137608069216,0.3983577970358871,2.2405721839752344,0.7558723220119012
1336,0.8636467667159087,0.35090379518559045,2.246411988508051,0.14835410228657409
1337,1.7421932828986104,0.4011694542436354,2.246411988508051,0.7558723220117478
1338,0.8604948168199311,0.3482530710580003,2.251638750564922,0.17342482675578053
1339,1.7573026262184448,0.40540725100801583,2.251638750564922,0.7558723220115746
1340,0.8575322586653873,0.34585204850410195,2.2563862193281268,0.14758104391804158
1341,1.772409702870965,0.41101186774586895,2.2563862193281268,0.7558723220113842
1342,0.854658239800911,0.34344820391813136,2.26047836092406,0.14344072417962941
1343,1.7874600080951992,0.4179082934800925,2.26047836092406,0.7558723220111788
1344,0.851836974565177,0.3402438723202178,2.2636073659043,0.18285141689414303
1345,1.8024005968092407,0.42600925672226925,2.2636073659043,0.7558723220109606
1346,0.8491331955018508,0.33726440197153684,2.2661283251260693,0.14753215210659867
1347,1.8171801922569113,0.43521877534535625,2.2661283251260693,0.7558723220107314
1348,0.8466873203573171,0.33536935968757126,2.268429750653858,0.10653667759063755
1349,1.8317492762152603,0.44543553410092296,2.268429750653858,0.755872322010493
1350,0.844315122995185,0.33345150966630643,2.269995191154946,0.12538080680892152
1351,1.8460601628916053,0.45655588043627826,2.269995191154946,0.7558723220102478
1352,0.8418908821096089,0.3306507605949561,2.2704121344130543,0.16766937169031346
1353,1.8600670585332877,0.4684763191746889,2.2704121344130543,0.7558723220099967
1354,0.8395819260739431,0.3280668263122644,2.2701768720330335,0.12635322312043176
1355,1.8737261086419716,0.48109546650463325,2.2701768720330335,0.7558723220097425
1356,0.8375403891227468,0.3265737428830661,2.2697245098580865,0.08625137514189526
1357,1.8869954345371756,0.4943154838317104,2.2697245098580865,0.7558723220094857
1358,0.8355425960679093,0.325033114891127,2.2684759280444355,0.10744125748799768
1359,1.8998351608587123,0.5080430500635919,2.2684759280444355,0.7558723220092282
1360,0.833464094744742,0.32257605563129443,2.2660000237617948,0.13769093915041564
1361,1.9122074354412355,0.5221899494596636,2.2660000237617948,0.7558723220089716
1362,0.8312741295826008,0.319213931867407,2.2622580738138685,0.1868923365009302
1363,1.9240764428407695,0.5366733562006177,2.2622580738138685,0.7558723220087161
1364,0.8290071671609506,0.31498915652227005,2.2572705596757103,0.23000022355526997
1365,1.9354084126464124,0.5514158915252684,2.2572705596757103,0.7558723220084642
1366,0.8266458584582794,0.30992005470830997,2.251012861660436,0.2752460046575243
1367,1.9461716235726598,0.5663455190261862,2.251012861660436,0.7558723220082159
1368,0.8241961571667342,0.3040360676867077,2.243482769944155,0.32068394168239633
1369,1.9563364042004057,0.5813953316618816,2.243482769944155,0.7558723220079729
1370,0.8216605822235501,0.29736526067077834,2.2346769847206622,0.3657368506432986
1371,1.965875131118444,0.5965032722335476,2.2346769847206622,0.7558723220077354
1372,0.8190645677484298,0.28994612447002555,2.2246141191058255,0.406462147701564
1373,1.9747622251123456,0.611611818568199,2.2246141191058255,0.7558723220075036
1374,0.8164419855121752,0.2818214053357239,2.213321952514176,0.4478159648923497
1375,1.9829741459538073,0.6266676558880825,2.213321952514176,0.7558723220072798
1376,0.8138032015602757,0.27302445114368806,2.200810505422998,0.4870110365145223
1377,1.9904893862604447,0.6416213518768301,2.200810505422998,0.7558723220070638
1378,0.8111684761907063,0.263594649231365,2.187101037886822,0.5252163412385821
1379,1.997288464822885,0.6564270446141353,2.187101037886822,0.7558723220068555
1380,0.8085569047621763,0.2535731384343006,2.1722167468495357,0.5618749161068048
1381,2.003353919732116,0.6710421495913876,2.1722167468495357,0.7558723220066561
1382,0.8059822074012553,0.2430017148850546,2.1561795548626264,0.5974858132329661
1383,2.0086703015845058,0.6854270891715785,2.1561795548626264,0.755872322006466
1384,0.8034854187448154,0.2319396727669542,2.139037234622678,0.6315159554575857
1385,2.0132241669938598,0.6995450458688808,2.139037234622678,0.7558723220062847
1386,0.8010873230812208,0.22044360195581456,2.1208241328769435,0.6641608129710103
1387,2.0170040725983984,0.7133617394839925,2.1208241328769435,0.7558723220061129
1388,0.7988250984537572,0.20858777532283657,2.1015915749803993,0.6957248465524931
1389,2.0200005697148002,0.7268452272683364,2.1015915749803993,0.7558723220059509
1390,0.7967278834430074,0.1964561367353066,2.0813879516180274,0.726101263753088
1391,2.0222061997605953,0.7399657257689114,2.0813879516180274,0.7558723220057985
1392,0.7947852721399626,0.1841284235621814,2.0602338515803353,0.7553184710422721
1393,2.0236154905394064,0.7526954527237785,2.0602338515803353,0.755872322005656
1394,0.7930904926153203,0.17176959527025162,2.0382372254882672,0.7834683407172203
1395,2.024224953460061,0.7650084872599665,2.0382372254882672,0.7558723220055232
1396,0.7916299743973338,0.15952037565069524,2.015424463663179,0.8104784202041349
1397,2.0240330817396894,0.7767609232756901,2.015424463663179,0.7558723220054
1398,0.790443987471725,0.14760424478856063,1.9918695321969049,0.8365710458054025
1399,2.023040349621893,0.7633176549189264,1.9918695321969049,0.7558723220052861
1400,0.7895118274728327,0.1362705833800796,1.967602801105338,0.8615160231218747
1401,2.0212492126231854,0.7495340099688909,1.967602801105338,0.755872322005182
1402,0.7889153390758716,0.12593340674164252,1.9427403607260696,0.8855792643509258
1403,2.018664108803572,0.7354427105016108,1.9427403607260696,0.7558723220050866
1404,0.7886463233410673,0.1170478732204412,1.917332106973454,0.9086293924439044
1405,2.0152914610395998,0.7210787974685026,1.917332106973454,0.7558723220050008
1406,0.7887504783323871,0.11021438033686143,1.891475147940096,0.931096905287396
1407,2.0111396802598716,0.7064798071178795,1.891475147940096,0.7558723220049234
1408,0.7891693436418782,0.10598113687545922,1.8651908582547092,0.9511812560399759
1409,2.0062191695831775,0.6916859647995742,1.8651908582547092,0.7558723220048549
1410,0.7900635089050317,0.10505416040739805,1.839471700627198,0.8600038042211778
1411,2.00054232927734,0.6767403959520155,1.839471700627198,0.7558723220047947
1412,0.7912111238636884,0.10696925488578331,1.8140808719374122,0.8827702871532277
1413,1.994123562431912,0.6616893531500136,1.8140808719374122,0.7558723220047419
1414,0.7926901022614006,0.11167665418411037,1.7885003569598554,0.9047367105658062
1415,1.9869792812092313,0.6465824567666503,1.7885003569598554,0.7558723220046969
1416,0.7945186847749086,0.1185859751577093,1.7636616038273893,0.816010925384436
1417,1.9791279135052209,0.6314729449528362,1.7636616038273893,0.7558723220046593
1418,0.7965537402013833,0.12705840542544336,1.7393827754195286,0.8394146139473885
1419,1.9705899098129696,0.616417926123007,1.7393827754195286,0.7558723220046281
1420,0.79883360063147,0.13719923271465362,1.7150895757410367,0.8621808756187255
1421,1.9613877500375905,0.6014786238036594,1.7150895757410367,0.755872322004604
1422,0.801412421247246,0.1481259986353917,1.691776393470818,0.7767726749651123
1423,1.95154594995934,0.5867205994079904,1.691776393470818,0.7558723220045858
1424,0.8041542618539428,0.15954252209319425,1.6692599596451523,0.800588081982696
1425,1.94109106698254,0.5722139331386973,1.6692599596451523,0.7558723220045734
1426,0.8070297379111216,0.1718748552667516,1.646895283774306,0.8237454071853408
1427,1.9300517047396428,0.5580333367785291,1.646895283774306,0.7558723220045667
1428,0.8100616927108645,0.18420669257037509,1.625677200674245,0.7353720334037903
1429,1.9184585160419603,0.5442581647646173,1.625677200674245,0.7558723220045646
1430,0.8132185613609892,0.19568773210061283,1.6063749297551733,0.6552108207849637
1431,1.9063442035804188,0.5309722821031528,1.6063749297551733,0.7558723220045678
1432,0.8164278390187676,0.2070526706236698,1.5880989609584875,0.6809816109390034
1433,1.8937435176806303,0.5182637402320742,1.5880989609584875,0.7558723220045744
1434,0.8196645752913507,0.21807427500698068,1.5710726796738983,0.6017555804813667
1435,1.8806932503062153,0.5062242063072263,1.5710726796738983,0.7558723220045862
1436,0.8228932652282757,0.22887719400068623,1.5551601959879522,0.6293407756386014
1437,1.867232224382678,0.4949480896484615,1.5551601959879522,0.7558723220046007
1438,0.8262059175609543,0.23933995452007917,1.5406520641785246,0.5514819107063724
1439,1.853401277381662,0.48453131392083415,1.5406520641785246,0.7558723220046193
1440,0.829607317946999,0.2487180789687845,1.5283136747266373,0.47697466757654017
1441,1.8392432379631567,0.47506969804256705,1.5283136747266373,0.7558723220046402
1442,0.8330651014940146,0.25700997106627493,1.518128599718733,0.4075408989236416
1443,1.8248028943230132,0.4666569354617967,1.518128599718733,0.7558723220046641
1444,0.8365918672257181,0.2642601006070825,1.5100983370512457,0.3443015900611995
1445,1.8101269527377883,0.45938220156561815,1.5100983370512457,0.75587232200469
1446,0.8401986356461034,0.27052009737389754,1.5042130679911103,0.3032881452021723
1447,1.7952639846424854,0.4533274710389841,1.5042130679911103,0.7558723220047181
1448,0.8436737383624036,0.27659409042530037,1.499443309648083,0.3154076851461296
1449,1.7802643604246233,0.4485646854364798,1.499443309648083,0.7558723220047479
1450,0.8470559759146223,0.28233826787806626,1.495998711267346,0.2689165965093747
1451,1.7651801679773782,0.44515296612407734,1.495998711267346,0.7558723220047792
1452,0.8504925133601038,0.2874559237675483,1.494370398068451,0.2521738874475841
1453,1.7500651139341858,0.4431361059354752,1.494370398068451,0.7558723220048116
1454,0.8536770605940381,0.29255177753868566,1.493575370022629,0.2626047800114671
1455,1.7349744054181315,0.4425405811412169,1.493575370022629,0.755872322004845
1456,0.8568132571308849,0.29736279125742393,1.4941376132197384,0.22833415163974485
1457,1.7199646100946138,0.4433742948797918,1.4941376132197384,0.7558723220048789
1458,0.8602234779845841,0.3014591190796921,1.4968880934596536,0.2076137356625831
1459,1.7050934923299872,0.44562619400898795,1.4968880934596536,0.7558723220049136
1460,0.8639415442200766,0.30495280250473333,1.5017534187483643,0.19543738383184167
1461,1.6904198233486787,0.449266803931965,1.5017534187483643,0.7558723220049482
1462,0.8680059409004474,0.3079310745561365,1.5086886173338558,0.21150876221100812
1463,1.6760031634641286,0.45424961936812236,1.5086886173338558,0.7558723220049831
1464,0.8724682426963848,0.31048259897002345,1.5176657409795653,0.24233542834949443
1465,1.6619036147525181,0.46051319519458095,1.5176657409795653,0.755872322005018
1466,0.8773817412283135,0.312729699905032,1.5286302523372273,0.28142502139975856
1467,1.6481815429592654,0.4679837183075548,1.5286302523372273,0.7558723220050528
1468,0.8828086902955006,0.3148144034272445,1.541525468751742,0.3239529984851384
1469,1.6348972679906066,0.4765778177406778,1.541525468751742,0.7558723220050867
1470,0.8887987103131461,0.31687268237438354,1.5562853519031843,0.36834294791183597
1471,1.622110723055536,0.4862053843146726,1.5562853519031843,0.7558723220051202
1472,0.8954063799954178,0.3190561827170835,1.572840305188777,0.41311136983815455
1473,1.6098810833893258,0.4967722130365402,1.572840305188777,0.7558723220051533
1474,0.9026647014161711,0.3214944690669308,1.5911113736737785,0.45650063455684503
1475,1.5982663665019257,0.5081823378090252,1.5911113736737785,0.7558723220051856
1476,0.9106033996091835,0.32431631395015814,1.6110164536135463,0.4988471456097775
1477,1.5873230070343591,0.5203399859668256,1.6110164536135463,0.755872322005217
1478,0.9192561779881019,0.3276611185532029,1.6324697149674412,0.5395457942662508
1479,1.5771054105420652,0.5331511304847675,1.6324697149674412,0.7558723220052471
1480,0.9286548575339467,0.33167140081085056,1.6553777461632153,0.578338829312972
1481,1.5676654918099766,0.5465246555917184,1.6553777461632153,0.7558723220052764
1482,0.9388207373351245,0.33647720149323507,1.6796376751948254,0.6148958741776643
1483,1.5590522045797495,0.5603731759930066,1.6796376751948254,0.7558723220053049
1484,0.9497170963073849,0.34209370722662386,1.7051547507448142,0.6488769081887203
1485,1.5513110707624622,0.5746135625176677,1.7051547507448142,0.7558723220053318
1486,0.9601718076538087,0.34781395914989205,1.7305973088023199,0.5691675552799541
1487,1.5444837182388442,0.5891672305422201,1.7305973088023199,0.755872322005358
1488,0.9692550429389014,0.352957187613059,1.754919597429525,0.49355624461440467
1489,1.5386074371289906,0.6039602449820662,1.754919597429525,0.7558723220053826
1490,0.9769969979720344,0.35743381397764834,1.778110954224577,0.42170905273289544
1491,1.5337147648633267,0.6189232895800372,1.778110954224577,0.7558723220054054
1492,0.9841025892055445,0.36162265038917407,1.8009067624715058,0.41587580026875487
1493,1.5298331104369405,0.6339915406251098,1.8009067624715058,0.755872322005427
1494,0.9916917994597481,0.36640518185095405,1.8243157567321417,0.4522816001328975
1495,1.5269844278308535,0.6425229373459723,1.8243157567321417,0.7558723220054477
1496,0.9989048771631973,0.37104302767881825,1.8474968341354052,0.3841530931862053
1497,1.5251849477144106,0.6275769367592925,1.8474968341354052,0.7558723220054673
1498,1.0047656121152433,0.37472387088060444,1.86943585953002,0.31872700765236545
1499,1.5244449752136937,0.6125259179757928,1.86943585953002,0.7558723220054852
1500,1.0093128747498545,0.3774161801030854,1.8901408649227003,0.24839659372725856
1501,1.524768759787982,0.5974190883054326,1.8901408649227003,0.7558723220055017
1502,1.0125846141642343,0.3790832413412135,1.9096385730285215,0.20808735436697048
1503,1.5261544411800179,0.5823095181691224,1.9096385730285215,0.7558723220055173
1504,1.01587996692521,0.38085979392262176,1.9290559841159554,0.24050362587276627
1505,1.5285940731051844,0.5672544654964222,1.9290559841159554,0.7558723220055311
1506,1.0189551836010444,0.38250380660074185,1.948145413740559,0.18923850812083715
1507,1.5320737239485123,0.5523157035729107,1.948145413740559,0.7558723220055441
1508,1.020808896077821,0.38308842962685863,1.96597606595372,0.16136061619644368
1509,1.5365736513843133,0.5375598371943016,1.96597606595372,0.7558723220055555
1510,1.0227357476258043,0.383835480665212,1.98359099267784,0.18010981549327404
1511,1.5420685456548113,0.5230585851197357,1.98359099267784,0.7558723220055658
1512,1.024495702133212,0.384466069212006,2.0007994765747537,0.1262314804799693
1513,1.5485278343594993,0.5088889981648234,2.0007994765747537,0.7558723220055753
1514,1.025083792286702,0.384033144794765,2.016690524157514,0.13760948708149195
1515,1.5559160401083105,0.4951335718669707,2.016690524157514,0.7558723220055835
1516,1.0257880016581464,0.3837715847266824,2.032295434527473,0.13361855520321442
1517,1.56419318133907,0.48188020090185635,2.032295434527473,0.7558723220055905
1518,1.0263658446524453,0.3834345550620286,2.0473856193490247,0.10788828741054979
1519,1.5733152060177438,0.46922191036332916,2.0473856193490247,0.7558723220055964
1520,1.0258363621493696,0.38202102444496433,2.0611755335444517,0.14378566967672993
1521,1.5832344478191749,0.457256288577979,2.0611755335444517,0.7558723220056011
1522,1.0254476014480105,0.3808170519751747,2.0745575427964447,0.10616134403463694
1523,1.5939000946867992,0.44608454040463974,2.0745575427964447,0.7558723220056054
1524,1.024992942304618,0.37955463602506334,2.0874133933350936,0.11614447228611902
1525,1.6052586603297339,0.43581008328380105,2.0874133933350936,0.7558723220056086
1526,1.0234854152946258,0.3772382276463225,2.0989505839202938,0.16779218497169093
1527,1.617254450157052,0.4265366258317094,2.0989505839202938,0.7558723220056109
1528,1.0221773755580255,0.37515286979820334,2.110074257529156,0.12280611793711448
1529,1.6298300142877162,0.4183657055019574,2.110074257529156,0.7558723220056125
1530,1.0219814568843768,0.37430288568454895,2.1213334290666586,0.09263401276421288
1531,1.6429265815271183,0.4113937206090971,2.1213334290666586,0.7558723220056133
1532,1.0228442676127136,0.37463581816014835,2.1326434289502783,0.08185207693729322
1533,1.6564844694909353,0.4057085708872929,2.1326434289502783,0.7558723220056133
1534,1.0235935220365775,0.37485565941277366,2.1432355608011524,0.0761943043586349
1535,1.6704434673186852,0.40138611049030054,2.1432355608011524,0.7558723220056124
1536,1.0232855155716185,0.3739541774075717,2.1524537713410927,0.11180984286743481
1537,1.6847431886013373,0.39848670045555595,2.1524537713410927,0.7558723220056117
1538,1.0230650142731628,0.37321201184294456,2.1609646676115166,0.05417204317117256
1539,1.6993233932122864,0.39705220090572857,2.1609646676115166,0.7558723220056102
1540,1.0227627725263706,0.3723928146463243,2.168714376156059,0.09667696271257786
1541,1.714124277655561,0.3971037441688263,2.168714376156059,0.7558723220056079
1542,1.0214937612041521,0.37049984015384324,2.1751822921921744,0.14575046939403263
1543,1.7290867343181384,0.3986405660134331,2.1751822921921744,0.7558723220056054
1544,1.0203508256472367,0.3687971326800311,2.1809312357278374,0.07864581961914766
1545,1.7441525806337699,0.4016400484412129,2.1809312357278374,0.7558723220056024
1546,1.0191734326112396,0.36705784690146137,2.1859248965188236,0.1342863835942128
1547,1.75926475964057,0.4060589683244018,2.1859248965188236,0.7558723220055992
1548,1.0181094523875434,0.3654955084970549,2.1901579641313904,0.07565000240786375
1549,1.7743675137562642,0.41183578836685536,2.1901579641313904,0.7558723220055961
1550,1.0169898272693263,0.3638825473020842,2.1935830423887546,0.11936109920425729
1551,1.7894065338190932,0.4188937066667887,2.1935830423887546,0.755872322005592
1552,1.0149922995678857,0.3612479807155141,2.195824633204948,0.17476525514883764
1553,1.8043290855664773,0.42714412173172583,2.195824633204948,0.7558723220055878
1554,1.0131518417850913,0.35882667447419364,2.1973293226318127,0.1130607051236238
1555,1.819084115765302,0.4364901748968967,2.1973293226318127,0.7558723220055836
1556,1.0122747315218514,0.35757484040778964,2.198427854609656,0.04813627029054333
1557,1.8336223401840999,0.4468300881971848,2.198427854609656,0.7558723220055795
1558,1.0113620216781396,0.35627237797916117,2.198738961561901,0.10618141998175552
1559,1.8478963155239918,0.4580601000269803,2.198738961561901,0.7558723220055749
1560,1.010562733802709,0.35512798885873936,2.1982686089243937,0.04250774622160451
1561,1.8618604973157353,0.4700768903768664,2.1982686089243937,0.75587232200557
1562,1.0097662514050483,0.3539519221257311,2.1970723250082744,0.10203641811857973
1563,1.8754712856563216,0.4827794651261041,2.1970723250082744,0.7558723220055653
1564,1.009053840931275,0.3529156433678755,2.1950540173593094,0.044063438865899966
1565,1.888687060509977,0.4960705261076546,2.1950540173593094,0.755872322005561
1566,1.0092453201038238,0.35298333840107676,2.1925413367767614,0.03716243171436359
1567,1.9014682081429075,0.5098573889318913,2.1925413367767614,0.7558723220055559
1568,1.0102800183714158,0.3540973816354044,2.189468847806663,0.08106749602243667
1569,1.9137771401048176,0.5240525269295995,2.189468847806663,0.7558723220055514
1570,1.0120988811773832,0.3562018547273808,2.1857758629249866,0.13296210355809165
1571,1.9255783060176093,0.5385738221032803,2.1857758629249866,0.7558723220055467
1572,1.0147116761550075,0.3592824775791943,2.1815042053681655,0.1852260238648018
1573,1.9368382012860288,0.5533445978023848,2.1815042053681655,0.7558723220055421
1574,1.0180360299855742,0.36327246694135584,2.1765626207519464,0.23410007556898424
1575,1.9475253707085625,0.5682934971991813,2.1765626207519464,0.7558723220055378
1576,1.022064559436681,0.3681502512497182,2.170971610183368,0.2812680569786148
1577,1.9576104088409239,0.5833542595465635,2.170971610183368,0.7558723220055332
1578,1.0267836507232797,0.3738918354619056,2.164744580949446,0.32746546942975885
1579,1.967065957849681,0.5984654345139804,2.164744580949446,0.7558723220055287
1580,1.032138868385541,0.38044969159865644,2.1578391007866604,0.37131759858732655
1581,1.9758667034901207,0.61357006460353,2.1578391007866604,0.7558723220055245
1582,1.0381451581578838,0.3878183579288097,2.1503153404508613,0.41442311320758585
1583,1.983989369750053,0.6286153571222466,2.1503153404508613,0.7558723220055201
1584,1.0447440639303,0.3959491055388834,2.14213167221028,0.45477849384417063
1585,1.9914127126194967,0.6435523604408585,2.14213167221028,0.7558723220055164
1586,1.0519410826430542,0.40483170284097514,2.1333414972961604,0.49444909649289015
1587,1.9981175133743043,0.6583356541247634,2.1333414972961604,0.7558723220055128
1588,1.0597110455303675,0.4144379104340439,2.1239581819325726,0.5321550021261782
1589,2.0040865716990184,0.67292305872275,2.1239581819325726,0.7558723220055091
1590,1.0680506669021896,0.4247525420730492,2.114030374163384,0.5686990500313959
1591,2.0093046989197334,0.6872753682750408,2.114030374163384,0.7558723220055056
1592,1.0769316371984639,0.4357458568954875,2.103575111685618,0.6037077783110915
1593,2.0137587115705946,0.7013561067096524,2.103575111685618,0.7558723220055026
1594,1.0863579496040527,0.44740699223231695,2.0926600318270676,0.6376737610216758
1595,2.01743742547687,0.7151313080274737,2.0926600318270676,0.7558723220054991
1596,1.096294769001898,0.4597027348295417,2.0813014873744873,0.6699798940678707
1597,2.02033165050248,0.7285693193646635,2.0813014873744873,0.7558723220054965
1598,1.1067756917106188,0.47263906830745983,2.0696188599416367,0.7014324606399521
1599,2.0224341860795776,0.741640625535907,2.0696188599416367,0.7558723220054935
1600,1.1177320905916692,0.48616390437225326,2.0575887353645683,0.7315248358836731
1601,2.0237398176114576,0.7543176934052976,2.0575887353645683,0.7558723220054911
1602,1.1291793286182936,0.5002731013535362,2.0453132871816595,0.7604808329179767
1603,2.024245313816975,0.7665748343302031,2.0453132871816595,0.7558723220054884
1604,1.1411028789309816,0.5149457060011671,2.032856078884758,0.7882332171340619
1605,2.02394942506403,0.7750363659753229,2.032856078884758,0.7558723220054864
1606,1.1535189600887281,0.5301780973682075,2.0203296879925445,0.8152623045939655
1607,2.022852882720824,0.7615471478090728,2.0203296879925445,0.7558723220054838
1608,1.1663682280377319,0.5459249723867112,2.007741042554235,0.8411957811372932
1609,2.020958399535834,0.7477216750510709,2.007741042554235,0.7558723220054823
1610,1.179675641189044,0.5621881975177297,1.9952235023369882,0.8663254126733212
1611,2.0182706710401113,0.7335929613978617,1.9952235023369882,0.7558723220054807
1612,1.193399235310218,0.5789329084810468,1.982816758494089,0.8896915723009414
1613,2.0147963779479157,0.7191963613483566,1.982816758494089,0.7558723220054787
1614,1.2075528923475698,0.5961555993832819,1.9706449104779422,0.9123299684807394
1615,2.0105441895132126,0.704569748868664,1.9706449104779422,0.7558723220054776
1616,1.2212145570359028,0.6126812119229266,1.9587057789912121,0.8206386881194153
1617,2.0055247677794497,0.6897537134544371,1.9587057789912121,0.7558723220054762
1618,1.2336458006581852,0.6275885718919307,1.9469735466150866,0.7364960439744686
1619,1.999750772637665,0.6747917732896036,1.9469735466150866,0.7558723220054753
1620,1.245735126216591,0.6420582241628143,1.9355231270261557,0.7621310851434564
1621,1.9932368675825607,0.6597306042329312,1.9355231270261557,0.7558723220054746
1622,1.2573910907080508,0.6559249173913043,1.92451677053599,0.6801740817062101
1623,1.9859997260270195,0.6446202819781959,1.92451677053599,0.7558723220054737
1624,1.268748777644433,0.6694023052414041,1.9139678746018294,0.7076811528892271
1625,1.9780580380018005,0.6295145328057932,1.9139678746018294,0.755872322005473
1626,1.279674906730296,0.6823015435409548,1.903972936706982,0.6285166967557224
1627,1.9694325170280178,0.6144709857311824,1.903972936706982,0.7558723220054724
1628,1.2894803900165819,0.6937306252387695,1.8945453165054678,0.5531166396488276
1629,1.9601459069046403,0.5995514154067373,1.8945453165054678,0.755872322005472
1630,1.2989949105793623,0.7048282396485998,1.885691701681331,0.581343443166974
1631,1.9502229881007411,0.5848219607061871,1.885691701681331,0.7558723220054717
1632,1.3081290165173418,0.7154311909931591,1.8775567936866797,0.5086826392998423
1633,1.9396905833816995,0.5703532984173025,1.8775567936866797,0.7558723220054719
1634,1.3162622072195835,0.7246904912723646,1.8702174783078762,0.44089981956866625
1635,1.9285775622291543,0.5562207448925791,1.8702174783078762,0.7558723220054715
1636,1.3241787519139325,0.7337111339799413,1.863634409294427,0.46990233604069415
1637,1.9169148435353898,0.5425042510496718,1.863634409294427,0.7558723220054715
1638,1.3318396153387022,0.7423656945618087,1.8579960565453164,0.40950689117263983
1639,1.9047353959632745,0.5292882482650259,1.8579960565453164,0.7558723220054717
1640,1.3392762032258936,0.7507901346077637,1.8531777687516628,0.43865836641006406
1641,1.892074235262374,0.5166612953972338,1.8531777687516628,0.7558723220054717
1642,1.3464229799912428,0.7588400738100535,1.84932038872414,0.37377572116787
1643,1.8789684177200028,0.5047154719183292,1.84932038872414,0.7558723220054719
1644,1.35271435152566,0.7657058532461115,1.8465073254341753,0.3215695596387565
1645,1.8654570288029304,0.493545461083431,1.8465073254341753,0.7558723220054723
1646,1.3588114759378664,0.7723961762536291,1.8445820398260881,0.344468287698902
1647,1.8515811659116217,0.48324727298055836,1.8445820398260881,0.7558723220054728
1648,1.3646845130611582,0.7787947597161664,1.8437021398992346,0.30044280192900236
1649,1.8373839140254855,0.4739165731746475,1.8437021398992346,0.7558723220054733
1650,1.3704522913315416,0.7850916624398318,1.8438424533838451,0.33479774997941797
1651,1.8229103128665465,0.46564661103373917,1.8438424533838451,0.7558723220054738
1652,1.3765156197793535,0.7919801269771906,1.8447972766650325,0.3672708785416554
1653,1.8082073140532144,0.4585257836573018,1.8447972766650325,0.7558723220054742
1654,1.3823467441508015,0.7985655442248634,1.8468475310394386,0.3076530437216568
1655,1.7933237265595885,0.4526349246181524,1.8468475310394386,0.7558723220054748
1656,1.3875576896219144,0.804175276581518,1.8501901668964946,0.26213446787701417
1657,1.7783101486446653,0.448044465363771,1.8501901668964946,0.7558723220054753
1658,1.3926480749082986,0.8096861296883048,1.8545246881883568,0.29119626339076804
1659,1.763218884277196,0.44481167063219623,1.8545246881883568,0.7558723220054757
1660,1.3976877060262902,0.8152310571651405,1.859787674119314,0.2735384571958566
1661,1.7481038419650101,0.44297818424027674,1.859787674119314,0.7558723220054762
1662,1.4026617820405167,0.8208477967578952,1.8658702399872154,0.29188939682536297
1663,1.7330204138135121,0.4425681251783066,1.8658702399872154,0.755872322005477
1664,1.4074835147546818,0.826248899521303,1.8730183736276187,0.24607846234963093
1665,1.7180253326000126,0.4435869382484602,1.8730183736276187,0.7558723220054776
1666,1.4119501211160377,0.8309210288665261,1.8815454018658986,0.2136788145480981
1667,1.7031765046736196,0.4460211298178514,1.8815454018658986,0.7558723220054782
1668,1.4161210459082187,0.8349382180039674,1.8914174343277586,0.20400314004343792
1669,1.6885328165912883,0.44983891945813703,1.8914174343277586,0.7558723220054786
1670,1.4200888287587172,0.838536607973439,1.9024217531679266,0.19621212980541652
1671,1.6741539135968548,0.45499173209280813,1.9024217531679266,0.7558723220054792
1672,1.4239090670189023,0.8417560868650132,1.9145742399380417,0.20606857132941767
1673,1.6600999483591454,0.46141636455371104,1.9145742399380417,0.7558723220054803
1674,1.4276092119328267,0.8449123535797999,1.9273931488080207,0.18420443699009065
1675,1.6464312988238963,0.4690376021250133,1.9273931488080207,0.7558723220054807
1676,1.4311680124605772,0.8481369043892691,1.9405790242630798,0.1755994624536525
1677,1.6332082546156976,0.47777104214701543,1.9405790242630798,0.755872322005481
1678,1.4346631732162956,0.851147900917527,1.9547007005055512,0.18791855007306946
1679,1.6204906721590464,0.4875259000937061,1.9547007005055512,0.7558723220054818
1680,1.4381892183565135,0.8538652945698431,1.9700424212139716,0.2143947339409586
1681,1.6083375995730949,0.4982076181371554,1.9700424212139716,0.7558723220054824
1682,1.4417954248551328,0.8563567296605811,1.9865548325799498,0.2486688114627565
1683,1.5968068734246725,0.5097201534300839,1.9865548325799498,0.7558723220054829
1684,1.4454221400177363,0.8587147548273172,2.003900418377599,0.25076305750806077
1685,1.5859546905785034,0.5219678807324403,2.003900418377599,0.7558723220054834
1686,1.4491463772184143,0.8610027564599129,2.0221053729868035,0.29227765361771046
1687,1.5758351596287958,0.5348570929017126,2.0221053729868035,0.7558723220054839
1688,1.452565359300576,0.8630995668458962,2.0403608967090783,0.22371125764984212
1689,1.5664998376845622,0.5482971189005881,2.0403608967090783,0.7558723220054842
1690,1.4558854470985827,0.865137241544845,2.0588884895316206,0.2669303351879722
1691,1.5579972595502627,0.5622011017793205,2.0588884895316206,0.7558723220054848
1692,1.4595371296070696,0.8672447517422901,2.078439632988222,0.3099908895212407
1693,1.5503724675196706,0.576486490355967,2.078439632988222,0.7558723220054853
1694,1.4635352334141425,0.8694551643016911,2.0989479698267672,0.3520499043826414
1695,1.5436665510021124,0.591075300897436,2.0989479698267672,0.7558723220054855
1696,1.467967033051027,0.871885333484989,2.1203924491752804,0.3946105833713154
1697,1.5379162059416727,0.6058942019549142,2.1203924491752804,0.7558723220054863
1698,1.4720822218429417,0.874128337587741,2.1415796948056385,0.3221586939444887
1699,1.5331533243915216,0.620874469149632,2.1415796948056385,0.7558723220054865
1700,1.4761210440621924,0.8763660929861274,2.1627401802273334,0.3658808908212252
1701,1.5294046245998663,0.6359518490190653,2.1627401802273334,0.7558723220054869
1702,1.4807180938641518,0.8789784915505572,2.184743755323103,0.4069584235526559
1703,1.5266913315049573,0.6405905847162312,2.184743755323103,0.7558723220054869
1704,1.4850317302488583,0.8814378089735488,2.2063543409399484,0.33706055114803496
1705,1.5250289166061342,0.625628302330142,2.2063543409399484,0.7558723220054875
1706,1.4893002319286488,0.8839313543432833,2.2277950664154873,0.380058051738549
1707,1.5244269047915795,0.6105671815951792,2.2277950664154873,0.7558723220054876
1708,1.4942239947467062,0.8869300191493563,2.249968168014509,0.4207727025358216
1709,1.524888753912069,0.5954569133118421,2.249968168014509,0.7558723220054882
1710,1.4997591497529164,0.8904002390055664,2.272784538369777,0.4586575430596768
1711,1.5264118107779585,0.5803510929099158,2.272784538369777,0.7558723220054882
1712,1.5059750774370764,0.894449690165387,2.2962066648277393,0.49723459390856367
1713,1.5289873449359908,0.5653075459496554,2.2962066648277393,0.7558723220054887
1714,1.5128615838519586,0.8990873088138767,2.3201620852411597,0.5315963516022789
1715,1.5326006591839885,0.5503886554355557,2.3201620852411597,0.7558723220054887
1716,1.5193824901908695,0.9035107657359126,2.343345374316134,0.45630581303333867
1717,1.5372312734428322,0.5356616750049416,2.343345374316134,0.7558723220054892
1718,1.5257863594699428,0.9079276462514019,2.365983982419525,0.4925005102302526
1719,1.5428531764586428,0.5211990049637297,2.365983982419525,0.7558723220054894
1720,1.5318401127217827,0.9121250340128972,2.387796243929,0.424351922395302
1721,1.5494351379689526,0.5070783992541441,2.387796243929,0.7558723220054894
1722,1.5378042703996684,0.9163319270546189,2.4090100799928496,0.4593972217945009
1723,1.556941072523266,0.4933830608227185,2.4090100799928496,0.7558723220054894
1724,1.54456430037231,0.9212874226796622,2.430600181377436,0.49215989810925315
1725,1.5653304451562349,0.4802015709879389,2.430600181377436,0.7558723220054895
1726,1.550926303695843,0.9259512040674333,2.4512383588615814,0.41899828282304447
1727,1.5745587085908117,0.46762758641930985,2.4512383588615814,0.7558723220054898
1728,1.5560720633390897,0.9296529784882641,2.4699043471429256,0.34859739464080497
1729,1.5845777615854244,0.45575922730992374,2.4699043471429256,0.75587232200549
1730,1.5599770072580341,0.9323176636775401,2.4866180468040566,0.2927421576953856
1731,1.595336418390586,0.44469807550836127,2.4866180468040566,0.75587232200549
1732,1.563863135476876,0.935022787743536,2.50265279124798,0.32735399308723806
1733,1.6067808799813816,0.434547706233085,2.50265279124798,0.75587232200549
1734,1.5686678483217484,0.9385971465098348,2.5189874394358505,0.36326624871473634
1735,1.6188551987041073,0.4254116967550732,2.5189874394358505,0.7558723220054903
1736,1.57435257581595,0.9430075453775794,2.535556674880578,0.4058033719163442
1737,1.6315017291333966,0.41739109493648474,2.535556674880578,0.7558723220054904
1738,1.580882209634897,0.9482228344717692,2.552303125294861,0.43995839411845405
1739,1.6446615591975944,0.41058139213771366,2.552303125294861,0.7558723220054908
1740,1.5882498880140044,0.9542562816148599,2.569161144911316,0.4734422814949588
1741,1.6582749169196718,0.40506912599182154,2.569161144911316,0.7558723220054909
1742,1.5952122618431335,0.9599592425308248,2.584854283500205,0.41134730364364264
1743,1.6722815493749248,0.40092832857105554,2.584854283500205,0.7558723220054908
1744,1.602045227359302,0.965604627170508,2.5995956287036663,0.4424782002084907
1745,1.6866210716352674,0.39821711608847,2.5995956287036663,0.7558723220054905
1746,1.6097338432888417,0.9721051959789132,2.6143572844055685,0.47468135932154626
1747,1.701233284517721,0.3969747638877095,2.6143572844055685,0.7558723220054906
1748,1.6170110185348847,0.9782625499393262,2.6278941665924918,0.4134712672214643
1749,1.716058460859966,0.3972196033516755,2.6278941665924918,0.7558723220054905
1750,1.6241407593523807,0.9843335881858458,2.6404253745496136,0.4427720335891201
1751,1.7310376007989101,0.3989480049004836,2.6404253745496136,0.7558723220054904
1752,1.6308834088747959,0.9900781574423574,2.651731876631242,0.37157296040316956
1753,1.7461126571293073,0.4021345811571351,2.651731876631242,0.75587232200549
1754,1.636254775598358,0.9945548377832161,2.6608636382812896,0.3204257062614965
1755,1.7612267322762591,0.40673358317323005,2.6608636382812896,0.7558723220054899
1756,1.6415464995934959,0.9989926182835702,2.669049025595053,0.34815981259383316
1757,1.776324248740832,0.41268130780127477,2.669049025595053,0.7558723220054898
1758,1.6465183932656415,1.0031497338571027,2.676081608154548,0.29808488662884297
1759,1.7913510950881841,0.4198992210657294,2.676081608154548,0.75587232200549
1760,1.6514326880161678,1.0072970127920682,2.6821526701902534,0.3244157740879561
1761,1.806254749659995,0.4282974515430937,2.6821526701902534,0.75587232200549
1762,1.656043986594861,1.0111798320732672,2.687075891139055,0.2666750116309325
1763,1.820984384225343,0.43777832053719073,2.687075891139055,0.7558723220054898
1764,1.660498965341342,1.0149448013878652,2.6909725071918236,0.2973655071492296
1765,1.8354909497532825,0.44823963696988667,2.6909725071918236,0.7558723220054899
1766,1.665833252984185,1.0195964085050169,2.6947916167815538,0.34036792452059306
1767,1.849727246411533,0.4595775710784972,2.6947916167815538,0.7558723220054896
1768,1.6721023310171859,1.0251968906633953,2.698562601568601,0.3772573369551929
1769,1.8636479797824053,0.47168900972434546,2.698562601568601,0.7558723220054897
1770,1.6792709076163044,1.031717822911765,2.702240124637009,0.40834951305865663
1771,1.8772098051507646,0.48447337146972996,2.702240124637009,0.7558723220054896
1772,1.6860512373972278,1.037887772378228,2.7047143375820135,0.33917393452719696
1773,1.8903713615689384,0.4978339139267512,2.7047143375820135,0.7558723220054893
1774,1.6914461563298206,1.0427165634426558,2.705149263040024,0.27691763210102666
1775,1.9030932972475667,0.5116785984590171,2.705149263040024,0.7558723220054892
1776,1.6955090149664331,1.0462483886474698,2.703632586650199,0.2214536056382228
1777,1.9153382876653187,0.5259205915925533,2.703632586650199,0.7558723220054893
1778,1.6982897654668334,1.0485338390588177,2.700223190003595,0.17182360255277807
1779,1.9270710476385258,0.5404784836134696,2.700223190003595,0.755872322005489
1780,1.6998390054091368,1.0496122419007639,2.695020164803313,0.14097661156266636
1781,1.9382583384472398,0.5552762978629043,2.695020164803313,0.7558723220054889
1782,1.7002026196169027,1.0495306959086026,2.6880831667930534,0.13066571704035324
1783,1.9488689709790463,0.5702433532681173,2.6880831667930534,0.7558723220054892
1784,1.699425787906588,1.0483308672598606,2.6794883483232663,0.1422170787731356
1785,1.958873805727445,0.5853140305227589,2.6794883483232663,0.755872322005489
1786,1.697554375179923,1.0460508331915772,2.669328777945832,0.1753426663693048
1787,1.9682457503682738,0.6004274807849227,2.669328777945832,0.7558723220054888
1788,1.6946283280179244,1.0427326927145795,2.6576628670632174,0.21267603759750112
1789,1.9769597555356655,0.6155273056855091,2.6576628670632174,0.7558723220054887
1790,1.6906890966414085,1.0384135353319395,2.6445731973679485,0.2539053200918936
1791,1.9849928093280473,0.6305612291493226,2.6445731973679485,0.7558723220054886
1792,1.6857767261510654,1.0331296939370982,2.6301410537471255,0.29758368352022824
1793,1.9923239309942458,0.6454807750060705,2.6301410537471255,0.7558723220054885
1794,1.6799272793760647,1.0269178236061853,2.614431771563608,0.33939347818381754
1795,1.9989341641791076,0.6602409594136246,2.614431771563608,0.7558723220054883
1796,1.673177884760313,1.019811785836971,2.597525811757403,0.38150796159369615
1797,2.0048065700464166,0.6748000034702656,2.597525811757403,0.7558723220054883
1798,1.6655625920301746,1.011845123151886,2.5794931781039128,0.42276436093710673
1799,2.0099262205433592,0.6891190687897036,2.5794931781039128,0.7558723220054879
1800,1.657114900331946,1.0030497915493224,2.560408040803009,0.4623613425459638
1801,2.0142801920245343,0.7031620170119195,2.560408040803009,0.755872322005488
1802,1.6478672514776413,0.993456574639587,2.5403451309661653,0.500571764330949
1803,2.0178575594136072,0.716895193022176,2.5403451309661653,0.7558723220054878
1804,1.637851957466605,0.983095022099419,2.5193837487428823,0.5380350619427271
1805,2.0206493910463053,0.7302872308877777,2.5193837487428823,0.7558723220054878
1806,1.6270953615025137,0.9719943535407969,2.497579818915806,0.573540163877874
1807,2.0226487443087087,0.743308881071671,2.497579818915806,0.755872322005488
1808,1.615630562077078,0.9601815889393681,2.475026010135952,0.6085021784729047
1809,2.023850662158982,0.755932857249021,2.475026010135952,0.7558723220054882
1810,1.603483605327496,0.9476835935675736,2.451786163777724,0.64167489003073
1811,2.0242521705978915,0.7681337009674087,2.451786163777724,0.7558723220054878
1812,1.5906808526333058,0.9345259592542433,2.427930183132869,0.6741560306828411
1813,2.023852277133163,0.773305621561804,2.427930183132869,0.7558723220054879
1814,1.5772518770705648,0.9207335035582676,2.4035444155993413,0.7053674869904552
1815,2.022651970264009,0.7597709728511682,2.4035444155993413,0.7558723220054877
1816,1.5632096510153288,0.9063290096623133,2.3786522169968727,0.735255682861791
1817,2.020654219994528,0.7459042282402588,2.3786522169968727,0.7558723220054876
1818,1.5485932370617959,0.8913363756418006,2.353383133442091,0.7642513819471005
1819,2.0178639793673163,0.7317386957678063,2.353383133442091,0.7558723220054879
1820,1.5334134920215237,0.8757757038886835,2.3277607036223853,0.7920367767348861
1821,2.014288186990982,0.7173100464896364,2.3277607036223853,0.7558723220054878
1822,1.5177085689742327,0.859670902001708,2.3019096187715458,0.8189422176152656
1823,2.009935770516562,0.7026564953930505,2.3019096187715458,0.755872322005488
1824,1.501486280277499,0.8430390617511937,2.27585025757227,0.8448409583546617
1825,2.0048176509975306,0.6878189997122597,2.27585025757227,0.7558723220054878
1826,1.4847724230065147,0.8259001541434965,2.2496677388146105,0.8699704400771026
1827,1.9989467480453027,0.672841474237964,2.2496677388146105,0.7558723220054878
1828,1.4676163538685028,0.8082830728235746,2.223512968962382,0.8933934075469897
1829,1.992337985666347,0.6577710221987334,2.223512968962382,0.7558723220054877
1830,1.451205813536047,0.7914389424964742,2.1981394204009552,0.8038253371359538
1831,1.9850082986372541,0.6426581788431993,2.1981394204009552,0.7558723220054879
1832,1.436501457931333,0.7763497690053612,2.174265530277453,0.716456951244348
1833,1.9769766392397525,0.6275571628436669,2.174265530277453,0.7558723220054878
1834,1.4234233141955592,0.7629427762680234,2.1518529288642743,0.634407935355861
1835,1.968263984137757,0.612526127929362,2.1518529288642743,0.7558723220054879
1836,1.4118938831821226,0.7511466525456915,2.130872423802836,0.5562457156222007
1837,1.958893341132292,0.5976274035891975,2.130872423802836,0.7558723220054877
1838,1.4007021773258388,0.7396794038289124,2.110664683881101,0.5884046582169766
1839,1.9488897554766373,0.5829277091209198,2.110664683881101,0.7558723220054878
1840,1.3900300961709575,0.7287497145204845,2.0913320987922694,0.5125253416692018
1841,1.938280315372406,0.5684983196575539,2.0913320987922694,0.7558723220054874
1842,1.3807782428591333,0.7193170627280279,2.0734403676762603,0.4407103261431708
1843,1.9270941561966557,0.5544151560957986,2.0734403676762603,0.7558723220054874
1844,1.3717401992602198,0.7101023485754542,2.056331045137257,0.4807523354288107
1845,1.915362462929682,0.5407587633066611,2.056331045137257,0.7558723220054876
1846,1.362011283858242,0.7001296587565959,2.0395584160766,0.5178306707375837
1847,1.9031184701622137,0.5276141331669809,2.0395584160766,0.7558723220054873
1848,1.3516264257412192,0.6894319020394166,2.023185215397691,0.5519176648616373
1849,1.8903974589587407,0.5150703218108134,2.023185215397691,0.7558723220054876
1850,1.3416881130495435,0.6792103482177742,2.0078097849521557,0.48012856390145986
1851,1.8772367497404066,0.5032198056517112,2.0078097849521557,0.7558723220054876
1852,1.3320137974061819,0.6692474796720503,1.993432712372782,0.5144942199364222
1853,1.8636756902263927,0.4921575204170865,1.993432712372782,0.7558723220054876
1854,1.322778032010154,0.6597438163157311,1.9801502785381815,0.44562880354551726
1855,1.8497556373375774,0.481979534471493,1.9801502785381815,0.7558723220054877
1856,1.3137801728058185,0.6504717928034739,1.967915774154322,0.4791728853380049
1857,1.835519931821709,0.47278132507797593,1.967915774154322,0.7558723220054878
1858,1.3051774639988494,0.6416188877618939,1.9567962307462252,0.41258681131045083
1859,1.8210138642074867,0.46465565636224043,1.9567962307462252,0.7558723220054878
1860,1.2977535490287773,0.6340688269211129,1.9471690657879464,0.3468899166213514
1861,1.8062846305388665,0.4576901012549658,1.9471690657879464,0.7558723220054877
1862,1.2914506128118137,0.6277638796533825,1.939034291219897,0.2828894845260503
1863,1.7913812761849928,0.4519643041139665,1.939034291219897,0.755872322005488
1864,1.2861760267000997,0.6226201748368821,1.9323374381494733,0.24112981261720412
1865,1.776354625871251,0.44754713937283924,1.9323374381494733,0.755872322005488
1866,1.281843698090469,0.6185586977480331,1.9270317097195404,0.210895325556582
1867,1.761257197940568,0.44449397345721364,1.9270317097195404,0.755872322005488
1868,1.2775589344195135,0.6145219052799106,1.9228471671237157,0.23200338932926765
1869,1.7461431007407442,0.4428442688030207,1.9228471671237157,0.7558723220054883
1870,1.2726997416614962,0.6097432674189855,1.9196379822922465,0.2492166797454865
1871,1.731067908954689,0.442619767571879,1.9196379822922465,0.755872322005488
1872,1.2680259669879694,0.6051696800727765,1.9175278397769908,0.21922406389045168
1873,1.7160885176594098,0.44382345173420856,1.9175278397769908,0.755872322005488
1874,1.2634281857738316,0.6006478026269966,1.9165289686466112,0.24107792914628406
1875,1.7012629719318226,0.446439398251571,1.9165289686466112,0.7558723220054885
1876,1.2588864394805614,0.5961760723652784,1.9165636049928447,0.2170534731609927
1877,1.6866502699316814,0.4504335462376537,1.9165636049928447,0.7558723220054883
1878,1.2543436013973455,0.59165466271119,1.9176653329480682,0.23892717162834834
1879,1.672310137601844,0.45575528763715173,1.9176653329480682,0.755872322005488
1880,1.2497017781156297,0.5869598237371453,1.9197822765143826,0.22686161727845208
1881,1.6583027734512732,0.4623397056595424,1.9197822765143826,0.7558723220054882
1882,1.2454611981872215,0.5827841713437846,1.9228583285150875,0.1997244333537381
1883,1.6446885623426661,0.4701102318607631,1.9228583285150875,0.7558723220054886
1884,1.2417291267437447,0.5793069387131128,1.9268090916355678,0.18795294522811223
1885,1.6315277578074034,0.4789814794121445,1.9268090916355678,0.7558723220054882
1886,1.2380872929057347,0.5758721487025694,1.9317932481450293,0.1857730889196695
1887,1.6188801331632736,0.4888620325564903,1.9317932481450293,0.7558723220054885
1888,1.2342840944284064,0.5720403164244602,1.937955377036675,0.199541135546931
1889,1.606804602615401,0.4996570192699128,1.937955377036675,0.755872322005488
1890,1.230401280908915,0.5678937237056652,1.9452964025969222,0.22237345523736116
1891,1.5953588145683224,0.5112703520287389,1.9452964025969222,0.755872322005488
1892,1.2265130229459185,0.563529476502141,1.9537696193453145,0.24933708850615036
1893,1.584598720545513,0.5236065782671172,1.9537696193453145,0.7558723220054883
1894,1.2227266183532404,0.5590585026585891,1.9634047562137755,0.27971550530462985
1895,1.574578124366488,0.5365723294994007,1.9634047562137755,0.7558723220054885
1896,1.2191058626147684,0.5546533390705467,1.9739782513599373,0.2779672563820555
1897,1.565348217521126,0.5500773924529316,1.9739782513599373,0.7558723220054884
1898,1.2157763203580667,0.5504269339614899,1.9855804400971502,0.31187927900323376
1899,1.556957107942408,0.564035446727422,1.9855804400971502,0.7558723220054885
1900,1.2127490922869517,0.5463186684100224,1.9983343206444477,0.34540505889429735
1901,1.5494493505371292,0.5783645234645287,1.9983343206444477,0.7558723220054882
1902,1.2098907212297567,0.5424073557620412,2.0116298471769034,0.3020920587846666
1903,1.5428654888064197,0.5929872411859476,2.0116298471769034,0.7558723220054883
1904,1.2070867988064167,0.538777668247344,2.02487996094315,0.2502922041806704
1905,1.5372416175895809,0.607830871262949,2.02487996094315,0.755872322005488
1906,1.2042409955996562,0.5353530138838729,2.0378924641600684,0.19652575192811297
1907,1.5326089773168798,0.6228272788582637,2.0378924641600684,0.755872322005488
1908,1.2012787513260865,0.5320404314693464,2.0505808424126686,0.1739067101280971
1909,1.528993590094518,0.6379127774268426,2.0505808424126686,0.7558723220054883
1910,1.1981719145382337,0.5287988014442818,2.06289252898201,0.15479721342600566
1911,1.5264159474250723,0.6386557857908184,2.06289252898201,0.7558723220054878
1912,1.1948499855429051,0.5255471596253027,2.0747376363774253,0.1798193292056108
1913,1.5248907583754774,0.6236779978290488,2.0747376363774253,0.7558723220054878
1914,1.191746606180919,0.5224900726115886,2.0869492025731726,0.14719813535372392
1915,1.5244267655620936,0.6086076118444248,2.0869492025731726,0.7558723220054878
1916,1.1886970327689708,0.5195033150838233,2.0992383303277666,0.1684245306156866
1917,1.525026634483994,0.5934948074130375,2.0992383303277666,0.7558723220054878
1918,1.1858373563076214,0.5166819522418887,2.1117589997585444,0.1347011001191614
1919,1.5266869195896295,0.578393710471454,2.1117589997585444,0.755872322005488
1920,1.1830048025912014,0.5139031311193129,2.124228265052463,0.13888812756395347
1921,1.5293981081236339,0.5633627197465371,2.124228265052463,0.755872322005488
1922,1.1797713227922768,0.5109191904201887,2.1358327479552814,0.18685343864505308
1923,1.5331447404019773,0.5484648332693982,2.1358327479552814,0.7558723220054878
1924,1.1761853147910224,0.5077787960657183,2.146573320590607,0.2254965525625967
1925,1.537905602842749,0.5337679582130389,2.146573320590607,0.7558723220054878
1926,1.1728239581495654,0.5048314706435597,2.15739308883474,0.1672028703095297
1927,1.5436539879672369,0.5193451799753696,2.15739308883474,0.7558723220054879
1928,1.1695237805902923,0.5019556503281523,2.1680103163900273,0.2079878751969723
1929,1.5503580137938722,0.5052749573069186,2.1680103163900273,0.7558723220054879
1930,1.16579728593025,0.49885509465689304,2.1775622755265136,0.24617618763381963
1931,1.557980993660393,0.4916411994653677,2.1775622755265136,0.7558723220054877
1932,1.1615935372437356,0.49547747776400064,2.185980395918493,0.296587522807441
1933,1.5664818465782022,0.4785331694134459,2.185980395918493,0.7558723220054876
1934,1.1576343939513427,0.49231313728746356,2.1943221774824235,0.23018058767778382
1935,1.5758155377628755,0.466045145202796,2.1943221774824235,0.7558723220054877
1936,1.154512992551595,0.489760060931291,2.203430530812356,0.16796526263152425
1937,1.5859335389782396,0.4542757621228135,2.203430530812356,0.7558723220054878
1938,1.1522358063190206,0.4878259836128427,2.2132500802276778,0.10989240443675732
1939,1.596784298732261,0.4433269543576135,2.2132500802276778,0.7558723220054878
1940,1.1507765551135534,0.48648647528597855,2.2237082979308362,0.05351839477957424
1941,1.6083137131038017,0.43330242138396063,2.2237082979308362,0.7558723220054883
1942,1.1492676458669673,0.4851074988015008,2.2335689731389423,0.0977696792648266
1943,1.6204655889801272,0.424305566422667,2.2335689731389423,0.755872322005488
1944,1.1470514835995025,0.4832202211565567,2.2418681213418443,0.1503110343804646
1945,1.6331820926610765,0.4164368965760625,2.2418681213418443,0.7558723220054883
1946,1.1450848917794743,0.48156356335239653,2.2498176995153765,0.0852596538736376
1947,1.6464041780549399,0.40979093871868405,2.2498176995153765,0.7558723220054882
1948,1.143101547797773,0.47989881140502877,2.2571090943942056,0.1358884823513133
1949,1.6600719899792964,0.4044528081303148,2.2571090943942056,0.755872322005488
1950,1.1404105857316058,0.47772683391324894,2.2627582717435426,0.18823430496369706
1951,1.6741252393254489,0.4004946568639519,2.2627582717435426,0.7558723220054879
1952,1.1369928689835282,0.4750206254825287,2.266752843324053,0.23760995324733877
1953,1.688503547999684,0.39797230655376914,2.266752843324053,0.755872322005488
1954,1.1338630212378877,0.4725823976878956,2.270338060847758,0.17073249270990448
1955,1.7031467625848158,0.3969224119580589,2.270338060847758,0.7558723220054878
1956,1.130753048917772,0.47016924188227643,2.2732213960128154,0.22053844886617913
1957,1.7179952365513127,0.397360486190185,2.2732213960128154,0.7558723220054878
1958,1.1268815733128006,0.46718664535572596,2.274387829478479,0.2685681797021799
1959,1.7329900815804609,0.3992800377831619,2.274387829478479,0.7558723220054879
1960,1.1233140071100345,0.4644888697673895,2.275105976464371,0.20233775533015935
1961,1.748073389143805,0.4026529337625525,2.275105976464371,0.7558723220054878
1962,1.1197998043389834,0.4618555962160261,2.2750985952722083,0.2509827884934593
1963,1.7631884239220363,0.40743094033548555,2.2750985952722083,0.7558723220054882
1964,1.1155200179490137,0.45865853640110765,2.273343747291095,0.29812417517930284
1965,1.7782797909559815,0.4135482416119202,2.273343747291095,0.7558723220054882
1966,1.110522666206028,0.45496119421534464,2.2698674911707437,0.3432092232117784
1967,1.7932935786188178,0.4209246308641568,2.2698674911707437,0.7558723220054884
1968,1.1047957938131694,0.45074916065904475,2.2646905884728263,0.38495604524646243
1969,1.8081774795996557,0.4294690265902147,2.2646905884728263,0.7558723220054886
1970,1.0994325439852533,0.4468866730445026,2.259094924194869,0.31419393416569175
1971,1.822880892111857,0.43908298582800803,2.259094924194869,0.7558723220054887
1972,1.0946575141906174,0.4435063928252848,2.2534022247037466,0.3063500130209152
1973,1.8373550035015052,0.4496639529306842,2.2534022247037466,0.7558723220054885
1974,1.089538898739506,0.43991878652963445,2.246462027950266,0.3521256866683238
1975,1.851552858347419,0.4611080696841897,2.246462027950266,0.7558723220054884
1976,1.0836788589832222,0.435827845649157,2.2378228929939157,0.392948425839818
1977,1.8654294130272235,0.47331246035000596,2.2378228929939157,0.7558723220054885
1978,1.0781615220307026,0.4320512420937667,2.22877489197675,0.3227518602590274
1979,1.878941578585406,0.4861769781049987,2.22877489197675,0.7558723220054885
1980,1.0727648137474042,0.428415249801855,2.2190694928974515,0.36790310904866363
1981,1.8920482535882304,0.49960545079600255,2.2190694928974515,0.7558723220054885
1982,1.0666342354678997,0.42430881069176807,2.2076997007109287,0.40845404282916475
1983,1.9047103484941528,0.5135064938745434,2.2076997007109287,0.7558723220054885
1984,1.0597912449868945,0.41976695874455505,2.1947121430453223,0.45079994972729853
1985,1.9168908029126293,0.5277939706424172,2.1947121430453223,0.7558723220054883
1986,1.0522654252180568,0.41484026622678616,2.180153440894526,0.4892946825878547
1987,1.928554596973149,0.5423871797394362,2.180153440894526,0.7558723220054883
1988,1.044088776571443,0.409587030287635,2.164070175870088,0.5275580868039966
1989,1.9396687578828793,0.5572108421130516,2.164070175870088,0.7558723220054883
1990,1.035277833757881,0.4040445393658383,2.146514962990407,0.5641718304447843
1991,1.950202362617482,0.5721949484530169,2.146514962990407,0.7558723220054888
1992,1.025852135044537,0.398257881439512,2.1275417941766395,0.5987555803109768
1993,1.9601265375665562,0.5872745159468048,2.1275417941766395,0.7558723220054883
1994,1.0158557205624292,0.39231685214035183,2.1071961885911232,0.632598978899497
1995,1.969414455843317,0.6023892918223206,2.1071961885911232,0.7558723220054882
1996,1.0053026753998684,0.38626618434682103,2.0855359962449174,0.6638369824706036
1997,1.9780413328675683,0.6174834312914714,2.0855359962449174,0.7558723220054882
1998,0.994221157363661,0.3801784090240468,2.062614574899043,0.6960722919947394
1999,1.9859844207414639,0.6325051694533684,2.062614574899043,0.7558723220054883
