sample,d_goal,d_hazard,d_agent,speed
0,0.789164425850718,0.5964015180573957,1.2523710676770363,0.0
1,1.3135703513447516,0.5993568773889589,1.2523710676770363,0.0
2,0.7881272063579556,0.5957158807749335,1.2523473748267906,0.0771981080582744
3,1.314087602007326,0.5999517750106571,1.2523473748267906,0.07719810805827433
4,0.7863527392050136,0.5939647483714398,1.2533789050317545,0.12065825942934387
5,1.314430759093897,0.6004690789391732,1.2533789050317545,0.12065825942934381
6,0.7840540813061955,0.5912167322795236,1.2556074884262252,0.16677241880614552
7,1.3144332991440397,0.600736420147081,1.2556074884262252,0.1667724188061455
8,0.7812137069910967,0.5875131135165643,1.2589390260803575,0.21289685539273026
9,1.3141655603350388,0.6008295641426038,1.2589390260803575,0.2128968553927302
10,0.7778099817819816,0.5828972548019589,1.2632720225523304,0.25789991251737315
11,1.313707651296909,0.6008362075579773,1.2632720225523304,0.25789991251737304
12,0.7738256015710667,0.5774152430830738,1.2685077374960128,0.30137019363805245
13,1.3131397039047272,0.6008455942507989,1.2685077374960128,0.30137019363805223
14,0.7692474536575208,0.5711159162393581,1.2745840009934915,0.34314307160756097
15,1.3124400967131156,0.6008467717163302,1.2745840009934915,0.34358802836418184
16,0.7640661893934838,0.5640509433126166,1.281442811623907,0.3831529887787707
17,1.3116313843425098,0.6008761835940335,1.281442811623907,0.38495233395547546
18,0.7582758300669387,0.5562749597012273,1.2889841155379878,0.4213801851951916
19,1.3108624386593255,0.6010964960746487,1.2889841155379878,0.4264410828045754
20,0.7518734149865856,0.5478457550551307,1.2970061830727193,0.45782847946286337
21,1.3104934472222756,0.6018739287144852,1.2970061830727193,0.46057995530975177
22,0.7448586885652628,0.5388245128280694,1.305589092706066,0.4925148963171712
23,1.3102056082428144,0.6029090647144697,1.305589092706066,0.4974801319979647
24,0.7372338228766929,0.5292761004159563,1.3144870038025351,0.5254643789861284
25,1.310428362335513,0.6046284650649193,1.3144870038025351,0.5300868416099928
26,0.7290031723694952,0.5192694079832637,1.3238605086396873,0.5567068953764172
27,1.310771153013162,0.6066710007176299,1.3238605086396873,0.56397684977549
28,0.7201730576940777,0.5088777322825017,1.3339875012975666,0.5862757579172598
29,1.3107508549582534,0.6086105005313198,1.3339875012975666,0.6079058852962539
30,0.7113325087022803,0.49694377339407797,1.346308633990473,0.6568207577283101
31,1.3104311284850352,0.6105328327251106,1.346308633990473,0.6569718757145175
32,0.7014568914437238,0.4855107442912102,1.3572145036582166,0.6492527665197844
33,1.3117232710383782,0.614216679938446,1.3572145036582166,0.6674012927775113
34,0.6908371689301529,0.4742197181868588,1.3676549290644084,0.674692936703892
35,1.3139907082499356,0.6190577073987436,1.3676549290644084,0.6892547248670313
36,0.6796933598946789,0.4628063646916126,1.378430767290748,0.6995870432726745
37,1.3165622731135003,0.6244406320518591,1.378430767290748,0.7206259710669162
38,0.6680425624600386,0.45135303907318947,1.389273874114437,0.7229748800974634
39,1.3198720895739238,0.630749392763723,1.389273874114437,0.7411635695528863
40,0.6558954834381168,0.43996404329205385,1.4004127594928697,0.7448422075174772
41,1.323520946951352,0.6376348158321693,1.4004127594928697,0.7707475304773482
42,0.6432637774009243,0.4287520544857158,1.4114958117096936,0.7652210002237909
43,1.327984957041109,0.6258005436459734,1.4114958117096936,0.7877290520453002
44,0.6301602023795748,0.4178376845277678,1.4227399285067772,0.7841476731607372
45,1.3329356536934087,0.6097840111091436,1.4227399285067772,0.8123857046767231
46,0.6165985332583007,0.40734930422216337,1.433829723677264,0.8016606372232349
47,1.338728490143069,0.5933931505709142,1.433829723677264,0.8285976895410786
48,0.6025934807607608,0.39742243533792354,1.4448909634159224,0.8177997794158185
49,1.3451774053423333,0.5765943463431948,1.4448909634159224,0.8482587189686528
50,0.588160624139586,0.38819852393634235,1.4557900314203116,0.832606122937868
51,1.3523903573805842,0.559465770923484,1.4557900314203116,0.8635474320769277
52,0.5733163575457642,0.37982292893263553,1.4665157945198377,0.8461215633348252
53,1.3603439533680175,0.5420307522294295,1.4665157945198377,0.8788202193421878
54,0.5580778500924923,0.3724419898486154,1.4770332546126685,0.8583886581646889
55,1.3690415516704135,0.5243247592516207,1.4770332546126685,0.8927943140639842
56,0.5424630199962661,0.3661991126204407,1.4872853725844684,0.8694504564187184
57,1.3784942147719406,0.5064026600161736,1.4872853725844684,0.9049754204414074
58,0.5264905236287023,0.36122994194841673,1.4972370050916872,0.8793503578885278
59,1.388703417380037,0.4883065856979788,1.4972370050916872,0.9163679103691648
60,0.5101797608669077,0.35765686765236065,1.5068464548272178,0.8881319953313433
61,1.3996659101846962,0.47009038417405236,1.5068464548272178,0.9265139017370876
62,0.4935508988292936,0.3555833127069738,1.516069416207535,0.8958391341574063
63,1.411372626699712,0.45181738243827035,1.516069416207535,0.9347547974279814
64,0.47662491698545895,0.35508841963928006,1.5248422822622671,0.9025155857003454
65,1.423809241108519,0.43357656559914814,1.5248422822622671,0.9419979491830311
66,0.4594236778147245,0.3562228248636226,1.5331511789285983,0.9082051310968231
67,1.4369534565414863,0.4154222274459684,1.5331511789285983,0.9487193878245265
68,0.4419700287743041,0.359006135972048,1.5409648532538995,0.9129514535063447
69,1.4507790609470481,0.3974345586421278,1.5409648532538995,0.9543822888763334
70,0.42428794349207644,0.3634264970538799,1.5482492551535543,0.9167980769211035
71,1.4652554902344057,0.3797085372284582,1.5482492551535543,0.9590080994602456
72,0.4064027130631901,0.3694422920017223,1.554971937723892,0.9197883102014649
73,1.480347958752535,0.3623518936736407,1.554971937723892,0.9626407513771824
74,0.38834120245993853,0.37698568930622484,1.5611022350820254,0.9219651952616085
75,1.496017885733042,0.3454869499197464,1.5611022350820254,0.9653253842529053
76,0.37013219288614113,0.38596747204373416,1.5666112703554955,0.9233714585479655
77,1.5122233648593435,0.329252617364092,1.5666112703554955,0.9671073285198484
78,0.3518068392031671,0.39628248412016287,1.5714719576967038,0.9240494651189773
79,1.5289196309439246,0.3138061467533645,1.5714719576967038,0.9680319559597055
80,0.33339928349598047,0.40781506178160165,1.5756590050242985,0.9240411747618458
81,1.5460595157093855,0.2993241688617761,1.5756590050242985,0.9681445790663239
82,0.3149474831911823,0.4204439644077288,1.5791489177100317,0.9233880996803359
83,1.5635938868455623,0.2860023290475681,1.5791489177100317,0.9674903625427773
84,1.545687361371161,0.43404650813336904,1.5819200031776122,0.9221312633646099
85,1.5814720657245596,0.2740525645488197,1.5819200031776122,0.9661142434978199
86,1.5338091060781158,0.4485017853836807,1.5839523763864505,0.9203111603151776
87,1.5996422203124656,0.2636969183826278,1.5839523763864505,0.9640608586458455
88,1.5227604997509439,0.4636929906489711,1.58522796619135,0.9179677163425454
89,1.6180517308975015,0.25515693230351444,1.58522796619135,0.9613744771599326
90,1.5125940333936605,0.47950895818435735,1.585730522588726,0.9151402492053781
91,1.6366475272278909,0.24863836839463008,1.585730522588726,0.9580989380574048
92,1.5033586205732423,0.49584505670120116,1.5854456248804139,0.9118674293855036
93,1.6553763964994286,0.24431241220278463,1.5854456248804139,0.9542775911784065
94,1.4950990762624656,0.5126035922996134,1.5843606908074357,0.9081872408300792
95,1.674185262343715,0.24229634709310846,1.5843606908074357,0.9499532409634821
96,1.4878556123570392,0.5296938572004894,1.58246498672824,0.90413694152126
97,1.6930214355432862,0.24263812188123596,1.58246498672824,0.9451680923547277
98,1.4816633622065853,0.5470319389206107,1.5797496389389583,0.8997530237632655
99,1.711832837645815,0.2453091633095813,1.5797496389389583,0.9399636982435225
100,1.4765519467887467,0.5645403795133817,1.5762076462571697,0.895071174106853
101,1.7305681989772879,0.2502077149304661,1.5762076462571697,0.9343809079715657
102,1.4725450948779188,0.5821477513885693,1.5718338940156322,0.8901262328628538
103,1.7491772327774082,0.25717171566958286,1.5718338940156322,0.9284598164653024
104,1.4696603286689858,0.599788196819015,1.5666251696384752,0.8849521531902261
105,1.7676107873146067,0.2659974743481895,1.5666251696384752,0.9222397136503974
106,1.4679087248100342,0.6174009629578444,1.5605801799996,0.879581959780621
107,1.7858209778983059,0.27645947067615595,1.5605801799996,0.9157590338556465
108,1.4672947587240208,0.6294343873156103,1.5536995707914845,0.8740477072009563
109,1.803761300707148,0.2883275461897982,1.5536995707914845,0.9090553049770138
110,1.467816237554594,0.620681890469489,1.545985948162381,0.8683804379980545
111,1.821386730307161,0.30137957212671557,1.545985948162381,0.9021650972342955
112,1.4694643241960916,0.6115467839809178,1.5374439029109597,0.8626101407149286
113,1.8386538026552302,0.31540935670866027,1.5374439029109597,0.8951239714167787
114,1.4722236518339507,0.6020320740870553,1.5280800375597643,0.8567657080162815
115,1.8555206852809307,0.3302305671686869,1.5280800375597643,0.8879664265813614
116,1.476072525416965,0.592141532689057,1.5179029966622335,0.8508748951707378
117,1.8719472362222291,0.34567779620405464,1.5179029966622335,0.8807258472375832
118,1.4809832036919548,0.5818797162239577,1.506923500732235,0.8449642791881439
119,1.8878950531647076,0.36160583809033875,1.506923500732235,0.8734344501292752
120,1.4869222530190294,0.5712519872182908,1.4951543842195787,0.8390592189609662
121,1.9033275141051798,0.37788799860416994,1.4951543842195787,0.8661232308018324
122,1.493850962280794,0.5602645392250926,1.4826106379891297,0.8331838168077965
123,1.9182098107330159,0.39441399916997083,1.4826106379891297,0.8588219102268738
124,1.5017258068848502,0.5489244259982932,1.4693094567939087,0.8273608818626949
125,1.9325089755991738,0.41108781811912887,1.4693094567939087,0.8515588818410716
126,1.5104989491688243,0.537239595947034,1.4552702922625238,0.8216118957946708
127,1.9461939040260106,0.4278256568629252,1.4552702922625238,0.8443611594416006
128,1.5201187624351722,0.5252189331473196,1.4405149119464384,0.8159569813750817
129,1.9592353716017465,0.4445541185605369,1.4405149119464384,0.8372543264647356
130,1.5305303663113594,0.512872306482715,1.4250674649903003,0.8104148744351581
131,1.9716060480028075,0.46120862716061445,1.4250674649903003,0.8302624872540291
132,1.5416761620600024,0.5002106288565838,1.4089545549952385,0.8050028997692457
133,1.983280507795459,0.4777320820235076,1.4089545549952385,0.8234082209971291
134,1.5534963577438101,0.4872459288878084,1.3922053206360243,0.7997369515399725
135,1.9942352387852076,0.4940737274327109,1.3922053206360243,0.8167125390723275
136,1.565929474664811,0.4739914380990186,1.374851524562118,0.7946314787279092
137,2.0044486484080437,0.5101882101833316,1.374851524562118,0.8101948465938368
138,1.578912828132828,0.46046169736897447,1.3569276510519976,0.7896994761392523
139,2.0139010685913727,0.5260347976467672,1.3569276510519976,0.8038729089751193
140,1.592382977272706,0.44667268739840826,1.3384710127896577,0.7849524814400985
141,2.022574759453779,0.5415767305762018,1.3384710127896577,0.79776282433907
142,1.6062761401690173,0.43264198919597624,1.3195218669790347,0.7804005786249361
143,2.030453912161028,0.5567806879000252,1.3195218669790347,0.7918790025897107
144,1.6205285721067535,0.4183889822119033,1.3001235407903122,0.7760524082507638
145,2.037524651210227,0.5716163440138042,1.3001235407903122,0.7862341519202158
146,1.6350769059533343,0.40393508983942417,1.2803225658220128,0.7719151846780724
147,2.0437750363741287,0.5860560022037381,1.2803225658220128,0.7808392734653683
148,1.6498584548166704,0.3893040847051324,1.260168820840536,0.7679947204578357
149,2.0491950645025594,0.6000742906282148,1.260168820840536,0.7757036647128972
150,1.6648114779980097,0.3745224696478912,1.239715681495968,0.7642954578923071
151,2.0537766713471157,0.6136479096895315,1.239715681495968,0.7708349321687835
152,1.6798754119417398,0.35961995474156805,1.2190201749765732,0.7608205076799912
153,2.057513733548063,0.6267554216505511,1.2190201749765732,0.766239013628924
154,1.6949910683816343,0.34463005636554683,1.1981431366171975,0.7575716944352056
155,2.0604020708980415,0.639377075026598,1.1981431366171975,0.7619202102473936
156,1.7101008022146744,0.32959085136037786,1.177149364278938,0.7545496087540549
157,2.062439448975244,0.6514946576576008,1.177149364278938,0.7578812284147677
158,1.7251486518234234,0.31454592779458296,1.1561077648286806,0.7517536653851399
159,2.0636255822184912,0.66309137348668,1.1561077648286806,0.7541232312744086
160,1.7400804546407103,0.29954558355527294,1.1350914852316,0.7491821669587467
161,2.063962137497598,0.6741517389826742,1.1350914852316,0.7506458995168969
162,1.754843940730268,0.2846483338577728,1.1141780186030728,0.7468323726358617
163,2.0634527382139742,0.6846614958835788,1.1141780186030728,0.7474475009096117
164,1.7693888070661612,0.2699227962997533,1.093449273046156,0.7447005709610535
165,2.06210296894802,0.6946075375377155,1.093449273046156,0.7445249678466729
166,1.783666775052031,0.2554500217018388,1.0729915882610894,0.7427821561432447
167,2.05992038065094,0.7039778466063814,1.0729915882610894,0.7418739820503418
168,1.7976316336452023,0.24132631958073403,1.0528956818443067,0.7410717069471364
169,2.0569144963586137,0.7127614422875391,1.0528956818443067,0.7394890654239844
170,1.8112392702543572,0.22766656812831734,1.0332565040657857,0.739563067356239
171,2.053096817383425,0.7209483355425363,1.0332565040657857,0.7373636759532622
172,1.8244476913738905,0.21460786497238513,1.014172977000091,0.7382494281660303
173,2.0484808299159702,0.7285294910711616,1.014172977000091,0.7354903074793063
174,1.8372170347117556,0.20231311391988185,0.9957475915930516,0.7371234086818561
175,2.0430820119415785,0.7354967949960636,0.9957475915930516,0.7338605921268836
176,1.849509574366885,0.19097369135026293,0.9780858351228239,0.7361771377293358
177,2.0369178403460086,0.741843027394907,0.9780858351228239,0.7324654041620093
178,1.8612897204216388,0.18080966133217008,0.9612954222532215,0.7354023332332413
179,2.030007798049783,0.7475618389650429,0.9612954222532215,0.7312949640758802
180,1.872524014137069,0.17206521644797843,0.9454853062745096,0.7347903796816431
181,2.022373380970636,0.7526477312268968,0.9454853062745096,0.7303389417427509
182,1.8831811197758614,0.1649965425733751,0.930764453994754,0.7343324028629127
183,2.014038104567783,0.7570960397735483,0.930764453994754,0.7295865575749846
184,1.8932318139303586,0.15985003566643463,0.9172403787627057,0.734019341341151
185,2.0050275096693473,0.7609029201589502,0.9172403787627057,0.7290266806946362
186,1.9026489731011766,0.15683177256162165,0.905017441605533,0.7338420142180392
187,1.9953691672245433,0.7578637126753982,0.905017441605533,0.7286479232528343
188,1.9114075601551515,0.15607428194679915,0.894194950186575,0.733791184813328
189,1.9850926815544037,0.7438632443219512,0.894194950186575,0.7284387301510489
190,1.919484610188882,0.157611280475273,0.884865108120714,0.7338576199798919
191,1.9742296915982493,0.7301801264951041,0.884865108120714,0.7283874635471957
192,1.926859216235001,0.16137064906903217,0.8771108910221214,0.7340321448502779
193,1.9628138695671427,0.7168859838026487,0.8771108910221214,0.7284824816600172
194,1.9335125151713042,0.1671887933085424,0.8710039474400416,0.7343056928883788
195,1.9508809163198948,0.7040549011348672,0.8710039474400416,0.7287122115132407
196,1.9394276741268293,0.17484009065711983,0.866602638869026,0.7346693511907781
197,1.9384685526715866,0.691762999700142,0.866602638869026,0.7290652153832937
198,1.9445898776226713,0.18407020378710434,0.8639503396015193,0.7351144010465076
199,1.925616505729253,0.680087870911806,0.8639503396015193,0.7295302508280794
200,1.948986315637575,0.19462389095817978,0.8630741114675178,0.735632353820769
201,1.912366489224921,0.6691078519815126,0.8630741114675178,0.7300963242775506
202,1.9526061727480004,0.20626323883796444,0.8639838493324895,0.7362149822772494
203,1.8987621766839176,0.6589011323338964,0.8639838493324895,0.7307527382580796
204,1.9554406184583646,0.21877677156355796,0.8666719617652686,0.7368543474949524
205,1.8848491661280904,0.6495446882172827,0.8666719617652686,0.7314891324012748
206,1.9574827988084977,0.23198198087221833,0.8711136110924702,0.7375428215691875
207,1.870674934872338,0.6411130543359556,0.8711136110924702,0.7322955184536806
208,1.9587278293210804,0.24572399412649215,0.8772674934967387,0.7382731063127788
209,1.8562887828324872,0.6336769557101353,0.8772674934967387,0.7331623095569622
210,1.95917278933108,0.25987242750663375,0.8850770989885113,0.7390382481933165
211,1.8417417626284576,0.627301839399552,0.8850770989885113,0.7340803441093654
212,1.9588167177211453,0.2743176922997158,0.8944723584871415,0.7398316497558268
213,1.8270865946454795,0.6220463626107955,0.8944723584871415,0.7350409045493196
214,1.9576606100707863,0.2889674246131888,0.9053715646601581,0.7406470777883698
215,1.8123775651163612,0.6179609087932015,0.9053715646601581,0.7360357314220598
216,1.9557074172122173,0.30374333148536764,0.9176834460063666,0.7414786684914065
217,1.797670405219383,0.6150862139579032,0.9176834460063666,0.7370570331012982
218,1.9529620451712526,0.31857853763173977,0.9313092790043098,0.7423209299110151
219,1.7830221491612679,0.6134521890468223,0.9313092790043098,0.7380974915414776
220,1.9494313564569494,0.3334154151623236,0.9461449382718028,0.7431687418918543
221,1.7684909692460742,0.6130770188364456,0.9461449382718028,0.739150264433158
222,1.945124172648019,0.3482038369395735,0.9620828059499973,0.7440173537988125
223,1.754135986033504,0.6139666029766702,0.9620828059499973,0.7402089841258767
224,1.9400512782067747,0.36289978346024293,0.9790134852178018,0.74486238024709
225,1.7400170518792653,0.6161143814016488,0.9790134852178018,0.7412677536703566
226,1.9342254254317064,0.37746423656537387,0.9968272858206572,0.7456997950695998
227,1.7261945064410957,0.6195015572369292,0.9968272858206572,0.7423211403162824
228,1.9276613404370047,0.39186230214902906,1.0154154695560844,0.746525923738503
229,1.712728903140786,0.6240976993999898,1.0154154695560844,0.7433641667838627
230,1.9203757300206437,0.40606251408425464,1.0346712595912209,0.7473374344447962
231,1.6996807061065031,0.629861678674021,1.0346712595912209,0.7443923006078094
232,1.912387289251162,0.42003628094417045,1.0544906289518787,0.7481313280265212
233,1.687109957787914,0.6367428689078691,1.0544906289518787,0.7454014418318596
234,1.903716709566153,0.4337574450994196,1.074772890799609,0.7489049269226458
235,1.675075918239877,0.6446825316267547,1.074772890799609,0.7463879093110666
236,1.8943866871317652,0.44720193031600053,1.0954213117742542,0.7496558633162004
237,1.6636212062042774,0.640914548326239,1.0954213117742542,0.7476760999568535
238,1.884421931161236,0.46034745919158215,1.1163459560613722,0.750382066617062
239,1.6528020719554077,0.6288459557516485,1.1163459560613722,0.749276038997472
240,1.87384917183065,0.47317332586271355,1.1374553588192704,0.7510817504219818
241,1.6427133248518542,0.6163675629544555,1.1374553588192704,0.7494437502278841
242,1.8626971673606956,0.4856602126039084,1.1586645424288247,0.7517533990771779
243,1.633384901480741,0.6034953787883293,1.1586645424288247,0.7503890620115967
244,1.8509967097532456,0.4977900414125388,1.179893782038081,0.7523957539571341
245,1.6248611479244888,0.5902516915928959,1.179893782038081,0.7513221794128059
246,1.8387806285801604,0.509545853588774,1.2010671944604934,0.7530077995622392
247,1.6171878421562729,0.5766622544140249,1.2010671944604934,0.7522098933730382
248,1.8260837921180606,0.5209117118039089,1.222112922008793,0.753588749527533
249,1.6104071619218965,0.5627548016565694,1.222112922008793,0.7530499913362374
250,1.8129431050063995,0.5318726203024496,1.2429630908770246,0.7541380326252078
251,1.6045569529266643,0.5485590873464176,1.2429630908770246,0.7538459531800992
252,1.79939750147672,0.5424144597799677,1.2635568381709144,0.7546552788345394
253,1.5996651747221524,0.5341026775423872,1.2635568381709144,0.7547167254638815
254,1.7854879330588094,0.5325649671735082,1.283851420458726,0.7551403055446567
255,1.5957374229994348,0.5193968239004179,1.283851420458726,0.756490325006751
256,1.7712573495153958,0.5217151934594567,1.3037513328872845,0.7555931039479308
257,1.5928555604198888,0.5045323199106311,1.3037513328872845,0.7562130106006621
258,1.756750671592805,0.5117469116266012,1.32321849807267,0.7560138256747742
259,1.5910091548740664,0.48952773943130623,1.32321849807267,0.7569009381455791
260,1.742014754003339,0.5027513437822658,1.3422056016205213,0.7564027697142274
261,1.590205581521524,0.4744236059918328,1.3422056016205213,0.7575713205720402
262,1.7270983368801827,0.4948165268433728,1.3606652600513889,0.7567603696588665
263,1.5904507866418691,0.45926894260464557,1.3606652600513889,0.758185352165366
264,1.712051983772961,0.4880250606753099,1.3785528270159273,0.7570871813072232
265,1.5917449077589454,0.4441178461602988,1.3785528270159273,0.7587427082806912
266,1.6969280040892831,0.48245166743704754,1.3958263984841697,0.7573838706520517
267,1.5940821144026542,0.42902998574089307,1.3958263984841697,0.7592447977781694
268,1.6817803577442343,0.47816069847757253,1.4124467023808889,0.7576512022783576
269,1.5974506789684204,0.4140713408041675,1.4124467023808889,0.7596932513340577
270,1.6666645396678246,0.47520376294497174,1.428376991849506,0.7578900281910804
271,1.6018331240424246,0.39931500935420045,1.428376991849506,0.7600898409600866
272,1.651637441754152,0.4736176729744056,1.4435829472544741,0.7581012770886716
273,1.607206436219471,0.3848420523603711,1.4435829472544741,0.760436458532857
274,1.636757189832145,0.4734228953765299,1.4580325868756923,0.7582859440954907
275,1.6135423401209572,0.3707423245403339,1.4580325868756923,0.7607350976285736
276,1.622082953314925,0.47462266501129646,1.4716961859256883,0.7584450809629121
277,1.6208076250533228,0.3571152094029618,1.4716961859256883,0.7609878363973295
278,1.607674725363151,0.4772028531357419,1.4845462034465613,0.7585797867462976
279,1.6289645156656456,0.3440701324664261,1.4845462034465613,0.7611968213778416
280,1.593593071697856,0.4811326047380449,1.4965572166098637,0.7586911989624877
281,1.6379710772888438,0.3317266715591713,1.4965572166098637,0.7613642522391977
282,1.5798988466398474,0.48636567693258836,1.5077058619321144,0.7587804852301693
283,1.6477816463767834,0.3202140221456203,1.5077058619321144,0.761492367437672
284,1.5666528755526914,0.4928423413867638,1.5179707829249312,0.7588488353934157
285,1.658347276596614,0.3096695218002047,1.5179707829249312,0.7615834307750062
286,1.5539156036363904,0.5004916692704723,1.527332583717051,0.7588974541267846
287,1.6696161915844538,0.30023591589933996,1.527332583717051,0.7616397188429714
288,1.5417467119631567,0.5092340024620279,1.5357737882121503,0.758927554018622
289,1.6815342361303203,0.29205709309804584,1.5357737882121503,0.7616635093376185
290,1.5302047027586152,0.5189834276393918,1.5432788043786707,0.7589403491276425
291,1.694045318511461,0.28527217609207295,1.5432788043786707,0.7616570702253749
292,1.5193464571914097,0.5296501030283887,1.5498338933038025,0.7589370490063918
293,1.7070918377825863,0.28000814755828907,1.5498338933038025,0.7616226497419881
294,1.5092267703060613,0.5411423312473876,1.5554271426818993,0.7589188531838842
295,1.7206150909851723,0.2763716029349604,1.5554271426818993,0.7615624672042903
296,1.4998978691655611,0.5533683167233051,1.5600484444469156,0.7588869460984816
297,1.7345556563943347,0.27444065413668073,1.5600484444469156,0.7614787046137793
298,1.4914089216923985,0.5662375858269627,1.5636894762982492,0.7588424924709941
299,1.7488537500297825,0.27425829202376234,1.5636894762982492,0.7613734990301111
300,1.4838055450256364,0.5796620785052092,1.5663436869091858,0.7587866331069545
301,1.7634495536782144,0.27582847282454165,1.5663436869091858,0.7612489356917749
302,1.4771293233528522,0.5935569407969954,1.568006284646788,0.7587204811161321
303,1.7782835135815147,0.27911574874425055,1.568006284646788,0.7611070418603985
304,1.4714173460310407,0.607841059111677,1.5686742296713492,0.758645118536512
305,1.7932966097227903,0.2840485235071482,1.5686742296713492,0.7609497813644216
306,1.466701777286237,0.6224373814007848,1.5683462293225272,0.7585615933492403
307,1.8084305962849407,0.29052524379531314,1.5683462293225272,0.7607790498171565
308,1.4630094687983957,0.6320927513445921,1.5670227367379985,0.7584709168703854
309,1.8236282143661395,0.2984223185925893,1.5670227367379985,0.7605966704836123
310,1.4603616259810956,0.6273997536062346,1.5647059526890807,0.7583740615047788
311,1.8388333784213025,0.3076024360538827,1.5647059526890807,0.7604043907698724
312,1.4587735377331954,0.6221707003458904,1.561399830656373,0.7582719588467285
313,1.853991338170274,0.3179221785906885,1.561399830656373,0.7602038793082547
314,1.4582543778894381,0.6164111111153531,1.557110085207302,0.7581654981119488
315,1.869048817886373,0.32923825482881414,1.557110085207302,0.7599967236110128
316,1.4588070845886674,0.6101271204518193,1.551844203776594,0.7580555248847275
317,1.8839541350683349,0.3414120936395108,1.551844203776594,0.7597844282649076
318,1.4604283214108467,0.6033254832216828,1.5456114619903354,0.7579428401640788
319,1.898657300519853,0.3543128672286608,1.5456114619903354,0.7595684136386337
320,1.463108521538814,0.5960135812633471,1.538422942714503,0.7578281996924039
321,1.913110101828138,0.3678191936345521,1.538422942714503,0.7593500150747934
322,1.4668320135302961,0.5881994316147298,1.530291559049659,0.75771231355008
323,1.9272661721592963,0.38181983434994743,1.530291559049659,0.7591304825379177
324,1.471577224699732,0.5798916966711263,1.5212320815348632,0.7575958459993086
325,1.9410810461853008,0.3962136911459132,1.5212320815348632,0.7589109806899157
326,1.477316955759627,0.5710996966922994,1.511261169865558,0.7574794155605736
327,1.9545122048346273,0.4109093562826841,1.511261169865558,0.7586925893642853
328,1.4840187183873066,0.5618334251674988,1.5003974094718424,0.7573635953051022
329,1.9675191104242977,0.4258244093301593,1.5003974094718424,0.758476304410492
330,1.491645125861936,0.5521035676580193,1.4886613533445734,0.7572489133468656
331,1.980063233591595,0.440884596966146,1.4886613533445734,0.7582630388800479
332,1.5001543259156043,0.5419215248745128,1.4760755695361756,0.7571358535178351
333,1.9921080733040524,0.4560229857456065,1.4760755695361756,0.758053624526073
334,1.5095004644765253,0.531299440917918,1.462664694799569,0.7570248562104447
335,2.0036191710903024,0.47117914310223274,1.462664694799569,0.7578488135884408
336,1.519634169028135,0.5202502378280728,1.448455494860372,0.75691631937151
337,2.01456412050464,0.4862983774234075,1.448455494860372,0.7576492808370316
338,1.5305030408084634,0.5087876578552167,1.4334769318419152,0.7568105996321952
339,2.024912572716552,0.5013310517604025,1.4334769318419152,0.7574556258461306
340,1.5420521459492842,0.4969263152129343,1.4177602393761666,0.7567080135590197
341,2.034636239004088,0.5162319754331574,1.4177602393761666,0.7572683754735925
342,1.554224496809914,0.4846817595079816,1.4013390059318422,0.756608839011313
343,2.0437088908273338,0.5309598716491873,1.4013390059318422,0.7570879865190845
344,1.5669615160979287,0.47207055360105843,1.3842492668676964,0.75651331659102
345,2.0521063580655,0.5454769158938498,1.3842492668676964,0.7569148485364688
346,1.5802034777944962,0.4591103693702177,1.3665296056665115,0.756421651171254
347,2.0598065259180767,0.5597483382679094,1.3665296056665115,0.7567492867762201
348,1.5938899203323742,0.4458201057746536,1.348221264713555,0.7563340134905506
349,2.0667893308966123,0.5737420824615383,1.348221264713555,0.7565915652346771
350,1.607960028841574,0.4322200348166602,1.329368265839627,0.7562505418003308
351,2.073036756268486,0.5874285142047739,1.329368265839627,0.7564418897878803
352,1.622352984529833,0.4183319825605097,1.3100175406372632,0.7561713435536896
353,2.078532827256693,0.6007801725282658,1.3100175406372632,0.7563004113887687
354,1.6370082803677761,0.4041795544037047,1.2902190702595737,0.7560964971242279
355,2.0832636062495253,0.6137715578208292,1.2902190702595737,0.7561672293075733
356,1.6518660031829322,0.389788416459134,1.270026034000547,0.7560260535442895
357,2.0872171882302757,0.6263789513709671,1.270026034000547,0.7560423943963425
358,1.666867083026737,0.37518664839114313,1.2494949654047067,0.7559600382525896
359,2.0903836965988893,0.6385802617647685,1.2494949654047067,0.7559259123596764
360,1.6819535112688753,0.3604051876012852,1.2286859139292965,0.7558984528418842
361,2.0927552795241446,0.650354894148873,1.2286859139292965,0.7558177470149048
362,1.697068529305962,0.345478390580799,1.2076626092456275,0.7558412767979765
363,2.0943261069356067,0.661683638939407,1.2076626092456275,0.7557178235261168
364,1.712156790063795,0.33044474487528674,1.1864926240766107,0.7557884692220102
365,2.0950923682386215,0.6725485770616546,1.1864926240766107,0.7556260315976466
366,1.7271644946439795,0.3153477747656021,1.1652475299827134,0.7557399705286558
367,2.095052270812209,0.6829329992426194,1.1652475299827134,0.7555422286137988
368,1.7420395065372654,0.300237195625648,1.1440030386900586,0.7556957041134338
369,2.094206039328238,0.6928213372546291,1.1440030386900586,0.7554662427127825
370,1.7567314458175562,0.2851703856701835,1.1228391193741198,0.7556555779830586
371,2.0925559159100313,0.7021991053291862,1.1228391193741198,0.7553978757839998
372,1.7711917656607736,0.27021425801576493,1.1018400797633232,0.7556194863433114
373,2.090106161128906,0.7110528502331829,1.1018400797633232,0.7553369063789822
374,1.7853738134181758,0.255447626742856,1.081094596037429,0.7555873111395521
375,2.0868630558173966,0.7193701087309605,1.081094596037429,0.755283092527402
376,1.7992328783285059,0.24096415908431798,1.060695673349517,0.7555589235455814
377,2.0828349036575156,0.7271393713515236,1.060695673349517,0.7552361744506828
378,1.8127262277892482,0.22687597367377627,1.0407405155607432,0.7555341853971297
379,2.0780320344804912,0.7343500515459431,1.0407405155607432,0.7551958771668
380,1.8258131339338555,0.2133178472607898,1.0213302797130526,0.7555129505668041
381,2.0724668081906032,0.7409924594602662,1.0213302797130526,0.7551619129808954
382,1.838454892086409,0.20045176970312473,1.0025696882787964,0.7554950662778518
383,2.0661536191990035,0.7470577796681955,1.0025696882787964,0.7551339838573058
384,1.850614832493411,0.18847115098896045,0.984566470870823,0.7554803743546031
385,2.059108901223318,0.7525380523088587,0.984566470870823,0.7551117836695562
386,1.8622583265682209,0.17760324039066677,0.9674306075760328,0.7554687124079433
387,2.051351132274458,0.7574261571611144,0.9674306075760328,0.7550950003257518
388,1.8733527887297594,0.16810726424178496,0.9512733492101598,0.755459914954601
389,2.0429008396127286,0.7617158002595351,0.9512733492101598,0.7550833177676506
390,1.883867674775164,0.16026474865886067,0.9362059964346388,0.7554538144694867
391,2.0337806044102344,0.7654015027205914,0.9362059964346388,0.7550764178424867
392,1.893774477596891,0.15435844464402565,0.9223384305643132,0.755450242370698
393,2.0240150658049276,0.7684785915024045,0.9223384305643132,0.755073982047356
394,1.9030467209385802,0.1506388347321899,0.9097774044318373,0.755449029937199
395,2.013630923972657,0.7709431918692838,0.9097774044318373,0.7550756931466505
396,1.9116599517805453,0.1492833526908675,0.8986246216683245,0.7554500091594987
397,2.002656941776506,0.7566418373291147,0.8986246216683245,0.7550812366636745
398,1.9195917318544717,0.15036088104446316,0.8889746561581212,0.755453013524006
399,1.9911239444768853,0.7424980893192543,0.8889746561581212,0.7550903022481356
400,1.9268216287070257,0.15381645214372974,0.8809127881401915,0.7554578787319975
401,1.9790648169006653,0.7287481234160718,0.8809127881401915,0.7551025849217404
402,1.933331206662662,0.15948352277873534,0.874512856352451,0.7554644433544202
403,1.96651449737275,0.7154664389017917,0.874512856352451,0.7551177862045938
404,1.9391040179759989,0.16711786731159822,0.8698352429290296,0.7554725494239755
405,1.9535099676087093,0.7027295945735688,0.8698352429290296,0.7551356151255219
406,1.9441255944127005,0.1764385081647773,0.8669251155638695,0.7554820429661516
407,1.9400902376526459,0.6906156577834599,0.8669251155638695,0.7551557891198089
408,1.9483834394538466,0.18716245182959404,0.8658110466464848,0.755492774471057
409,1.926296324820969,0.6792034955075457,0.8658110466464848,0.7551780348181729
410,1.9518670212813298,0.19902722016038168,0.8665041102780343,0.755504599308065
411,1.912171225481503,0.6685718956174727,0.8665041102780343,0.7552020887310683
412,1.9545677666699768,0.21180167096099928,0.8689975262994908,0.7555173780854341
413,1.897759878360283,0.6587985144673887,0.8689975262994908,0.7552276978326553
414,1.956479055884928,0.22528856175784695,0.8732668792427748,0.7555309769571729
415,1.8831091179284662,0.6499586580751693,0.8732668792427748,0.7552546200489583
416,1.9575962186595384,0.2393224728740113,0.8792708949639517,0.7555452678795274
417,1.8682676162830105,0.642123918376764,0.8792708949639517,0.7552826246548947
418,1.9579165313088827,0.2537657147173548,0.8869527150030944,0.7555601288195404
419,1.8532858118024418,0.6353607024656881,0.8869527150030944,0.7553114925849721
420,1.957439215016085,0.26850376626276673,0.8962415742744438,0.7555754439181994
421,1.8382158227399765,0.6297287098772513,0.8962415742744438,0.7553410166625303
422,1.9561654353125035,0.2834410091775331,0.9070547656041293,0.7555911036107216
423,1.8231113438188455,0.6252794286320774,0.9070547656041293,0.7553710017524637
424,1.9540983027575056,0.2984970550351672,0.9192997665270648,0.7556070047065623
425,1.8080275238290213,0.6220547322538238,0.9192997665270648,0.7554012648423658
426,1.9512428748085962,0.3136037209580445,0.9328764087765173,0.7556230504317297
427,1.7930208222024442,0.6200856646576084,0.9328764087765173,0.7554316350570403
428,1.9476061588572415,0.32870260074647556,0.9476789862801795,0.7556391504360038
429,1.778148842578653,0.6193914956150854,0.9476789862801795,0.7554619536112884
430,1.9431971163892743,0.3437431410259,0.9635982194205236,0.755655220767623
431,1.7634701414790008,0.6199791156207176,0.9635982194205236,0.755492073705818
432,1.9380266682105207,0.3586811280358867,0.9805230179176264,0.7556711838179785
433,1.7490440104006373,0.6218428162602745,0.9805230179176264,0.7555218603710504
434,1.9321077006575753,0.3734775006167428,0.9983420086324986,0.7556869682388268
435,1.734930229936281,0.6249644731855981,0.9983420086324986,0.7555511902635034
436,1.9254550726896953,0.3880974190288086,1.0169448155259555,0.7557025088344737
437,1.7211887949363278,0.6293141174088757,1.0169448155259555,0.7555799514193056
438,1.9180856237298103,0.4025095331490189,1.0362230956534688,0.7557177464313152
439,1.707879610267225,0.634850851242037,1.0362230956534688,0.7556080429692883
440,1.910018182089797,0.41668540569264917,1.056071347054814,0.7557326277270816
441,1.6950621573910436,0.6415240417857395,1.056071347054814,0.7556353748199381
442,1.9012735737765762,0.4305990560155135,1.0763875119954556,0.7557471051220311
443,1.6827951327963586,0.6492747101285256,1.0763875119954556,0.7556618673043578
444,1.8918746314303032,0.4442265978980487,1.0970734798776567,0.7557611365342799
445,1.6711220782748306,0.6383896069049997,1.0970734798776567,0.7559871751062834
446,1.8818462030929852,0.4575459508122353,1.1180369747791583,0.7557746852013589
447,1.6601120666806042,0.6261901892448779,1.1180369747791583,0.7562549789232408
448,1.8712151604442397,0.47053660886585813,1.1391867249308474,0.7557877194700109
449,1.6498308888582538,0.6135903856190499,1.1391867249308474,0.7559023558366907
450,1.8600104060696498,0.4831794552120656,1.1604370099472834,0.7558002125761486
451,1.6403200680335301,0.6006093295441617,1.1604370099472834,0.7559750310571698
452,1.8482628792452567,0.49545661245867123,1.1817070566352215,0.7558121424167861
453,1.6316256820980297,0.5872698222342695,1.1817070566352215,0.7560580399478363
454,1.8360055596282987,0.507351321711784,1.2029202067431597,0.7558234913156834
455,1.6237929454697266,0.5735973785193599,1.2029202067431597,0.7561346634888118
456,1.823273468138608,0.5188478444974673,1.224003942985785,0.75583424578433
457,1.6168633759386166,0.5596195059135591,1.224003942985785,0.7562043623301511
458,1.8101036641965897,0.5299313830417002,1.2448897657115068,0.7558443962797963
459,1.6108742738037607,0.5453658742322527,1.2448897657115068,0.7562672763720905
460,1.796535238352301,0.5405880153427297,1.2655149802217738,0.7558539369608953
461,1.6058551079886876,0.5308657627385652,1.2655149802217738,0.7564118842713922
462,1.7826092991961076,0.5338290575219644,1.2858157493972433,0.7558628654439808
463,1.6018390983836255,0.5161583173820263,1.2858157493972433,0.7564544584440612
464,1.768368953285728,0.5230341278008969,1.3057353507490383,0.7558711825596308
465,1.5988469637716198,0.5012802348655103,1.3057353507490383,0.7564510449101871
466,1.7538592766590206,0.5131364611443858,1.3252200666946912,0.7558788921113445
467,1.5968949774024597,0.48627231462262077,1.3252200666946912,0.7564988164705992
468,1.7391272763295091,0.5042261286295108,1.3442193060181675,0.7558860006373168
469,1.5959939869060458,0.4711794228174966,1.3442193060181675,0.7565421439921424
470,1.7242218399867328,0.4963897305247495,1.362685378702882,0.7558925171762286
471,1.5961491945891073,0.45605107627779534,1.362685378702882,0.7565790460949384
472,1.7091936719518328,0.48970813714304817,1.3805735200902711,0.7558984530379291
473,1.5973598535211564,0.44094181346807315,1.3805735200902711,0.7566097287345087
474,1.6940952132782279,0.4842540606533695,1.3978417664635905,0.7559038215797783
475,1.5996192681525274,0.4259118621330531,1.3978417664635905,0.756634494972542
476,1.6789805437476288,0.4800895976459824,1.4144508332655716,0.7559086379893413
477,1.6029148762740175,0.4110278882187013,1.4144508332655716,0.7566536580917298
478,1.6639052634052582,0.4772639174841152,1.4303640027105835,0.7559129190740435
479,1.6072284014524216,0.3963638023733663,1.4303640027105835,0.7566675361232038
480,1.6489263512196028,0.4758112887237987,1.4455470209207473,0.7559166830583156
481,1.6125360712022954,0.38200159289425767,1.4455470209207473,0.7566764498000509
482,1.634101998458213,0.47574962724597203,1.4599680042755079,0.7559199493886731
483,1.6188088946958765,0.36803213030334464,1.4599680042755079,0.7566807207721415
484,1.6194914144609058,0.477079711964922,1.473597354548408,0.7559227385471238
485,1.6260129923849223,0.35455585463940825,1.473597354548408,0.756680669953045
486,1.605154602685368,0.4797851505505671,1.4864076823427324,0.7559250718731968
487,1.6341099688518812,0.34168321112397354,1.4864076823427324,0.7566766159924608
488,1.5911521052181765,0.48383309882249886,1.4983737383075808,0.7559269713948508
489,1.6430573195632117,0.3295346443128613,1.4983737383075808,0.7566688738721151
490,1.5775447144059165,0.48917565799963136,1.5094723516089987,0.7559284596684385
491,1.6528088619649837,0.3182399014687942,1.5094723516089987,0.7566577536228262
492,1.5643931508827689,0.4957518086814189,1.519682375140639,0.7559295596278545
493,1.6633151815133291,0.3079363475276128,1.519682375140639,0.7566435591600583
494,1.5517577080633975,0.5034897001122253,1.5289846369801863,0.7559302944429278
495,1.6745240837215096,0.2987659831409423,1.5289846369801863,0.7566265872349162
496,1.5396978641360117,0.5123091020782995,1.5373618976276868,0.7559306873870967
497,1.6863810440678801,0.2908709214601977,1.5373618976276868,0.7566071264972164
498,1.528271863721791,0.5221238419930561,1.5447988125972905,0.7559307617143154
499,1.698829648573407,0.28438725827506434,1.5447988125972905,0.756585456666985
500,1.5175362726415926,0.5328440837394673,1.5512818999726745,0.755930540545137
501,1.7118120189505308,0.27943758359607346,1.5512818999726745,0.7565618478104833
502,1.5075455106112639,0.544378348132605,1.5567995125771197,0.7559300467618539
503,1.725269217378038,0.27612279833944176,1.5567995125771197,0.7565365597166636
504,1.4983513681183414,0.5566352187052165,1.5613418144508568,0.755929302912551
505,1.7391416271083442,0.27451430804139,1.5613418144508568,0.7565098413697477
506,1.4900025151442509,0.5695247146390607,1.564900761370203,0.7559283311238841
507,1.7533693062142177,0.27464789397817096,1.564900761370203,0.7564819305135124
508,1.4825440107018613,0.5829593417590887,1.5674700851847165,0.7559271530223811
509,1.767892312793518,0.2765204484519367,1.5674700851847165,0.7564530533027146
510,1.4760168232634538,0.5968548518341292,1.5690452817899463,0.7559257896640199
511,1.7826510008472167,0.2800902610264447,1.5690452817899463,0.7564234240370237
512,1.4704573729608363,0.6111307509839635,1.5696236025941535,0.7559242614718277
513,1.7975862868129773,0.2852807942233894,1.5696236025941535,0.7563932449727548
514,1.4658971068555595,0.6257106016562383,1.5692040493777617,0.7559225881812162
515,1.8126398873688532,0.2919871617765753,1.5692040493777617,0.7563627062076642
516,1.4623621185266322,0.6311029985029099,1.5677873724842304,0.7559207887927548
517,1.8277545296216229,0.3000840784845239,1.5677873724842304,0.7563319856340649
518,1.4598728226551347,0.6263836309466871,1.5653760723207517,0.7559188815320739
519,1.8428741351702451,0.3094339976020192,1.5653760723207517,0.7563012489555174
520,1.4584436941831582,0.6211262472164634,1.5619744041867922,0.7559168838165552
521,1.8579439797989619,0.3198944204468464,1.5619744041867922,0.7562706497623981
522,1.4580830800118039,0.6153365475322015,1.5575883864881754,0.7559148122284979
523,1.8729108307210165,0.3313237826741321,1.5575883864881754,0.7562403296616912
524,1.4587930891445653,0.609020845337892,1.5522258124343555,0.7559126824943933
525,1.8877230633781295,0.3435857264924137,1.5522258124343555,0.7562104184564268
526,1.4605695647818264,0.6021860727178037,1.54589626535685,0.7559105094699777
527,1.9023307598178316,0.35655186102217684,1.54589626535685,0.7561810343702684
528,1.4634021392640513,0.5948397871498249,1.5386111378276095,0.7559083071307044
529,1.916685790634792,0.3701032718835624,1.5386111378276095,0.7561522843128669
530,1.4672743700994384,0.5869901798876527,1.530383654797427,0.7559060885672825
531,1.9307418823863687,0.3841310908069201,1.530383654797427,0.7561242641817033
532,1.472163952755259,0.5786460863249683,1.5212289010162197,0.7559038659859356
533,1.9444546722879579,0.39853641705985776,1.5212289010162197,0.7560970591962757
534,1.4780430035899201,0.5698169987697057,1.5111638530389873,0.7559016507130292
535,1.9577817518700777,0.4132298309567558,1.5111638530389873,0.7560707442606317
536,1.4848784043804935,0.5605130821486063,1.5002074161630303,0.755899453203718
537,1.97068270114429,0.4281306802026989,1.5002074161630303,0.7560453843503878
538,1.4926321984496782,0.5507451932760058,1.4883804666829488,0.7558972830542836
539,1.9831191146854694,0.44316626559579636,1.4883804666829488,0.7560210349205384
540,1.5012620274682502,0.5405249044620538,1.475705899889107,0.7558951490178215
541,1.995054620898471,0.4582710089476631,1.475705899889107,0.7559977423305226
542,1.5107215976139272,0.5298645324118787,1.4622086842711814,0.755893059022953
543,2.006454895601598,0.47338565365177204,1.4622086842711814,0.7559755442831888
544,1.5209611638766878,0.5187771735884179,1.4479159224192122,0.7558910201952554
545,2.0172876709300804,0.48845652566548214,1.4479159224192122,0.7559544702744638
546,1.5319280218538653,0.5072767474905284,1.4328569191375673,0.7558890388810903
547,2.027522740441804,0.5034348676396987,1.4328569191375673,0.755934542050723
548,1.5435669972932637,0.49537804965139803,1.4170632572987918,0.7558871206735482
549,2.0371319611958145,0.518276249465838,1.4170632572987918,0.7559157740710238
550,1.5558209248241228,0.4830968166122787,1.400568881959778,0.7558852704402138
551,2.0460892534722013,0.5329400529063534,1.400568881959778,0.7558981739715577
552,1.5686311086661555,0.4704498057023414,1.3834101932357847,0.7558834923524913
553,2.054370598709899,0.5473890249390542,1.3834101932357847,0.7558817430298564
554,1.5819377595335844,0.4574548931956053,1.3656261483705523,0.7558817899162157
555,2.0619540361565427,0.5615888930506464,1.3656261483705523,0.7558664766264576
556,1.595680403372921,0.4441311953716681,1.3472583733428345,0.7558801660033192
557,2.0688196586512433,0.5755080353251165,1.3472583733428345,0.7558523647019249
558,1.6097982589242756,0.430499218246276,1.3283512841980551,0.7558786228843016
559,2.074949607896526,0.5891171983653802,1.3283512841980551,0.7558393922072967
560,1.6242305823271537,0.4165810433507641,1.3089522180722284,0.7558771622612998
561,2.080328069518866,0.602389256589931,1.3089522180722284,0.7558275395461956
562,1.6389169780706723,0.40240055904505,1.289111573563654,0.7558757853015348
563,2.0849412681675803,0.6152990070904835,1.289111573563654,0.7558167830070197
564,1.6537976764977058,0.38798374960316245,1.2688829596817959,0.7558744926709504
565,2.088777462858493,0.6278229949199159,1.2688829596817959,0.7558070951837873
566,1.6688137788083495,0.3733590579149118,1.2483233520330672,0.7558732845678618
567,2.0918269427309655,0.6399393643441413,1.2483233520330672,0.7557984453843759
568,1.683907471075918,0.3585578423567688,1.2274932541561419,0.7558721607564438
569,2.094082023353817,0.6516277322064554,1.2274932541561419,0.7557908000250503
570,1.6990222092014065,0.3436149545072268,1.2064568609566888,0.7558711205999045
571,2.0955370436866185,0.6628690801049065,1.2064568609566888,0.7557841230103185
572,1.7141028770074567,0.3285694722601997,1.1852822199720336,0.7558701630932058
573,2.096188363777012,0.6736456625688452,1.1852822199720336,0.755778376097309
574,1.7290959198302873,0.3134656328424019,1.164041384678677,0.7558692868951967
575,2.0960343632514733,0.6839409288421916,1.164041384678677,0.7557735192439847
576,1.7439494560283637,0.29835402240579534,1.1428105522028298,0.7558684903600502
577,2.0950754406355516,0.6937394562431654,1.1428105522028298,0.755769510940653
578,1.7586133688095864,0.28329309285751086,1.1216701755805703,0.7558677715678932
579,2.093314013519395,0.7030268933795435,1.1216701755805703,0.7557663085243537
580,1.7730393807028426,0.2683510907698708,1.1007050381369858,0.7558671283545376
581,2.0907545195647113,0.7117899117615665,1.1007050381369858,0.7557638684758088
582,1.7871811128810113,0.25360849325256807,1.080004274647291,0.7558665583402335
583,2.087403418329514,0.7200161645777043,1.080004274647291,0.7557621466987472
584,1.8009941313948241,0.23916104183231499,1.0596613207996184,0.7558660589573729
585,2.08326919386639,0.727694251587447,1.0596613207996184,0.7557610987815089
586,1.814435982211783,0.2251234277873442,1.039773769272995,0.7558656274770847
587,2.0783623580280146,0.7348136892452838,1.039773769272995,0.7557606802409329
588,1.8274662167808622,0.21163357365182148,1.0204431077577518,0.7558652610346661
589,2.072695454389443,0.7413648853055813,1.0204431077577518,0.7557608467486123
590,1.8400464096690496,0.19885721222496974,1.0017743118962872,0.7558649566538169
591,2.0662830626697355,0.747339117273096,1.0017743118962872,0.7557615543397002
592,1.8521401696452824,0.18699199460590632,0.9838752649772902,0.7558647112696399
593,2.0591418035049176,0.7527285141616566,0.9838752649772902,0.7557627596045078
594,1.8637131454248124,0.1762695711573121,0.9668559769905347,0.7558645217503841
595,2.051290343389434,0.7575260411070097,0.9668559769905347,0.7557644198632072
596,1.87473302713499,0.16695300429291185,0.9508275791639226,0.7558643849179185
597,2.042749399563385,0.7617254864512858,0.9508275791639226,0.7557664933240195
598,1.8851695444234873,0.1593258755585823,0.9359010771979238,0.7558642975669272
599,2.03354174457707,0.765321450978111,0.9359010771979238,0.7557689392253195
600,1.8949944620027555,0.1536696185853179,0.9221858577843678,0.7558642564828205
601,2.0236922102120154,0.7683093390307176,0.9221858577843678,0.7557717179621312
602,1.9041815733102596,0.15022860161307686,0.9097879589864438,0.7558642584583771
603,2.013227690377872,0.7706853512920268,0.9097879589864438,0.755774791197543
604,1.91270669286239,0.14916904164851882,0.8988081353806838,0.7558643003091176
605,2.0021771425366337,0.7564735550598849,0.8988081353806838,0.755778121959596
606,1.9205476477903742,0.15054508560404994,0.889339772357671,0.7558643788874346
607,1.9905715871288685,0.7423541458788042,0.889339772357671,0.755781674724241
608,1.92768426896817,0.15428669272729978,0.8814667284503879,0.7558644910954977
609,1.9784441043905163,0.7286361121277699,0.8814667284503879,0.7557854154849736
610,1.9340983820743172,0.1602152087311509,0.8752612068252236,0.7558646338969578
611,1.9658298278529072,0.7153941515867799,0.8752612068252236,0.7557893118097917
612,1.9397737988710424,0.1680791214878052,0.8707817733040193,0.755864804327487
613,1.9527659337128869,0.7027049659329178,0.8707817733040193,0.7557933328861208
614,1.944696308933572,0.17759497113855593,0.8680716446741031,0.7558649995041796
615,1.93929162514457,0.6906466951262645,0.8680716446741031,0.7557974495543807
616,1.9488536720196141,0.1884808444698358,0.867157364676217,0.7558652166338606
617,1.9254481104998895,0.679298192825402,0.867157364676217,0.7558016343308572
618,1.9522356112323296,0.2004773771384828,0.8680479648245257,0.755865453020331
619,1.911278574213237,0.6687381317339728,0.8680479648245257,0.7558058614205639
620,1.9548338070989635,0.21335734148659113,0.8707346744040055,0.7558657060706014
621,1.8968281390880257,0.6590439360083141,0.8707346744040055,0.7558101067207577
622,1.956641892660699,0.22692743411486327,0.8751912023690498,0.7558659733001527
623,1.8821438185030983,0.6502905492959663,0.8751912023690498,0.755814347815797
624,1.9576554496465042,0.2410258056382006,0.8813745690472264,0.7558662523372689
625,1.8672744569386093,0.6425490613802989,0.8813745690472264,0.7558185639639898
626,1.9578720057838768,0.2555178232430305,0.8892264238431223,0.755866540926494
627,1.8522706570898706,0.6358852329127604,0.8892264238431223,0.755822736077106
628,1.9572910332818123,0.27029149980675793,0.898674752172104,0.7558668369312519
629,1.8371846917205434,0.6303579747389122,0.898674752172104,0.7558268466931795
630,1.955913948505266,0.28525328027510793,0.9096358544251527,0.7558671383356884
631,1.8220703983121083,0.6260178536153671,0.9096358544251527,0.7558308799432508
632,1.9537441128451651,0.3003244415428005,0.9220164732051981,0.7558674432457764
633,1.8069830545050307,0.6229057070034718,0.9220164732051981,0.7558348215126449
634,1.9507868347730204,0.3154381409553223,0.9357159513003006,0.7558677498897307
635,1.7919792323103856,0.6210514534961341,0.9357159513003006,0.7558386585973931
636,1.947049373053662,0.3305370520669927,0.9506283189783199,0.7558680566177922
637,1.7771166291124436,0.6204731803402096,0.9506283189783199,0.7558423798563682
638,1.942540941072967,0.34557149475718,0.96664423139558,0.7558683619014177
639,1.7624538735974877,0.6211765747913058,0.96664423139558,0.7558459753596843
640,1.9372727122189028,0.3604979656297943,0.9836527013767891,0.7558686643319297
641,1.7480503049472154,0.6231547426928267,0.9836527013767891,0.7558494365339028
642,1.9312578262331115,0.37527798560065495,1.0015425963506335,0.7558689626186718
643,1.7339657239414767,0.6263884284073901,1.0015425963506335,0.7558527561045453
644,1.9245113964258178,0.38987719590070175,1.020203888604329,0.7558692555867104
645,1.720260115038484,0.6308466189880204,1.020203888604329,0.7558559280363972
646,1.9170505176182666,0.40426464753171715,1.0395286640751795,0.755869542174134
647,1.7069933390517154,0.6364874866275788,1.0395286640751795,0.7558589474720658
648,1.908894274643346,0.41841224109319863,1.0594119063329976,0.7558698214289946
649,1.6942247967277884,0.6432596008204506,1.0594119063329976,0.7558618106692268
650,1.9000637511956344,0.4322942835666792,1.0797520795569129,0.7558700925059197
651,1.6820130643482702,0.6481457667993975,1.0797520795569129,0.7558645149369605
652,1.8905820387758738,0.445887136273326,1.1004517370498652,0.7558703546624538
653,1.6703977835904993,0.636321077883573,1.1004517370498652,0.7562474050458301
654,1.8804742454208452,0.4591689341394148,1.1214189584522036,0.7558706072551548
655,1.6594588503398306,0.6240753794756266,1.1214189584522036,0.756289368411968
656,1.8697675038468125,0.4721193609531667,1.1425728994678683,0.7558708497354858
657,1.6491802958183177,0.6113996389839969,1.1425728994678683,0.7593762662579118
658,1.8584909785620904,0.48471946877683,1.1638171129595185,0.7558710816455421
659,1.6397294676543748,0.5983637857894016,1.1638171129595185,0.7565466038761043
660,1.8466758714209275,0.49695153233716355,1.1850711092570985,0.7558713026136412
661,1.6311137492994243,0.5849782323154472,1.1850711092570985,0.756693583616883
662,1.8343554249958964,0.5087989312508624,1.2062612532056343,0.7558715123498096
663,1.6233607110152477,0.5712609936813129,1.2062612532056343,0.7569378866651713
664,1.8215649230386435,0.5202460544996395,1.227315854740423,0.7558717106411992
665,1.6165111063978517,0.5572393624549841,1.227315854740423,0.7571634497348773
666,1.8083416871786882,0.5312782227674093,1.2481670514892333,0.755871897347455
667,1.6106021168523919,0.5429431201278196,1.2481670514892333,0.757366174907805
668,1.794725068876859,0.5418816251762082,1.2687526829981193,0.755872072396071
669,1.605663167130505,0.5284017316791113,1.2687526829981193,0.7576323808935629
670,1.7807564355043484,0.532430050698549,1.289009397957361,0.7558722357777425
671,1.60172734816415,0.5136545266824474,1.289009397957361,0.7577776254424402
672,1.7664791492612983,0.5217454829541778,1.3088810925266303,0.7558723875417571
673,1.598815009273844,0.4987381516809354,1.3088810925266303,0.7578754690872205
674,1.7519385374822714,0.5119700610668566,1.3283144267102829,0.7558725277914278
675,1.596942352807606,0.4836936584115372,1.3283144267102829,0.7580030535702476
676,1.7371818527030225,0.5031935084138369,1.3472591795302724,0.7558726566795965
677,1.5961200672374447,0.46856614191703205,1.3472591795302724,0.7581126061770108
678,1.7222582206881079,0.49550179758396845,1.3656680190097004,0.7558727744042266
679,1.596353152471751,0.45340535358979417,1.3656680190097004,0.7582030916165274
680,1.7072185744481647,0.4889748633467204,1.3834965091504667,0.7558728812040905
681,1.5976406506755827,0.43826611280191974,1.3834965091504667,0.7582753946382492
682,1.692115572117263,0.4836841624275226,1.4007029880931472,0.7558729773545791
683,1.5999756517489294,0.4232089897199585,1.4007029880931472,0.7583304950149719
684,1.6770034964246874,0.4796902250972676,1.4172484495036792,0.7558730631636313
685,1.6033453789652732,0.40830107072425426,1.4172484495036792,0.7583693876297276
686,1.6619381333944878,0.47704037700379115,1.4330964331030278,0.7558731389678094
687,1.6077313448954547,0.3936167837480577,1.4330964331030278,0.758393073764709
688,1.6469766278549918,0.47576682392891373,1.4482129244447508,0.7558732051285173
689,1.6131095728240328,0.37923875182111083,1.4482129244447508,0.758402555655696
690,1.6321773133564423,0.4758852797910177,1.4625662636451426,0.755873262028374
691,1.619450877380959,0.3652586185320555,1.4625662636451426,0.7583988315502075
692,1.6175995141970791,0.4773942767677865,1.4761270626586427,0.7558733100677543
693,1.6267211966989978,0.3517777537174418,1.4761270626586427,0.7583828911514287
694,1.6033033174666405,0.48027523031307323,1.488868130630178,0.7558733496614862
695,1.634881967370455,0.33890770039535734,1.488868130630178,0.7583557114362454
696,1.5893493133518783,0.48449325212677696,1.5007644068260895,0.7558733812357338
697,1.6438905328524662,0.3267701660465701,1.5007644068260895,0.7583182528390424
698,1.5757983024303086,0.48999862573951924,1.5117929006378703,0.7558734052250405
699,1.6537005757570422,0.31549629944508273,1.5117929006378703,0.758271455792195
700,1.562710969321785,0.4967287968438601,1.5219326381619271,0.7558734220695588
701,1.664262564632343,0.3052249440938612,1.5219326381619271,0.7582162376133679
702,1.5501475228825536,0.5046106938874151,1.5311646148791969,0.7558734322124487
703,1.6755242063458577,0.29609954902172825,1.5311646148791969,0.7581534897289869
704,1.5381673041146289,0.5135631869464762,1.5394717539871652,0.7558734360974598
705,1.6874308959544517,0.28826348708222954,1.5394717539871652,0.7580840752226029
706,1.5268283641148144,0.5234995110315578,1.5468388699709101,0.7558734341666833
707,1.6999261569187551,0.2818537216432788,1.5468388699709101,0.7580088266962717
708,1.5161870156785706,0.5343295157192876,1.5532526370372965,0.75587342685848
709,1.712952065617202,0.27699309429401625,1.5532526370372965,0.7579285444325763
710,1.5062973635643775,0.5459616468035838,1.5587015620759404,0.7558734146055817
711,1.7264496552693742,0.2737819419468886,1.5587015620759404,0.7578439948444864
712,1.497210819857371,0.5583046090328676,1.563175961851058,0.7558733978333568
713,1.7403592955288452,0.2722901724592279,1.563175961851058,0.7577559091998822
714,1.488975612273671,0.5712686960645117,1.5666679441691342,0.7558733769582421
715,1.7546210451029762,0.27255114994843704,1.5666679441691342,0.7576649826072718
716,1.4816362945319634,0.5847668015859436,1.569171392808078,0.7558733523863361
717,1.7691749757637778,0.27455859727107945,1.569171392808078,0.7575718732490168
718,1.4752332689907584,0.5987151436566736,1.5706819560339558,0.7558733245121437
719,1.7839614670047517,0.27826717792952604,1.5706819560339558,0.7574772018482049
720,1.4698023325106258,0.6130337438732567,1.57119703857136,0.7558732937174744
721,1.7989214713593227,0.2835966311585746,1.57119703857136,0.7573815513552062
722,1.4653742568601344,0.627646705885926,1.5707157969330816,0.7558732603704823
723,1.8139967510223287,0.2904385928485956,1.5707157969330816,0.7572854668399214
724,1.4619744148686469,0.6305141001210436,1.5692391380539725,0.7558732248248469
725,1.8291300869099103,0.2986648054852704,1.5692391380539725,0.7571894555757303
726,1.4596224628919274,0.6257253867802143,1.5667697212129257,0.7558731874190833
727,1.8442654616634684,0.3081354011925493,1.5667697212129257,0.7570939873012297
728,1.4583320889860252,0.6203993137273691,1.563311963265879,0.7558731484759814
729,1.859348218362436,0.3187062460848441,1.563311963265879,0.756999494645974
730,1.4581108345098595,0.6145416624203208,1.5588720472518003,0.7558731083021625
731,1.874325196872815,0.3302347772625699,1.5588720472518003,0.7569063737065986
732,1.4589599947675442,0.6081588281305824,1.5534579344729302,0.7558730671877509
733,1.889144849839065,0.3425841763751595,1.5534579344729302,0.7568149847599429
734,1.460874601865898,0.6012578255171132,1.5470793801902387,0.7558730254061482
735,1.9037573403410775,0.3556260127364112,1.5470793801902387,0.7567256531000356
736,1.4638434903386424,0.5938462955720363,1.5397479531151508,0.7558729832139109
737,1.91811462319987,0.36924163866408005,1.5397479531151508,0.7566386699861328
738,1.467849443431844,0.5859325142373712,1.5314770589191418,0.7558729408507185
739,1.9321705118380978,0.3833226598595055,1.5314770589191418,0.7565542936893356
740,1.4728694154137196,0.5775254030547906,1.5222819680236694,0.7558728985394289
741,1.9458807324957712,0.39777077723453363,1.5222819680236694,0.7564727506256916
742,1.4788748230127073,0.5686345422873811,1.512179847973822,0.75587285648621
743,1.9592029674772289,0.41249724038357655,1.512179847973822,0.7563942365641042
744,1.4858318972223872,0.5592701870470032,1.5011898007396347,0.7558728148807505
745,1.9720968889702406,0.4274220909868672,1.5011898007396347,0.7563189178978196
746,1.4937020853269758,0.5494432870777975,1.4893329053284852,0.7558727738965313
747,1.9845241848384472,0.4424733193499012,1.4893329053284852,0.7562469329687044
748,1.5024424921427626,0.5391655109917163,1.4766322661293418,0.7558727336911595
749,1.9964485776489793,0.45758601364740736,1.4766322661293418,0.7561783934340471
750,1.5120063491435616,0.5284492759334823,1.4631130674434032,0.7558726944067569
751,2.007835838061722,0.47270154944887893,1.4631130674434032,0.7561133856660899
752,1.522343500308987,0.5173077838802608,1.4488026346837908,0.755872656170397
753,2.0186537935778484,0.48776684500563033,1.4488026346837908,0.7560519721750392
754,1.5334008941396104,0.5057550660688449,1.4337305027466791,0.755872619094582
755,2.0288723335246877,0.5027336932953461,1.4337305027466791,0.7559941930468225
756,1.5451230722380485,0.493806037407695,1.417928492063838,0.7558725832777604
757,2.0384634110427253,0.517558172822391,1.417928492063838,0.7559400673874034
758,1.5574526460639628,0.4814765631956719,1.401430792837173,0.7558725488048736
759,2.0474010427390836,0.5322001339384621,1.401430792837173,0.7558895947660007
760,1.570330754836226,0.4687835410639651,1.3842740579230697,0.7558725157479314
761,2.0556613065801894,0.5466227546915882,1.3842740579230697,0.7558427566501211
762,1.5836974989857808,0.455745001822644,1.3664975047700116,0.7558724841666048
763,2.0632223385143837,0.5607921590209461,1.3664975047700116,0.7557995178258358
764,1.5974923449786693,0.44238023388153586,1.348143026706568,0.7558724541088445
765,2.0700643282423585,0.574677089870642,1.348143026706568,0.7557598277972847
766,1.6116544986665178,0.4287099371972899,1.3292553137152512,0.7558724256115026
767,2.076169514489037,0.5882486300897906,1.3292553137152512,0.7557236221599316
768,1.626123245534623,0.4147564143679411,1.3098819825944694,0.7558723987009701
769,2.0815221800740473,0.6014799645588643,1.3098819825944694,0.7556908239425975
770,1.6408382572753724,0.4005438086763831,1.290073716085734,0.7558723733938171
771,2.0861086470285697,0.6143461776729625,1.290073716085734,0.7556613449138317
772,1.6557398650017516,0.3860984017363057,1.2698844101018836,0.755872349697434
773,2.0899172719632184,0.6268240810263703,1.2698844101018836,0.7556350868486723
774,1.670769300129208,0.3714489871265535,1.249371327605648,0.7558723276106718
775,2.0929384418540464,0.6388920668264925,1.249371327605648,0.7556119427523345
776,1.6858689045009727,0.3566273412742073,1.2285952569227845,0.7558723071244771
777,2.0951645703808586,0.6505299831920122,1.2285952569227845,0.7555917980378323
778,1.7009823117257163,0.34166881917707476,1.2076206712931807,0.755872288222521
779,2.096590094923107,0.6617190280489766,1.2076206712931807,0.7555745316549964
780,1.7160546019550942,0.32661311068760096,1.1865158852269237,0.7558722708818152
781,2.097211474292965,0.6724416588276562,1.1865158852269237,0.755560017168769
782,1.7310324324723978,0.3115052033188196,1.1653532017012074,0.7558722550733179
783,2.097027187261962,0.6826815155858057,1.1653532017012074,0.7555481237850931
784,1.7458641465127112,0.296396609974756,1.1442090423742042,0.7558722407625241
785,2.0960377319162693,0.6924233555462438,1.1442090423742042,0.7555387173230687
786,1.7604998627093462,0.2813469341561234,1.1231640507826037,0.7558722279100386
787,2.0942456258554905,0.7016529973452679,1.1231640507826037,0.7555316611324591
788,1.7748915474789848,0.2664258591629298,1.1023031559333494,0.7558722164721338
789,2.091655407230146,0.7103572735503099,1.1023031559333494,0.755526816955939
790,1.7889930725347132,0.2517156567665515,1.0817155808391727,0.7558722064012847
791,2.0882736365931702,0.7185239902269585,1.0817155808391727,0.7555240457358292
792,1.802760259565605,0.2373143040238103,1.06149477748284,0.755872197646686
793,2.084108899520092,0.7261418925229894,1.06149477748284,0.7555232083653508
794,1.8161509139547596,0.22333925267095112,1.0417382666099446,0.755872190154744
795,2.079171809930393,0.7332006353956184,1.0417382666099446,0.7555241663847128
796,1.8291248492337235,0.2099317735740371,1.022547357936434,0.755872183869551
797,2.0734750140182587,0.7396907587424049,1.022547357936434,0.7555267826226095
798,1.8416439037968382,0.19726153164624946,1.0040267242378242,0.7558721787333316
799,2.0670331946737415,0.7456036663100127,1.0040267242378242,0.7555309217839409
800,1.8536719512294242,0.1855305399985485,0.9862838019300401,0.7558721746868671
801,2.059863076244633,0.7509316078517165,0.9862838019300401,0.7555364509847694
802,1.865174905442418,0.17497481014698762,0.9694279918610406,0.7558721716698967
803,2.0519834294542454,0.7556676640869878,0.9694279918610406,0.7555432402357327
804,1.8761207216555693,0.16586090798721087,0.9535696379044992,0.7558721696214921
805,2.0434150762501684,0.7598057340870744,0.9535696379044992,0.7555511628753068
806,1.8864793941329367,0.1584737017677398,0.9388187683757008,0.7558721684804108
807,2.034180894312998,0.7633405247712612,0.9388187683757008,0.7555600959544422
808,1.8962229514489204,0.15309202649573284,0.9252835969097787,0.755872168185422
809,2.024305820901364,0.7662675422511481,0.9252835969097787,0.755569920574259
810,1.9053254499504528,0.14995245122608622,0.9130687955106658,0.7558721686756104
811,2.013816855649422,0.7685830848063075,0.9130687955106658,0.7555805221785775
812,1.9137629659809559,0.1492082492863529,0.9022735726227445,0.7558721698906543
813,2.0027430618646758,0.7594321102664818,0.9022735726227445,0.7555917908031693
814,1.9215135873435918,0.15089756479585217,0.8929896120591856,0.755872171771082
815,1.9911155657968167,0.7453289609576874,0.8929896120591856,0.7556036212836788
816,1.9285574044044045,0.1549348357621681,0.8852989522115301,0.7558721742585038
817,1.9789675532617377,0.7316293557798259,0.8852989522115301,0.7556159134242512
818,1.9348765011691957,0.16112966771459836,0.8792719060177029,0.7558721772958232
819,1.9663342629085867,0.7184079401782352,0.8792719060177029,0.755628572128929
820,1.9404549466104608,0.16922414795435925,0.8749651369783883,0.7558721808274225
821,1.953252975311568,0.7057413205791897,0.8749651369783883,0.7556415074979178
822,1.9452787864713554,0.17893336455457687,0.8724200114844257,0.7558721847993335
823,1.9397629969525034,0.6937074947302565,0.8724200114844257,0.7556546348908552
824,1.9493360357315703,0.18997740550655687,0.8716613402066229,0.7558721891593794
825,1.9259056380355817,0.6823851242744298,0.8716613402066229,0.7556678749592021
826,1.9526166718841012,0.2021007310515644,0.8726966004524618,0.7558721938573055
827,1.911724182943673,0.6718526390069597,0.8726966004524618,0.7556811536498964
828,1.9551126291413967,0.21508052914529532,0.8755156986887511,0.7558721988448847
829,1.8972638520081573,0.6621871705074708,0.8755156986887511,0.7556944021823735
830,1.9568177936633,0.22872776897907887,0.8800912916651915,0.7558722040760074
831,1.8825717531244945,0.6534633242253146,0.8800912916651915,0.7557075570010484
832,1.9577279998768213,0.24288438534730566,0.8863796412374141,0.7558722095067549
833,1.8676968216079604,0.6457518133568458,0.8863796412374141,0.7557205597053148
834,1.9578410279382692,0.25741893592225273,0.8943219381201387,0.7558722150954572
835,1.8526897465536027,0.6391179941139703,0.8943219381201387,0.7557333569590783
836,1.9571566023709042,0.2722220493732725,0.9038459986964907,0.755872220802731
837,1.8376028818485637,0.6336203586690285,0.9038459986964907,0.7557459003817913
838,1.9556763918953879,0.28720228302774525,0.9148682201427115,0.7558722265915077
839,1.822490139892119,0.6293090569517802,0.9148682201427115,0.7557581464229007
840,1.953404010455149,0.3022826077229319,0.9272956736087018,0.7558722324270485
841,1.807406866019428,0.6262245289589531,0.9272956736087018,0.7557700562215747
842,1.9503450194237324,0.3173975369649517,0.9410282218565611,0.7558722382769433
843,1.79240969161113,0.6243963327758532,0.9410282218565611,0.7557815954534809
844,1.9465069309655982,0.3324908322071645,0.9559605637560148,0.7558722441111
845,1.777556363916049,0.6238422482353149,0.9559605637560148,0.7557927341663552
846,1.9418992125049384,0.34751368998720167,0.971984129700096,0.7558722499017235
847,1.762905550733098,0.6245677214447022,0.971984129700096,0.7558034466059937
848,1.9365332922382723,0.3624233178347669,0.9889887756834481,0.755872255623283
849,1.7485166183062304,0.6265656923287392,0.9889887756834481,0.7558137110342558
850,1.9304225656050822,0.37718181763589154,1.0068642464557513,0.7558722612524741
851,1.7344493810979205,0.6298168185340656,1.0068642464557513,0.7558235095405661
852,1.9235824026058086,0.39175530954496834,1.0255013977455556,0.7558722667681687
853,1.7207638225356596,0.6342900783829265,1.0255013977455556,0.7558328278483369
854,1.9160301558273682,0.4061132431422271,1.0447931829509223,0.7558722721513594
855,1.7075197863828935,0.6399437073097382,1.0447931829509223,0.7558416551176474
856,1.9077851690020868,0.4202278541316784,1.0646354206512314,0.7558722773850972
857,1.694776639076603,0.6467264001109163,1.0646354206512314,0.7558499837454389
858,1.89886878588569,0.4340737342631285,1.0849273661393224,0.7558722824544262
859,1.6825929041976793,0.6449039069543406,1.0849273661393224,0.7558578091643966
860,1.8893043591928045,0.4476274895502368,1.1055723436808795,0.7558722873463068
861,1.6710050706935906,0.6330493000517018,1.1055723436808795,0.7563117472375456
862,1.8791172592733205,0.4608674675792014,1.1264792117226983,0.7558722920495445
863,1.6600995568311259,0.6207766151399127,1.1264792117226983,0.7566054758885898
864,1.868334882148927,0.4737735390972163,1.147557944337338,0.755872296554703
865,1.6499256081927642,0.6081062719070027,1.147557944337338,0.7560783288709171
866,1.8569866564551858,0.48632692243103126,1.168723746224074,0.7558723008540271
867,1.6405304724609724,0.5950597645728148,1.168723746224074,0.7561349564217318
868,1.8451040487496828,0.4985100418541213,1.1898969707794587,0.755872304941354
869,1.6319587983613706,0.5816596927126875,1.1898969707794587,0.7562082486831136
870,1.8327205665502282,0.5103064129851058,1.2110019439510256,0.7558723088120282
871,1.6242552104597043,0.5679317638655133,1.2110019439510256,0.7562753692571969
872,1.8198717583580934,0.5217005498056936,1.2319670590436465,0.7558723124628118
873,1.6174606091534898,0.553903723034349,1.2319670590436465,0.7563355788739307
874,1.806595209799423,0.5326778890443105,1.252724661637907,0.7558723158917972
875,1.6116116189863607,0.5396055131378423,1.252724661637907,0.7563890540177398
876,1.7929305348832116,0.542397345617497,1.273213258798584,0.7558723190983184
877,1.6067363510746553,0.5250661214982482,1.273213258798584,0.7565425418593471
878,1.7789193612270526,0.5309960116720472,1.2933685578027083,0.755872322082863
879,1.6028690994297854,0.5103267841182358,1.2933685578027083,0.756501579173877
880,1.7646053079434314,0.5204242849340356,1.3131354661151042,0.7558723248469841
881,1.6000281385309776,0.4954232286106662,1.3131354661151042,0.7565449846090757
882,1.7500339547117618,0.5107734883257775,1.3324608767482033,0.755872327393214
883,1.5982290559811456,0.4803968259204636,1.3324608767482033,0.7565852835345844
884,1.735252800387875,0.5021329790158116,1.3512946173946603,0.7558723297249792
885,1.5974820703445614,0.4652932871417205,1.3512946173946603,0.7566192172393227
886,1.720311209327955,0.4945880792242191,1.369589541518919,0.7558723318465193
887,1.5977915093402693,0.4501628653924815,1.369589541518919,0.7566469534790721
888,1.7052603434343103,0.4882177626019588,1.3873014021748942,0.7558723337628036
889,1.599155742294327,0.4350609651545089,1.3873014021748942,0.7566688062939773
890,1.6901530777742089,0.4830922039167583,1.4043887246322648,0.755872335479455
891,1.6015672000679628,0.4200488448510754,1.4043887246322648,0.7566851008583322
892,1.6750438974907644,0.4792703421412631,1.4208126878664926,0.7558723370026713
893,1.6050124677932613,0.4051943938233156,1.4208126878664926,0.7566961660734791
894,1.6599887736294072,0.4767976384947821,1.436537015410699,0.7558723383391545
895,1.60947244716174,0.39057296668129343,1.436537015410699,0.7567023324700851
896,1.645045015460031,0.475704222132922,1.4515278754354588,0.7558723394960376
897,1.6149225835545344,0.3762682409980693,1.4515278754354588,0.7567039304511153
898,1.630271096900948,0.47600360004517395,1.4657537897515371,0.7558723404808216
899,1.6213331516050702,0.36237303811051347,1.4657537897515371,0.7567012886727018
900,1.615726454765605,0.4776920626710917,1.4791855513297585,0.7558723413013062
901,1.6286695914021465,0.34899000970129884,1.4791855513297585,0.7566947325530283
902,1.6014712567770037,0.4807488481356718,1.4917961498723733,0.7558723419655332
903,1.636892886545656,0.3362320437251862,1.4917961498723733,0.7566845829066915
904,1.587566137648311,0.48513704758029785,1.5035607049407302,0.7558723424817259
905,1.6459599746843043,0.3242221838486866,1.5035607049407302,0.7566711547019418
906,1.5740719020299763,0.49080515696651356,1.5144564061368384,0.7558723428582368
907,1.6558241809904557,0.31309279451197597,1.5144564061368384,0.7566547559377831
908,1.5610491937889184,0.4976891211287341,1.5244624598454386,0.7558723431034957
909,1.6664356652313377,0.3029836563001771,1.5244624598454386,0.7566356866376075
910,1.548558131923006,0.505714682988597,1.5335600420637767,0.7558723432259615
911,1.6777418736275123,0.2940386735687325,1.5335600420637767,0.7566142379557146
912,1.5366579144242791,0.5147998469946076,1.5417322568748693,0.7558723432340794
913,1.689687987483936,0.2864009595259933,1.5417322568748693,0.7565906913928044
914,1.5254063925755867,0.5248572867848104,1.5489641001539989,0.7558723431362405
915,1.7022173615641571,0.280206274195554,1.5489641001539989,0.7565653181162997
916,1.5148596194717414,0.5357965643973421,1.5552424281355235,0.7558723429407413
917,1.71527194628168,0.2755751424052319,1.5552424281355235,0.7565383783811634
918,1.5050713779558398,0.5475260725302975,1.5605559305064614,0.755872342655753
919,1.7287926889363319,0.27260442494944936,1.5605559305064614,0.7565101210466983
920,1.4960926945950408,0.5599546541756629,1.5648951077336466,0.7558723422892877
921,1.7427199103683504,0.2713595251589629,1.5648951077336466,0.7564807831847055
922,1.4879713477126253,0.5729928899223273,1.5682522523719997,0.7558723418491708
923,1.7569936544906588,0.27186859578534095,1.5682522523719997,0.756450589774255
924,1.4807513787561677,0.586554069763418,1.570621434142085,0.755872341343017
925,1.7715540091543742,0.274119909670829,1.570621434142085,0.7564197534782647
926,1.4744726173185891,0.6005548831477215,1.5719984886054907,0.7558723407782074
927,1.786341397679807,0.278062961083068,1.5719984886054907,0.7563884744970318
928,1.4691702308424874,0.6149158695857561,1.5723810093065096,0.7558723401618688
929,1.8012968411318708,0.28361305767618367,1.5723810093065096,0.7563569404938314
930,1.464874310339584,0.6295616743431407,1.5717683432881702,0.7558723395008603
931,1.8163621920309785,0.29065844644089056,1.5717683432881702,0.7563253265877227
932,1.461609503275816,0.6299229663065103,1.5701615899299048,0.7558723388017553
933,1.831480340671531,0.2990686408232129,1.5701615899299048,0.7562937954087022
934,1.4593947040660085,0.6250642152787695,1.5675636030931874,0.7558723380708325
935,1.8465953955789374,0.30870265195462404,1.5675636030931874,0.7562624972104101
936,1.4582428113835841,0.6196688195421165,1.5639789966004731,0.7558723373140656
937,1.8616528398851797,0.3194161656095373,1.5639789966004731,0.7562315700356504
938,1.4581605597545197,0.6137426399877203,1.5594141531118608,0.7558723365371152
939,1.8765996655567598,0.3310671577893832,1.5594141531118608,0.7562011399300792
940,1.4591484307461808,0.6072921519746689,1.5538772365032327,0.755872335745326
941,1.8913844874826942,0.3435198433041417,1.5538772365032327,0.7561713211994944
942,1.461200646593359,0.6003244510667997,1.5473782078893086,0.7558723349437216
943,1.9059576394390774,0.3566471218985027,1.5473782078893086,0.7561422167063075
944,1.4643052464666069,0.5928472601771759,1.5399288454751399,0.7558723341370043
945,1.9202712539046427,0.37033181841754764,1.5399288454751399,0.7561139182008723
946,1.4684442429384665,0.5848689384267451,1.5315427684600451,0.7558723333295546
947,1.934279327621442,0.3844670411686122,1.5315427684600451,0.756086506683507
948,1.4735938536992124,0.5763984920883178,1.5222354652587102,0.7558723325254343
949,1.9479377746872348,0.39895594939422313,1.5222354652587102,0.7560600527931853
950,1.4797248013594446,0.5674455880660423,1.5120243263448971,0.7558723317283883
951,1.9612044688408414,0.41371116199627955,1.5120243263448971,0.7560346172190355
952,1.4868026723698327,0.5580205704577738,1.5009286820633907,0.7558723309418507
953,1.9740392764661976,0.42865397773552366,1.5009286820633907,0.7560102511309524
954,1.4947883247701026,0.5481344808679987,1.4889698457947853,0.7558723301689512
955,1.9864040817013027,0.4437135232517448,1.4889698457947853,0.7559869966257942
956,1.5036383336905201,0.5377990832885221,1.4761711628943095,0.7558723294125195
957,1.9982628048994229,0.4588259031701131,1.4761711628943095,0.7559648871858226
958,1.5133054632690717,0.5270268945510254,1.4625580658586301,0.7558723286750966
959,2.009581415555279,0.47393339603690277,1.4625580658586301,0.7559439481462202
960,1.523739153878814,0.5158312215904144,1.4481581362012774,0.7558723279589404
961,2.0203279406810557,0.48898371893680354,1.4481581362012774,0.7559241971687011
962,1.5348860142156309,0.5042262070542873,1.433001173535148,0.7558723272660379
963,2.030472469497529,0.5039293700717539,1.433001173535148,0.7559056447184291
964,1.5466903087901216,0.4922268851699532,1.417119272365629,0.7558723265981137
965,2.039987155195422,0.5187270502348883,1.417119272365629,0.7558882945416244
966,1.5590944326020215,0.47984925025992337,1.4005469070851595,0.7558723259566403
967,2.0488462144217063,0.5333371593249576,1.4005469070851595,0.7558721441414448
968,1.5720393661542102,0.4671103409110634,1.3833210256230202,0.7558723253428518
969,2.0570259250549783,0.5477233615833828,1.3833210256230202,0.7558571852498968
970,1.5854651053959574,0.4540283435931843,1.3654811521342745,0.7558723247577539
971,2.0645046227530406,0.5618522122316532,1.3654811521342745,0.7558434042937311
972,1.599311062594099,0.44062272054486024,1.3470694989984535,0.7558723242021345
973,2.071262696683898,0.5756928380555931,1.3470694989984535,0.7558307828524375
974,1.613516435454724,0.4269143680708507,1.3281310882281596,0.7558723236765779
975,2.077282584787895,0.5892166648421282,1.3281310882281596,0.7558192981066445
976,1.628020543012016,0.4129258131235474,1.3087138821435857,0.7558723231814763
977,2.0825487688630493,0.6023971851808168,1.3087138821435857,0.7558089232753983
978,1.6427631278369237,0.39868145829816304,1.2888689228303485,0.7558723227170416
979,2.0870477697168948,0.6152097608478443,1.2888689228303485,0.7557996280409575
980,1.657684624982759,0.38420788832493025,1.26865047944033,0.7558723222833181
981,2.090768142585635,0.6276314547071181,1.26865047944033,0.7557913789599083
982,1.6727263987761487,0.36953425500624676,1.24811620178912,0.7558723218801937
983,2.0937004729843114,0.6396408877434656,1.24811620178912,0.7557841398595544
984,1.687830949087841,0.3546927625912887,1.227327277915586,0.7558723215074129
985,2.0958373731192173,0.6512181174629833,1.227327277915586,0.7557778722186942
986,1.7029420890930373,0.33971928212512115,1.2063485922617985,0.7558723211645886
987,2.0971734789652294,0.6623445344462114,1.2063485922617985,0.7557725355320339
988,1.7180050967734997,0.3246541316990324,1.185248879865703,0.7558723208512144
989,2.097705448085278,0.673002774320417,1.185248879865703,0.7557680876576249
990,1.7329668425439393,0.3095430700555526,1.1641008703963363,0.7558723205666739
991,2.097431958246223,0.6831766428318395,1.1641008703963363,0.7557644851468438
992,1.7477758954235785,0.2944385637122159,1.142981413969988,0.7558723203102542
993,2.096353706864173,0.6928510520534628,1.142981413969988,0.7557616835565549
994,1.762382610139812,0.27940140204287583,1.1219715784475683,0.7558723200811543
995,2.0944734112921575,0.7020119660657131,1.1219715784475683,0.755759637743218
996,1.7767391974623914,0.26450274843683347,1.1011567053361058,0.7558723198784968
997,2.0917958099433642,0.7106463547034254,1.1011567053361058,0.7557583021387942
998,1.7907997799390716,0.2498267233404956,1.0806264085496053,0.7558723197013388
999,2.088327664223233,0.7187421541789792,1.0806264085496053,0.7557576310084287
1000,1.8045204350504145,0.23547360486115615,1.0604744972362496,0.7558723195486786
1001,2.0840777612228765,0.7262882335745996,1.0604744972362496,0.7557575786899627
1002,1.817859227633337,0.2215636810632054,1.0407988008451583,0.7558723194194685
1003,2.079056917103966,0.7332743663516185,1.0407988008451583,0.755758099815419
1004,1.8307762332485829,0.20824165174705378,1.0217008718915233,0.75587231931262
1005,2.07327798108061,0.7396912061554966,1.0217008718915233,0.7557591495146944
1006,1.8432335539932851,0.19568118509259283,1.0032855399211287,0.755872319227015
1007,2.066755839876249,0.745530266306478,1.0032855399211287,0.7557606836017521
1008,1.8551953280910594,0.18408868944267448,0.9856602895538434,0.7558723191615127
1009,2.0595074225024286,0.7507839024601496,0.9856602895538434,0.7557626587436743
1010,1.8666277344320654,0.173704484689472,0.9689344369114667,0.7558723191149562
1011,2.051551705170712,0.7554452980026959,0.9689344369114667,0.7557650326130085
1012,1.8774989930864705,0.16479843578162248,0.9532180830003614,0.755872319086179
1013,2.0429097161082934,0.7595084518146171,0.9532180830003614,0.7557677640238681
1014,1.8877793626780368,0.15765628051355685,0.9386208304959132,0.7558723190740131
1015,2.033604540001145,0.7629681680960915,0.9386208304959132,0.7557708130523202
1016,1.8974411353807241,0.15255362183154952,0.9252502624532898,0.7558723190772952
1017,2.0236613217351063,0.7658200479986991,0.9252502624532898,0.7557741411416126
1018,1.9064586301902502,0.14971849897151346,0.9132101979333078,0.7558723190948692
1019,2.0131072690443825,0.7680604828533002,0.9132101979333078,0.7557777111928464
1020,1.914808185024123,0.14929066221949902,0.9025987599158567,0.755872319125594
1021,2.0019716536077103,0.7592063167484581,0.9025987599158567,0.7557814876417029
1022,1.9224681481170824,0.1512920823044662,0.8935063138334637,0.7558723191683483
1023,1.9902858100543472,0.7451365255165268,0.8935063138334637,0.7557854365218873
1024,1.929418869103322,0.15562199499917095,0.8860133582696252,0.7558723192220328
1025,1.9780831322545307,0.7314776754791551,0.8860133582696252,0.7557895255159428
1026,1.9356426901113755,0.16207891327749516,0.8801884696317323,0.755872319285575
1027,1.9653990661717415,0.7183045825976059,0.8801884696317323,0.7557937239941246
1028,1.9411239371411417,0.17039922722215461,0.8760864162467676,0.7558723193579328
1029,1.9522710984469984,0.7056939656334948,0.8760864162467676,0.7557980030420157
1030,1.9458489119441738,0.1802971259004022,0.8737465608567091,0.7558723194380971
1031,1.9387387397687645,0.6937238618900767,0.8737465608567091,0.7558023354775817
1032,1.9498058845871127,0.19149503257144865,0.87319166147559,0.7558723195250948
1033,1.9248435019566668,0.6824728843979452,0.87319166147559,0.7558066958583618
1034,1.9529850868430145,0.20374137755141342,0.8744271584277534,0.7558723196179898
1035,1.9106288675545664,0.6720193107704217,0.8744271584277534,0.7558110604794825
1036,1.9553787065254327,0.2168177860918464,0.8774410018578774,0.7558723197158868
1037,1.8961402505907494,0.6624400024755612,0.8774410018578774,0.7558154073631896
1038,1.9569808828545807,0.23053945632797918,0.8822040330746612,0.7558723198179313
1039,1.8814249470233544,0.6538091649096037,0.8822040330746612,0.7558197162405704
1040,1.9577877029229287,0.24475203763379663,0.8886708903004049,0.7558723199233105
1041,1.8665320732519113,0.6461969730906126,0.8886708903004049,0.755823968526139
1042,1.9577971993084047,0.25932720461510284,0.8967813706873904,0.7558723200312556
1043,1.8515124909467506,0.6396681040830124,0.8967813706873904,0.7558281472859365
1044,1.957009348866236,0.2741581345443649,0.9064621508957067,0.7558723201410417
1045,1.8364187163341938,0.6342802337802992,0.9064621508957067,0.7558322371997803
1046,1.955426072714704,0.2891554399718633,0.9176287512902208,0.7558723202519886
1047,1.8213048119856983,0.6300825701572025,0.9176287512902208,0.75583622451829
1048,1.9530512374149922,0.304243738899597,0.9301876247416663,0.7558723203634594
1049,1.8062262591040281,0.6271145049466309,0.9301876247416663,0.7558400970152775
1050,1.9498906573302157,0.31935886353359366,0.9440382587429688,0.7558723204748626
1051,1.7912398082911953,0.6254044684191425,0.9440382587429688,0.7558438439360969
1052,1.9459520981329865,0.33444563357825774,0.9590751961421159,0.7558723205856501
1053,1.7764033068351084,0.6249690657892429,0.9590751961421159,0.7558474559424879
1054,1.941245281413775,0.3494560988980973,0.9751899015948051,0.7558723206953176
1055,1.761775500679235,0.6258125582878296,0.9751899015948051,0.7558509250544664
1056,1.9357818903231976,0.36434815962188555,0.9922724242908066,0.7558723208034037
1057,1.747415809457474,0.627926728311216,0.9922724242908066,0.7558542445897541
1058,1.9295755761594648,0.3790844842012938,1.0102128297105284,0.755872320909488
1059,1.7333840732996266,0.6312911390717918,1.0102128297105284,0.7558574091012374
1060,1.9226419657867915,0.3936316603674234,1.0289023921715474,0.7558723210131921
1061,1.7197402705546287,0.6358737687409698,1.0289023921715474,0.7558604143129073
1062,1.9149986697407781,0.40795952731241564,1.0482345547390115,0.7558723211141759
1063,1.706544206149183,0.6416319714103881,1.0482345547390115,0.7558632570547146
1064,1.9066652908417985,0.4220406487324294,1.0681056735084986,0.7558723212121394
1065,1.6938551710039618,0.6485136959291112,1.0681056735084986,0.7558659351967393
1066,1.8976634330963162,0.4358498954808915,1.0884155696929467,0.7558723213068194
1067,1.6817315737666245,0.6428121279261181,1.0884155696929467,0.7558684475830557
1068,1.8880167106179095,0.4493641137333551,1.1090683285413763,0.7558723213979875
1069,1.670205877184785,0.6309097862803373,1.1090683285413763,0.7564010809861955
1070,1.8777507562435563,0.4625618600971506,1.129973214572485,0.7558723214854505
1071,1.6593734319679823,0.6185935400500199,1.129973214572485,0.7562942851381336
1072,1.8668932294554832,0.4754231893439211,1.1510404859614367,0.755872321569047
1073,1.6492781979874198,0.6058824469713273,1.1510404859614367,0.7560775198634414
1074,1.8554738231435672,0.4879294836889936,1.1721863114103748,0.7558723216486479
1075,1.6399650179017793,0.5927971202449597,1.1721863114103748,0.7561427263782043
1076,1.8435242686569675,0.5000633150216427,1.1933314659977727,0.7558723217241523
1077,1.6314800126334368,0.5793610130463208,1.1933314659977727,0.756212615589652
1078,1.8310783384955365,0.511808333387538,1.2144007768164755,0.7558723217954871
1079,1.6238674964487068,0.5656000398179192,1.2144007768164755,0.7562761035245881
1080,1.8181718458809064,0.5231491764795491,1.2353231224620036,0.7558723218626063
1081,1.6171679460286912,0.5515421428922224,1.2353231224620036,0.756332926130378
1082,1.804842640323631,0.5340713960124804,1.256031309358635,0.7558723219254869
1083,1.6114175179209314,0.5372174856603538,1.256031309358635,0.756383276387933
1084,1.7911305981663468,0.5408738974330847,1.2764647743485527,0.7558723219841299
1085,1.6066430820045756,0.5226546030830089,1.2764647743485527,0.7565551222943757
1086,1.7770776069342016,0.5295750622886152,1.2965587749536864,0.7558723220385567
1087,1.6028798089974017,0.5078962739493164,1.2965587749536864,0.7564952634976833
1088,1.7627275421640334,0.5191177334247202,1.3162589502780024,0.7558723220888076
1089,1.6001447686533388,0.49297803185884576,1.3162589502780024,0.7565380318270318
1090,1.7481262352152274,0.5095930850191696,1.3355126168302027,0.7558723221349418
1091,1.5984528820425805,0.4779415451769699,1.3355126168302027,0.7565784580449169
1092,1.7333214303912354,0.5010900733849049,1.3542699537415563,0.7558723221770328
1093,1.5978137656274078,0.462832954874295,1.3542699537415563,0.7566125711570643
1094,1.7183627295262942,0.4936933315495208,1.3724841451183434,0.7558723222151705
1095,1.5982311400972822,0.44770301526288503,1.3724841451183434,0.7566405076001304
1096,1.703301522023504,0.48748083085389454,1.390111257690856,0.755872322249457
1097,1.5997027673285957,0.4326077113913618,1.390111257690856,0.7566625778129903
1098,1.688190898176728,0.4825214230824851,1.4071101151129064,0.7558723222800057
1099,1.6022204776299402,0.41760897320772744,1.4071101151129064,0.7566791045846888
1100,1.673085543480535,0.47887241812655423,1.4234421809629425,0.7558723223069408
1101,1.6057702696955312,0.402775464058258,1.4234421809629425,0.7566904145761769
1102,1.6580416115427885,0.4765773815106627,1.4390714510181608,0.7558723223303947
1103,1.6103324797030183,0.38818342497141706,1.4390714510181608,0.756696836182568
1104,1.6431165731790425,0.47566434402155194,1.453964354662903,0.7558723223505089
1105,1.61588201465481,0.37391753838857633,1.453964354662903,0.7566986977771947
1106,1.6283690393043306,0.4761445957435389,1.4680896651231452,0.7558723223674279
1107,1.6223886433993109,0.3600717475727457,1.4680896651231452,0.75669632609455
1108,1.6138585553657756,0.47801218824178954,1.4814184181216543,0.7558723223813048
1109,1.6298173374237546,0.3467499292749648,1.4814184181216543,0.756690044740622
1110,1.5996453652991083,0.4812441977171641,1.4939238384912084,0.7558723223922948
1111,1.6381286525563903,0.33406626638672204,1.4939238384912084,0.7566801728280914
1112,1.5857901433639787,0.48580172108377206,1.5055812742554697,0.7558723224005552
1113,1.647279142175328,0.3221451064346162,1.5055812742554697,0.7566670237338
1114,1.572353692735226,0.49163150136323336,1.5163681376810334,0.7558723224062471
1115,1.6572217923872727,0.3111200293881921,1.5163681376810334,0.7566509039755385
1116,1.5593966104145585,0.4986680222755801,1.5262638528138306,0.7558723224095326
1117,1.6679064698791473,0.30113180310387017,1.5262638528138306,0.7566321122048532
1118,1.546978918887362,0.5068358828337364,1.5352498090339968,0.755872322410571
1119,1.679280373706665,0.2923249086799751,1.5352498090339968,0.7566109383122721
1120,1.5351596659814026,0.5160522624725065,1.5433093201919508,0.7558723224095227
1121,1.6912884831005213,0.28484241378271286,1.5433093201919508,0.7565876626410759
1122,1.523996495574768,0.5262293108328864,1.550427588922335,0.7558723224065478
1123,1.7038739943707784,0.2788191999685832,1.550427588922335,0.7565625553055092
1124,1.5135451931216266,0.5372763350697669,1.5565916757696003,0.7558723224018028
1125,1.716978741100951,0.27437392008415157,1.5565916757696003,0.7565358756091314
1126,1.5038592113720552,0.549101701966031,1.5617904727981533,0.7558723223954431
1127,1.7305435929781312,0.27160051737234053,1.5617904727981533,0.7565078715588418
1128,1.494989183095057,0.5616144143162608,1.5660146814000613,0.7558723223876193
1129,1.7445088297460094,0.270560536738587,1.5660146814000613,0.7564787794699764
1130,1.4869824289948452,0.574725355876963,1.5692567940537305,0.755872322378477
1131,1.7588144878469076,0.2712776061454714,1.5692567940537305,0.7564488236577774
1132,1.4798824702496751,0.5883482244403409,1.5715110798273533,0.7558723223681572
1133,1.7734006783021035,0.2737352133184238,1.5715110798273533,0.7564182162104606
1134,1.4737285561028908,0.602400188315936,1.5727735734609984,0.7558723223567986
1135,1.7882078752438189,0.27787826104479796,1.5727735734609984,0.7563871568390497
1136,1.4685552176007128,0.6168023091325984,1.5730420679009165,0.7558723223445334
1137,1.8031771752451013,0.283618061536329,1.5730420679009165,0.756355832799139
1138,1.464391858813561,0.6314797754257718,1.5723161101989898,0.7558723223314907
1139,1.8182505281922388,0.29083973536913194,1.5723161101989898,0.7563244188797342
1140,1.4612623966299125,0.6293228176962009,1.5705970007292809,0.7558723223177913
1141,1.8333709409124834,0.29941065061441885,1.5705970007292809,0.7562930774543529
1142,1.459184959435617,0.6243941033496956,1.5678877957125286,0.7558723223035518
1143,1.8484826551169007,0.3091886206990032,1.5678877957125286,0.7562619585896129
1144,1.4581716536856726,0.618929470464994,1.56419331307826,0.7558723222888832
1145,1.8635313014569395,0.32002894769728707,1.56419331307826,0.7562312002065924
1146,1.4582284055792956,0.612934859408055,1.559520141733152,0.7558723222738896
1147,1.8784640316384027,0.33178985601106914,1.559520141733152,0.7562009282903329
1148,1.4593548828432774,0.6064168256872503,1.5538766543434541,0.755872322258669
1149,1.8932296306031522,0.34433625358284664,1.5538766543434541,0.7561712571429655
1150,1.4615444991299493,0.5993825458575601,1.5472730237788488,0.7558723222433158
1151,1.907778610792053,0.3575420121816034,1.5472730237788488,0.7561422896760205
1152,1.4647845008882483,0.591839824868983,1.5397212434050154,0.7558723222279158
1153,1.9220632904562684,0.3712910754098334,1.5397212434050154,0.7561141177376522
1154,1.4690561339269876,0.5837971051733758,1.5312351514524727,0.7558723222125501
1155,1.936037857900554,0.38547772025631144,1.5312351514524727,0.7560868224706088
1156,1.4743348844153852,0.5752634779702351,1.5218304597297172,0.7558723221972911
1157,1.9496584234326098,0.4000062589675533,1.5218304597297172,0.7560604746969497
1158,1.4805907868985089,0.5662486970530993,1.5115247869890447,0.7558723221822075
1159,1.9628830606659258,0.4147904069699342,1.5115247869890447,0.7560351353256576
1160,1.4877887901579547,0.556763195818157,1.5003376972931723,0.7558723221673596
1161,1.9756718386874768,0.42975248053521026,1.5003376972931723,0.7560108557794639
1162,1.4958891704971928,0.5468181081203308,1.4882907437690807,0.7558723221528044
1163,1.9879868464620407,0.4448225349095622,1.4882907437690807,0.7559876784373764
1164,1.504847981311656,0.5364252938159944,1.4754075181712538,0.7558723221385917
1165,1.9997922107064194,0.45993751277529055,1.4754075181712538,0.7559656370895698
1166,1.5146175276102236,0.5255973700239491,1.4617137067080455,0.7558723221247665
1167,2.011054108332875,0.47504044357383174,1.4617137067080455,0.7559447574014836
1168,1.5251468544454,0.5143477493782341,1.447237152610051,0.7558723221113682
1169,2.021740774434001,0.49007971430991715,1.447237152610051,0.7559250573841585
1170,1.5363822389143014,0.5026906868519766,1.4320079259351401,0.755872322098434
1171,2.031822506662695,0.505008419635088,1.4320079259351401,0.7559065478680176
1172,1.5482676764229042,0.4906413371195291,1.4160584011071726,0.7558723220859944
1173,2.041271666751701,0.5197837912046103,1.4160584011071726,0.7558892329774913
1174,1.5607453531647892,0.47821582491915904,1.3994233426692408,0.7558723220740736
1175,2.0500626798178234,0.5343667018888583,1.3994233426692408,0.7558731106040691
1176,1.573756098156122,0.46543133151312177,1.3821399996907233,0.7558723220626938
1177,2.058172032006338,0.5487212382076377,1.3821399996907233,0.7558581728755408
1178,1.5872398096022098,0.4523062011591161,1.364248209191879,0.7558723220518698
1179,2.0655782669510727,0.5628143335132496,1.364248209191879,0.7558444066193744
1180,1.6011358517721024,0.43886007256410425,1.345790508829092,0.7558723220416153
1181,2.0722619814546173,0.5766154544175485,1.345790508829092,0.755831793818362
1182,1.61538341986688,0.4251140416641116,1.3268122589044073,0.7558723220319372
1183,2.0782058207304535,0.5900963333771291,1.3268122589044073,0.7558203120568234
1184,1.629921871542097,0.4110908638624029,1.307361773507529,0.7558723220228419
1185,2.0833944734938807,0.6032307409905566,1.307361773507529,0.7558099349558496
1186,1.6446910247590898,0.39681520619572924,1.2874904602460446,0.7558723220143313
1187,2.087814667140508,0.6159942922832322,1.2874904602460446,0.7558006325962214
1188,1.6596314224816635,0.3823139629569096,1.2672529675452076,0.7558723220064051
1189,2.091455163209195,0.6283642819783248,1.2672529675452076,0.7557923719278038
1190,1.6746845654039475,0.36761665230346985,1.2467073378725444,0.755872321999061
1191,2.094306753289682,0.6403195444323309,1.2467073378725444,0.7557851171643648
1192,1.6897931144007803,0.3527559166023249,1.2259151644312036,0.7558723219922924
1193,2.096362255503137,0.6518403345302599,1.2259151644312036,0.7557788301629352
1194,1.704901064748843,0.3377681560250201,1.2049417478319981,0.7558723219860902
1195,2.0976165116555974,0.6629082263808013,1.2049417478319981,0.7557734707869459
1196,1.7199538943936137,0.3226943335612875,1.1838562479588357,0.755872321980443
1197,2.0980663851391363,0.6735060271265426,1.1838562479588357,0.75576899725253
1198,1.7348986886543751,0.30758100043486,1.1627318246484426,0.7558723219753379
1199,2.0977107596328075,0.683617703592974,1.1627318246484426,0.755765366457511
1200,1.7496842437874611,0.2924816038755698,1.1416457588830202,0.7558723219707598
1201,2.096550538634342,0.6932283198491501,1.1416457588830202,0.7557625342926986
1202,1.764261151785897,0.2774581535687096,1.1206795439289778,0.7558723219666922
1203,2.0945886458334813,0.7023239840496371,1.1206795439289778,0.7557604559352541
1204,1.7785818686992112,0.2625833364078948,1.0999189332587462,0.7558723219631177
1205,2.0918300263181595,0.7108918031787896,1.0999189332587462,0.7557590861239818
1206,1.792600768625662,0.2479431754038702,1.0794539292215186,0.7558723219600175
1207,2.088281648584731,0.7189198445309997,1.0794539292215186,0.7557583794165046
1208,1.8062741853734021,0.23364031476475788,1.0593786934018754,0.7558723219573719
1209,2.0839525073024983,0.7263971029402249,1.0593786934018754,0.7557582904283806
1210,1.8195604436177104,0.2197979535813827,1.039791356629026,0.7558723219551594
1211,2.0788536267602407,0.7333134729239545,1.039791356629026,0.7557587740542991
1212,1.832419881206753,0.20656429863313594,1.0207937039921713,0.75587232195336
1213,2.072998064897573,0.739659725035258,1.0207937039921713,0.7557597856715752
1214,1.8448148640947475,0.19411708740113348,1.0024907084300907,0.7558723219519525
1215,2.0664009177961016,0.7454274858254946,1.0024907084300907,0.7557612813262342
1216,1.8567097952136642,0.18266714730685304,0.9849898860867432,0.7558723219509167
1217,2.0590793244737515,0.7506092209128564,0.9849898860867432,0.7557632179020485
1218,1.8680711184358854,0.17245903852049074,0.9684004483753927,0.7558723219502307
1219,2.0510524717895655,0.755198220730901,0.9684004483753927,0.7557655532729349
1220,1.8788673186328146,0.163765699453129,0.9528322303570146,0.7558723219498719
1221,2.0423415992249585,0.7591885885989247,0.9528322303570146,0.7557682464391875
1222,1.8890689186993457,0.15687329862245625,0.9383943833622673,0.7558723219498177
1223,2.032970003260057,0.7625752308143676,0.9383943833622673,0.7557712576480599
1224,1.8986484742919616,0.15205356486155086,0.9251938323113443,0.7558723219500459
1225,2.0229630410095805,0.7653538485180699,0.9251938323113443,0.7557745484992496
1226,1.9075805669189323,0.14952529952730487,0.9133335150247307,0.7558723219505346
1227,2.0123481327209647,0.7675209311275412,0.9133335150247307,0.7557780820358755
1228,1.915841795924238,0.14941421212981398,0.9029104414069122,0.7558723219512619
1229,2.001154762667349,0.7589470234661508,0.9029104414069122,0.7557818228215694
1230,1.9234107698217442,0.15172601236064723,0.8940136332771612,0.7558723219522067
1231,1.989414477889007,0.7449145648079778,0.8940136332771612,0.7557857370043173
1232,1.9302680973619477,0.1563451204824943,0.8867220284028324,0.7558723219533485
1233,1.9771608841483228,0.7313002581326029,0.8867220284028324,0.7557897923677185
1234,1.936396378649372,0.16305963018956293,0.8811024517191977,0.7558723219546667
1235,1.9644296383650943,0.7181790846475612,0.8811024517191977,0.7557939583703308
1236,1.9417801965733685,0.17160092242720187,0.8772077691497367,0.7558723219561417
1237,1.9512584366909047,0.7056278690483676,0.8772077691497367,0.7557982061737882
1238,1.9464061087677214,0.1816828039477766,0.8750753415182362,0.755872321957755
1239,1.9376869972637034,0.6937246807078327,0.8750753415182362,0.7558025086603853
1240,1.9502626402740477,0.19303032930307784,0.874725885552504,0.7558723219594877
1241,1.9237570365576193,0.6825480756146377,0.874725885552504,0.7558068404408107
1242,1.953340277049587,0.20539601456888099,0.8761628256031813,0.7558723219613229
1243,1.9095122381097582,0.6721761700857783,0.8761628256031813,0.7558111778527226
1244,1.9556314604306972,0.21856592416023884,0.8793721854354644,0.7558723219632437
1245,1.8949982122676783,0.6626855460721993,0.8793721854354644,0.7558154989508522
1246,1.9571305826383505,0.23235942970558507,0.8843230284532859,0.7558723219652349
1247,1.8802624454616883,0.654149999757188,0.8843230284532859,0.7558197834893093
1248,1.9578339833903424,0.2466258190921985,0.8909684125558044,0.7558723219672802
1249,1.8653542373695107,0.6466391597381667,0.8909684125558044,0.7558240128967475
1250,1.9577399476660713,0.2612398070330922,0.8992467883254097,0.7558723219693665
1251,1.8503246242130242,0.6402170173847166,0.8992467883254097,0.7558281702450528
1252,1.9568487046528058,0.2760970507162694,0.9090837412343787,0.75587232197148
1253,1.8352262863151185,0.6349404282893292,0.9090837412343787,0.7558322402121751
1254,1.9551624278867379,0.2911101601888858,0.9203939629286844,0.7558723219736088
1255,1.8201134379580786,0.6308576577825543,0.9203939629286844,0.7558362090397303
1256,1.9526852365870464,0.30620535373325575,0.9330833339713539,0.7558723219757403
1257,1.8050416975341568,0.628007052672545,0.9330833339713539,0.7558400644859665
1258,1.949423198166085,0.3213197448979458,0.9470510091552468,0.7558723219778645
1259,1.790067935976313,0.6264159232722951,0.9470510091552468,0.7558437957746691
1260,1.9453843318829018,0.3363991821757317,0.9621914136161382,0.755872321979971
1261,1.7752501015164064,0.6260997127588462,0.9621914136161382,0.7558473935405607
1262,1.9405786135900143,0.3513965456316435,0.9783960798649154,0.7558723219820511
1263,1.760647018954154,0.6270615146632559,0.9783960798649154,0.7558508497717225
1264,1.935017981503887,0.36627040986343834,0.9955552790452671,0.7558723219840962
1265,1.7463181618482289,0.6292919751571667,0.9955552790452671,0.7558541577495499
1266,1.9287163429072745,0.38098399566119745,1.0135594214406622,0.7558723219860993
1267,1.7323233963756541,0.6327695876787699,1.0135594214406622,0.7558573119867101
1268,1.921689581665615,0.39550434714141325,1.0323002196751652,0.7558723219880521
1269,1.7187226960601623,0.6374613572708215,1.0323002196751652,0.7558603081635752
1270,1.9139555664092665,0.4098016842762307,1.0516716222869535,0.7558723219899502
1271,1.7055758271541475,0.6433237849538135,1.0516716222869535,0.7558631430635413
1272,1.9055341591976445,0.42384889175799056,1.0715705352776266,0.755872321991788
1273,1.6929420051769497,0.6503041020317597,1.0715705352776266,0.7558658145076448
1274,1.8964472244393558,0.43762111398017195,1.0918973552563702,0.7558723219935602
1275,1.6808795239621752,0.6407216048636166,1.0918973552563702,0.7558683212888561
1276,1.886718637793286,0.4510954328381842,1.1125569772326047,0.7558723219952633
1277,1.6694167978265806,0.6287716500907152,1.1125569772326047,0.7564852587388705
1278,1.8763742947182553,0.4642506104001814,1.1334590015792634,0.7558723219968945
1279,1.6586578912584806,0.6164118910197208,1.1334590015792634,0.7564342046680188
1280,1.8654421182723604,0.47706688259821245,1.1545143932809132,0.7558723219984504
1281,1.6486393959489305,0.6036589854206265,1.1545143932809132,0.7561041012717008
1282,1.8539520656864275,0.4895257932244464,1.1756397275371897,0.7558723219999293
1283,1.639408511736613,0.5905347078261667,1.1756397275371897,0.7561715519883724
1284,1.8419361331482014,0.5016100599123295,1.1967563872675313,0.755872322001329
1285,1.6310103444997566,0.5770623853139109,1.1967563872675313,0.7562477312156777
1286,1.8294283581341777,0.5133034656152092,1.217789722823874,0.7558723220026484
1287,1.6234888121149933,0.5632680950236141,1.217789722823874,0.7563170480241552
1288,1.8164648185136714,0.5245907705008935,1.238669105496845,0.7558723220038879
1289,1.6168839782888202,0.5491799739677508,1.238669105496845,0.7563790740718106
1290,1.8030836275245168,0.535457640262859,1.2593278075280452,0.7558723220050441
1291,1.6112315472442411,0.5348284045635234,1.2593278075280452,0.7564340158821576
1292,1.7893249235817408,0.5393630651139347,1.2797061814165647,0.755872322006117
1293,1.6065572116690627,0.5202414956133784,1.2797061814165647,0.7566299592643349
1294,1.7752308537303034,0.5281682740819784,1.2997390667647728,0.7558723220071079
1295,1.6028969479125081,0.5054635163056552,1.2997390667647728,0.7565581267294226
1296,1.7608455493919475,0.5178268818552966,1.3193728248050605,0.7558723220080172
1297,1.600266679227262,0.4905298230515512,1.3193728248050605,0.7566054264163701
1298,1.7462150928867246,0.5084298834532462,1.338555193944101,0.7558723220088464
1299,1.5986806852482984,0.4754823812771219,1.338555193944101,0.7566503629223196
1300,1.731387473035451,0.500065798774583,1.3572367043908435,0.7558723220095976
1301,1.5981480010235851,0.46036775809595365,1.3572367043908435,0.7566883242858988
1302,1.7164125279752611,0.49281853210820853,1.3753708700635914,0.7558723220102732
1303,1.5986717613031978,0.4452372050433616,1.3753708700635914,0.7567194515603177
1304,1.7013418731534418,0.48676501086693696,1.3929140700816918,0.7558723220108748
1305,1.600249142010364,0.4301472838983958,1.3929140700816918,0.7567440868450374
1306,1.6862288123136702,0.4819727227900435,1.4098254248168658,0.7558723220114054
1307,1.6028713946003181,0.41516059273885825,1.4098254248168658,0.7567625863172096
1308,1.671128229164749,0.47849731131683804,1.4260666804753457,0.7558723220118674
1309,1.6065239530069142,0.4003465663187927,1.4260666804753457,0.7567753105226006
1310,1.6560964573384385,0.4763804158758482,1.441602102853797,0.7558723220122641
1311,1.6111866093184966,0.3857823306752344,1.441602102853797,0.7567826219974034
1312,1.6411911262158,0.4756479483964474,1.456398380127005,0.7558723220125972
1313,1.6168337531006343,0.37155357327455046,1.456398380127005,0.7567848833249504
1314,1.6264709802486554,0.4763089735986493,1.4704245343572835,0.7558723220128708
1315,1.6234346676552858,0.35775536131528424,1.4704245343572835,0.7567824553462505
1316,1.6119956695439255,0.4783553086476385,1.4836518413217346,0.755872322013088
1317,1.6309538751988655,0.34449280054428544,1.4836518413217346,0.7567756955111357
1318,1.5978255097343275,0.48176188474792836,1.496053758198756,0.7558723220132509
1319,1.639351522028567,0.3318813743057442,1.496053758198756,0.7567649563672098
1320,1.584021209549241,0.4864878321948508,1.5076058586290073,0.755872322013364
1321,1.6485837942469315,0.3200467401721317,1.5076058586290073,0.7567505841837466
1322,1.5706435650425548,0.49247817662268667,1.5182857746609624,0.7558723220134295
1323,1.658603354519289,0.30912369884685564,1.5182857746609624,0.7567329177072816
1324,1.5577531201437553,0.4996659809056728,1.5280731451014058,0.7558723220134503
1325,1.66935979061257,0.299254007339175,1.5280731451014058,0.75671228704528
1326,1.545409794081381,0.5079747419072017,1.536949569812352,0.7558723220134307
1327,1.680800067052975,0.29058271942660985,1.536949569812352,0.7566890126739091
1328,1.5336724772816255,0.5173208544827511,1.5448985695245403,0.7558723220133733
1329,1.6928689720774515,0.2832528452499009,1.5448985695245403,0.7566634045656678
1330,1.5225985985543162,0.5276159812367288,1.5519055507713786,0.755872322013281
1331,1.7055095530673787,0.27739836806086254,1.5519055507713786,0.7566357614323503
1332,1.5122436677138118,0.5387692065375644,1.5579577755841407,0.7558723220131572
1333,1.7186635347704233,0.2731360445307663,1.5579577755841407,0.7566063700786266
1334,1.5026607991971141,0.5506888978139007,1.5630443356280217,0.7558723220130047
1335,1.7322717157717744,0.2705568792299726,1.5630443356280217,0.7565755048613161
1336,1.4939002236722991,0.563284238605691,1.5671561304984338,0.7558723220128262
1337,1.7462743398118328,0.2697185506370988,1.5671561304984338,0.7565434272493096
1338,1.4860087959982036,0.5764664315045498,1.5702858499370238,0.7558723220126243
1339,1.7606114396180883,0.2706401764368523,1.5702858499370238,0.7565103854789557
1340,1.479029509110086,0.5901495930996747,1.5724279597669437,0.7558723220124026
1341,1.7752231518908117,0.2733005009979851,1.5724279597669437,0.756476614299663
1342,1.4730010243681573,0.6042513776210228,1.5735786913867018,0.7558723220121627
1343,1.7900500029334432,0.27763990213068124,1.5735786913867018,0.7564423348044051
1344,1.4679572295204963,0.6186933726917543,1.5737360347013392,0.755872322011908
1345,1.8050331651379385,0.2835657785425208,1.5737360347013392,0.7564077543397983
1346,1.4639268356137927,0.6331715489150985,1.5728997344087863,0.7558723220116401
1347,1.8201146851205232,0.29096020892358615,1.5728997344087863,0.7563730664904089
1348,1.4609330238704497,0.6287135517947324,1.571071289598071,0.7558723220113613
1349,1.835237684758933,0.2996884909546838,1.571071289598071,0.7563384511319913
1350,1.4589931527049596,0.6237149636629046,1.5682539566547253,0.7558723220110743
1351,1.8503465367180012,0.30960729753734056,1.5682539566547253,0.7563040745483817
1352,1.458118533679795,0.6181811934625346,1.5644527555073935,0.7558723220107809
1353,1.8653870162793453,0.3205715831130181,1.5644527555073935,0.7562700896068699
1354,1.45831428334632,0.6121182611129187,1.5596744792884274,0.7558723220104833
1355,1.8803064314276603,0.33243983636322944,1.5596744792884274,0.7562366359869276
1356,1.4595792556650962,0.6055328023701709,1.5539277075202864,0.7558723220101826
1357,1.895053733205963,0.34507765761582615,1.5539277075202864,0.7562038404573087
1358,1.46190605717338,0.5984320749031465,1.5472228229789093,0.7558723220098817
1359,1.9095796083499172,0.3583598778806737,1.5472228229789093,0.7561718171966415
1360,1.4652811444118343,0.5908239658510633,1.5395720324249684,0.7558723220095808
1361,1.9238365561609072,0.37217153915818835,1.5395720324249684,0.756140668152772
1362,1.4696850004958912,0.5827170011849117,1.5309893914339225,0.7558723220092821
1363,1.9377789514911303,0.3864080628900414,1.5309893914339225,0.7561104834362778
1364,1.4750923852754307,0.5741203572627946,1.521490833595969,0.7558723220089868
1365,1.9513630956024515,0.40097488898089634,1.521490833595969,0.756081341743718
1366,1.4814726514079066,0.5650438750526832,1.5110942043969249,0.7558723220086958
1367,1.964547256532969,0.4157868047667776,1.5110942043969249,0.7560533108063767
1368,1.4887901169836748,0.5554980775987687,1.49981930013027,0.7558723220084101
1369,1.9772917004686903,0.430767121258165,1.49981930013027,0.7560264478604195
1370,1.497004484159286,0.5454941914347914,1.4876879122281692,0.7558723220081316
1371,1.9895587154781054,0.4458468019451373,1.4876879122281692,0.7560008001345802
1372,1.5060712926045867,0.535044172806099,1.4747238774340707,0.7558723220078609
1373,2.001312628829346,0.4609636098104245,1.4747238774340707,0.7559764053516896
1374,1.5159423964418972,0.5241607397604118,1.4609531342697677,0.7558723220075979
1375,2.0125198189762803,0.476061310001226,1.4609531342697677,0.7559532922405507
1376,1.5265664537044132,0.5128574114165865,1.4464037862732757,0.7558723220073444
1377,2.023148723173646,0.49108894664669406,1.4464037862732757,0.7559314810548683
1378,1.5378894180933058,0.5011485560358474,1.4311061724974379,0.7558723220071001
1379,2.0331698415636685,0.5060002002053746,1.4311061724974379,0.7559109840961454
1380,1.5498550238785636,0.4890494499203311,1.4150929457587027,0.7558723220068659
1381,2.0425557384684336,0.5207528244406767,1.4150929457587027,0.7558918062376617
1382,1.5624052560698343,0.47657634967490065,1.3983991591056357,0.7558723220066424
1383,2.0512810415238776,0.5353081580674419,1.3983991591056357,0.7558739454468556
1384,1.5754807993844078,0.4637465810237488,1.3810623609304695,0.7558723220064301
1385,2.0593224392026723,0.5496307041389848,1.3810623609304695,0.7558573933036222
1386,1.5890214609728095,0.4505786482180373,1.3631226990654666,0.7558723220062283
1387,2.0666586771941584,0.5636877695554959,1.3631226990654666,0.7558421355122611
1388,1.6029665632546535,0.43709236916401917,1.3446230340777467,0.755872322006038
1389,2.073270554039292,0.5774491571401374,1.3446230340777467,0.7558281524049926
1390,1.6172553045111941,0.4233090428214762,1.325609061787391,0.7558723220058593
1391,2.0791409163567485,0.5908869032050738,1.325609061787391,0.7558154194351416
1392,1.6318270860361352,0.40925165727402213,1.3061294447666527,0.755872322005692
1393,2.084254653942075,0.603975054201146,1.3061294447666527,0.7558039076583111
1394,1.6466218056385185,0.3949451492930283,1.286235952211621,0.7558723220055357
1395,2.0885986949743556,0.616689476782166,1.286235952211621,0.7557935842000163
1396,1.6615801181107042,0.3804167293842406,1.265983607086338,0.7558723220053909
1397,2.0921620015234765,0.6290076963433161,1.265983607086338,0.755784412708454
1398,1.6766436639218307,0.36569629044906016,1.2454308387933184,0.7558723220052571
1399,2.094935565514963,0.6409087597731303,1.2454308387933184,0.755776353791235
1400,1.6917552678824672,0.3508169235939078,1.2246396387898366,0.7558723220051349
1401,2.096912405277704,0.6523731187715494,1.2246396387898366,0.7557693654350908
1402,1.7068591098650272,0.33581557161158476,1.2036757155091942,0.7558723220050233
1403,2.0980875627719784,0.6633825306269089,1.2036757155091942,0.7557634034077099
1404,1.7219008698759934,0.3207338595801888,1.182608643622267,0.7558723220049223
1405,2.098458101570308,0.6739199738138201,1.182608643622267,0.7557584216410113
1406,1.736827849880417,0.3056191531312528,1.1615120010511124,0.7558723220048311
1407,2.0980231056410608,0.6839695761769299,1.1615120010511124,0.7557543725953257
1408,1.7515890747969807,0.2905259081568216,1.1404634851954363,0.7558723220047502
1409,2.096783678963766,0.6935165538093608,1.1404634851954363,0.7557512076040509
1410,1.7661353750321458,0.2755173901453595,1.1195449975431886,0.755872322004679
1411,2.0947429459850895,0.7025471590265256,1.1195449975431886,0.7557488771985252
1412,1.7804194528218797,0.2606678541686251,1.0988426832260734,0.7558723220046167
1413,2.0919060529046964,0.7110486360830917,1.0988426832260734,0.7557473314129379
1414,1.7943959345141214,0.24606528109867992,1.0784469092123001,0.7558723220045637
1415,2.0882801697601776,0.7190091834896728,1.0784469092123001,0.7557465200692407
1416,1.808021410767086,0.2318147476644694,1.0584521618310188,0.7558723220045194
1417,2.0838744932590982,0.7264179219621898,1.0584521618310188,0.7557463930421038
1418,1.8212544664680235,0.21804243957062228,1.0389568414135948,0.7558723220044828
1419,2.078700250283488,0.733264867185861,1.0389568414135948,0.7557469005040753
1420,1.8340557020021708,0.2049001481364188,1.0200629293474148,0.7558723220044542
1421,2.0727707019669257,0.7395409067018494,1.0200629293474148,0.7557479931511772
1422,1.846387747328597,0.1925697427495604,1.0018755012318692,0.7558723220044324
1423,2.0661011482161813,0.7452377803314638,1.0018755012318692,0.7557496224092579
1424,1.8582152701529036,0.18126648504252227,0.9845020597047651,0.7558723220044179
1425,2.058708932517346,0.7503480636436612,0.9845020597047651,0.7557517406214918
1426,1.8695049793293999,0.17123909080689423,0.9680516625893387,0.7558723220044096
1427,2.050613446829831,0.7548651540491036,0.9680516625893387,0.7557543012174885
1428,1.8802256244794922,0.16276332114809347,0.9526338270730998,0.7558723220044069
1429,2.041836136329709,0.7587832591704811,0.9526338270730998,0.755757258864516
1430,1.8903479926796176,0.15612530750564316,0.938357199389475,0.7558723220044102
1431,2.0324005037158948,0.762097387196105,0.938357199389475,0.7557605696014151
1432,1.89984490295157,0.1515922433842029,0.9253279924213,0.7558723220044185
1433,2.022332112737752,0.7648033389735416,0.9253279924213,0.7557641909558153
1434,1.9086911991804498,0.1493729932701446,0.9136482108175782,0.7558723220044312
1435,2.011658590540156,0.7668977016436694,0.9136482108175782,0.7557680820452881
1436,1.9168637419901513,0.1495787534594003,0.9034137039528084,0.755872322004448
1437,2.0004096283511306,0.7588586160569788,0.9034137039528084,0.7557722036631433
1438,1.9243414000226946,0.1521989498818071,0.8947121098143626,0.7558723220044692
1439,1.9886169799572018,0.7448630179245677,0.8947121098143626,0.7557765183495525
1440,1.9311050409948463,0.1571036258057901,0.8876207751842148,0.7558723220044937
1441,1.976314457322198,0.7312925217818648,0.8876207751842148,0.7557809904487466
1442,1.9371375228424357,0.16407114573420933,0.8822047560156459,0.7558723220045211
1443,1.9635379226059477,0.7182222564424978,0.8822047560156459,0.7557855861530227
1444,1.942423685208552,0.17282855474798087,0.8785150130973431,0.7558723220045515
1445,1.9503252757303455,0.7057291345798321,0.8785150130973431,0.7557902735343165
1446,1.9469503414854041,0.18308976534517848,0.8765869187358837,0.7558723220045844
1447,1.9367164365218112,0.6938912399107822,0.8765869187358837,0.755795022564106
1448,1.950706271580049,0.19458273240689436,0.8764391782806623,0.7558723220046192
1449,1.922753320332292,0.6827870546089332,0.8764391782806623,0.7557998051224067
1450,1.9536822155405107,0.20706415473044962,0.8780732458106044,0.7558723220046554
1451,1.9084798059071684,0.6724945187782464,0.8780732458106044,0.7558045949966175
1452,1.9558708681501416,0.2203245273819464,0.881473278432857,0.7558723220046933
1453,1.8939416941301173,0.6630899228688772,0.881473278432857,0.7558093678709789
1454,1.9572668745735327,0.23418733557521743,0.8866066327113253,0.7558723220047326
1455,1.8791866561356032,0.65464664601513,0.8866066327113253,0.755814101307382
1456,1.9578668271161115,0.24850542862301914,0.8934248653233967,0.7558723220047725
1457,1.864264169143743,0.6472337679944764,0.8934248653233967,0.755818774718272
1458,1.957669263140978,0.2631564851745981,0.9018651638167954,0.7558723220048129
1459,1.8492254382458353,0.6409145987878543,0.9018651638167954,0.7558233693323543
1460,1.9566746641698274,0.2780385749458602,0.9118521068878632,0.755872322004854
1461,1.8341233022593395,0.6357451858248445,0.9118521068878632,0.7558278681538139
1462,1.9548854561792632,0.29306624917050816,0.9232996395376222,0.7558723220048945
1463,1.8190121216876658,0.6317728726071236,0.9232996395376222,0.7558322559157268
1464,1.9523060110888029,0.3081672808240156,0.9361131471012725,0.7558723220049357
1465,1.8039476467737097,0.6290349909377364,0.9361131471012725,0.7558365190283209
1466,1.9489426494216657,0.3232800285388723,0.9501915217784698,0.7558723220049761
1467,1.7889868636390422,0.6275577700926024,0.9501915217784698,0.7558406455227349
1468,1.9448036441034096,0.3383513410263135,0.965429132850254,0.7558723220050162
1469,1.7741878165670406,0.6273555384345599,0.965429132850254,0.7558446249908672
1470,1.9398992253459484,0.35333490613445623,0.9817176336671385,0.7558723220050556
1471,1.7596094046328374,0.6284302760312978,0.9817176336671385,0.7558484485219279
1472,1.9342415865446825,0.3681899553559061,0.9989475613671074,0.7558723220050942
1473,1.7453111511210508,0.6307715522760031,0.9989475613671074,0.7558521086362264
1474,1.9278448910937511,0.3828802480252479,1.0170097064897787,0.7558723220051322
1475,1.7313529445184297,0.6343568533164651,1.0170097064897787,0.7558555992167494
1476,1.9207252799979257,0.3973732737900854,1.0357962474876619,0.755872322005169
1477,1.7177947503355,0.6391522742392998,1.0357962474876619,0.7558589154390181
1478,1.9129008801286076,0.4116396248329416,1.0552016588013313,0.7558723220052046
1479,1.7046962936083692,0.6451135245381936,1.0552016588013313,0.755862053699706
1480,1.9043918129349193,0.425652500050938,1.0751234105988883,0.7558723220052389
1481,1.6921167126630685,0.650122595295929,1.0751234105988883,0.7558650115444616
1482,1.8952202033780363,0.4393873119741315,1.0954624567969935,0.755872322005272
1483,1.6801134481707363,0.6385704289786791,1.0954624567969935,0.755883523255951
1484,1.8854101888067458,0.45282137390155314,1.1161245577427328,0.7558723220053036
1485,1.6687153944643605,0.6265750002880386,1.1161245577427328,0.75642166390371
1486,1.8749879274337713,0.46593364990118785,1.1370326660410641,0.7558723220053338
1487,1.6578786182156222,0.6141118296000754,1.1370326660410641,0.7596003081875641
1488,1.8639816060046082,0.47870455428023323,1.1581196456325915,0.7558723220053623
1489,1.6476693606088568,0.6011916142133422,1.1581196456325915,0.7677155955231588
1490,1.8524214461725539,0.49111579015878054,1.1792609101707878,0.7558723220053896
1491,1.6384480658512819,0.5879732516587792,1.1792609101707878,0.7587351704643077
1492,1.8403397090043025,0.5031502190931549,1.2003819212745561,0.7558723220054151
1493,1.6300999398246951,0.5744240399772512,1.2003819212745561,0.7594691393703313
1494,1.827770696939151,0.5147917554655514,1.2214171163175316,0.7558723220054393
1495,1.6226120192603952,0.5605447559207613,1.2214171163175316,0.7604967057612219
1496,1.814750752410894,0.5260252807153101,1.2422978805846439,0.755872322005462
1497,1.616023622459462,0.5463621962924564,1.2422978805846439,0.7614405468741214
1498,1.8013182522146034,0.5368365735335663,1.2629588674700325,0.755872322005483
1499,1.6103719823654412,0.5319063697678152,1.2629588674700325,0.762288079650057
1500,1.7875135965607993,0.5378650647278658,1.2833392450075147,0.7558723220055027
1501,1.6056880733097045,0.5172083021574733,1.2833392450075147,0.7630836031950198
1502,1.7733791916077688,0.5267758635039826,1.303379009968306,0.7558723220055208
1503,1.602002474638646,0.5023055980523083,1.303379009968306,0.7637257700507695
1504,1.758959424100498,0.5165519434541789,1.3230236267407063,0.7558723220055373
1505,1.5993361309752667,0.48723558984545545,1.3230236267407063,0.7642961313492033
1506,1.7443006265743342,0.5072840893123571,1.3422212788103614,0.7558723220055523
1507,1.5977053764625908,0.4720398121994508,1.3422212788103614,0.7647935576654713
1508,1.7294510314068978,0.4990603484001903,1.3609230903243836,0.7558723220055658
1509,1.5971208976353648,0.4567639124058887,1.3609230903243836,0.765211281690102
1510,1.714460711828171,0.49196385632274076,1.3790830495126305,0.7558723220055782
1511,1.5975874858250816,0.441458143176245,1.3790830495126305,0.7655527552578859
1512,1.6993815078332273,0.4860704548515056,1.3966579197814983,0.7558723220055891
1513,1.5991039397776272,0.42617798275988983,1.3966579197814983,0.7658219161279314
1514,1.6842669347938344,0.48144622690824007,1.4136071284482357,0.7558723220055985
1515,1.6016630853753757,0.4109848893143322,1.4136071284482357,0.7660227701686639
1516,1.6691720724455872,0.478145112826567,1.4298926620035355,0.755872322005607
1517,1.6052518694605367,0.3959471471716107,1.4298926620035355,0.7661593533712225
1518,1.6541534318500954,0.4762067966669844,1.4454789693182568,0.7558723220056138
1519,1.6098515234127933,0.3811407899804462,1.4454789693182568,0.7662357107383079
1520,1.6392687979131695,0.47565505247435014,1.4603328727934808,0.7558723220056198
1521,1.6154377917053082,0.3666505690808374,1.4603328727934808,0.7662558772620134
1522,1.6245770450981754,0.4764967127995305,1.4744234872536037,0.7558723220056245
1523,1.621981219001328,0.3525709073169347,1.4744234872536037,0.7662238603460604
1524,1.6101379241286267,0.4787213665540042,1.4877221462812098,0.7558723220056286
1525,1.6294474879709164,0.3390067372990666,1.4877221462812098,0.7661436236036155
1526,1.596011817746122,0.48230181838456554,1.5002023356304854,0.7558723220056313
1527,1.6377977990119486,0.3260740667758801,1.5002023356304854,0.7660190719865165
1528,1.5822594639989624,0.48719526077810454,1.511839633321901,0.7558723220056331
1529,1.6469892824781436,0.31390004310980285,1.511839633321901,0.7658540382037791
1530,1.5689416461007095,0.4933450383346609,1.52261165600779,0.7558723220056345
1531,1.6569754338450764,0.3026222114203386,1.52261165600779,0.7656522703881649
1532,1.556118848629697,0.5006828337236222,1.5324980112008153,0.755872322005635
1533,1.6677065624523217,0.2923865961892801,1.5324980112008153,0.7654174209702748
1534,1.5438508807459155,0.5091310833950484,1.5414802549709223,0.755872322005634
1535,1.6791302449949748,0.2833442200951674,1.5414802549709223,0.7651530367200802
1536,1.5321964681767148,0.5186054377165282,1.549541854737998,0.7558723220056329
1537,1.691191775735734,0.2756457589906987,1.549541854737998,0.7648625499160615
1538,1.521212816950581,0.5290171086498756,1.5566681568146314,0.755872322005631
1539,1.703834606397339,0.2694342735480604,1.5566681568146314,0.7645492706022045
1540,1.5109551532068548,0.5402749891815769,1.5628463583843097,0.7558723220056285
1541,1.7170007698017424,0.2648363806112908,1.5628463583843097,0.7642163798930119
1542,1.5014762448300247,0.5522874732138658,1.5680654836337111,0.7558723220056258
1543,1.7306312824789065,0.2619527755772515,1.5680654836337111,0.7638669242864586
1544,1.492825912084637,0.5649639452655412,1.5723163637925544,0.7558723220056225
1545,1.744666522615274,0.2608495233492532,1.5723163637925544,0.7635038109444678
1546,1.4850505357800377,0.578215941788248,1.5755916208700254,0.7558723220056187
1547,1.7590465808015492,0.2615517519105427,1.5755916208700254,0.7631298039000696
1548,1.4781925726808571,0.5919580086136158,1.5778856549127318,0.7558723220056148
1549,1.7737115820354024,0.26404110629686295,1.5778856549127318,0.7627475211498597
1550,1.472290088801495,0.6061082924973206,1.5791946346451466,0.75587232200561
1551,1.7886019783130058,0.2682575510757471,1.5791946346451466,0.7623594325898915
1552,1.4673763217857878,0.6205889105739866,1.5795164913894233,0.7558723220056054
1553,1.8036588118906847,0.27410510714568936,1.5795164913894233,0.7619678587525276
1554,1.4634792836935402,0.6326236252994736,1.5788509161973165,0.7558723220056005
1555,1.8188239499106258,0.28146027063430124,1.5788509161973165,0.761574970301295
1556,1.4606214151329862,0.6280951778106061,1.577199360162666,0.7558723220055955
1557,1.8340402915659197,0.2901814881544698,1.577199360162666,0.7611827882402544
1558,1.458819300763157,0.6230268070073913,1.5745650379185887,0.7558723220055903
1559,1.8492519493391957,0.3001182013624222,1.5745650379185887,0.7607931847939975
1560,1.4580834547514532,0.6174240008972772,1.570952934359268,0.7558723220055846
1561,1.8644044060982365,0.3111184475228643,1.570952934359268,0.760407884914018
1562,1.4584181828598646,0.6112928590344658,1.5663698146620475,0.755872322005579
1563,1.8794446499857638,0.3230345601508968,1.5663698146620475,0.760028468366991
1564,1.4598215255389264,0.6046400975247961,1.5608242377215558,0.7558723220055732
1565,1.8943212891143748,0.33572696700173965,1.5608242377215558,0.7596563723603575
1566,1.4622852838564895,0.5974730552778666,1.5543265731437599,0.7558723220055681
1567,1.9089846480863566,0.3490663572220198,1.5543265731437599,0.759292894660662
1568,1.4657951274273504,0.5897997017792769,1.5468890219841878,0.7558723220055623
1569,1.9233868483159275,0.36293459915084497,1.5468890219841878,0.7589391971602405
1570,1.4703307808986412,0.5816286467131623,1.538525641450866,0.7558723220055567
1571,1.937481874051033,0.3772247880352659,1.538525641450866,0.758596309848204
1572,1.4758662831387628,0.5729691518350389,1.529252373828592,0.7558723220055511
1573,1.951225625884192,0.3918407434268685,1.529252373828592,0.758265135142152
1574,1.4823703112097824,0.5638311455805882,1.519087079916535,0.7558723220055464
1575,1.9645759634164328,0.40669619868875323,1.519087079916535,0.7579464525377116
1576,1.4898065595790242,0.5542252410015608,1.5080495773051659,0.7558723220055408
1577,1.9774927386027303,0.4217138520593086,1.5080495773051659,0.7576409235338313
1578,1.4981341639110024,0.5441627577508099,1.496161683850275,0.7558723220055358
1579,1.9899378211677123,0.4368243893973077,1.496161683850275,0.7573490967927341
1580,1.5073081582001302,0.5336557490014835,1.4834472667299459,0.7558723220055307
1581,2.0018751173414344,0.4519655447889056,1.4834472667299459,0.7570714134946153
1582,1.5172799539421773,0.5227170343895405,1.4699322974931028,0.7558723220055262
1583,2.0132705830303053,0.46708123478299607,1.4699322974931028,0.7568082128484381
1584,1.5279978304482753,0.5113602403257231,1.455644913523118,0.7558723220055215
1585,2.0240922324102053,0.4821207821446651,1.455644913523118,0.7565597377216465
1586,1.539407426203603,0.49959984934812707,1.4406154863439098,0.7558723220055171
1587,2.0343101428092076,0.49703823274286457,1.4406154863439098,0.7563261403531769
1588,1.5514522222720086,0.4874512605996812,1.424876697184637,0.7558723220055128
1589,2.0438964566369813,0.5117917621052965,1.424876697184637,0.756107488115845
1590,1.5640740100498587,0.47493086404259394,1.408463620187296,0.7558723220055088
1591,2.0528253810174517,0.5263431644761152,1.408463620187296,0.7559037692959669
1592,1.5772133370821864,0.462056131699147,1.3914138135822343,0.7558723220055049
1593,2.0610731856905717,0.5406574156298442,1.3914138135822343,0.7557148988599686
1594,1.5908099260860122,0.44884573008148315,1.3737674190611964,0.7558723220055009
1595,2.068618199667931,0.5547023003722903,1.3737674190611964,0.7555407241796732
1596,1.6048030637079926,0.4353196591037906,1.355567269435085,0.7558723220054978
1597,2.0754408070548744,0.5684480960404291,1.355567269435085,0.7553810306899686
1598,1.6191319568212745,0.42149942424013764,1.336859004460679,0.7558723220054946
1599,2.0815234423881916,0.5818673040492182,1.336859004460679,0.755235547454604
1600,1.6337360553014364,0.4074082506081947,1.3176911944407013,0.7558723220054917
1601,2.086850585782637,0.59493442241252,1.3176911944407013,0.7551039526179308
1602,1.648555341191524,0.3930713501651752,1.2981154708250797,0.7558723220054888
1603,2.091408758130648,0.6076257530652237,1.2981154708250797,0.7549858787224786
1604,1.663530584962782,0.37851625648222814,1.2781866625447624,0.7558723220054858
1605,2.0951865165570043,0.6199192386676273,1.2781866625447624,0.75488091787432
1606,1.6786035702033344,0.36377324585263315,1.2579629361662739,0.7558723220054835
1607,2.098174450292928,0.6317943243489278,1.2579629361662739,0.7547886267402384
1608,1.693717288532392,0.34887586907740686,1.2375059371355326,0.7558723220054814
1609,2.100365177101536,0.6432318405322752,1.2375059371355326,0.754708531362698
1610,1.7088161068587835,0.33386162549424514,1.2168809283516082,0.7558723220054793
1611,2.101753340357834,0.6542139035788714,1.2168809283516082,0.754640131780606
1612,1.7238459092990042,0.31877282001038837,1.1961569210436203,0.7558723220054774
1613,2.1023356068609043,0.6647238314987045,1.1961569210436203,0.7545829064457368
1614,1.7387542161620435,0.3036576552954267,1.1754067913892317,0.7558723220054757
1615,2.1021106654328303,0.674746072409159,1.1754067913892317,0.7545363164265408
1616,1.7534902824162353,0.28857162474213643,1.1547073744928606,0.7558723220054742
1617,2.10107922633756,0.6842661437893601,1.1547073744928606,0.7544998093928034
1618,1.7680051779961763,0.2735792862324849,1.134139525235066,0.755872322005473
1619,2.0992440215326593,0.6932705808869193,1.134139525235066,0.754472823376313
1620,1.782251852202338,0.25875650899740493,1.1137881331392288,0.7558723220054722
1621,2.0966098057470974,0.7017468928933435,1.1137881331392288,0.7544547903042584
1622,1.7961851843070602,0.24419328851503666,1.0937420758485916,0.7558723220054712
1623,2.0931833583581803,0.7096835257223887,1.0937420758485916,0.7544451393035831
1624,1.8097620223204092,0.22999720183187908,1.0740940931972995,0.75587232200547
1625,2.0889734860198144,0.7170698304087422,1.0740940931972995,0.7544432997759017
1626,1.8229412116979082,0.21629749766985848,1.0549405614049707,0.7558723220054695
1627,2.083991025971867,0.7238960362983545,1.0549405614049707,0.7544487042438837
1628,1.835683615597219,0.20324962873366267,1.0363811449356701,0.7558723220054689
1629,2.0782488499356906,0.7301532283313443,1.0363811449356701,0.7544607909711862
1630,1.8479521281183822,0.19103965499529893,1.0185183024607258,0.7558723220054685
1631,2.07176186847332,0.7358333278277891,1.0185183024607258,0.754479006359108
1632,1.8597116817965862,0.17988727785774508,1.0014566236833373,0.7558723220054683
1633,2.064547035656606,0.7409290762793148,1.0014566236833373,0.7545028071241218
1634,1.8709292504604604,0.17004526635920086,0.985301976141527,0.7558723220054684
1635,2.056623353856969,0.7454340217281143,0.985301976141527,0.7545316622613121
1636,1.8815738484246083,0.16179192734835823,0.970160446154048,0.7558723220054683
1637,2.048011878425693,0.7493425073822242,0.970160446154048,0.754565054799548
1638,1.8916165268533236,0.15541285856162976,0.9561370663878741,0.7558723220054682
1639,2.038735721988024,0.752649662173664,0.9561370663878741,0.7546024833548883
1640,1.9010303680136738,0.1511700401866153,0.9433343344601239,0.7558723220054686
1641,2.02882005802097,0.7553513930160123,0.9433343344601239,0.7546434634893276
1642,1.909790478030101,0.14926171425091278,0.9318505424879774,0.7558723220054688
1643,2.0182921233238464,0.7574443785616518,0.9318505424879774,0.7546875288824879
1644,1.9178739786589811,0.14978414034294846,0.9217779559133681,0.7558723220054688
1645,2.007181218921599,0.7589260642974603,0.9217779559133681,0.7547342323242887
1646,1.925259998519396,0.1527105026917069,0.9132008998555892,0.7558723220054694
1647,1.9955187088630655,0.7597946588521843,0.9132008998555892,0.7547831465369744
1648,1.931929664144838,0.15789695385572697,0.9061938305119173,0.7558723220054699
1649,1.9833380162891057,0.7489505754304204,0.9061938305119173,0.7548338648351257
1650,1.9378660911587562,0.1651128312193377,0.9008194849474901,0.7558723220054704
1651,1.97067461604867,0.7357585962737901,0.9008194849474901,0.7548860016325063
1652,1.9430543758236731,0.17408149966800526,0.8971272119755737,0.7558723220054714
1653,1.9575660230342071,0.7231207407766278,0.8971272119755737,0.7549391928047058
1654,1.9474815871681606,0.18451743656063574,0.8951515870681136,0.7558723220054717
1655,1.944051775291815,0.7111141446195014,0.8951515870681136,0.7549930959166101
1656,1.9511367598571863,0.19615174022977308,0.8949114037225446,0.7558723220054725
1657,1.9301734108368644,0.6998164743340052,0.8949114037225446,0.7550473903237566
1658,1.9540108879383766,0.20874537178135738,0.8964091124181376,0.7558723220054734
1659,1.91597443697402,0.6893050503926654,0.8964091124181376,0.7551017771565811
1660,1.9560969195686393,0.22209323911451553,0.8996307480787972,0.7558723220054737
1661,1.9015002907837946,0.6796558105854742,0.8996307480787972,0.755155979196484
1662,1.9573897528015354,0.2360228773573466,0.9045463513847534,0.7558723220054747
1663,1.8867982892992263,0.6709421234019785,0.9045463513847534,0.7552097406525141
1664,1.9578862324949913,0.25039061952953,0.9111108529910452,0.7558723220054754
1665,1.8719175677602462,0.6632334743445086,0.9111108529910452,0.7552628268473042
1666,1.9575851483806475,0.26507703289717444,0.9192653575101624,0.7558723220054759
1667,1.8569090042054988,0.6565940629952042,0.9192653575101624,0.7553150238207027
1668,1.956487234319621,0.27998253370246284,0.9289387399612973,0.7558723220054766
1669,1.8418251285488865,0.6510813638057259,0.9289387399612973,0.7553661378593058
1670,1.9545951687540233,0.295023559500203,0.9400494536689694,0.7558723220054777
1671,1.8267200141997455,0.6467447169812546,0.9400494536689694,0.7554159949598485
1672,1.9519135763485846,0.3101293936715784,0.9525074458180163,0.7558723220054783
1673,1.8116491502317187,0.6436240251755451,0.9525074458180163,0.7554644402341407
1674,1.9484490308014564,0.32523960476456565,0.9662160838242406,0.7558723220054789
1675,1.7966692920982077,0.6417486347702648,0.9662160838242406,0.7555113372629366
1676,1.944210058787086,0.3403020140197863,0.9810740099299843,0.7558723220054796
1677,1.7818382889452578,0.6411364756485934,0.9810740099299843,0.7555565674058224
1678,1.9392071449762633,0.35527109534807744,0.9969768600027716,0.7558723220054798
1679,1.767214885700529,0.6417935200619601,0.9969768600027716,0.7556000290738848
1680,1.9334527380583062,0.3701067201082482,1.013818802501101,0.755872322005481
1681,1.7528584983346578,0.6437136003278616,1.013818802501101,0.7556416369715899
1682,1.9269612576671866,0.384773172810068,1.0314938725983023,0.7558723220054817
1683,1.7388289610135652,0.6468785990124083,1.0314938725983023,0.7556813213139731
1684,1.919749102086356,0.39923837810791035,1.0498970928957618,0.7558723220054823
1685,1.725186244300145,0.6512589973260723,1.0498970928957618,0.7557190270248937
1686,1.9118346565753328,0.4134732920816336,1.068925385151899,0.7558723220054828
1687,1.7119901441312735,0.65245490262017,1.068925385151899,0.7557547129217604
1688,1.9032383021238506,0.42745142124174473,1.088478286794218,0.7558723220054835
1689,1.699299941996473,0.6414080942016168,1.088478286794218,0.7557883508918072
1690,1.893982424395646,0.4411484410078285,1.1084584391356722,0.7558723220054843
1691,1.6871732006739342,0.6299098500137735,1.1084584391356722,0.7558376760832464
1692,1.8840914225727712,0.45454189188913363,1.1287722687109472,0.7558723220054845
1693,1.6756397820299733,0.6179684464938273,1.1287722687109472,0.7563784806832593
1694,1.873591717751717,0.46761093658935454,1.1493425702497448,0.7558723220054849
1695,1.664629279896359,0.605549250036282,1.1493425702497448,0.760743176556497
1696,1.8625117604735693,0.4803361650823246,1.170074322693881,0.7558723220054853
1697,1.6545016700810111,0.5927878878957413,1.170074322693881,0.7570533526462467
1698,1.8508820368909358,0.4926994376282151,1.190881320662133,0.7558723220054859
1699,1.6451682135974168,0.5796606163912477,1.190881320662133,0.7574392745248828
1700,1.8387350729835548,0.504683757933765,1.2116875204401938,0.7558723220054865
1701,1.636652665958464,0.566181622429195,1.2116875204401938,0.7579431337190149
1702,1.8261054361315718,0.5162731703703918,1.232419693681095,0.7558723220054872
1703,1.628999217078667,0.5523760197140923,1.232419693681095,0.7584058427890888
1704,1.8130297332398173,0.5274526764771672,1.253008300270183,0.7558723220054877
1705,1.6222491537893378,0.5382712726325041,1.253008300270183,0.7588221752217308
1706,1.7995466044778652,0.5382081669874555,1.2733874849287852,0.755872322005488
1707,1.61643952432424,0.5238970240864412,1.2733874849287852,0.7591932755467873
1708,1.7856967115593432,0.5363800968082569,1.2934951224414153,0.7558723220054883
1709,1.6116024425669901,0.5092851077533089,1.2934951224414153,0.7595289179807568
1710,1.7715227193307388,0.5253980313280053,1.3132721112130374,0.7558723220054889
1711,1.6077657691484792,0.4944707414153288,1.3132721112130374,0.7598077157884124
1712,1.7570692692764407,0.5152931155052455,1.3326630327121105,0.7558723220054893
1713,1.604951301911422,0.4794916666697852,1.3326630327121105,0.7600531870556542
1714,1.7423829433756208,0.506155891962629,1.351615569695807,0.7558723220054896
1715,1.6031754373027658,0.4643892962725756,1.351615569695807,0.7602602627390981
1716,1.7275122165717465,0.4980738987040206,1.3700804378466618,0.7558723220054897
1717,1.6024488211361925,0.449209113398012,1.3700804378466618,0.7604305005274842
1718,1.7125073959425559,0.4911294623460823,1.3880112775456486,0.7558723220054898
1719,1.6027761915695622,0.43400123512755573,1.3880112775456486,0.7605657682551787
1720,1.697420544494514,0.48539729726184216,1.405364534671436,0.7558723220054903
1721,1.6041563232521927,0.41882109351760183,1.405364534671436,0.7606679758540978
1722,1.6823053873605818,0.480942041131998,1.4220993475810468,0.7558723220054906
1723,1.6065820452468065,0.4037302144285985,1.4220993475810468,0.7607390535661008
1724,1.6672171980652257,0.47781589530793495,1.438177441558288,0.7558723220054907
1725,1.6100403310955653,0.38879709135423635,1.438177441558288,0.7607809408760824
1726,1.6522126624501052,0.4760565603923707,1.4535630310106593,0.7558723220054905
1727,1.6145124583567314,0.3740981408822277,1.4535630310106593,0.7607955765924959
1728,1.6373497178441876,0.47568565501689836,1.4682227294385402,0.7558723220054907
1729,1.6199742330134361,0.3597187072890811,1.4682227294385402,0.7607848896732456
1730,1.6226873651316827,0.4767077744274288,1.4821254670373387,0.7558723220054905
1731,1.6263962724384886,0.3457540539595743,1.4821254670373387,0.7607507907659325
1732,1.6082854515401102,0.47911028708988274,1.4952424156815594,0.7558723220054906
1733,1.6337443392083602,0.3323102355571605,1.4952424156815594,0.7606951644453566
1734,1.594204422259584,0.48286389101025046,1.5075469209669534,0.7558723220054909
1735,1.641979717052203,0.3195046847538351,1.5075469209669534,0.7606198621306977
1736,1.5805050394327553,0.48792387083024075,1.5190144409438722,0.7558723220054909
1737,1.6510596196239824,0.30746627174588037,1.5190144409438722,0.7605266956638213
1738,1.5672480676399902,0.4942319272124311,1.5296224911544742,0.7558723220054907
1739,1.660937622594547,0.2963345120434435,1.5296224911544742,0.7604174315292189
1740,1.5544939257584591,0.5017184035784665,1.539350595582782,0.7558723220054907
1741,1.6715641097467553,0.28625752957877854,1.539350595582782,0.7602937856952525
1742,1.5423023060017436,0.5103047176295763,1.548180243135376,0.7558723220054907
1743,1.6828867242710348,0.27738836790965166,1.548180243135376,0.7601574190555641
1744,1.5307317620426637,0.5199058149568709,1.5560948492882711,0.7558723220054909
1745,1.6948508172372294,0.2698793398323953,1.5560948492882711,0.7600099334488256
1746,1.5198392693676588,0.5304324926829771,1.5630797225596413,0.7558723220054907
1747,1.7073998861901307,0.26387437464268854,1.5630797225596413,0.7598528682343219
1748,1.5096797623721603,0.5417934831126563,1.569122035496593,0.7558723220054907
1749,1.7204759979086404,0.2594997854964055,1.569122035496593,0.7596876974003095
1750,1.5003056541320632,0.5538972317142128,1.5742107998956325,0.7558723220054905
1751,1.7340201905143855,0.2568544688099192,1.5742107998956325,0.7595158271815525
1752,1.4917663462090331,0.5666533435142842,1.5783368460098208,0.75587232200549
1753,1.7479728512555293,0.25600107117901433,1.5783368460098208,0.7593385941620187
1754,1.4841077371843507,0.5799737032160523,1.5814928055300286,0.75587232200549
1755,1.7622740673770616,0.2569598451450879,1.5814928055300286,0.7591572638383445
1756,1.4773717397739417,0.5937732957977698,1.5836730981627878,0.7558723220054897
1757,1.7768639484835969,0.2597065576495662,1.5836730981627878,0.7589730296193761
1758,1.4715958172581358,0.6079707667034442,1.5848739216625183,0.75587232200549
1759,1.7916829196800435,0.26417494526158,1.5848739216625183,0.7587870122368939
1760,1.4668125504695197,0.622488765748501,1.5850932452113309,0.75587232200549
1761,1.8066719855257793,0.27026314047065264,1.5850932452113309,0.7586002595424884
1762,1.4630492466402882,0.6320665226035921,1.584330806074964,0.7558723220054898
1763,1.821772965454683,0.2778426555125008,1.584330806074964,0.75841374666549
1764,1.4603276009596697,0.6274677069620991,1.58258810949873,0.7558723220054896
1765,1.8369287017996263,0.28676819804439235,1.58258810949873,0.7582283765069101
1766,1.4586634207075821,0.6223296459377861,1.579868431842643,0.7558723220054895
1767,1.8520832419242526,0.29688681501593217,1.579868431842643,0.758044980544431
1768,1.4580664203268419,0.6166579066694776,1.5761768269902006,0.7558723220054894
1769,1.8671819962192937,0.3080453997062878,1.5761768269902006,0.7578643199237006
1770,1.4585400938288327,0.6104586684302884,1.5715201361006235,0.7558723220054896
1771,1.8821718738795825,0.32009618231088455,1.5715201361006235,0.7576870868114512
1772,1.4600816685920452,0.603738727780735,1.5659070008098088,0.7558723220054892
1773,1.8970013984563865,0.33290027372886144,1.5659070008098088,0.7575139059863174
1774,1.4626821420379938,0.5965055050016445,1.5593478800207035,0.7558723220054894
1775,1.911620805192662,0.34632958618706416,1.5593478800207035,0.7573453366436735
1776,1.4663264000054477,0.5887670520865583,1.5518550704592702,0.7558723220054893
1777,1.9259821221103028,0.36026754074924733,1.5518550704592702,0.757181874391301
1778,1.4709934130507794,0.5805320626321102,1.5434427312074643,0.7558723220054889
1779,1.9400392367411288,0.3746089511897737,1.5434427312074643,0.7570239534132944
1780,1.4766565045321063,0.5718098840365305,1.5341269124593726,0.7558723220054888
1781,1.9537479502882722,0.38925940278410276,1.5341269124593726,0.7568719487802598
1782,1.4832836823194522,0.5626105325043844,1.5239255887803864,0.7558723220054887
1783,1.9670660208812147,0.40413436166235145,1.5239255887803864,0.7567261788845612
1784,1.4908380244122945,0.5529447114641463,1.5128586971813496,0.7558723220054887
1785,1.9799531974536695,0.419158175707563,1.5128586971813496,0.7565869079801588
1786,1.4992781077000588,0.542823834139794,1.5009481803488975,0.7558723220054887
1787,1.9923712456350458,0.4342630690929561,1.5009481803488975,0.7564543488073903
1788,1.5085584685893842,0.5322600511854071,1.4882180353984542,0.7558723220054885
1789,2.0042839669081163,0.4493881899413882,1.4882180353984542,0.756328665283922
1790,1.5186300842237472,0.5212662845020248,1.4746943685355733,0.7558723220054888
1791,2.015657212151338,0.4644787417066678,1.4746943685355733,0.7562099752440087
1792,1.5294408634825356,0.5098562686208553,1.4604054560220718,0.7558723220054885
1793,2.0264588905565737,0.4794852103907895,1.4604054560220718,0.7560983532091462
1794,1.5409361377894413,0.4980446013721448,1.445381811842406,0.7558723220054885
1795,2.036658974793481,0.49436268856785226,1.445381811842406,0.7559938331741662
1796,1.5530591428910476,0.48584680598539176,1.4296562624487301,0.7558723220054883
1797,2.046229503181506,0.509070290960911,1.4296562624487301,0.7558964113938255
1798,1.565751484087748,0.47327940731157386,1.4132640289246117,0.7558723220054886
1799,2.0551445795298244,0.5235706532435069,1.4132640289246117,0.7558060491559442
1800,1.5789535788163291,0.4603600255579082,1.396242816840488,0.755872322005488
1801,2.063380371214674,0.5378295045920364,1.396242816840488,0.755722675528174
1802,1.592605071912664,0.4471074918285033,1.378632913969963,0.755872322005488
1803,2.0709151059821873,0.5518153044898922,1.378632913969963,0.7556461900664814
1804,1.6066452202543788,0.43354199093393053,1.3604772958840654,0.7558723220054883
1805,2.077729067892498,0.5654989348628049,1.3604772958840654,0.7555764654744717
1806,1.6210132447443728,0.41968523845388894,1.341821739227315,0.755872322005488
1807,2.083804592757061,0.5788534394881372,1.341821739227315,0.755513350203661
1808,1.6356486487106228,0.40556070102174163,1.3227149421887336,0.7558723220054883
1809,2.089126063364991,0.5918538035796396,1.3227149421887336,0.7554566709858203
1810,1.6504915027455052,0.3911938713947998,1.3032086512934675,0.7558723220054883
1811,2.0936799047451236,0.604476767396604,1.3032086512934675,0.7554062352894816
1812,1.665482696781947,0.37661261327067463,1.2833577931340576,0.7558723220054883
1813,2.097454579667589,0.6167006686068355,1.2833577931340576,0.755361833693639
1814,1.6805641608078061,0.3618475952502517,1.2632206090089122,0.7558723220054883
1815,2.100440584551201,0.628505308921647,1.2632206090089122,0.7553232421726193
1816,1.6956790560655068,0.3469328391285836,1.2428587896111323,0.7558723220054882
1817,2.1026304459101763,0.6398718412112531,1.2428587896111323,0.7552902242869738
1818,1.7107719388878306,0.33190641515501007,1.2223376058840911,0.755872322005488
1819,2.1040187174447573,0.6507826739034405,1.2223376058840911,0.7552625332761105
1820,1.7257888995024653,0.3168113263756391,1.2017260309026931,0.7558723220054882
1821,2.1046019778546063,0.6612213899750674,1.2017260309026931,0.755239914049198
1822,1.7406776782179336,0.3016966358544162,1.181096846127341,0.7558723220054883
1823,2.1043788294305594,0.6711726782746702,1.181096846127341,0.755222105071661
1824,1.7553877614020272,0.28661890423837055,1.160526723597983,0.7558723220054879
1825,2.1033498974588682,0.6806222752755288,1.160526723597983,0.7552088401453292
1826,1.7698704595994892,0.2716440195203075,1.140096273593111,0.7558723220054879
1827,2.101517830451692,0.6895569156617266,1.140096273593111,0.7551998500809851
1828,1.7840789700251503,0.2568495124032164,1.1198900450074092,0.755872322005488
1829,2.098887301197696,0.6979642904039353,1.1198900450074092,0.7551948642627225
1830,1.7979684255263757,0.2423274511714736,1.0999964632790613,0.7558723220054879
1831,2.0954650086065203,0.7058330111946638,1.0999964632790613,0.7551936121041309
1832,1.8114959319465,0.22818798232613577,1.0805076882601794,0.755872322005488
1833,2.091259680299928,0.7131525802912766,1.0805076882601794,0.7551958243968765
1834,1.8246205956486041,0.21456349469587838,1.0615193721853051,0.7558723220054874
1835,2.0862820758799723,0.7199133649649654,1.0615193721853051,0.7552012345527856
1836,1.8373035427840796,0.2016131781969671,1.0431302961606914,0.7558723220054877
1837,2.0805449907798512,0.7261065758798749,1.0431302961606914,0.7552095797409905
1838,1.849507931718637,0.1895273375543089,1.0254418627814692,0.7558723220054876
1839,2.074063260575578,0.7317242488328346,1.0254418627814692,0.7552206019221427
1840,1.8611989598638674,0.17853010899688027,1.0085574230944208,0.7558723220054878
1841,2.066853765605404,0.7367592293739978,1.0085574230944208,0.7552340487820735
1842,1.872343866007967,0.16887819354935962,0.9925814187432542,0.7558723220054879
1843,2.058935435708437,0.7412051599050249,0.9925814187432542,0.7552496745676338
1844,1.8829119290964844,0.1608521398169391,0.9776183253564592,0.7558723220054879
1845,2.050329254853235,0.7450564689165758,0.9776183253564592,0.7552672408277395
1846,1.8928744642839124,0.15473648693710415,0.9637713915738035,0.7558723220054878
1847,2.0410582653806553,0.7483083620828511,0.9637713915738035,0.7552865170629233
1848,1.9022048169598138,0.15078730998459855,0.9511411798363144,0.7558723220054877
1849,2.031147571532021,0.7509568149793343,0.9511411798363144,0.755307281286911
1850,1.9108783553488002,0.14919156113055673,0.9398239300659115,0.7558723220054874
1851,2.0206243418730487,0.7529985672321957,0.9398239300659115,0.7553293205039306
1852,1.9188724621914952,0.15003019238877124,0.9299097849424539,0.7558723220054874
1853,2.0095178101551956,0.75443111794518,0.9299097849424539,0.7553524311056206
1854,1.9261665259328715,0.15326025273813468,0.9214809342624459,0.7558723220054875
1855,1.997859274078489,0.7552527222832415,0.9214809342624459,0.7553764191915296
1856,1.932741931774141,0.1587245339444211,0.9146097537497582,0.7558723220054875
1857,1.9856820913330149,0.755462389122622,0.9146097537497582,0.7554011008172805
1858,1.9385820528837205,0.16618405569174516,0.9093570280670199,0.7558723220054877
1859,1.9730216721996965,0.7431988189122845,0.9093570280670199,0.7554263021745439
1860,1.9436722420107038,0.17535913819588525,0.9057703558687211,0.7558723220054878
1861,1.9599154678847508,0.7305227466818814,0.9057703558687211,0.7554518597070047
1862,1.9479998236997296,0.18596525361958896,0.9038828341490753,0.7558723220054876
1863,1.9464029536465992,0.718473700539557,0.9038828341490753,0.7554776201665064
1864,1.9515540872681767,0.1977368619266047,0.903712108468746,0.7558723220054878
1865,1.9325256056497788,0.7071289728007217,0.903712108468746,0.7555034406135591
1866,1.9543262806743245,0.21043924989794452,0.9052598549959615,0.7558723220054876
1867,1.9183268703490362,0.6965655233096986,0.9052598549959615,0.7555291883663525
1868,1.956309605377585,0.22387171201790526,0.9085117314960326,0.7558723220054876
1869,1.9038521250704108,0.6868589620564874,0.9085117314960326,0.7555547409023764
1870,1.9574992122683357,0.23786576642502216,0.9134378008178099,0.7558723220054876
1871,1.8891486283179661,0.6780823848729544,0.9134378008178099,0.7555799857166706
1872,1.9578921987244426,0.25228115176694405,0.9199933963765167,0.7558723220054876
1873,1.8742654581991234,0.6703050841842995,0.9199933963765167,0.7556048201406542
1874,1.9574876068335374,0.2670012495706158,0.9281203690338456,0.7558723220054878
1875,1.8592534372339424,0.663591171167604,0.9281203690338456,0.7556291511253714
1876,1.9562864228037722,0.28192875801681194,0.9377486322517569,0.7558723220054876
1877,1.844165041701289,0.6579981603340439,0.9377486322517569,0.7556528949928976
1878,1.954291577570452,0.2969819475502402,0.9487979096178701,0.7558723220054877
1879,1.8290542935862728,0.6535755806139384,0.9487979096178701,0.7556759771595132
1880,1.9515079485909228,0.3120915689450462,0.9611795862564035,0.7558723220054875
1881,1.8139766331390974,0.6503636862765076,0.9611795862564035,0.7556983318341354
1882,1.947942362804769,0.3271983665587951,0.9747985721218705,0.755872322005488
1883,1.7989887700474894,0.6483923443114464,0.9747985721218705,0.7557199016953473
1884,1.9436036007200037,0.342251107327952,0.9895550984834612,0.7558723220054878
1885,1.7841485112766733,0.6476801706367951,0.9895550984834612,0.7557406375502368
1886,1.938502401567882,0.35720503018145416,1.0053463862983099,0.755872322005488
1887,1.7695145637569807,0.6482339751037208,1.0053463862983099,0.7557604979780864
1888,1.932651469448495,0.37202062984395123,1.022068143954799,0.7558723220054878
1889,1.7551463103146328,0.6500485555169808,1.022068143954799,0.7557794489618219
1890,1.9260654803656652,0.3866627030421065,1.039615869828305,0.7558723220054882
1891,1.7411035575607174,0.6531068559228221,1.039615869828305,0.7557974635099635
1892,1.9187610900220682,0.4010995992321114,1.0578859506983513,0.7558723220054882
1893,1.727446254889867,0.6573804774165062,1.0578859506983513,0.7558145212716596
1894,1.9107569422131456,0.41530263032655207,1.0767765595008785,0.7558723220054883
1895,1.7142341843037687,0.6474369418191882,1.0767765595008785,0.7558306081472298
1896,1.9020736776203164,0.4292456040516488,1.0961883649079267,0.7558723220054885
1897,1.701526621470603,0.6363871949237103,1.0961883649079267,0.7558457158964931
1898,1.8927339427593564,0.4429044536210485,1.1160248531557673,0.7558723220054885
1899,1.6893788655763593,0.6248867554419598,1.1160248531557673,0.7559259395867932
1900,1.882762398787605,0.4562569426799049,1.1361936115771032,0.7558723220054885
1901,1.677826729200215,0.6129455841790943,1.1361936115771032,0.7566502303173492
1902,1.8721857298128652,0.4692824292974737,1.1566073755249895,0.7558723220054886
1903,1.666972730819477,0.6005984764046547,1.1566073755249895,0.7560500206009149
1904,1.861032650276517,0.48196167648020305,1.1771787327967331,0.7558723220054884
1905,1.6568499451901355,0.5878602806521385,1.1771787327967331,0.7561113162339324
1906,1.849333910902448,0.4942766994998169,1.1978263477477564,0.7558723220054886
1907,1.6475052326228035,0.5747516868442571,1.1978263477477564,0.7561919765688415
1908,1.8371223026110581,0.5062106424884469,1.2184728779153893,0.7558723220054889
1909,1.6389863459640264,0.5612963603145272,1.2184728779153893,0.7562661211264058
1910,1.8244326576930292,0.5177476784052182,1.239044860580523,0.7558723220054885
1911,1.6313377498177581,0.5475198159236554,1.239044860580523,0.7563328873347006
1912,1.8113018474202502,0.5288729277478746,1.2594726450042817,0.7558723220054885
1913,1.6246000334363093,0.5334495525971092,1.2594726450042817,0.7563924491147037
1914,1.7977687751410358,0.5395723923614647,1.2796902925978424,0.7558723220054887
1915,1.6188094866635732,0.5191152793891526,1.2796902925978424,0.7564450411907774
1916,1.7838743637638723,0.5349083618185753,1.299636185281816,0.7558723220054889
1917,1.613996491229906,0.5045480919178607,1.299636185281816,0.7565247287295884
1918,1.7696615363792476,0.5240349778197121,1.319250186575777,0.7558723220054888
1919,1.6101899511260407,0.4897849380104679,1.319250186575777,0.7565382561035261
1920,1.7551751886044558,0.5140505942520143,1.338477246350666,0.7558723220054893
1921,1.6074100314907642,0.47486317377512377,1.338477246350666,0.7565742884241374
1922,1.740462151064392,0.5050454791129929,1.3572651007758543,0.7558723220054892
1923,1.605672230306842,0.45982446357199214,1.3572651007758543,0.7566052729301045
1924,1.725571140246445,0.4971066237929394,1.375564477772434,0.7558723220054894
1925,1.6049863979914438,0.44471472505552523,1.375564477772434,0.7566303848282208
1926,1.7105526957953532,0.49031550529192397,1.3933290424205351,0.7558723220054892
1927,1.6053564927808814,0.4295846232662066,1.3933290424205351,0.7566498902638654
1928,1.6954591021519294,0.4847456688308386,1.410515279247596,0.7558723220054893
1929,1.6067805282037064,0.4144902633114528,1.410515279247596,0.7566641041099189
1930,1.6803442922975804,0.4804602668293821,1.4270823783532827,0.7558723220054892
1931,1.6092505975945455,0.3994939848323088,1.4270823783532827,0.7566733458489467
1932,1.6652637312565663,0.47750972661270286,1.4429921289175345,0.7558723220054889
1933,1.612752970479045,0.3846652508692958,1.4429921289175345,0.7566779360772988
1934,1.6502742769443695,0.4759297384657276,1.4582088204827977,0.755872322005489
1935,1.6172682578464337,0.3700816152510985,1.4582088204827977,0.7566781947787085
1936,1.6354340159500722,0.47573974960784077,1.4726991520467292,0.7558723220054888
1937,1.6227716415513584,0.3558297321421799,1.4726991520467292,0.7566744397895728
1938,1.6208020719220162,0.4769421145227021,1.48643214883228,0.7558723220054888
1939,1.6292331614097613,0.34200633951672166,1.48643214883228,0.7566669853901599
1940,1.606438384409332,0.4795219906864177,1.49937908648845,0.7558723220054885
1941,1.6366180522035045,0.32871910194751613,1.49937908648845,0.7566561410168866
1942,1.5924034563177412,0.48344799082409595,1.5115134224007403,0.7558723220054886
1943,1.6448871218432248,0.3160871351115392,1.5115134224007403,0.7566422100929212
1944,1.5787580685858522,0.48867352279866433,1.5228107337461436,0.7558723220054884
1945,1.6539971613817934,0.30424095654962924,1.5228107337461436,0.7566254889740984
1946,1.5655629612946624,0.4951386811198485,1.5332486619060786,0.7558723220054887
1947,1.6639013774162423,0.29332152449519105,1.5332486619060786,0.7566062660068095
1948,1.5528784811995835,0.5027725111811406,1.5428068628463367,0.7558723220054884
1949,1.6745498376332661,0.28347796322316093,1.5428068628463367,0.7565848206942561
1950,1.5407641966246173,0.5114954534825881,1.5514669630813545,0.7558723220054883
1951,1.6858899207915674,0.2748635726385844,1.5514669630813545,0.7565614229671966
1952,1.5292784817751828,0.5212217881371585,1.5592125208575003,0.7558723220054885
1953,1.6978667632291289,0.2676298416309133,1.5592125208575003,0.7565363325551007
1954,1.5184780737889783,0.5318619326210366,1.566028992213961,0.7558723220054883
1955,1.7104236949639091,0.26191848633440423,1.566028992213961,0.756509798453463
1956,1.5084176072170006,0.5433244885448355,1.5719037016081832,0.7558723220054886
1957,1.723502659551077,0.25785202789724415,1.5719037016081832,0.7564820584828446
1958,1.499149132056264,0.5555179773009978,1.576825816824238,0.7558723220054886
1959,1.7370446130020174,0.2555240218678463,1.576825816824238,0.7564533389351289
1960,1.4907216228722278,0.568352243255877,1.580786327915821,0.7558723220054882
1961,1.7509898982019365,0.25499054054927717,1.580786327915821,0.7564238543023599
1962,1.4831804878681176,0.5817395331333821,1.5837780299701192,0.7558723220054884
1963,1.765278592336806,0.256264615972563,1.5837780299701192,0.7563938070834878
1964,1.4765670878858366,0.5955952804339978,1.5857955095139327,0.7558723220054887
1965,1.7798508258214525,0.2593148966446819,1.5857955095139327,0.7563633876642905
1966,1.4709182761610453,0.6098386350226506,1.5868351344189147,0.755872322005488
1967,1.7946470720853578,0.2640688365898204,1.5868351344189147,0.756332774265748
1968,1.4662659701103014,0.6243927822287649,1.5868950471983438,0.755872322005488
1969,1.8096084083083537,0.2704196708682387,1.5868950471983438,0.7563021329561372
1970,1.4626367664227715,0.6315002509221852,1.5859751616233997,0.7558723220054878
1971,1.8246767478012473,0.2782356663425869,1.5859751616233997,0.7562716177221671
1972,1.4600516102095622,0.626831150669156,1.5840771626224233,0.755872322005488
1973,1.8397950451999407,0.2873699215784121,1.5840771626224233,0.7562413705944958
1974,1.4585255279101867,0.6216234932070647,1.5812045094621174,0.7558723220054878
1975,1.8549074759946724,0.2976692860266135,1.5812045094621174,0.7562115218230784
1976,1.458067432087664,0.6158829248749981,1.5773624422451256,0.7558723220054878
1977,1.8699595921609473,0.3089815352268389,1.5773624422451256,0.756182190097844
1978,1.4586800042223558,0.6096157047514801,1.5725579917939339,0.7558723220054877
1979,1.8848984558098232,0.3211605121563934,1.5725579917939339,0.7561534828103306
1980,1.4603596592402213,0.6028287099596955,1.5667999930266026,0.7558723220054879
1981,1.8996727528475437,0.33406936275980686,1.5667999930266026,0.7561254963519957
1982,1.463096592915926,0.5955294422858816,1.5600991019654067,0.7558723220054882
1983,1.9142328886428104,0.3475822156491435,1.5600991019654067,0.7560983164450824
1984,1.4668749106278045,0.5877260363975811,1.5524678165549526,0.7558723220054883
1985,1.9285310676581109,0.36158471925392854,1.5524678165549526,0.756072018502014
1986,1.4716728333691966,0.5794272700087489,1.543920501501566,0.755872322005488
1987,1.9425213589219827,0.37597381650544714,1.543920501501566,0.756046668009488
1988,1.477462974589729,0.5706425764122801,1.5344734173803276,0.7558723220054882
1989,1.9561597491127114,0.39065706164124253,1.5344734173803276,0.7560223209335555
1990,1.4842126794787946,0.5613820598908856,1.5241447542896418,0.7558723220054878
1991,1.9694041849000274,0.40555170099259136,1.5241447542896418,0.7559990241421559
1992,1.4918844168069618,0.5516565146287772,1.5129546703648167,0.755872322005488
1993,1.9822146060573498,0.42058366727171936,1.5129546703648167,0.7559768158417517
1994,1.5004362124643489,0.5414774478850795,1.5009253354908334,0.7558723220054882
1995,1.994552970719162,0.4356865808371536,1.5009253354908334,0.7559557260248566
1996,1.509822113391868,0.5308571083626156,1.4880809805788104,0.7558723220054879
1997,2.0063832740207714,0.4508008113956753,1.4880809805788104,0.7559357769254591
1998,1.519992670666321,0.5198085209223258,1.4744479527886547,0.755872322005488
1999,2.0176715612245366,0.46587262676968594,1.4744479527886547,0.7559169834794948
