sample,d_goal,d_hazard,d_agent,speed
0,0.789164425850718,0.5964015180573957,1.2523710676770363,0.0
1,1.3135703513447516,0.5993568773889589,1.2523710676770363,0.0
2,0.7881272063579556,0.5957158807749335,1.2523473748267906,0.0771981080582744
3,1.314087602007326,0.5999517750106571,1.2523473748267906,0.07719810805827433
4,0.7863527392050136,0.5939647483714398,1.2533789050317545,0.12065825942934387
5,1.314430759093897,0.6004690789391732,1.2533789050317545,0.12065825942934381
6,0.7840540813061955,0.5912167322795236,1.2556074884262252,0.16677241880614552
7,1.3144332991440397,0.600736420147081,1.2556074884262252,0.1667724188061455
8,0.7812137069910967,0.5875131135165643,1.2589390260803575,0.21289685539273026
9,1.3141655603350388,0.6008295641426038,1.2589390260803575,0.2128968553927302
10,0.7778099817819816,0.5828972548019589,1.2632720225523304,0.25789991251737315
11,1.313707651296909,0.6008362075579773,1.2632720225523304,0.25789991251737304
12,0.7738256015710667,0.5774152430830738,1.2685077374960128,0.30137019363805245
13,1.3131397039047272,0.6008455942507989,1.2685077374960128,0.30137019363805223
14,0.7692474536575208,0.5711159162393581,1.2745508109198853,0.34314307160756097
15,1.3125411260085358,0.6009473852469902,1.2745508109198853,0.3431430716075609
16,0.7640661893934838,0.5640509433126166,1.2813094108856116,0.3831529887787707
17,1.311990200696809,0.6012308255968194,1.2813094108856116,0.3831529887787706
18,0.7582758300669387,0.5562749597012273,1.288695304515163,0.4213801851951916
19,1.311563673955387,0.6017838393940591,1.288695304515163,0.42138018519519144
20,0.7518734149865856,0.5478457550551307,1.2966238773064431,0.45782847946286337
21,1.311336318871483,0.6026920466599854,1.2966238773064431,0.4578284794628632
22,0.7448586885652628,0.5388245128280694,1.3050141097761168,0.4925148963171712
23,1.3113804801779991,0.6040377186124097,1.3050141097761168,0.4925148963171712
24,0.7372338228766929,0.5292761004159563,1.3137885196059136,0.5254643789861284
25,1.311765604895874,0.605898696800846,1.3137885196059136,0.5254643789861282
26,0.7290031723694952,0.5192694079832637,1.3228730769712171,0.5567068953764172
27,1.312557766185905,0.6083473093612866,1.3228730769712171,0.5567068953764172
28,0.7201730576940777,0.5088777322825017,1.3321971000440216,0.5862757579172598
29,1.3138191887314845,0.6114493238472275,1.3321971000440216,0.5862757579172595
30,0.7107515758947877,0.49817919869205973,1.3416931368495073,0.614206597240965
31,1.315607784977841,0.6152629797966136,1.3416931368495073,0.6142065972409649
32,0.7007484345275142,0.48725720992636673,1.3512968387884792,0.640536706408582
33,1.3179767122675712,0.6198381445933229,1.3512968387884792,0.640536706408582
34,0.690174807573808,0.4762009029203697,1.360946830272373,0.6653046043393299
35,1.3209739612588645,0.6252156327988516,1.360946830272373,0.66530460433933
36,0.6790432113326782,0.46510558573255734,1.370584578093094,0.6885497337788578
37,1.3246419859299952,0.6314267219583555,1.370584578093094,0.6885497337788579
38,0.667367398780014,0.45407311348721474,1.380154263392691,0.7103122445241818
39,1.329017384923538,0.6384928874554964,1.380154263392691,0.7103122445241812
40,0.6551622711951036,0.4432121461860226,1.389602658422602,0.7306328322107999
41,1.3341306429591928,0.6438607409209502,1.389602658422602,0.7306328322107999
42,0.6424438061685059,0.43263821204136865,1.3988790096953618,0.7495526142189216
43,1.3400059395725508,0.6290557981976805,1.3988790096953618,0.7495526142189216
44,0.6292290014322833,0.4224734792567602,1.4079349286333482,0.7671130309322435
45,1.346661030581313,0.6139261646340659,1.4079349286333482,0.7671130309322434
46,0.6155358343015164,0.41284612000620735,1.4167242904052642,0.7833557646603468
47,1.3541072055347818,0.5985252196399554,1.4167242904052642,0.7833557646603465
48,0.6013832368971816,0.4038891381137311,1.425203141304802,0.7983226710910294
49,1.3623493220858454,0.5829101035264841,1.425203141304802,0.798322671091029
50,0.5867910877504614,0.3957385345178881,1.4333296147591048,0.8120557197774062
51,1.3713859158703656,0.5671421252857256,1.4333296147591048,0.8120557197774061
52,0.5717802208875786,0.38853071187637067,1.4410638558483708,0.8245969412372594
53,1.3812093822222793,0.5512872200863163,1.4410638558483708,0.8245969412372591
54,0.5563724540885725,0.3823990812440394,1.448367954063547,0.835988378957468
55,1.3918062240193032,0.5354164520309995,1.448367954063547,0.8359883789574675
56,0.5405906387373751,0.37746993483582203,1.4552058839181752,0.8462720450814479
57,1.4031573582484909,0.519606552264128,1.4552058839181752,0.8462720450814476
58,0.524458734579351,0.373857784464937,1.4615434529556166,0.8554898788913842
59,1.4152384725787108,0.5039404744032381,1.4615434529556166,0.8554898788913841
60,0.5080019138359395,0.3716605149737082,1.4673474363999803,0.863683707429843
61,1.4280205145344642,0.48850869146953496,1.4673474363999803,0.8634424293315144
62,0.4912467005737209,0.370954829442388,1.4725728346868727,0.8708952077695571
63,1.44146906705559,0.4734219982827432,1.4725728346868727,0.8702796066186628
64,0.4742211530929224,0.3717925233578473,1.4772034681108641,0.8771658705571246
65,1.4555468025474187,0.458773056799182,1.4772034681108641,0.8765920381336588
66,0.4569550995288033,0.3741980814713207,1.4812153258008103,0.8825369645403377
67,1.4702131369118343,0.4446710963694144,1.4812153258008103,0.8820190677977503
68,0.4394804400347153,0.3781679343289484,1.4845829312646261,0.8870495018495735
69,1.4854240888411854,0.4312359290561716,1.4845829312646261,0.886586127205633
70,0.421831533081771,0.38367147040037947,1.4872823344916983,0.8907442038478257
71,1.5011330860438918,0.4185943635028502,1.4872823344916983,0.8903332871314413
72,0.40404568888029496,0.3906536353841288,1.4892912133280667,0.8936614673962835
73,1.517291414417174,0.40687876380836646,1.4892912133280667,0.8933009145484568
74,0.3861638000913909,0.3990387325233547,1.4905888671212608,0.8958413314061534
75,1.5338486434470051,0.39622489213483403,1.4905888671212608,0.8955290461382345
76,0.368231149305374,0.4087349174481078,1.4911562090025745,0.8973234435652254
77,1.5507530288171987,0.3867687957074691,1.4911562090025745,0.8970573305078642
78,0.3502984446753395,0.41963887264145133,1.4909757608438707,0.8981470271412375
79,1.5679518895491629,0.3786426793580346,1.4909757608438707,0.8979249940166654
80,0.33242314991080096,0.4316402293203972,1.4900316507966416,0.898350847774831
81,1.5853919575872297,0.3719698502257461,1.4900316507966416,0.8981708075647159
82,0.31467119232091323,0.4446254376592071,1.4883096131955287,0.8979731801838977
83,1.6030196986697656,0.3668590149971795,1.4883096131955287,0.8978330533330197
84,1.5701656106566444,0.458480928096144,1.485796990646129,0.897051774709256
85,1.6207816041474281,0.36339842386230986,1.485796990646129,0.8969494913673358
86,1.5603754240687946,0.47309552702480845,1.4824827381611556,0.8956238236395797
87,1.6386244540930033,0.3616505306310634,1.4824827381611556,0.8955573259424432
88,1.5514884276812761,0.4883621753842916,1.47835742925365,0.8937259272619895
89,1.6564955525925453,0.36164790377864736,1.47835742925365,0.8936931716534421
90,1.543549651782456,0.5041790475412592,1.4734132639408375,0.8913940595941676
91,1.6743429365231983,0.36339102432209686,1.4734132639408375,0.8913930191900494
92,1.5365996271106495,0.520450187079804,1.4676440786575968,0.8886635337647831
93,1.6921155594213972,0.36684833958204005,1.4676440786575968,0.8886922007605905
94,1.5306739303231605,0.5370857749959893,1.46104535812479,0.8855689670217889
95,1.7097634522410496,0.37195856850434206,1.46104535812479,0.8856253551449648
96,1.5258027686203905,0.5540021330296522,1.4536142492652566,0.8821442453631138
97,1.7272378629105865,0.378634881808306,1.4536142492652566,0.8822263923706318
98,1.522010614897407,0.5711215470754897,1.445349577309664,0.8784224878016539
99,1.744491376636142,0.38677031591643185,1.445349577309664,0.8785284580228475
100,1.5193159039945041,0.5883719771123017,1.4362518642861914,0.8744360102965623
101,1.7614780188804746,0.39624368393739295,1.4362518642861914,0.8745638972202321
102,1.5177307992716533,0.6025959747476163,1.4263233501428954,0.8702162894056007
103,1.7781533428868959,0.4069253151425065,1.4263233501428954,0.8703642183093198
104,1.517261036879881,0.5931818135440893,1.4155680168102824,0.8657939257389103
105,1.7944745035262588,0.41868213152032613,1.4155680168102824,0.8659600563571016
106,1.5179058528281437,0.5834037015111341,1.4039916155748962,0.8611986073227811
107,1.8104003191328495,0.43138178455488196,1.4039916155748962,0.8613811365485652
108,1.5196579953673597,0.5732656532761489,1.391601698203537,0.8564590730126432
109,1.8258913228700837,0.44489576886937965,1.391601698203537,0.8566562376266923
110,1.5225038224817458,0.5627723336225372,1.3784076523329332,0.8516030761272163
111,1.8409098050357855,0.45910157016161013,1.3784076523329332,0.8518131555448784
112,1.526423481554092,0.5519290753543367,1.3644207417223244,0.8466573485099548
113,1.8554198475846029,0.47388398654376945,1.3644207417223244,0.8468786675357991
114,1.5313911657179327,0.5407418997731381,1.3496541520574932,0.8416475652589945
115,1.8693873520156887,0.4891357945246205,1.3496541520574932,0.8418784968356808
116,1.5373754391720322,0.5292175404448515,1.334123043095241,0.8365983104018201
117,1.8827800616498163,0.5047579290458916,1.334123043095241,0.8368372783378722
118,1.5443396219286505,0.5173634710989348,1.3178446080481308,0.8315330438248797
119,1.89556757920355,0.5206593262076986,1.3178446080481308,0.8317785254836295
120,1.5522422231761175,0.5051879387096154,1.3008381412312204,0.8264740698002171
121,1.9077213804600561,0.5367565489286845,1.3008381412312204,0.8267245987298849
122,1.5610374116952144,0.4927000030702386,1.2831251151259648,0.8214425074796023
123,1.919214824737251,0.5529732869603876,1.2831251151259648,0.8216966759623585
124,1.570675511572276,0.4799095845051683,1.2647292681613753,0.8164582637503222
125,1.9300231627643747,0.5692397971734996,1.2647292681613753,0.8167147252462306
126,1.581103511757064,0.4668275217914072,1.2456767046681234,0.811540008864366
127,1.9401235424976304,0.585492329294873,1.2456767046681234,0.8117974803245022
128,1.5922655787480837,0.45346564291479335,1.2259960086254345,0.8067051552628973
129,1.9494950133338458,0.6016725663816934,1.2259960086254345,0.8069624192846925
130,1.6041035627605584,0.43983685200455913,1.2057183729895966,0.8019698400194104
131,1.9581185291176784,0.6177270976946604,1.2057183729895966,0.8022257468165361
132,1.6165574890421088,0.4259552367311332,1.184877746560297,0.7973489113167733
133,1.965976950282059,0.6336069334651201,1.184877746560297,0.797602380475689
134,1.6295660274479864,0.41183620169163865,1.1635110004967342,0.7928559193546428
135,1.973055045412648,0.6492670655326356,1.1635110004967342,0.7931059413503584
136,1.6430669348793927,0.39749663494989745,1.1416581167243538,0.7885031120539636
137,1.97933949248441,0.664666074256606,1.1416581167243538,0.7887487494986907
138,1.6569974666463436,0.38295511708585633,1.1193624005527163,0.7843014358843352
139,1.9848188799811903,0.6797657799140157,1.1193624005527163,0.7845418244845009
140,1.6712947541788263,0.3682321850391331,1.0966707198231784,0.7802605420881551
141,1.989483708076784,0.6945309355552274,1.0966707198231784,0.780494891287779
142,1.6858961477323504,0.35335066697066386,1.0736337727762866,0.7763887985133734
143,1.9933263900276779,0.7089289576852259,1.0736337727762866,0.77661639180501
144,1.700739523789082,0.3383361096785709,1.0503063865097555,0.7726933071955613
145,1.9963412539027987,0.7229296909438978,1.0503063865097555,0.7729135020838417
146,1.7157635577310912,0.32321732727525404,1.0267478473024247,0.769179927751374
147,1.9985245447535456,0.7365052030193526,1.0267478473024247,0.7693921553585845
148,1.7309079630577038,0.3080271094944181,1.0030222630919143,0.7658533065613516
149,1.9998744273075564,0.7496296062367979,1.0030222630919143,0.7660570708693166
150,1.7461136989436772,0.29280314093012094,0.9791989568619777,0.7627169116325926
151,2.0003909892513962,0.7622789025516061,0.9791989568619777,0.7629117883603121
152,1.7613231483045217,0.2775891995813828,0.9553528874252137,0.7597730729436738
153,2.0000762451501632,0.7519894088413482,0.9553528874252137,0.7599587080655175
154,1.7764802687692522,0.2624367250065113,0.9315650908365347,0.7570230279878298
155,1.9989341410352282,0.738269327596542,0.9315650908365347,0.7571991359024586
156,1.7915307190804242,0.24740687313368656,0.9079231311559606,0.7544669721484498
157,1.9969705596744602,0.7242683236878161,0.9079231311559606,0.7546333335139157
158,1.8064219634677763,0.23257320402640916,0.8845215431768131,0.752104113465865
159,1.9941933265216907,0.7100208244764201,0.8845215431768131,0.7522605727212953
160,1.8211033564953485,0.21802517282006653,0.8614622417279437,0.7499327312883548
161,1.9906122163233033,0.6955638810164887,0.8614622417279437,0.7500791938871714
162,1.835526210780943,0.20387259244470188,0.8388548619911809,0.7479502382451907
163,1.9862389603390382,0.6809373627304536,0.8388548619911809,0.7480866676288276
164,1.8496438498470897,0.19025116417761928,0.816816982867781,0.7461532449367841
165,1.9810872541107418,0.6661841682648069,0.816816982867781,0.7462796592811839
166,1.8634116481979126,0.17732893646880585,0.7954741710493473,0.7445376267075778
167,1.975172765686188,0.6513504508622103,0.7954741710493473,0.7446540954773551
168,1.8767870605373573,0.1653129899642102,0.7749597679630557,0.7430985918516143
169,1.968513144174532,0.6364858550805994,0.7749597679630557,0.7432052321985985
170,1.8897296418599678,0.15445452448591002,0.7554143269346315,0.7418307505987668
171,1.9611280284746488,0.6216437596209133,0.7554143269346315,0.7419277236426386
172,1.9022010599624146,0.14504867533868263,0.7369845967345262,0.7407281842407569
173,1.9530390559767628,0.6068815182533136,0.7369845967345262,0.7408156912697222
174,1.9141651017472276,0.13742318278339732,0.7198219445681594,0.7397845137794639
175,1.9442698709905728,0.5922606872146831,0.7198219445681594,0.7398627924083748
176,1.9255876745230425,0.1319092843699283,0.7040801222979611,0.738992967514246
177,1.9348461325985973,0.5778472228642264,0.7040801222979611,0.7390622878363502
178,1.9364368033504047,0.12879252670382077,0.6899123106282103,0.7383464470284867
179,1.9247955215709012,0.56371162776386,0.6899123106282103,0.7384071077951269
180,1.9466826253399547,0.12825316580831347,0.6774674325603196,0.7378375910865344
181,1.9141477459058078,0.5499290167506322,0.6774674325603196,0.7378899159467786
182,1.9562973816812055,0.1303198348618423,0.6668858115182189,0.737458837008821
183,1.9029345444798675,0.5365790672537234,0.6668858115182189,0.7375031708381825
184,1.9652554080650324,0.13486113042776485,0.6582943563639699,0.737202479153227
185,1.8911896881985497,0.5237458106681416,0.6582943563639699,0.7372391844975519
186,1.973533124060968,0.14162011384963044,0.6518015710638756,0.7370607241930236
187,1.878948977936305,0.5115172150776623,0.6518015710638756,0.7370901778502915
188,1.981109021920722,0.15027235404202577,0.6474927876243532,0.7370257429441737
189,1.8662502384405397,0.4999845056406175,0.6474927876243532,0.7370483327035312
190,1.9879636552010915,0.1604810680764937,0.645426078254756,0.7370897185559983
191,1.8531333072487466,0.48924116974618465,0.645426078254756,0.7371058401099028
192,1.994079627531616,0.17193396721981646,0.6456292906756821,0.7372448909378617
193,1.8396400175321015,0.47938160233047383,0.6456292906756821,0.7372549449798151
194,1.999441581793859,0.18436049094089668,0.6480985568399121,0.7374835973495931
195,1.825814173633518,0.4704993652944681,0.6480985568399121,0.7374879868667041
196,2.0040361899290735,0.19753528716704244,0.6527984595534684,0.7377983091339955
197,1.8117015179154716,0.4626850658554399,0.6527984595534684,0.7377974369005296
198,2.0078521435481242,0.2112744572477819,0.6596638353446583,0.7381816646154511
199,1.7973496873759789,0.4560239020941281,0.6596638353446583,0.7381759308906944
200,2.010880145480929,0.2254290925012232,0.6686029906154044,0.7386264982289026
201,1.782808158334266,0.45059297699894585,0.6686029906154044,0.7386162986601
202,2.013112902371428,0.23987853941966525,0.6795019551718139,0.7391258659782927
203,1.7681281773367195,0.4464585379807529,0.6795019551718139,0.7391115897071175
204,2.014545118397197,0.2545244365263588,0.6922293203011979,0.7396730673527935
205,1.7533626762962025,0.44367334628962574,0.6922293203011979,0.7396550953218135
206,2.0151734901695737,0.26928582059012796,0.7066412123258351,0.7402616638530883
207,1.7385661697631765,0.44227440714237726,0.7066412123258351,0.7402403673069806
208,2.014996702849632,0.28409526518701983,0.7225860211684084,0.7408854942988066
209,1.7237946321466602,0.4422812853528254,0.7225860211684084,0.7408612334736502
210,2.014015427496866,0.2988958955401857,0.7399086095908027,0.7415386871023181
211,1.709105352670394,0.44369518743601094,0.7399086095908027,0.7415118100951337
212,2.0122323196502303,0.3136391032680433,0.7584538441360853,0.7422156697038982
213,1.6945567658798995,0.44649891334002173,0.7584538441360853,0.7421865115137042
214,2.009652019124556,0.3282828029435626,0.7780693917676947,0.7429111753692035
215,1.680208255626267,0.4506576825524955,0.7780693917676947,0.7428800571001908
216,2.0062811509886167,0.34279010144173694,0.7986078047627551,0.7436202475525533
217,1.6661199306601753,0.45612074000572506,0.7986078047627551,0.7435874757695115
218,2.002128327673575,0.35712827952515336,0.819927967409581,0.7443382420291275
219,1.652352370292384,0.46282356691442433,0.819927967409581,0.7443041082549857
220,1.9972041521414843,0.37126800916014757,0.8418960043393426,0.7450608269963462
221,1.6389663390309461,0.47069047454489155,0.8418960043393426,0.7450256073415694
222,1.9915212220222502,0.38518274904434724,0.8643857576846558,0.745783981339815
223,1.6260224697036878,0.4796373496021121,0.8643857576846558,0.7457479362534216
224,1.9850941346032458,0.3988482753190708,0.8872789350583797,0.7465039912526894
225,1.6135809153248983,0.4895743437252192,0.8872789350583797,0.7464673653848034
226,1.977939492527825,0.41224231530532796,0.9104650181025703,0.7472174453895262
227,1.6017009708680978,0.5004083455476813,0.9104650181025703,0.7471804675555905
228,1.970075910026533,0.42534426017679955,0.9338410061948961,0.7479212287269386
229,1.5904406671526448,0.5120451290403654,0.9338410061948961,0.7478841119640451
230,1.9615240194669903,0.43813493846418333,0.9573110545327095,0.7486125152939701
231,1.5798563402194024,0.5243911253162498,0.9573110545327095,0.7485754570001214
232,1.9523064779643997,0.4505964367160813,0.9807860517971416,0.7492887599252746
233,1.5700021808244453,0.5373548094130634,0.9807860517971416,0.7492519420728074
234,1.9424479737434628,0.4627119569316601,1.0041831706486761,0.7499476891801813
235,1.5609297699703089,0.5508477255311734,1.0041831706486761,0.749911278595024
236,1.9319752318833092,0.474465702832525,1.0274254146008954,0.7505872915606507
237,1.5526876076580716,0.5647851937643831,1.0274254146008954,0.7505514402595586
238,1.9209170190089484,0.48584278887755344,1.0504411772322295,0.7512058071512114
239,1.5453206432054025,0.5790867504627368,1.0504411772322295,0.7511706527295829
240,1.9093041464148648,0.49682916730680443,1.0731638239507881,0.7518017167942342
241,1.5388698164528039,0.5936763757534118,1.0731638239507881,0.7517673828576058
242,1.897169471017982,0.5074115695471182,1.0955313023011513,0.7523737309045386
243,1.533371619887912,0.608482558148025,1.0955313023011513,0.7523403275373103
244,1.8845478934376672,0.5175774591088976,1.117485783779998,0.7529207780182869
245,1.5288576920767942,0.6234382398558279,1.117485783779998,0.7528884022837049
246,1.871476352389392,0.5273149937139429,1.1389733380315958,0.7534419931625735
247,1.5253544527363008,0.6384806790695869,1.1389733380315958,0.7534107296284401
248,1.8579938144560464,0.5366129948645285,1.1599436388928914,0.7539367061239877
249,1.5228827892693577,0.6388296543164167,1.1599436388928914,0.7539066274089969
250,1.8441412581671586,0.545460923428453,1.1803497008658281,0.7544044296867929
251,1.5214578036012574,0.6238836696254042,1.1803497008658281,0.7543755970228126
252,1.8299616511724273,0.5411872003273995,1.2001476440677488,0.7548448479042246
253,1.5210886267190853,0.6088373111034178,1.2001476440677488,0.7548173117102286
254,1.8154999191438514,0.5300528514890096,1.219296485440176,0.7552578044597225
255,1.521778306483241,0.5937408330316062,1.219296485440176,0.7552316049234579
256,1.8008029048831737,0.5197668098699134,1.2377579539009294,0.755643291168732
257,1.5235237721375772,0.5786484168352529,1.2377579539009294,0.7556184588325477
258,1.7859193159523685,0.5104202423296903,1.2554963271452706,0.7560014366659497
259,1.5263158766077705,0.5636185003543036,1.2554963271452706,0.7559779930135482
260,1.7708996589899906,0.5021018257302928,1.2724782878961003,0.7563324953175882
261,1.530139515278391,0.5487141085755318,1.2724782878961003,0.7563104533587693
262,1.7557961587325437,0.4948956190779666,1.2886727975412933,0.7566368363933357
263,1.5349738176155068,0.5340031694701507,1.2886727975412933,0.7566162012440867
264,1.740662659636649,0.48887871758066737,1.3040509852572935,0.7569149335281763
265,1.5407924058845406,0.519558791318936,1.3040509852572935,0.756895702983734
266,1.7255545079058277,0.48411880664297763,1.3185860508881366,0.7571673545001
267,1.5475637134149862,0.5054594688123473,1.3185860508881366,0.7571495195988575
268,1.710528411678254,0.4806717736438124,1.3322531800189674,0.7573947513459133
269,1.5552513534693921,0.4917891743669674,1.3322531800189674,0.7573782969222816
270,1.6956422771440804,0.47857956195398405,1.345029469847054,0.75759785083388
271,1.5638145288350984,0.4786372790081279,1.345029469847054,0.7575827560584244
272,1.6809550184496511,0.4778684561681843,1.3568938646079596,0.7577774453087136
273,1.5732084717896808,0.466098235021669,1.3568938646079596,0.7577636842140898
274,1.6665263394290206,0.4785479642296903,1.36782709945811,0.757934383921499
275,1.5833849040774302,0.45427094254078626,1.36782709945811,0.7579219259128955
276,1.652416485498796,0.48061041108940683,1.3778116518468968,0.758069564254436
277,1.594292506928684,0.4432577176850886,1.3778116518468968,0.7580583746034113
278,1.6386859644774785,0.48403128675867396,1.3868316995317131,0.7581839243478199
279,1.6058773918894058,0.4331627854104242,1.3868316995317131,0.758173964668573
280,1.625395235659519,0.4887703117895457,1.394873084498536,0.7582784351344087
281,1.6180835642251303,0.42409024121255945,1.394873084498536,0.758269663841676
282,1.6126043671968364,0.4947731103615178,1.4019232821495724,0.7583540932842484
283,1.630853371836567,0.4161414671182412,1.4019232821495724,0.7583464660321619
284,1.600372662719155,0.5019733282731408,1.4079713752091352,0.7584119144611203
285,1.6441279338915697,0.40941205121756763,1.4079713752091352,0.7584053845624819
286,1.5887582591522778,0.5102950077093125,1.4130080318802514,0.7584529269900165
287,1.657847544665752,0.4039883431535389,1.4130080318802514,0.7584474458155763
288,1.5778176988516501,0.5196550332441225,1.417025487858659,0.7584781659334575
289,1.6719520493296365,0.3999438694679564,1.417025487858659,0.7584736832908805
290,1.5676054804249369,0.5299654887726012,1.4200175318787824,0.75848866757297
291,1.6863811895757608,0.3973359132481343,1.4200175318787824,0.758485132065295
292,1.5581735939247972,0.541135804195352,1.4219794945290491,0.758485464290719
293,1.7010749180108584,0.39620260792289724,1.4219794945290491,0.7584828236541988
294,1.549571047390012,0.5530746144847921,1.4229082401324538,0.7584695798450282
295,1.7159736811258801,0.3965608835988584,1.4229082401324538,0.7584677812663393
296,1.5418433929253879,0.565691294744539,1.4228021615435142,0.7584420250324138
297,1.731018671391792,0.3984055262526003,1.4228021615435142,0.7584410154452956
298,1.5350322615551377,0.5788971683174667,1.4216611777656218,0.7584037937277105
299,1.7461520496129386,0.4017094746544701,1.4216611777656218,0.7584035200891913
300,1.5291749168739963,0.5926064089680211,1.4194867343440676,0.758355859292953
301,1.7613171391107325,0.4064253153053839,1.4194867343440676,0.7583562688393689
302,1.5243038379722862,0.5967865991089755,1.4162818065406446,0.7582991713448131
303,1.7764585936218724,0.4124877804559275,1.4162818065406446,0.7583002118279145
304,1.520446342154687,0.5916002813034902,1.412050905346469,0.7582346528696551
305,1.7915225409935187,0.41981694361473837,1.412050905346469,0.7582362727731459
306,1.5176242575575036,0.5858998853481722,1.4068000864413897,0.758163197674576
307,1.8064567048604931,0.42832176062179905,1.4068000864413897,0.7581653464114835
308,1.515853654873943,0.5796911913804831,1.4005369622619641,0.7580856681622201
309,1.8212105065141946,0.43790362207200323,1.4005369622619641,0.7580882962535601
310,1.5151446460333806,0.5729805427313597,1.3932707173962702,0.7580028934166171
311,1.835735149136156,0.44845964803727745,1.3932707173962702,0.7580059526518519
312,1.5155012558971015,0.5657748494314284,1.3850121275838345,0.7579156675868646
313,1.849983686486185,0.4598855446144876,1.3850121275838345,0.7579191111667029
314,1.5169213709125826,0.5580815927830594,1.3757735826635713,0.7578247485550873
315,1.8639110780189514,0.4720779312787779,1.3757735826635713,0.7578285312172104
316,1.5193967663233503,0.5499088312640937,1.3655691138828903,0.7577308568748076
317,1.8774742322649989,0.4849361228498416,1.3655691138828903,0.7577349350031415
318,1.5229132110941606,0.5412652080871608,1.3544144260581765,0.757634674965625
319,1.8906320401616208,0.4983634029991402,1.3544144260581765,0.7576390066838036
320,1.5274506473224798,0.532159960810433,1.3423269351616858,0.7575368465499185
321,1.9033453998632184,0.5122678573762974,1.3423269351616858,0.7575413917996197
322,1.532983438703365,0.5226029334852739,1.329325812003816,0.7574379763171958
323,1.9155772344053168,0.5265628474106432,1.329325812003816,0.757442696922037
324,1.5394806807155257,0.5126045919385764,1.315432032783775,0.757338629801645
325,1.9272925034455688,0.5411672059564848,1.315432032783775,0.7573434895173612
326,1.546906563694621,0.5021760429292705,1.3006684373970165,0.757239333458477
327,1.938458210161766,0.5560052282955895,1.3006684373970165,0.757244298010103
328,1.555220778915197,0.49132905809825905,1.2850597965154698,0.7571405749246992
329,1.9490434042531564,0.5710065206306918,1.2850597965154698,0.7571456120314958
330,1.5643789572384483,0.4800761038605652,1.2686328885971945,0.7570428034500876
331,1.9590191818682798,0.5861057558814281,1.2686328885971945,0.7570478828389579
332,1.5743331297874847,0.468430378683321,1.25141658813602,0.7569464304843125
333,1.9683586831707007,0.6012423749952174,1.25141658813602,0.756951523892452
334,1.5850322004430442,0.4564058595744207,1.2334419666284806,0.756851830406375
335,1.97703708815345,0.616360261939956,1.2334419666284806,0.7568569115739038
336,1.5964224206453408,0.4440173601026613,1.2147424079134084,0.7567593413827989
337,1.9850316112233604,0.6314074123290303,1.2147424079134084,0.7567643860361212
338,1.6084478579619683,0.43128060291986703,1.195353739725671,0.7566692663413283
339,1.9923214949972987,0.6463356091936746,1.195353739725671,0.7566742521679524
340,1.6210508510510648,0.4182123106121973,1.1753143834940203,0.7565818740472324
341,1.9988880036827927,0.6611001145525165,1.1753143834940203,0.7565867806627784
342,1.6341724449282473,0.40483031984524603,1.1546655245946076,0.7564974002697127
343,2.004714416354937,0.6756593818635551,1.1546655245946076,0.7565022091778282
344,1.6477528017575886,0.3911537252880154,1.1334513054320239,0.7564160490263268
345,2.0097860203888778,0.6899747919098387,1.1334513054320239,0.7564207435722011
346,1.6617315836652748,0.37720306184727903,1.1117190438372608,0.7563379938937939
347,2.014090105261701,0.7040104129256789,1.1117190438372608,0.7563425592119633
348,1.676048305267899,0.3630005365164681,1.0895194793152996,0.7562633793740313
349,2.0176159568983523,0.7177327846141444,1.0895194793152996,0.756267802331129
350,1.6906426546786957,0.34857032492341916,1.06690704959918,0.7561923223047569
351,2.0203548527023973,0.7311107249782978,1.06690704959918,0.7561965914378606
352,1.7054547826816377,0.3339389528444432,1.0439401997091737,0.7561249133045291
353,2.0223000573832013,0.7441151584643451,1.0439401997091737,0.7561290187557159
354,1.7204255605348042,0.31913579009174714,1.0206817251878275,0.7560612182426233
355,2.0234468196656437,0.7567189637014232,1.0206817251878275,0.7560651516903326
356,1.7354968074807102,0.30419369404465174,0.9971991502658056,0.7560012797246811
357,2.023792369946067,0.7688968390516145,0.9971991502658056,0.7560050343124531
358,1.7506114895099836,0.28914985372510577,0.9735651402523494,0.7559451185856388
359,2.023335918938025,0.7719080516133526,0.9735651402523494,0.7559486888487723
360,1.7657138912590042,0.2740469040768494,0.9498579452336123,0.7558927353819933
361,2.022078657332883,0.7583447449221199,0.9498579452336123,0.7558961171726334
362,1.7807497631382945,0.258934405637105,0.9261618689449488,0.755844111876028
363,2.020023756482741,0.7444526214969185,0.9261618689449488,0.7558473022871758
364,1.7956664459044913,0.24387081871776606,0.9025677521482641,0.7557992125051838
365,2.017176370095819,0.7302651782540177,0.9025677521482641,0.755802209794079
366,1.8104129749227396,0.22892614420007495,0.8791734536374018,0.7557579858303144
367,2.013543636916721,0.7158182924586188,0.8791734536374018,0.7557607893416237
368,1.8249401663355744,0.21418545224888205,0.8560843037434432,0.7557203659571249
369,2.009134684345192,0.7011504041978663,0.8560843037434432,0.7557229760463304
370,1.8392006872744584,0.1997535632252147,0.8334134945963533,0.7556862739256236
371,2.003960632926461,0.6863027162385625,0.8334134945963533,0.7556886918829843
372,1.8531491121349837,0.1857611462434854,0.8112823582597833,0.7556556190629644
373,1.9980346016232329,0.67131941078078,0.8112823582597833,0.7556578470383846
374,1.8667419667980032,0.17237237417222467,0.7898204683769193,0.7556283002955556
375,1.9913717137532396,0.656247881566978,0.7898204683769193,0.7556303412246761
376,1.8799377625263574,0.1597938361057919,0.7691654839434764,0.7556042074168329
377,1.9839891034461132,0.6411389783105028,0.7691654839434764,0.7556060649486207
378,1.8926970211081104,0.14828332563951682,0.7494626370147015,0.7555832223075615
379,1.9759059224384778,0.6260472583391237,0.7494626370147015,0.7555849007336618
380,1.9049822926583242,0.13815494659948233,0.730863752650959,0.7555652201060268
381,1.967143346985698,0.6110312375631369,0.730863752650959,0.7555667242920898
382,1.9167581673368326,0.12977356934318499,0.7135256839352283,0.7555500703258875
383,1.9577245846218305,0.5961536292219088,0.7135256839352283,0.7555514056450824
384,1.9279912820924112,0.12352852533697738,0.6976080537818148,0.7555376379199185
385,1.947674880445089,0.5814815542018448,0.6976080537818148,0.7555388101888002
386,1.9386503234062784,0.11977854195154526,0.6832702257482891,0.7555277842882658
387,1.9370215225437097,0.5670867009721644,0.6832702257482891,0.7555287997051506
388,1.9487060268812937,0.11877415473874745,0.6706674846504712,0.7555203682302242
389,1.9257938461055795,0.5530454063899422,0.6706674846504712,0.7555212333161928
390,1.9581311744080854,0.12058753735304066,0.6599464973400356,0.7555152468388959
391,1.914023235673604,0.5394386210296254,0.6599464973400356,0.7555159683815352
392,1.966900589535797,0.1250897944154566,0.6512402401686808,0.7555122763384525
393,1.9017431249168302,0.5263517148726921,0.6512402401686808,0.755512861338408
394,1.9749911315828386,0.1319907067347633,0.6446627076598721,0.7555113128640024
395,1.888988993184314,0.5138740721997556,0.6446627076598721,0.7555117684844121
396,1.9823816889414752,0.1409153038487412,0.6403038309751091,0.7555122131843872
397,1.8757983579943562,0.5020984200101924,0.6403038309751091,0.7555125467032313
398,1.9890531719585223,0.15147695163998504,0.6382251022797282,0.7555148353684816
399,1.862210762486201,0.49111983455840275,0.6382251022797282,0.7555150541338779
400,1.9949885057120418,0.16332383682239196,0.6384563921097394,0.7555190393958215
401,1.848267756725202,0.4810343784850164,0.6384563921097394,0.755519150784269
402,2.0001726229498447,0.17615817509228188,0.6409943463802781,0.7555246877126071
403,1.8340128716071318,0.47193733950772815,0.6409943463802781,0.755524699090171
404,2.0045924574088954,0.18973773313722736,0.6458025676030292,0.7555316457343234
405,1.8194915839549055,0.4639210730128105,0.6458025676030292,0.7555315644207404
406,2.0082369376945186,0.2038691091894677,0.6528135568461003,0.7555397822964129
407,1.804751271244717,0.4570724955669526,0.6528135568461003,0.7555396155320815
408,2.0110969818636817,0.21839866292482377,0.6619321703000031,0.7555489700545753
409,1.789841154242925,0.45147033150874954,0.6619321703000031,0.7555487249703783
410,2.0131654928268192,0.2332038881207281,0.6730401764659173,0.7555590858364208
411,1.774812225686015,0.44718227326336635,0.6730401764659173,0.7555587694263255
412,2.0144373546567698,0.2481862042915023,0.6860014179118573,0.7555700109463132
413,1.7597171630012647,0.4442622665464061,0.6860014179118573,0.7555696300426831
414,2.0149094298707357,0.26326529126315046,0.7006670897037055,0.7555816314253518
415,1.7446102229550309,0.4427481605632075,0.7006670897037055,0.7555811926768858
416,2.0145805577309357,0.27837476975724024,0.7168807261060658,0.7555938382685043
417,1.7295471160404643,0.4426599584842597,0.7168807261060658,0.7555933481207256
418,2.0134515535911612,0.29345895484127343,0.7344826064964785,0.7556065276009867
419,1.7145848583905592,0.4439988588086377,0.7344826064964785,0.7556059922791871
420,2.011525209299029,0.3084704282821594,0.753313418799357,0.7556196008160316
421,1.6997815990412777,0.4467471973899541,0.753313418799357,0.7556190263105734
422,2.0088062946467113,0.32336822289191736,0.773217130403101,0.7556329646762108
423,1.6851964204899363,0.45086929686681887,0.773217130403101,0.755632356730087
424,2.0053015598456434,0.3381164600509475,0.7940430999492513,0.7556465313805177
425,1.670889110713819,0.4563131258149174,0.7940430999492513,0.755645895479067
426,2.0010197389824613,0.3526833220305326,0.81564751595254,0.7556602185994111
427,1.656919905150569,0.4630125853627534,0.81564751595254,0.7556595599620727
428,1.9959715543935925,0.3670402720992729,0.8378942738023015,0.7556739494800186
429,1.643349197611198,0.47089019138636645,0.8378942738023015,0.7556732730540235
430,1.990169721873728,0.3811614587940218,0.8606554081412708,0.755687652623695
431,1.6302372197110575,0.4798599107361476,0.8606554081412708,0.7556869630795778
432,1.9836289566081755,0.39502325785429926,0.8838111900801744,0.7557012620380904
433,1.6176436891710075,0.48982993524192675,0.8838111900801744,0.7557005637669109
434,1.9763659796900488,0.4086039177354177,0.9072499842193413,0.7557147170658626
435,1.6056274282596543,0.5007052258164881,0.9072499842193413,0.7557140141780233
436,1.968399525049578,0.42188328359806565,0.9308679433975616,0.755727962292123
437,1.5942459547072638,0.5123897171541386,0.9308679433975616,0.7557272586176692
438,1.9597503465837185,0.4348425811780738,0.954568602271351,0.7557409474326501
439,1.5835550485998655,0.5247881295600636,0.954568602271351,0.7557402465229432
440,1.95044122522879,0.4474642466688728,0.978262415777598,0.755753627204858
441,1.5736083000215002,0.5378073806704605,0.978262415777598,0.7557529323355094
442,1.940496975666245,0.45973179220333,1.0018662758978016,0.7557659611834353
443,1.5644566435023695,0.5513576228971006,1.0018662758978016,0.7557652753583963
444,1.9299444522908966,0.47162969905962443,1.025303030020071,0.7557779136425198
445,1.5561478865860594,0.5653529524317654,1.025303030020071,0.755777239599217
446,1.9188125540011618,0.48314333259258274,1.048501016381437,0.75578945338618
447,1.5487262409738136,0.5797118447054888,1.048501016381437,0.7557887936015972
448,1.9071322272912838,0.49425887428906107,1.071393626229645,0.7558005535689224
449,1.542231865654796,0.5943573722543802,1.071393626229645,0.7557999102665265
450,1.8949364670352866,0.5049632673931748,1.0939188980997092,0.755811191507853
451,1.5367004321040123,0.6092172568875708,1.0939188980997092,0.7558105666652647
452,1.8822603142510725,0.515244173337507,1.1160191466081,0.7558213484880415
453,1.5321627219460572,0.6242238012672362,1.1160191466081,0.7558207438453666
454,1.8691408500202211,0.5250899368169405,1.1376406261257437,0.7558310095625671
455,1.528644267379833,0.6393137372270211,1.1376406261257437,0.7558304266312846
456,1.8556171846147185,0.5344895578011,1.158733228353823,0.7558401633486227
457,1.5261650440962498,0.6372857506590243,1.158733228353823,0.755839603420956
458,1.8417304407465382,0.5434326691350757,1.179250211999455,0.7558488018209919
459,1.5247392253868777,0.6222979468397374,1.179250211999455,0.7558482659796738
460,1.8275237297108422,0.5421738229360618,1.1991479622828454,0.7558569201041091
461,1.524375004659775,0.6072218688509788,1.1991479622828454,0.7558564092324673
462,1.813042119040502,0.5310903389369768,1.218385777791955,0.7558645162638487
463,1.5250744917078982,0.592108047832302,1.218385777791955,0.7558640310561343
464,1.7983325901316634,0.5208706937243204,1.236925682153151,0.7558715911000885
465,1.5268336859066978,0.5770109906680948,1.236925682153151,0.755871132071981
466,1.7834439841413656,0.5116051180977672,1.2547322580476392,0.755878147941025
467,1.5296425271678618,0.5619895070204278,1.2547322580476392,0.755877715440248
468,1.7684269343045105,0.5033810833659232,1.2717725012317556,0.7558841924401297
469,1.53348502307901,0.5471070351882339,1.2717725012317556,0.7558837866571154
470,1.75333378267616,0.49628115851493015,1.2880156923852815,0.7558897323765547
471,1.5383394483520783,0.5324319494388742,1.2880156923852815,0.7558893533551032
472,1.7382184791854862,0.4903806661169127,1.3034332847959018,0.7558947774597289
473,1.544178610615632,0.5180378239779976,1.3034332847959018,0.7558944251076062
474,1.723136460801139,0.48574525907148053,1.317998806076615,0.7558993391387981
475,1.550970174828383,0.5040036194358748,1.317998806076615,0.7558990132382285
476,1.7081445085676306,0.48242857813333195,1.3316877722978078,0.7559034304175011
477,1.5586770372442555,0.49041374679330907,1.3316877722978078,0.7559031306355048
478,1.693300580294013,0.4804701738444094,1.3444776130917715,0.7559070656749881
479,1.5672577389711257,0.47735795164575184,1.3444776130917715,0.7559067915735329
480,1.6786636167765452,0.47989387752933926,1.3563476064517404,0.7559102604930467
481,1.5766669087482208,0.46493094992787526,1.3563476064517404,0.7559100115389666
482,1.6642933196341632,0.48070677945890355,1.3672788220988903,0.7559130314901015
483,1.5868557246003514,0.45323173701355984,1.3672788220988903,0.755912807064758
484,1.650249899147399,0.4828989190625332,1.377254072428771,0.7559153961623226
485,1.5977723844622331,0.44236248899983677,1.377254072428771,0.7559151955709771
486,1.6365937909346606,0.4864437198298778,1.3862578701738604,0.7559173727320985
487,1.6093625766343462,0.43242698266851676,1.3862578701738604,0.7559171952129696
488,1.6233853408882701,0.4912991231847899,1.3942763920320207,0.755918980004084
489,1.6215699419522105,0.42352848437283036,1.3942763920320207,0.7559188247370718
490,1.6106844585351061,0.497409305799187,1.4012974476127011,0.7559202372289775
491,1.6343365207388822,0.41576710242039827,1.4012974476127011,0.7559201033440306
492,1.5985502398845077,0.5047068157531637,1.4073104531448397,0.7559211639751287
493,1.6476031788842604,0.4092366639089869,1.4073104531448397,0.7559210505602431
494,1.5870405618709134,0.51311494119114,1.4123064094737756,0.7559217800080412
495,1.6613100086814496,0.40402126115899195,1.4123064094737756,0.7559216861168789
496,1.5762116516700924,0.5225501304808238,1.4162778839502375,0.7559221051777809
497,1.6753967012892264,0.40019170270459525,1.4162778839502375,0.755922029836895
498,1.5661176354315676,0.532924309598414,1.4192189958837167,0.7559221593142648
499,1.6898028888340106,0.39780217926056216,1.4192189958837167,0.7559221015299286
500,1.5568100722769684,0.5441469818098877,1.421125405296403,0.7559219621303706
501,1.7044684551823344,0.3968874922480276,1.421125405296403,0.7559219208950008
502,1.5483374807013301,0.5561270377743041,1.4219943047733112,0.7559215331327684
503,1.7193338152867976,0.3974611712612662,1.4219943047733112,0.7559215074309472
504,1.5407448657062472,0.5687742438850747,1.4218244142602554,0.7559208915403494
505,1.7343401637275644,0.39951472027468354,1.4218244142602554,0.7559208803544374
506,1.5340732560063846,0.5820004086641994,1.4206159787148813,0.7559200562100916
507,1.7494296936396654,0.40301809254767823,1.4206159787148813,0.7559200585254412
508,1.5283592613977852,0.5957202496786039,1.418370768567917,0.7559190455701869
509,1.7645457876427921,0.4079213309954651,1.418370768567917,0.7559190603799554
510,1.5236346607760798,0.5955030474853426,1.4150920830030274,0.7559178775602224
511,1.7796331826886662,0.4141571624488181,1.4150920830030274,0.7559179038697932
512,1.5199260312768461,0.5902992809863546,1.4107847561150275,0.755916569578196
513,1.7946381109280203,0.4216442336208828,1.4107847561150275,0.7559166064092092
514,1.5172544285324236,0.5845795396523875,1.4054551660585892,0.7559151384341183
515,1.8095084187923827,0.4302906403772614,1.4054551660585892,0.7559151848281286
516,1.515635127081959,0.578349762284221,1.3991112473538527,0.7559136003099548
517,1.8241936665027925,0.43999742712291534,1.3991112473538527,0.7559136553317175
518,1.5150774285512272,0.571616449847089,1.3917625065723902,0.7559119707256334
519,1.8386452101747972,0.4506618019118597,1.3917625065723902,0.7559120334660354
520,1.5155845433887485,0.5643866689853295,1.3834200416878006,0.7559102645108395
521,1.8528162686015235,0.4621799014110851,1.3834200416878006,0.7559103340894842
522,1.517153549792103,0.5566680566364766,1.3740965654407093,0.7559084957823169
523,1.8666619766773078,0.47444902671372224,1.3740965654407093,0.7559085713497742
524,1.5197754310983012,0.548468826016555,1.3638064331392463,0.7559066779263743
525,1.8801394272843095,0.4873693421050393,1.3638064331392463,0.7559067586661129
526,1.5234351904785095,0.5397977743077939,1.352565675394215,0.755904823586304
527,1.8932077033127053,0.5008450783030417,1.352565675394215,0.7559049087163198
528,1.52811203941082,0.5306642924536846,1.3403920363742963,0.7559029446544183
529,1.9058279013286963,0.5147853098386403,1.3403920363742963,0.7559030334285674
530,1.5337796542395612,0.5210783775582312,1.3273050182619148,0.7559010522683932
531,1.9179631482490693,0.5291043871459611,1.3273050182619148,0.7559011439774508
532,1.5404064932822206,0.5110506485015852,1.3133259326960165,0.7558991568116252
533,1.9295786122306025,0.5437221028532814,1.3133259326960165,0.7558992507840858
534,1.5479561655040153,0.5005923655298601,1.2984779601050276,0.7558972679173098
535,1.9406415088399804,0.5585636635999214,1.2984779601050276,0.7558973635199381
536,1.5563878408001361,0.48971545476183975,1.2827862179627114,0.7558953944759336
537,1.951121103437009,0.5735595272707221,1.2827862179627114,0.7558954911140843
538,1.565656691425285,0.47843253879158193,1.2662778391421343,0.7558935446459046
539,1.9609887105818316,0.5886451534238282,1.2662778391421343,0.7558936417636312
540,1.5757143540733052,0.46675697486973344,1.248982061698775,0.7558917258670287
541,1.9702176911660614,0.6037607034126578,1.248982061698775,0.7558918229469872
542,1.5865094024912094,0.4547029025394988,1.230930331582359,0.7558899448765595
543,1.978783447868211,0.6188507170073551,1.230930331582359,0.7558900414397319
544,1.5979878212441951,0.4422853031152176,1.21215641995661,0.755888207727551
545,1.9866634194452264,0.6338637844297054,1.21215641995661,0.7558883033327974
546,1.6100934722502815,0.4295200740627863,1.192696556993257,0.7558865198092531
547,1.9938370742937224,0.6487522265569025,1.192696556993257,0.7558866140527077
548,1.6227685468885542,0.41642412222720576,1.1725895841952785,0.7558848858692968
549,2.000285903645923,0.6634717914070218,1.1725895841952785,0.7558849783836266
550,1.635953997769575,0.4030154810300862,1.1518771274846704,0.7558833100374299
551,2.0059934147055727,0.6779813716259958,1.1518771274846704,0.7558834004909611
552,1.6495899455642553,0.3893134583356657,1.1306037934468867,0.7558817958505681
553,2.010945123977233,0.6922427452896364,1.1306037934468867,0.7558818839463075
554,1.6636160575544972,0.37533882380684996,1.108817391234906,0.7558803462789421
555,2.0151285509976127,0.7062203406821222,1.108817391234906,0.7558804317534917
556,1.6779718957455287,0.3611140474520267,1.0865691826677446,0.7558789637531304
557,2.0185332126389706,0.7198810246211225,1.0865691826677446,0.7558790463755198
558,1.692597233431222,0.3466636049928507,1.0639141629641442,0.7558776501917753
559,2.0211506181213386,0.7331939132157141,1.0639141629641442,0.7558777297622182
560,1.7074323400086853,0.33201437107598936,1.0409113742662326,0.7558764070298043
561,2.0229742648415083,0.746130203548138,1.0409113742662326,0.7558764833783878
562,1.722418234588244,0.3171961287862742,1.017624253539354,0.7558752352469585
563,2.0239996351016307,0.7586630245754363,1.017624253539354,0.7558753082322883
564,1.7374969095405184,0.30224223419592827,0.9941210154600938,0.7558741353964928
565,2.0242241937981285,0.7707673054868048,0.9941210154600938,0.7558742049042898
566,1.7526115255721402,0.28719048889056203,0.9704750693618397,0.7558731076338657
567,2.0236473871116964,0.7703381486425604,0.9704750693618397,0.7558731735755355
568,1.7677065802393108,0.2720842929589344,0.9467654669852006,0.7558721517452927
569,2.0222706422207843,0.7567273433163474,0.9467654669852006,0.7558722140564718
570,1.7827280520105435,0.2569741775014243,0.9230773744148022,0.7558712671760309
571,2.020097368043407,0.742791621449717,0.9230773744148022,0.7558713258151195
572,1.79762352209448,0.24191985091223095,0.8995025568562568,0.7558704530582645
573,2.0171329569947902,0.7285647987819294,0.8995025568562568,0.7558705080049545
574,1.8123422762736763,0.22699293748597402,0.876139858457355,0.7558697082384942
575,2.013384787730509,0.714083092627571,0.876139858457355,0.7558697594923012
576,1.8268353889476387,0.21228063677718234,0.8530956508367861,0.7558690313043215
577,2.0088622288258255,0.699385306635602,0.8530956508367861,0.7558690788831252
578,1.8410557915036903,0.19789057335901222,0.8304842130421961,0.7558684206105475
579,2.003576643321078,0.684513032928487,0.8304842130421961,0.7558684645491499
580,1.854958327015884,0.18395709934329274,0.8084279921878857,0.7558678743044995
581,1.9975413940396578,0.6695108710213771,0.8084279921878857,0.7558679146532032
582,1.8684997931316432,0.1706491611391182,0.7870576782651744,0.7558673903505233
583,1.9907718495584374,0.654426661819856,0.7870576782651744,0.7558674271737401
584,1.8816389748524995,0.1581793474642409,0.7665120094719098,0.7558669665535755
585,1.983285390679852,0.639311733433856,0.7665120094719098,0.7558669999284663
586,1.894336668756675,0.14681254140914962,0.7469372077765376,0.7558666005818707
587,1.9751014172193042,0.6242211533940958,0.7469372077765376,0.7558666305970219
588,1.9065557000531177,0.13687025267760924,0.7284859316081438,0.7558662899885343
589,1.9662413548803264,0.6092139789686447,0.7284859316081438,0.7558663167426777
590,1.9182609337032388,0.12872316750280074,0.7113156284925009,0.7558660322322351
591,1.9567286619421722,0.5943534934997108,0.7113156284925009,0.7558660558330073
592,1.9294192807009933,0.12276155897785941,0.6955861816458124,0.7558658246967609
593,1.9465888354292833,0.579707411882961,0.6955861816458124,0.7558658452595146
594,1.9399997004661518,0.11933645464118055,0.6814567782804404,0.7558656647095231
595,1.9358494163685322,0.5653480324238151,0.6814567782804404,0.7558656823561851
596,1.9499732001807302,0.11868046947408561,0.6690819899019337,0.755865549558982
597,1.924539993667415,0.5513523053852304,0.6690819899019337,0.7558655644169627
598,1.9593128317851485,0.12084107102181317,0.6586071483670403,0.755865476510974
599,1.9126922060636617,0.5378017808710379,0.6586071483670403,0.7558654887121311
600,1.9679936872487886,0.12566553979422787,0.6501632203890939,0.7558654428239521
601,1.9003397415033882,0.5247823908977436,0.6501632203890939,0.7558654525036086
602,1.9759928926389063,0.13284763302419492,0.6438615112853157,0.7558654457631354
603,1.8875183332004302,0.512384013715558,0.6438615112853157,0.7558654530591525
604,1.983289601431747,0.1420062311423969,0.6397886390294447,0.7558654826135872
605,1.8742657515137149,0.5006997643796012,0.6397886390294447,0.7558654876654922
606,1.9898649874395,0.15275617100251393,0.638002279119294,0.7558655506922249
607,1.860621790652577,0.4898249566312699,0.638002279119294,0.7558655536403962
608,1.9957022376655484,0.16475113575426029,0.638528160554512,0.7558656473587889
609,1.8466282490825783,0.47985569022063246,0.638528160554512,0.7558656483436976
610,2.000786545347442,0.17770004217346355,0.6413586811013526,0.7558657700257924
611,1.8323289023580192,0.47088703782629493,0.6413586811013526,0.7558657691872956
612,2.005105103401277,0.19136700748630336,0.6464533193168428,0.7558659161674699
613,1.8177694669542404,0.46301083884073313,0.6464533193168428,0.7558659136441638
614,2.008647098441741,0.20556401759400406,0.6537407900236455,0.7558660833277656
615,1.8029975535163423,0.4563131535637186,0.6537407900236455,0.7558660792563887
616,2.0114037055181964,0.2201417556879449,0.6631226713255498,0.7558662691273804
617,1.7880626077858113,0.450871487441774,0.6631226713255498,0.755866263642276
618,2.013368083677884,0.23498108951043506,0.6744780728528179,0.7558664712699273
619,1.7730158373189,0.44675195321777345,0.6744780728528179,0.7558664645025496
620,2.0145353724419555,0.2499860390340533,0.6876688445752696,0.7558666875472114
621,1.757910121978476,0.4440065874558058,0.6876688445752696,0.755866679625687
622,2.014902689257706,0.2650782818982857,0.70254484430027,0.7558669158436909
623,1.7427999060742474,0.4426710631885345,0.70254484430027,0.7558669068924279
624,2.014469127970433,0.2801929773182922,0.7189488686220826,0.7558671541401448
625,1.7277410699567393,0.4427630307154935,0.7189488686220826,0.7558671442794896
626,2.013235758340043,0.2952756321546653,0.7367209743750076,0.7558674005165927
627,1.7127907788519845,0.4442812688575124,0.7367209743750076,0.7558673898625327
628,2.0112056266102067,0.3102797589668743,0.7557020443245912,0.7558676531545075
629,1.6980073067723203,0.44720574428130305,0.7557020443245912,0.7558676418184171
630,2.0083837571208405,0.3251651245824366,0.7757365595169509,0.7558679103383623
631,1.6834498334709829,0.4514985719770509,0.7757365595169509,0.755867898426788
632,2.004777154937318,0.3398964354601356,0.7966746202622653,0.7558681704565504
633,1.669178212642137,0.45710576687065907,0.7966746202622653,0.7558681580710406
634,2.000394809451395,0.354442345627891,0.8183733065788891,0.7558684320017214
635,1.6552527099208956,0.46395959569948964,0.8183733065788891,0.755868419238689
636,1.9952476988887178,0.36877470337531176,0.8406974915272007,0.7558686935705766
637,1.641733709725348,0.4719812936478987,0.8406974915272007,0.7558686805212012
638,1.9893487956352411,0.3828679754633169,0.8635202242324626,0.7558689538631627
639,1.6286813906165845,0.4810839054847769,0.8635202242324626,0.7558689406133212
640,1.9827130722691757,0.39669880409900216,0.886722790625873,0.7558692116817028
641,1.6161553696394415,0.49117503996907913,0.886722790625873,0.7558691983119361
642,1.9753575081554875,0.41024566386750716,0.9101945448688754,0.7558694659290102
643,1.604214317044426,0.5021593768866697,0.9101945448688754,0.7558694525145163
644,1.967301096425634,0.4234885944490398,0.93383258724416,0.7558697156065141
645,1.592915543867846,0.5139408246192971,0.93383258724416,0.7558697022171695
646,1.9585648511253193,0.43640899120422655,0.9575413476149985,0.7558699598119486
647,1.5823145660379978,0.5264242813142782,0.9575413476149985,0.7558699465123517
648,1.9491718142667336,0.4489894402583904,0.981232118771511,0.7558701977367285
649,1.5724646499417745,0.5395169974083057,0.981232118771511,0.7558701845862703
650,1.9391470624680724,0.4612135880384575,1.0048225716582415,0.755870428663055
651,1.5634163456753243,0.5531295686263116,1.0048225716582415,0.7558704157160071
652,1.9285177128012547,0.47306603765916677,1.0282362746572953,0.755870651960786
653,1.5552170154479428,0.5671766070459198,1.0282362746572953,0.7558706392664095
654,1.917312927397736,0.4845322663629022,1.0514022315547653,0.7558708670841
655,1.5479103657328661,0.5815771456882427,1.0514022315547653,0.7558708546867698
656,1.9055639162813758,0.4955985595640492,1.0742544471972535,0.755871073567988
657,1.5415359926782686,0.5962548323423018,1.0742544471972535,0.7558710615073331
658,1.8933039378056906,0.5062519580587981,1.0967315257790033,0.7558712710246038
659,1.5361289509225382,0.6111379637988766,1.0967315257790033,0.7558712593356619
660,1.88056829596999,0.516480215724108,1.1187763038449823,0.7558714591395004
661,1.5317193562232847,0.6261594046657487,1.1187763038449823,0.7558714478528793
662,1.8673943337745305,0.5262717656095481,1.1403355181568335,0.7558716376677785
663,1.528332032148668,0.6412564271097024,1.1403355181568335,0.7558716268098331
664,1.8538214216490336,0.5356156927697033,1.1613595073073542,0.7558718064301732
665,1.5259862104554995,0.6353526370309086,1.1613595073073542,0.7558717960231873
666,1.8398909398522474,0.5445017125269153,1.1818019451968786,0.7558719653091054
667,1.5246952936845388,0.6203502381560609,1.1818019451968786,0.7558719553714834
668,1.8256462535938989,0.5407348611143495,1.2016196040579323,0.7558721142447198
669,1.5244666869672994,0.6052660167356,1.2016196040579323,0.755872104791178
670,1.811132679476522,0.5297574108672425,1.2207721445253554,0.7558722532309209
671,1.525301704123554,0.5901509977799825,1.2207721445253554,0.7558722442726893
672,1.796397441696264,0.5196556640215882,1.2392219302191607,0.7558723823114462
673,1.5271955509294988,0.5750602242229282,1.2392219302191607,0.7558723738564673
674,1.781489616283398,0.5105195912270196,1.2569338643799965,0.7558725015759681
675,1.5301373860730438,0.5600530845022827,1.2569338643799965,0.7558724936291026
676,1.7664600615106738,0.502436139933478,1.2738752462322165,0.7558726111562684
677,1.5341104579195057,0.5451936370590753,1.2738752462322165,0.755872603719495
678,1.751361332458594,0.4954870604042791,1.290015644919351,0.755872711222475
679,1.5390923129253617,0.530550913526643,1.290015644919351,0.755872704295096
680,1.7362475776106596,0.4897465439868265,1.305326789042397,0.7558728019793935
681,1.545055069487199,0.516199174669947,1.305326789042397,0.7558727955582342
682,1.72117441527029,0.4852788010931137,1.31978247002026,0.7558728836629311
683,1.5519657493043215,0.5022180836166311,1.31978247002026,0.7558728777425384
684,1.7061987875580988,0.48213574286945937,1.3333584576759838,0.7558729565366364
685,1.5597866570439498,0.4886927497830743,1.3333584576759838,0.7558729511094741
686,1.6913787897791233,0.4803549516854463,1.3460324266272863,0.7558730208883497
687,1.568475798270743,0.4757135848165825,1.3460324266272863,0.7558730159449893
688,1.676773473061552,0.4799581232047453,1.3577838922228402,0.755873077026986
689,1.5779873252453074,0.4633759002812571,1.3577838922228402,0.7558730725562929
690,1.6624426183795236,0.4809501325987356,1.368594154915491,0.7558731252794487
691,1.588272000284793,0.451779168179915,1.368594154915491,0.7558731212687622
692,1.6484464804005432,0.4833188212230716,1.3784462521001317,0.7558731659876763
693,1.5992776668610724,0.44102586342074707,1.3784462521001317,0.7558731624229873
694,1.6348455000595148,0.48703552626172353,1.3873249165676431,0.7558731995058429
695,1.6109497194175473,0.4312198168177403,1.3873249165676431,0.7558731963719607
696,1.6216999853694685,0.49205629780419613,1.3952165408380213,0.7558732261976933
697,1.623231563932504,0.4224640334283844,1.3952165408380213,0.7558732234784103
698,1.6090697607417903,0.4983236801255448,1.4021091467365905,0.7558732464340361
699,1.6360650624604514,0.4148579782322366,1.4021091467365905,0.7558732441122813
700,1.5970137860063427,0.5057688882040619,1.4079923596682005,0.7558732605903793
701,1.6493909561622064,0.4084944002367301,1.4079923596682005,0.7558732586483672
702,1.585589747384513,0.5143141924212277,1.4128573871266459,0.7558732690447226
703,1.6631492626181024,0.40345585186588656,1.4128573871266459,0.7558732674640939
704,1.57485362385381,0.5238753329241508,1.416697001051458,0.7558732721754954
705,1.6772796444476161,0.3998111496820733,1.416697001051458,0.7558732709374516
706,1.564859233615041,0.5343638139938623,1.4195055237127345,0.7558732703596492
707,1.6917217473881685,0.3976120942999825,1.4195055237127345,0.7558732694450774
708,1.5556577666814775,0.5456889690545973,1.4212788168679586,0.7558732639708948
709,1.7064155069854479,0.3968907978520269,1.4212788168679586,0.7558732633604843
710,1.547297310888733,0.5577597299100151,1.4220142739937112,0.7558732533780846
711,1.7213014238999818,0.39765793767922397,1.4220142739937112,0.7558732530524415
712,1.5398223797975017,0.5704860726580071,1.4217108154508964,0.7558732389437443
713,1.736320808533964,0.39990216031294584,1.4217108154508964,0.7558732388834888
714,1.5332734519442073,0.5837801435596802,1.4203688864953794,0.7558732210227355
715,1.7514159962315814,0.4035907149783265,1.4203688864953794,0.7558732212086007
716,1.5276865316008157,0.5975570895709232,1.417990458097781,0.7558731999610626
717,1.766530534715077,0.408671232451864,1.417990458097781,0.7558732003739809
718,1.5230927415542235,0.5948456858459594,1.4145790305873653,0.7558731760948084
719,1.781609345701812,0.41507442141444434,1.4145790305873653,0.7558731767159903
720,1.5195179583418479,0.5895755399491032,1.4101396401864417,0.7558731497491956
721,1.7965988628213814,0.4227173617174331,1.4101396401864417,0.7558731505602034
722,1.516982499840102,0.5837901095522547,1.4046788685542544,0.7558731212377758
723,1.8114471480341652,0.43150704631353953,1.4046788685542544,0.7558731222205888
724,1.5155008740831715,0.5774954078972308,1.3982048555139552,0.7558730908617316
725,1.8261039887610029,0.4413438557101993,1.3982048555139552,0.755873091998806
726,1.5150815967123294,0.5706980107631865,1.3907273151937198,0.7558730589092956
727,1.8405209778842861,0.4521247215075025,1.3907273151937198,0.7558730601836143
728,1.515727082578602,0.5634050601083258,1.3822575558744523,0.755873025655273
729,1.8546515786884148,0.4637458249505294,1.3822575558744523,0.7558730270503932
730,1.517433614835113,0.5556242688434253,1.3728085039027211,0.7558729913606689
731,1.8684511766849816,0.4761047618352599,1.3728085039027211,0.7558729928607603
732,1.520191392478117,0.5473639270159418,1.3623947320997014,0.75587295627241
733,1.8818771201259858,0.4891021735550068,1.3623947320997014,0.7558729578622884
734,1.5239846548630176,0.5386329097445878,1.351032493176003,0.7558729206231568
735,1.8948887508556116,0.502642890589694,1.351032493176003,0.7558729222883117
736,1.528791879374002,0.5294406873200728,1.3387397587495262,0.7558728846312007
737,1.9074474269945378,0.516636660364886,1.3387397587495262,0.7558728863578182
738,1.5345860462960015,0.5197973379823498,1.3255362646600555,0.7558728485004398
739,1.9195165387957365,0.5309985404551066,1.3255362646600555,0.7558728502754191
740,1.5413349631387747,0.5097135640035333,1.3114435633813297,0.7558728124204289
741,1.9310615188611078,0.5456490358500713,1.3114435633813297,0.7558728142313957
742,1.5490016392794608,0.4992007118557975,1.296485084449935,0.7558727765664959
743,1.9420498477668577,0.5605140502273097,1.296485084449935,0.7558727784018083
744,1.5575447008719692,0.48827079743437146,1.2806862039614504,0.7558727410999194
745,1.9524510560139903,0.5755247095350643,1.2806862039614504,0.755872742948674
746,1.566918835532946,0.4769365375497813,1.2640743243285413,0.7558727061681659
747,1.9622367230996483,0.5906171041195464,1.2640743243285413,0.7558727080201957
748,1.5770752563346562,0.46521138921749666,1.2466789656531814,0.7558726719051744
749,1.9713804743956984,0.6057319845353383,1.2466789656531814,0.7558726737510465
750,1.5879621750663164,0.45310959867981854,1.2285318702353427,0.7558726384316914
751,1.9798579764228745,0.6208144367139456,1.2285318702353427,0.7558726402626978
752,1.5995252754974705,0.44064626262493983,1.2096671219212927,0.7558726058556412
753,1.9876469310215918,0.6358135545090341,1.2096671219212927,0.7558726076637903
754,1.6117081784076681,0.42783740476371807,1.190121282182426,0.7558725742725377
755,1.9947270688436123,0.6506821216901709,1.190121282182426,0.7558725760505408
756,1.6244528913495306,0.4147000718436627,1.1699335450037422,0.7558725437659252
757,2.001080142521359,0.6653763109925982,1.1699335450037422,0.7558725455071799
758,1.637700237403865,0.4012524544020272,1.1491459128393813,0.755872514407845
759,2.0066899198129846,0.6798554045803681,1.1491459128393813,0.7558725161064189
760,1.6513902584912101,0.3875140391970762,1.1278033960449543,0.755872486259327
761,2.0115421769704325,0.6940815379843831,1.1278033960449543,0.7558724879099359
762,1.6654625900618978,0.37350580246429127,1.105954238299125,0.7558724593708988
763,2.0156246925338053,0.7080194680076994,1.105954238299125,0.7558724609688872
764,1.6798568051487053,0.35925045614095885,1.0836501705454264,0.7558724337831078
765,2.0189272417174715,0.7216363640599619,1.0836501705454264,0.7558724353244247
766,1.694512726799392,0.34477276329548195,1.0609466958705236,0.7558724095270581
767,2.021441591520684,0.7349016217422928,1.0609466958705236,0.7558724110082317
768,1.7093707087915233,0.3300999446185791,1.0379034074182847,0.75587238662495
769,2.0231614966672047,0.747786697139222,1.0379034074182847,0.7558723880430634
770,1.7243718852615204,0.3152622055860789,1.0145843408255346,0.7558723650906279
771,2.0240826964537537,0.7602649600999372,1.0145843408255346,0.7558723664432921
772,1.739458390455919,0.30029342462193376,0.9910583616275942,0.7558723449301268
773,2.0242029125652756,0.7723115647445616,0.9910583616275942,0.7558723462154535
774,1.7545735502446418,0.28523205740244945,0.9673995864509419,0.7558723261422178
775,2.023521847895348,0.7685944092328861,0.9673995864509419,0.7558723273587926
776,1.7696620473377718,0.2701223328018091,0.9436878343690095,0.7558723087189511
777,2.0220411863917906,0.7549395359809433,0.9436878343690095,0.7558723098658046
778,1.784670062335743,0.2550158435860838,0.9200091012736692,0.7558722926461898
779,2.019764593930088,0.7409640002440816,0.9200091012736692,0.7558722937227702
780,1.799545392836112,0.23997367136488948,0.89645604518477,0.7558722779041362
781,2.016697720199828,0.7267019200031206,0.89645604518477,0.7558722789102816
782,1.8142375528360013,0.2250692306703095,0.8731284637194449,0.7558722644678483
783,2.0128482015714515,0.7121898377855302,0.8731284637194449,0.7558722654037577
784,1.8286978546247774,0.2103920669496953,0.8501337361056762,0.7558722523077426
785,2.0082256648913988,0.6974669076853545,0.8501337361056762,0.755872253173949
786,1.842879475271728,0.19605288125095938,0.8275871908563394,0.7558722413900811
787,2.002841732132653,0.6825750997345049,0.8275871908563394,0.7558722421874248
788,1.8567375096916685,0.18219003551488389,0.8056123464270518,0.755872231677449
789,1.9967100258039316,0.6675594209043586,0.8056123464270518,0.7558722324070501
790,1.8702290121287621,0.16897761117926785,0.7843409561749708,0.7558722231292083
791,1.989846174993667,0.6524681508622064,0.7843409561749708,0.7558722237924392
792,1.8833130277444174,0.15663453230973406,0.763912771722087,0.7558722157019377
793,1.9822678218936316,0.6373530889774154,0.763912771722087,0.7558722163004006
794,1.8959506158363186,0.1454329456699832,0.7444749224694456,0.7558722093498541
795,1.9739946286108756,0.6222698068337625,0.7444749224694456,0.7558722098853539
796,1.908104866057916,0.13570153047700875,0.7261807970039525,0.7558722040252139
797,1.9650482840345884,0.6072778975087679,0.7261807970039525,0.755872204499735
798,1.9197409088551876,0.12781578732844423,0.709188309651793,0.7558721996786935
799,1.955452510475822,0.5924412089775597,0.709188309651793,0.7558722000943765
800,1.9308259211930963,0.12216486192174264,0.6936574491371799,0.7558721962597519
801,1.9452330697417604,0.5778280440615547,0.6936574491371799,0.7558721966188716
802,1.9413291285097145,0.11908907065828866,0.6797470434820487,0.7558721937169703
803,1.9344177682415278,0.5635113033134752,0.6797470434820487,0.7558721940219143
804,1.9512218037126057,0.11880004076758081,0.6676107418295818,0.7558721919983723
805,1.9230364606465506,0.5495685401908977,0.6676107418295818,0.7558721922516212
806,1.9604772639201449,0.12131872817229065,0.6573923111838058,0.7558721910517229
807,1.9111210515444368,0.5360818901397698,0.6573923111838058,0.7558721912558313
808,1.9690708655500506,0.1264687581735475,0.6492204673330033,0.7558721908248072
809,1.8987054944305608,0.5231378274724506,0.6492204673330033,0.755872190982385
810,1.976979998268091,0.13392953598752402,0.6432035867477165,0.7558721912656878
811,1.8858257872756181,0.5108266973751393,0.6432035867477165,0.7558721913793833
812,1.9841840782311597,0.14331590475951067,0.6394247518171299,0.7558721923229421
813,1.8725199637901286,0.4992419668356866,0.6394247518171299,0.7558721923954262
814,1.9906645409899248,0.154245944136051,0.6379376322993516,0.7558721939458798
815,1.8588280793785472,0.4884791402106895,0.6379376322993516,0.7558721939798307
816,1.9964048343561729,0.1663800216295954,0.6387636739302803,0.7558721960847394
817,1.8447921906369995,0.4786342954835897,0.6387636739302803,0.7558721960828297
818,2.001390411487966,0.17943443927594407,0.6418909414777799,0.7558721986908686
819,1.8304563271012917,0.46980221889867213,0.6418909414777799,0.7558721986557523
820,2.0056087244008287,0.19318001119304726,0.6472747649946136,0.7558722017168829
821,1.815866453798076,0.462074150530704,0.6472747649946136,0.7558722016511824
822,2.009049218074538,0.20743425986820943,0.6548401057656353,0.755872205116806
823,1.8010704229954846,0.45553520117467067,0.6548401057656353,0.7558722050231024
824,2.0117033252918506,0.2220522357527022,0.6644853452348469,0.7558722088461979
825,1.7861179133949687,0.4502615578428549,0.6644853452348469,0.7558722087270203
826,2.013564462316753,0.23691817280786034,0.6760870521973448,0.7558722128622579
827,1.771060354859992,0.4463176528695063,0.6760870521973448,0.755872212720076
828,2.0146280254948956,0.2519386613063679,0.6895052252528502,0.755872217123918
829,1.7559508366477496,0.44375351797569573,0.6895052252528502,0.755872216961134
830,2.0148913888368747,0.26703733906379323,0.7045885366668767,0.7558722215919205
831,1.7408439970074292,0.4426025659515829,0.7045885366668767,0.755872221410861
832,2.0143539026253365,0.282150865916796,0.7211791969697412,0.7558722262288774
833,1.7257958919447847,0.44288002779614183,0.7211791969697412,0.7558722260317876
834,2.0130168930687473,0.2972259056263349,0.7391171841149368,0.7558722309993179
835,1.7108638409421584,0.4445822183779992,0.7391171841149368,0.7558722307883587
836,2.0108836630074167,0.3122168707984279,0.7582437063963842,0.7558722358697245
837,1.6961062474813857,0.44768671537478044,0.7582437063963842,0.7558722356469655
838,2.007959493660335,0.3270842358463671,0.7784038736291795,0.7558722408085549
839,1.681582392361543,0.4521534306386819,0.7784038736291795,0.7558722405759712
840,2.004251647383914,0.3417932699100198,0.7994486265947767,0.7558722457862521
841,1.6673521980518862,0.4579264518342995,0.7994486265947767,0.7558722455457224
842,1.999769371395126,0.3563130799485279,0.8212360198592793,0.755872250775246
843,1.653475962689925,0.4649364554528959,0.8212360198592793,0.7558722505285504
844,1.9945239023911274,0.3706158835181189,0.8436319727631975,0.7558722557499428
845,1.640014062840445,0.4731034528713123,0.8436319727631975,0.7558722554987595
846,1.988528471974565,0.3846764524427077,0.8665106047927608,0.7558722606867062
847,1.6270266247849114,0.48233963127176377,0.8665106047927608,0.7558722604326129
848,1.9817983127675813,0.3984716844008374,0.8897542616595508,0.7558722655638311
849,1.6145731649172952,0.4925520838274886,0.8897542616595508,0.7558722653083039
850,1.9743506650673677,0.41198027090477785,0.913253322875529,0.7558722703615093
851,1.6027122007790586,0.5036452759382142,0.913253322875529,0.7558722701059222
852,1.9662047838611116,0.4251824384290435,0.9369058643751068,0.7558722750617857
853,1.5915008353591156,0.5155231529599957,0.9369058643751068,0.7558722748074115
854,1.957381945977489,0.438059745445817,0.9606172332425118,0.755872279648514
855,1.580994318487695,0.5280908489875216,0.9606172332425118,0.7558722793965259
856,1.9479054571046388,0.45059492248957483,0.9842995771205462,0.7558722841073016
857,1.5712455904258094,0.5412559992822545,0.9842995771205462,0.7558722838587741
858,1.9378006583498697,0.46277174556519846,1.0078713588826178,0.755872288425451
859,1.5623048140396347,0.5549296885567984,1.0078713588826178,0.755872288181363
860,1.9270949319533348,0.4745749355623538,1.0312568776414337,0.7558722925919004
861,1.554218903183505,0.5690270842656925,1.0312568776414337,0.7558722923531359
862,1.915817705695643,0.485990078078153,1.0543858098918486,0.7558722965971552
863,1.5470310560179275,0.5834678107624234,1.0543858098918486,0.7558722963645065
864,1.904000455457097,0.49700355934687945,1.0771927791868199,0.7558723004332206
865,1.5407803028758351,0.5981761196571512,1.0771927791868199,0.7558723002073917
866,1.8916767052931835,0.5076025149490747,1.0996169588547624,0.7558723040935326
867,1.5355010788777121,0.613080906740823,1.0996169588547624,0.7558723038751413
868,1.8788820242866187,0.5177747887081563,1.12160170954582,0.7558723075728814
869,1.531222831709287,0.6281156186512693,1.12160170954582,0.7558723073624636
870,1.8656540193204045,0.5275088997427609,1.1430942515564098,0.7558723108673412
871,1.5279696747560059,0.6432180846117027,1.1430942515564098,0.7558723106653527
872,1.852032322789104,0.5367940160720477,1.164045370693212,0.7558723139741922
873,1.5257600951030388,0.6334117834205778,1.164045370693212,0.7558723137810139
874,1.838058574127517,0.5456199335020618,1.1844091557175658,0.7558723168918462
875,1.5246067247558341,0.6183960098160262,1.1844091557175658,0.755872316707788
876,1.8237763938885267,0.5392646103049054,1.2041427650204835,0.755872319619772
877,1.524516181846659,0.6033048228633883,1.2041427650204835,0.7558723194450744
878,1.8092313489471983,0.5283956685221582,1.2232062200139193,0.7558723221584179
879,1.5254889866345782,0.5881897507381028,1.2232062200139193,0.7558723219932585
880,1.7944709072495928,0.5184142098728638,1.2415622227101162,0.7558723245091403
881,1.5275195548785945,0.5731063817525115,1.2415622227101162,0.755872324353635
882,1.779544380366719,0.5094099261299644,1.2591759950435375,0.7558723266741261
883,1.5305962687885326,0.558114692337953,1.2591759950435375,0.7558723265283358
884,1.764502851962791,0.5014692177033204,1.2760151376308881,0.7558723286563246
885,1.5347016233713715,0.5432793699520339,1.2760151376308881,0.7558723285202565
886,1.7493990901502665,0.49467298958670924,1.2920495058374966,0.7558723304593744
887,1.5398124437287433,0.5286701117825727,1.2920495058374966,0.7558723303329866
888,1.7342874415919405,0.4890942737368384,1.307251101204972,0.7558723320875348
889,1.545900166849708,0.5143618721744151,1.307251101204972,0.7558723319707407
890,1.7192237051344652,0.4847958106188509,1.3215939764837505,0.7558723335456186
891,1.5529311797849539,0.500435021957923,1.3215939764837505,0.7558723334382911
892,1.7042649827320324,0.4818277577052298,1.3350541526974347,0.7558723348389289
893,1.560867204857377,0.48697537154578885,1.3350541526974347,0.7558723347409024
894,1.6894695054593947,0.48022571121974217,1.3476095468392937,0.7558723359731945
895,1.5696657217981034,0.474073997545888,1.3476095468392937,0.7558723358842704
896,1.6748964325371802,0.4800092215693492,1.3592399089625158,0.7558723369545126
897,1.5792804163997896,0.461826801263982,1.3592399089625158,0.7558723368744608
898,1.6606056215176668,0.4811809490784984,1.3699267675738667,0.7558723377892885
899,1.5896616454220143,0.45033371946317946,1.3699267675738667,0.7558723377178521
900,1.6466573681236067,0.4837265475090671,1.3796533823752195,0.7558723384841834
901,1.6007569080122277,0.4396975069604151,1.3796533823752195,0.7558723384210817
902,1.6331121147125085,0.4876152876640233,1.3884047035195048,0.7558723390460619
903,1.6125113147473473,0.43002202199820927,1.3884047035195048,0.755872338990993
904,1.6200301269666368,0.4928013558774811,1.396167336657869,0.7558723394819417
905,1.6248680464730643,0.421409974073215,1.396167336657869,0.7558723394345868
906,1.6074711391919871,0.4992256967971375,1.4029295131542796,0.7558723397989492
907,1.6377687963356835,0.4139601439953115,1.4029295131542796,0.7558723397589742
908,1.595493969546703,0.5068182275429592,1.4086810649336035,0.7558723400042745
909,1.6511541896850115,0.40776415765169527,1.4086810649336035,0.7558723399713343
910,1.5841561075995354,0.515500235883293,1.4134134035105215,0.7558723401051333
911,1.6649641778063473,0.40290298209306774,1.4134134035105215,0.7558723400788726
912,1.573513277818154,0.5251867866836502,1.4171195028206531,0.7558723401087263
913,1.6791384026578677,0.3994434008002951,1.4171195028206531,0.7558723400887832
914,1.5636189838673793,0.5357889917543592,1.4197938855430365,0.755872340022207
915,1.6936165309037279,0.397434792773468,1.4197938855430365,0.755872340008215
916,1.55452403990596,0.5472160393261654,1.4214326126657921,0.7558723398526487
917,1.708338556514392,0.3969065636229564,1.4214326126657921,0.7558723398442381
918,1.5462760963406565,0.559376922127662,1.4220332761052645,0.7558723396070147
919,1.7232450720383434,0.39786653860949894,1.4220332761052645,0.7558723396038162
920,1.538919168649948,0.5721818410232339,1.4215949942442856,0.7558723392921339
921,1.738277509328788,0.40030052519941517,1.4215949942442856,0.7558723392937791
922,1.532493178841509,0.5855432908026287,1.420118410308263,0.7558723389146738
923,1.7533783510393273,0.4041731033989675,1.420118410308263,0.7558723389207971
924,1.527033519771759,0.599008012374648,1.417605693549482,0.7558723384811213
925,1.768491314594351,0.4094295391459609,1.417605693549482,0.7558723384913623
926,1.5225706528533838,0.594190744171217,1.4140605432612232,0.7558723379977642
927,1.7835615106077627,0.4159985774888993,1.4140605432612232,0.7558723380117687
928,1.5191297495442921,0.5888534133764903,1.4094881956948302,0.7558723374706731
929,1.798535577884564,0.4237957876375482,1.4094881956948302,0.755872337488094
930,1.516730386409364,0.5830015459973409,1.403895434005686,0.7558723369056881
931,1.813361797211581,0.4327271127355158,1.403895434005686,0.7558723369261875
932,1.5153863024656538,0.5766412281498853,1.397290601408944,0.7558723363084074
933,1.8279901861435353,0.44269231585986407,1.397290601408944,0.7558723363316561
934,1.515105225988575,0.5697791089042461,1.3896836177838123,0.7558723356841762
935,1.8423725769349049,0.45358808996812466,1.3896836177838123,0.7558723357098561
936,1.5158887760332587,0.5624224040592299,1.3810860000271314,0.7558723350380802
937,1.856462679671072,0.4653106893937537,1.3810860000271314,0.7558723350658846
938,1.517732441706849,0.554578901081985,1.371510886523889,0.7558723343749368
939,1.870216132526577,0.47775802425196073,1.371510886523889,0.7558723344045718
940,1.520625639835135,0.5462569654986301,1.360973066175299,0.7558723336992956
941,1.883590540934399,0.4908312248450819,1.360973066175299,0.7558723337304784
942,1.5245518492373396,0.5374655490846686,1.3494890125051635,0.7558723330154304
943,1.896545507296547,0.5044357268047778,1.3494890125051635,0.755872333047892
944,1.5294888174962953,0.5282142002820104,1.3370769234536437,0.7558723323273417
945,1.9090426527096567,0.5184819508975197,1.3370769234536437,0.755872332360827
946,1.5354088340184218,0.5185130773668611,1.323756767565424,0.7558723316387564
947,1.9210456320247264,0.5328856587023075,1.323756767565424,0.7558723316730237
948,1.5422790614288626,0.5083729650151932,1.3095503373877289,0.7558723309531284
949,1.9325201434114978,0.5475680620178983,1.3095503373877289,0.75587233098795
950,1.5500619160220317,0.4978052950673418,1.2944813110138251,0.7558723302736428
951,1.9434339334577209,0.5624557545302826,1.2944813110138251,0.7558723303088052
952,1.558715487132059,0.486822172490204,1.2785753228404249,0.7558723296032188
953,1.953756798703389,0.5774805224627926,1.2785753228404249,0.7558723296385219
954,1.568193984910396,0.47543640778757695,1.26186004475336,0.7558723289445156
955,1.963460584390846,0.5925790789274312,1.26186004475336,0.755872328979774
956,1.5784482060750147,0.46366155743378046,1.244365279115129,0.7558723282999386
957,1.972519181103801,0.6076927557880986,1.244365279115129,0.7558723283349809
958,1.5894260076753628,0.4515119743264658,1.2261230650995634,0.7558723276716452
959,1.9809085198716483,0.6227671776149096,1.2261230650995634,0.7558723277063125
960,1.6010727797276803,0.4390028708034286,1.2071678001008481,0.7558723270615535
961,1.9886065662296422,0.6377519348836999,1.2071678001008481,0.7558723270957007
962,1.6133319086331666,0.4261503974891749,1.187536378132392,0.7558723264713497
963,1.9955933136498551,0.6526002678349423,1.187536378132392,0.7558723265048455
964,1.626145224510414,0.4129717421902524,1.1672683473186571,0.7558723259024953
965,2.001850776691615,0.6672687681149139,1.1672683473186571,0.7558723259352226
966,1.6394534268709096,0.3994852543274985,1.1464060887589869,0.7558723253562413
967,2.0073629841625067,0.6817171022097932,1.1464060887589869,0.7558723253880929
968,1.6531964843691014,0.38571060209466934,1.1249950191899407,0.7558723248336313
969,2.012115972531101,0.695907758493927,1.1249950191899407,0.7558723248645148
970,1.6673140056061984,0.3716689718290791,1.1030838199666215,0.7558723243355169
971,2.0160977797894852,0.7098058182240046,1.1030838199666215,0.7558723243653501
972,1.6817455791136908,0.35738332219924634,1.0807246948878542,0.7558723238625638
973,2.019298439926512,0.723378749838604,1.0807246948878542,0.7558723238912757
974,1.6964310816574066,0.34287871007824106,1.0579736592534512,0.7558723234152646
975,2.0217099781406396,0.7365962253235967,1.0579736592534512,0.7558723234427938
976,1.711310954868016,0.32818271083055245,1.0348908621923967,0.7558723229939478
977,2.023326406893462,0.7494299570681766,1.0348908621923967,0.7558723230202448
978,1.7263264509132288,0.3133259638250816,1.0115409436402387,0.7558723225987887
979,2.024143722880778,0.761853553481642,1.0115409436402387,0.7558723226238131
980,1.741419848483592,0.2983428851666131,0.9879934262397349,0.7558723222298199
981,2.024159904976524,0.7738423916074674,0.9879934262397349,0.755872322253542
982,1.7565346407778653,0.2832726050815191,0.9643231407162168,0.7558723218869421
983,2.0233749131854655,0.7668413871891727,0.9643231407162168,0.7558723219093396
984,1.771615697459924,0.26816020859439166,0.9406106807138831,0.7558723215699324
985,2.0217906886224064,0.7531430461554992,0.9406106807138831,0.7558723215909923
986,1.7866094027342057,0.25305838680560316,0.9169428793925517,0.7558723212784583
987,2.0194111545182816,0.7391283401247385,0.9169428793925517,0.755872321298174
988,1.8014637717689168,0.23802964368877022,0.8934132949455048,0.7558723210120828
989,2.0162422182360524,0.7248316918300599,0.8934132949455048,0.7558723210304564
990,1.8161285477033897,0.2231492496839044,0.8701226852411725,0.755872320770278
991,2.012291774261299,0.7102899718415455,0.8701226852411725,0.7558723207873167
992,1.8305552814247406,0.20850918305342173,0.8471794426525648,0.7558723205524326
993,2.0075697081129693,0.6955426878480543,0.8471794426525648,0.75587232056815
994,1.8446973962043338,0.19422333400342442,0.8246999485414529,0.7558723203578607
995,2.002087901098383,0.6806321912483045,0.8246999485414529,0.7558723203722768
996,1.8585102391594361,0.18043421439339818,0.8028087927550304,0.7558723201858123
997,1.9958602358124138,0.6656039002029285,0.8028087927550304,0.7558723201989519
998,1.8719511213607691,0.1673212006790249,0.7816387872544164,0.7558723200354809
999,1.9889026022531877,0.65050653709001,0.7816387872544164,0.7558723200473725
1000,1.8849793482513564,0.15510970271720265,0.7613306857484365,0.7558723199060117
1001,1.98123290439476,0.6353923766058538,0.7613306857484365,0.7558723199166878
1002,1.8975562418830587,0.14407919939156208,0.7420325051822985,0.7558723197965088
1003,1.972871067020313,0.620317498424658,0.7420325051822985,0.7558723198060063
1004,1.9096451563199721,0.13456538875040622,0.7238983338334829,0.755872319706044
1005,1.9638390425765702,0.6053420352256144,0.7238983338334829,0.7558723197144027
1006,1.921211487406256,0.12694802725902746,0.7070865099783574,0.7558723196336625
1007,1.9541608177605145,0.5905304028646856,0.7070865099783574,0.7558723196409247
1008,1.9322226779527576,0.12161404499974043,0.6917570714376603,0.7558723195783901
1009,1.9438624194921803,0.5759514943904948,0.6917570714376603,0.7558723195846012
1010,1.942648219263766,0.11889161739454544,0.6780684170254009,0.7558723195392398
1011,1.932971919861465,0.5616788134353228,0.6780684170254009,0.7558723195444463
1012,1.9524596498032962,0.11897024409350182,0.666173191524765,0.755872319515217
1013,1.92151943956164,0.5477905153587053,0.666173191524765,0.7558723195194673
1014,1.9616305516899162,0.12184422188513114,0.6562135068321792,0.7558723195053264
1015,1.9095371492368454,0.5343693167414675,0.6562135068321792,0.7558723195086696
1016,1.9701365456101712,0.12731445822616058,0.6483157352437879,0.7558723195085748
1017,1.897059268074648,0.5215022261654948,0.6483157352437879,0.7558723195110613
1018,1.9779552846527764,0.135047413394568,0.6425852373092721,0.7558723195239775
1019,1.8841220588673329,0.509280042938111,0.6425852373092721,0.7558723195256584
1020,1.985066447488274,0.14465507485983983,0.639101486975624,0.7558723195505617
1021,1.870763818646879,0.4977965674341683,0.639101486975624,0.7558723195514877
1022,1.9914517312510729,0.15575943501356287,0.6379140978344381,0.7558723195873709
1023,1.8570248638688267,0.48714746957624167,0.6379140978344381,0.7558723195875936
1024,1.9970948444218235,0.16802777685770282,0.639040210465087,0.7558723196334693
1025,1.8429475089803933,0.4774287736187407,0.639040210465087,0.7558723196330389
1026,2.0019814999570107,0.1811837642752997,0.6424635659532151,0.7558723196879424
1027,1.8285760370598116,0.4687349406775891,0.6424635659532151,0.7558723196869095
1028,2.0060994088686512,0.19500477888996925,0.6481353850166386,0.7558723197499032
1029,1.813956661059531,0.4611565670828064,0.6481353850166386,0.7558723197483171
1030,2.0094382744190624,0.2093137279705936,0.6559769393590577,0.7558723198184918
1031,1.7991374740292891,0.4547777659422877,0.6559769393590577,0.7558723198164008
1032,2.0119897870630568,0.2239698913792964,0.6658834948626667,0.7558723198928786
1033,1.784168386541205,0.44967335687514015,0.6658834948626667,0.7558723198903313
1034,2.013747620241738,0.23886075646158886,0.677729169059064,0.7558723199722673
1035,1.7691010493945887,0.4459060458633181,0.677729169059064,0.755872319969309
1036,2.014707427107526,0.25389539592661786,0.6913721990514025,0.7558723200558954
1037,1.7539887595515777,0.44352382103572324,0.6913721990514025,0.75587232005257
1038,2.0148668382384263,0.26899934100473266,0.7066601551703824,0.7558723201430348
1039,1.7388863471563483,0.442557807330523,0.7066601551703824,0.7558723201393859
1040,2.0142254603800867,0.28411070197845456,0.7234347347960051,0.7558723202329944
1041,1.723850041432985,0.44302080299450225,0.7234347347960051,0.7558723202290634
1042,2.012784876236197,0.2991772619184856,0.7415358969474017,0.7558723203251199
1043,1.708937313254449,0.4449066611560846,0.7415358969474017,0.7558723203209471
1044,2.0105486453106307,0.31415430527698723,0.7608052219574789,0.7558723204187942
1045,1.6942066922436065,0.448190588066786,0.7608052219574789,0.7558723204144184
1046,2.007522305787644,0.32900299281215195,0.7810884823087051,0.7558723205134379
1047,1.6797175564242595,0.4528303232927652,0.7810884823087051,0.7558723205088965
1048,2.003713377418897,0.3436891402577076,0.8022374821355164,0.7558723206085108
1049,1.66552989270332,0.45876806798837805,0.8022374821355164,0.7558723206038378
1050,1.9991313653672524,0.3581822952432879,0.8241112643505559,0.7558723207035086
1051,1.6517040268517316,0.4659329549745262,0.8241112643505559,0.7558723206987371
1052,1.9937877649366333,0.37245503518562373,0.8465768012514017,0.7558723207979658
1053,1.6383003221762742,0.4742438201444682,0.8465768012514017,0.7558723207931265
1054,1.9876960670939263,0.38648242970783264,0.8695092840369163,0.755872320891453
1055,1.625378846747698,0.4836120396455816,0.8695092840369163,0.7558723208865749
1056,1.9808717646622875,0.40024162631455207,0.8927921157615483,0.7558723209835779
1057,1.6129990098771112,0.493944233220129,0.8927921157615483,0.7558723209786885
1058,1.9733323590344416,0.4137115290309683,0.9163166963077072,0.7558723210739835
1059,1.601219169507957,0.5051446880159318,0.9163166963077072,0.7558723210691077
1060,1.9650973672188747,0.42687254765473864,0.9399820707082674,0.7558723211623483
1061,1.5900962133000462,0.5171174157760714,0.9399820707082674,0.7558723211575097
1062,1.956188328990339,0.4397064010257502,0.9636944958676499,0.7558723212483838
1063,1.57968511739688,0.5297678092651288,0.9636944958676499,0.7558723212436034
1064,1.9466288138679406,0.45219596190840256,0.987366966556718,0.7558723213318357
1065,1.570038488145564,0.5430039051362664,0.987366966556718,0.7558723213271326
1066,1.9364444275883799,0.46432513414736454,1.0109187298925086,0.7558723214124786
1067,1.5612060933234269,0.556737288323476,1.0109187298925086,0.7558723214078714
1068,1.9256628176777304,0.47607875501561875,1.0342748083127449,0.7558723214901206
1069,1.5532343906473745,0.5708836884955169,1.0342748083127449,0.7558723214856246
1070,1.9143136776516438,0.4874425173471683,1.0573655440438716,0.7558723215645976
1071,1.5461660624214892,0.5853633247080975,1.0573655440438716,0.755872321560227
1072,1.9024287492901917,0.49840290729569614,1.0801261728790557,0.7558723216357724
1073,1.5400395660309585,0.6001010531411017,1.0801261728790557,0.7558723216315398
1074,1.8900418223390911,0.5089471544988877,1.102496431361869,0.7558723217035359
1075,1.534888710533203,0.6150263674389878,1.102496431361869,0.7558723216994522
1076,1.8771887308832298,0.519063192138112,1.1244201988802351,0.7558723217678033
1077,1.5307422697568336,0.6300732938225401,1.1244201988802351,0.7558723217638779
1078,1.8639073455210595,0.5287396249239357,1.1458451744334126,0.755872321828513
1079,1.5276236420403657,0.6451802152928423,1.1458451744334126,0.755872321824754
1080,1.8502375603397445,0.537965703452608,1.166722586716613,0.7558723218856266
1081,1.5255505659958122,0.6314687801817288,1.166722586716613,0.7558723218820395
1082,1.8362212735516033,0.5467313036986976,1.187006935497411,0.7558723219391255
1083,1.5245349004693651,0.6164404429272309,1.187006935497411,0.7558723219357164
1084,1.821902360503892,0.5378069667131081,1.2066557619018696,0.7558723219890101
1085,1.524582475229464,0.6013431625981519,1.2066557619018696,0.7558723219857828
1086,1.8073266376185606,0.5270480855996661,1.225629445087051,0.7558723220353001
1087,1.5256930169133753,0.5862289760110219,1.225629445087051,0.755872322032257
1088,1.7925418156597785,0.5171884438248493,1.2438910227779612,0.7558723220780307
1089,1.5278601525092517,0.5711540224691396,1.2438910227779612,0.7558723220751729
1090,1.7775974405695039,0.5083174217860736,1.2614060332391184,0.7558723221172516
1091,1.5310714902661613,0.5561788719314338,1.2614060332391184,0.7558723221145802
1092,1.762544819961489,0.5005208358541753,1.278142376397327,0.7558723221530278
1093,1.5353087755463077,0.5413688460095109,1.278142376397327,0.7558723221505416
1094,1.747436933230042,0.4938787057674426,1.2940701920076696,0.7558723221854345
1095,1.540548116897467,0.5267943117346091,1.2940701920076696,0.7558723221831334
1096,1.7323283231216204,0.48846286335723643,1.3091617529422106,0.7558723222145605
1097,1.5467602756527035,0.512530919856007,1.3091617529422106,0.7558723222124412
1098,1.717274966547158,0.48433454049952723,1.3233913718692325,0.7558723222405025
1099,1.5539110107584286,0.4986597494599183,1.3233913718692325,0.7558723222385626
1100,1.7023341223950141,0.48154210760698135,1.3367353197730538,0.7558723222633669
1101,1.561961469359667,0.4852673092242269,1.3367353197730538,0.7558723222616028
1102,1.687564154154705,0.48011914969972336,1.3491717549364355,0.7558723222832666
1103,1.570868612966842,0.47244533349436196,1.3491717549364355,0.7558723222816737
1104,1.673024325297488,0.48008305769852344,1.3606806611671443,0.7558723223003221
1105,1.580585668790556,0.46029030025520706,1.3606806611671443,0.7558723222988959
1106,1.6587745655995707,0.4814342751733786,1.3712437941965656,0.7558723223146571
1107,1.5910625960274098,0.44890259076029065,1.3712437941965656,0.7558723223133931
1108,1.6448752069548542,0.4841562789173427,1.380844635311376,0.7558723223264021
1109,1.6022465574535867,0.43838521107367634,1.380844635311376,0.755872322325294
1110,1.6313866877225314,0.4882162953973307,1.3894683513997803,0.7558723223356907
1111,1.6140823875592278,0.4288420091059704,1.3894683513997803,0.7558723223347322
1112,1.6183692253026047,0.49356667842989815,1.3971017607026062,0.755872322342656
1113,1.6265130495522635,0.42037535206794335,1.3971017607026062,0.7558723223418412
1114,1.6058824574356396,0.500146810521225,1.4037333036576458,0.7558723223474347
1115,1.6394800747910163,0.4130832822580336,1.4037333036576458,0.7558723223467578
1116,1.593985053679719,0.5078853514823518,1.4093530183143081,0.7558723223501658
1117,1.6529239794917612,0.4070562433175407,1.4093530183143081,0.7558723223496188
1118,1.5827342996147935,0.5167026471024839,1.4139525198759215,0.7558723223509864
1119,1.6667846548319352,0.40237355736097763,1.4139525198759215,0.7558723223505632
1120,1.5721856575368032,0.5265131252372703,1.417524984000189,0.7558723223500338
1121,1.6810017277765206,0.39909992030754415,1.417524984000189,0.7558723223497272
1122,1.5623923086911746,0.5372275393921376,1.4200651335553531,0.7558723223474411
1123,1.695514891053227,0.39728224608535373,1.4200651335553531,0.7558723223472442
1124,1.5534046834029134,0.5487549616479002,1.4215692285916908,0.755872322343343
1125,1.7102642016646545,0.39694720664755667,1.4215692285916908,0.7558723223432491
1126,1.5452699867201156,0.5610044692062384,1.4220350593459818,0.7558723223378714
1127,1.7251903481384203,0.39809976791295204,1.4220350593459818,0.7558723223378724
1128,1.5380317283200198,0.5738865058766663,1.4214619421515888,0.7558723223311542
1129,1.7402348873759421,0.400722911885754,1.4214619421515888,0.7558723223312437
1130,1.5317292663459592,0.5873139282509277,1.4198507181796185,0.7558723223233172
1131,1.7553404524722631,0.4047785820155085,1.4198507181796185,0.7558723223234884
1132,1.5263973754644007,0.5984122992271756,1.4172037549882117,0.7558723223144829
1133,1.7704509332540879,0.41020972694597296,1.4172037549882117,0.7558723223147281
1134,1.5220658496761708,0.5935272371175818,1.4135249509082066,0.7558723223047674
1135,1.7855116315361799,0.4169431849065827,1.4135249509082066,0.7558723223050805
1136,1.5187591502242286,0.5881227980989832,1.4088197423450943,0.7558723222942851
1137,1.800469393244634,0.424893074625145,1.4088197423450943,0.7558723222946592
1138,1.5164961082759025,0.5822045807455365,1.4030951141301895,0.7558723222831438
1139,1.815272719616988,0.43396434770316367,1.4030951141301895,0.755872322283573
1140,1.5152896909158426,0.5757787440645322,1.3963596131092082,0.7558723222714481
1141,1.8298718596809553,0.4440562022417915,1.3963596131092082,0.7558723222719255
1142,1.5151468373978956,0.5688520104501237,1.3886233652148419,0.7558723222592969
1143,1.8442188861516857,0.4550651368195401,1.3886233652148419,0.7558723222598169
1144,1.516068370636456,0.561431669594958,1.37989809633244,0.7558723222467834
1145,1.8582677567861166,0.46688751397837686,1.37989809633244,0.7558723222473401
1146,1.5180489866695637,0.5535255836008068,1.3701971573355678,0.7558723222339964
1147,1.871974363104381,0.4794215842874145,1.3701971573355678,0.7558723222345846
1148,1.5210773224209002,0.5451421935816058,1.3595355537420226,0.7558723222210197
1149,1.8852965682426508,0.49256898499568624,1.3595355537420226,0.7558723222216341
1150,1.5251360996637702,0.5362905281169101,1.3479299805220093,0.7558723222079311
1151,1.8981942355474124,0.5062357680978551,1.3479299805220093,0.7558723222085671
1152,1.5302023407868817,0.5269802139940298,1.3353988626797568,0.7558723221948046
1153,1.9106292493645927,0.5203330334704215,1.3353988626797568,0.7558723221954566
1154,1.5362476499078608,0.517221489777451,1.3219624023289964,0.7558723221817067
1155,1.922565529322999,0.5347772483439867,1.3219624023289964,0.755872322182371
1156,1.5432385511826032,0.5070252228703452,1.3076426330926936,0.7558723221687008
1157,1.9339690392638365,0.5494903300088988,1.3076426330926936,0.7558723221693731
1158,1.55113687489259,0.4964029308926537,1.2924634827791641,0.7558723221558443
1159,1.944807791829062,0.5643995588324583,1.2924634827791641,0.75587232215652
1160,1.5599001810988593,0.48536680840350455,1.2764508454211811,0.7558723221431894
1161,1.9550518495925573,0.5794373767268806,1.2764508454211811,0.7558723221438655
1162,1.5694822103351076,0.47392976025610517,1.259632663912376,0.7558723221307841
1163,1.9646733235003786,0.5945411142907067,1.259632663912376,0.7558723221314574
1164,1.5798333509452596,0.4621054432088501,1.242039024636133,0.7558723221186723
1165,1.9736463692799568,0.6096526791351893,1.242039024636133,0.7558723221193389
1166,1.5909011131978734,0.44990831785175894,1.223702265655332,0.7558723221068939
1167,1.9819471823828916,0.6247182289098643,1.223702265655332,0.7558723221075514
1168,1.6026306011571543,0.43735371347582264,1.2046571002143664,0.7558723220954827
1169,1.9895539919415242,0.639687845345555,1.2046571002143664,0.7558723220961289
1170,1.614964974374017,0.42445790926010846,1.1849407574935062,0.755872322084468
1171,1.996447054145096,0.6545152200958815,1.1849407574935062,0.7558723220851005
1172,1.6278458926942343,0.4112382361404209,1.164593142742504,0.7558723220738748
1173,2.0026086453762546,0.669157359035287,1.164593142742504,0.7558723220744913
1174,1.6412139387826803,0.3977132050411591,1.1436570190936712,0.7558723220637247
1175,2.0080230553920857,0.683574308693092,1.1436570190936712,0.7558723220643234
1176,1.6550090142613458,0.3839026689201653,1.1221782134967921,0.7558723220540349
1177,2.0126765807848876,0.6977289064162486,1.1221782134967921,0.755872322054614
1178,1.669170706595633,0.369828028464811,1.1002058493029099,0.7558723220448191
1179,2.0165575189156066,0.7115865544405519,1.1002058493029099,0.7558723220453776
1180,1.6836386249946094,0.35551249452498335,1.0777926080133775,0.7558723220360881
1181,2.019656162476433,0.7251150171336059,1.0777926080133775,0.7558723220366242
1182,1.6983527045870022,0.3409814248106656,1.0549950225508689,0.7558723220278487
1183,2.0219647948075985,0.7382842401135837,1.0549950225508689,0.7558723220283615
1184,1.7132534789797325,0.3262627584897662,1.0318738040254645,0.7558723220201062
1185,2.023477686066139,0.7510661896397216,1.0318738040254645,0.7558723220205944
1186,1.7282823219949475,0.31138758075344874,1.0084942032590951,0.7558723220128637
1187,2.0241910903205427,0.7634347105345521,1.0084942032590951,0.7558723220133275
1188,1.7433816599189866,0.2963908610764259,0.9849264071579746,0.7558723220061211
1189,2.0241032436239843,0.7753654008765137,0.9849264071579746,0.7558723220065602
1190,1.7584951559932602,0.2813124249993907,0.9612459682044939,0.7558723219998745
1191,2.023214363099624,0.7650824247393447,0.9612459682044939,0.755872322000288
1192,1.7735678691476018,0.26619824133300857,0.9375342626461557,0.7558723219941181
1193,2.0215266470534488,0.7513411586429944,0.9375342626461557,0.7558723219945058
1194,1.7885463891386288,0.25110213644874596,0.913878969103643,0.7558723219888441
1195,2.0190442761127714,0.7372878634497309,0.913878969103643,0.7558723219892061
1196,1.8033789503271382,0.23608808613909252,0.8903745539662641,0.7558723219840426
1197,2.0157734153710174,0.7229572695350107,0.8903745539662641,0.7558723219843794
1198,1.8180155263272286,0.2212332828022698,0.8671227427216983,0.7558723219797028
1199,2.0117222175012586,0.7083865786945774,0.8671227427216983,0.7558723219800143
1200,1.8324079077021806,0.20663222487561506,0.8442329469216487,0.7558723219758113
1201,2.0069008267813158,0.6936156556883903,0.8442329469216487,0.7558723219760984
1202,1.8465097647828173,0.19240210471490654,0.82182260455827,0.7558723219723554
1203,2.001321383951551,0.6786872370377081,0.82182260455827,0.7558723219726174
1204,1.8602766975558551,0.17868972373223016,0.8000173772066174,0.7558723219693191
1205,1.9949980318019152,0.663647156093594,0.8000173772066174,0.755872321969557
1206,1.8736662744232289,0.1656799105456144,0.7789511308361948,0.7558723219666862
1207,1.987946921356699,0.6485445821290633,0.7789511308361948,0.7558723219669005
1208,1.8866380614772136,0.15360470255903708,0.7587656099534688,0.7558723219644401
1209,1.9801862184929684,0.6334322694329622,0.7587656099534688,0.7558723219646319
1210,1.8991536437771561,0.14275095882693625,0.7396096991087688,0.7558723219625635
1211,1.9717361107910152,0.6183668099633645,0.7396096991087688,0.7558723219627331
1212,1.9111766399569043,0.13346120710927017,0.7216381557021383,0.7558723219610377
1213,1.9626188143714798,0.6034088799010715,0.7216381557021383,0.7558723219611865
1214,1.9226727113414084,0.1261188470138433,0.7050096990490498,0.7558723219598452
1215,1.9528585804232468,0.5886234662824376,0.7050096990490498,0.7558723219599734
1216,1.9336095666089876,0.12110746249541234,0.6898843597764283,0.7558723219589687
1217,1.9424817010678483,0.5740800546715388,0.6898843597764283,0.7558723219590773
1218,1.943956962904125,0.11874168427657646,0.676420037972759,0.7558723219583902
1219,1.9315165141390829,0.5598527525252011,0.676420037972759,0.7558723219584802
1220,1.9536867041852115,0.1191878751245295,0.6647682931813146,0.7558723219580906
1221,1.9199934063800557,0.5460203156426033,0.6647682931813146,0.7558723219581627
1222,1.9627726374827694,0.12241370472965445,0.6550694939185779,0.7558723219580508
1223,1.907944814473042,0.5326660372749291,0.6550694939185779,0.7558723219581058
1224,1.9711906476461876,0.12819841356992503,0.6474475794661888,0.7558723219582516
1225,1.8954052232199554,0.519877451903562,0.6474475794661888,0.7558723219582912
1226,1.9789186510705064,0.13619691955572685,0.6420048115610963,0.7558723219586742
1227,1.8824111600823266,0.5077457997242383,0.6420048115610963,0.7558723219586991
1228,1.9859365888186278,0.14601945836219282,0.6388169880579087,0.7558723219593002
1229,1.8690011851694994,0.4963651954899801,0.6388169880579087,0.7558723219593113
1230,1.9922264194877366,0.15729252017197967,0.6379296218563674,0.7558723219601113
1231,1.8552158756326578,0.4858314491830641,0.6379296218563674,0.7558723219601098
1232,1.9977721121108172,0.1696904748678695,0.6393555325603368,0.7558723219610903
1233,1.841097803281208,0.4762404989933295,0.6393555325603368,0.7558723219610768
1234,2.0025596393340797,0.18294429206875376,0.6430741525142579,0.755872321962219
1235,1.826691504088736,0.46768644202967824,0.6430741525142579,0.7558723219621947
1236,2.006576971067913,0.1968377770009649,0.6490326368559444,0.7558723219634816
1237,1.8120434381008825,0.4602591865785351,0.6490326368559444,0.7558723219634473
1238,2.0098140687718358,0.21119906516561218,0.6571486347787606,0.7558723219648616
1239,1.7972019381008963,0.45404180044697023,0.6571486347787606,0.7558723219648185
1240,2.012262880501894,0.225891527719563,0.6673143791501043,0.7558723219663435
1241,1.7822171452355684,0.44910768801572387,0.6673143791501043,0.755872321966292
1242,2.013917336821317,0.24080579400479712,0.6794016256503996,0.7558723219679123
1243,1.7671409296616094,0.445517784680085,0.6794016256503996,0.7558723219678538
1244,2.0147733476510985,0.25585333318991993,0.6932669382487142,0.7558723219695538
1245,1.7520267941489716,0.44331799849959347,0.6932669382487142,0.755872321969489
1246,2.014828800115886,0.2709615049645963,0.7087568664562995,0.7558723219712553
1247,1.7369297584837922,0.4425371416543833,0.7087568664562995,0.7558723219711844
1248,2.014083557421316,0.286069821433636,0.7257126643412828,0.7558723219730028
1249,1.7219062224622679,0.44318556910111906,0.7257126643412828,0.7558723219729271
1250,2.012539458781098,0.3011271486586002,0.7439743286316484,0.7558723219747844
1251,1.7070138052724153,0.4452546772864912,0.7439743286316484,0.7558723219747049
1252,2.010200320395025,0.31608961575653644,0.7633838549546849,0.7558723219765894
1253,1.6923111591396798,0.4487173210963723,0.7633838549546849,0.7558723219765066
1254,2.0070719374620087,0.33091904939872413,0.7837877093377603,0.755872321978407
1255,1.6778577552821257,0.4535291005801436,0.7837877093377603,0.7558723219783211
1256,2.003162087194526,0.34558179646620046,0.8050385794684762,0.755872321980227
1257,1.6637136404992008,0.45963037233029674,0.8050385794684762,0.7558723219801387
1258,1.998480532781886,0.3600478335064253,0.8269965081040299,0.7558723219820404
1259,1.6499391631216926,0.4669487725177552,0.8269965081040299,0.7558723219819504
1260,1.9930390282287314,0.37429008879494974,0.8495295252534878,0.7558723219838387
1261,1.6365946675938288,0.47540200963221796,0.8495295252534878,0.7558723219837474
1262,1.9868513239715102,0.3882839228139245,0.8725138936067548,0.7558723219856138
1263,1.6237401576515913,0.484900694537561,0.8725138936067548,0.7558723219855222
1264,1.9799331731485301,0.40200672750930466,0.8958340698574477,0.7558723219873594
1265,1.6114349289075653,0.49535101450681324,0.8958340698574477,0.7558723219872676
1266,1.9723023383678564,0.41543761521627104,0.9193824682729675,0.7558723219890683
1267,1.5997371726465246,0.5066571131487779,0.9193824682729675,0.7558723219889768
1268,1.963978598780904,0.42855717575712216,0.9430590956419892,0.7558723219907348
1269,1.5887035537606942,0.518723096498531,0.9430590956419892,0.7558723219906448
1270,1.9549837572272974,0.4413472857379037,0.9667711106745546,0.755872321992354
1271,1.5783887669792795,0.5314546372275077,0.9667711106745546,0.7558723219922651
1272,1.945341647167484,0.45379095809210857,0.9904323470720063,0.7558723219939216
1273,1.5688450768293292,0.5447601885575397,0.9904323470720063,0.755872321993834
1274,1.9350781390628338,0.46587222286556895,1.0139628281486954,0.7558723219954337
1275,1.560121848045789,0.5585518456256701,1.0139628281486954,0.7558723219953482
1276,1.9242211457976177,0.47757603240763025,1.037288291988966,0.7558723219968867
1277,1.552265074356713,0.5727459060560909,1.037288291988966,0.7558723219968032
1278,1.9128006266624826,0.48888818574425524,1.0603397393702332,0.7558723219982776
1279,1.5453169146244277,0.5872631860375724,1.0603397393702332,0.7558723219981967
1280,1.9008485893339977,0.499795268111664,1.0830530117106232,0.7558723219996044
1281,1.5393152461403645,0.6020291462769277,1.0830530117106232,0.7558723219995256
1282,1.8883990891889242,0.5102846025338266,1.1053684027433115,0.7558723220008651
1283,1.5342932453681926,0.616973876466644,1.1053684027433115,0.7558723220007892
1284,1.8754882251845526,0.520344211012188,1.1272303051534118,0.7558723220020589
1285,1.5302790065353806,0.63203197941984,1.1272303051534118,0.7558723220019854
1286,1.8621541314176007,0.5299627834182815,1.1485868917640507,0.7558723220031832
1287,1.5272952081349218,0.6444527471017838,1.1485868917640507,0.7558723220031133
1288,1.8484369633440487,0.5391296525806856,1.1693898298071452,0.7558723220042362
1289,1.5253588365907922,0.6295237970601563,1.1693898298071452,0.7558723220041692
1290,1.8343788775016634,0.5478303180041098,1.1895940261914808,0.7558723220052173
1291,1.5244809750692818,0.6144837087876519,1.1895940261914808,0.7558723220051539
1292,1.8200240034274042,0.5363629251084517,1.2091574013573032,0.7558723220061268
1293,1.5246666637252866,0.5993812113520547,1.2091574013573032,0.7558723220060666
1294,1.8054184063058423,0.5257156397486928,1.2280406891875146,0.7558723220069663
1295,1.5259148356340433,0.5842688556439005,1.2280406891875146,0.7558723220069093
1296,1.7906100387257464,0.5159793236242374,1.2462072604612584,0.7558723220077361
1297,1.5282183303802963,0.5692033375058644,1.2462072604612584,0.7558723220076828
1298,1.7756486797650732,0.5072430123651288,1.2636229674366526,0.7558723220084377
1299,1.5315639848854037,0.5542458258608646,1.2636229674366526,0.7558723220083879
1300,1.760585859476263,0.4995919005632421,1.2802560073008193,0.7558723220090725
1301,1.535932798685531,0.5394622814634474,1.2802560073008193,0.7558723220090265
1302,1.745474766712412,0.4931050822287891,1.2960768024031641,0.7558723220096427
1303,1.5413001686657763,0.5249237452565859,1.2960768024031641,0.7558723220096008
1304,1.7303701381308672,0.48785314819713316,1.3110578953759742,0.7558723220101508
1305,1.5476361863264114,0.51070656690016,1.3110578953759742,0.7558723220101117
1306,1.715328126146523,0.4838957833970353,1.3251738574342709,0.7558723220105974
1307,1.5549059891046002,0.49689253384433263,1.3251738574342709,0.7558723220105625
1308,1.7004061435970312,0.4812795385222927,1.3384012083279226,0.755872322010986
1309,1.5630701561622742,0.4835688496996783,1.3384012083279226,0.7558723220109542
1310,1.685662682942496,0.48003596346182537,1.3507183465894674,0.7558723220113186
1311,1.5720851384076484,0.4708278985425796,1.3507183465894674,0.7558723220112902
1312,1.6711571079705996,0.4801802768515258,1.3621054888789574,0.7558723220115979
1313,1.5819037123388378,0.45876672099406907,1.3621054888789574,0.7558723220115727
1314,1.6569494162325737,0.48171070517810505,1.3725446173717326,0.7558723220118261
1315,1.5924754475472247,0.4474861213577153,1.3725446173717326,0.7558723220118039
1316,1.6430999708135712,0.4846085604419337,1.382019434266475,0.755872322012006
1317,1.6037471783356831,0.43708932696291447,1.382019434266475,0.755872322011987
1318,1.629669200558196,0.4888390481775922,1.390515322609804,0.7558723220121406
1319,1.615663470816309,0.42768013624364154,1.390515322609804,0.7558723220121245
1320,1.6167172685396864,0.4943527219635445,1.3980193127410137,0.7558723220122328
1321,1.6281670779701924,0.41936052608842583,1.3980193127410137,0.7558723220122185
1322,1.604303709384727,0.5010874403083043,1.4045200537573719,0.7558723220122839
1323,1.6411993763939792,0.41222774488739367,1.4045200537573719,0.7558723220122727
1324,1.592487037041742,0.5089706465324253,1.4100077894878942,0.7558723220122983
1325,1.6547007797468396,0.4063709943182651,1.4100077894878942,0.7558723220122894
1326,1.581324325694414,0.5179217850052787,1.4144743385428287,0.7558723220122774
1327,1.668611125180029,0.40186789205650775,1.4144743385428287,0.755872322012271
1328,1.5708707677466522,0.5278546845034418,1.4179130780783573,0.7558723220122248
1329,1.6828700302259259,0.39878099280854096,1.4179130780783573,0.7558723220122204
1330,1.5611792140985206,0.5386797738758106,1.4203189309824047,0.7558723220121427
1331,1.6974172187052003,0.3971547035658985,1.4203189309824047,0.7558723220121399
1332,1.5522997032381292,0.5503060374885336,1.4216883562488996,0.7558723220120337
1333,1.712192815154405,0.3970129376929736,1.4216883562488996,0.7558723220120329
1334,1.544278986922272,0.5626426599362819,1.4220193423654302,0.7558723220119005
1335,1.727137608069216,0.3983577970358871,1.4220193423654302,0.7558723220119012
1336,1.5371600613281038,0.5756003455557344,1.421311403593892,0.7558723220117454
1337,1.7421932828986104,0.4011694542436354,1.421311403593892,0.7558723220117478
1338,1.5309817134434374,0.589092325481428,1.4195655790763355,0.755872322011571
1339,1.7573026262184448,0.40540725100801583,1.4195655790763355,0.7558723220115746
1340,1.525778093039337,0.5978077542768562,1.4167844347497207,0.7558723220113795
1341,1.772409702870965,0.41101186774586895,1.4167844347497207,0.7558723220113842
1342,1.521578320759943,0.592854982855486,1.4129720681044793,0.755872322011173
1343,1.7874600080951992,0.4179082934800925,1.4129720681044793,0.7558723220111788
1344,1.5184061426127642,0.5873835296285344,1.4081341158735856,0.7558723220109533
1345,1.8024005968092407,0.42600925672226925,1.4081341158735856,0.7558723220109606
1346,1.5162796404158327,0.5813990657735861,1.4022777647920972,0.7558723220107232
1347,1.8171801922569113,0.43521877534535625,1.4022777647920972,0.7558723220107314
1348,1.51521100655599,0.574907823238007,1.3954117656227276,0.7558723220104836
1349,1.8317492762152603,0.44543553410092296,1.3954117656227276,0.755872322010493
1350,1.5152063897707457,0.5679165978049737,1.3875464507019073,0.7558723220102376
1351,1.8460601628916053,0.45655588043627826,1.3875464507019073,0.7558723220102478
1352,1.5162658166558716,0.5604327531461071,1.3786937553239194,0.755872322009986
1353,1.8600670585332877,0.4684763191746889,1.3786937553239194,0.7558723220099967
1354,1.51838319132484,0.5524642261080009,1.3688672433490732,0.7558723220097308
1355,1.8737261086419716,0.48109546650463325,1.3688672433490732,0.7558723220097425
1356,1.5215463732306833,0.5440195335336856,1.3580821374966083,0.7558723220094739
1357,1.8869954345371756,0.4943154838317104,1.3580821374966083,0.7558723220094857
1358,1.5257373307447002,0.535107780986479,1.3463553548651426,0.7558723220092158
1359,1.8998351608587123,0.5080430500635919,1.3463553548651426,0.7558723220092282
1360,1.530932365808604,0.5257386738262751,1.3337055483142468,0.7558723220089586
1361,1.9122074354412355,0.5221899494596636,1.3337055483142468,0.7558723220089716
1362,1.5371024029636446,0.5159225311916528,1.3201531544412184,0.7558723220087035
1363,1.9240764428407695,0.5366733562006177,1.3201531544412184,0.7558723220087161
1364,1.5442133344148616,0.5056703035712542,1.305720448998549,0.7558723220084511
1365,1.9354084126464124,0.5514158915252684,1.305720448998549,0.7558723220084642
1366,1.5522264115824718,0.49499359481259403,1.2904316107209417,0.755872322008203
1367,1.9461716235726598,0.5663455190261862,1.2904316107209417,0.7558723220082159
1368,1.5610986728613916,0.48390468962629496,1.2743127946668995,0.7558723220079596
1369,1.9563364042004057,0.5813953316618816,1.2743127946668995,0.7558723220079729
1370,1.5707833970541765,0.4724165879127536,1.2573922163293394,0.755872322007722
1371,1.965875131118444,0.5965032722335476,1.2573922163293394,0.7558723220077354
1372,1.5812305721302824,0.4605430475852436,1.2397002479322448,0.7558723220074912
1373,1.9747622251123456,0.611611818568199,1.2397002479322448,0.7558723220075036
1374,1.592387369537631,0.4482986380140052,1.2212695285049804,0.7558723220072675
1375,1.9829741459538073,0.6266676558880825,1.2212695285049804,0.7558723220072798
1376,1.6041986151754208,0.43569880680465545,1.2021350895099923,0.7558723220070513
1377,1.9904893862604447,0.6416213518768301,1.2021350895099923,0.7558723220070638
1378,1.6166072492450656,0.4227599633989004,1.1823344979885184,0.7558723220068433
1379,1.997288464822885,0.6564270446141353,1.1823344979885184,0.7558723220068555
1380,1.6295547684430811,0.40949958401163367,1.1619080193747588,0.7558723220066442
1381,2.003353919732116,0.6710421495913876,1.1619080193747588,0.7558723220066561
1382,1.6429816452650527,0.3959363437870682,1.1408988022994278,0.7558723220064543
1383,2.0086703015845058,0.6854270891715785,1.1408988022994278,0.755872322006466
1384,1.6568277204834718,0.3820902838943828,1.119353087839942,0.7558723220062735
1385,2.0132241669938598,0.6995450458688808,1.119353087839942,0.7558723220062847
1386,1.6710325660875038,0.367983023768088,1.0973204457492682,0.7558723220061022
1387,2.0170040725983984,0.7133617394839925,1.0973204457492682,0.7558723220061129
1388,1.6855358170877504,0.3536380320793787,1.074854040168849,0.7558723220059407
1389,2.0200005697148002,0.7268452272683364,1.074854040168849,0.7558723220059509
1390,1.7002774715661975,0.3390809746529791,1.0520109271470417,0.7558723220057889
1391,2.0222061997605953,0.7399657257689114,1.0520109271470417,0.7558723220057985
1392,1.7151981591764032,0.324340163911777,1.0288523858650245,0.7558723220056467
1393,2.0236154905394064,0.7526954527237785,1.0288523858650245,0.755872322005656
1394,1.7302393789680264,0.3094471432251062,1.0054442847106781,0.7558723220055144
1395,2.024224953460061,0.7650084872599665,1.0054442847106781,0.7558723220055232
1396,1.7453437079282765,0.2944374516975787,0.9818574820948812,0.7558723220053917
1397,2.0240330817396894,0.7767609232756901,0.9818574820948812,0.7558723220054
1398,1.7604549820121569,0.27935163171734967,0.9581682599870253,0.7558723220052788
1399,2.023040349621893,0.7633176549189264,0.9581682599870253,0.7558723220052861
1400,1.7755184516888143,0.2642365645559152,0.9344587853191916,0.7558723220051747
1401,2.0212492126231854,0.7495340099688909,0.9344587853191916,0.755872322005182
1402,1.790480914180558,0.24914725019477107,0.9108175903784577,0.7558723220050799
1403,2.018664108803572,0.7354427105016108,0.9108175903784577,0.7558723220050866
1404,1.8052908246321315,0.23414918757486367,0.8873400577317168,0.7558723220049945
1405,2.0152914610395998,0.7210787974685026,0.8873400577317168,0.7558723220050008
1406,1.8198983884383018,0.21932155955436397,0.8641288877365129,0.7558723220049177
1407,2.0111396802598716,0.7064798071178795,0.8641288877365129,0.7558723220049234
1408,1.8342556368939664,0.20476147516577786,0.841294516935074,0.7558723220048493
1409,2.0062191695831775,0.6916859647995742,0.841294516935074,0.7558723220048549
1410,1.8483164882272494,0.19058954536852948,0.818955443371634,0.7558723220047893
1411,2.00054232927734,0.6767403959520155,0.818955443371634,0.7558723220047947
1412,1.8620367959449002,0.17695700381098523,0.7972384001505057,0.7558723220047372
1413,1.994123562431912,0.6616893531500136,0.7972384001505057,0.7558723220047419
1414,1.8753743862710992,0.16405428892356932,0.7762783019068072,0.7558723220046927
1415,1.9869792812092313,0.6465824567666503,0.7762783019068072,0.7558723220046969
1416,1.8882890863038904,0.1521202008586036,0.7562178716651748,0.7558723220046554
1417,1.9791279135052209,0.6314729449528362,0.7562178716651748,0.7558723220046593
1418,1.900742744354483,0.14144900564722865,0.7372068403944527,0.7558723220046251
1419,1.9705899098129696,0.616417926123007,0.7372068403944527,0.7558723220046281
1420,1.9126992437785586,0.13238982728038237,0.719400602560551,0.7558723220046013
1421,1.9613877500375905,0.6014786238036594,0.719400602560551,0.755872322004604
1422,1.9241245114590886,0.12532902956107234,0.7029582139399496,0.7558723220045834
1423,1.95154594995934,0.5867205994079904,0.7029582139399496,0.7558723220045858
1424,1.934986521959473,0.12064566108638879,0.6880396399545226,0.7558723220045718
1425,1.94109106698254,0.5722139331386973,0.6880396399545226,0.7558723220045734
1426,1.9452552982355718,0.11863941178096143,0.6748022108688222,0.7558723220045652
1427,1.9300517047396428,0.5580333367785291,0.6748022108688222,0.7558723220045667
1428,1.9549029096762756,0.11945260651503113,0.663396318921247,0.755872322004564
1429,1.9184585160419603,0.5442581647646173,0.663396318921247,0.7558723220045646
1430,1.963903468134848,0.12302647202333317,0.6539605004732032,0.7558723220045673
1431,1.9063442035804188,0.5309722821031528,0.6539605004732032,0.7558723220045678
1432,1.9722331225172345,0.12911972306411995,0.646616172709718,0.7558723220045747
1433,1.8937435176806303,0.5182637402320742,0.646616172709718,0.7558723220045744
1434,1.9798700524084272,0.13737712787876194,0.6414624172078384,0.7558723220045861
1435,1.8806932503062153,0.5062242063072263,0.6414624172078384,0.7558723220045862
1436,1.986794461143091,0.1474082095227769,0.6385712907206793,0.7558723220046015
1437,1.867232224382678,0.4949480896484615,0.6385712907206793,0.7558723220046007
1438,1.9929885686612507,0.1588444771769654,0.6379841644530112,0.7558723220046198
1439,1.853401277381662,0.48453131392083415,0.6379841644530112,0.7558723220046193
1440,1.998436604433005,0.17136751899549627,0.6397095252136181,0.755872322004641
1441,1.8392432379631567,0.47506969804256705,0.6397095252136181,0.7558723220046402
1442,2.0031248006870985,0.18471553619816322,0.6437225155095081,0.7558723220046653
1443,1.8248028943230132,0.4666569354617967,0.6437225155095081,0.7558723220046641
1444,2.0070413861358327,0.19867860886169278,0.649966272072836,0.7558723220046915
1445,1.8101269527377883,0.45938220156561815,0.649966272072836,0.75587232200469
1446,2.01017658035235,0.21308994537491774,0.6583548911485492,0.7558723220047197
1447,1.7952639846424854,0.4533274710389841,0.6583548911485492,0.7558723220047181
1448,2.012522588924935,0.22781687331478664,0.668777656508704,0.7558723220047493
1449,1.7802643604246233,0.4485646854364798,0.668777656508704,0.7558723220047479
1450,2.0140735994858123,0.24275305607714026,0.681104051664403,0.7558723220047808
1451,1.7651801679773782,0.44515296612407734,0.681104051664403,0.7558723220047792
1452,2.0148257786882144,0.25781227629112113,0.695189055158721,0.7558723220048131
1453,1.7500651139341858,0.4431361059354752,0.695189055158721,0.7558723220048116
1454,2.0147772701844993,0.2729236595134977,0.7108782754906119,0.7558723220048466
1455,1.7349744054181315,0.4425405811412169,0.7108782754906119,0.755872322004845
1456,2.0139281936390727,0.28802807284775445,0.7280125915809894,0.755872322004881
1457,1.7199646100946138,0.4433742948797918,0.7280125915809894,0.7558723220048789
1458,2.0122806447921695,0.30307543037142254,0.7464320927228384,0.7558723220049154
1459,1.7050934923299872,0.44562619400898795,0.7464320927228384,0.7558723220049136
1460,2.0098386965734747,0.3180226796803206,0.7659792313809256,0.7558723220049502
1461,1.6904198233486787,0.449266803931965,0.7659792313809256,0.7558723220049482
1462,2.0066084012474223,0.332832293662505,0.7865011964856434,0.7558723220049853
1463,1.6760031634641286,0.45424961936812236,0.7865011964856434,0.7558723220049831
1464,2.002597793554188,0.3474711354445334,0.8078515782087331,0.7558723220050205
1465,1.6619036147525181,0.46051319519458095,0.8078515782087331,0.755872322005018
1466,1.997816894791188,0.3619095991443305,0.8298914296429839,0.7558723220050548
1467,1.6481815429592654,0.4679837183075548,0.8298914296429839,0.7558723220050528
1468,1.9922777177585893,0.37612095519791433,0.852489842501633,0.7558723220050891
1469,1.6348972679906066,0.4765778177406778,0.852489842501633,0.7558723220050867
1470,1.9859942724682578,0.39008084823483524,0.8755241501950906,0.7558723220051226
1471,1.622110723055536,0.4862053843146726,0.8755241501950906,0.7558723220051202
1472,1.978982572487952,0.4037669094310015,0.898879858978184,0.7558723220051555
1473,1.6098810833893258,0.4967722130365402,0.898879858978184,0.7558723220051533
1474,1.971260641760579,0.4171584553612034,0.9224503912807537,0.7558723220051875
1475,1.5982663665019257,0.5081823378090252,0.9224503912807537,0.7558723220051856
1476,1.9628485217012552,0.43023625267590615,0.9461367081711214,0.7558723220052187
1477,1.5873230070343591,0.5203399859668256,0.9461367081711214,0.755872322005217
1478,1.9537682783317538,0.4429823332248683,0.9698468620923375,0.7558723220052492
1479,1.5771054105420652,0.5331511304847675,0.9698468620923375,0.7558723220052471
1480,1.94404400916192,0.4553798481115899,0.9934955174734781,0.7558723220052787
1481,1.5676654918099766,0.5465246555917184,0.9934955174734781,0.7558723220052764
1482,1.9337018494698102,0.467412951992955,1.0170034658101712,0.7558723220053064
1483,1.5590522045797495,0.5603731759930066,1.0170034658101712,0.7558723220053049
1484,1.9227699775657936,0.47906671102607684,1.0402971532076584,0.7558723220053332
1485,1.5513110707624622,0.5746135625176677,1.0402971532076584,0.7558723220053318
1486,1.9112786185497865,0.49032702941445594,1.0633082318792453,0.7558723220053591
1487,1.5444837182388442,0.5891672305422201,1.0633082318792453,0.755872322005358
1488,1.8992600459843743,0.5011805906643958,1.0859731423244678,0.7558723220053835
1489,1.5386074371289906,0.6039602449820662,1.0859731423244678,0.7558723220053826
1490,1.8867485808091946,0.5116148105349189,1.1082327295137848,0.7558723220054063
1491,1.5337147648633267,0.6189232895800372,1.1082327295137848,0.7558723220054054
1492,1.873780586713149,0.5216177993255373,1.1300318940606326,0.7558723220054281
1493,1.5298331104369405,0.6339915406251098,1.1300318940606326,0.755872322005427
1494,1.860394461060677,0.5311783316506744,1.151319277801339,0.7558723220054487
1495,1.5269844278308535,0.6425229373459723,1.151319277801339,0.7558723220054477
1496,1.8466306203367797,0.5402858222369887,1.1720469822164885,0.7558723220054678
1497,1.5251849477144106,0.6275769367592925,1.1720469822164885,0.7558723220054673
1498,1.8325314789335976,0.5462987967350162,1.1921703175497744,0.7558723220054857
1499,1.5244449752136937,0.6125259179757928,1.1921703175497744,0.7558723220054852
1500,1.8181414199507873,0.534932699591877,1.2116475801882591,0.7558723220055023
1501,1.524768759787982,0.5974190883054326,1.2116475801882591,0.7558723220055017
1502,1.8035067565252578,0.5243985430931536,1.2304398557697833,0.7558723220055179
1503,1.5261544411800179,0.5823095181691224,1.2304398557697833,0.7558723220055173
1504,1.7886756820468253,0.5147870553883005,1.2485108455124674,0.7558723220055317
1505,1.5285940731051844,0.5672544654964222,1.2485108455124674,0.7558723220055311
1506,1.7736982074601146,0.5061868933138484,1.2658267133704717,0.7558723220055444
1507,1.5320737239485123,0.5523157035729107,1.2658267133704717,0.7558723220055441
1508,1.7586260837064143,0.4986825914762458,1.2823559517761596,0.755872322005556
1509,1.5365736513843133,0.5375598371943016,1.2823559517761596,0.7558723220055555
1510,1.74351270723076,0.4923522774824856,1.2980692639087232,0.755872322005566
1511,1.5420685456548113,0.5230585851197357,1.2980692639087232,0.7558723220055658
1512,1.728413006379923,0.4872652604490516,1.3129394606179141,0.7558723220055753
1513,1.5485278343594993,0.5088889981648234,1.3129394606179141,0.7558723220055753
1514,1.713383306458882,0.4834796405537069,1.3269413703187989,0.7558723220055834
1515,1.5559160401083105,0.4951335718669707,1.3269413703187989,0.7558723220055835
1516,1.6984811712114873,0.481040117079565,1.3400517603533335,0.7558723220055903
1517,1.56419318133907,0.48188020090185635,1.3400517603533335,0.7558723220055905
1518,1.6837652185617942,0.4799761821818202,1.3522492684834269,0.7558723220055963
1519,1.5733152060177438,0.46922191036332916,1.3522492684834269,0.7558723220055964
1520,1.6692949086136553,0.48030087097977997,1.3635143433363235,0.7558723220056013
1521,1.5832344478191749,0.457256288577979,1.3635143433363235,0.7558723220056011
1522,1.655130302175743,0.48201019419688734,1.3738291927660178,0.7558723220056053
1523,1.5939000946867992,0.44608454040463974,1.3738291927660178,0.7558723220056054
1524,1.6413317884745242,0.4850833127721906,1.3831777392241598,0.7558723220056084
1525,1.6052586603297339,0.43581008328380105,1.3831777392241598,0.7558723220056086
1526,1.6279597812539448,0.48948343601558164,1.391545581351295,0.7558723220056108
1527,1.617254450157052,0.4265366258317094,1.391545581351295,0.7558723220056109
1528,1.6150743831483738,0.49515935048777204,1.398919961105154,0.7558723220056124
1529,1.6298300142877162,0.4183657055019574,1.398919961105154,0.7558723220056125
1530,1.6027350190590302,0.5020474293707562,1.4052897358382948,0.7558723220056129
1531,1.6429265815271183,0.4113937206090971,1.4052897358382948,0.7558723220056133
1532,1.5910000402589803,0.5100739404373723,1.410645354823719,0.7558723220056133
1533,1.6564844694909353,0.4057085708872929,1.410645354823719,0.7558723220056133
1534,1.5799263020818672,0.5191574669767708,1.4149788398054683,0.7558723220056128
1535,1.6704434673186852,0.40138611049030054,1.4149788398054683,0.7558723220056124
1536,1.5695687192856425,0.5292112761410555,1.4182837692226313,0.7558723220056116
1537,1.6847431886013373,0.39848670045555595,1.4182837692226313,0.7558723220056117
1538,1.5599798044809237,0.5401455051342521,1.4205552658208749,0.75587232200561
1539,1.6993233932122864,0.39705220090572857,1.4205552658208749,0.7558723220056102
1540,1.5512091963158297,0.5518690783343417,1.4217899874265336,0.7558723220056083
1541,1.714124277655561,0.3971037441688263,1.4217899874265336,0.7558723220056079
1542,1.5433031853436836,0.5642913099393009,1.4219861207154234,0.7558723220056054
1543,1.7290867343181384,0.3986405660134331,1.4219861207154234,0.7558723220056054
1544,1.5363042465853065,0.5773231817349396,1.4211433778629152,0.755872322005603
1545,1.7441525806337699,0.4016400484412129,1.4211433778629152,0.7558723220056024
1546,1.5302505886474422,0.5908783115591092,1.4192629960141978,0.7558723220055994
1547,1.75926475964057,0.4060589683244018,1.4192629960141978,0.7558723220055992
1548,1.5251757297890112,0.5971943843174059,1.4163477395650834,0.7558723220055961
1549,1.7743675137562642,0.41183578836685536,1.4163477395650834,0.7558723220055961
1550,1.5211081114634308,0.5921739897090746,1.412401905294925,0.7558723220055924
1551,1.7894065338190932,0.4188937066667887,1.412401905294925,0.755872322005592
1552,1.518070759553087,0.5866356178068295,1.4074313304451633,0.7558723220055883
1553,1.8043290855664773,0.42714412173172583,1.4074313304451633,0.7558723220055878
1554,1.5160810027227647,0.5805850124299021,1.4014434038905195,0.7558723220055835
1555,1.819084115765302,0.4364901748968967,1.4014434038905195,0.7558723220055836
1556,1.5151502560568633,0.5740284785170963,1.3944470806058498,0.7558723220055792
1557,1.8336223401840999,0.4468300881971848,1.3944470806058498,0.7558723220055795
1558,1.5152838764508314,0.5669728853085357,1.3864528996910352,0.7558723220055747
1559,1.8478963155239918,0.4580601000269803,1.3864528996910352,0.7558723220055749
1560,1.5164810941760665,0.5594256705434522,1.3774730062800604,0.75587232200557
1561,1.8618604973157353,0.4700768903768664,1.3774730062800604,0.75587232200557
1562,1.518735022735874,0.5513948459276685,1.3675211777295624,0.7558723220055652
1563,1.8754712856563216,0.4827794651261041,1.3675211777295624,0.7558723220055653
1564,1.5220327467064751,0.542889004179651,1.3566128545577445,0.7558723220055604
1565,1.888687060509977,0.4960705261076546,1.3566128545577445,0.755872322005561
1566,1.5263554848511596,0.5339173280323125,1.3447651766877637,0.755872322005556
1567,1.9014682081429075,0.5098573889318913,1.3447651766877637,0.7558723220055559
1568,1.5316788235454812,0.5244896016527396,1.3319970256416152,0.7558723220055508
1569,1.9137771401048176,0.5240525269295995,1.3319970256416152,0.7558723220055514
1570,1.537973013580836,0.514616225048455,1.3183290734324284,0.7558723220055464
1571,1.9255783060176093,0.5385738221032803,1.3183290734324284,0.7558723220055467
1572,1.5452033218221004,0.5043082321628926,1.303783839015973,0.7558723220055419
1573,1.9368382012860288,0.5533445978023848,1.303783839015973,0.7558723220055421
1574,1.5533304280492608,0.49357731353267553,1.2883857532871772,0.7558723220055376
1575,1.9475253707085625,0.5682934971991813,1.2883857532871772,0.7558723220055378
1576,1.5623108566443944,0.48243584459591815,1.2721612337453114,0.7558723220055331
1577,1.9576104088409239,0.5833542595465635,1.2721612337453114,0.7558723220055332
1578,1.5720974325895913,0.47089692101872715,1.2551387701026715,0.7558723220055289
1579,1.967065957849681,0.5984654345139804,1.2551387701026715,0.7558723220055287
1580,1.5826397514828194,0.45897440276590207,1.2373490222757895,0.7558723220055246
1581,1.9758667034901207,0.61357006460353,1.2373490222757895,0.7558723220055245
1582,1.5938846538965528,0.44668296910813654,1.2188249323742286,0.7558723220055205
1583,1.983989369750053,0.6286153571222466,1.2188249323742286,0.7558723220055201
1584,1.6057766953210637,0.4340381873679096,1.1996018524870695,0.7558723220055167
1585,1.9914127126194967,0.6435523604408585,1.1996018524870695,0.7558723220055164
1586,1.6182586040650513,0.4210565990093879,1.1797176902562083,0.7558723220055128
1587,1.9981175133743043,0.6583356541247634,1.1797176902562083,0.7558723220055128
1588,1.6312717207451548,0.4077558277424285,1.159213074410249,0.7558723220055094
1589,2.0040865716990184,0.67292305872275,1.159213074410249,0.7558723220055091
1590,1.6447564143034172,0.39415471573216937,1.1381315425999987,0.7558723220055058
1591,2.0093046989197334,0.6872753682750408,1.1381315425999987,0.7558723220055056
1592,1.6586524707794088,0.38027349591618265,1.116519754006737,0.7558723220055024
1593,2.0137587115705946,0.7013561067096524,1.116519754006737,0.7558723220055026
1594,1.6728994522767566,0.3661340110163099,1.0944277292585343,0.7558723220054994
1595,2.01743742547687,0.7151313080274737,1.0944277292585343,0.7558723220054991
1596,1.6874370246621844,0.3517599933528736,1.0719091201464879,0.7558723220054966
1597,2.02033165050248,0.7285693193646635,1.0719091201464879,0.7558723220054965
1598,1.702205253493092,0.3371774243916201,1.0490215114230974,0.7558723220054935
1599,2.0224341860795776,0.741640625535907,1.0490215114230974,0.7558723220054935
1600,1.7171448684743242,0.32241499959284786,1.0258267565078611,0.755872322005491
1601,2.0237398176114576,0.7543176934052976,1.0258267565078611,0.7558723220054911
1602,1.7321974973938505,0.30750473330348393,1.0023913481097373,0.7558723220054889
1603,2.024245313816975,0.7665748343302031,1.0023913481097373,0.7558723220054884
1604,1.7473058709867273,0.292482751115825,0.9787868234544654,0.7558723220054866
1605,2.02394942506403,0.7750363659753229,0.9787868234544654,0.7558723220054864
1606,1.7624140005389948,0.27739033460756857,0.9550902017836301,0.7558723220054842
1607,2.022852882720824,0.7615471478090728,0.9550902017836301,0.7558723220054838
1608,1.777467330283825,0.2622753072816431,0.9313844488266018,0.7558723220054824
1609,2.020958399535834,0.7477216750510709,0.9313844488266018,0.7558723220054823
1610,1.792412866778987,0.24719388254789196,0.9077589587361954,0.7558723220054805
1611,2.0182706710401113,0.7335929613978617,0.9077589587361954,0.7558723220054807
1612,1.8071992875056042,0.23221313580021932,0.884310038176279,0.7558723220054792
1613,2.0147963779479157,0.7191963613483566,0.884310038176279,0.7558723220054787
1614,1.8217770309107293,0.21741431143037265,0.8611413694831032,0.7558723220054782
1615,2.0105441895132126,0.704569748868664,0.8611413694831032,0.7558723220054776
1616,1.8360983700464262,0.20289722266994537,0.8383644197506203,0.7558723220054769
1617,2.0055247677794497,0.6897537134544371,0.8383644197506203,0.7558723220054762
1618,1.8501174718501263,0.18878601907267012,0.8160987501028878,0.7558723220054757
1619,1.999750772637665,0.6747917732896036,0.8160987501028878,0.7558723220054753
1620,1.863790443977095,0.17523651215770147,0.7944721643997036,0.7558723220054743
1621,1.9932368675825607,0.6597306042329312,0.7944721643997036,0.7558723220054746
1622,1.8770753709460832,0.16244490780067597,0.7736206198052443,0.7558723220054735
1623,1.9859997260270195,0.6446202819781959,0.7736206198052443,0.7558723220054737
1624,1.8899323412017495,0.15065689619808226,0.7536878045405232,0.7558723220054727
1625,1.9780580380018005,0.6295145328057932,0.7536878045405232,0.755872322005473
1626,1.9023234665385798,0.14017415335848962,0.7348242735036146,0.7558723220054724
1627,1.9694325170280178,0.6144709857311824,0.7348242735036146,0.7558723220054724
1628,1.9142128951755926,0.1313521182775698,0.7171860246271499,0.755872322005472
1629,1.9601459069046403,0.5995514154067373,0.7171860246271499,0.755872322005472
1630,1.925566819622523,0.12457937208513639,0.7009324038576664,0.7558723220054715
1631,1.9502229881007411,0.5848219607061871,0.7009324038576664,0.7558723220054717
1632,1.9363534803387854,0.12022918464440786,0.6862232516503344,0.7558723220054712
1633,1.9396905833816995,0.5703532984173025,0.6862232516503344,0.7558723220054719
1634,1.946543166057694,0.11858492863377723,0.6732152557620577,0.7558723220054709
1635,1.9285775622291543,0.5562207448925791,0.6732152557620577,0.7558723220054715
1636,1.9561082115309996,0.11976410866145827,0.6620575579034724,0.7558723220054714
1637,1.9169148435353898,0.5425042510496718,0.6620575579034724,0.7558723220054715
1638,1.9650229933428733,0.12368184185718513,0.6528867730628835,0.7558723220054715
1639,1.9047353959632745,0.5292882482650259,0.6528867730628835,0.7558723220054717
1640,1.9732639243478827,0.13007753568790728,0.6458217077724457,0.7558723220054715
1641,1.892074235262374,0.5166612953972338,0.6458217077724457,0.7558723220054717
1642,1.9808094472037638,0.13858718102052406,0.6409581837417467,0.7558723220054716
1643,1.8789684177200028,0.5047154719183292,0.6409581837417467,0.7558723220054719
1644,1.987640027396194,0.1488205606100416,0.6383644543353432,0.7558723220054718
1645,1.8654570288029304,0.493545461083431,0.6383644543353432,0.7558723220054723
1646,1.9937381460885193,0.1604146628758023,0.6380777116249795,0.7558723220054724
1647,1.8515811659116217,0.48324727298055836,0.6380777116249795,0.7558723220054728
1648,1.9990882930736098,0.173058389177798,0.6401021017916071,0.7558723220054726
1649,1.8373839140254855,0.4739165731746475,0.6401021017916071,0.7558723220054733
1650,2.0036769600568145,0.18649708260754244,0.6444085002992919,0.7558723220054728
1651,1.8229103128665465,0.46564661103373917,0.6444085002992919,0.7558723220054738
1652,2.007492634457451,0.20052694575537205,0.6509360759479152,0.7558723220054733
1653,1.8082073140532144,0.4585257836573018,0.6509360759479152,0.7558723220054742
1654,2.010525793880517,0.2149861062859609,0.6595954439410228,0.7558723220054737
1655,1.7933237265595885,0.4526349246181524,0.6595954439410228,0.7558723220054748
1656,2.012768901379532,0.2297457167189596,0.6702730241023843,0.7558723220054744
1657,1.7783101486446653,0.448044465363771,0.6702730241023843,0.7558723220054753
1658,2.0142164016047146,0.24470237000397202,0.6828361176046434,0.7558723220054745
1659,1.763218884277196,0.44481167063219623,0.6828361176046434,0.7558723220054757
1660,2.0148647179074297,0.2597720821531113,0.6971382045367142,0.7558723220054754
1661,1.7481038419650101,0.44297818424027674,0.6971382045367142,0.7558723220054762
1662,2.0147122504510957,0.27488568429510907,0.7130240308451565,0.7558723220054757
1663,1.7330204138135121,0.4425681251783066,0.7130240308451565,0.755872322005477
1664,2.0137593753599594,0.28998535344918863,0.7303341667942069,0.7558723220054767
1665,1.7180253326000126,0.4435869382484602,0.7303341667942069,0.7558723220054776
1666,2.0120084449195708,0.3050220180298077,0.7489088473402662,0.755872322005477
1667,1.7031765046736196,0.4460211298178514,0.7489088473402662,0.7558723220054782
1668,2.0094637888256974,0.31995341888315126,0.7685910216648024,0.7558723220054779
1669,1.6885328165912883,0.44983891945813703,0.7685910216648024,0.7558723220054786
1670,2.0061317164612875,0.33474265612473,0.7892286294978258,0.7558723220054787
1671,1.6741539135968548,0.45499173209280813,0.7892286294978258,0.7558723220054792
1672,2.0020205201630814,0.34935709474803694,0.8106761812167705,0.7558723220054792
1673,1.6600999483591454,0.46141636455371104,0.8106761812167705,0.7558723220054803
1674,1.997140479420057,0.3637675354831105,0.832795749790723,0.7558723220054804
1675,1.6464312988238963,0.4690376021250133,0.832795749790723,0.7558723220054807
1676,1.9915038659242592,0.3779475825190509,0.8554574919186604,0.755872322005481
1677,1.6332082546156976,0.47777104214701543,0.8554574919186604,0.755872322005481
1678,1.9851249493700749,0.3918731581402739,0.8785398104553883,0.7558723220054814
1679,1.6204906721590464,0.4875259000937061,0.8785398104553883,0.7558723220054818
1680,1.978020003869864,0.40552212770741997,0.9019292568007413,0.7558723220054822
1681,1.6083375995730949,0.4982076181371554,0.9019292568007413,0.7558723220054824
1682,1.970207314821273,0.4188740080913913,0.9255202551165385,0.7558723220054827
1683,1.5968068734246725,0.5097201534300839,0.9255202551165385,0.7558723220054829
1684,1.9617071860237119,0.4319097396719389,0.9492147131643264,0.7558723220054828
1685,1.5859546905785034,0.5219678807324403,0.9492147131643264,0.7558723220054834
1686,1.9525419467975111,0.4446115070956599,0.9729215690077001,0.7558723220054834
1687,1.5758351596287958,0.5348570929017126,0.9729215690077001,0.7558723220054839
1688,1.9427359588082862,0.45696259769588077,0.9965563096096405,0.7558723220054842
1689,1.5664998376845622,0.5482971189005881,0.9965563096096405,0.7558723220054842
1690,1.9323156222401392,0.4689472891966251,1.0200404866720825,0.7558723220054845
1691,1.5579972595502627,0.5622011017793205,1.0200404866720825,0.7558723220054848
1692,1.9213093808936315,0.4805507603306217,1.043301246756281,0.7558723220054849
1693,1.5503724675196706,0.576486490355967,1.043301246756281,0.7558723220054853
1694,1.9097477257070636,0.4917590194933884,1.0662708864680375,0.7558723220054853
1695,1.5436665510021124,0.591075300897436,1.0662708864680375,0.7558723220054855
1696,1.8976631961118273,0.5025588476718871,1.0888864389209951,0.7558723220054857
1697,1.5379162059416727,0.6058942019549142,1.0888864389209951,0.7558723220054863
1698,1.885090378533718,0.5129377527273931,1.1110892944471362,0.7558723220054865
1699,1.5331533243915216,0.620874469149632,1.1110892944471362,0.7558723220054865
1700,1.8720659012418135,0.5228839327502831,1.1328248562934584,0.7558723220054869
1701,1.5294046245998663,0.6359518490190653,1.1328248562934584,0.7558723220054869
1702,1.858628424624691,0.5323862466917254,1.154042230568779,0.7558723220054873
1703,1.5266913315049573,0.6405905847162312,1.154042230568779,0.7558723220054869
1704,1.8448186258408228,0.5414341908518486,1.1746939487791817,0.7558723220054874
1705,1.5250289166061342,0.625628302330142,1.1746939487791817,0.7558723220054875
1706,1.8306791766468515,0.5447797556257152,1.1947357207563392,0.755872322005488
1707,1.5244269047915795,0.6105671815951792,1.1947357207563392,0.7558723220054876
1708,1.8162547130559252,0.5335164900588593,1.2141262155205765,0.7558723220054883
1709,1.524888753912069,0.5954569133118421,1.2141262155205765,0.7558723220054882
1710,1.8015917953210658,0.5230969933318086,1.2328268675421812,0.7558723220054883
1711,1.5264118107779585,0.5803510929099158,1.2328268675421812,0.7558723220054882
1712,1.7867388565795586,0.513611830480641,1.2508017059063972,0.7558723220054888
1713,1.5289873449359908,0.5653075459496554,1.2508017059063972,0.7558723220054887
1714,1.7717461383389523,0.5051492449090166,1.2680172040044453,0.755872322005489
1715,1.5326006591839885,0.5503886554355557,1.2680172040044453,0.7558723220054887
1716,1.7566656108404815,0.49779307259849825,1.2844421475331056,0.7558723220054892
1717,1.5372312734428322,0.5356616750049416,1.2844421475331056,0.7558723220054892
1718,1.741550876210373,0.49162043392080135,1.3000475187671665,0.7558723220054894
1719,1.5428531764586428,0.5211990049637297,1.3000475187671665,0.7558723220054894
1720,1.7264570522145415,0.4866993157532785,1.314806395257924,0.7558723220054894
1721,1.5494351379689526,0.5070783992541441,1.314806395257924,0.7558723220054894
1722,1.7114406343804953,0.4830861963316418,1.3286938612975194,0.7558723220054896
1723,1.556941072523266,0.4933830608227185,1.3286938612975194,0.7558723220054894
1724,1.6965593342568834,0.4808238928581476,1.3416869306674923,0.7558723220054896
1725,1.5653304451562349,0.4802015709879389,1.3416869306674923,0.7558723220054895
1726,1.6818718916625788,0.4799398185186902,1.3537644793572396,0.75587232200549
1727,1.5745587085908117,0.46762758641930985,1.3537644793572396,0.7558723220054898
1728,1.6674378589513772,0.4804448152735995,1.3649071870924987,0.7558723220054898
1729,1.5845777615854244,0.45575922730992374,1.3649071870924987,0.75587232200549
1730,1.6533173556033358,0.48233268105081084,1.375097486655143,0.7558723220054903
1731,1.595336418390586,0.44469807550836127,1.375097486655143,0.75587232200549
1732,1.6395707918666487,0.48558044099054387,1.3843195201036653,0.7558723220054903
1733,1.6067808799813816,0.434547706233085,1.3843195201036653,0.75587232200549
1734,1.6262585607293523,0.4901493341471589,1.3925591011195577,0.7558723220054904
1735,1.6188551987041073,0.4254116967550732,1.3925591011195577,0.7558723220054903
1736,1.6134406982081242,0.4959864141716115,1.399803682809276,0.7558723220054906
1737,1.6315017291333966,0.41739109493648474,1.399803682809276,0.7558723220054904
1738,1.6011765128052016,0.5030266080622038,1.4060423303857779,0.7558723220054905
1739,1.6446615591975944,0.41058139213771366,1.4060423303857779,0.7558723220054908
1740,1.5895241859980263,0.5111950490605265,1.411265698238874,0.7558723220054904
1741,1.6582749169196718,0.40506912599182154,1.411265698238874,0.7558723220054909
1742,1.578540346772028,0.5204094994548131,1.415466010981018,0.7558723220054906
1743,1.6722815493749248,0.40092832857105554,1.415466010981018,0.7558723220054908
1744,1.5682796244539072,0.5305827017228307,1.418637048125805,0.7558723220054905
1745,1.6866210716352674,0.39821711608847,1.418637048125805,0.7558723220054905
1746,1.558794185405252,0.5416245337826697,1.4207741321214498,0.7558723220054905
1747,1.701233284517721,0.3969747638877095,1.4207741321214498,0.7558723220054906
1748,1.550133260434055,0.5534438870363727,1.4218741195218703,0.7558723220054901
1749,1.716058460859966,0.3972196033516755,1.4218741195218703,0.7558723220054905
1750,1.54234267100163,0.5659502267883881,1.4219353951347595,0.7558723220054904
1751,1.7310376007989101,0.3989480049004836,1.4219353951347595,0.7558723220054904
1752,1.5354643633620961,0.579054828543231,1.4209578690400517,0.7558723220054901
1753,1.7461126571293073,0.4021345811571351,1.4209578690400517,0.75587232200549
1754,1.5295359605845522,0.592671708432852,1.4189429764244417,0.75587232200549
1755,1.7612267322762591,0.40673358317323005,1.4189429764244417,0.7558723220054899
1756,1.5245903428909766,0.5965721999337009,1.415893680228938,0.7558723220054901
1757,1.776324248740832,0.41268130780127477,1.415893680228938,0.7558723220054898
1758,1.5206552668238205,0.5914842694882793,1.411814476657711,0.75587232200549
1759,1.7913510950881841,0.4198992210657294,1.411814476657711,0.75587232200549
1760,1.5177530333841296,0.5858790756728612,1.406711403648586,0.7558723220054901
1761,1.806254749659995,0.4282974515430937,1.406711403648586,0.75587232200549
1762,1.515900214429405,0.5797624349880911,1.40059205245931,0.75587232200549
1763,1.820984384225343,0.43777832053719073,1.40059205245931,0.7558723220054898
1764,1.515107445299255,0.573140725417526,1.3934655825800943,0.7558723220054897
1765,1.8354909497532825,0.44823963696988667,1.3934655825800943,0.7558723220054899
1766,1.5153792898912015,0.5660208897286083,1.3853427402428264,0.7558723220054897
1767,1.849727246411533,0.4595775710784972,1.3853427402428264,0.7558723220054896
1768,1.5167141823187367,0.558410439819867,1.376235880861739,0.7558723220054895
1769,1.8636479797824053,0.47168900972434546,1.376235880861739,0.7558723220054897
1770,1.5191044469586195,0.5503174623745388,1.3661589958102556,0.7558723220054892
1771,1.8772098051507646,0.48447337146972996,1.3661589958102556,0.7558723220054896
1772,1.5225363962651253,0.5417506261375454,1.3551277440152445,0.7558723220054896
1773,1.8903713615689384,0.4978339139267512,1.3551277440152445,0.7558723220054893
1774,1.5269905033356617,0.5327191912030008,1.3431594889342044,0.7558723220054895
1775,1.9030932972475667,0.5116785984590171,1.3431594889342044,0.7558723220054892
1776,1.5324416439916875,0.5232330207869214,1.330273341574054,0.7558723220054892
1777,1.9153382876653187,0.5259205915925533,1.330273341574054,0.7558723220054893
1778,1.5388594012125172,0.5133025960694299,1.316490210313427,0.7558723220054892
1779,1.9270710476385258,0.5404784836134696,1.316490210313427,0.755872322005489
1780,1.5462084232227655,0.5029390348289646,1.301832858404812,0.7558723220054892
1781,1.9382583384472398,0.5552762978629043,1.301832858404812,0.7558723220054889
1782,1.5544488254493924,0.49215411476629056,1.286325970159479,0.7558723220054892
1783,1.9488689709790463,0.5702433532681173,1.286325970159479,0.7558723220054892
1784,1.5635366259580559,0.4809603026397925,1.2699962269577227,0.7558723220054889
1785,1.958873805727445,0.5853140305227589,1.2699962269577227,0.755872322005489
1786,1.5734242038420951,0.4693707906207407,1.2528723943798377,0.7558723220054887
1787,1.9682457503682738,0.6004274807849227,1.2528723943798377,0.7558723220054888
1788,1.5840607703315812,0.45739954164832836,1.2349854219190814,0.7558723220054888
1789,1.9769597555356655,0.6155273056855091,1.2349854219190814,0.7558723220054887
1790,1.5953928430511732,0.44506134604692704,1.216368556915274,0.7558723220054889
1791,1.9849928093280473,0.6305612291493226,1.216368556915274,0.7558723220054886
1792,1.607364714805216,0.43237189229984274,1.1970574745335836,0.7558723220054888
1793,1.9923239309942458,0.6454807750060705,1.1970574745335836,0.7558723220054885
1794,1.6199189094207027,0.419347855706599,1.1770904258020596,0.7558723220054887
1795,1.9989341641791076,0.6602409594136246,1.1770904258020596,0.7558723220054883
1796,1.632996618448191,0.40600700975579956,1.1565084059047266,0.7558723220054888
1797,2.0048065700464166,0.6748000034702656,1.1565084059047266,0.7558723220054883
1798,1.6465381138292925,0.39236836652207097,1.135355345090757,0.7558723220054886
1799,2.0099262205433592,0.6891190687897036,1.135355345090757,0.7558723220054879
1800,1.6604831329201153,0.3784523543818077,1.1136783246836635,0.7558723220054884
1801,2.0142801920245343,0.7031620170119195,1.1136783246836635,0.755872322005488
1802,1.6747712334601244,0.36428104403237876,1.0915278207273056,0.7558723220054883
1803,2.0178575594136072,0.716895193022176,1.0915278207273056,0.7558723220054878
1804,1.6893421171571805,0.3498784374656441,1.0689579777442137,0.7558723220054883
1805,2.0206493910463053,0.7302872308877777,1.0689579777442137,0.7558723220054878
1806,1.7041359214980303,0.3352708395723153,1.0460269148451389,0.7558723220054883
1807,2.0226487443087087,0.743308881071671,1.0460269148451389,0.755872322005488
1808,1.7190934801778677,0.32048733897606363,1.0227970659320373,0.755872322005488
1809,2.023850662158982,0.755932857249021,1.0227970659320373,0.7558723220054882
1810,1.73415655317177,0.3055604342617574,0.9993355548648128,0.7558723220054884
1811,2.0242521705978915,0.7681337009674087,0.9993355548648128,0.7558723220054878
1812,1.7492680279518602,0.2905268549889031,0.9757146050616482,0.7558723220054883
1813,2.023852277133163,0.773305621561804,0.9757146050616482,0.7558723220054879
1814,1.764372093699579,0.27542864510846604,0.9520119808740618,0.7558723220054882
1815,2.022651970264009,0.7597709728511682,0.9520119808740618,0.7558723220054877
1816,1.7794143905886284,0.26031460126545175,0.9283114549686021,0.7558723220054883
1817,2.020654219994528,0.7459042282402588,0.9283114549686021,0.7558723220054876
1818,1.7943421363387078,0.2452421916540198,0.9047032915506174,0.7558723220054882
1819,2.0178639793673163,0.7317386957678063,0.9047032915506174,0.7558723220054879
1820,1.8091042322812823,0.23028012347358767,0.8812847292290616,0.7558723220054883
1821,2.014288186990982,0.7173100464896364,0.8812847292290616,0.7558723220054878
1822,1.8236513511534502,0.21551177637764785,0.8581604392733744,0.7558723220054878
1823,2.009935770516562,0.7026564953930505,0.8581604392733744,0.755872322005488
1824,1.8379360087604923,0.20103976465509582,0.83544292462301,0.7558723220054882
1825,2.0048176509975306,0.6878189997122597,0.83544292462301,0.7558723220054878
1826,1.851912621535696,0.18699189998085405,0.8132528120940513,0.7558723220054876
1827,1.9989467480453027,0.672841474237964,0.8132528120940513,0.7558723220054878
1828,1.8655375518895698,0.17352872012321588,0.791718974926228,0.7558723220054878
1829,1.992337985666347,0.6577710221987334,0.791718974926228,0.7558723220054877
1830,1.8787691430893598,0.1608523553406561,0.770978405851303,0.755872322005488
1831,1.9850082986372541,0.6426581788431993,0.770978405851303,0.7558723220054879
1832,1.8915677452517938,0.14921550371137618,0.7511757438885399,0.7558723220054878
1833,1.9769766392397525,0.6275571628436669,0.7511757438885399,0.7558723220054878
1834,1.9038957338733302,0.13892722767826027,0.7324623440397147,0.7558723220054878
1835,1.968263984137757,0.612526127929362,0.7324623440397147,0.7558723220054879
1836,1.9157175221674634,0.13034894897354832,0.7149947725348401,0.7558723220054879
1837,1.958893341132292,0.5976274035891975,0.7149947725348401,0.7558723220054877
1838,1.926999568331134,0.12387065033182343,0.698932617472291,0.7558723220054877
1839,1.9488897554766373,0.5829277091209198,0.698932617472291,0.7558723220054878
1840,1.9377103787241914,0.11985853143142212,0.6844355328363277,0.7558723220054879
1841,1.938280315372406,0.5684983196575539,0.6844355328363277,0.7558723220054874
1842,1.9478205078185122,0.11857830405210218,0.6716594896460952,0.7558723220054878
1843,1.9270941561966557,0.5544151560957986,0.6716594896460952,0.7558723220054874
1844,1.9573025556574237,0.12012199856627738,0.6607522947793966,0.7558723220054878
1845,1.915362462929682,0.5407587633066611,0.6607522947793966,0.7558723220054876
1846,1.9661311634616543,0.12437910071140192,0.6518485523025515,0.7558723220054879
1847,1.9031184701622137,0.5276141331669809,0.6518485523025515,0.7558723220054873
1848,1.9742830079248932,0.1310709927934028,0.6450643702030078,0.7558723220054877
1849,1.8903974589587407,0.5150703218108134,0.6450643702030078,0.7558723220054876
1850,1.9817367946596522,0.13982623052370435,0.6404922324005604,0.7558723220054876
1851,1.8772367497404066,0.5032198056517112,0.6404922324005604,0.7558723220054876
1852,1.9884732511817798,0.15025576028859702,0.6381965294325995,0.7558723220054877
1853,1.8636756902263927,0.4921575204170865,0.6381965294325995,0.7558723220054876
1854,1.9944751197588888,0.16200245183575596,0.6382102404456562,0.7558723220054878
1855,1.8497556373375774,0.481979534471493,0.6382102404456562,0.7558723220054877
1856,1.9997271503932021,0.17476258137106707,0.6405331671637619,0.7558723220054878
1857,1.835519931821709,0.47278132507797593,0.6405331671637619,0.7558723220054878
1858,2.0042160941620395,0.18828853058467956,0.6451319446420547,0.755872322005488
1859,1.8210138642074867,0.46465565636224043,0.6451319446420547,0.7558723220054878
1860,2.0079306970984327,0.20238246965945214,0.6519418274130602,0.7558723220054879
1861,1.8062846305388665,0.4576901012549658,0.6519418274130602,0.7558723220054877
1862,2.0108616947593014,0.21688729402578852,0.6608700237505775,0.7558723220054878
1863,1.7913812761849928,0.4519643041139665,0.6608700237505775,0.755872322005488
1864,2.0130018075984077,0.23167785313387845,0.6718001757586947,0.7558723220054875
1865,1.776354625871251,0.44754713937283924,0.6718001757586947,0.755872322005488
1866,2.014345737235119,0.24665356838037256,0.6845974921233957,0.7558723220054878
1867,1.761257197940568,0.44449397345721364,0.6845974921233957,0.755872322005488
1868,2.014890163687061,0.261732611923737,0.69911404061973,0.7558723220054876
1869,1.7461431007407442,0.4428442688030207,0.69911404061973,0.7558723220054883
1870,2.0146337436143513,0.2768474623890523,0.715193781696982,0.7558723220054877
1871,1.731067908954689,0.442619767571879,0.715193781696982,0.755872322005488
1872,2.0135771096044643,0.2919415633049466,0.7326770417563132,0.755872322005488
1873,1.7160885176594098,0.44382345173420856,0.7326770417563132,0.755872322005488
1874,2.0117228705093306,0.30696682499010836,0.7514042527624305,0.7558723220054883
1875,1.7012629719318226,0.446439398251571,0.7514042527624305,0.7558723220054885
1876,2.009075612829213,0.3218817572333975,0.7712188988509228,0.7558723220054885
1877,1.6866502699316814,0.4504335462376537,0.7712188988509228,0.7558723220054883
1878,2.0056419031206847,0.3366500690682237,0.7919696970179865,0.7558723220054882
1879,1.672310137601844,0.45575528763715173,0.7919696970179865,0.755872322005488
1880,2.001430291387892,0.35123961347973015,0.813512094393316,0.7558723220054883
1881,1.6583027734512732,0.4623397056595424,0.813512094393316,0.7558723220054882
1882,1.9964513153966081,0.3656215872261901,0.835709192445689,0.7558723220054883
1883,1.6446885623426661,0.4701102318607631,0.835709192445689,0.7558723220054886
1884,1.990717505828637,0.37976992012272387,0.8584322154594244,0.7558723220054882
1885,1.6315277578074034,0.4789814794121445,0.8584322154594244,0.7558723220054882
1886,1.984243392169195,0.3936608058273439,0.8815606339762833,0.7558723220054884
1887,1.6188801331632736,0.4888620325564903,0.8815606339762833,0.7558723220054885
1888,1.9770455091912167,0.40727233900055054,0.9049820398058986,0.7558723220054883
1889,1.606804602615401,0.4996570192699128,0.9049820398058986,0.755872322005488
1890,1.9691424038673153,0.42058423298843145,0.9285918522183733,0.7558723220054883
1891,1.5953588145683224,0.5112703520287389,0.9285918522183733,0.755872322005488
1892,1.9605546425015403,0.43357759889549274,0.9522929179825663,0.7558723220054883
1893,1.584598720545513,0.5236065782671172,0.9522929179825663,0.7558723220054883
1894,1.951304817828239,0.446234771791422,0.9759950526379364,0.7558723220054884
1895,1.574578124366488,0.5365723294994007,0.9759950526379364,0.7558723220054885
1896,1.941417555773379,0.45853917335623284,0.9996145575016335,0.755872322005488
1897,1.565348217521126,0.5500773924529316,0.9996145575016335,0.7558723220054884
1898,1.9309195215136854,0.4704752028819456,1.023073736551314,0.7558723220054883
1899,1.556957107942408,0.564035446727422,1.023073736551314,0.7558723220054885
1900,1.919839424400043,0.48202815048009023,1.046300429302169,0.755872322005488
1901,1.5494493505371292,0.5783645234645287,1.046300429302169,0.7558723220054882
1902,1.9082080212329189,0.49318412778072135,1.069227569781776,0.7558723220054883
1903,1.5428654888064197,0.5929872411859476,1.069227569781776,0.7558723220054883
1904,1.896058117288363,0.5039300124843912,1.0917927773271545,0.7558723220054882
1905,1.5372416175895809,0.607830871262949,1.0917927773271545,0.755872322005488
1906,1.8834245643928171,0.5142534039397273,1.113937981832488,0.7558723220054885
1907,1.5326089773168798,0.6228272788582637,1.113937981832488,0.755872322005488
1908,1.870344255233169,0.5241425875351516,1.1356090839572681,0.7558723220054885
1909,1.528993590094518,0.6379127774268426,1.1356090839572681,0.7558723220054883
1910,1.8568561129651922,0.5335865061640254,1.1567556494114668,0.7558723220054887
1911,1.5264159474250723,0.6386557857908184,1.1567556494114668,0.7558723220054878
1912,1.8430010750491659,0.5425747373847023,1.1773306355677056,0.7558723220054884
1913,1.5248907583754774,0.6236779978290488,1.1773306355677056,0.7558723220054878
1914,1.8288220700971467,0.5432733933992863,1.1972901481573843,0.7558723220054884
1915,1.5244267655620936,0.6086076118444248,1.1972901481573843,0.7558723220054878
1916,1.8143639863639165,0.5321144960716641,1.216593225573653,0.7558723220054882
1917,1.525026634483994,0.5934948074130375,1.216593225573653,0.7558723220054878
1918,1.7996736303559426,0.521811187336194,1.2352016482444979,0.7558723220054883
1919,1.5266869195896295,0.578393710471454,1.2352016482444979,0.755872322005488
1920,1.7847996738738323,0.5124538388568245,1.253079770593112,0.7558723220054887
1921,1.5293981081236339,0.5633627197465371,1.253079770593112,0.755872322005488
1922,1.7697925876493208,0.5041302453698617,1.2701943732267922,0.7558723220054884
1923,1.5331447404019773,0.5484648332693982,1.2701943732267922,0.7558723220054878
1924,1.754704559595012,0.4969235051901116,1.2865145331596353,0.7558723220054885
1925,1.537905602842749,0.5337679582130389,1.2865145331596353,0.7558723220054878
1926,1.7395893955630508,0.49090969050756644,1.3020115100577008,0.7558723220054885
1927,1.5436539879672369,0.5193451799753696,1.3020115100577008,0.7558723220054879
1928,1.7245024004187681,0.4861554256942197,1.3166586466843224,0.7558723220054886
1929,1.5503580137938722,0.5052749573069186,1.3166586466843224,0.7558723220054879
1930,1.7095002371903625,0.4827155305199017,1.3304312819090798,0.7558723220054885
1931,1.557980993660393,0.4916411994653677,1.3304312819090798,0.7558723220054877
1932,1.694640762071007,0.48063091050731177,1.3433066748212121,0.7558723220054883
1933,1.5664818465782022,0.4785331694134459,1.3433066748212121,0.7558723220054876
1934,1.6799828331422797,0.4799268800413905,1.3552639386539438,0.7558723220054883
1935,1.5758155377628755,0.466045145202796,1.3552639386539438,0.7558723220054877
1936,1.6655860908753348,0.48061207988785754,1.3662839833789293,0.7558723220054885
1937,1.5859335389782396,0.4542757621228135,1.3662839833789293,0.7558723220054878
1938,1.651510708766865,0.48267809978926773,1.376349465969439,0.7558723220054883
1939,1.596784298732261,0.4433269543576135,1.376349465969439,0.7558723220054878
1940,1.6378171128975179,0.48609984585347094,1.3854447474573859,0.7558723220054885
1941,1.6083137131038017,0.43330242138396063,1.3854447474573859,0.7558723220054883
1942,1.6245656697752,0.4908366140660621,1.3935558560235664,0.7558723220054882
1943,1.6204655889801272,0.424305566422667,1.3935558560235664,0.755872322005488
1944,1.6118163425538512,0.49683376011090175,1.4006704554636051,0.7558723220054883
1945,1.6331820926610765,0.4164368965760625,1.4006704554636051,0.7558723220054883
1946,1.5996283166020844,0.5040248043632457,1.4067778184651367,0.7558723220054882
1947,1.6464041780549399,0.40979093871868405,1.4067778184651367,0.7558723220054882
1948,1.5880595964280546,0.5123337865758408,1.4118688042159326,0.7558723220054883
1949,1.6600719899792964,0.4044528081303148,1.4118688042159326,0.755872322005488
1950,1.5771665771279364,0.5216776878178834,1.4159358399391204,0.7558723220054878
1951,1.6741252393254489,0.4004946568639519,1.4159358399391204,0.7558723220054879
1952,1.567003594782431,0.5319687623138497,1.4189729060215048,0.755872322005488
1953,1.688503547999684,0.39797230655376914,1.4189729060215048,0.755872322005488
1954,1.5576224615312744,0.5431166603895053,1.4209755244653284,0.7558723220054882
1955,1.7031467625848158,0.3969224119580589,1.4209755244653284,0.7558723220054878
1956,1.5490719923477376,0.5550302667663645,1.4219407504536534,0.7558723220054882
1957,1.7179952365513127,0.397360486190185,1.4219407504536534,0.7558723220054878
1958,1.5413975317390318,0.5676192186561979,1.4218671668758947,0.755872322005488
1959,1.7329900815804609,0.3992800377831619,1.4218671668758947,0.7558723220054879
1960,1.5346404896310688,0.5807951009089202,1.4207548817137658,0.7558723220054877
1961,1.748073389143805,0.4026529337625525,1.4207548817137658,0.7558723220054878
1962,1.5288378964707068,0.5944723389834972,1.4186055282400039,0.7558723220054876
1963,1.7631884239220363,0.40743094033548555,1.4186055282400039,0.7558723220054882
1964,1.5240219880130559,0.5959412119318485,1.4154222680334836,0.7558723220054878
1965,1.7782797909559815,0.4135482416119202,1.4154222680334836,0.7558723220054882
1966,1.5202198302858538,0.590785834219133,1.411209796865681,0.7558723220054876
1967,1.7932935786188178,0.4209246308641568,1.411209796865681,0.7558723220054884
1968,1.5174529947883852,0.5851139164770872,1.40597435356571,0.755872322005488
1969,1.8081774795996557,0.4294690265902147,1.40597435356571,0.7558723220054886
1970,1.5157372930686033,0.5789313479291157,1.3997237320251992,0.755872322005488
1971,1.822880892111857,0.43908298582800803,1.3997237320251992,0.7558723220054887
1972,1.515082578442525,0.5722445796588473,1.3924672965610774,0.755872322005488
1973,1.8373550035015052,0.4496639529306842,1.3924672965610774,0.7558723220054885
1974,1.5154926208243529,0.5650606280339217,1.3842160009147353,0.7558723220054878
1975,1.851552858347419,0.4611080696841897,1.3842160009147353,0.7558723220054884
1976,1.516965058508273,0.5573870792069758,1.3749824112310993,0.7558723220054879
1977,1.8654294130272235,0.47331246035000596,1.3749824112310993,0.7558723220054885
1978,1.5194914283965582,0.549232094960725,1.3647807334318642,0.7558723220054879
1979,1.878941578585406,0.4861769781049987,1.3647807334318642,0.7558723220054885
1980,1.5230572737360129,0.5406044202223589,1.3536268454746059,0.7558723220054883
1981,1.8920482535882304,0.49960545079600255,1.3536268454746059,0.7558723220054885
1982,1.5276423260464302,0.5315133926447261,1.3415383350748495,0.755872322005488
1983,1.9047103484941528,0.5135064938745434,1.3415383350748495,0.7558723220054885
1984,1.5332207557360273,0.5219689547418265,1.3285345435625786,0.755872322005488
1985,1.9168908029126293,0.5277939706424172,1.3285345435625786,0.7558723220054883
1986,1.5397614840182876,0.5119816691790811,1.314636616649281,0.7558723220054885
1987,1.928554596973149,0.5423871797394362,1.314636616649281,0.7558723220054883
1988,1.5472285472637186,0.5015627379613329,1.299867562997601,0.7558723220054885
1989,1.9396687578828793,0.5572108421130516,1.299867562997601,0.7558723220054883
1990,1.555581503896608,0.49072402644239876,1.2842523216139017,0.7558723220054883
1991,1.950202362617482,0.5721949484530169,1.2842523216139017,0.7558723220054888
1992,1.564775873402813,0.4794780933109705,1.2678178392253703,0.755872322005488
1993,1.9601265375665562,0.5872745159468048,1.2678178392253703,0.7558723220054883
1994,1.5747635969369056,0.4678382280044771,1.250593158957893,0.755872322005488
1995,1.969414455843317,0.6023892918223206,1.250593158957893,0.7558723220054882
1996,1.585493509362766,0.4558184973863713,1.2326095217983628,0.7558723220054883
1997,1.9780413328675683,0.6174834312914714,1.2326095217983628,0.7558723220054882
1998,1.596911813265137,0.44343380402192495,1.2139004825038149,0.7558723220054883
1999,1.9859844207414639,0.6325051694533684,1.2139004825038149,0.7558723220054883
