sample,d_goal,d_hazard,d_agent,speed
0,0.789164425850718,0.5964015180573957,1.2523710676770363,0.0
1,1.3135703513447516,0.5993568773889589,1.2523710676770363,0.0
2,0.7881272063579556,0.5957158807749335,1.2510379292860074,0.0771981080582744
3,1.3130794274249855,0.598786620873667,1.2510379292860074,0.07897125228243326
4,0.7863527392050136,0.5939647483714398,1.2485250982525973,0.12065825942934387
5,1.3129139224733308,0.5984445347693859,1.2485250982525973,0.1261611875714721
6,0.7840540813061955,0.5912167322795236,1.2450817008192459,0.16677241880614552
7,1.313367678637433,0.5971625134331743,1.2450817008192459,0.17587264599912306
8,0.7812137069910967,0.5875131135165643,1.2407090035283606,0.21289685539273026
9,1.3144936818361177,0.5934456680496965,1.2407090035283606,0.22542830745950795
10,0.7778099817819816,0.5828972548019589,1.2354056466009964,0.25789991251737315
11,1.3163325161054136,0.5886745090482076,1.2354056466009964,0.27374992529492315
12,0.7738256015710667,0.5774152430830738,1.2291785640345605,0.30137019363805245
13,1.3189208543075677,0.5828883491081285,1.2291785640345605,0.320450727716732
14,0.7692474536575208,0.5711159162393581,1.222043749754503,0.34314307160756097
15,1.3222912708400016,0.5761286404798871,1.222043749754503,0.36537756233198915
16,0.7640661893934838,0.5640509433126166,1.2140265380353485,0.3831529887787707
17,1.3264717732634295,0.5684389832896667,1.2140265380353485,0.40847053286348106
18,0.7582758300669387,0.5562749597012273,1.2051618147634924,0.4213801851951916
19,1.3314853911288111,0.5598651903177129,1.2051618147634924,0.44971280282485027
20,0.7518734149865856,0.5478457550551307,1.195494172900482,0.45782847946286337
21,1.3373498421191579,0.550455407690565,1.195494172900482,0.4891097723864486
22,0.7448586885652628,0.5388245128280694,1.185078006434936,0.4925148963171712
23,1.3440772814462598,0.5402602946800462,1.185078006434936,0.5266793876516791
24,0.7372338228766929,0.5292761004159563,1.1739775342845984,0.5254643789861284
25,1.3516741378312078,0.5293332678494721,1.1739775342845984,0.5624472058458357
26,0.7290031723694952,0.5192694079832637,1.1622667431507072,0.5567068953764172
27,1.3601410370314417,0.5177308168058948,1.1622667431507072,0.596443691735957
28,0.7201730576940777,0.5088777322825017,1.150029235592225,0.5862757579172598
29,1.3694728114509789,0.5055129008390573,1.150029235592225,0.6287026421675266
30,0.7107515758947877,0.49817919869205973,1.1373579666344051,0.614206597240965
31,1.379658592012491,0.4927434376871045,1.1373579666344051,0.6592602169654037
32,0.7007484345275142,0.48725720992636673,1.12435484920666,0.640536706408582
33,1.3906819763165483,0.479490897399512,1.12435484920666,0.6881543128261266
34,0.690174807573808,0.4762009029203697,1.111130205862627,0.6653046043393299
35,1.4025212652815116,0.4658290154430815,1.111130205862627,0.7154241398319316
36,0.6790432113326782,0.46510558573255734,1.0978020419283407,0.6885497337788578
37,1.4151497590345175,0.45183763924024545,1.0978020419283407,0.7411099222525026
38,0.667367398780014,0.45407311348721474,1.0844951139421646,0.7103122445241818
39,1.4285361018618026,0.4376037202771671,1.0844951139421646,0.7652526781637867
40,0.6551622711951036,0.4432121461860226,1.0713397676186118,0.7306328322107999
41,1.4426446655404719,0.4232224582349335,1.0713397676186118,0.7878940505750331
42,0.6424438061685059,0.43263821204136865,1.0584705223298343,0.7495526142189216
43,1.4574359603447908,0.40879859193035534,1.0584705223298343,0.8090761731681587
44,0.6292290014322833,0.4224734792567602,1.0460243850536495,0.7671130309322435
45,1.4728670634005292,0.39444781078724706,1.0460243850536495,0.8288415599186824
46,0.6155358343015164,0.41284612000620735,1.0341388866336172,0.7833557646603468
47,1.4888920547824085,0.3802982254582543,1.0341388866336172,0.8472330116222626
48,0.6013832368971816,0.4038891381137311,1.0229498475622836,0.7983226710910294
49,1.5054624527314573,0.36649178143787486,1.0229498475622836,0.8642935346952135
50,0.5867910877504614,0.3957385345178881,1.0125888994191992,0.8120557197774062
51,1.5225276405263877,0.35318541950591,1.0125888994191992,0.8800662691135743
52,0.5717802208875786,0.38853071187637067,1.0031808109709148,0.8245969412372594
53,1.5400352787942955,0.3405516790477232,1.0031808109709148,0.8945944233288047
54,0.5563724540885725,0.3823990812440394,0.9948406932750468,0.835988378957468
55,1.5579316983181453,0.32877831086199727,0.9948406932750468,0.9079212146423908
56,0.5405906387373751,0.37746993483582203,0.9876711834388011,0.8462720450814479
57,1.576162269630915,0.3180663390912221,0.9876711834388011,0.9200898139543278
58,0.524458734579351,0.373857784464937,0.9817597286027074,0.8554898788913842
59,1.594671746832191,0.30862594041719627,0.9817597286027074,0.9311432940947629
60,0.5080019138359395,0.3716605149737082,0.9771761064065815,0.863683707429843
61,1.6134045840899431,0.3006695799052584,0.9771761064065815,0.9411245811505536
62,0.4912467005737209,0.370954829442388,0.9739703219836845,0.8708952077695571
63,1.632305224178708,0.2944021625805112,0.9739703219836845,0.9500764083390743
64,0.4742211530929224,0.3717925233578473,0.9721710117838319,0.8771658705571246
65,1.6513183591475635,0.29000859709977417,0.9721710117838319,0.958041272080102
66,0.4569550995288033,0.3741980814713207,0.9717844604498566,0.8825369645403377
67,1.6703891638082013,0.287640061528452,0.9717844604498566,0.9650613899860958
68,0.4394804400347153,0.3781679343289484,0.9727943001275237,0.8870495018495735
69,1.689463503193071,0.28740113975234194,0.9727943001275237,0.9711786605406656
70,0.421831533081771,0.38367147040037947,0.9751619159003151,0.8907442038478257
71,1.7084881154687264,0.2893404181589542,0.9751619159003151,0.9764346242706017
72,0.40404568888029496,0.3906536353841288,0.9788275321852717,0.8936614673962835
73,1.7274107720154488,0.2934467119878749,0.9788275321852717,0.9808704262427563
74,0.3861638000913909,0.3990387325233547,0.983711909240357,0.8958413314061534
75,1.746180416517568,0.2996518168282824,0.983711909240357,0.9845267797363922
76,0.368231149305374,0.4087349174481078,0.9897185421231953,0.8973234435652254
77,1.7647472849661516,0.30783903161556125,0.9897185421231953,0.9874439309564562
78,0.3502984446753395,0.41963887264145133,0.996736230471457,0.8981470271412375
79,1.7830630084725125,0.3178553884520363,0.996736230471457,0.9896616246652074
80,0.33242314991080096,0.4316402293203972,1.0046418779468238,0.898350847774831
81,1.8010807007414755,0.32952504512975256,1.0046418779468238,0.9912190706198271
82,0.31467119232091323,0.4446254376592071,1.0133033843144545,0.8979731801838977
83,1.8187550319699561,0.3426616577961558,1.0133033843144545,0.9921549107129994
84,1.5701656106566444,0.458480928096144,1.0225825082646898,0.897051774709256
85,1.8360422908297478,0.35707838750714727,1.0225825082646898,0.992507186722543
86,1.5603754240687946,0.47309552702480845,1.0323376015164623,0.8956238236395797
87,1.852900436072162,0.37259507001965053,1.0323376015164623,0.9923133085855846
88,1.5514884276812761,0.4883621753842916,1.0424261405679858,0.8937259272619895
89,1.869289139163369,0.3890427181469034,1.0424261405679858,0.991610023122809
90,1.543549651782456,0.5041790475412592,1.0527070082605559,0.8913940595941676
91,1.8851698192284014,0.40626586052282954,1.0527070082605559,0.9904333831493621
92,1.5365996271106495,0.520450187079804,1.0630425005645905,0.8886635337647831
93,1.900505671452925,0.4241233103767556,1.0630425005645905,0.9888187169211996
94,1.5306739303231605,0.5370857749959893,1.0733000531616048,0.8855689670217889
95,1.9152616899680523,0.44248790310144986,1.0733000531616048,0.9868005978792656
96,1.5258027686203905,0.5540021330296522,1.0833536968755195,0.8821442453631138
97,1.9294046861267267,0.4612456268918551,1.0833536968755195,0.9844128146689624
98,1.522010614897407,0.5711215470754897,1.0930852608966943,0.8784224878016539
99,1.9429033029718228,0.48029444936194376,1.0930852608966943,0.9816883414289649
100,1.5193159039945041,0.5883719771123017,1.1023853485882134,0.8744360102965623
101,1.9557280265968318,0.4995430397492872,1.1023853485882134,0.9786593083615707
102,1.5177307992716533,0.6025959747476163,1.1111541132360736,0.8702162894056007
103,1.9678511950100552,0.5189095083240925,1.1111541132360736,0.9753569726163688
104,1.517261036879881,0.5931818135440893,1.1193018612229804,0.8657939257389103
105,1.9792470050325635,0.5383202303102362,1.1193018612229804,0.9718116895399529
106,1.5179058528281437,0.5834037015111341,1.126749508526556,0.8611986073227811
107,1.9898915176884597,0.5577087861486284,1.126749508526556,0.9680528843664812
108,1.5196579953673597,0.5732656532761489,1.1334289138009475,0.8564590730126432
109,1.9997626624827194,0.5770150280924906,1.1334289138009475,0.9641090244468586
110,1.5225038224817458,0.5627723336225372,1.1392831080867605,0.8516030761272163
111,2.008840240906524,0.5961842705455674,1.1392831080867605,0.9600075921377823
112,1.526423481554092,0.5519290753543367,1.1442664377603862,0.8466573485099548
113,2.0171059294618323,0.6151665949583182,1.1442664377603862,0.9557750584955333
114,1.5313911657179327,0.5407418997731381,1.1483446339135879,0.8416475652589945
115,2.0245432824553515,0.6339162571927002,1.1483446339135879,0.9514368579426052
116,1.5373754391720322,0.5292175404448515,1.1514948180864528,0.8365983104018201
117,2.031137734776335,0.6523911845300403,1.1514948180864528,0.9470173640975674
118,1.5443396219286505,0.5173634710989348,1.1537054512305778,0.8315330438248797
119,2.036876604842095,0.6705525499550727,1.1537054512305778,0.9425398669793089
120,1.5522422231761175,0.5051879387096154,1.1549762299759994,0.8264740698002171
121,2.0417490978691557,0.6883644124018962,1.1549762299759994,0.9380265518153289
122,1.5610374116952144,0.4927000030702386,1.1553179317073239,0.8214425074796023
123,2.0457463096059385,0.7057934129376134,1.1553179317073239,0.9334984796993491
124,1.570675511572276,0.4799095845051683,1.154752207600092,0.8164582637503222
125,2.048861230644156,0.7228085181844541,1.154752207600092,0.9289755703555377
126,1.581103511757064,0.4668275217914072,1.153311320604367,0.811540008864366
127,2.05108875141021,0.7393808035342412,1.153311320604367,0.9244765872743259
128,1.5922655787480837,0.45346564291479335,1.151037823373398,0.8067051552628973
129,2.052425667924215,0.7554832698400727,1.151037823373398,0.9200191254875807
130,1.6041035627605584,0.43983685200455913,1.1479841693221398,0.8019698400194104
131,2.0528706884023302,0.7710906882619181,1.1479841693221398,0.9156196022481871
132,1.6165574890421088,0.4259552367311332,1.1442122483881114,0.7973489113167733
133,2.052424440767369,0.7861794687964382,1.1442122483881114,0.9112932508704366
134,1.6295660274479864,0.41183620169163865,1.1397928377103832,0.7928559193546428
135,2.0510894811226343,0.7846396738261717,1.1397928377103832,0.9070541179727276
136,1.6430669348793927,0.39749663494989745,1.1348049564313265,0.7885031120539636
137,2.0488703032341222,0.7693285195561055,1.1348049564313265,0.9029150643427944
138,1.6569974666463436,0.38295511708585633,1.1293351132885594,0.7843014358843352
139,2.045773349056109,0.753656660117031,1.1293351132885594,0.8988877696180615
140,1.6712947541788263,0.3682321850391331,1.1234764357677673,0.7802605420881551
141,2.0418070203240997,0.7376510050209376,1.1234764357677673,0.8949827409399668
142,1.6858961477323504,0.35335066697066386,1.1173276705303126,0.7763887985133734
143,2.036981691226685,0.7213407161722741,1.1173276705303126,0.89120932570179
144,1.700739523789082,0.3383361096785709,1.1109920468324135,0.7726933071955613
145,2.03130972215327,0.7047574062940862,1.1109920468324135,0.8875757284651671
146,1.7157635577310912,0.32321732727525404,1.1045759979328953,0.769179927751374
147,2.0248054744973287,0.6879353664140438,1.1045759979328953,0.8840890320721243
148,1.7309079630577038,0.3080271094944181,1.0981877402262714,0.7658533065613516
149,2.0174853264739903,0.670911825912997,1.0981877402262714,0.8807552229280323
150,1.7461136989436772,0.29280314093012094,1.091935716139677,0.7627169116325926
151,2.009367689885551,0.6537272486437569,1.091935716139677,0.877579220377633
152,1.7613231483045217,0.2775891995813828,1.0859269146655648,0.7597730729436738
153,2.0004730277380482,0.6364256683782599,1.0859269146655648,0.8745649100425197
154,1.7764802687692522,0.2624367250065113,1.080265092549826,0.7570230279878298
155,1.9908238725752592,0.6190550661891207,1.080265092549826,0.871715180935472
156,1.7915307190804242,0.24740687313368656,1.075048929166918,0.7544669721484498
157,1.9804448453523744,0.6016677911066287,1.075048929166918,0.8690319661162567
158,1.8064219634677763,0.23257320402640916,1.0703701582850205,0.752104113465865
159,1.9693626746187969,0.5843210232233657,1.0703701582850205,0.8665162866061935
160,1.8211033564953485,0.21802517282006653,1.0663117293131348,0.7499327312883548
161,1.957606215716922,0.5670772749544928,1.0663117293131348,0.8641682982361382
162,1.835526210780943,0.20387259244470188,1.0629460581182923,0.7479502382451907
163,1.945206469629755,0.5500049208959489,1.0629460581182923,0.8619873410656521
164,1.8496438498470897,0.19025116417761928,1.0603334319526272,0.7461532449367841
165,1.9321966010235656,0.5331787390341688,1.0603334319526272,0.8599719909808067
166,1.8634116481979126,0.17732893646880585,1.0585206334160155,0.7445376267075778
167,1.9186119549308913,0.5166804352477449,1.0585206334160155,0.858120113055054
168,1.8767870605373573,0.1653129899642102,1.0575398440049446,0.7430985918516143
169,1.9044900714027184,0.5005991084203595,1.0575398440049446,0.8564289162421838
170,1.8897296418599678,0.15445452448591002,1.0574078784686336,0.7418307505987668
171,1.8898706973252672,0.4850315945995347,1.0574078784686336,0.8548950089628248
172,1.9022010599624146,0.14504867533868263,1.0581257873292746,0.7407281842407569
173,1.874795794445484,0.47008260563473997,1.0581257873292746,0.8535144551461412
174,1.9141651017472276,0.13742318278339732,1.0596788475676433,0.7397845137794639
175,1.8593095424793564,0.4558645519549673,1.0596788475676433,0.8522828302959561
176,1.9255876745230425,0.1319092843699283,1.0620369421842306,0.738992967514246
177,1.8434583359885077,0.44249691395214946,1.0620369421842306,0.8511952771651012
178,1.9364368033504047,0.12879252670382077,1.0651553099707374,0.7383464470284867
179,1.8272907735038788,0.4301050080832486,1.0651553099707374,0.8502465606425373
180,1.9466826253399547,0.12825316580831347,1.068975629232311,0.7378375910865344
181,1.810857637152497,0.4188179920651758,1.068975629232311,0.8494311214840019
182,1.9562973816812055,0.1303198348618423,1.0734273849811422,0.737458837008821
183,1.794211860807688,0.40876598127634645,1.0734273849811422,0.848743128547639
184,1.9652554080650324,0.13486113042776485,1.078429459373796,0.737202479153227
185,1.77740848453972,0.4000762191572756,1.078429459373796,0.8481765292302795
186,1.973533124060968,0.14162011384963044,1.0838918803662307,0.7370607241930236
187,1.7605045929001493,0.3928683666425819,1.0838918803662307,0.8477250978368435
188,1.981109021920722,0.15027235404202577,1.0897176635699104,0.7370257429441737
189,1.7435592343392505,0.38724914516164194,1.0897176635699104,0.8473824816536556
190,1.9879636552010915,0.1604810680764937,1.0958046864514555,0.7370897185559983
191,1.7266333188450438,0.3833067593482241,1.0958046864514555,0.8471422445354827
192,1.994079627531616,0.17193396721981646,1.1020475413244684,0.7372448909378617
193,1.7097894907213829,0.3811056910893609,1.1020475413244684,0.8469979078548956
194,1.999441581793859,0.18436049094089668,1.1083393228840979,0.7374835973495931
195,1.693091973311739,0.38068253452816486,1.1083393228840979,0.8469429887004027
196,2.0040361899290735,0.19753528716704244,1.1145733162090539,0.7377983091339955
197,1.6766063824488355,0.38204348092800805,1.1145733162090539,0.8469710352460645
198,2.0078521435481242,0.2112744572477819,1.1206445612378841,0.7381816646154511
199,1.6603995054954845,0.38516385033499095,1.1206445612378841,0.8470756592494011
200,2.010880145480929,0.2254290925012232,1.1264512789862804,0.7386264982289026
201,1.6445390430686404,0.38998974614281096,1.1264512789862804,0.8472505656659796
202,2.013112902371428,0.23987853941966525,1.1318961527357976,0.7391258659782927
203,1.6290933109374726,0.39644156610423614,1.1318961527357976,0.8474895793977689
204,2.014545118397197,0.2545244365263588,1.1368874638542785,0.7396730673527935
205,1.6141309001865674,0.40441883553221014,1.1368874638542785,0.8477866692180034
206,2.0151734901695737,0.26928582059012796,1.1413400867598364,0.7402616638530883
207,1.5997202945623998,0.41380570030986996,1.1413400867598364,0.84813596893779
208,2.014996702849632,0.28409526518701983,1.145176350907108,0.7408854942988066
209,1.5859294449921506,0.4244764396212194,1.145176350907108,0.848531795899003
210,2.014015427496866,0.2988958955401857,1.148326779735213,0.7415386871023181
211,1.5728253025838272,0.436300493428226,1.148326779735213,0.848968666894229
212,2.0122323196502303,0.3136391032680433,1.1507307174894097,0.7422156697038982
213,1.56047331297361,0.4491466871839074,1.1507307174894097,0.8494413116277086
214,2.009652019124556,0.3282828029435626,1.1523368549357682,0.7429111753692035
215,1.5489368766474891,0.4628865200248185,1.1523368549357682,0.8499446838416103
216,2.0062811509886167,0.34279010144173694,1.1531036644351897,0.7436202475525533
217,1.538276781772004,0.47739652718230546,1.1531036644351897,0.8504739702397045
218,2.002128327673575,0.35712827952515336,1.1529997538032057,0.7443382420291275
219,1.5285506180395412,0.4925598199923529,1.1529997538032057,0.8510245973458451
220,1.9972041521414843,0.37126800916014757,1.1520041469918698,0.7450608269963462
221,1.5198121819580805,0.5082669517603862,1.1520041469918698,0.8515922364378476
222,1.9915212220222502,0.38518274904434724,1.150106497989327,0.745783981339815
223,1.5121108857633625,0.5244162670746301,1.150106497989327,0.8521728066986094
224,1.9850941346032458,0.3988482753190708,1.1473072425075848,0.7465039912526894
225,1.5054911835600513,0.5409138795670778,1.1473072425075848,0.8527624767259142
226,1.977939492527825,0.41224231530532796,1.143617690058074,0.7472174453895262
227,1.4999920292630167,0.5576733998757132,1.143617690058074,0.8533576645405269
228,1.970075910026533,0.42534426017679955,1.1390600569154858,0.7479212287269386
229,1.4956463812791727,0.5746155094280021,1.1390600569154858,0.8539550362291501
230,1.9615240194669903,0.43813493846418333,1.1336674382478693,0.7486125152939701
231,1.492480768542401,0.5916674511588207,1.1336674382478693,0.854551503354792
232,1.9523064779643997,0.4505964367160813,1.1274837153455668,0.7492887599252746
233,1.4905149314317334,0.6087624875031751,1.1274837153455668,0.8551442192622738
234,1.9424479737434628,0.4627119569316601,1.1205633914193147,0.7499476891801813
235,1.4897615492656953,0.6258393595446935,1.1205633914193147,0.8557305744011898
236,1.9319752318833092,0.474465702832525,1.112971346881426,0.7505872915606507
237,1.4902260635367082,0.6428417688010887,1.112971346881426,0.8563081907827472
238,1.9209170190089484,0.48584278887755344,1.1047825024254783,0.7512058071512114
239,1.491906602954778,0.6408280105162736,1.1047825024254783,0.8568749156807124
240,1.9093041464148648,0.49682916730680443,1.0960813756753427,0.7518017167942342
241,1.4947940128897736,0.6237334038602584,1.0960813756753427,0.857428814680318
242,1.897169471017982,0.5074115695471182,1.0869615148387302,0.7523737309045386
243,1.4988719881551713,0.6065833901932453,1.0869615148387302,0.8579681641725014
244,1.8845478934376672,0.5175774591088976,1.077524790902934,0.7529207780182869
245,1.5041173044987592,0.589437847230427,1.077524790902934,0.8584914433843752
246,1.871476352389392,0.5273149937139429,1.0678805287657334,0.7534419931625735
247,1.510500140885994,0.5723619260251666,1.0678805287657334,0.8589973260304324
248,1.8579938144560464,0.5366129948645285,1.058144457706241,0.7539367061239877
249,1.5179844818780428,0.5554265830625946,1.058144457706241,0.8594846716627158
250,1.8441412581671586,0.545460923428453,1.0484374632509357,0.7544044296867929
251,1.5265285872691425,0.5387091236943088,1.0484374632509357,0.859952516792099
252,1.8299616511724273,0.5411872003273995,1.038884126307353,0.7548448479042246
253,1.5360855147464756,0.5222937289583159,1.038884126307353,0.8604000658469407
254,1.8154999191438514,0.5300528514890096,1.029611041934222,0.7552578044597225
255,1.546603680695904,0.5062719233148002,1.029611041934222,0.860826682029754
256,1.8008029048831737,0.5197668098699134,1.0207449196928247,0.755643291168732
257,1.5580274443637119,0.4907429220943491,1.0207449196928247,0.8612318781271435
258,1.7859193159523685,0.5104202423296903,1.0124104803400331,0.7560014366659497
259,1.5702977013130082,0.47581377464335317,1.0124104803400331,0.861615307323175
260,1.7708996589899906,0.5021018257302928,1.004728179449165,0.7563324953175882
261,1.583352473362722,0.4615991935776793,1.004728179449165,0.8619767540615011
262,1.7557961587325437,0.4948956190779666,0.9978118066188486,0.7566368363933357
263,1.597127483826486,0.44822093550609465,0.9978118066188486,0.8623161249970392
264,1.740662659636649,0.48887871758066737,0.9917660278656925,0.7569149335281763
265,1.6115567087330034,0.43580658019825663,0.9917660278656925,0.8626334400736991
266,1.7255545079058277,0.48411880664297763,0.986683956589557,0.7571673545001
267,1.626572896672169,0.4244875530424387,0.986683956589557,0.8629288237606845
268,1.710528411678254,0.4806717736438124,0.9826448526850531,0.7573947513459133
269,1.6421080518539144,0.41439626241986505,0.9826448526850531,0.8632024964761298
270,1.6956422771440804,0.47857956195398405,0.9797120573483837,0.75759785083388
271,1.6580938767949556,0.4056622926315081,0.9797120573483837,0.8634547662233524
272,1.6809550184496511,0.4778684561681843,0.9779312706287837,0.7577774453087136
273,1.6744621726941538,0.39840771295689353,0.9779312706287837,0.8636860204617625
274,1.6665263394290206,0.4785479642296903,0.97732926839845,0.757934383921499
275,1.6911451969771876,0.39274173051423317,0.97732926839845,0.8638967182314314
276,1.652416485498796,0.48061041108940683,0.977913135086868,0.758069564254436
277,1.7080759786655713,0.3887551046746873,0.977913135086868,0.8640873825475434
278,1.6386859644774785,0.48403128675867396,0.9796700597251166,0.7581839243478199
279,1.7251885931522633,0.3865149069482978,0.9796700597251166,0.8642585930783411
280,1.625395235659519,0.4887703117895457,0.9825677085127273,0.7582784351344087
281,1.7424183986587791,0.38606029206508324,0.9825677085127273,0.8644109791177709
282,1.6126043671968364,0.4947731103615178,0.9865551512025428,0.7583540932842484
283,1.7597022371291136,0.3873998920136787,0.9865551512025428,0.8645452128618295
284,1.600372662719155,0.5019733282731408,0.9915642853438208,0.7584119144611203
285,1.7769786026118701,0.39051124065747056,0.9915642853438208,0.8646620029955244
286,1.5887582591522778,0.5102950077093125,0.9975116755835554,0.7584529269900165
287,1.7941877803241062,0.39534232167704875,0.9975116755835554,0.8647620885955025
288,1.5778176988516501,0.5196550332441225,1.0043007073998969,0.7584781659334575
289,1.8112719596088316,0.40181499151027716,1.0043007073998969,0.8648462333516173
290,1.5676054804249369,0.5299654887726012,1.0118239469088515,0.75848866757297
291,1.82817532392125,0.40982975738034844,1.0118239469088515,0.8649152201091236
292,1.5581735939247972,0.541135804195352,1.0199656002966633,0.758485464290719
293,1.844844120832177,0.41927125484549665,1.0199656002966633,0.8649698457316853
294,1.549571047390012,0.5530746144847921,1.0286039763111574,0.7584695798450282
295,1.8612267148425452,0.43001378320841877,1.0286039763111574,0.8650109162840383
296,1.5418433929253879,0.565691294744539,1.0376138706876148,0.7584420250324138
297,1.877273625578721,0.44192638572458,1.0376138706876148,0.8650392425318896
298,1.5350322615551377,0.5788971683174667,1.046868809774162,0.7584037937277105
299,1.8929375536992283,0.454877145791645,1.046868809774162,0.8650556357555087
300,1.5291749168739963,0.5926064089680211,1.056243109578828,0.758355859292953
301,1.9081733966006658,0.4687365540389731,1.056243109578828,0.8650609038724115
302,1.5243038379722862,0.5967865991089755,1.0656137241247798,0.7582991713448131
303,1.9229382557727002,0.48337994787324867,1.0656137241247798,0.8650558478636095
304,1.520446342154687,0.5916002813034902,1.0748618721454317,0.7582346528696551
305,1.9371914374249648,0.4986891207089096,1.0748618721454317,0.8650412584970212
306,1.5176242575575036,0.5858998853481722,1.083874443162024,0.758163197674576
307,1.9508944477965362,0.514553245926175,1.083874443162024,0.8650179133408891
308,1.515853654873943,0.5796911913804831,1.0925451927481784,0.7580856681622201
309,1.9640109843638232,0.5308692722447859,1.0925451927481784,0.8649865740593464
310,1.5151446460333806,0.5729805427313597,1.1007757425363711,0.7580028934166171
311,1.976506923986313,0.5475419361360655,1.1007757425363711,0.8649479839816537
312,1.5155012558971015,0.5657748494314284,1.1084764037033445,0.7579156675868646
313,1.9883503088719654,0.564483514485246,1.1084764037033445,0.8649028659361064
314,1.5169213709125826,0.5580815927830594,1.1155668438121882,0.7578247485550873
315,1.999511331104637,0.5816134149029668,1.1155668438121882,0.8648519203391108
316,1.5193967663233503,0.5499088312640937,1.1219766165115863,0.7577308568748076
317,2.00996231635392,0.598857676570495,1.1219766165115863,0.864795823529548
318,1.5229132110941606,0.5412652080871608,1.1276455721635237,0.757634674965625
319,2.019677707281954,0.616148433545119,1.1276455721635237,0.8647352263381821
320,1.5274506473224798,0.532159960810433,1.1325241653719342,0.7575368465499185
321,2.028634047070778,0.6334233757339158,1.1325241653719342,0.8646707528815918
322,1.532983438703365,0.5226029334852739,1.1365736729089102,0.7574379763171958
323,2.03680996341621,0.6506252300754416,1.1365736729089102,0.8646029995698798
324,1.5394806807155257,0.5126045919385764,1.1397663328911334,0.757338629801645
325,2.044186153268588,0.6677012752626834,1.1397663328911334,0.8645325343172483
326,1.546906563694621,0.5021760429292705,1.1420854133855156,0.757239333458477
327,2.0507453685456416,0.6846028968978077,1.1420854133855156,0.8644598959444019
328,1.555220778915197,0.49132905809825905,1.1435252160029077,0.7571405749246992
329,2.056472402996884,0.7012851856277375,1.1435252160029077,0.8643855937616786
330,1.5643789572384483,0.4800761038605652,1.1440910175159633,0.7570428034500876
331,2.0613540803610313,0.7177065780073548,1.1440910175159633,0.8643101073217978
332,1.5743331297874847,0.468430378683321,1.1437989501305783,0.7569464304843125
333,2.065379243926893,0.7338285381277474,1.1437989501305783,0.864233886331122
334,1.5850322004430442,0.4564058595744207,1.1426758187562847,0.756851830406375
335,2.068538747582862,0.7496152770913616,1.1426758187562847,0.8641573507084221
336,1.5964224206453408,0.4440173601026613,1.140758851465225,0.7567593413827989
337,2.0708254484196478,0.765033506965358,1.140758851465225,0.8640808907802231
338,1.6084478579619683,0.43128060291986703,1.138095377316654,0.7566692663413283
339,2.0722342009343047,0.7800522257209944,1.138095377316654,0.864004867601979
340,1.6210508510510648,0.4182123106121973,1.134742423887328,0.7565818740472324
341,2.072761852870153,0.794642529746392,1.134742423887328,0.8639296133944859
342,1.6341724449282473,0.40483031984524603,1.1307662252469448,0.7564974002697127
343,2.072407242716078,0.8015681143543647,1.1307662252469448,0.8638554320851782
344,1.6477528017575886,0.3911537252880154,1.1262416298444464,0.7564160490263268
345,2.0711711988792767,0.7876408283101276,1.1262416298444464,0.8637825999441879
346,1.6617315836652748,0.37720306184727903,1.1212513969560212,0.7563379938937939
347,2.0690565405370775,0.7732512973672828,1.1212513969560212,0.8637113663053329
348,1.676048305267899,0.3630005365164681,1.1158853701590945,0.7562633793740313
349,2.066068080165431,0.75842539433099,1.1158853701590945,0.8636419543624789
350,1.6906426546786957,0.34857032492341916,1.1102395169446277,0.7561923223047569
351,2.06221262773331,0.7431908510583765,1.1102395169446277,0.8635745620320738
352,1.7054547826816377,0.3339389528444432,1.1044148252936323,0.7561249133045291
353,2.0574989965430683,0.7275774142963105,1.1044148252936323,0.8635093628729661
354,1.7204255605348042,0.31913579009174714,1.0985160510579943,0.7560612182426233
355,2.051938010685981,0.7116170254107151,1.0985160510579943,0.8634465070549897
356,1.7354968074807102,0.30419369404465174,1.0926503145065902,0.7560012797246811
357,2.045542514069165,0.6953440273526088,1.0926503145065902,0.8633861223681826
358,1.7506114895099836,0.28914985372510577,1.086925550557739,0.7559451185856388
359,2.038327380954018,0.6787954024929587,1.086925550557739,0.8633283152648712
360,1.7657138912590042,0.2740469040768494,1.0814488250221057,0.7558927353819933
361,2.0303095279264705,0.6620110451642545,1.0814488250221057,0.8632731719272665
362,1.7807497631382945,0.258934405637105,1.0763245384429798,0.755844111876028
363,2.0215079271948344,0.6450340727992517,1.0763245384429798,0.863220759353612
364,1.7956664459044913,0.24387081871776606,1.071652549421498,0.7557992125051838
365,2.0119436210808703,0.6279111793481068,1.071652549421498,0.8631711264563385
366,1.8104129749227396,0.22892614420007495,1.0675262599628395,0.7557579858303144
367,2.0016397375328885,0.6106930340247629,1.0675262599628395,0.8631243051660854
368,1.8249401663355744,0.21418545224888205,1.064030715426824,0.7557203659571249
369,1.9906215064450314,0.5934347271533549,1.064030715426824,0.8630803115358671
370,1.8392006872744584,0.1997535632252147,1.0612407799685122,0.7556862739256236
371,1.978916276513183,0.5761962626357932,1.0612407799685122,0.86303914684007
372,1.8531491121349837,0.1857611462434854,1.059219453694959,0.7556556190629644
373,1.9665535322938483,0.5590430929083484,1.059219453694959,0.8630007986633726
374,1.8667419667980032,0.17237237417222467,1.058016399031861,0.7556283002955556
375,1.9535649110564228,0.5420466866302887,1.058016399031861,0.8629652419750893
376,1.8799377625263574,0.1597938361057919,1.0576667401868913,0.7556042074168329
377,1.9399842189301046,0.5252851110473429,1.0576667401868913,0.8629324401848302
378,1.8926970211081104,0.14828332563951682,1.058190190816101,0.7555832223075615
379,1.9258474457428405,0.5088435991911646,1.058190190816101,0.8629023461757592
380,1.9049822926583242,0.13815494659948233,1.0595905513809663,0.7555652201060268
381,1.9111927778296753,0.4928150560142769,1.0595905513809663,0.8628749033121113
382,1.9167581673368326,0.12977356934318499,1.0618556002232795,0.7555500703258875
383,1.896060607950563,0.4773004366631094,1.0618556002232795,0.8628500464180002
384,1.9279912820924112,0.12352852533697738,1.064957382642355,0.7555376379199185
385,1.8804935413020152,0.4624089044816815,1.064957382642355,0.8628277027248994
386,1.9386503234062784,0.11977854195154526,1.0688528821398213,0.7555277842882658
387,1.8645363964324375,0.44825764750818076,1.0688528821398213,0.8628077927855277
388,1.9487060268812937,0.11877415473874745,1.073485039462575,0.7555203682302242
389,1.8482361996777221,0.43497120399994377,1.073485039462575,0.8627902313521989
390,1.9581311744080854,0.12058753735304066,1.078784069836689,0.7555152468388959
391,1.831642171522598,0.42268012712510883,1.078784069836689,0.8627749282180123
392,1.966900589535797,0.1250897944154566,1.084669018060565,0.7555122763384525
393,1.8148057030665863,0.4115188177364569,1.084669018060565,0.8627617890195569
394,1.9749911315828386,0.1319907067347633,1.0910494854924404,0.7555113128640024
395,1.7977803205349192,0.4016223870155355,1.0910494854924404,0.8627507160000927
396,1.9823816889414752,0.1409153038487412,1.0978274623499489,0.7555122131843872
397,1.7806216355301123,0.39312249316697084,1.0978274623499489,0.8627416087324427
398,1.9890531719585223,0.15147695163998504,1.1048992025074085,0.7555148353684816
399,1.7633872784771882,0.38614223753624805,1.1048992025074085,0.8627343648010756
400,1.9949885057120418,0.16332383682239196,1.1121570851199232,0.7555190393958215
401,1.746136812485718,0.38079039893859995,1.1121570851199232,0.8627288804431061
402,2.0001726229498447,0.17615817509228188,1.1194914167369845,0.7555246877126071
403,1.7289316246491238,0.377155499027705,1.1194914167369845,0.8627250511481555
404,2.0045924574088954,0.18973773313722736,1.126792137919832,0.7555316457343234
405,1.7118347916438048,0.3753003681303513,1.126792137919832,0.8627227722172195
406,2.0082369376945186,0.2038691091894677,1.1339504087295418,0.7555397822964129
407,1.694910916399176,0.37525794918686844,1.1339504087295418,0.8627219392808874
408,2.0110969818636817,0.21839866292482377,1.1408600570288057,0.7555489700545753
409,1.6782259326097275,0.3770289827642234,1.1408600570288057,0.8627224487774191
410,2.0131654928268192,0.2332038881207281,1.1474188818274706,0.7555590858364208
411,1.6618468739800105,0.3805819534224723,1.1474188818274706,0.8627241983913533
412,2.0144373546567698,0.2481862042915023,1.1535298106367817,0.7555700109463132
413,1.6458416053633635,0.3858553064511567,1.1535298106367817,0.8627270874534595
414,2.0149094298707357,0.26326529126315046,1.159101914920775,0.7555816314253518
415,1.6302785134059783,0.39276157007788964,1.159101914920775,0.8627310173029767
416,2.0145805577309357,0.27837476975724024,1.1640512913341992,0.7555938382685043
417,1.615226154968393,0.40119274878801375,1.1640512913341992,0.8627358916131921
418,2.0134515535911612,0.29345895484127343,1.1683018186956677,0.7556065276009867
419,1.6007528624903358,0.41102625062384945,1.1683018186956677,0.8627416166815153
420,2.011525209299029,0.3084704282821594,1.171785801787488,0.7556196008160316
421,1.586926306606605,0.4221306729857687,1.171785801787488,0.8627481016852943
422,2.0088062946467113,0.32336822289191736,1.1744445133326085,0.7556329646762108
423,1.5738130177124947,0.4343709446311772,1.1744445133326085,0.8627552589046849
424,2.0053015598456434,0.3381164600509475,1.1762286450901192,0.7556465313805177
425,1.5614778698000722,0.4476125353395575,1.1762286450901192,0.8627630039139569
426,2.0010197389824613,0.3526833220305326,1.1770986781182968,0.7556602185994111
427,1.5499835317021842,0.46172463998589663,1.1770986781182968,0.8627712557426641
428,1.9959715543935925,0.3670402720992729,1.1770251810251562,0.7556739494800186
429,1.5393898928245946,0.47658238766864025,1.1770251810251562,0.8627799370081486
430,1.990169721873728,0.3811614587940218,1.1759890435698197,0.755687652623695
431,1.5297534724270798,0.49206821151335706,1.1759890435698197,0.862788974020877
432,1.9836289566081755,0.39502325785429926,1.1739816513674157,0.7557012620380904
433,1.5211268234156448,0.50807254960091,1.1739816513674157,0.8627982968641278
434,1.9763659796900488,0.4086039177354177,1.1710050057294465,0.7557147170658626
435,1.513557943294939,0.5244940474657733,1.1710050057294465,0.8628078394495639
436,1.968399525049578,0.42188328359806565,1.167071790860453,0.755727962292123
437,1.5070897062566764,0.5412394128124824,1.167071790860453,0.8628175395502106
438,1.9597503465837185,0.4348425811780738,1.1622053887327428,0.7557409474326501
439,1.5017593312028514,0.5582230450420069,1.1622053887327428,0.86282733881238
440,1.95044122522879,0.4474642466688728,1.1564398399657512,0.755753627204858
441,1.4975979006959481,0.5753665332703972,1.1564398399657512,0.8628371827480502
442,1.940496975666245,0.45973179220333,1.1498197469338995,0.7557659611834353
443,1.4946299452998866,0.5925980907165849,1.1498197469338995,0.8628470207091921
444,1.9299444522908966,0.47162969905962443,1.1424001131098336,0.7557779136425198
445,1.4928731064817136,0.6098519722119963,1.1424001131098336,0.8628568058455235
446,1.9188125540011618,0.48314333259258274,1.1342461103260348,0.75578945338618
447,1.4923378892011927,0.6270679053092845,1.1342461103260348,0.8628664950471221
448,1.9071322272912838,0.49425887428906107,1.1254327632391157,0.7558005535689224
449,1.4930275126043469,0.6441905535057152,1.1254327632391157,0.8628760488733136
450,1.8949364670352866,0.5049632673931748,1.1160445378770696,0.755811191507853
451,1.4949378640004558,0.6385220103573163,1.1160445378770696,0.8628854314691956
452,1.8822603142510725,0.515244173337507,1.1061748188612295,0.7558213484880415
453,1.498057557733923,0.6212957666024428,1.1061748188612295,0.8628946104711271
454,1.8691408500202211,0.5250899368169405,1.0959252579083276,0.7558310095625671
455,1.502368096889955,0.6040402943459989,1.0959252579083276,0.8629035569024592
456,1.8556171846147185,0.5344895578011,1.0854049747993655,0.7558401633486227
457,1.5078441322339549,0.5868166815836481,1.0854049747993655,0.862912245060738
458,1.8417304407465382,0.5434326691350757,1.07472959150276,0.7558488018209919
459,1.5144538096031133,0.569691435602005,1.07472959150276,0.8629206523975625
460,1.8275237297108422,0.5421738229360618,1.064020080995125,0.7558569201041091
461,1.5221591943333856,0.5527370141206616,1.064020080995125,0.8629287593922205
462,1.813042119040502,0.5310903389369768,1.0534014150331552,0.7558645162638487
463,1.5309167593513935,0.5360323592658746,1.0534014150331552,0.8629365494201746
464,1.7983325901316634,0.5208706937243204,1.043001000212466,0.7558715911000885
465,1.5406779223617109,0.5196634024385656,1.043001000212466,0.8629440086174189
466,1.7834439841413656,0.5116051180977672,1.03294689956417,0.755878147941025
467,1.5513896171239194,0.5037234925482407,1.03294689956417,0.8629511257416651
468,1.7684269343045105,0.5033810833659232,1.0233658479800474,0.7558841924401297
469,1.5629948840905277,0.4883136803372612,1.0233658479800474,0.8629578920312574
470,1.75333378267616,0.49628115851493015,1.0143810839092482,0.7558897323765547
471,1.575433466569171,0.47354276806940093,1.0143810839092482,0.8629643010626749
472,1.7382184791854862,0.4903806661169127,1.0061100365675844,0.7558947774597289
473,1.58864239995148,0.4595270085336073,1.0061100365675844,0.8629703486074014
474,1.723136460801139,0.48574525907148053,0.9986619263034006,0.7558993391387981
475,1.6025565832720488,0.4463893141475726,0.9986619263034006,0.8629760324889018
476,1.7081445085676306,0.48242857813333195,0.9921353541045366,0.7559034304175011
477,1.6171093242789438,0.43425782298201726,0.9921353541045366,0.8629813524403872
478,1.693300580294013,0.4804701738444094,0.9866159722875603,0.7559070656749881
479,1.6322328511788102,0.4232636741860396,0.9866159722875603,0.8629863099639907
480,1.6786636167765452,0.47989387752933926,0.9821743396398115,0.7559102604930467
481,1.6478587861517562,0.4135378834715384,0.9821743396398115,0.862990908191922
482,1.6642933196341632,0.48070677945890355,0.9788640682157272,0.7559130314901015
483,1.6639185775259104,0.4052072922273536,0.9788640682157272,0.8629951517501295
484,1.650249899147399,0.4828989190625332,0.9767203637286587,0.7559153961623226
485,1.6803438890974154,0.39838969700004545,0.9767203637286587,0.862999046624931
486,1.6365937909346606,0.4864437198298778,0.9757590462219097,0.7559173727320985
487,1.69706694644222,0.3931884402825717,0.9757590462219097,0.8630026000330338
488,1.6233853408882701,0.4912991231847899,0.9759761130954371,0.755918980004084
489,1.7140208411769016,0.3896869282229449,0.9759761130954371,0.8630058202953164
490,1.6106844585351061,0.497409305799187,0.9773478747965891,0.7559202372289775
491,1.7311397949898075,0.3879436846935119,0.9773478747965891,0.8630087167147001
492,1.5985502398845077,0.5047068157531637,0.9798316580220867,0.7559211639751287
493,1.7483593858970703,0.38798859518683104,0.9798316580220867,0.8630112994583888
494,1.5870405618709134,0.51311494119114,0.9833670362861263,0.7559217800080412
495,1.7656167396049538,0.38982089633411726,0.9833670362861263,0.8630135794447201
496,1.5762116516700924,0.5225501304808238,0.9878775172739134,0.7559221051777809
497,1.7828506891097469,0.39340922834640374,0.9878775172739134,0.8630155682348265
498,1.5661176354315676,0.532924309598414,0.9932725937839076,0.7559221593142648
499,1.8000019057698915,0.3986937419255752,0.9932725937839076,0.8630172779292696
500,1.5568100722769684,0.5441469818098877,0.999450052165869,0.7559219621303706
501,1.8170130050723419,0.405589927823764,0.999450052165869,0.8630187210697716
502,1.5483374807013301,0.5561270377743041,1.0062984293214265,0.7559215331327684
503,1.8338286302142393,0.41399360487176173,1.0062984293214265,0.8630199105461405
504,1.5407448657062472,0.5687742438850747,1.013699515467781,0.7559208915403494
505,1.850395516456538,0.42378641206847867,1.013699515467781,0.8630208595084438
506,1.5340732560063846,0.5820004086641994,1.0215308128818963,0.7559200562100916
507,1.8666625389993,0.43484120054242187,1.0215308128818963,0.8630215812844689
508,1.5283592613977852,0.5957202496786039,1.029667878166699,0.7559190455701869
509,1.882580746896296,0.4470268684610848,1.029667878166699,0.863022089302466
510,1.5236346607760798,0.5955030474853426,1.0379864946535915,0.7559178775602224
511,1.898103385283119,0.46021236718129244,1.0379864946535915,0.8630223970191548
512,1.5199260312768461,0.5902992809863546,1.0463646402086741,0.755916569578196
513,1.913185907948752,0.4742697796294239,1.0463646402086741,0.8630225178529531
514,1.5172544285324236,0.5845795396523875,1.0546842323705972,0.7559151384341183
515,1.9277859820432783,0.4890765026346332,1.0546842323705972,0.8630224651223504
516,1.515635127081959,0.578349762284221,1.062832646484128,0.7559136003099548
517,1.9418634864895306,0.5045166454147524,1.062832646484128,0.8630222519893486
518,1.5150774285512272,0.571616449847089,1.0707040129439176,0.7559119707256334
519,1.9553805054575555,0.5204817926660993,1.0707040129439176,0.8630218914078556
520,1.5155845433887485,0.5643866689853295,1.0782003069014943,0.7559102645108395
521,1.9683013180697781,0.5368712851032673,1.0782003069014943,0.8630213960769254
522,1.517153549792103,0.5566680566364766,1.085232248172032,0.7559084957823169
523,1.9805923853325913,0.5535921556570889,1.085232248172032,0.8630207783986895
524,1.5197754310983012,0.548468826016555,1.091720031107611,0.7559066779263743
525,1.992222335136738,0.5705588361281032,1.091720031107611,0.8630200504408494
526,1.5234351904785095,0.5397977743077939,1.0975939044200744,0.755904823586304
527,2.0031619460337557,0.58769272379028,1.0975939044200744,0.8630192239035627
528,1.52811203941082,0.5306642924536846,1.102794619844866,0.7559029446544183
529,2.0133841303778235,0.6049216741449007,1.102794619844866,0.8630183100905584
530,1.5337796542395612,0.5210783775582312,1.1072737665692227,0.7559010522683932
531,2.0228639173204077,0.6221794664816366,1.1072737665692227,0.8630173198843032
532,1.5404064932822206,0.5110506485015852,1.1109940058460783,0.7558991568116252
533,2.0315784360576585,0.6394052735157892,1.1109940058460783,0.8630162637250388
534,1.5479561655040153,0.5005923655298601,1.1139292174327267,0.7558972679173098
535,2.0395068996561716,0.6565431548238968,1.1139292174327267,0.8630151515935021
536,1.5563878408001361,0.48971545476183975,1.1160645666067834,0.7558953944759336
537,2.0466305897199986,0.6735415854771603,1.1160645666067834,0.8630139929971377
538,1.565656691425285,0.47843253879158193,1.1173964976349802,0.7558935446459046
539,2.052932842109309,0.6903530254916758,1.1173964976349802,0.8630127969596116
540,1.5757143540733052,0.46675697486973344,1.1179326567713017,0.7558917258670287
541,2.058399033877503,0.7069335318506287,1.1179326567713017,0.8630115720134249
542,1.5865094024912094,0.4547029025394988,1.1176917451794504,0.7558899448765595
543,2.0630165715576827,0.7232424123845641,1.1176917451794504,0.8630103261954399
544,1.5979878212441951,0.4422853031152176,1.1167032996362718,0.755888207727551
545,2.0667748809000286,0.73924191931154,1.1167032996362718,0.8630090670451193
546,1.6100934722502815,0.4295200740627863,1.1150073965029716,0.7558865198092531
547,2.0696653981377584,0.7548969794303597,1.1150073965029716,0.8630078016052843
548,1.6227685468885542,0.41642412222720576,1.1126542722867863,0.7558848858692968
549,2.0716815628400735,0.7701749576015456,1.1126542722867863,0.8630065364252064
550,1.635953997769575,0.4030154810300862,1.1097038522164757,0.7558833100374299
551,2.0728188123948876,0.7850454500816826,1.1097038522164757,0.863005277565836
552,1.6495899455642553,0.3893134583356657,1.1062251767107836,0.7558817958505681
553,2.073074578151461,0.7994801043855982,1.1062251767107836,0.8630040306069926
554,1.6636160575544972,0.37533882380684996,1.102295714557349,0.7558803462789421
555,2.072448283242523,0.7973260680460563,1.102295714557349,0.8630028006563312
556,1.6779718957455287,0.3611140474520267,1.098000551207989,0.7558789637531304
557,2.0709413420964364,0.7832699900004707,1.098000551207989,0.8630015923599084
558,1.692597233431222,0.3466636049928507,1.0934314410396553,0.7558776501917753
559,2.068557161641748,0.7687582094642222,1.0934314410396553,0.8630004099141824
560,1.7074323400086853,0.33201437107598936,1.0886857139605872,0.7558764070298043
561,2.0653011441984064,0.7538171770890807,1.0886857139605872,0.862999257079285
562,1.722418234588244,0.3171961287862742,1.083865029596469,0.7558752352469585
563,2.0611806920414812,0.7384752449040934,1.083865029596469,0.8629981371933959
564,1.7374969095405184,0.30224223419592827,1.0790739766839705,0.7558741353964928
565,2.0562052136136044,0.7227628289341704,1.0790739766839705,0.862997053188082
566,1.7526115255721402,0.28719048889056203,1.0744185213696789,0.7558731076338657
567,2.0503861313510257,0.706712596681711,1.0744185213696789,0.8629960076044461
568,1.7677065802393108,0.2720842929589344,1.0700043158751587,0.7558721517452927
569,2.0437368910743454,0.690359682910349,1.0700043158751587,0.8629950026099538
570,1.7827280520105435,0.2569741775014243,1.0659348882711437,0.7558712671760309
571,2.036272972877951,0.6737419374396588,1.0659348882711437,0.8629940400158059
572,1.79762352209448,0.24191985091223095,1.0623097444930507,0.7558704530582645
573,2.0280119034310586,0.6569002088302792,1.0623097444930507,0.8629931212947247
574,1.8123422762736763,0.22699293748597402,1.0592224245420676,0.7558697082384942
575,2.0189732695772427,0.6398786678287537,1.0592224245420676,0.8629922475990516
576,1.8268353889476387,0.21228063677718234,1.0567585651023346,0.7558690313043215
577,2.009178733087321,0.6227251741285837,1.0567585651023346,0.8629914197790339
578,1.8410557915036903,0.19789057335901222,1.0549940294133946,0.7558684206105475
579,1.998652046381486,0.6054916892107286,1.0549940294133946,0.8629906384012086
580,1.854958327015884,0.18395709934329274,1.0539931709356318,0.7558678743044995
581,1.9874190689893867,0.5882347364997569,1.0539931709356318,0.8629899037667736
582,1.8684997931316432,0.1706491611391182,1.0538072989986182,0.7558673903505233
583,1.9755077844602285,0.5710159074595117,1.0538072989986182,0.8629892159298793
584,1.8816389748524995,0.1581793474642409,1.0544734113953553,0.7558669665535755
585,1.9629483173675244,0.5539024080818261,1.0544734113953553,0.8629885747157359
586,1.894336668756675,0.14681254140914962,1.056013250445849,0.7558666005818707
587,1.949772949973438,0.5369676338837618,1.056013250445849,0.8629879797384852
588,1.9065557000531177,0.13687025267760924,1.0584327257034833,0.7558662899885343
589,1.9360161380242942,0.5202917522814443,1.0584327257034833,0.8629874304187494
590,1.9182609337032388,0.12872316750280074,1.0617217291870895,0.7558660322322351
591,1.9217145250403134,0.5039622582303077,1.0617217291870895,0.8629869260008092
592,1.9294192807009933,0.12276155897785941,1.0658543493331674,0.7558658246967609
593,1.9069069543376118,0.48807445155106793,1.0658543493331674,0.8629864655693498
594,1.9399997004661518,0.11933645464118055,1.070789469678384,0.7558656647095231
595,1.891634477877808,0.47273176198433764,1.070789469678384,0.8629860480657313
596,1.9499732001807302,0.11868046947408561,1.0764717195721822,0.755865549558982
597,1.875940360879341,0.4580458211740532,1.0764717195721822,0.8629856723037336
598,1.9593128317851485,0.12084107102181317,1.0828327287159427,0.755865476510974
599,1.859870080944463,0.4441361515418354,1.0828327287159427,0.8629853369847499
600,1.9679936872487886,0.12566553979422787,1.0897926262729818,0.7558654428239521
601,1.843471320257131,0.43112931510584596,1.0897926262729818,0.8629850407123826
602,1.9759928926389063,0.13284763302419492,1.0972617193023366,0.7558654457631354
603,1.8267939491910463,0.4191573491338874,1.0972617193023366,0.8629847820064293
604,1.983289601431747,0.1420062311423969,1.1051422842939618,0.7558654826135872
605,1.8098899994364317,0.4083553226704641,1.1051422842939618,0.8629845593162306
606,1.9898649874395,0.15275617100251393,1.1133304090195628,0.7558655506922249
607,1.7928136245130994,0.39885789401358446,1.1133304090195628,0.8629843710333618
608,1.9957022376655484,0.16475113575426029,1.1217178287716514,0.7558656473587889
609,1.7756210452923347,0.3907948486507466,1.1217178287716514,0.86298421550366
610,2.000786545347442,0.17770004217346355,1.1301937101703994,0.7558657700257924
611,1.7583704779099418,0.3842857557087586,1.1301937101703994,0.8629840910385768
612,2.005105103401277,0.19136700748630336,1.1386463459061607,0.7558659161674699
613,1.7411220412293922,0.3794340854114527,1.1386463459061607,0.8629839959258495
614,2.008647098441741,0.20556401759400406,1.1469647340370652,0.7558660833277656
615,1.7239376408226066,0.37632134046411475,1.1469647340370652,0.8629839284394957
616,2.0114037055181964,0.2201417556879449,1.155040024992318,0.7558662691273804
617,1.7068808262953576,0.3750019064629678,1.155040024992318,0.8629838868491295
618,2.013368083677884,0.23498108951043506,1.1627668277222383,0.7558664712699273
619,1.6900166187172465,0.3754993505458646,1.1627668277222383,0.8629838694286033
620,2.0145353724419555,0.2499860390340533,1.1700443732130068,0.7558666875472114
621,1.673411304948812,0.3778047504849636,1.1700443732130068,0.8629838744639914
622,2.014902689257706,0.2650782818982857,1.1767775387792625,0.7558669158436909
623,1.6571321958195753,0.3818773320509203,1.1767775387792625,0.8629839002609164
624,2.014469127970433,0.2801929773182922,1.1828777402422317,0.7558671541401448
625,1.6412473454314158,0.38764730759645705,1.1828777402422317,0.8629839451512408
626,2.013235758340043,0.2952756321546653,1.1882637014697472,0.7558674005165927
627,1.6258252293720483,0.3950204553330933,1.1882637014697472,0.8629840074991307
628,2.0112056266102067,0.3102797589668743,1.1928621120185325,0.7558676531545075
629,1.610934380351238,0.40388375474739413,1.1928621120185325,0.8629840857065162
630,2.0083837571208405,0.3251651245824366,1.1966081840092242,0.7558679103383623
631,1.5966429807390665,0.4141113426564394,1.1966081840092242,0.8629841782179637
632,2.004777154937318,0.3398964354601356,1.199446119096595,0.7558681704565504
633,1.583018412702191,0.4255701564517644,1.199446119096595,0.862984283524979
634,2.000394809451395,0.354442345627891,1.2013294956573128,0.7558684320017214
635,1.5701267680967173,0.4381248240509899,1.2013294956573128,0.8629844001697679
636,1.9952476988887178,0.36877470337531176,1.2022215852552596,0.7558686935705766
637,1.5580323219618566,0.45164157385506737,1.2022215852552596,0.862984526748471
638,1.9893487956352411,0.3828679754633169,1.202095606172594,0.7558689538631627
639,1.5467969753203037,0.4659911204753014,1.202095606172594,0.8629846619138983
640,1.9827130722691757,0.39669880409900216,1.2009349203915043,0.7558692116817028
641,1.5364796749566787,0.4810506083898355,1.2009349203915043,0.8629848043777908
642,1.9753575081554875,0.41024566386750716,1.1987331789251243,0.7558694659290102
643,1.5271358198155662,0.49670476442143424,1.1987331789251243,0.8629849529126287
644,1.967301096425634,0.4234885944490398,1.1954944188497532,0.7558697156065141
645,1.518816665513208,0.5128464326906274,1.1954944188497532,0.8629851063530123
646,1.9585648511253193,0.43640899120422655,1.1912331137887078,0.7558699598119486
647,1.5115687400521631,0.5293766583033103,1.1912331137887078,0.8629852635966444
648,1.9491718142667336,0.4489894402583904,1.1859741779315984,0.7558701977367285
649,1.5054332850196592,0.5462044626967532,1.1859741779315984,0.8629854236049322
650,1.9391470624680724,0.4612135880384575,1.1797529219242326,0.755870428663055
651,1.5004457371979611,0.563246424599655,1.1797529219242326,0.8629855854032433
652,1.9285177128012547,0.47306603765916677,1.1726149571141307,0.755870651960786
653,1.4966352655012758,0.5804261522440428,1.1726149571141307,0.8629857480808326
654,1.917312927397736,0.4845322663629022,1.1646160426692538,0.7558708670841
655,1.4940243773994109,0.5976737079363171,1.1646160426692538,0.8629859107904647
656,1.9055639162813758,0.4955985595640492,1.1558218679989607,0.755871073567988
657,1.4926286074668969,0.6149250264168593,1.1558218679989607,0.862986072747767
658,1.8933039378056906,0.5062519580587981,1.1463077607129672,0.7558712710246038
659,1.4924562984428948,0.6321213535068803,1.1463077607129672,0.86298623323032
660,1.88056829596999,0.516480215724108,1.1361583081038769,0.7558714591395004
661,1.4935084823018552,0.6492087207066748,1.1361583081038769,0.8629863915765218
662,1.8673943337745305,0.5262717656095481,1.125466877923358,0.7558716376677785
663,1.49577886547714,0.6334390652515866,1.125466877923358,0.8629865471842469
664,1.8538214216490336,0.5356156927697033,1.1143350221904171,0.7558718064301732
665,1.4992539187555685,0.6161961658703475,1.1143350221904171,0.8629866995093152
666,1.8398909398522474,0.5445017125269153,1.1028717461429258,0.7558719653091054
667,1.5039130687030475,0.598941866398801,1.1028717461429258,0.8629868480637944
668,1.8256462535938989,0.5407348611143495,1.0911926235228009,0.7558721142447198
669,1.5097289840263177,0.5817388112036387,1.0911926235228009,0.8629869924141682
670,1.811132679476522,0.5297574108672425,1.0794187395583936,0.7558722532309209
671,1.516667947239161,0.5646552204355385,1.0794187395583936,0.8629871321793652
672,1.796397441696264,0.5196556640215882,1.0676754447375596,0.7558723823114462
673,1.5246902995574192,0.5477654244768696,1.0676754447375596,0.8629872670286957
674,1.781489616283398,0.5105195912270196,1.0560909062595991,0.7558725015759681
675,1.5337509452133948,0.5311503930644241,1.0560909062595991,0.8629873966796893
676,1.7664600615106738,0.502436139933478,1.0447944504090882,0.7558726111562684
677,1.5437999004102327,0.5148982229268326,1.0447944504090882,0.8629875208958699
678,1.751361332458594,0.4954870604042791,1.0339146984013607,0.755872711222475
679,1.5547828719207208,0.49910453095553486,1.0339146984013607,0.8629876394844688
680,1.7362475776106596,0.4897465439868265,1.023577510673603,0.7558728019793935
681,1.5666418508070135,0.4838726789860366,1.023577510673603,0.8629877522940994
682,1.72117441527029,0.4852788010931137,1.0139037699325084,0.7558728836629311
683,1.579315707789688,0.4693137319904232,1.0139037699325084,0.8629878592124111
684,1.7061987875580988,0.48213574286945937,1.0050070508049223,0.7558729565366364
685,1.5927407782910046,0.45554602626802343,1.0050070508049223,0.8629879601637214
686,1.6913787897791233,0.4803549516854463,0.9969912423521569,0.7558730208883497
687,1.6068514269720295,0.44269420292031836,0.9969912423521569,0.8629880551066554
688,1.676773473061552,0.4799581232047453,0.989948207075406,0.755873077026986
689,1.6215805835336277,0.4308875525601825,0.989948207075406,0.8629881440317919
690,1.6624426183795236,0.4809501325987356,0.9839555739660955,0.7558731252794487
691,1.6368602435291895,0.42025753116589865,0.9839555739660955,0.862988226959332
692,1.6484464804005432,0.4833188212230716,0.9790747710881788,0.7558731659876763
693,1.652621929836351,0.4109343573896914,0.9790747710881788,0.8629883039367983
694,1.6348455000595148,0.48703552626172353,0.9753494028590408,0.7558731995058429
695,1.668797112175898,0.4030426994382168,0.9753494028590408,0.862988375036776
696,1.6216999853694685,0.49205629780419613,0.9728040671764464,0.7558732261976933
697,1.685317583594712,0.39669660684762587,0.9728040671764464,0.862988440354698
698,1.6090697607417903,0.4983236801255448,0.9714436876532282,0.7558732464340361
699,1.702115794116603,0.39199402398648875,0.9714436876532282,0.8629885000066887
700,1.5970137860063427,0.5057688882040619,0.9712534078353429,0.7558732605903793
701,1.7191251428012977,0.38901140063483003,0.9712534078353429,0.8629885541274662
702,1.585589747384513,0.5143141924212277,0.9721990602265648,0.7558732690447226
703,1.7362802302451184,0.3877990349458957,0.9721990602265648,0.8629886028683122
704,1.57485362385381,0.5238753329241508,0.9742281871075242,0.7558732721754954
705,1.7535170741258252,0.3883777887308685,0.9742281871075242,0.8629886463951131
706,1.564859233615041,0.5343638139938623,0.9772715567586729,0.7558732703596492
707,1.770773290765088,0.3907376728881,0.9772715567586729,0.8629886848864747
708,1.5556577666814775,0.5456889690545973,0.9812450915836277,0.7558732639708948
709,1.7879882458849712,0.3948385285808348,0.9812450915836277,0.8629887185319213
710,1.547297310888733,0.5577597299100151,0.9860521064759208,0.7558732533780846
711,1.8051031778005902,0.4006126947002144,0.9860521064759208,0.8629887475301683
712,1.5398223797975017,0.5704860726580071,0.9915857477629091,0.7558732389437443
713,1.8220612962492957,0.40796924786205147,0.9915857477629091,0.8629887720874889
714,1.5332734519442073,0.5837801435596802,0.9977315248303277,0.7558732210227355
715,1.838807859934458,0.4167992082468796,0.9977315248303277,0.8629887924161557
716,1.5276865316008157,0.5975570895709232,1.0043698364484095,0.7558731999610626
717,1.8552902356827223,0.4269810587032194,1.0043698364484095,0.8629888087329769
718,1.5230927415542235,0.5948456858459594,1.0113784094734353,0.7558731760948084
719,1.8714579418975335,0.4383860094298613,1.0113784094734353,0.8629888212579175
720,1.5195179583418479,0.5895755399491032,1.0186345863304895,0.7558731497491956
721,1.8872626787549105,0.45088260523854723,1.0186345863304895,0.8629888302128048
722,1.516982499840102,0.5837901095522547,1.026017417050547,0.7558731212377758
723,1.9026583473427872,0.4643404582650439,1.026017417050547,0.8629888358201258
724,1.5155008740831715,0.5774954078972308,1.033409529709104,0.7558730908617316
725,1.9176010597023105,0.4786330511798358,1.033409529709104,0.8629888383019086
726,1.5150815967123294,0.5706980107631865,1.0406987686100593,0.7558730589092956
727,1.9320491414954135,0.4936396717415127,1.0406987686100593,0.8629888378786899
728,1.515727082578602,0.5634050601083258,1.0477796018222703,0.755873025655273
729,1.9459631288025376,0.5092466057670546,1.0477796018222703,0.8629888347685637
730,1.517433614835113,0.5556242688434253,1.0545543085720366,0.7558729913606689
731,1.9593057603506066,0.5253477409554798,1.0545543085720366,0.8629888291863177
732,1.520191392478117,0.5473639270159418,1.060933962756705,0.75587295627241
733,1.9720419662859243,0.5418447314750541,1.060933962756705,0.8629888213426457
734,1.5239846548630176,0.5386329097445878,1.0668392319241116,0.7558729206231568
735,1.984138854440107,0.5586468550620093,1.0668392319241116,0.8629888114434391
736,1.528791879374002,0.5294406873200728,1.0722010120017982,0.7558728846312007
737,1.9955656948893312,0.5756706698430468,1.0722010120017982,0.8629887996891555
738,1.5345860462960015,0.5197973379823498,1.0769609173995,0.7558728485004398
739,2.006293903477291,0.5928395531036676,1.0769609173995,0.8629887862742577
740,1.5413349631387747,0.5097135640035333,1.0810716443309873,0.7558728124204289
741,2.0162970248592336,0.6100831819452796,1.0810716443309873,0.8629887713867278
742,1.5490016392794608,0.4992007118557975,1.0844972227040142,0.7558727765664959
743,2.0255507155269483,0.6273369974727738,1.0844972227040142,0.8629887552076423
744,1.5575447008719692,0.48827079743437146,1.0872131690151363,0.7558727410999194
745,2.0340327271912106,0.6445416799653592,1.0872131690151363,0.8629887379108193
746,1.566918835532946,0.4769365375497813,1.0892065495804693,0.7558727061681659
747,2.0417228908274367,0.6616426519690454,1.0892065495804693,0.8629887196625192
748,1.5770752563346562,0.46521138921749666,1.0904759602854024,0.7558726719051744
749,2.048603101630766,0.6785896187544836,1.0904759602854024,0.862988700621211
750,1.5879621750663164,0.45310959867981854,1.0910314259458311,0.7558726384316914
751,2.0546573050770935,0.6953361504356408,1.0910314259458311,0.8629886809373882
752,1.5995252754974705,0.44064626262493983,1.0908942194074467,0.7558726058556412
753,2.059871484245391,0.7118393066457511,1.0908942194074467,0.8629886607534386
754,1.6117081784076681,0.42783740476371807,1.090096597719482,0.7558725742725377
755,2.064233648522813,0.7280593025290689,1.090096597719482,0.862988640203564
756,1.6244528913495306,0.4147000718436627,1.0886814501568454,0.7558725437659252
757,2.067733823786472,0.7439592135518317,1.0886814501568454,0.8629886194137443
758,1.637700237403865,0.4012524544020272,1.0867018505959045,0.755872514407845
759,2.070364044133366,0.7595047159813653,1.0867018505959045,0.8629885985017399
760,1.6513902584912101,0.3875140391970762,1.0842205048664229,0.755872486259327
761,2.0721183452118335,0.7746638596240093,1.0842205048664229,0.8629885775771442
762,1.6654625900618978,0.37350580246429127,1.0813090823319595,0.7558724593708988
763,2.0729927591932737,0.7894068694061354,1.0813090823319595,0.8629885567414562
764,1.6798568051487053,0.35925045614095885,1.0780474202593469,0.7558724337831078
765,2.0729853114108963,0.8037059725281658,1.0780474202593469,0.8629885360882007
766,1.694512726799392,0.34477276329548195,1.0745225897284028,0.7558724095270581
767,2.07209601868225,0.7931809748175009,1.0745225897284028,0.8629885157030693
768,1.7093707087915233,0.3300999446185791,1.0708278131382665,0.75587238662495
769,2.0703268893235682,0.7789865369492702,1.0708278131382665,0.8629884956640914
770,1.7243718852615204,0.3152622055860789,1.0670612260277796,0.7558723650906279
771,2.067681924855854,0.764344077794731,1.0670612260277796,0.8629884760418302
772,1.739458390455919,0.30029342462193376,1.0633244801619242,0.7558723449301268
773,2.064167123394547,0.7492805999976389,1.0633244801619242,0.8629884568995964
774,1.7545735502446418,0.28523205740244945,1.0597211907932746,0.7558723261422178
775,2.05979048470585,0.7338250536343544,1.0597211907932746,0.8629884382936864
776,1.7696620473377718,0.2701223328018091,1.0563552387106794,0.7558723087189511
777,2.0545620169027763,0.7180085059052436,1.0563552387106794,0.8629884202736313
778,1.784670062335743,0.2550158435860838,1.053328946974609,0.7558722926461898
779,2.0484937447419536,0.7018643366830972,1.053328946974609,0.8629884028824625
780,1.799545392836112,0.23997367136488948,1.0507411627062975,0.7558722779041362
781,2.0415997194675435,0.6854284634449247,1.0507411627062975,0.8629883861569887
782,1.8142375528360013,0.2250692306703095,1.0486852852670678,0.7558722644678483
783,2.0338960301304354,0.6687395993603544,1.0486852852670678,0.8629883701280814
784,1.8286978546247774,0.2103920669496953,1.0472472926857808,0.7558722523077426
785,2.0254008162884354,0.6518395484367143,1.0472472926857808,0.8629883548209689
786,1.842879475271728,0.19605288125095938,1.0465038271056948,0.7558722413900811
787,2.0161342819654138,0.6347735415354365,1.0465038271056948,0.8629883402555336
788,1.8567375096916685,0.18219003551488389,1.0465204060771705,0.755872231677449
789,2.006118710713456,0.6175906166400089,1.0465204060771705,0.8629883264466142
790,1.8702290121287621,0.16897761117926785,1.0473498285575285,0.7558722231292083
791,1.995378481580728,0.6003440457741679,1.0473498285575285,0.8629883134043105
792,1.8833130277444174,0.15663453230973406,1.0490308416291347,0.7558722157019377
793,1.9839400857379137,0.5830918091602608,1.0490308416291347,0.8629883011342873
794,1.8959506158363186,0.1454329456699832,1.0515871258435048,0.7558722093498541
795,1.9718321434563715,0.5658971141862996,1.0515871258435048,0.8629882896380756
796,1.908104866057916,0.13570153047700875,1.0550266440127996,0.7558722040252139
797,1.9590854210602202,0.5488289520036953,1.0550266440127996,0.8629882789133744
798,1.9197409088551876,0.12781578732844423,1.0593413811449115,0.7558721996786935
799,1.9457328473909354,0.5319626774548696,1.0593413811449115,0.8629882689543447
800,1.9308259211930963,0.12216486192174264,1.0645074835823791,0.7558721962597519
801,1.931809529225329,0.5153805877569565,1.0645074835823791,0.8629882597519023
802,1.9413291285097145,0.11908907065828866,1.0704857851582565,0.7558721937169703
803,1.9173527649744497,0.49917246112098507,1.0704857851582565,0.862988251294004
804,1.9512218037126057,0.11880004076758081,1.077222689303912,0.7558721919983723
805,1.9024020558607977,0.48343599756895383,1.077222689303912,0.8629882435659223
806,1.9604772639201449,0.12131872817229065,1.0846513602876888,0.7558721910517229
807,1.88699911362306,0.4682770804001537,1.0846513602876888,0.8629882365505184
808,1.9690708655500506,0.1264687581735475,1.0926931654008076,0.7558721908248072
809,1.8711878636307449,0.4538097488847981,1.0926931654008076,0.8629882302285022
810,1.976979998268091,0.13392953598752402,1.1012593035769995,0.7558721912656878
811,1.8550144421052943,0.4401557435751512,1.1012593035769995,0.8629882245786864
812,1.9841840782311597,0.14331590475951067,1.1102525546185757,0.7558721923229421
813,1.8385271859402172,0.4274434608494997,1.1102525546185757,0.8629882195782295
814,1.9906645409899248,0.154245944136051,1.119569086323861,0.7558721939458798
815,1.821776613392079,0.4158061425971268,1.119569086323861,0.8629882152028667
816,1.9964048343561729,0.1663800216295954,1.1291002633966771,0.7558721960847394
817,1.804815393679886,0.4053791440053698,1.1291002633966771,0.862988211427135
818,2.001390411487966,0.17943443927594407,1.1387344109057662,0.7558721986908686
819,1.7876983032874274,0.3962961830673897,1.1387344109057662,0.8629882082245826
820,2.0056087244008287,0.19318001119304726,1.1483584950877195,0.7558722017168829
821,1.7704821665184685,0.3886845925497774,1.1483584950877195,0.8629882055679704
822,2.009049218074538,0.20743425986820943,1.1578596944322852,0.755872205116806
823,1.7532257776181497,0.38265976989148887,1.1578596944322852,0.8629882034294613
824,2.0117033252918506,0.2220522357527022,1.1671268434653435,0.7558722088461979
825,1.7359898015583175,0.3783192321891408,1.1671268434653435,0.8629882017807988
826,2.013564462316753,0.23691817280786034,1.1760517399246624,0.7558722128622579
827,1.7188366504061132,0.3757368839783496,1.1760517399246624,0.8629882005934746
828,2.0146280254948956,0.2519386613063679,1.184530312825736,0.755872217123918
829,1.7018303320740087,0.374958226303029,1.184530312825736,0.8629881998388825
830,2.0148913888368747,0.26703733906379323,1.192463654163188,0.7558722215919205
831,1.6850362682092666,0.3759972110365674,1.192463654163188,0.8629881994884635
832,2.0143539026253365,0.282150865916796,1.199758920761075,0.7558722262288774
833,1.6685210780486253,0.37883524599707596,1.199758920761075,0.8629881995138418
834,2.0130168930687473,0.2972259056263349,1.2063301152420616,0.7558722309993179
835,1.652352325269536,0.3834225175567056,1.2063301152420616,0.8629881998869458
836,2.0108836630074167,0.3122168707984279,1.212098756447686,0.7558722358697245
837,1.636598225243342,0.3896814098390085,1.212098756447686,0.8629882005801192
838,2.007959493660335,0.3270842358463671,1.2169944501383243,0.7558722408085549
839,1.6213273106683435,0.3975114763606968,1.2169944501383243,0.8629882015662264
840,2.004251647383914,0.3417932699100198,1.2209553706468186,0.7558722457862521
841,1.606608054357922,0.4067952460169944,1.2209553706468186,0.8629882028187397
842,1.999769371395126,0.3563130799485279,1.2239286635409894,0.755872250775246
843,1.5925084489995343,0.41740414461095887,1.2239286635409894,0.8629882043118263
844,1.9945239023911274,0.3706158835181189,1.2258707784191865,0.7558722557499428
845,1.5790955449915887,0.42920394980267207,1.2258707784191865,0.8629882060204171
846,1.988528471974565,0.3846764524427077,1.226747739835451,0.7558722606867062
847,1.5664349489977845,0.44205940342011163,1.226747739835451,0.8629882079202731
848,1.9817983127675813,0.3984716844008374,1.2265353631087534,0.7558722655638311
849,1.554590287602614,0.45583781376797494,1.2265353631087534,0.862988209988037
850,1.9743506650673677,0.41198027090477785,1.2252194204665583,0.7558722703615093
851,1.5436226423532065,0.4704116476988698,1.2252194204665583,0.8629882122012833
852,1.9662047838611116,0.4251824384290435,1.2227957616344678,0.7558722750617857
853,1.5335899644510222,0.4856602207757447,1.2227957616344678,0.8629882145385546
854,1.957381945977489,0.438059745445817,1.2192703916191638,0.755872279648514
855,1.524546479305766,0.5014706473181768,1.2192703916191638,0.8629882169793935
856,1.9479054571046388,0.45059492248957483,1.214659507034741,0.7558722841073016
857,1.5165420929548326,0.5177382242350351,1.214659507034741,0.8629882195043668
858,1.9378006583498697,0.46277174556519846,1.2089894908758354,0.755872288425451
859,1.5096218138417739,0.5343664090663026,1.2089894908758354,0.8629882220950815
860,1.9270949319533348,0.4745749355623538,1.2022968641217624,0.7558722925919004
861,1.503825204490447,0.5512665267551502,1.2022968641217624,0.8629882247341972
862,1.915817705695643,0.485990078078153,1.1946281909394734,0.7558722965971552
863,1.4991858780727463,0.5683573104019415,1.1946281909394734,0.8629882274054308
864,1.904000455457097,0.49700355934687945,1.1860399325182729,0.7558723004332206
865,1.495731054639334,0.5855643538482723,1.1860399325182729,0.8629882300935545
866,1.8916767052931835,0.5076025149490747,1.1765982427037578,0.7558723040935326
867,1.493481190799803,0.602819530811753,1.1765982427037578,0.8629882327843934
868,1.8788820242866187,0.5177747887081563,1.1663786966068803,0.7558723075728814
869,1.4924496948923103,0.620060417075013,1.1663786966068803,0.8629882354648135
870,1.8656540193204045,0.5275088997427609,1.1554659412766275,0.7558723108673412
871,1.4926427372275457,0.6372297386041383,1.1554659412766275,0.8629882381227071
872,1.852032322789104,0.5367940160720477,1.1439532554084915,0.7558723139741922
873,1.4940591619465402,0.6455027164331157,1.1439532554084915,0.8629882407469762
874,1.838058574127517,0.5456199335020618,1.1319420030323595,0.7558723168918462
875,1.496690503571406,0.628302450582627,1.1319420030323595,0.8629882433275089
876,1.8237763938885267,0.5392646103049054,1.119540964362176,0.755872319619772
877,1.5005211076688327,0.6110498750701083,1.119540964362176,0.8629882458551562
878,1.8092313489471983,0.5283956685221582,1.1068655257508644,0.7558723221584179
879,1.5055283514245592,0.5938040312783729,1.1068655257508644,0.8629882483217035
880,1.7944709072495928,0.5184142098728638,1.0940367103155628,0.7558723245091403
881,1.5116829565756293,0.5766291710846636,1.0940367103155628,0.8629882507198409
882,1.779544380366719,0.5094099261299644,1.0811800316996982,0.7558723266741261
883,1.5189493842714084,0.5595952804908431,1.0811800316996982,0.8629882530431311
884,1.764502851962791,0.5014692177033204,1.0684241561025962,0.7558723286563246
885,1.527286299192642,0.5427786154316083,1.0684241561025962,0.8629882552859739
886,1.7493990901502665,0.49467298958670924,1.0558993626389745,0.7558723304593744
887,1.5366470887492039,0.5262622229881418,1.0558993626389745,0.8629882574435739
888,1.7342874415919405,0.4890942737368384,1.0437357997448626,0.7558723320875348
889,1.546980422435758,0.5101364072663306,1.0437357997448626,0.8629882595119025
890,1.7192237051344652,0.4847958106188509,1.0320615460238725,0.7558723335456186
891,1.5582308364227266,0.49449908113162916,1.0320615460238725,0.8629882614876582
892,1.7042649827320324,0.4818277577052298,1.021000497641212,0.7558723348389289
893,1.5703393291178094,0.47945592291653194,1.021000497641212,0.8629882633682303
894,1.6894695054593947,0.48022571121974217,1.0106701207027273,0.7558723359731945
895,1.5832439546327421,0.46512023231621985,1.0106701207027273,0.862988265151661
896,1.6748964325371802,0.4800092215693492,1.0011791250253548,0.7558723369545126
897,1.5968804026907928,0.45161235499980446,1.0011791250253548,0.8629882668366032
898,1.6606056215176668,0.4811809490784984,0.9926251337193377,0.7558723377892885
899,1.611182555366155,0.43905852673294066,0.9926251337193377,0.8629882684222854
900,1.6466573681236067,0.4837265475090671,0.9850924389063563,0.7558723384841834
901,1.6260830130174406,0.4275889841042771,0.9850924389063563,0.8629882699084677
902,1.6331121147125085,0.4876152876640233,0.9786499451883476,0.7558723390460619
903,1.6415135837419037,0.41733521239567506,0.9786499451883476,0.8629882712954093
904,1.6200301269666368,0.4928013558774811,0.9733494066850048,0.7558723394819417
905,1.6574057325363365,0.40842626477864374,0.9733494066850048,0.8629882725838244
906,1.6074711391919871,0.4992256967971375,0.9692240586248472,0.7558723397989492
907,1.6736909880326762,0.4009841999710843,0.9692240586248472,0.8629882737748494
908,1.595493969546703,0.5068182275429592,0.9662877296961601,0.7558723400042745
909,1.690301306135033,0.3951188454646796,0.9662877296961601,0.8629882748700033
910,1.5841561075995354,0.515500235883293,0.9645344971599216,0.7558723401051333
911,1.7071693910972137,0.3909222789653127,0.9645344971599216,0.862988275871154
912,1.573513277818154,0.5251867866836502,0.9639389151692637,0.7558723401087263
913,1.7242289755423632,0.3884635880552161,0.9639389151692637,0.8629882767804811
914,1.5636189838673793,0.5357889917543592,0.9644568112266834,0.755872340022207
915,1.7414150616503026,0.3877845589907673,0.9644568112266834,0.8629882776004437
916,1.55452403990596,0.5472160393261654,0.9660266104039252,0.7558723398526487
917,1.758664126245094,0.3888969078489151,0.9660266104039252,0.8629882783337468
918,1.5462760963406565,0.559376922127662,0.9685711160117764,0.7558723396070147
919,1.775914292832994,0.39178148209195046,0.9685711160117764,0.8629882789833129
920,1.538919168649948,0.5721818410232339,0.9719996522259006,0.7558723392921339
921,1.7931054737997805,0.3963895607489574,0.9719996522259006,0.8629882795522471
922,1.532493178841509,0.5855432908026287,0.97621046079017,0.7558723389146738
923,1.8101794860071168,0.4026460455310975,0.97621046079017,0.8629882800438129
924,1.527033519771759,0.599008012374648,0.9810932407817216,0.7558723384811213
925,1.8270801429591423,0.4104540572843033,0.9810932407817216,0.8629882804614019
926,1.5225706528533838,0.594190744171217,0.9865317265131037,0.7558723379977642
927,1.843753326568895,0.4197003018303602,0.9865317265131037,0.8629882808085088
928,1.5191297495442921,0.5888534133764903,0.9924062118754808,0.7558723374706731
929,1.860147041362071,0.4302605661257299,0.9924062118754808,0.8629882810887078
930,1.516730386409364,0.5830015459973409,0.9985959471649126,0.7558723369056881
931,1.8762114537318213,0.44200482056049417,0.9985959471649126,0.8629882813056285
932,1.5153863024656538,0.5766412281498853,1.0049813540372639,0.7558723363084074
933,1.891898918617939,0.4548015800365674,1.0049813540372639,0.8629882814629347
934,1.515105225988575,0.5697791089042461,1.0114460234443527,0.7558723356841762
935,1.9071639957387638,0.468521359002468,1.0114460234443527,0.8629882815643044
936,1.5158887760332587,0.5624224040592299,1.0178784785591384,0.7558723350380802
937,1.9219634572632114,0.48303920534077344,1.0178784785591384,0.8629882816134105
938,1.517732441706849,0.554578901081985,1.0241736988101204,0.7558723343749368
939,1.9362562885799115,0.4982363986479653,1.0241736988101204,0.8629882816139046
940,1.520625639835135,0.5462569654986301,1.0302344118207614,0.7558723336992956
941,1.9500036836047225,0.5140014512583256,1.0302344118207614,0.8629882815694003
942,1.5245518492373396,0.5374655490846686,1.0359721673540097,0.7558723330154304
943,1.963169035869467,0.5302305660138414,1.0359721673540097,0.862988281483457
944,1.5294888174962953,0.5282142002820104,1.0413082116609154,0.7558723323273417
945,1.9757179264549036,0.5468276964239008,1.0413082116609154,0.86298828135957
946,1.5354088340184218,0.5185130773668611,1.0461741824470747,0.7558723316387564
947,1.9876181096700427,0.5637043339830319,1.0461741824470747,0.8629882812011567
948,1.5422790614288626,0.5083729650151932,1.0505126445647652,0.7558723309531284
949,1.9988394972375003,0.5807791222649167,1.0505126445647652,0.8629882810115473
950,1.5500619160220317,0.4978052950673418,1.0542774850419558,0.7558723302736428
951,2.009354141619887,0.5979773730005754,1.0542774850419558,0.862988280793973
952,1.558715487132059,0.486822172490204,1.0574341836257652,0.7558723296032188
953,2.0191362190139572,0.615230538187644,1.0574341836257652,0.8629882805515587
954,1.568193984910396,0.47543640778757695,1.0599599720098876,0.7558723289445156
955,2.0281620124461206,0.6324756752235007,1.0599599720098876,0.8629882802873174
956,1.5784482060750147,0.46366155743378046,1.0618438916059922,0.7558723282999386
957,2.0364098953234664,0.6496549290227742,1.0618438916059922,0.8629882800041424
958,1.5894260076753628,0.4515119743264658,1.0630867563052373,0.7558723276716452
959,2.043860315727187,0.666715045537954,1.0630867563052373,0.8629882797048026
960,1.6010727797276803,0.4390028708034286,1.0637010232973145,0.7558723270615535
961,2.050495781678837,0.6836069243750355,1.0637010232973145,0.8629882793919389
962,1.6133319086331666,0.4261503974891749,1.0637105717734177,0.7558723264713497
963,2.0563008475628237,0.7002852136273379,1.0637105717734177,0.8629882790680605
964,1.626145224510414,0.4129717421902524,1.063150386321491,0.7558723259024953
965,2.061262101849664,0.7167079470736116,1.063150386321491,0.8629882787355442
966,1.6394534268709096,0.3994852543274985,1.0620661391134965,0.7558723253562413
967,2.065368156232668,0.7328362220467942,1.0620661391134965,0.86298827839663
968,1.6531964843691014,0.38571060209466934,1.060513662688139,0.7558723248336313
969,2.0686096362647435,0.7486339152294101,1.060513662688139,0.862988278053422
970,1.6673140056061984,0.3716689718290791,1.0585583033801407,0.7558723243355169
971,2.070979173560997,0.7640674331136377,1.0585583033801407,0.8629882777078907
972,1.6817455791136908,0.35738332219924634,1.0562741444062316,0.7558723238625638
973,2.0724713996158233,0.7791054936937334,1.0562741444062316,0.8629882773618676
974,1.6964310816574066,0.34287871007824106,1.053743087493038,0.7558723234152646
975,2.0730829412693876,0.7937189360061924,1.053743087493038,0.8629882770170537
976,1.711310954868016,0.32818271083055245,1.0510537829566968,0.7558723229939478
977,2.0728124178471172,0.8028611811307749,1.0510537829566968,0.862988276675015
978,1.7263264509132288,0.3133259638250816,1.0483004005626362,0.7558723225987887
979,2.0716604399862493,0.7889963113478671,1.0483004005626362,0.8629882763371901
980,1.741419848483592,0.2983428851666131,1.045581237529842,0.7558723222298199
981,2.0696296101550042,0.7746655529921959,1.045581237529842,0.8629882760048885
982,1.7565346407778653,0.2832726050815191,1.042997165854039,0.7558723218869421
983,2.066724524861939,0.7598946310809034,1.042997165854039,0.8629882756792968
984,1.771615697459924,0.26816020859439166,1.04064992874226,0.7558723215699324
985,2.062951778544797,0.744711112672279,1.04064992874226,0.8629882753614806
986,1.7866094027342057,0.25305838680560316,1.0386403052253248,0.7558723212784583
987,2.058319969119116,0.7291445603533028,1.0386403052253248,0.8629882750523886
988,1.8014637717689168,0.23802964368877022,1.0370661725499069,0.7558723210120828
989,2.052839705156302,0.7132267092905635,1.0370661725499069,0.8629882747528576
990,1.8161285477033897,0.2231492496839044,1.0360205070739235,0.755872320770278
991,2.0465236146481445,0.6969916711595525,1.0360205070739235,0.8629882744636161
992,1.8305552814247406,0.20850918305342173,1.0355893751467018,0.7558723205524326
993,2.039386355299108,0.6804761685607749,1.0355893751467018,0.8629882741852895
994,1.8446973962043338,0.19422333400342442,1.0358499746778778,0.7558723203578607
995,2.0314446262683528,0.6637198037497744,1.0358499746778778,0.8629882739184033
996,1.8585102391594361,0.18043421439339818,1.036868794516448,0.7558723201858123
997,2.022717181259523,0.6467653655830736,1.036868794516448,0.862988273663389
998,1.8719511213607691,0.1673212006790249,1.038699961183609,0.7558723200354809
999,2.0132248428268507,0.629659178409273,1.038699961183609,0.8629882734205894
1000,1.8849793482513564,0.15510970271720265,1.0413838400308748,0.7558723199060117
1001,2.002990517730116,0.6124514960609739,1.0413838400308748,0.8629882731902635
1002,1.8975562418830587,0.14407919939156208,1.0449459501249532,0.7558723197965088
1003,1.9920392131272582,0.5951969429086023,1.0449459501249532,0.8629882729725894
1004,1.9096451563199721,0.13456538875040622,1.049396239330363,0.755872319706044
1005,1.9803980533407834,0.5779550018125104,1.049396239330363,0.8629882727676732
1006,1.921211487406256,0.12694802725902746,1.0547287490901331,0.7558723196336625
1007,1.9680962968711977,0.5607905453337152,1.0547287490901331,0.8629882725755502
1008,1.9322226779527576,0.12161404499974043,1.0609216788094793,0.7558723195783901
1009,1.9551653532561262,0.5437744011828071,1.0609216788094793,0.862988272396193
1010,1.942648219263766,0.11889161739454544,1.0679378394273857,0.7558723195392398
1011,1.9416387992861117,0.5269839349096826,1.0679378394273857,0.8629882722295131
1012,1.9524596498032962,0.11897024409350182,1.0757254667093175,0.755872319515217
1013,1.9275523939858517,0.5105036214637403,1.0757254667093175,0.86298827207537
1014,1.9616305516899162,0.12184422188513114,1.0842193487861376,0.7558723195053264
1015,1.9129440916514227,0.4944255616745873,1.0842193487861376,0.8629882719335709
1016,1.9701365456101712,0.12731445822616058,1.093342210798519,0.7558723195085748
1017,1.89785405209862,0.4788498793161083,1.093342210798519,0.8629882718038796
1018,1.9779552846527764,0.135047413394568,1.1030062928505802,0.7558723195239775
1019,1.882324647123841,0.46388490923944925,1.1030062928505802,0.8629882716860192
1020,1.985066447488274,0.14465507485983983,1.113115055840875,0.7558723195505617
1021,1.8664004620064543,0.4496470583940301,1.113115055840875,0.8629882715796762
1022,1.9914517312510729,0.15575943501356287,1.1235649525643887,0.7558723195873709
1023,1.8501282906902468,0.4362601929212879,1.1235649525643887,0.8629882714845051
1024,1.9970948444218235,0.16802777685770282,1.1342472078087125,0.7558723196334693
1025,1.833557123072308,0.4238543827228618,1.1342472078087125,0.8629882714001321
1026,2.0019814999570107,0.1811837642752997,1.145049559847664,0.7558723196879424
1027,1.8167381226025496,0.412563830885366,1.145049559847664,0.8629882713261595
1028,2.0060994088686512,0.19500477888996925,1.1558579256066148,0.7558723197499032
1029,1.7997245921595864,0.4025238437450305,1.1558579256066148,0.8629882712621693
1030,2.0094382744190624,0.2093137279705936,1.1665579618153048,0.7558723198184918
1031,1.7825719259243527,0.39386677386038993,1.1665579618153048,0.8629882712077268
1032,2.0119897870630568,0.2239698913792964,1.1770365038828552,0.7558723198928786
1033,1.765337544729455,0.38671700314477375,1.1770365038828552,0.8629882711623836
1034,2.013747620241738,0.23886075646158886,1.1871828724916915,0.7558723199722673
1035,1.7480808121304408,0.38118522253646503,1.1871828724916915,0.8629882711256809
1036,2.014707427107526,0.25389539592661786,1.196890044723752,0.7558723200558954
1037,1.7308629282387822,0.37736247919011295,1.196890044723752,0.8629882710971523
1038,2.0148668382384263,0.26899934100473266,1.2060556918199472,0.7558723201430348
1039,1.7137467981927894,0.37531464657972874,1.2060556918199472,0.8629882710763265
1040,2.0142254603800867,0.28411070197845456,1.2145830894995482,0.7558723202329944
1041,1.6967968720430013,0.3750780562040589,1.2145830894995482,0.8629882710627313
1042,2.012784876236197,0.2991772619184856,1.2223819092936714,0.7558723203251199
1043,1.6800789528176565,0.3766569536717878,1.2223819092936714,0.8629882710558942
1044,2.0105486453106307,0.31415430527698723,1.229368900789155,0.7558723204187942
1045,1.6636599696395407,0.380023195112439,1.229368900789155,0.8629882710553447
1046,2.007522305787644,0.32900299281215195,1.235468475261782,0.7558723205134379
1047,1.6476077130180464,0.38511823497009734,1.235468475261782,0.862988271060619
1048,2.003713377418897,0.3436891402577076,1.2406132011147186,0.7558723206085108
1049,1.6319905298705388,0.39185707634524475,1.2406132011147186,0.8629882710712575
1050,1.9991313653672524,0.3581822952432879,1.2447442210161477,0.7558723207035086
1051,1.6168769764641657,0.40013356985098586,1.2447442210161477,0.8629882710868108
1052,1.9937877649366333,0.37245503518562373,1.2478115998024866,0.7558723207979658
1053,1.60233542833757,0.4098263251903063,1.2478115998024866,0.8629882711068378
1054,1.9876960670939263,0.38648242970783264,1.2497746111983261,0.755872320891453
1055,1.5884336473772174,0.42080454581388055,1.2497746111983261,0.8629882711309111
1056,1.9808717646622875,0.40024162631455207,1.2506019702863527,0.7558723209835779
1057,1.575238307588045,0.43293326202964477,1.2506019702863527,0.8629882711586121
1058,1.9733323590344416,0.4137115290309683,1.2502720174961783,0.7558723210739835
1059,1.5628144826979606,0.44607765100641916,1.2502720174961783,0.8629882711895396
1060,1.9650973672188747,0.42687254765473864,1.248772858702191,0.7558723211623483
1061,1.5512251005336097,0.46010633176158067,1.248772858702191,0.8629882712233042
1062,1.956188328990339,0.4397064010257502,1.2461024648397623,0.7558723212483838
1063,1.540530371038862,0.47489367354880174,1.2461024648397623,0.8629882712595315
1064,1.9466288138679406,0.45219596190840256,1.2422687332638953,0.7558723213318357
1065,1.5307871967892286,0.4903212471732025,1.2422687332638953,0.8629882712978655
1066,1.9364444275883799,0.46432513414736454,1.2372895118708753,0.7558723214124786
1067,1.522048576771473,0.5062785882347304,1.2372895118708753,0.862988271337965
1068,1.9256628176777304,0.47607875501561875,1.2311925857601624,0.7558723214901206
1069,1.5143630159142758,0.5226634441904637,1.2311925857601624,0.8629882713795056
1070,1.9143136776516438,0.4874425173471683,1.2240156249045724,0.7558723215645976
1071,1.5077739542277686,0.5393816587427763,1.2240156249045724,0.8629882714221807
1072,1.9024287492901917,0.49840290729569614,1.2158060898943739,0.7558723216357724
1073,1.5023192302926003,0.5563468193953077,1.2158060898943739,0.8629882714657013
1074,1.8900418223390911,0.5089471544988877,1.2066210913005289,0.7558723217035359
1075,1.4980305941043617,0.5734797649072995,1.2066210913005289,0.8629882715097948
1076,1.8771887308832298,0.519063192138112,1.1965271965462982,0.7558723217678033
1077,1.4949332838301626,0.5907080230954175,1.1965271965462982,0.8629882715542071
1078,1.8639073455210595,0.5287396249239357,1.1856001763802888,0.755872321828513
1079,1.4930456798216676,0.6079652277593002,1.1856001763802888,0.8629882715987014
1080,1.8502375603397445,0.537965703452608,1.1739246811240085,0.7558723218856266
1081,1.4923790472624485,0.6251905467187255,1.1739246811240085,0.8629882716430566
1082,1.8362212735516033,0.5467313036986976,1.161593834869668,0.7558723219391255
1083,1.492937376181141,0.6423281405576348,1.161593834869668,0.8629882716870699
1084,1.821902360503892,0.5378069667131081,1.14870873381779,0.7558723219890101
1085,1.4947173243722345,0.6403820955811641,1.14870873381779,0.8629882717305566
1086,1.8073266376185606,0.5270480855996661,1.1353778331124698,0.7558723220353001
1087,1.497708265222597,0.6231603403804014,1.1353778331124698,0.8629882717733465
1088,1.7925418156597785,0.5171884438248493,1.121716205066001,0.7558723220780307
1089,1.5018924387687846,0.6059033675488567,1.121716205066001,0.8629882718152849
1090,1.7775974405695039,0.5083174217860736,1.107844650853643,0.7558723221172516
1091,1.507245200745605,0.5886717190038213,1.107844650853643,0.862988271856234
1092,1.762544819961489,0.5005208358541753,1.0938886479756198,0.7558723221530278
1093,1.5137353611571314,0.5715313008969557,1.0938886479756198,0.8629882718960715
1094,1.747436933230042,0.4938787057674426,1.0799771174736568,0.7558723221854345
1095,1.5213256012005694,0.5545539130010987,1.0799771174736568,0.8629882719346869
1096,1.7323283231216204,0.48846286335723643,1.0662409985473342,0.7558723222145605
1097,1.529972955342846,0.5378177835246492,1.0662409985473342,0.862988271971987
1098,1.717274966547158,0.48433454049952723,1.0528116243288528,0.7558723222405025
1099,1.5396293440693067,0.5214080788233194,1.0528116243288528,0.8629882720078901
1100,1.7023341223950141,0.48154210760698135,1.0398189015389632,0.7558723222633669
1101,1.5502421423085215,0.505417342319836,1.0398189015389632,0.8629882720423264
1102,1.687564154154705,0.48011914969972336,1.0273893087476016,0.7558723222832666
1103,1.5617547687425044,0.4899457976330793,1.0273893087476016,0.8629882720752403
1104,1.673024325297488,0.48008305769852344,1.015643742835598,0.7558723223003221
1105,1.5741072820446715,0.47510142780817377,1.015643742835598,0.862988272106588
1106,1.6587745655995707,0.4814342751733786,1.0046952603434447,0.7558723223146571
1107,1.5872369714222658,0.4609997172778658,1.0046952603434447,0.8629882721363336
1108,1.6448752069548542,0.4841562789173427,0.9946467784515304,0.7558723223264021
1109,1.6010789305320283,0.44776291952925246,0.9946467784515304,0.8629882721644537
1110,1.6313866877225314,0.4882162953973307,0.9855888175079579,0.7558723223356907
1111,1.6155666057419185,0.4355186980950021,0.9855888175079579,0.8629882721909349
1112,1.6183692253026047,0.49356667842989815,0.9775973809636826,0.755872322342656
1113,1.6306323116925743,0.42439799150900176,0.9775973809636826,0.8629882722157715
1114,1.6058824574356396,0.500146810521225,0.9707320767495246,0.7558723223474347
1115,1.6462077090543892,0.4145319869935528,0.9707320767495246,0.8629882722389646
1116,1.593985053679719,0.5078853514823518,0.9650345842349547,0.7558723223501658
1117,1.662224241188902,0.40604816539390526,0.9650345842349547,0.8629882722605278
1118,1.5827342996147935,0.5167026471024839,0.9605275614053566,0.7558723223509864
1119,1.678613528042373,0.3990655078258886,0.9605275614053566,0.8629882722804773
1120,1.5721856575368032,0.5265131252372703,0.9572140674854611,0.7558723223500338
1121,1.6953077169860702,0.393689125367843,0.9572140674854611,0.8629882722988368
1122,1.5623923086911746,0.5372275393921376,0.9550775481550744,0.7558723223474411
1123,1.7122397914552698,0.39000475874523605,0.9550775481550744,0.8629882723156365
1124,1.5534046834029134,0.5487549616479002,0.9540823964862873,0.755872322343343
1125,1.7293438391286309,0.38807374584505955,0.9540823964862873,0.8629882723309126
1126,1.5452699867201156,0.5610044692062384,0.9541750666336902,0.7558723223378714
1127,1.746555282046251,0.3879291119141993,0.9541750666336902,0.8629882723447051
1128,1.5380317283200198,0.5738865058766663,0.95528568342341,0.7558723223311542
1129,1.7638110715121118,0.38957335544695204,0.95528568342341,0.8629882723570568
1130,1.5317292663459592,0.5873139282509277,0.9573300632399893,0.7558723223233172
1131,1.7810498508936505,0.3929782775428535,0.9573300632399893,0.8629882723680152
1132,1.5263973754644007,0.5984122992271756,0.9602120428487284,0.7558723223144829
1133,1.7982120895486455,0.39808688221359884,0.9602120428487284,0.8629882723776321
1134,1.5220658496761708,0.5935272371175818,0.9638260043406532,0.7558723223047674
1135,1.8152401911077911,0.4048170470692858,0.9638260043406532,0.862988272385962
1136,1.5187591502242286,0.5881227980989832,0.9680594859760646,0.7558723222942851
1137,1.832078579248483,0.4130664186477031,0.9680594859760646,0.8629882723930602
1138,1.5164961082759025,0.5822045807455365,0.9727957787263991,0.7558723222831438
1139,1.8486737639364996,0.4227178806196423,0.9727957787263991,0.8629882723989836
1140,1.5152896909158426,0.5757787440645322,0.9779164243232693,0.7558723222714481
1141,1.8649743909088936,0.4336449799865585,0.9779164243232693,0.8629882724037906
1142,1.5151468373978956,0.5688520104501237,0.9833035498783281,0.7558723222592969
1143,1.8809312769412665,0.44571683609597096,0.9833035498783281,0.8629882724075402
1144,1.516068370636456,0.561431669594958,0.9888419940914095,0.7558723222467834
1145,1.8964974331997322,0.4588022411276326,0.9888419940914095,0.862988272410294
1146,1.5180489866695637,0.5535255836008068,0.9944211986903128,0.7558723222339964
1147,1.9116280787332933,0.4727728364596343,0.9944211986903128,0.8629882724121147
1148,1.5210773224209002,0.5451421935816058,0.9999368546827254,0.7558723222210197
1149,1.926280645923996,0.48750538517122494,0.9999368546827254,0.8629882724130623
1150,1.5251360996637702,0.5362905281169101,1.0052923055466598,0.7558723222079311
1151,1.9404147794858324,0.502883246603751,1.0052923055466598,0.8629882724131978
1152,1.5302023407868817,0.5269802139940298,1.0103997184866462,0.7558723221948046
1153,1.9539923303925917,0.5187971992909157,1.0103997184866462,0.8629882724125799
1154,1.5362476499078608,0.517221489777451,1.0151810405767785,0.7558723221817067
1155,1.9669773459219047,0.5351457657050243,1.0151810405767785,0.8629882724112679
1156,1.5432385511826032,0.5070252228703452,1.0195687594691545,0.7558723221687008
1157,1.979336056828535,0.5518351791072473,1.0195687594691545,0.862988272409319
1158,1.55113687489259,0.4964029308926537,1.0235064889360337,0.7558723221558443
1159,1.9910368625046448,0.5687791099330054,1.0235064889360337,0.86298827240679
1160,1.5599001810988593,0.48536680840350455,1.0269493984059903,0.7558723221431894
1161,2.0020503148477555,0.5858982438195912,1.0269493984059903,0.8629882724037368
1162,1.5694822103351076,0.47392976025610517,1.02986450335972,0.7558723221307841
1163,2.012349101437429,0.6031197797697826,1.02986450335972,0.8629882724002115
1164,1.5798333509452596,0.4621054432088501,1.0322308303946368,0.7558723221186723
1165,2.021908028518119,0.6203768969737231,1.0322308303946368,0.8629882723962669
1166,1.5909011131978734,0.44990831785175894,1.0340394672822137,0.7558723221068939
1167,2.030704004196731,0.6376082229933427,1.0340394672822137,0.8629882723919532
1168,1.6026306011571543,0.43735371347582264,1.0352935046800984,0.7558723220954827
1169,2.038716022187776,0.6547573240887833,1.0352935046800984,0.8629882723873185
1170,1.614964974374017,0.42445790926010846,1.0360078725114428,0.755872322084468
1171,2.0459251463750925,0.6717722298359583,1.0360078725114428,0.8629882723824082
1172,1.6278458926942343,0.4112382361404209,1.0362090705346112,0.7558723220738748
1173,2.0523144964056272,0.688604998166588,1.0362090705346112,0.8629882723772675
1174,1.6412139387826803,0.3977132050411591,1.0359347894265394,0.7558723220637247
1175,2.0578692344862826,0.7052113229222386,1.0359347894265394,0.862988272371937
1176,1.6550090142613458,0.3839026689201653,1.0352334159226604,0.7558723220540349
1177,2.0625765535181704,0.7215501834185252,1.0352334159226604,0.8629882723664576
1178,1.669170706595633,0.369828028464811,1.0341634133431825,0.7558723220448191
1179,2.066425666672623,0.7375835339432141,1.0341634133431825,0.8629882723608658
1180,1.6836386249946094,0.35551249452498335,1.032792567366225,0.7558723220360881
1181,2.069407798488912,0.7532760302436444,1.032792567366225,0.8629882723551978
1182,1.6983527045870022,0.3409814248106656,1.0311970863925142,0.7558723220278487
1183,2.0715161775539013,0.7685947896611066,1.0311970863925142,0.8629882723494863
1184,1.7132534789797325,0.3262627584897662,1.0294605465217037,0.7558723220201062
1185,2.0727460308079118,0.7835091814759748,1.0294605465217037,0.8629882723437614
1186,1.7282823219949475,0.31138758075344874,1.0276726732757893,0.7558723220128637
1187,2.0730945795081155,0.7979906441213609,1.0276726732757893,0.8629882723380526
1188,1.7433816599189866,0.2963908610764259,1.0259279559901382,0.7558723220061211
1189,2.0725610368700633,0.7987766425463556,1.0259279559901382,0.8629882723323865
1190,1.7584951559932602,0.2813124249993907,1.0243240964126905,0.7558723219998745
1191,2.0711466073987843,0.7847702486162955,1.0243240964126905,0.8629882723267861
1192,1.7735678691476018,0.26619824133300857,1.0229603005505379,0.7558723219941181
1193,2.0688544879126214,0.770305453260507,1.0229603005505379,0.8629882723212742
1194,1.7885463891386288,0.25110213644874596,1.0219354320386178,0.7558723219888441
1195,2.0656898702549453,0.755408516039285,1.0219354320386178,0.8629882723158703
1196,1.8033789503271382,0.23608808613909252,1.021346055890934,0.7558723219840426
1197,2.061659945680481,0.7401075820449188,1.021346055890934,0.8629882723105937
1198,1.8180155263272286,0.2212332828022698,1.021284412760149,0.7558723219797028
1199,2.056773910893547,0.7244328420883333,1.021284412760149,0.86298827230546
1200,1.8324079077021806,0.20663222487561506,1.0218363748218864,0.7558723219758113
1201,2.0510429757043815,0.7084167174045346,1.0218363748218864,0.8629882723004825
1202,1.8465097647828173,0.19240210471490654,1.0230794439323385,0.7558723219723554
1203,2.044480372256207,0.6920940722841731,1.0230794439323385,0.8629882722956745
1204,1.8602766975558551,0.17868972373223016,1.0250808594897947,0.7558723219693191
1205,2.0371013657590047,0.6755024583152703,1.0250808594897947,0.8629882722910465
1206,1.8736662744232289,0.1656799105456144,1.0278958862413918,0.7558723219666862
1207,2.028923266645357,0.6586823941035059,1.0278958862413918,0.8629882722866072
1208,1.8866380614772136,0.15360470255903708,1.0315663501805779,0.7558723219644401
1209,2.0199654440382093,0.6416776843533094,1.0315663501805779,0.862988272282365
1210,1.8991536437771561,0.14275095882693625,1.0361194832378713,0.7558723219625635
1211,2.0102493403891053,0.6245357819183895,1.0361194832378713,0.8629882722783242
1212,1.9111766399569043,0.13346120710927017,1.0415671248827008,0.7558723219610377
1213,1.9997984871072534,0.6073081956981828,1.0415671248827008,0.8629882722744899
1214,1.9226727113414084,0.1261188470138433,1.047905311924966,0.7558723219598452
1215,1.9886385209535014,0.5900509458217108,1.047905311924966,0.8629882722708633
1216,1.9336095666089876,0.12110746249541234,1.055114268236862,0.7558723219589687
1217,1.9767972009177452,0.5728250650824004,1.055114268236862,0.8629882722674446
1218,1.943956962904125,0.11874168427657646,1.0631587857121618,0.7558723219583902
1219,1.9643044252320443,0.5556971416076056,1.0631587857121618,0.8629882722642359
1220,1.9536867041852115,0.1191878751245295,1.0719889685497859,0.7558723219580906
1221,1.9511922480933968,0.5387398916698255,1.0719889685497859,0.862988272261237
1222,1.9627726374827694,0.12241370472965445,1.0815412966900562,0.7558723219580508
1223,1.9374948955782725,0.5220327426438605,1.0815412966900562,0.8629882722584471
1224,1.9711906476461876,0.12819841356992503,1.0917399522720628,0.7558723219582516
1225,1.9232487801241407,0.5056623935676035,1.0917399522720628,0.8629882722558634
1226,1.9789186510705064,0.13619691955572685,1.1024983460143625,0.7558723219586742
1227,1.9084925128300094,0.48972330379566503,1.1024983460143625,0.8629882722534832
1228,1.9859365888186278,0.14601945836219282,1.1137207784824739,0.7558723219593002
1229,1.8932669126872164,0.47431803837470615,1.1137207784824739,0.8629882722513041
1230,1.9922264194877366,0.15729252017197967,1.1253041737551197,0.7558723219601113
1231,1.8776150116924464,0.45955737233509086,1.1253041737551197,0.8629882722493201
1232,1.9977721121108172,0.1696904748678695,1.1371398290921413,0.7558723219610903
1233,1.8615820546167963,0.44556002693944224,1.1371398290921413,0.8629882722475273
1234,2.0025596393340797,0.18294429206875376,1.1491151326938702,0.755872321962219
1235,1.845215492007897,0.43245188344807983,1.1491151326938702,0.8629882722459202
1236,2.006576971067913,0.1968377770009649,1.161115211366617,0.7558723219634816
1237,1.8285649647878361,0.4203645021418464,1.161115211366617,0.8629882722444924
1238,2.0098140687718358,0.21119906516561218,1.173024479849671,0.7558723219648616
1239,1.8116822785803461,0.40943277833177394,1.173024479849671,0.8629882722432379
1240,2.012262880501894,0.225891527719563,1.184728072918346,0.7558723219663435
1241,1.7946213656605243,0.39979160826955623,1.184728072918346,0.8629882722421497
1242,2.013917336821317,0.24080579400479712,1.1961131496150994,0.7558723219679123
1243,1.7774382321753648,0.3915715311783403,1.1961131496150994,0.8629882722412211
1244,2.0147733476510985,0.25585333318991993,1.2070700657817377,0.7558723219695538
1245,1.760190888042185,0.3848934661533333,1.2070700657817377,0.8629882722404438
1246,2.014828800115886,0.2709615049645963,1.2174934163803446,0.7558723219712553
1247,1.742939256706219,0.3798628636785325,1.2174934163803446,0.8629882722398114
1248,2.014083557421316,0.286069821433636,1.2272829529601674,0.7558723219730028
1249,1.725745061743015,0.37656380400509265,1.2272829529601674,0.8629882722393158
1250,2.012539458781098,0.3011271486586002,1.2363443842112058,0.7558723219747844
1251,1.7086716871443952,0.3750537363907228,1.2363443842112058,0.8629882722389492
1252,2.010200320395025,0.31608961575653644,1.2445900690517322,0.7558723219765894
1253,1.6917840080507678,0.3753595936026752,1.2445900690517322,0.8629882722387043
1254,2.0070719374620087,0.33091904939872413,1.2519396123497035,0.755872321978407
1255,1.675148188713368,0.37747588760663064,1.2519396123497035,0.8629882722385723
1256,2.003162087194526,0.34558179646620046,1.258320373389192,0.755872321980227
1257,1.658831444616269,0.3813651019231199,1.258320373389192,0.8629882722385469
1258,1.998480532781886,0.3600478335064253,1.2636678967491677,0.7558723219820404
1259,1.6429017659903455,0.38696031468224845,1.2636678967491677,0.8629882722386187
1260,1.9930390282287314,0.37429008879494974,1.267926274516777,0.7558723219838387
1261,1.6274276004403734,0.39416962433567826,1.267926274516777,0.8629882722387813
1262,1.9868513239715102,0.3882839228139245,1.2710484478302484,0.7558723219856138
1263,1.6124774931102608,0.40288170910521637,1.2710484478302484,0.8629882722390272
1264,1.9799331731485301,0.40200672750930466,1.272996454724946,0.7558723219873594
1265,1.5981196837521843,0.4129717819966753,1.272996454724946,0.8629882722393483
1266,1.9723023383678564,0.41543761521627104,1.2737416301989937,0.7558723219890683
1267,1.5844216612555688,0.4243072916133065,1.2737416301989937,0.862988272239738
1268,1.963978598780904,0.42855717575712216,1.273264763357761,0.7558723219907348
1269,1.5714496776293592,0.4367529058316768,1.273264763357761,0.862988272240189
1270,1.9549837572272974,0.4413472857379037,1.2715562154557518,0.755872321992354
1271,1.5592682250948373,0.4501745299012805,1.2715562154557518,0.8629882722406945
1272,1.945341647167484,0.45379095809210857,1.268616001631661,0.7558723219939216
1273,1.5479394817924153,0.46444229794188124,1.268616001631661,0.8629882722412491
1274,1.9350781390628338,0.46587222286556895,1.264453838117803,0.7558723219954337
1275,1.5375227335645378,0.47943260952132993,1.264453838117803,0.8629882722418453
1276,1.9242211457976177,0.47757603240763025,1.2590891556806836,0.7558723219968867
1277,1.5280737812519152,0.4950293573997146,1.2590891556806836,0.8629882722424774
1278,1.9128006266624826,0.48888818574425524,1.2525510789914234,0.7558723219982776
1279,1.5196443448115762,0.5111245193969931,1.2525510789914234,0.8629882722431402
1280,1.9008485893339977,0.499795268111664,1.2448783705056916,0.7558723219996044
1281,1.512281477194502,0.527618282395793,1.2448783705056916,0.8629882722438279
1282,1.8883990891889242,0.5102846025338266,1.236119336224592,0.7558723220008651
1283,1.5060270021613789,0.5444188442742729,1.236119336224592,0.8629882722445353
1284,1.8754882251845526,0.520344211012188,1.2263316893840064,0.7558723220020589
1285,1.5009169909259799,0.5614420108275304,1.2263316893840064,0.8629882722452572
1286,1.8621541314176007,0.5299627834182815,1.2155823666591052,0.7558723220031832
1287,1.4969812925760877,0.5786106761553972,1.2155823666591052,0.8629882722459897
1288,1.8484369633440487,0.5391296525806856,1.2039472898619938,0.7558723220042362
1289,1.494243132547841,0.5958542499864955,1.2039472898619938,0.8629882722467282
1290,1.8343788775016634,0.5478303180041098,1.1915110643590852,0.7558723220052173
1291,1.4927187919881768,0.61310807520964,1.1915110643590852,0.8629882722474688
1292,1.8200240034274042,0.5363629251084517,1.1783666035705769,0.7558723220061268
1293,1.492417378660151,0.6303128634776082,1.1783666035705769,0.8629882722482075
1294,1.8054184063058423,0.5257156397486928,1.164614667002037,0.7558723220069663
1295,1.4933406972205752,0.6474141655199078,1.164614667002037,0.862988272248941
1296,1.7906100387257464,0.5159793236242374,1.1503632974089273,0.7558723220077361
1297,1.4954832233823792,0.6352533466238024,1.1503632974089273,0.862988272249666
1298,1.7756486797650732,0.5072430123651288,1.135727141080179,0.7558723220084377
1299,1.4988321828672282,0.6180150515167514,1.135727141080179,0.86298827225038
1300,1.760585859476263,0.4995919005632421,1.120826634089843,0.7558723220090725
1301,1.5033677323883865,0.6007590626921232,1.120826634089843,0.86298827225108
1302,1.745474766712412,0.4931050822287891,1.105787037029745,0.7558723220096427
1303,1.5090632364165963,0.5835474675670257,1.105787037029745,0.862988272251764
1304,1.7303701381308672,0.48785314819713316,1.090737301604178,0.7558723220101508
1305,1.5158856303919186,0.5664478737760368,1.090737301604178,0.8629882722524292
1306,1.715328126146523,0.4838957833970353,1.0758087550075748,0.7558723220105974
1307,1.523795858531387,0.5495339426302824,1.0758087550075748,0.862988272253075
1308,1.7004061435970312,0.4812795385222927,1.0611335927123373,0.755872322010986
1309,1.5327493725700898,0.5328859202488173,1.0611335927123373,0.8629882722536986
1310,1.685662682942496,0.48003596346182537,1.046843177621269,0.7558723220113186
1311,1.542696676722248,0.5165911317337876,1.046843177621269,0.8629882722542991
1312,1.6711571079705996,0.4801802768515258,1.0330661538026678,0.7558723220115979
1313,1.553583903855499,0.5007443873778811,1.0330661538026678,0.8629882722548753
1314,1.6569494162325737,0.48171070517810505,1.0199263962730074,0.7558723220118261
1315,1.5653534082756462,0.4854482293683539,1.0199263962730074,0.8629882722554262
1316,1.6430999708135712,0.4846085604419337,1.0075408341568777,0.755872322012006
1317,1.5779443615159963,0.47081292344921094,1.0075408341568777,0.862988272255951
1318,1.629669200558196,0.4888390481775922,0.9960172021295867,0.7558723220121406
1319,1.5912933389818626,0.45695607470922245,0.9960172021295867,0.8629882722564491
1320,1.6167172685396864,0.4943527219635445,0.985451792815529,0.7558723220122328
1321,1.6053348870710702,0.44400172463095944,0.985451792815529,0.8629882722569203
1322,1.604303709384727,0.5010874403083043,0.9759272986827162,0.7558723220122839
1323,1.6200020623316276,0.43207877545771056,0.9759272986827162,0.8629882722573635
1324,1.592487037041742,0.5089706465324253,0.9675108434671166,0.7558723220122983
1325,1.635226936198107,0.4213185988308414,0.9675108434671166,0.8629882722577797
1326,1.581324325694414,0.5179217850052787,0.9602523077834133,0.7558723220122774
1327,1.6509410607601864,0.411851731609071,0.9602523077834133,0.8629882722581687
1328,1.5708707677466522,0.5278546845034418,0.9541830493024414,0.7558723220122248
1329,1.6670758927774048,0.4038036542773665,0.9541830493024414,0.8629882722585298
1330,1.5611792140985206,0.5386797738758106,0.9493151036625174,0.7558723220121427
1331,1.683563174707007,0.3972897897062018,0.9493151036625174,0.8629882722588641
1332,1.5522997032381292,0.5503060374885336,0.9456409285045003,0.7558723220120337
1333,1.7003352728249428,0.39241003928052315,0.9456409285045003,0.8629882722591712
1334,1.544278986922272,0.5626426599362819,0.9431337216249531,0.7558723220119005
1335,1.7173254735828063,0.38924335464181,0.9431337216249531,0.862988272259453
1336,1.5371600613281038,0.5756003455557344,0.941748308561183,0.7558723220117454
1337,1.7344682401616478,0.38784297226834563,0.941748308561183,0.8629882722597089
1338,1.5309817134434374,0.589092325481428,0.9414225591398305,0.755872322011571
1339,1.7516994317750445,0.38823295705206123,0.9414225591398305,0.86298827225994
1340,1.525778093039337,0.5978077542768562,0.9420792609023484,0.7558723220113795
1341,1.7689564886642564,0.39040657453637234,0.9420792609023484,0.8629882722601464
1342,1.521578320759943,0.592854982855486,0.9436283534120025,0.755872322011173
1343,1.7861785859474946,0.3943267505663998,0.9436283534120025,0.8629882722603297
1344,1.5184061426127642,0.5873835296285344,0.9459694134543082,0.7558723220109533
1345,1.8033067595640837,0.39992854439769787,0.9459694134543082,0.8629882722604906
1346,1.5162796404158327,0.5813990657735861,0.9489942776469643,0.7558723220107232
1347,1.8202840075225464,0.4071232494295174,0.9489942776469643,0.8629882722606297
1348,1.51521100655599,0.574907823238007,0.9525896950198577,0.7558723220104836
1349,1.8370553695466076,0.41580352844090546,0.9525896950198577,0.8629882722607483
1350,1.5152063897707457,0.5679165978049737,0.9566399156074822,0.7558723220102376
1351,1.8535679880389526,0.4258489287662369,0.9566399156074822,0.8629882722608465
1352,1.5162658166558716,0.5604327531461071,0.9610291393134678,0.755872322009986
1353,1.8697711530695138,0.4371311959826749,0.9610291393134678,0.8629882722609262
1354,1.51838319132484,0.5524642261080009,0.9656437695076288,0.7558723220097308
1355,1.885616333859803,0.4495189638060077,0.9656437695076288,0.8629882722609883
1356,1.5215463732306833,0.5440195335336856,0.970374435623986,0.7558723220094739
1357,1.9010571989904352,0.4628815839944816,0.970374435623986,0.8629882722610336
1358,1.5257373307447002,0.535107780986479,0.9751177666916275,0.7558723220092158
1359,1.9160496273155212,0.47709202620014945,0.9751177666916275,0.862988272261063
1360,1.530932365808604,0.5257386738262751,0.9797779121918492,0.7558723220089586
1361,1.9305517113323345,0.4920288988186409,0.9797779121918492,0.862988272261078
1362,1.5371024029636446,0.5159225311916528,0.9842678174677165,0.7558723220087035
1363,1.9445237545326033,0.5075777130680588,0.9842678174677165,0.8629882722610789
1364,1.5442133344148616,0.5056703035712542,0.9885102681772918,0.7558723220084511
1365,1.9579282640561628,0.5236315416067264,0.9885102681772918,0.8629882722610679
1366,1.5522264115824718,0.49499359481259403,0.9924387223617236,0.755872322008203
1367,1.9707299397802738,0.540091222794375,0.9924387223617236,0.8629882722610446
1368,1.5610986728613916,0.48390468962629496,0.9959979501446139,0.7558723220079596
1369,1.9828956608093917,0.5568652446903951,0.9959979501446139,0.8629882722610105
1370,1.5707833970541765,0.4724165879127536,0.9991445004878805,0.755872322007722
1371,1.994394470180371,0.5738694186847101,0.9991445004878805,0.8629882722609671
1372,1.5812305721302824,0.4605430475852436,1.0018470123683367,0.7558723220074912
1373,2.0051975584663695,0.591026427524546,1.0018470123683367,0.8629882722609145
1374,1.592387369537631,0.4482986380140052,1.0040863846999348,0.7558723220072675
1375,2.0152782468479673,0.6082653098500074,1.0040863846999348,0.8629882722608541
1376,1.6041986151754208,0.43569880680465545,1.0058558157109607,0.7558723220070513
1377,2.024611970120967,0.6255209246104795,1.0058558157109607,0.8629882722607869
1378,1.6166072492450656,0.4227599633989004,1.0071607186109404,0.7558723220068433
1379,2.033176260025529,0.6427334241260155,1.0071607186109404,0.8629882722607132
1380,1.6295547684430811,0.40949958401163367,1.0080185164986886,0.7558723220066442
1381,2.0409507292093063,0.6598477536855437,1.0080185164986886,0.8629882722606341
1382,1.6429816452650527,0.3959363437870682,1.0084583157760798,0.7558723220064543
1383,2.047917056076567,0.6768131877933855,1.0084583157760798,0.8629882722605504
1384,1.6568277204834718,0.3820902838943828,1.0085204540255648,0.7558723220062735
1385,2.054058970724663,0.6935829078100285,1.0085204540255648,0.8629882722604632
1386,1.6710325660875038,0.367983023768088,1.008255915566916,0.7558723220061022
1387,2.0593622421271274,0.7101136221747615,1.008255915566916,0.8629882722603723
1388,1.6855358170877504,0.3536380320793787,1.0077256059298183,0.7558723220059407
1389,2.063814666688177,0.7263652281466388,1.0077256059298183,0.8629882722602791
1390,1.7002774715661975,0.3390809746529791,1.0069994754880296,0.7558723220057889
1391,2.0674060582651257,0.7423005126669397,1.0069994754880296,0.8629882722601846
1392,1.7151981591764032,0.324340163911777,1.0061554827456516,0.7558723220056467
1393,2.0701282397323553,0.7578848892393554,1.0061554827456516,0.8629882722600886
1394,1.7302393789680264,0.3094471432251062,1.0052783895036999,0.7558723220055144
1395,2.0719750361419327,0.7730861674318479,1.0052783895036999,0.8629882722599913
1396,1.7453437079282765,0.2944374516975787,1.0044583836036898,0.7558723220053917
1397,2.0729422695210244,0.7878743515765473,1.0044583836036898,0.862988272259894
1398,1.7604549820121569,0.27935163171734967,1.003789530319139,0.7558723220052788
1399,2.0730277553340253,0.8022214653773181,1.003789530319139,0.8629882722597977
1400,1.7755184516888143,0.2642365645559152,1.0033680607998734,0.7558723220051747
1401,2.0722313006271325,0.794649146540347,1.0033680607998734,0.8629882722597013
1402,1.790480914180558,0.24914725019477107,1.0032905151360036,0.7558723220050799
1403,2.0705547038642798,0.7805034076026052,1.0032905151360036,0.8629882722596065
1404,1.8052908246321315,0.23414918757486367,1.0036517682195758,0.7558723220049945
1405,2.0680017564552076,0.7659069096123785,1.0036517682195758,0.8629882722595135
1406,1.8198983884383018,0.21932155955436397,1.004542977974202,0.7558723220049177
1407,2.064578245968359,0.7508864589944554,1.004542977974202,0.862988272259422
1408,1.8342556368939664,0.20476147516577786,1.0060495067368709,0.7558723220048493
1409,2.060291961012682,0.7354707931000698,1.0060495067368709,0.8629882722593324
1410,1.8483164882272494,0.19058954536852948,1.008248876413378,0.7558723220047893
1411,2.0551526977625065,0.7196907473674163,1.008248876413378,0.8629882722592456
1412,1.8620367959449002,0.17695700381098523,1.0112088251726508,0.7558723220047372
1413,2.0491722680879354,0.7035794479849107,1.0112088251726508,0.8629882722591615
1414,1.8753743862710992,0.16405428892356932,1.0149855366411105,0.7558723220046927
1415,2.042364509238787,0.6871725335532589,1.0149855366411105,0.8629882722590803
1416,1.8882890863038904,0.1521202008586036,1.0196221108325676,0.7558723220046554
1417,2.0347452950123643,0.670508409497947,1.0196221108325676,0.8629882722590019
1418,1.900742744354483,0.14144900564722865,1.0251473389234085,0.7558723220046251
1419,2.0263325483133556,0.6536285391269462,1.0251473389234085,0.8629882722589268
1420,1.9126992437785586,0.13238982728038237,1.0315748316301903,0.7558723220046013
1421,2.0171462549870416,0.6365777751709178,1.0315748316301903,0.8629882722588554
1422,1.9241245114590886,0.12532902956107234,1.03890253424369,0.7558723220045834
1423,2.0072084787737428,0.6194047352536497,1.03890253424369,0.8629882722587868
1424,1.934986521959473,0.12064566108638879,1.0471126418180399,0.7558723220045718
1425,1.9965433771919578,0.6021622238281625,1.0471126418180399,0.8629882722587223
1426,1.9452552982355718,0.11863941178096143,1.056171907516107,0.7558723220045652
1427,1.9851772181087441,0.5849077014084442,1.056171907516107,0.862988272258661
1428,1.9549029096762756,0.11945260651503113,1.066032317698874,0.755872322004564
1429,1.9731383966972849,0.5677037990549069,1.066032317698874,0.8629882722586035
1430,1.963903468134848,0.12302647202333317,1.076632090841384,0.7558723220045673
1431,1.960457452411887,0.5506188715351414,1.076632090841384,0.8629882722585496
1432,1.9722331225172345,0.12911972306411995,1.087896945114917,0.7558723220045747
1433,1.9471670855284569,0.5337275757437655,1.087896945114917,0.8629882722584994
1434,1.9798700524084272,0.13737712787876194,1.0997415722156685,0.7558723220045861
1435,1.933302172702317,0.5171114510629904,1.0997415722156685,0.8629882722584526
1436,1.986794461143091,0.1474082095227769,1.112071252799296,0.7558723220046015
1437,1.918899780883616,0.5008594645545134,1.112071252799296,0.8629882722584094
1438,1.9929885686612507,0.1588444771769654,1.1247835511736093,0.7558723220046198
1439,1.903999178802275,0.4850684654709546,1.1247835511736093,0.8629882722583694
1440,1.998436604433005,0.17136751899549627,1.1377700327732627,0.755872322004641
1441,1.8886418450881504,0.4698434702648385,1.1377700327732627,0.8629882722583333
1442,2.0031248006870985,0.18471553619816322,1.1509179562485587,0.7558723220046653
1443,1.872871471927263,0.4552976717398656,1.1509179562485587,0.8629882722583001
1444,2.0070413861358327,0.19867860886169278,1.1641119015881651,0.7558723220046915
1445,1.8567339629711268,0.44155203673071114,1.1641119015881651,0.86298827225827
1446,2.01017658035235,0.21308994537491774,1.1772353055385287,0.7558723220047197
1447,1.840277424014042,0.4287343310764783,1.1772353055385287,0.8629882722582436
1448,2.012522588924935,0.22781687331478664,1.1901718848797278,0.7558723220047493
1449,1.8235521447341325,0.41697739788224736,1.1901718848797278,0.8629882722582201
1450,2.0140735994858123,0.24275305607714026,1.2028069363236853,0.7558723220047808
1451,1.8066105695608783,0.40641652845305865,1.2028069363236853,0.8629882722581999
1452,2.0148257786882144,0.25781227629112113,1.2150285086160635,0.7558723220048131
1453,1.789507255489505,0.3971858206302484,1.2150285086160635,0.8629882722581818
1454,2.0147772701844993,0.2729236595134977,1.2267284477527596,0.7558723220048466
1455,1.7722988144177316,0.38941353008955826,1.2267284477527596,0.8629882722581665
1456,2.0139281936390727,0.28802807284775445,1.237803320122407,0.755872322004881
1457,1.7550438373423924,0.3832165893437087,1.237803320122407,0.8629882722581541
1458,2.0122806447921695,0.30307543037142254,1.2481552210123397,0.7558723220049154
1459,1.7378027975349477,0.37869467877312996,1.2481552210123397,0.8629882722581442
1460,2.0098386965734747,0.3180226796803206,1.257692477472793,0.7558723220049502
1461,1.7206379296316807,0.3759244387506564,1.257692477472793,0.8629882722581366
1462,2.0066084012474223,0.332832293662505,1.2663302552433076,0.7558723220049853
1463,1.7036130814461568,0.3749545445220112,1.2663302552433076,0.8629882722581309
1464,2.002597793554188,0.3474711354445334,1.273991079516925,0.7558723220050205
1465,1.6867935352615608,0.37580235854872446,1.273991079516925,0.8629882722581274
1466,1.997816894791188,0.3619095991443305,1.2806052789374476,0.7558723220050548
1467,1.6702457954156147,0.37845269451071784,1.2806052789374476,0.8629882722581256
1468,1.9922777177585893,0.37612095519791433,1.2861113615463968,0.7558723220050891
1469,1.6540373391803411,0.38285889960212327,1.2861113615463968,0.8629882722581258
1470,1.9859942724682578,0.39008084823483524,1.2904563305395922,0.7558723220051226
1471,1.6382363282938026,0.3889460739113994,1.2904563305395922,0.8629882722581277
1472,1.978982572487952,0.4037669094310015,1.2935959467472071,0.7558723220051555
1473,1.6229112790512663,0.39661591079325464,1.2935959467472071,0.8629882722581314
1474,1.971260641760579,0.4171584553612034,1.2954949437769188,0.7558723220051875
1475,1.608130689635749,0.40575245015485606,1.2954949437769188,0.8629882722581359
1476,1.9628485217012552,0.43023625267590615,1.2961272007955005,0.7558723220052187
1477,1.5939626243823306,0.41622801844673024,1.2961272007955005,0.8629882722581418
1478,1.9537682783317538,0.4429823332248683,1.2954758769895303,0.7558723220052492
1479,1.5804742559355285,0.42790875429099506,1.2954758769895303,0.8629882722581491
1480,1.94404400916192,0.4553798481115899,1.293533510845995,0.7558723220052787
1481,1.5677313677671858,0.4406593208378478,1.293533510845995,0.8629882722581569
1482,1.9337018494698102,0.467412951992955,1.2903020865225794,0.7558723220053064
1483,1.555797821246264,0.45434661692525197,1.2903020865225794,0.8629882722581657
1484,1.9227699775657936,0.47906671102607684,1.2857930687212182,0.7558723220053332
1485,1.5447349933401653,0.46884247186714434,1.2857930687212182,0.8629882722581758
1486,1.9112786185497865,0.49032702941445594,1.2800274066168877,0.7558723220053591
1487,1.5346011930020245,0.4840254235380169,1.2800274066168877,0.8629882722581862
1488,1.8992600459843743,0.5011805906643958,1.27303550650214,0.7558723220053835
1489,1.5254510662560832,0.499781738141058,1.27303550650214,0.8629882722581971
1490,1.8867485808091946,0.5116148105349189,1.2648571718595523,0.7558723220054063
1491,1.5173350018074208,0.5160058457548804,1.2648571718595523,0.8629882722582091
1492,1.873780586713149,0.5216177993255373,1.2555415085410293,0.7558723220054281
1493,1.5102985505311004,0.5326003542831855,1.2555415085410293,0.862988272258221
1494,1.860394461060677,0.5311783316506744,1.245146791587857,0.7558723220054487
1495,1.5043818732927425,0.5494757793388197,1.245146791587857,0.8629882722582328
1496,1.8466306203367797,0.5402858222369887,1.233740288945439,0.7558723220054678
1497,1.4996192320807793,0.566550098373268,1.233740288945439,0.8629882722582451
1498,1.8325314789335976,0.5462987967350162,1.2213980358960486,0.7558723220054857
1499,1.496038539278717,0.5837482096089848,1.2213980358960486,0.8629882722582581
1500,1.8181414199507873,0.534932699591877,1.208204552448641,0.7558723220055023
1501,1.4936609790037298,0.6010013527010966,1.208204552448641,0.8629882722582708
1502,1.8035067565252578,0.5243985430931536,1.1942524942031632,0.7558723220055179
1503,1.4925007127704943,0.6182465293244395,1.1942524942031632,0.8629882722582832
1504,1.7886756820468253,0.5147870553883005,1.1796422253925563,0.7558723220055317
1505,1.4925646793541383,0.6354259478008076,1.1796422253925563,0.8629882722582958
1506,1.7736982074601146,0.5061868933138484,1.1644813009826995,0.7558723220055444
1507,1.4938524957356494,0.6473094321115608,1.1644813009826995,0.8629882722583083
1508,1.7586260837064143,0.4986825914762458,1.1488838430143846,0.755872322005556
1509,1.4963564625867407,0.6301179169259613,1.1488838430143846,0.862988272258321
1510,1.74351270723076,0.4923522774824856,1.1329697950020432,0.755872322005566
1511,1.5000616741018864,0.6128681550749226,1.1329697950020432,0.8629882722583332
1512,1.728413006379923,0.4872652604490516,1.1168640374365912,0.7558723220055753
1513,1.5049462283484256,0.5956186684484431,1.1168640374365912,0.8629882722583448
1514,1.713383306458882,0.4834796405537069,1.1006953476301518,0.7558723220055834
1515,1.5109815309154435,0.5784331357249382,1.1006953476301518,0.8629882722583564
1516,1.6984811712114873,0.481040117079565,1.0845951887188652,0.7558723220055903
1517,1.5181326817077636,0.5613809136113135,1.0845951887188652,0.8629882722583679
1518,1.6837652185617942,0.4799761821818202,1.0686963160877434,0.7558723220055963
1519,1.5263589324171503,0.5445375724227477,1.0686963160877434,0.8629882722583788
1520,1.6692949086136553,0.48030087097977997,1.053131195281601,0.7558723220056013
1521,1.5356142006141968,0.5279854204784595,1.053131195281601,0.8629882722583891
1522,1.655130302175743,0.48201019419688734,1.0380302340232623,0.7558723220056053
1523,1.5458476255824265,0.5118139782323169,1.0380302340232623,0.8629882722583994
1524,1.6413317884745242,0.4850833127721906,1.0235198424879715,0.7558723220056084
1525,1.5570041509393524,0.4961203454309077,1.0235198424879715,0.8629882722584091
1526,1.6279597812539448,0.48948343601558164,1.009720350365659,0.7558723220056108
1527,1.569025119682621,0.4810093829066735,1.009720350365659,0.8629882722584186
1528,1.6150743831483738,0.49515935048777204,0.9967438258935131,0.7558723220056124
1529,1.581848868448119,0.4665936059069363,0.9967438258935131,0.8629882722584273
1530,1.6027350190590302,0.5020474293707562,0.9846918597911756,0.7558723220056129
1531,1.595411309332362,0.45299266093222784,0.9846918597911756,0.8629882722584356
1532,1.5910000402589803,0.5100739404373723,0.9736533940983558,0.7558723220056133
1533,1.6096464894670894,0.4403322383307074,0.9736533940983558,0.8629882722584439
1534,1.5799263020818672,0.5191574669767708,0.9637026900059552,0.7558723220056128
1535,1.6244871204989926,0.42874226708131385,0.9637026900059552,0.8629882722584513
1536,1.5695687192856425,0.5292112761410555,0.9548975373461489,0.7558723220056116
1537,1.639865072097724,0.4183542581572953,0.9548975373461489,0.8629882722584582
1538,1.5599798044809237,0.5401455051342521,0.9472778091021484,0.75587232200561
1539,1.6557118254895613,0.4092977217179266,0.9472778091021484,0.8629882722584644
1540,1.5512091963158297,0.5518690783343417,0.9408644554547162,0.7558723220056083
1541,1.6719588847174998,0.4016956909735812,0.9408644554547162,0.8629882722584705
1542,1.5433031853436836,0.5642913099393009,0.9356590130448783,0.7558723220056054
1543,1.6885381448121946,0.3956595412180705,0.9356590130448783,0.8629882722584765
1544,1.5363042465853065,0.5773231817349396,0.9316436773788849,0.755872322005603
1545,1.705382217296961,0.3912834770530834,0.9316436773788849,0.8629882722584814
1546,1.5302505886474422,0.5908783115591092,0.9287819522632312,0.7558723220055994
1547,1.7224247144385858,0.3886392327320441,0.9287819522632312,0.8629882722584861
1548,1.5251757297890112,0.5971943843174059,0.9270198536677193,0.7558723220055961
1549,1.7396004944039325,0.3877716322970906,0.9270198536677193,0.8629882722584904
1550,1.5211081114634308,0.5921739897090746,0.9262876108411556,0.7558723220055924
1551,1.756845870010895,0.38869563370737686,0.9262876108411556,0.8629882722584942
1552,1.518070759553087,0.5866356178068295,0.9265017789272627,0.7558723220055883
1553,1.7740987840984286,0.39139531095287444,0.9265017789272627,0.862988272258498
1554,1.5160810027227647,0.5805850124299021,0.927567657781483,0.7558723220055835
1555,1.791298954714465,0.3958249372707526,0.927567657781483,0.8629882722585008
1556,1.5151502560568633,0.5740284785170963,0.929381902666841,0.7558723220055792
1557,1.808387993363311,0.40191199599483496,0.929381902666841,0.8629882722585035
1558,1.5152838764508314,0.5669728853085357,0.9318352138444993,0.7558723220055747
1559,1.8253094994947907,0.4095616575524487,0.9318352138444993,0.8629882722585058
1560,1.5164810941760665,0.5594256705434522,0.9348150021924887,0.75587232200557
1561,1.8420091342824043,0.41866209545141175,0.9348150021924887,0.8629882722585077
1562,1.518735022735874,0.5513948459276685,0.938207944381823,0.7558723220055652
1563,1.8584346765500341,0.42908999612841203,0.938207944381823,0.8629882722585097
1564,1.5220327467064751,0.542889004179651,0.9419023609667575,0.7558723220055604
1565,1.8745360634854804,0.4407157223997675,0.9419023609667575,0.8629882722585106
1566,1.5263554848511596,0.5339173280323125,0.9457903713315704,0.755872322005556
1567,1.8902654185399188,0.45340776338731675,0.9457903713315704,0.8629882722585117
1568,1.5316788235454812,0.5244896016527396,0.9497697986346629,0.7558723220055508
1569,1.9055770686673361,0.4670362879317357,0.9497697986346629,0.8629882722585127
1570,1.537973013580836,0.514616225048455,0.9537458142517005,0.7558723220055464
1571,1.9204275528163446,0.4814757728175901,0.9537458142517005,0.8629882722585132
1572,1.5452033218221004,0.5043082321628926,0.9576323239881279,0.7558723220055419
1573,1.934775623354991,0.4966067831287323,0.9576323239881279,0.8629882722585134
1574,1.5533304280492608,0.49357731353267553,0.9613531073370853,0.7558723220055376
1575,1.9485822418917746,0.5123170394986936,0.9613531073370853,0.8629882722585134
1576,1.5623108566443944,0.48243584459591815,0.9648427265509488,0.7558723220055331
1577,1.9618105707557558,0.5285019259648717,0.9648427265509488,0.8629882722585128
1578,1.5720974325895913,0.47089692101872715,0.968047224774328,0.7558723220055289
1579,1.9744259612168298,0.5450645857155252,0.968047224774328,0.8629882722585124
1580,1.5826397514828194,0.45897440276590207,0.9709246325633599,0.7558723220055246
1581,1.986395939364329,0.5619157320132039,0.9709246325633599,0.8629882722585118
1582,1.5938846538965528,0.44668296910813654,0.9734453004073365,0.7558723220055205
1583,1.997690190417814,0.5789732765909211,0.9734453004073365,0.862988272258511
1584,1.6057766953210637,0.4340381873679096,0.9755920719357429,0.7558723220055167
1585,2.0082805421173777,0.5961618531745758,0.9755920719357429,0.8629882722585099
1586,1.6182586040650513,0.4210565990093879,0.9773603088161433,0.7558723220055128
1587,2.0181409477308576,0.6134122922192982,0.9773603088161433,0.862988272258509
1588,1.6312717207451548,0.4077558277424285,0.9787577743210603,0.7558723220055094
1589,2.027247469120707,0.6306610854530619,0.9787577743210603,0.8629882722585078
1590,1.6447564143034172,0.39415471573216937,0.9798043784895043,0.7558723220055058
1591,2.0355782602324344,0.64784986538533,0.9798043784895043,0.8629882722585063
1592,1.6586524707794088,0.38027349591618265,0.9805317840069142,0.7558723220055024
1593,2.043113551298059,0.66492491506006,0.9805317840069142,0.862988272258505
1594,1.6728994522767566,0.3661340110163099,0.9809828686266976,0.7558723220054994
1595,2.0498356339904933,0.6818367163411527,0.9809828686266976,0.8629882722585036
1596,1.6874370246621844,0.3517599933528736,0.9812110374039538,0.7558723220054966
1597,2.055728847716803,0.6985395402508547,0.9812110374039538,0.8629882722585017
1598,1.702205253493092,0.3371774243916201,0.9812793764636276,0.7558723220054935
1599,2.0607795671986198,0.7149910797602939,0.9812793764636276,0.8629882722585003
1600,1.7171448684743242,0.32241499959284786,0.9812596397510347,0.755872322005491
1601,2.0649761914554268,0.7311521234898866,0.9812596397510347,0.8629882722584985
1602,1.7321974973938505,0.30750473330348393,0.9812310614857893,0.7558723220054889
1603,2.068309134279908,0.7469862676573796,0.9812310614857893,0.8629882722584971
1604,1.7473058709867273,0.292482751115825,0.9812789901120815,0.7558723220054866
1605,2.070770816273033,0.7624596630470307,0.9812789901120815,0.8629882722584955
1606,1.7624140005389948,0.27739033460756857,0.9814933445963077,0.7558723220054842
1607,2.0723556584892022,0.7775407935734169,0.9814933445963077,0.862988272258494
1608,1.777467330283825,0.2622753072816431,0.9819669010332125,0.7558723220054824
1609,2.0730600777276744,0.7922002830428791,0.9819669010332125,0.8629882722584922
1610,1.792412866778987,0.24719388254789196,0.9827934265628464,0.7558723220054805
1611,2.0728824834949977,0.8042936891880971,0.9827934265628464,0.8629882722584904
1612,1.8071992875056042,0.23221313580021932,0.9840656882011121,0.7558723220054792
1613,2.0718232766534204,0.7904793265484036,0.9840656882011121,0.8629882722584887
1614,1.8217770309107293,0.21741431143037265,0.9858733756800628,0.7558723220054782
1615,2.069884849761728,0.7761964669081304,0.9858733756800628,0.8629882722584873
1616,1.8360983700464262,0.20289722266994537,0.9883009888136632,0.7558723220054769
1617,2.067071589106898,0.761470649300463,0.9883009888136632,0.8629882722584855
1618,1.8501174718501263,0.18878601907267012,0.9914257500349969,0.7558723220054757
1619,2.063389878416776,0.7463292398768804,0.9914257500349969,0.8629882722584841
1620,1.863790443977095,0.17523651215770147,0.9953156102472819,0.7558723220054743
1621,2.058848104235066,0.7308015830922289,0.9953156102472819,0.8629882722584826
1622,1.8770753709460832,0.16244490780067597,1.0000274197027517,0.7558723220054735
1623,2.0534566629295226,0.7149191761225677,1.0000274197027517,0.8629882722584812
1624,1.8899323412017495,0.15065689619808226,1.0056053342564217,0.7558723220054727
1625,2.0472279692918094,0.6987158697975138,1.0056053342564217,0.8629882722584797
1626,1.9023234665385798,0.14017415335848962,1.0120795205183448,0.7558723220054724
1627,2.040176466672145,0.6822280996271912,1.0120795205183448,0.8629882722584785
1628,1.9142128951755926,0.1313521182775698,1.0194652112898368,0.755872322005472
1629,2.032318638572949,0.6654951507331814,1.0194652112898368,0.8629882722584774
1630,1.925566819622523,0.12457937208513639,1.0277621460737076,0.7558723220054715
1631,2.0236730216022725,0.6485594605871012,1.0277621460737076,0.8629882722584756
1632,1.9363534803387854,0.12022918464440786,1.0369544118893597,0.7558723220054712
1633,2.0142602196589805,0.6314669633199983,1.0369544118893597,0.8629882722584749
1634,1.946543166057694,0.11858492863377723,1.047010679020761,0.7558723220054709
1635,2.0041029191863364,0.6142674788434473,1.047010679020761,0.8629882722584737
1636,1.9561082115309996,0.11976410866145827,1.057884806725331,0.7558723220054714
1637,1.993225905287809,0.5970151489068884,1.057884806725331,0.8629882722584724
1638,1.9650229933428733,0.12368184185718513,1.069516777185126,0.7558723220054715
1639,1.9816560784472503,0.5797689202067602,1.069516777185126,0.8629882722584716
1640,1.9732639243478827,0.13007753568790728,1.0818339034696005,0.7558723220054715
1641,1.9694224715338184,0.5625930713529685,1.0818339034696005,0.8629882722584706
1642,1.9808094472037638,0.13858718102052406,1.0947522497466988,0.7558723220054716
1643,1.9565562666987604,0.545557775348348,1.0947522497466988,0.8629882722584694
1644,1.987640027396194,0.1488205606100416,1.1081781994994082,0.7558723220054718
1645,1.9430908116849444,0.5287396815696724,1.1081781994994082,0.8629882722584687
1646,1.9937381460885193,0.1604146628758023,1.122010109565634,0.7558723220054724
1647,1.9290616349693959,0.5122224902628408,1.122010109565634,0.8629882722584679
1648,1.9990882930736098,0.173058389177798,1.1361399934918772,0.7558723220054726
1649,1.9145064590426373,0.49609747746296273,1.1361399934918772,0.8629882722584671
1650,2.0036769600568145,0.18649708260754244,1.1504551858360552,0.7558723220054728
1651,1.8994652109950612,0.4804639083837526,1.1504551858360552,0.8629882722584665
1652,2.007492634457451,0.20052694575537205,1.1648399485143925,0.7558723220054733
1653,1.8839800294288507,0.4654292526157682,1.1648399485143925,0.8629882722584661
1654,2.010525793880517,0.2149861062859609,1.179176990035198,0.7558723220054737
1655,1.8680952665434445,0.4511090860555923,1.179176990035198,0.8629882722584657
1656,2.012768901379532,0.2297457167189596,1.1933488776943129,0.7558723220054744
1657,1.8518574840531659,0.43762653559476056,1.1933488776943129,0.862988272258465
1658,2.0142164016047146,0.24470237000397202,1.2072393309746154,0.7558723220054745
1659,1.8353154413882187,0.425111099652284,1.2072393309746154,0.8629882722584643
1660,2.0148647179074297,0.2597720821531113,1.2207343911915252,0.7558723220054754
1661,1.8185200744066214,0.41369667110606834,1.2207343911915252,0.8629882722584636
1662,2.0147122504510957,0.27488568429510907,1.233723467759049,0.7558723220054757
1663,1.801524462608256,0.4035186134054979,1.233723467759049,0.8629882722584632
1664,2.0137593753599594,0.28998535344918863,1.2461002653696085,0.7558723220054767
1665,1.7843837825982674,0.39470981141527983,1.2461002653696085,0.8629882722584631
1666,2.0120084449195708,0.3050220180298077,1.2577635990368403,0.755872322005477
1667,1.767155245303109,0.38739574722291054,1.2577635990368403,0.8629882722584625
1668,2.0094637888256974,0.31995341888315126,1.2686181055464851,0.7558723220054779
1669,1.7498980142089133,0.38168883543314525,1.2686181055464851,0.8629882722584625
1670,2.0061317164612875,0.33474265612473,1.2785748606144425,0.7558723220054787
1671,1.7326731016820403,0.3776824665855592,1.2785748606144425,0.8629882722584621
1672,2.0020205201630814,0.34935709474803694,1.2875519111717235,0.7558723220054792
1673,1.7155432402626314,0.37544539817802486,1.2875519111717235,0.8629882722584623
1674,1.997140479420057,0.3637675354831105,1.2954747318677693,0.7558723220054804
1675,1.6985727257145076,0.37501722997909676,1.2954747318677693,0.862988272258462
1676,1.9915038659242592,0.3779475825190509,1.3022766142595026,0.755872322005481
1677,1.6818272285931666,0.37640564277036975,1.3022766142595026,0.8629882722584618
1678,1.9851249493700749,0.3918731581402739,1.3078989963538827,0.7558723220054814
1679,1.6653735711856599,0.37958584947235396,1.3078989963538827,0.8629882722584619
1680,1.978020003869864,0.40552212770741997,1.3122917392860904,0.7558723220054822
1681,1.6492794669117452,0.3845023508837215,1.3122917392860904,0.8629882722584618
1682,1.970207314821273,0.4188740080913913,1.3154133570063564,0.7558723220054827
1683,1.633613219685802,0.39107270446668396,1.3154133570063564,0.8629882722584619
1684,1.9617071860237119,0.4319097396719389,1.3172312039558485,0.7558723220054828
1685,1.6184433813530146,0.3991927151744881,1.3172312039558485,0.8629882722584624
1686,1.9525419467975111,0.4446115070956599,1.317721624858081,0.7558723220054834
1687,1.6038383661563518,0.4087423169909553,1.317721624858081,0.8629882722584621
1688,1.9427359588082862,0.45696259769588077,1.3168700699449971,0.7558723220054842
1689,1.5898660222797114,0.4195914439234627,1.3168700699449971,0.8629882722584624
1690,1.9323156222401392,0.4689472891966251,1.3146711781737461,0.7558723220054845
1691,1.5765931618516438,0.43160534493118174,1.3146711781737461,0.8629882722584624
1692,1.9213093808936315,0.4805507603306217,1.3111288302606585,0.7558723220054849
1693,1.5640850523704866,0.4446490085333529,1.3111288302606585,0.8629882722584626
1694,1.9097477257070636,0.4917590194933884,1.306256172646676,0.7558723220054853
1695,1.552404874291206,0.45859056608989895,1.306256172646676,0.8629882722584628
1696,1.8976631961118273,0.5025588476718871,1.3000756127927422,0.7558723220054857
1697,1.5416131514376539,0.4733036991329267,1.3000756127927422,0.8629882722584632
1698,1.885090378533718,0.5129377527273931,1.2926187854605822,0.7558723220054865
1699,1.5317671628856162,0.4886691733362689,1.2926187854605822,0.8629882722584633
1700,1.8720659012418135,0.5228839327502831,1.283926488837958,0.7558723220054869
1701,1.5229203468910097,0.5045756659715601,1.283926488837958,0.8629882722584636
1702,1.858628424624691,0.5323862466917254,1.2740485884910118,0.7558723220054873
1703,1.515121709181925,0.5209200596849788,1.2740485884910118,0.8629882722584635
1704,1.8448186258408228,0.5414341908518486,1.2630438861433544,0.7558723220054874
1705,1.508415249348416,0.5376073586492861,1.2630438861433544,0.862988272258464
1706,1.8306791766468515,0.5447797556257152,1.2509799491681144,0.755872322005488
1707,1.5028394200047779,0.5545503560190809,1.2509799491681144,0.8629882722584641
1708,1.8162547130559252,0.5335164900588593,1.2379328954166195,0.7558723220054883
1709,1.4984266337345196,0.5716691524031877,1.2379328954166195,0.862988272258464
1710,1.8015917953210658,0.5230969933318086,1.223987126586474,0.7558723220054883
1711,1.4952028324577122,0.588890598370261,1.223987126586474,0.8629882722584645
1712,1.7867388565795586,0.513611830480641,1.2092350017582143,0.7558723220054888
1713,1.4931871327289645,0.6061477118132748,1.2092350017582143,0.8629882722584646
1714,1.7717461383389523,0.5051492449090166,1.1937764410319245,0.755872322005489
1715,1.492391558584904,0.6233791037101184,1.1937764410319245,0.8629882722584649
1716,1.7566656108404815,0.49779307259849825,1.1777184474336306,0.7558723220054892
1717,1.4928208709799022,0.6405284329963489,1.1777184474336306,0.8629882722584653
1718,1.741550876210373,0.49162043392080135,1.1611745335402475,0.7558723220054894
1719,1.494472499708221,0.6421919988437212,1.1611745335402475,0.8629882722584655
1720,1.7264570522145415,0.4866993157532785,1.1442640377519189,0.7558723220054894
1721,1.4973365801941976,0.6249772756680652,1.1442640377519189,0.8629882722584659
1722,1.7114406343804953,0.4830861963316418,1.1271113140509819,0.7558723220054896
1723,1.501396093861471,0.6077212483142781,1.1271113140509819,0.8629882722584659
1724,1.6965593342568834,0.4808238928581476,1.1098447787343553,0.7558723220054896
1725,1.5066271072051771,0.5904839235313448,1.1098447787343553,0.8629882722584666
1726,1.6818718916625788,0.4799398185186902,1.0925957983767327,0.75587232200549
1727,1.5129991014165785,0.573330617717166,1.0925957983767327,0.8629882722584667
1728,1.6674378589513772,0.4804448152735995,1.0754974056280584,0.7558723220054898
1729,1.5204753816454444,0.5563324844512132,1.0754974056280584,0.862988272258467
1730,1.6533173556033358,0.48233268105081084,1.0586828338563177,0.7558723220054903
1731,1.5290135528794677,0.5395670499493841,1.0586828338563177,0.8629882722584671
1732,1.6395707918666487,0.48558044099054387,1.0422838685738445,0.7558723220054903
1733,1.5385660480586816,0.5231187272764118,1.0422838685738445,0.862988272258467
1734,1.6262585607293523,0.4901493341471589,1.0264290233684172,0.7558723220054904
1735,1.5490806934480006,0.5070792654170035,1.0264290233684172,0.8629882722584671
1736,1.6134406982081242,0.4959864141716115,1.0112415607890455,0.7558723220054906
1737,1.5605012964240272,0.49154807043474164,1.0112415607890455,0.8629882722584672
1738,1.6011765128052016,0.5030266080622038,0.9968373940099522,0.7558723220054905
1739,1.5727682416046835,0.4766323131891527,0.9968373940099522,0.8629882722584674
1740,1.5895241859980263,0.5111950490605265,0.9833229222892353,0.7558723220054904
1741,1.5858190825383938,0.46244671291359324,0.9833229222892353,0.8629882722584681
1742,1.578540346772028,0.5204094994548131,0.9707928708162368,0.7558723220054906
1743,1.599589117830878,0.4491128618727315,0.9707928708162368,0.862988272258468
1744,1.5682796244539072,0.5305827017228307,0.9593282214780509,0.7558723220054905
1745,1.614011942475953,0.43675793967252435,0.9593282214780509,0.8629882722584681
1746,1.558794185405252,0.5416245337826697,0.9489943329221948,0.7558723220054905
1747,1.629019967135339,0.42551266631223494,0.9489943329221948,0.8629882722584681
1748,1.550133260434055,0.5534438870363727,0.939839353516535,0.7558723220054901
1749,1.6445449000635053,0.41550837328794576,0.939839353516535,0.8629882722584682
1750,1.54234267100163,0.5659502267883881,0.9318930272749417,0.7558723220054904
1751,1.6605181882034843,0.4068731447365253,0.9318930272749417,0.8629882722584685
1752,1.5354643633620961,0.579054828543231,0.9251659793303645,0.7558723220054901
1753,1.676871415621437,0.3997271033041558,0.9251659793303645,0.8629882722584687
1754,1.5295359605845522,0.592671708432852,0.9196495442884111,0.75587232200549
1755,1.6935366588600347,0.39417708269530927,0.9196495442884111,0.8629882722584686
1756,1.5245903428909766,0.5965721999337009,0.9153161695796675,0.7558723220054901
1757,1.7104467999546447,0.39031111493044096,0.9153161695796675,0.8629882722584689
1758,1.5206552668238205,0.5914842694882793,0.9121203900072017,0.75587232200549
1759,1.7275357987715994,0.3881933176692927,0.9121203900072017,0.862988272258469
1760,1.5177530333841296,0.5858790756728612,0.910000333271737,0.7558723220054901
1761,1.7447389270079947,0.38785983646230443,0.910000333271737,0.862988272258469
1762,1.515900214429405,0.5797624349880911,0.9088796837483988,0.75587232200549
1763,1.761992966660628,0.38931643066686555,0.9088796837483988,0.8629882722584693
1764,1.515107445299255,0.573140725417526,0.9086700069282236,0.7558723220054897
1765,1.7792363760562648,0.39253808027114767,0.9086700069282236,0.862988272258469
1766,1.5153792898912015,0.5660208897286083,0.9092733221366416,0.7558723220054897
1767,1.79640942666718,0.39747067690142585,0.9092733221366416,0.8629882722584692
1768,1.5167141823187367,0.558410439819867,0.9105848071390845,0.7558723220054895
1769,1.8134543139453052,0.4040345304977615,0.9105848071390845,0.8629882722584693
1770,1.5191044469586195,0.5503174623745388,0.9124955241588987,0.7558723220054892
1771,1.8303152453237925,0.4121291657541168,0.9124955241588987,0.862988272258469
1772,1.5225363962651253,0.5417506261375454,0.9148950705438325,0.7558723220054896
1773,1.8469385083818555,0.42163876062612615,0.9148950705438325,0.8629882722584693
1774,1.5269905033356617,0.5327191912030008,0.9176740760303532,0.7558723220054895
1775,1.8632725219691724,0.4324376023432432,0.9176740760303532,0.8629882722584692
1776,1.5324416439916875,0.5232330207869214,0.9207264893838053,0.7558723220054892
1777,1.8792678728580727,0.4443950679150323,0.9207264893838053,0.8629882722584692
1778,1.5388594012125172,0.5133025960694299,0.9239516176219225,0.7558723220054892
1779,1.8948773402496577,0.45737981803587824,0.9239516176219225,0.8629882722584691
1780,1.5462084232227655,0.5029390348289646,0.9272558991916892,0.7558723220054892
1781,1.9100559102151602,0.4712630718003615,0.9272558991916892,0.8629882722584689
1782,1.5544488254493924,0.49215411476629056,0.9305544072308775,0.7558723220054892
1783,1.9247607819145431,0.4859209705148997,0.9305544072308775,0.8629882722584693
1784,1.5635366259580559,0.4809603026397925,0.9337720899440823,0.7558723220054889
1785,1.938951367206464,0.5012361298061362,0.9337720899440823,0.862988272258469
1786,1.5734242038420951,0.4693707906207407,0.9368447622222004,0.7558723220054887
1787,1.9525892850512039,0.5170985238823883,0.9368447622222004,0.8629882722584686
1788,1.5840607703315812,0.45739954164832836,0.9397198663461805,0.7558723220054888
1789,1.9656383519132525,0.5334058558119266,0.9397198663461805,0.8629882722584689
1790,1.5953928430511732,0.44506134604692704,0.942357020538737,0.7558723220054889
1791,1.978064569194063,0.5500635561062277,0.942357020538737,0.8629882722584692
1792,1.607364714805216,0.43237189229984274,0.9447283729188467,0.7558723220054888
1793,1.9898361085681888,0.5669845296615386,0.9447283729188467,0.862988272258469
1794,1.6199189094207027,0.419347855706599,0.9468187757066082,0.7558723220054887
1795,2.0009232959571217,0.5840887458040823,0.9468187757066082,0.8629882722584689
1796,1.632996618448191,0.40600700975579956,0.9486257908860862,0.7558723220054888
1797,2.0112985947536814,0.6013027422678625,0.9486257908860862,0.8629882722584686
1798,1.6465381138292925,0.39236836652207097,0.9501595344468154,0.7558723220054886
1799,2.020936588804605,0.618559093536225,0.9501595344468154,0.8629882722584687
1800,1.6604831329201153,0.3784523543818077,0.9514423622042784,0.7558723220054884
1801,2.0298139655685903,0.6357958777259011,0.9514423622042784,0.8629882722584686
1802,1.6747712334601244,0.36428104403237876,0.9525083964067288,0.7558723220054883
1803,2.037909499790064,0.6529561638822868,0.9525083964067288,0.862988272258469
1804,1.6893421171571805,0.3498784374656441,0.9534028891998898,0.7558723220054883
1805,2.0452040379638783,0.6699875326094038,0.9534028891998898,0.8629882722584686
1806,1.7041359214980303,0.3352708395723153,0.9541814168592573,0.7558723220054883
1807,2.0516804838116025,0.6868416366963548,0.9541814168592573,0.8629882722584686
1808,1.7190934801778677,0.32048733897606363,0.9549088978249897,0.755872322005488
1809,2.0573237849447215,0.7034738041809869,0.9549088978249897,0.8629882722584682
1810,1.73415655317177,0.3055604342617574,0.9556584282913079,0.7558723220054884
1811,2.062120920852608,0.719842683565704,0.9556584282913079,0.8629882722584684
1812,1.7492680279518602,0.2905268549889031,0.9565099316860983,0.7558723220054883
1813,2.0660608923225,0.735909929236868,0.9565099316860983,0.8629882722584685
1814,1.764372093699579,0.27542864510846604,0.9575486230332255,0.7558723220054882
1815,2.0691347123737627,0.7516399242090689,0.9575486230332255,0.8629882722584682
1816,1.7794143905886284,0.26031460126545175,0.958863296001725,0.7558723220054883
1817,2.0713353987685537,0.7669995368770525,0.958863296001725,0.862988272258468
1818,1.7943421363387078,0.2452421916540198,0.9605444493038429,0.7558723220054882
1819,2.0726579681446884,0.781957908338475,0.9605444493038429,0.8629882722584681
1820,1.8091042322812823,0.23028012347358767,0.9626822796437822,0.7558723220054883
1821,2.0730994318032767,0.7964862669290995,0.9626822796437822,0.8629882722584681
1822,1.8236513511534502,0.21551177637764785,0.9653645799751482,0.7558723220054878
1823,2.0726587931727765,0.8002244760357248,0.9653645799751482,0.8629882722584681
1824,1.8379360087604923,0.20103976465509582,0.9686745934216097,0.7558723220054882
1825,2.0713370469618075,0.7862678299662191,0.9686745934216097,0.862988272258468
1826,1.851912621535696,0.18699189998085405,0.9726888836167996,0.7558723220054876
1827,2.069137180004756,0.7718501200215114,0.9726888836167996,0.8629882722584679
1828,1.8655375518895698,0.17352872012321588,0.9774752900503435,0.7558723220054878
1829,2.0660641737961427,0.7569974155502015,0.9774752900503435,0.8629882722584682
1830,1.8787691430893598,0.1608523553406561,0.9830910409371417,0.755872322005488
1831,2.0621250087014293,0.7417376558559399,0.9830910409371417,0.8629882722584682
1832,1.8915677452517938,0.14921550371137618,0.9895810950998623,0.7558723220054878
1833,2.0573286698226174,0.7261008079866224,0.9895810950998623,0.862988272258468
1834,1.9038957338733302,0.13892722767826027,0.9969767778123462,0.7558723220054878
1835,2.051686154486083,0.7101190487015925,0.9969767778123462,0.8629882722584677
1836,1.9157175221674634,0.13034894897354832,1.005294763605265,0.7558723220054879
1837,2.045210481306871,0.6938269739919037,1.005294763605265,0.8629882722584677
1838,1.926999568331134,0.12387065033182343,1.0145364425251415,0.7558723220054877
1839,2.037916700767331,0.6772618398118206,1.0145364425251415,0.8629882722584677
1840,1.9377103787241914,0.11985853143142212,1.0246876867562367,0.7558723220054879
1841,2.0298219072278507,0.6604638378769332,1.0246876867562367,0.8629882722584677
1842,1.9478205078185122,0.11857830405210218,1.0357190137946233,0.7558723220054878
1843,2.0209452522624853,0.6434764104208051,1.0357190137946233,0.8629882722584675
1844,1.9573025556574237,0.12012199856627738,1.047586122574478,0.7558723220054878
1845,2.011307959181623,0.6263466075657189,1.047586122574478,0.8629882722584677
1846,1.9661311634616543,0.12437910071140192,1.0602307619658167,0.7558723220054879
1847,2.0009333385664383,0.6091254902893035,1.0602307619658167,0.8629882722584675
1848,1.9742830079248932,0.1310709927934028,1.0735818782979174,0.7558723220054877
1849,1.9898468045945081,0.5918685806220526,1.0735818782979174,0.8629882722584677
1850,1.9817367946596522,0.13982623052370435,1.0875569807799357,0.7558723220054876
1851,1.9780758918814292,0.5746363583620545,1.0875569807799357,0.8629882722584677
1852,1.9884732511817798,0.15025576028859702,1.1020636609778225,0.7558723220054877
1853,1.965650272498248,0.5574947997972711,1.1020636609778225,0.8629882722584681
1854,1.9944751197588888,0.16200245183575596,1.1170012043605546,0.7558723220054878
1855,1.9526017727475207,0.540515948102048,1.1170012043605546,0.8629882722584676
1856,1.9997271503932021,0.17476258137106707,1.1322622374238462,0.7558723220054878
1857,1.9389643891904433,0.5237784965071979,1.1322622374238462,0.8629882722584683
1858,2.0042160941620395,0.18828853058467956,1.1477343618967024,0.755872322005488
1859,1.9247743033123121,0.5073683532192781,1.1477343618967024,0.8629882722584682
1860,2.0079306970984327,0.20238246965945214,1.1633017368763598,0.7558723220054879
1861,1.9100698940921164,0.491379140592619,1.1633017368763598,0.8629882722584676
1862,2.0108616947593014,0.21688729402578852,1.1788465793920926,0.7558723220054878
1863,1.894891747603186,0.4759125597165383,1.1788465793920926,0.8629882722584682
1864,2.0130018075984077,0.23167785313387845,1.1942505630616143,0.7558723220054875
1865,1.8792826626145398,0.4610785255745754,1.1942505630616143,0.8629882722584676
1866,2.014345737235119,0.24665356838037256,1.209396102624773,0.7558723220054878
1867,1.8632876509864165,0.4469949489112269,1.209396102624773,0.8629882722584679
1868,2.014890163687061,0.261732611923737,1.2241675189120511,0.7558723220054876
1869,1.8469539314585763,0.433787012978414,1.2241675189120511,0.862988272258468
1870,2.0146337436143513,0.2768474623890523,1.2384520841286584,0.7558723220054877
1871,1.8303309152174583,0.42158577399612135,1.2384520841286584,0.8629882722584684
1872,2.0135771096044643,0.2919415633049466,1.2521409512592352,0.755872322005488
1873,1.8134701814004104,0.41052591516562886,1.2521409512592352,0.8629882722584681
1874,2.0117228705093306,0.30696682499010836,1.2651299740718274,0.7558723220054883
1875,1.7964254404559135,0.4007425205809579,1.2651299740718274,0.8629882722584681
1876,2.009075612829213,0.3218817572333975,1.2773204258229474,0.7558723220054885
1877,1.7792524830338794,0.3923668226506488,1.2773204258229474,0.8629882722584677
1878,2.0056419031206847,0.3366500690682237,1.2886196255538303,0.7558723220054882
1879,1.7620091118380237,0.38552102304416275,1.2886196255538303,0.8629882722584681
1880,2.001430291387892,0.35123961347973015,1.2989414810280788,0.7558723220054883
1881,1.7447550536442311,0.38031248431631204,1.2989414810280788,0.862988272258468
1882,1.9964513153966081,0.3656215872261901,1.3082069570755344,0.7558723220054883
1883,1.7275518484892185,0.37682780322230247,1.3082069570755344,0.862988272258468
1884,1.990717505828637,0.37976992012272387,1.3163444775285307,0.7558723220054882
1885,1.7104627128808045,0.37512744724060315,1.3163444775285307,0.8629882722584681
1886,1.984243392169195,0.3936608058273439,1.3232902681845353,0.7558723220054884
1887,1.693552373796487,0.3752416919427505,1.3232902681845353,0.8629882722584684
1888,1.9770455091912167,0.40727233900055054,1.328988647393171,0.7558723220054883
1889,1.6768868702463293,0.37716848696855776,1.328988647393171,0.8629882722584684
1890,1.9691424038673153,0.42058423298843145,1.3333922700089764,0.7558723220054883
1891,1.6605333193077667,0.3808736026721507,1.3333922700089764,0.8629882722584684
1892,1.9605546425015403,0.43357759889549274,1.3364623296152445,0.7558723220054883
1893,1.644559643824388,0.38629303276902904,1.3364623296152445,0.8629882722584684
1894,1.951304817828239,0.446234771791422,1.3381687231326416,0.7558723220054884
1895,1.629034259428698,0.3933372588308822,1.3381687231326416,0.8629882722584682
1896,1.941417555773379,0.45853917335623284,1.338490181189337,0.755872322005488
1897,1.6140257192288523,0.4018967253254333,1.338490181189337,0.8629882722584684
1898,1.9309195215136854,0.4704752028819456,1.3374143669471352,0.7558723220054883
1899,1.5996023154144003,0.4118477861729438,1.3374143669471352,0.8629882722584682
1900,1.919839424400043,0.48202815048009023,1.3349379454431407,0.755872322005488
1901,1.5858316381997577,0.42305845785960866,1.3349379454431407,0.8629882722584681
1902,1.9082080212329189,0.49318412778072135,1.331066624905783,0.7558723220054883
1903,1.5727800939362082,0.4353934940176209,1.331066624905783,0.8629882722584682
1904,1.896058117288363,0.5039300124843912,1.325815170920475,0.7558723220054882
1905,1.560512385864858,0.44871851097538556,1.325815170920475,0.862988272258468
1906,1.8834245643928171,0.5142534039397273,1.3192073937335769,0.7558723220054885
1907,1.5490909628127372,0.4629030858321641,1.3192073937335769,0.862988272258468
1908,1.870344255233169,0.5241425875351516,1.31127610837117,0.7558723220054885
1909,1.5385754430851952,0.47782288759948244,1.31127610837117,0.862988272258468
1910,1.8568561129651922,0.5335865061640254,1.3020630665872674,0.7558723220054887
1911,1.5290220227863565,0.4933609821526944,1.3020630665872674,0.8629882722584676
1912,1.8430010750491659,0.5425747373847023,1.2916188589193005,0.7558723220054884
1913,1.5204828796879066,0.5094084828963472,1.2916188589193005,0.8629882722584676
1914,1.8288220700971467,0.5432733933992863,1.280002784291842,0.7558723220054884
1915,1.5130055854280693,0.5258647167154383,1.280002784291842,0.8629882722584677
1916,1.8143639863639165,0.5321144960716641,1.2672826836486941,0.7558723220054882
1917,1.5066325401112353,0.5426370538066727,1.2672826836486941,0.862988272258468
1918,1.7996736303559426,0.521811187336194,1.253534732988341,0.7558723220054883
1919,1.5014004441516595,0.5596405215535665,1.253534732988341,0.8629882722584677
1920,1.7847996738738323,0.5124538388568245,1.238843189914685,0.7558723220054887
1921,1.497339822338305,0.5767972938035136,1.238843189914685,0.8629882722584677
1922,1.7697925876493208,0.5041302453698617,1.2233000863915882,0.7558723220054884
1923,1.4944746145037908,0.5940361214329883,1.2233000863915882,0.8629882722584677
1924,1.754704559595012,0.4969235051901116,1.2070048588212552,0.7558723220054885
1925,1.492821845819777,0.6112917493669856,1.2070048588212552,0.8629882722584682
1926,1.7395893955630508,0.49090969050756644,1.1900639048939772,0.7558723220054885
1927,1.492391387635776,0.628504349330521,1.1900639048939772,0.8629882722584679
1928,1.7245024004187681,0.4861554256942197,1.172590054957553,0.7558723220054886
1929,1.4931858170147716,0.6456189859786634,1.172590054957553,0.862988272258468
1930,1.7095002371903625,0.4827155305199017,1.1547019440542734,0.7558723220054885
1931,1.4952003798449647,0.6370659539483084,1.1547019440542734,0.8629882722584682
1932,1.694640762071007,0.48063091050731177,1.1365232694581393,0.7558723220054883
1933,1.498423058820068,0.6198329286458537,1.1365232694581393,0.8629882722584682
1934,1.6799828331422797,0.4799268800413905,1.1181819177736483,0.7558723220054883
1935,1.5028347439099405,0.6025759690147582,1.1181819177736483,0.8629882722584679
1936,1.6655860908753348,0.48061207988785754,1.0998089457674125,0.7558723220054885
1937,1.5084094994265225,0.5853566113242278,1.0998089457674125,0.8629882722584677
1938,1.651510708766865,0.48267809978926773,1.081537400507995,0.7558723220054883
1939,1.5151149186490382,0.568241856727092,1.081537400507995,0.8629882722584677
1940,1.6378171128975179,0.48609984585347094,1.0635009675562193,0.7558723220054885
1941,1.5229125543916922,0.5513047034889345,1.0635009675562193,0.8629882722584674
1942,1.6245656697752,0.4908366140660621,1.0458324413583693,0.7558723220054882
1943,1.5317584120070262,0.5346246797498435,1.0458324413583693,0.8629882722584676
1944,1.6118163425538512,0.49683376011090175,1.0286620200664673,0.7558723220054883
1945,1.541603490185957,0.5182883436778521,1.0286620200664673,0.8629882722584677
1946,1.5996283166020844,0.5040248043632457,1.0121154379917972,0.7558723220054882
1947,1.5523943545442893,0.5023897019254414,1.0121154379917972,0.8629882722584674
1948,1.5880595964280546,0.5123337865758408,0.9963119627337932,0.7558723220054883
1949,1.5640737293203488,0.4870304772008412,0.9963119627337932,0.8629882722584676
1950,1.5771665771279364,0.5216776878178834,0.9813623002103665,0.7558723220054878
1951,1.5765810934487103,0.4723201320595511,0.9813623002103665,0.8629882722584674
1952,1.567003594782431,0.5319687623138497,0.9673664682709642,0.755872322005488
1953,1.5898532686898235,0.45837553069738285,0.9673664682709642,0.8629882722584676
1954,1.5576224615312744,0.5431166603895053,0.9544117166034815,0.7558723220054882
1955,1.6038249892394378,0.4453200978470163,0.9544117166034815,0.8629882722584675
1956,1.5490719923477376,0.5550302667663645,0.942570585009082,0.7558723220054882
1957,1.618429444170603,0.4332823211825698,0.942570585009082,0.8629882722584674
1958,1.5413975317390318,0.5676192186561979,0.931899201268763,0.755872322005488
1959,1.6335987860426968,0.4223934516161607,0.931899201268763,0.8629882722584674
1960,1.5346404896310688,0.5807951009089202,0.922435921320389,0.7558723220054877
1961,1.6492646009354364,0.4127842975224732,0.922435921320389,0.8629882722584677
1962,1.5288378964707068,0.5944723389834972,0.9142004064939582,0.7558723220054876
1963,1.6653583369454665,0.40458109615721666,0.9142004064939582,0.8629882722584677
1964,1.5240219880130559,0.5959412119318485,0.9071932144650772,0.7558723220054878
1965,1.6818116897597484,0.39790058289927493,0.9071932144650772,0.8629882722584676
1966,1.5202198302858538,0.590785834219133,0.9013959532674718,0.7558723220054876
1967,1.6985569452592317,0.3928445555643363,0.9013959532674718,0.8629882722584674
1968,1.5174529947883852,0.5851139164770872,0.896772013652605,0.755872322005488
1969,1.7155272801953922,0.3894944143558754,0.896772013652605,0.862988272258468
1970,1.5157372930686033,0.5789313479291157,0.8932678581024321,0.755872322005488
1971,1.7326570228254468,0.38790629535829674,0.8932678581024321,0.8629882722584677
1972,1.515082578442525,0.5722445796588473,0.8908148093489159,0.755872322005488
1973,1.7498818760062802,0.3881074482931569,0.8908148093489159,0.8629882722584682
1974,1.5154926208243529,0.5650606280339217,0.8893312515990786,0.7558723220054878
1975,1.7671391056573973,0.3900943985053636,0.8893312515990786,0.8629882722584677
1976,1.516965058508273,0.5573870792069758,0.8887251370731314,0.7558723220054879
1977,1.7843676977389658,0.3938331842521394,0.8887251370731314,0.862988272258468
1978,1.5194914283965582,0.549232094960725,0.8888966806408692,0.7558723220054879
1979,1.80150848698317,0.39926163108868024,0.8888966806408692,0.8629882722584681
1980,1.5230572737360129,0.5406044202223589,0.8897411262595497,0.7558723220054883
1981,1.8185042605955999,0.40629330663402025,0.8897411262595497,0.8629882722584682
1982,1.5276423260464302,0.5315133926447261,0.8911514790292295,0.755872322005488
1983,1.8352998400359783,0.41482257783069865,0.8911514790292295,0.8629882722584683
1984,1.5332207557360273,0.5219689547418265,0.8930211134240638,0.755872322005488
1985,1.8518421438185597,0.4247301156775341,0.8930211134240638,0.8629882722584683
1986,1.5397614840182876,0.5119816691790811,0.8952461886554537,0.7558723220054885
1987,1.868080234062724,0.435888253225842,0.8952461886554537,0.8629882722584682
1988,1.5472285472637186,0.5015627379613329,0.8977278233467418,0.7558723220054885
1989,1.8839653492907003,0.448165755516564,0.8977278233467418,0.8629882722584681
1990,1.555581503896608,0.49072402644239876,0.9003740014611494,0.7558723220054883
1991,1.8994509257254117,0.4614317459468477,0.9003740014611494,0.8629882722584681
1992,1.564775873402813,0.4794780933109705,0.9031011981684245,0.755872322005488
1993,1.914492609097495,0.4755587033760217,0.9031011981684245,0.8629882722584684
1994,1.5747635969369056,0.4678382280044771,0.9058357272479575,0.755872322005488
1995,1.9290482587341284,0.4904245706650875,0.9058357272479575,0.8629882722584685
1996,1.585493509362766,0.4558184973863713,0.9085148205243037,0.7558723220054883
1997,1.943077945478681,0.5059140915665553,0.9085148205243037,0.8629882722584689
1998,1.596911813265137,0.44343380402192495,0.9110874549905748,0.7558723220054883
1999,1.9565439447827417,0.5219195258241153,0.9110874549905748,0.8629882722584685
